# Blender 5.0.1
# www.blender.org
mtllib pecera_final.mtl
g pecera_Malla
v -0.528783 0.300852 0.481749
v -0.528783 0.300852 -0.567087
v 0.520053 0.308172 0.481749
v 0.520053 0.308172 -0.567087
v -0.602128 0.214459 0.555094
v -0.563961 0.262011 0.516927
v -0.563961 0.311155 0.397440
v -0.602128 0.318599 0.268983
v -0.629291 0.332141 0.118380
v -0.639182 0.338728 -0.042669
v -0.629291 0.332141 -0.203718
v -0.602128 0.318598 -0.354321
v -0.563961 0.311155 -0.482778
v -0.563961 0.262011 -0.602265
v -0.602128 0.214459 -0.640432
v -0.444474 0.295463 -0.602265
v -0.316017 0.318790 -0.640432
v -0.165414 0.352473 -0.667595
v -0.004365 0.342507 -0.677486
v 0.156684 0.335346 -0.667595
v 0.307287 0.337687 -0.640432
v 0.435744 0.319862 -0.602265
v 0.555231 0.266078 -0.602265
v 0.593398 0.215272 -0.640432
v 0.554636 0.319096 -0.482778
v 0.590424 0.338787 -0.354321
v 0.616992 0.355391 -0.203718
v 0.626883 0.361978 -0.042669
v 0.616992 0.355391 0.118380
v 0.590424 0.338787 0.268983
v 0.554636 0.319097 0.397440
v 0.555231 0.266078 0.516927
v 0.593398 0.215272 0.555094
v 0.435744 0.319862 0.516927
v 0.307287 0.337687 0.555094
v 0.156684 0.335346 0.582257
v -0.004365 0.342507 0.592148
v -0.165414 0.352473 0.582257
v -0.316017 0.318790 0.555094
v -0.444474 0.295463 0.516927
v -0.696980 0.215791 0.432991
v -0.641335 0.267906 0.409877
v -0.764577 0.209852 0.287928
v -0.696980 0.265408 0.274986
v -0.805594 0.214556 0.126741
v -0.732007 0.274618 0.120952
v -0.819459 0.218027 -0.042669
v -0.744161 0.279944 -0.042669
v -0.805594 0.214556 -0.212079
v -0.732007 0.274618 -0.206290
v -0.764577 0.209851 -0.373266
v -0.696980 0.265408 -0.360325
v -0.696980 0.215791 -0.518329
v -0.641335 0.267906 -0.495215
v -0.480025 0.215552 -0.735284
v -0.456911 0.252166 -0.679639
v -0.334962 0.224921 -0.802881
v -0.322020 0.268040 -0.735284
v -0.177375 0.176382 -0.878669
v -0.173775 0.236706 -0.843898
v -0.167986 0.297007 -0.770311
v -0.004365 0.178083 -0.893337
v -0.004365 0.240991 -0.857763
v -0.004365 0.301999 -0.782465
v 0.168645 0.176382 -0.878670
v 0.165045 0.237519 -0.843898
v 0.159256 0.296672 -0.770311
v 0.326232 0.228988 -0.802881
v 0.313290 0.287272 -0.735284
v 0.471295 0.219618 -0.735284
v 0.448181 0.272499 -0.679639
v 0.684681 0.215026 -0.518329
v 0.629631 0.268672 -0.495215
v 0.738005 0.206024 -0.373266
v 0.673382 0.269236 -0.360324
v 0.775454 0.209963 -0.212079
v 0.705435 0.279210 -0.206290
v 0.789319 0.213435 -0.042669
v 0.717590 0.284537 -0.042669
v 0.775454 0.209963 0.126741
v 0.705435 0.279210 0.120951
v 0.738006 0.206024 0.287928
v 0.673382 0.269236 0.274986
v 0.684681 0.215026 0.432991
v 0.629631 0.268672 0.409877
v 0.471295 0.219619 0.649946
v 0.448181 0.272499 0.594301
v 0.326232 0.228988 0.717543
v 0.313290 0.287272 0.649946
v 0.168645 0.176382 0.793331
v 0.165045 0.237520 0.758560
v 0.159256 0.296673 0.684973
v -0.004365 0.178083 0.807999
v -0.004365 0.240991 0.772425
v -0.004365 0.301999 0.697127
v -0.177375 0.176382 0.793332
v -0.173775 0.236706 0.758560
v -0.167986 0.297007 0.684973
v -0.334962 0.224921 0.717543
v -0.322020 0.268040 0.649946
v -0.480025 0.215552 0.649946
v -0.456911 0.252167 0.594301
v 0.448181 0.350907 -0.495215
v 0.313290 0.379424 -0.518329
v 0.159256 0.378375 -0.537393
v -0.004365 0.387175 -0.544750
v -0.167986 0.399904 -0.537393
v -0.322020 0.361628 -0.518329
v -0.456911 0.325742 -0.495215
v 0.471295 0.383156 -0.360324
v 0.326232 0.419753 -0.373266
v 0.165045 0.423040 -0.385050
v -0.004365 0.432265 -0.389845
v -0.173775 0.441316 -0.385050
v -0.334962 0.401143 -0.373266
v -0.480025 0.354930 -0.360325
v 0.490359 0.397033 -0.206290
v 0.338016 0.435670 -0.212079
v 0.170612 0.441352 -0.217647
v -0.004365 0.448026 -0.219996
v -0.179342 0.446614 -0.217647
v -0.346746 0.413807 -0.212079
v -0.499089 0.368042 -0.206290
v 0.497716 0.402963 -0.042669
v 0.342811 0.442264 -0.042669
v 0.172962 0.448648 -0.042669
v -0.004365 0.454722 -0.042669
v -0.181692 0.450657 -0.042669
v -0.351541 0.419587 -0.042669
v -0.506446 0.373971 -0.042669
v 0.490359 0.397033 0.120951
v 0.338016 0.435670 0.126741
v 0.170613 0.441352 0.132308
v -0.004365 0.448026 0.134658
v -0.179343 0.446614 0.132308
v -0.346746 0.413807 0.126741
v -0.499089 0.368042 0.120951
v 0.471295 0.383156 0.274986
v 0.326232 0.419753 0.287928
v 0.165045 0.423041 0.299712
v -0.004365 0.432265 0.304507
v -0.173775 0.441316 0.299712
v -0.334962 0.401143 0.287928
v -0.480025 0.354930 0.274986
v 0.448181 0.350907 0.409877
v 0.313290 0.379425 0.432991
v 0.159256 0.378376 0.452055
v -0.004365 0.387175 0.459412
v -0.167986 0.399904 0.452055
v -0.322020 0.361628 0.432991
v -0.456911 0.325743 0.409877
v -0.616688 0.189610 0.569654
v -0.583802 0.237998 0.536767
v -0.544276 0.286507 0.497242
v -0.544276 0.307914 0.448065
v -0.583802 0.314026 0.336898
v -0.617569 0.325281 0.195653
v -0.636643 0.336962 0.038504
v -0.636643 0.336962 -0.123842
v -0.617569 0.325281 -0.280991
v -0.583802 0.314026 -0.422236
v -0.544276 0.307913 -0.533403
v -0.544276 0.286507 -0.582580
v -0.583802 0.237998 -0.622106
v -0.616688 0.189610 -0.654992
v -0.495099 0.298734 -0.582580
v -0.383932 0.302400 -0.622106
v -0.242687 0.339041 -0.655873
v -0.085538 0.351063 -0.674947
v 0.076808 0.336543 -0.674947
v 0.233957 0.337863 -0.655873
v 0.375202 0.329771 -0.622106
v 0.486369 0.313690 -0.582580
v 0.535546 0.291703 -0.582580
v 0.575072 0.240438 -0.622106
v 0.607958 0.189711 -0.654992
v 0.535472 0.313594 -0.533403
v 0.573287 0.328091 -0.422236
v 0.605345 0.348149 -0.280991
v 0.624345 0.360212 -0.123842
v 0.624345 0.360212 0.038504
v 0.605345 0.348149 0.195653
v 0.573287 0.328091 0.336898
v 0.535472 0.313594 0.448065
v 0.535546 0.291703 0.497242
v 0.575072 0.240438 0.536768
v 0.607958 0.189711 0.569654
v 0.486369 0.313690 0.497242
v 0.375202 0.329772 0.536768
v 0.233957 0.337863 0.570535
v 0.076808 0.336543 0.589609
v -0.085538 0.351063 0.589609
v -0.242687 0.339041 0.570535
v -0.383932 0.302400 0.536768
v -0.495099 0.298734 0.497242
v -0.716174 0.190390 0.442923
v -0.671640 0.241795 0.421193
v -0.734124 0.212571 0.362934
v -0.671640 0.266160 0.345430
v -0.787293 0.187797 0.293906
v -0.734124 0.236372 0.281111
v -0.788424 0.211180 0.208869
v -0.717200 0.269085 0.199763
v -0.830229 0.191698 0.129513
v -0.772457 0.242945 0.123654
v -0.815975 0.217110 0.042552
v -0.741081 0.278557 0.039741
v -0.844651 0.194273 -0.042669
v -0.785552 0.247338 -0.042669
v -0.815975 0.217110 -0.127890
v -0.741081 0.278557 -0.125080
v -0.830229 0.191698 -0.214851
v -0.772457 0.242945 -0.208992
v -0.788424 0.211179 -0.294207
v -0.717200 0.269085 -0.285101
v -0.787293 0.187797 -0.379244
v -0.734124 0.236372 -0.366449
v -0.734124 0.212571 -0.448272
v -0.671640 0.266160 -0.430768
v -0.716174 0.190390 -0.528261
v -0.671640 0.241795 -0.506531
v -0.653022 0.215887 0.497264
v -0.605888 0.266633 0.467234
v -0.605888 0.292879 0.401040
v -0.653022 0.293977 0.270633
v -0.684250 0.305887 0.119077
v -0.695325 0.312072 -0.042669
v -0.684250 0.305887 -0.204415
v -0.653022 0.293977 -0.355971
v -0.605888 0.292879 -0.486378
v -0.605888 0.266633 -0.552573
v -0.653022 0.215887 -0.582602
v -0.489957 0.192178 -0.754478
v -0.468227 0.234092 -0.709944
v -0.409968 0.219376 -0.772428
v -0.392464 0.256556 -0.709944
v -0.340940 0.198771 -0.825597
v -0.328145 0.246658 -0.772428
v -0.255903 0.231225 -0.826728
v -0.246797 0.283730 -0.755504
v -0.176547 0.205374 -0.868533
v -0.170688 0.267350 -0.810761
v -0.091339 0.177629 -0.889665
v -0.089586 0.239971 -0.854279
v -0.086776 0.302304 -0.779385
v -0.004365 0.208051 -0.882955
v -0.004365 0.273632 -0.823856
v 0.082609 0.177629 -0.889665
v 0.080856 0.240073 -0.854279
v 0.078046 0.299786 -0.779385
v 0.167817 0.205476 -0.868533
v 0.161958 0.269240 -0.810761
v 0.247173 0.233665 -0.826728
v 0.238067 0.292766 -0.755504
v 0.332210 0.199279 -0.825597
v 0.319415 0.258720 -0.772428
v 0.401238 0.224053 -0.772428
v 0.383734 0.279801 -0.709944
v 0.481227 0.192686 -0.754478
v 0.459497 0.246292 -0.709944
v -0.544298 0.214027 -0.691326
v -0.514268 0.255516 -0.644192
v -0.448074 0.274096 -0.644192
v -0.317667 0.293253 -0.691326
v -0.166111 0.325759 -0.722554
v -0.004365 0.323589 -0.733629
v 0.157381 0.317333 -0.722555
v 0.308937 0.313843 -0.691326
v 0.439344 0.297986 -0.644192
v 0.505538 0.267716 -0.644192
v 0.535568 0.216467 -0.691326
v 0.703950 0.188189 -0.528261
v 0.659416 0.241795 -0.506531
v 0.714689 0.210275 -0.448272
v 0.653990 0.268456 -0.430768
v 0.761094 0.176794 -0.379244
v 0.707924 0.236372 -0.366449
v 0.758731 0.206682 -0.294207
v 0.691000 0.273582 -0.285101
v 0.800535 0.178494 -0.214851
v 0.742763 0.242945 -0.208992
v 0.785835 0.212517 -0.127890
v 0.714510 0.283150 -0.125080
v 0.814957 0.181068 -0.042669
v 0.755858 0.247338 -0.042669
v 0.785835 0.212517 0.042552
v 0.714510 0.283150 0.039741
v 0.800535 0.178494 0.129513
v 0.742763 0.242945 0.123654
v 0.758731 0.206682 0.208869
v 0.691000 0.273582 0.199763
v 0.761094 0.176794 0.293906
v 0.707924 0.236372 0.281111
v 0.714689 0.210275 0.362934
v 0.653989 0.268456 0.345430
v 0.703950 0.188190 0.442923
v 0.659416 0.241795 0.421193
v 0.643846 0.215893 -0.582602
v 0.596786 0.267237 -0.552573
v 0.595374 0.295690 -0.486378
v 0.635371 0.305590 -0.355971
v 0.664816 0.319701 -0.204415
v 0.675890 0.325886 -0.042669
v 0.664816 0.319701 0.119077
v 0.635371 0.305590 0.270633
v 0.595374 0.295690 0.401040
v 0.596786 0.267237 0.467234
v 0.643846 0.215893 0.497264
v 0.481227 0.192687 0.669140
v 0.459497 0.246292 0.624606
v 0.401238 0.224053 0.687090
v 0.383734 0.279801 0.624606
v 0.332210 0.199279 0.740259
v 0.319415 0.258720 0.687089
v 0.247173 0.233665 0.741390
v 0.238067 0.292766 0.670166
v 0.167817 0.205476 0.783195
v 0.161958 0.269240 0.725423
v 0.082609 0.177629 0.804327
v 0.080856 0.240073 0.768940
v 0.078046 0.299786 0.694047
v -0.004365 0.208051 0.797617
v -0.004365 0.273633 0.738518
v -0.091339 0.177629 0.804327
v -0.089586 0.239972 0.768941
v -0.086776 0.302304 0.694047
v -0.176547 0.205375 0.783195
v -0.170688 0.267350 0.725423
v -0.255903 0.231225 0.741390
v -0.246797 0.283730 0.670166
v -0.340940 0.198771 0.740259
v -0.328145 0.246658 0.687090
v -0.409968 0.219376 0.687089
v -0.392464 0.256556 0.624606
v -0.489957 0.192178 0.669140
v -0.468227 0.234093 0.624606
v 0.535568 0.216467 0.605988
v 0.505538 0.267716 0.558854
v 0.439344 0.297987 0.558854
v 0.308937 0.313843 0.605988
v 0.157381 0.317333 0.637216
v -0.004365 0.323590 0.648290
v -0.166111 0.325759 0.637216
v -0.317667 0.293253 0.605988
v -0.448074 0.274096 0.558854
v -0.514268 0.255516 0.558854
v -0.544298 0.214027 0.605988
v 0.383734 0.367502 -0.506531
v 0.238067 0.380860 -0.528958
v 0.078046 0.379994 -0.542834
v -0.086776 0.397539 -0.542834
v -0.246797 0.385201 -0.528958
v -0.392464 0.340173 -0.506531
v 0.459497 0.367968 -0.430768
v 0.319415 0.401365 -0.448272
v 0.161958 0.402710 -0.463563
v -0.004365 0.412088 -0.469630
v -0.170688 0.423831 -0.463563
v -0.328145 0.383466 -0.448272
v -0.468227 0.341273 -0.430768
v 0.401238 0.404199 -0.366449
v 0.247173 0.423814 -0.379725
v 0.080856 0.425503 -0.388577
v -0.089586 0.440812 -0.388577
v -0.255903 0.425817 -0.379725
v -0.409968 0.376386 -0.366449
v 0.481924 0.392055 -0.285101
v 0.332691 0.430129 -0.294207
v 0.168062 0.434851 -0.302766
v -0.004365 0.442868 -0.306322
v -0.176792 0.446620 -0.302766
v -0.341421 0.409892 -0.294207
v -0.490654 0.363159 -0.285101
v 0.416529 0.418461 -0.208992
v 0.255732 0.441166 -0.215097
v 0.083598 0.443943 -0.219368
v -0.092328 0.450306 -0.219368
v -0.264462 0.433817 -0.215097
v -0.425259 0.390145 -0.208992
v 0.495800 0.401092 -0.125080
v 0.341543 0.440172 -0.127890
v 0.172334 0.446389 -0.130632
v -0.004365 0.452514 -0.131800
v -0.181064 0.448805 -0.130632
v -0.350273 0.417597 -0.127890
v -0.504530 0.372100 -0.125080
v 0.422596 0.424569 -0.042669
v 0.259288 0.448178 -0.042669
v 0.084766 0.451300 -0.042669
v -0.093496 0.455426 -0.042669
v -0.268018 0.438491 -0.042669
v -0.431326 0.396151 -0.042669
v 0.495800 0.401092 0.039741
v 0.341543 0.440172 0.042552
v 0.172334 0.446389 0.045294
v -0.004365 0.452514 0.046462
v -0.181064 0.448805 0.045294
v -0.350273 0.417597 0.042552
v -0.504530 0.372100 0.039741
v 0.416529 0.418461 0.123654
v 0.255732 0.441167 0.129758
v 0.083598 0.443944 0.134030
v -0.092328 0.450306 0.134030
v -0.264462 0.433817 0.129758
v -0.425259 0.390146 0.123654
v 0.481924 0.392055 0.199763
v 0.332691 0.430129 0.208869
v 0.168062 0.434852 0.217428
v -0.004365 0.442868 0.220984
v -0.176792 0.446620 0.217428
v -0.341421 0.409892 0.208869
v -0.490654 0.363159 0.199763
v 0.401238 0.404199 0.281111
v 0.247173 0.423814 0.294387
v 0.080856 0.425503 0.303239
v -0.089586 0.440812 0.303239
v -0.255903 0.425817 0.294387
v -0.409968 0.376386 0.281111
v 0.459497 0.367968 0.345430
v 0.319415 0.401365 0.362934
v 0.161958 0.402710 0.378225
v -0.004365 0.412089 0.384292
v -0.170688 0.423832 0.378225
v -0.328145 0.383466 0.362934
v -0.468227 0.341273 0.345430
v 0.383734 0.367502 0.421193
v 0.238067 0.380860 0.443620
v 0.078046 0.379994 0.457496
v -0.086776 0.397539 0.457496
v -0.246797 0.385202 0.443620
v -0.392464 0.340173 0.421193
v 0.439344 0.336116 -0.552573
v 0.308937 0.358716 -0.582602
v 0.157381 0.355468 -0.605661
v -0.004365 0.363485 -0.614302
v -0.166111 0.376446 -0.605661
v -0.317667 0.340782 -0.582602
v -0.448074 0.311621 -0.552573
v -0.514268 0.319180 -0.486378
v -0.544298 0.337338 -0.355971
v -0.567357 0.350761 -0.204415
v -0.575998 0.357057 -0.042669
v -0.567357 0.350761 0.119077
v -0.544298 0.337338 0.270633
v -0.514268 0.319180 0.401040
v -0.448074 0.311621 0.467234
v -0.317667 0.340782 0.497264
v -0.166111 0.376446 0.520323
v -0.004365 0.363485 0.528964
v 0.157381 0.355468 0.520323
v 0.308937 0.358717 0.497264
v 0.439344 0.336116 0.467234
v 0.505464 0.336020 0.401040
v 0.535196 0.362980 0.270633
v 0.558181 0.378605 0.119077
v 0.566822 0.384900 -0.042669
v 0.558181 0.378605 -0.204415
v 0.535196 0.362980 -0.355971
v 0.505464 0.336020 -0.486378
v -0.755267 0.188892 0.370790
v -0.705915 0.238779 0.353818
v -0.812295 0.189163 0.213165
v -0.756351 0.238553 0.204037
v -0.841035 0.193588 0.043910
v -0.782249 0.246185 0.041049
v -0.841035 0.193588 -0.129248
v -0.782250 0.246185 -0.126387
v -0.812295 0.189163 -0.298503
v -0.756351 0.238553 -0.289375
v -0.755267 0.188892 -0.456128
v -0.705915 0.238779 -0.439156
v -0.669970 0.190222 0.509454
v -0.631093 0.241177 0.482369
v -0.577715 0.291586 0.454169
v -0.631093 0.292573 0.339284
v -0.670929 0.299298 0.196773
v -0.692502 0.310463 0.038839
v -0.692502 0.310463 -0.124177
v -0.670929 0.299298 -0.282111
v -0.631093 0.292573 -0.424622
v -0.577715 0.291586 -0.539508
v -0.631093 0.241177 -0.567707
v -0.669970 0.190222 -0.594792
v -0.417824 0.195196 -0.793571
v -0.400852 0.238241 -0.744219
v -0.260199 0.202349 -0.850599
v -0.251071 0.257637 -0.794655
v -0.090944 0.207353 -0.879339
v -0.088083 0.272449 -0.820554
v 0.082214 0.207366 -0.879339
v 0.079353 0.272376 -0.820554
v 0.251469 0.202654 -0.850599
v 0.242341 0.264561 -0.794655
v 0.409094 0.195781 -0.793571
v 0.392122 0.252253 -0.744219
v -0.556488 0.190217 -0.708274
v -0.529403 0.234724 -0.669397
v -0.501204 0.278919 -0.616019
v -0.386318 0.279209 -0.669397
v -0.243807 0.311796 -0.709233
v -0.085873 0.327977 -0.730806
v 0.077143 0.319496 -0.730806
v 0.235077 0.316640 -0.709233
v 0.377588 0.306270 -0.669397
v 0.492474 0.293332 -0.616019
v 0.520673 0.242044 -0.669397
v 0.547758 0.190522 -0.708274
v 0.736055 0.182290 -0.456128
v 0.686703 0.238779 -0.439156
v 0.783038 0.176234 -0.298503
v 0.727094 0.238553 -0.289375
v 0.811341 0.180384 -0.129248
v 0.752556 0.246185 -0.126387
v 0.811341 0.180384 0.043910
v 0.752556 0.246185 0.041049
v 0.783037 0.176234 0.213165
v 0.727094 0.238553 0.204037
v 0.736055 0.182290 0.370790
v 0.686703 0.238779 0.353818
v 0.660803 0.189959 -0.594792
v 0.621926 0.241482 -0.567707
v 0.568762 0.293045 -0.539508
v 0.617011 0.299785 -0.424622
v 0.651717 0.312837 -0.282111
v 0.673067 0.324277 -0.124177
v 0.673067 0.324277 0.038839
v 0.651717 0.312837 0.196773
v 0.617010 0.299785 0.339284
v 0.568762 0.293046 0.454170
v 0.621926 0.241482 0.482369
v 0.660803 0.189960 0.509454
v 0.409094 0.195781 0.708233
v 0.392122 0.252253 0.658881
v 0.251469 0.202654 0.765261
v 0.242341 0.264561 0.709317
v 0.082214 0.207366 0.794001
v 0.079353 0.272377 0.735215
v -0.090944 0.207353 0.794001
v -0.088083 0.272450 0.735215
v -0.260199 0.202349 0.765261
v -0.251071 0.257637 0.709317
v -0.417824 0.195197 0.708233
v -0.400852 0.238241 0.658881
v 0.547758 0.190522 0.622936
v 0.520673 0.242044 0.584059
v 0.492474 0.293333 0.530681
v 0.377588 0.306271 0.584059
v 0.235077 0.316641 0.623895
v 0.077143 0.319496 0.645468
v -0.085873 0.327977 0.645468
v -0.243807 0.311797 0.623895
v -0.386318 0.279209 0.584059
v -0.501204 0.278919 0.530681
v -0.529403 0.234725 0.584059
v -0.556488 0.190217 0.622936
v 0.392122 0.387373 -0.439156
v 0.242341 0.404253 -0.456721
v 0.079353 0.404835 -0.468038
v -0.088083 0.422101 -0.468038
v -0.251071 0.408302 -0.456721
v -0.400852 0.359840 -0.439156
v 0.409687 0.413546 -0.289375
v 0.251834 0.435052 -0.298869
v 0.082338 0.437430 -0.305377
v -0.091068 0.448266 -0.305377
v -0.260564 0.432379 -0.298869
v -0.418416 0.385446 -0.289375
v 0.421004 0.422600 -0.126387
v 0.258343 0.445987 -0.129372
v 0.084453 0.449015 -0.131487
v -0.093183 0.453421 -0.131487
v -0.267073 0.436592 -0.129372
v -0.429734 0.394195 -0.126387
v 0.421004 0.422600 0.041049
v 0.258343 0.445987 0.044034
v 0.084453 0.449015 0.046149
v -0.093183 0.453421 0.046149
v -0.267073 0.436592 0.044034
v -0.429734 0.394195 0.041049
v 0.409686 0.413546 0.204037
v 0.251834 0.435052 0.213530
v 0.082338 0.437430 0.220039
v -0.091068 0.448266 0.220039
v -0.260564 0.432379 0.213530
v -0.418416 0.385446 0.204037
v 0.392122 0.387374 0.353818
v 0.242341 0.404253 0.371383
v 0.079353 0.404835 0.382700
v -0.088083 0.422101 0.382700
v -0.251071 0.408302 0.371382
v -0.400852 0.359840 0.353818
v 0.492464 0.326002 -0.539508
v 0.377588 0.349129 -0.567707
v 0.235077 0.358752 -0.595585
v 0.077143 0.356593 -0.612068
v -0.085873 0.373760 -0.612068
v -0.243807 0.362698 -0.595585
v -0.386318 0.321866 -0.567707
v -0.501204 0.311008 -0.539508
v -0.529403 0.328193 -0.424622
v -0.557281 0.344848 -0.282111
v -0.573764 0.355228 -0.124177
v -0.573764 0.355228 0.038839
v -0.557281 0.344848 0.196773
v -0.529403 0.328193 0.339284
v -0.501204 0.311008 0.454170
v -0.386318 0.321866 0.482369
v -0.243807 0.362698 0.510247
v -0.085873 0.373761 0.526730
v 0.077143 0.356593 0.526730
v 0.235077 0.358752 0.510247
v 0.377588 0.349129 0.482369
v 0.492464 0.326002 0.454170
v 0.520450 0.349435 0.339284
v 0.548114 0.372416 0.196773
v 0.564588 0.383072 0.038839
v 0.564588 0.383072 -0.124177
v 0.548114 0.372416 -0.282111
v 0.520450 0.349435 -0.424622
v -0.004365 0.066658 -0.985511
v -0.004365 2.086220 -0.922158
v 0.088050 0.066658 -0.980971
v 0.081840 2.086220 -0.917923
v 0.179574 0.066658 -0.967394
v 0.167215 2.086220 -0.905259
v 0.269328 0.066658 -0.944912
v 0.250937 2.086220 -0.884288
v 0.356445 0.066658 -0.913741
v 0.332201 2.086220 -0.855211
v 0.440088 0.066658 -0.874181
v 0.410223 2.086220 -0.818309
v 0.519450 0.066658 -0.826613
v 0.484253 2.086220 -0.773938
v 0.593767 0.066658 -0.771496
v 0.553577 2.086220 -0.722524
v 0.662325 0.066658 -0.709359
v 0.617528 2.086220 -0.664562
v 0.724462 0.066658 -0.640802
v 0.675489 2.086220 -0.600611
v 0.779579 0.066658 -0.566484
v 0.726903 2.086220 -0.531287
v 0.827147 0.066658 -0.487122
v 0.771275 2.086220 -0.457258
v 0.866707 0.066658 -0.403479
v 0.808177 2.086220 -0.379235
v 0.897878 0.066658 -0.316361
v 0.837253 2.086220 -0.297971
v 0.920360 0.066658 -0.226608
v 0.858225 2.086220 -0.214249
v 0.933937 0.066658 -0.135084
v 0.870889 2.086220 -0.128874
v 0.938477 0.066658 -0.042669
v 0.875124 2.086220 -0.042669
v 0.933937 0.066658 0.049746
v 0.870889 2.086220 0.043536
v 0.920360 0.066658 0.141271
v 0.858225 2.086220 0.128911
v 0.897878 0.066658 0.231024
v 0.837253 2.086220 0.212633
v 0.866707 0.066658 0.318141
v 0.808177 2.086220 0.293897
v 0.827147 0.066658 0.401784
v 0.771275 2.086220 0.371919
v 0.779579 0.066659 0.481146
v 0.726903 2.086220 0.445949
v 0.724461 0.066659 0.555464
v 0.675489 2.086220 0.515272
v 0.662325 0.066659 0.624021
v 0.617527 2.086220 0.579224
v 0.593767 0.066659 0.686158
v 0.553577 2.086220 0.637185
v 0.519449 0.066659 0.741276
v 0.484253 2.086220 0.688599
v 0.440087 0.066659 0.788844
v 0.410223 2.086220 0.732971
v 0.356444 0.066659 0.828404
v 0.332200 2.086220 0.769872
v 0.269327 0.066659 0.859575
v 0.250937 2.086220 0.798949
v 0.179574 0.066659 0.882057
v 0.167214 2.086220 0.819921
v 0.088049 0.066659 0.895633
v 0.081839 2.086220 0.832584
v -0.004366 0.066659 0.900173
v -0.004366 2.086220 0.836819
v -0.096780 0.066659 0.895633
v -0.090571 2.086220 0.832584
v -0.188305 0.066659 0.882056
v -0.175946 2.086220 0.819920
v -0.278058 0.066659 0.859574
v -0.259668 2.086220 0.798949
v -0.365176 0.066659 0.828403
v -0.340932 2.086220 0.769872
v -0.448818 0.066659 0.788843
v -0.418954 2.086220 0.732970
v -0.528181 0.066659 0.741275
v -0.492984 2.086220 0.688599
v -0.602498 0.066659 0.686157
v -0.562308 2.086220 0.637184
v -0.671056 0.066659 0.624020
v -0.626258 2.086220 0.579223
v -0.733192 0.066659 0.555463
v -0.684220 2.086220 0.515272
v -0.788310 0.066659 0.481145
v -0.735634 2.086220 0.445948
v -0.835878 0.066658 0.401783
v -0.780005 2.086220 0.371918
v -0.875437 0.066658 0.318141
v -0.816907 2.086220 0.293896
v -0.906608 0.066658 0.231023
v -0.845983 2.086220 0.212633
v -0.929090 0.066658 0.141270
v -0.866955 2.086220 0.128910
v -0.942667 0.066658 0.049746
v -0.879619 2.086220 0.043536
v -0.947207 0.066658 -0.042669
v -0.883854 2.086220 -0.042669
v -0.942667 0.066658 -0.135083
v -0.879619 2.086220 -0.128874
v -0.929091 0.066658 -0.226608
v -0.866955 2.086220 -0.214248
v -0.906609 0.066658 -0.316361
v -0.845984 2.086220 -0.297971
v -0.875438 0.066658 -0.403478
v -0.816907 2.086220 -0.379234
v -0.835878 0.066658 -0.487120
v -0.780006 2.086220 -0.457256
v -0.788310 0.066658 -0.566483
v -0.735634 2.086220 -0.531286
v -0.733193 0.066658 -0.640800
v -0.684220 2.086220 -0.600610
v -0.671056 0.066658 -0.709358
v -0.626259 2.086220 -0.664561
v -0.602499 0.066658 -0.771494
v -0.562308 2.086220 -0.722522
v -0.528182 0.066658 -0.826612
v -0.492985 2.086220 -0.773937
v -0.448820 0.066658 -0.874180
v -0.418955 2.086220 -0.818308
v -0.365177 0.066658 -0.913740
v -0.340933 2.086220 -0.855210
v -0.278060 0.066658 -0.944912
v -0.259670 2.086220 -0.884287
v -0.188307 0.066658 -0.967394
v -0.175948 2.086220 -0.905259
v -0.096783 0.066658 -0.980970
v -0.090573 2.086220 -0.917923
v -0.004365 0.174896 -0.994680
v 0.088948 0.174896 -0.990096
v 0.181363 0.174896 -0.976387
v 0.271989 0.174896 -0.953687
v 0.359954 0.174896 -0.922212
v 0.444410 0.174896 -0.882268
v 0.524544 0.174896 -0.834237
v 0.599584 0.174896 -0.778583
v 0.668808 0.174896 -0.715842
v 0.731549 0.174896 -0.646618
v 0.787203 0.174896 -0.571578
v 0.835234 0.174896 -0.491444
v 0.875178 0.174896 -0.406988
v 0.906653 0.174896 -0.319023
v 0.929353 0.174896 -0.228397
v 0.943062 0.174896 -0.135982
v 0.947646 0.174896 -0.042669
v 0.943062 0.174896 0.050645
v 0.929353 0.174896 0.143059
v 0.906653 0.174896 0.233685
v 0.875178 0.174896 0.321650
v 0.835234 0.174896 0.406106
v 0.787203 0.174896 0.486240
v 0.731549 0.174896 0.561281
v 0.668808 0.174896 0.630505
v 0.599584 0.174896 0.693246
v 0.524544 0.174896 0.748900
v 0.444409 0.174896 0.796930
v 0.359953 0.174896 0.836875
v 0.271989 0.174896 0.868349
v 0.181362 0.174896 0.891049
v 0.088948 0.174896 0.904758
v -0.004366 0.174896 0.909342
v -0.097679 0.174896 0.904758
v -0.190094 0.174896 0.891049
v -0.280720 0.174896 0.868348
v -0.368685 0.174896 0.836874
v -0.453141 0.174896 0.796929
v -0.533275 0.174896 0.748899
v -0.608315 0.174896 0.693245
v -0.677539 0.174896 0.630504
v -0.740280 0.174896 0.561280
v -0.795934 0.174896 0.486239
v -0.843964 0.174896 0.406105
v -0.883909 0.174896 0.321649
v -0.915383 0.174896 0.233685
v -0.938083 0.174896 0.143059
v -0.951792 0.174896 0.050645
v -0.956376 0.174896 -0.042669
v -0.951792 0.174896 -0.135982
v -0.938083 0.174896 -0.228396
v -0.915383 0.174896 -0.319022
v -0.883909 0.174896 -0.406987
v -0.843964 0.174896 -0.491443
v -0.795934 0.174896 -0.571577
v -0.740281 0.174896 -0.646617
v -0.677540 0.174896 -0.715841
v -0.608316 0.174896 -0.778582
v -0.533276 0.174896 -0.834236
v -0.453142 0.174896 -0.882267
v -0.368686 0.174896 -0.922211
v -0.280722 0.174896 -0.953686
v -0.190096 0.174896 -0.976387
v -0.097682 0.174896 -0.990095
v -0.004365 1.975143 -0.994680
v 0.088948 1.975143 -0.990096
v 0.181363 1.975143 -0.976388
v 0.271989 1.975143 -0.953687
v 0.359954 1.975143 -0.922213
v 0.444410 1.975143 -0.882268
v 0.524544 1.975143 -0.834237
v 0.599584 1.975144 -0.778584
v 0.668808 1.975144 -0.715843
v 0.731549 1.975144 -0.646619
v 0.787203 1.975144 -0.571579
v 0.835234 1.975144 -0.491444
v 0.875178 1.975144 -0.406988
v 0.906653 1.975144 -0.319023
v 0.929353 1.975144 -0.228397
v 0.943062 1.975144 -0.135983
v 0.947646 1.975144 -0.042669
v 0.943062 1.975144 0.050644
v 0.929353 1.975144 0.143059
v 0.906653 1.975144 0.233685
v 0.875178 1.975144 0.321650
v 0.835234 1.975144 0.406106
v 0.787203 1.975144 0.486240
v 0.731549 1.975144 0.561280
v 0.668808 1.975144 0.630504
v 0.599584 1.975144 0.693245
v 0.524544 1.975144 0.748899
v 0.444409 1.975144 0.796930
v 0.359953 1.975144 0.836874
v 0.271989 1.975144 0.868349
v 0.181362 1.975144 0.891048
v 0.088948 1.975144 0.904757
v -0.004366 1.975144 0.909342
v -0.097679 1.975144 0.904757
v -0.190094 1.975144 0.891048
v -0.280720 1.975144 0.868347
v -0.368685 1.975144 0.836874
v -0.453141 1.975144 0.796928
v -0.533275 1.975144 0.748898
v -0.608315 1.975144 0.693244
v -0.677539 1.975144 0.630503
v -0.740280 1.975144 0.561279
v -0.795934 1.975144 0.486239
v -0.843964 1.975144 0.406105
v -0.883909 1.975144 0.321649
v -0.915383 1.975144 0.233685
v -0.938083 1.975144 0.143059
v -0.951792 1.975144 0.050644
v -0.956376 1.975144 -0.042669
v -0.951792 1.975144 -0.135982
v -0.938083 1.975144 -0.228397
v -0.915383 1.975144 -0.319023
v -0.883909 1.975144 -0.406987
v -0.843964 1.975144 -0.491443
v -0.795934 1.975144 -0.571577
v -0.740281 1.975144 -0.646617
v -0.677540 1.975144 -0.715841
v -0.608316 1.975144 -0.778582
v -0.533276 1.975143 -0.834237
v -0.453142 1.975143 -0.882267
v -0.368686 1.975143 -0.922212
v -0.280722 1.975143 -0.953686
v -0.190096 1.975143 -0.976388
v -0.097682 1.975143 -0.990096
v -0.004365 0.066777 -1.020603
v 0.091489 0.066777 -1.015894
v 0.091489 0.167148 -1.015894
v 0.186420 0.066777 -1.001812
v 0.186420 0.167148 -1.001812
v 0.279514 0.066777 -0.978493
v 0.279514 0.167148 -0.978493
v 0.369874 0.066777 -0.946162
v 0.369874 0.167148 -0.946162
v 0.456630 0.066777 -0.905130
v 0.456630 0.167148 -0.905130
v 0.538946 0.066777 -0.855791
v 0.538946 0.167148 -0.855791
v 0.616030 0.066777 -0.798622
v 0.616030 0.167148 -0.798622
v 0.687139 0.066777 -0.734173
v 0.687139 0.167148 -0.734173
v 0.751588 0.066777 -0.663064
v 0.751588 0.167148 -0.663064
v 0.808757 0.066777 -0.585980
v 0.808757 0.167148 -0.585980
v 0.858096 0.066777 -0.503664
v 0.858096 0.167148 -0.503664
v 0.899128 0.066777 -0.416908
v 0.899128 0.167149 -0.416908
v 0.931459 0.066777 -0.326548
v 0.931459 0.167149 -0.326548
v 0.954778 0.066777 -0.233454
v 0.954778 0.167149 -0.233454
v 0.968860 0.066777 -0.138523
v 0.968860 0.167149 -0.138523
v 0.973569 0.066777 -0.042669
v 0.973569 0.167149 -0.042669
v 0.968860 0.066777 0.053185
v 0.968860 0.167149 0.053185
v 0.954778 0.066777 0.148117
v 0.954778 0.167149 0.148117
v 0.931459 0.066777 0.241210
v 0.931459 0.167149 0.241210
v 0.899128 0.066777 0.331570
v 0.899128 0.167149 0.331570
v 0.858095 0.066777 0.418326
v 0.858095 0.167149 0.418326
v 0.808757 0.066777 0.500642
v 0.808757 0.167149 0.500642
v 0.751588 0.066777 0.577726
v 0.751588 0.167149 0.577726
v 0.687138 0.066777 0.648835
v 0.687138 0.167149 0.648835
v 0.616029 0.066777 0.713284
v 0.616029 0.167149 0.713284
v 0.538946 0.066777 0.770454
v 0.538946 0.167149 0.770454
v 0.456629 0.066777 0.819792
v 0.456629 0.167149 0.819792
v 0.369873 0.066777 0.860824
v 0.369873 0.167149 0.860824
v 0.279514 0.066777 0.893155
v 0.279514 0.167149 0.893155
v 0.186420 0.066777 0.916474
v 0.186420 0.167149 0.916474
v 0.091489 0.066777 0.930556
v 0.091489 0.167149 0.930556
v -0.004366 0.066777 0.935265
v -0.004366 0.167149 0.935265
v -0.100220 0.066777 0.930556
v -0.100220 0.167149 0.930556
v -0.195151 0.066777 0.916474
v -0.195151 0.167149 0.916474
v -0.288245 0.066777 0.893155
v -0.288245 0.167149 0.893155
v -0.378605 0.066777 0.860824
v -0.378605 0.167149 0.860824
v -0.465361 0.066777 0.819791
v -0.465361 0.167149 0.819791
v -0.547677 0.066777 0.770453
v -0.547677 0.167149 0.770453
v -0.624760 0.066777 0.713283
v -0.624760 0.167149 0.713283
v -0.695869 0.066777 0.648834
v -0.695869 0.167149 0.648834
v -0.760319 0.066777 0.577725
v -0.760319 0.167149 0.577725
v -0.817488 0.066777 0.500641
v -0.817488 0.167149 0.500641
v -0.866826 0.066777 0.418325
v -0.866826 0.167149 0.418325
v -0.907858 0.066777 0.331570
v -0.907858 0.167149 0.331570
v -0.940189 0.066777 0.241210
v -0.940189 0.167149 0.241210
v -0.963508 0.066777 0.148116
v -0.963508 0.167149 0.148116
v -0.977590 0.066777 0.053186
v -0.977590 0.167149 0.053185
v -0.982299 0.066777 -0.042669
v -0.982299 0.167149 -0.042669
v -0.977590 0.066777 -0.138523
v -0.977590 0.167149 -0.138523
v -0.963508 0.066777 -0.233454
v -0.963508 0.167149 -0.233454
v -0.940190 0.066777 -0.326547
v -0.940190 0.167149 -0.326547
v -0.907858 0.066777 -0.416907
v -0.907858 0.167149 -0.416907
v -0.866826 0.066777 -0.503663
v -0.866826 0.167148 -0.503663
v -0.817488 0.066777 -0.585979
v -0.817488 0.167148 -0.585979
v -0.760319 0.066777 -0.663062
v -0.760319 0.167148 -0.663062
v -0.695870 0.066777 -0.734171
v -0.695870 0.167148 -0.734171
v -0.624761 0.066777 -0.798621
v -0.624761 0.167148 -0.798621
v -0.547678 0.066777 -0.855790
v -0.547678 0.167148 -0.855790
v -0.465362 0.066777 -0.905128
v -0.465362 0.167148 -0.905128
v -0.378607 0.066777 -0.946161
v -0.378607 0.167148 -0.946161
v -0.288247 0.066777 -0.978492
v -0.288247 0.167148 -0.978492
v -0.195153 0.066777 -1.001811
v -0.195153 0.167148 -1.001811
v -0.100223 0.066777 -1.015893
v -0.100223 0.167148 -1.015893
v -0.004365 0.167148 -1.020603
v 0.091489 2.086552 -1.015894
v -0.004365 2.086552 -1.020603
v -0.004365 1.981710 -1.020603
v 0.186420 2.086552 -1.001812
v 0.279514 2.086552 -0.978494
v 0.369874 2.086552 -0.946162
v 0.456630 2.086552 -0.905130
v 0.538946 2.086552 -0.855792
v 0.616030 2.086552 -0.798622
v 0.687139 2.086552 -0.734173
v 0.751588 2.086552 -0.663064
v 0.808757 2.086552 -0.585980
v 0.858096 2.086552 -0.503664
v 0.899128 2.086552 -0.416908
v 0.931459 2.086552 -0.326548
v 0.954778 2.086552 -0.233455
v 0.968860 2.086552 -0.138523
v 0.973569 2.086552 -0.042669
v 0.968860 2.086552 0.053185
v 0.954778 2.086552 0.148116
v 0.931459 2.086552 0.241210
v 0.899128 2.086552 0.331570
v 0.858095 2.086552 0.418326
v 0.808757 2.086552 0.500642
v 0.751588 2.086552 0.577726
v 0.687138 2.086552 0.648835
v 0.616029 2.086552 0.713284
v 0.538946 2.086552 0.770453
v 0.456629 2.086552 0.819791
v 0.369873 2.086552 0.860823
v 0.279514 2.086552 0.893154
v 0.186420 2.086552 0.916473
v 0.091489 2.086552 0.930554
v -0.004366 2.086552 0.935263
v -0.100220 2.086552 0.930554
v -0.195151 2.086552 0.916473
v -0.288245 2.086552 0.893154
v -0.378605 2.086552 0.860822
v -0.465361 2.086552 0.819791
v -0.547677 2.086552 0.770452
v -0.624760 2.086552 0.713283
v -0.695869 2.086552 0.648832
v -0.760319 2.086552 0.577725
v -0.817488 2.086552 0.500641
v -0.866826 2.086552 0.418325
v -0.907858 2.086552 0.331569
v -0.940189 2.086552 0.241210
v -0.963508 2.086552 0.148116
v -0.977590 2.086552 0.053185
v -0.982299 2.086552 -0.042669
v -0.977590 2.086552 -0.138523
v -0.963508 2.086552 -0.233454
v -0.940190 2.086552 -0.326548
v -0.907858 2.086552 -0.416907
v -0.866826 2.086552 -0.503663
v -0.817488 2.086552 -0.585979
v -0.760319 2.086552 -0.663063
v -0.695870 2.086552 -0.734172
v -0.624761 2.086552 -0.798621
v -0.547678 2.086552 -0.855790
v -0.465362 2.086552 -0.905129
v -0.378607 2.086552 -0.946161
v -0.288247 2.086552 -0.978493
v -0.195153 2.086552 -1.001812
v -0.100223 2.086552 -1.015894
v 0.091489 1.981710 -1.015894
v 0.186420 1.981710 -1.001812
v 0.279514 1.981710 -0.978494
v 0.369874 1.981710 -0.946162
v 0.456630 1.981710 -0.905130
v 0.538946 1.981710 -0.855792
v 0.616030 1.981710 -0.798622
v 0.687139 1.981711 -0.734173
v 0.751588 1.981711 -0.663064
v 0.808757 1.981711 -0.585980
v 0.858096 1.981711 -0.503664
v 0.899128 1.981711 -0.416908
v 0.931459 1.981711 -0.326548
v 0.954778 1.981711 -0.233455
v 0.968860 1.981711 -0.138523
v 0.973569 1.981711 -0.042669
v 0.968860 1.981711 0.053185
v 0.954778 1.981711 0.148116
v 0.931459 1.981711 0.241210
v 0.899128 1.981711 0.331570
v 0.858095 1.981711 0.418326
v 0.808757 1.981711 0.500642
v 0.751588 1.981711 0.577726
v 0.687138 1.981711 0.648835
v 0.616029 1.981711 0.713284
v 0.538946 1.981711 0.770453
v 0.456629 1.981711 0.819791
v 0.369873 1.981711 0.860823
v 0.279514 1.981711 0.893154
v 0.186420 1.981711 0.916473
v 0.091489 1.981711 0.930556
v -0.004366 1.981711 0.935263
v -0.100220 1.981711 0.930554
v -0.195151 1.981711 0.916473
v -0.288245 1.981711 0.893154
v -0.378605 1.981711 0.860822
v -0.465361 1.981711 0.819791
v -0.547677 1.981711 0.770452
v -0.624760 1.981711 0.713283
v -0.695869 1.981711 0.648834
v -0.760319 1.981711 0.577725
v -0.817488 1.981711 0.500641
v -0.866826 1.981711 0.418325
v -0.907858 1.981711 0.331569
v -0.940189 1.981711 0.241210
v -0.963508 1.981711 0.148116
v -0.977590 1.981711 0.053185
v -0.982299 1.981711 -0.042669
v -0.977590 1.981711 -0.138523
v -0.963508 1.981711 -0.233454
v -0.940190 1.981711 -0.326548
v -0.907858 1.981711 -0.416907
v -0.866826 1.981711 -0.503663
v -0.817488 1.981711 -0.585979
v -0.760319 1.981711 -0.663063
v -0.695870 1.981711 -0.734172
v -0.624761 1.981710 -0.798621
v -0.547678 1.981710 -0.855790
v -0.465362 1.981710 -0.905129
v -0.378607 1.981710 -0.946161
v -0.288247 1.981710 -0.978493
v -0.195153 1.981710 -1.001812
v -0.100223 1.981710 -1.015894
v 0.088050 2.086220 -0.980971
v -0.004365 2.086220 -0.985511
v 0.179574 2.086220 -0.967395
v 0.269328 2.086220 -0.944913
v 0.356445 2.086220 -0.913742
v 0.440088 2.086220 -0.874182
v 0.519450 2.086220 -0.826614
v 0.593767 2.086220 -0.771496
v 0.662325 2.086220 -0.709359
v 0.724462 2.086220 -0.640803
v 0.779579 2.086220 -0.566484
v 0.827147 2.086220 -0.487122
v 0.866707 2.086220 -0.403479
v 0.897878 2.086220 -0.316362
v 0.920360 2.086220 -0.226609
v 0.933937 2.086220 -0.135084
v 0.938477 2.086220 -0.042669
v 0.933937 2.086220 0.049746
v 0.920360 2.086220 0.141270
v 0.897878 2.086220 0.231023
v 0.866707 2.086220 0.318141
v 0.827147 2.086220 0.401784
v 0.779579 2.086220 0.481146
v 0.724461 2.086220 0.555463
v 0.662325 2.086220 0.624021
v 0.593767 2.086220 0.686158
v 0.519449 2.086220 0.741275
v 0.440087 2.086220 0.788842
v 0.356444 2.086220 0.828403
v 0.269327 2.086220 0.859574
v 0.179574 2.086220 0.882056
v 0.088049 2.086220 0.895633
v -0.004366 2.086220 0.900172
v -0.096780 2.086220 0.895632
v -0.188305 2.086220 0.882056
v -0.278058 2.086220 0.859574
v -0.365176 2.086220 0.828403
v -0.448818 2.086220 0.788842
v -0.528181 2.086220 0.741273
v -0.602498 2.086220 0.686157
v -0.671056 2.086220 0.624020
v -0.733192 2.086220 0.555462
v -0.788310 2.086220 0.481145
v -0.835878 2.086220 0.401783
v -0.875437 2.086220 0.318140
v -0.906608 2.086220 0.231023
v -0.929090 2.086220 0.141270
v -0.942667 2.086220 0.049746
v -0.947207 2.086220 -0.042669
v -0.942667 2.086220 -0.135083
v -0.929091 2.086220 -0.226608
v -0.906609 2.086220 -0.316361
v -0.875438 2.086220 -0.403478
v -0.835878 2.086220 -0.487121
v -0.788310 2.086220 -0.566483
v -0.733193 2.086220 -0.640801
v -0.671056 2.086220 -0.709358
v -0.602499 2.086220 -0.771495
v -0.528182 2.086220 -0.826612
v -0.448820 2.086220 -0.874180
v -0.365177 2.086220 -0.913741
v -0.278060 2.086220 -0.944912
v -0.188307 2.086220 -0.967394
v -0.096783 2.086220 -0.980971
v 0.081840 0.175059 -0.917923
v -0.004365 0.175059 -0.922158
v 0.167215 0.175059 -0.905259
v 0.250937 0.175059 -0.884287
v 0.332201 0.175059 -0.855211
v 0.410223 0.175059 -0.818309
v 0.484253 0.175059 -0.773937
v 0.553577 0.175059 -0.722523
v 0.617528 0.175059 -0.664562
v 0.675489 0.175059 -0.600611
v 0.726903 0.175059 -0.531287
v 0.771275 0.175059 -0.457257
v 0.808177 0.175059 -0.379235
v 0.837254 0.175059 -0.297971
v 0.858225 0.175059 -0.214249
v 0.870889 0.175059 -0.128874
v 0.875124 0.175059 -0.042669
v 0.870889 0.175059 0.043536
v 0.858225 0.175059 0.128911
v 0.837253 0.175059 0.212633
v 0.808177 0.175059 0.293897
v 0.771275 0.175059 0.371919
v 0.726903 0.175059 0.445949
v 0.675489 0.175059 0.515273
v 0.617528 0.175059 0.579224
v 0.553577 0.175059 0.637185
v 0.484253 0.175059 0.688600
v 0.410223 0.175059 0.732971
v 0.332200 0.175059 0.769873
v 0.250937 0.175059 0.798950
v 0.167214 0.175059 0.819921
v 0.081839 0.175059 0.832585
v -0.004366 0.175059 0.836820
v -0.090571 0.175059 0.832585
v -0.175945 0.175059 0.819921
v -0.259668 0.175059 0.798949
v -0.340932 0.175059 0.769872
v -0.418954 0.175059 0.732971
v -0.492983 0.175059 0.688599
v -0.562308 0.175059 0.637185
v -0.626258 0.175059 0.579223
v -0.684220 0.175059 0.515272
v -0.735634 0.175059 0.445948
v -0.780005 0.175059 0.371919
v -0.816907 0.175059 0.293897
v -0.845983 0.175059 0.212633
v -0.866955 0.175059 0.128911
v -0.879619 0.175059 0.043536
v -0.883854 0.175059 -0.042669
v -0.879619 0.175059 -0.128873
v -0.866955 0.175059 -0.214248
v -0.845984 0.175059 -0.297970
v -0.816907 0.175059 -0.379234
v -0.780005 0.175059 -0.457256
v -0.735634 0.175059 -0.531286
v -0.684220 0.175059 -0.600610
v -0.626259 0.175059 -0.664560
v -0.562308 0.175059 -0.722522
v -0.492985 0.175059 -0.773936
v -0.418955 0.175059 -0.818308
v -0.340933 0.175059 -0.855210
v -0.259670 0.175059 -0.884287
v -0.175947 0.175059 -0.905258
v -0.090573 0.175059 -0.917923
v 0.761966 0.175059 0.294050
v 0.739136 0.175059 0.371615
v 0.708431 0.175059 0.444883
v 0.665012 0.175059 0.512307
v 0.611436 0.175059 0.573132
v 0.550708 0.175059 0.627246
v 0.483786 0.175059 0.674617
v 0.411272 0.175059 0.715111
v 0.333968 0.175059 0.748581
v 0.252782 0.175059 0.774865
v -0.342694 0.175059 0.748563
v -0.419990 0.175059 0.715073
v -0.261512 0.175059 0.774864
v -0.559417 0.175059 0.627216
v -0.492495 0.175059 0.674572
v -0.760859 0.175059 0.372561
v -0.793408 0.175059 0.295198
v -0.721255 0.175059 0.445297
v -0.674233 0.175059 0.512372
v -0.620157 0.175059 0.573123
v 0.802351 0.175059 -0.214964
v 0.783661 0.175059 -0.298568
v 0.814125 0.175059 -0.129330
v 0.818085 0.175059 -0.042669
v 0.814126 0.175059 0.043992
v 0.802351 0.175059 0.129626
v 0.783661 0.175059 0.213230
v -0.838701 0.175059 -0.215543
v -0.819512 0.175059 -0.299490
v -0.850344 0.175059 -0.129604
v -0.854250 0.175059 -0.042669
v -0.850344 0.175059 0.044266
v -0.838701 0.175059 0.130205
v -0.819512 0.175059 0.214152
v 0.761966 0.175059 -0.379388
v 0.739136 0.175059 -0.456953
v 0.708431 0.175059 -0.530221
v 0.665012 0.175059 -0.597645
v -0.674233 0.175059 -0.597710
v -0.721255 0.175059 -0.530635
v -0.760859 0.175059 -0.457899
v -0.793408 0.175059 -0.380536
v -0.620157 0.175059 -0.658461
v 0.611436 0.175059 -0.658470
v -0.559417 0.175059 -0.712554
v 0.550708 0.175059 -0.712584
v 0.483786 0.175059 -0.759955
v -0.492495 0.175059 -0.759910
v 0.411272 0.175059 -0.800449
v 0.333968 0.175059 -0.833919
v -0.419990 0.175059 -0.800411
v -0.342694 0.175059 -0.833901
v 0.252782 0.175059 -0.860204
v -0.261512 0.175059 -0.860201
v -0.004365 2.077959 -1.020603
v 0.091489 2.077959 -1.015894
v 0.186420 2.077959 -1.001812
v 0.279514 2.077959 -0.978494
v 0.369874 2.077959 -0.946162
v 0.456630 2.077959 -0.905130
v 0.538946 2.077959 -0.855792
v 0.616030 2.077959 -0.798622
v 0.687139 2.077959 -0.734173
v 0.751588 2.077959 -0.663064
v 0.808757 2.077959 -0.585980
v 0.858096 2.077959 -0.503664
v 0.899128 2.077959 -0.416908
v 0.931459 2.077959 -0.326548
v 0.954778 2.077959 -0.233455
v 0.968860 2.077959 -0.138523
v 0.973569 2.077959 -0.042669
v 0.968860 2.077959 0.053185
v 0.954778 2.077959 0.148116
v 0.931459 2.077959 0.241210
v 0.899128 2.077959 0.331570
v 0.858095 2.077959 0.418326
v 0.808757 2.077959 0.500642
v 0.751588 2.077959 0.577726
v 0.687138 2.077959 0.648835
v 0.616029 2.077960 0.713284
v 0.538946 2.077960 0.770453
v 0.456629 2.077960 0.819791
v 0.369873 2.077960 0.860823
v 0.279514 2.077960 0.893154
v 0.186420 2.077960 0.916473
v 0.091489 2.077960 0.930554
v -0.004366 2.077960 0.935263
v -0.100220 2.077960 0.930554
v -0.195151 2.077960 0.916473
v -0.288245 2.077960 0.893154
v -0.378605 2.077960 0.860822
v -0.465361 2.077960 0.819791
v -0.547677 2.077960 0.770452
v -0.624760 2.077960 0.713283
v -0.695869 2.077959 0.648832
v -0.760319 2.077959 0.577725
v -0.817488 2.077959 0.500641
v -0.866826 2.077959 0.418325
v -0.907858 2.077959 0.331569
v -0.940189 2.077959 0.241210
v -0.963508 2.077959 0.148116
v -0.977590 2.077959 0.053185
v -0.982299 2.077959 -0.042669
v -0.977590 2.077959 -0.138523
v -0.963508 2.077959 -0.233454
v -0.940190 2.077959 -0.326548
v -0.907858 2.077959 -0.416907
v -0.866826 2.077959 -0.503663
v -0.817488 2.077959 -0.585979
v -0.760319 2.077959 -0.663063
v -0.695870 2.077959 -0.734172
v -0.624761 2.077959 -0.798621
v -0.547678 2.077959 -0.855790
v -0.465362 2.077959 -0.905129
v -0.378607 2.077959 -0.946161
v -0.288247 2.077959 -0.978493
v -0.195153 2.077959 -1.001812
v -0.100223 2.077959 -1.015894
v 0.091489 1.988774 -1.015894
v 0.186420 1.988774 -1.001812
v 0.279514 1.988774 -0.978494
v 0.369874 1.988774 -0.946162
v 0.456630 1.988774 -0.905130
v 0.538946 1.988774 -0.855792
v 0.616030 1.988774 -0.798622
v 0.687139 1.988774 -0.734173
v 0.751588 1.988774 -0.663064
v 0.808757 1.988774 -0.585980
v 0.858096 1.988774 -0.503664
v 0.899128 1.988774 -0.416908
v 0.931459 1.988774 -0.326548
v 0.954778 1.988774 -0.233455
v 0.968860 1.988774 -0.138523
v 0.973569 1.988774 -0.042669
v 0.968860 1.988774 0.053185
v 0.954778 1.988774 0.148116
v 0.931459 1.988774 0.241210
v 0.899128 1.988775 0.331570
v 0.858095 1.988775 0.418326
v 0.808757 1.988775 0.500642
v 0.751588 1.988775 0.577726
v 0.687138 1.988775 0.648835
v 0.616029 1.988775 0.713284
v 0.538946 1.988775 0.770453
v 0.456629 1.988775 0.819791
v 0.369873 1.988775 0.860823
v 0.279514 1.988775 0.893154
v 0.186420 1.988775 0.916473
v 0.091489 1.988775 0.930556
v -0.004366 1.988775 0.935263
v -0.100220 1.988775 0.930554
v -0.195151 1.988775 0.916473
v -0.288245 1.988775 0.893154
v -0.378605 1.988775 0.860822
v -0.465361 1.988775 0.819791
v -0.547677 1.988775 0.770452
v -0.624760 1.988775 0.713283
v -0.695869 1.988775 0.648834
v -0.760319 1.988775 0.577725
v -0.817488 1.988775 0.500641
v -0.866826 1.988775 0.418325
v -0.907858 1.988775 0.331569
v -0.940189 1.988774 0.241210
v -0.963508 1.988774 0.148116
v -0.977590 1.988774 0.053185
v -0.982299 1.988774 -0.042669
v -0.977590 1.988774 -0.138523
v -0.963508 1.988774 -0.233454
v -0.940190 1.988774 -0.326548
v -0.907858 1.988774 -0.416907
v -0.866826 1.988774 -0.503663
v -0.817488 1.988774 -0.585979
v -0.760319 1.988774 -0.663063
v -0.695870 1.988774 -0.734172
v -0.624761 1.988774 -0.798621
v -0.547678 1.988774 -0.855790
v -0.465362 1.988774 -0.905129
v -0.378607 1.988774 -0.946161
v -0.288247 1.988774 -0.978493
v -0.195153 1.988774 -1.001812
v -0.100223 1.988774 -1.015894
v -0.004365 1.988774 -1.020603
v 0.185600 1.980645 -0.997688
v -0.813992 1.980645 -0.583643
v 0.278294 1.980645 -0.974470
v -0.757069 1.980645 -0.660396
v 0.368265 1.980645 -0.942279
v -0.692897 1.980645 -0.731198
v 0.454648 1.980645 -0.901423
v -0.622094 1.980645 -0.795371
v 0.536610 1.980645 -0.852295
v -0.545342 1.980645 -0.852295
v 0.613362 1.980645 -0.795372
v -0.463380 1.980645 -0.901421
v 0.684165 1.980645 -0.731200
v -0.376998 1.980645 -0.942277
v 0.748338 1.980645 -0.660397
v -0.287026 1.980645 -0.974469
v 0.805261 1.980645 -0.583644
v -0.194333 1.980645 -0.997688
v 0.854387 1.980645 -0.501682
v -0.004365 1.980645 -1.016398
v -0.099810 1.980645 -1.011709
v 0.895243 1.980645 -0.415299
v 0.927436 1.980645 -0.325328
v 0.950654 1.980645 -0.232634
v 0.964675 1.980645 -0.138111
v 0.969364 1.980645 -0.042669
v 0.964675 1.980645 0.052773
v 0.950654 1.980645 0.147296
v 0.927436 1.980645 0.239990
v 0.895243 1.980645 0.329961
v 0.854387 1.980645 0.416344
v 0.748338 1.980645 0.575058
v 0.805261 1.980645 0.498306
v -0.863118 1.980645 -0.501682
v 0.091077 1.980645 -1.011710
v -0.903974 1.980645 -0.415298
v -0.936166 1.980645 -0.325327
v -0.959384 1.980645 -0.232634
v -0.973405 1.980645 -0.138111
v -0.978094 1.980645 -0.042669
v -0.973405 1.980645 0.052773
v -0.959384 1.980645 0.147296
v -0.936166 1.980645 0.239989
v -0.903974 1.980645 0.329960
v -0.863118 1.980645 0.416343
v -0.813992 1.980645 0.498305
v -0.757068 1.980645 0.575057
v -0.692896 1.980645 0.645860
v -0.622093 1.980645 0.710033
v -0.545341 1.980645 0.766956
v -0.463379 1.980645 0.816083
v -0.376996 1.980645 0.856939
v -0.287024 1.980645 0.889131
v -0.194331 1.980645 0.912350
v -0.099808 1.980645 0.926370
v -0.004366 1.980645 0.931060
v 0.091076 1.980645 0.926370
v 0.185599 1.980645 0.912350
v 0.278293 1.980645 0.889132
v 0.368264 1.980645 0.856939
v 0.454647 1.980645 0.816083
v 0.536610 1.980645 0.766957
v 0.613362 1.980645 0.710034
v 0.684165 1.980645 0.645862
v -0.004365 1.976028 -0.998176
v 0.734251 1.976030 0.563497
v 0.182045 1.976028 -0.979815
v -0.798840 1.976028 -0.573519
v 0.273004 1.976028 -0.957031
v -0.742982 1.976028 -0.648834
v 0.361291 1.976028 -0.925442
v -0.680011 1.976028 -0.718313
v 0.446057 1.976028 -0.885350
v -0.610533 1.976028 -0.781284
v 0.526486 1.976028 -0.837143
v -0.535218 1.976028 -0.837142
v 0.601801 1.976028 -0.781285
v -0.454790 1.976028 -0.885349
v 0.671280 1.976028 -0.718314
v -0.370024 1.976028 -0.925440
v 0.734251 1.976028 -0.648836
v -0.281736 1.976028 -0.957030
v 0.790109 1.976028 -0.573520
v -0.190778 1.976028 -0.979815
v 0.838316 1.976028 -0.493092
v -0.098024 1.976028 -0.993575
v 0.878407 1.976028 -0.408326
v 0.909997 1.976028 -0.320038
v 0.932781 1.976028 -0.229079
v 0.946540 1.976028 -0.136325
v 0.951141 1.976028 -0.042669
v 0.946540 1.976028 0.050987
v 0.932781 1.976028 0.143741
v 0.909997 1.976028 0.234700
v 0.878407 1.976028 0.322987
v 0.838316 1.976030 0.407753
v 0.790109 1.976030 0.488182
v -0.847047 1.976028 -0.493090
v 0.089291 1.976028 -0.993575
v -0.887138 1.976028 -0.408324
v -0.918727 1.976028 -0.320037
v -0.941511 1.976028 -0.229078
v -0.955270 1.976028 -0.136325
v -0.959871 1.976028 -0.042669
v -0.955270 1.976028 0.050987
v -0.941511 1.976028 0.143741
v -0.918727 1.976028 0.234699
v -0.887137 1.976028 0.322987
v -0.847046 1.976030 0.407753
v -0.798839 1.976030 0.488181
v -0.742982 1.976030 0.563496
v -0.680010 1.976030 0.632975
v -0.610532 1.976030 0.695946
v -0.535216 1.976030 0.751803
v -0.454788 1.976030 0.800011
v -0.370022 1.976030 0.840102
v -0.281735 1.976030 0.871692
v -0.190776 1.976030 0.894476
v -0.098022 1.976030 0.908235
v -0.004366 1.976030 0.912836
v 0.089290 1.976030 0.908236
v 0.182044 1.976030 0.894476
v 0.273003 1.976030 0.871692
v 0.361291 1.976030 0.840102
v 0.446057 1.976030 0.800011
v 0.526485 1.976030 0.751805
v 0.601801 1.976030 0.695947
v 0.671279 1.976030 0.632976
v 0.088948 1.966992 -0.990096
v 0.181363 1.966992 -0.976388
v 0.271989 1.966992 -0.953687
v 0.359954 1.966992 -0.922213
v 0.444410 1.966992 -0.882268
v 0.524544 1.966992 -0.834237
v 0.599584 1.966992 -0.778584
v 0.668808 1.966992 -0.715843
v 0.731549 1.966992 -0.646619
v 0.787203 1.966992 -0.571578
v 0.835234 1.966992 -0.491444
v 0.875178 1.966992 -0.406988
v 0.906653 1.966992 -0.319023
v 0.929353 1.966992 -0.228397
v 0.943062 1.966992 -0.135983
v 0.947646 1.966992 -0.042669
v 0.943062 1.966992 0.050644
v 0.929353 1.966992 0.143059
v 0.906653 1.966992 0.233685
v 0.875178 1.966992 0.321650
v 0.835234 1.966993 0.406106
v 0.787203 1.966993 0.486240
v 0.731549 1.966993 0.561280
v 0.668808 1.966993 0.630504
v 0.599584 1.966993 0.693245
v 0.524544 1.966993 0.748899
v 0.444409 1.966994 0.796930
v 0.359953 1.966994 0.836874
v 0.271989 1.966994 0.868349
v 0.181362 1.966994 0.891049
v 0.088948 1.966994 0.904757
v -0.004366 1.966994 0.909342
v -0.097679 1.966994 0.904757
v -0.190094 1.966994 0.891049
v -0.280720 1.966994 0.868348
v -0.368685 1.966994 0.836874
v -0.453141 1.966994 0.796929
v -0.533275 1.966993 0.748898
v -0.608315 1.966993 0.693244
v -0.677539 1.966993 0.630503
v -0.740280 1.966993 0.561279
v -0.795934 1.966993 0.486239
v -0.843964 1.966993 0.406105
v -0.883909 1.966992 0.321649
v -0.915383 1.966992 0.233685
v -0.938083 1.966992 0.143059
v -0.951792 1.966992 0.050644
v -0.956376 1.966992 -0.042669
v -0.951792 1.966992 -0.135982
v -0.938083 1.966992 -0.228397
v -0.915383 1.966992 -0.319023
v -0.883909 1.966992 -0.406987
v -0.843964 1.966992 -0.491443
v -0.795934 1.966992 -0.571577
v -0.740281 1.966992 -0.646617
v -0.677540 1.966992 -0.715841
v -0.608316 1.966992 -0.778582
v -0.533276 1.966992 -0.834236
v -0.453142 1.966992 -0.882267
v -0.368686 1.966992 -0.922212
v -0.280722 1.966992 -0.953686
v -0.190096 1.966992 -0.976387
v -0.097682 1.966992 -0.990096
v -0.004365 1.966992 -0.994680
v 0.088948 0.186580 -0.990096
v 0.181363 0.186580 -0.976387
v 0.271989 0.186580 -0.953687
v 0.359954 0.186580 -0.922212
v 0.444410 0.186580 -0.882268
v 0.524544 0.186580 -0.834237
v 0.599584 0.186580 -0.778583
v 0.668808 0.186580 -0.715842
v 0.731549 0.186580 -0.646618
v 0.787203 0.186580 -0.571578
v 0.835234 0.186580 -0.491444
v 0.875178 0.186580 -0.406988
v 0.906653 0.186580 -0.319023
v 0.929353 0.186580 -0.228397
v 0.943062 0.186580 -0.135982
v 0.947646 0.186580 -0.042669
v 0.943062 0.186580 0.050645
v 0.929353 0.186580 0.143059
v 0.906653 0.186580 0.233685
v 0.875178 0.186580 0.321650
v 0.835234 0.186580 0.406106
v 0.787203 0.186580 0.486240
v 0.731549 0.186580 0.561281
v 0.668808 0.186580 0.630505
v 0.599584 0.186580 0.693246
v 0.524544 0.186580 0.748900
v 0.444409 0.186580 0.796930
v 0.359953 0.186580 0.836875
v 0.271989 0.186580 0.868349
v 0.181362 0.186580 0.891049
v 0.088948 0.186580 0.904758
v -0.004366 0.186580 0.909342
v -0.097679 0.186580 0.904758
v -0.190094 0.186580 0.891049
v -0.280720 0.186580 0.868348
v -0.368685 0.186580 0.836874
v -0.453141 0.186580 0.796929
v -0.533275 0.186580 0.748899
v -0.608315 0.186580 0.693245
v -0.677539 0.186580 0.630504
v -0.740280 0.186580 0.561280
v -0.795934 0.186580 0.486239
v -0.843964 0.186580 0.406105
v -0.883909 0.186580 0.321649
v -0.915383 0.186580 0.233685
v -0.938083 0.186580 0.143059
v -0.951792 0.186580 0.050645
v -0.956376 0.186580 -0.042669
v -0.951792 0.186580 -0.135982
v -0.938083 0.186580 -0.228396
v -0.915383 0.186580 -0.319022
v -0.883909 0.186580 -0.406987
v -0.843964 0.186580 -0.491443
v -0.795934 0.186580 -0.571577
v -0.740281 0.186580 -0.646617
v -0.677540 0.186580 -0.715841
v -0.608316 0.186580 -0.778582
v -0.533276 0.186580 -0.834236
v -0.453142 0.186580 -0.882267
v -0.368686 0.186580 -0.922211
v -0.280722 0.186580 -0.953686
v -0.190096 0.186580 -0.976387
v -0.097682 0.186580 -0.990095
v -0.004365 0.186580 -0.994680
v 0.671472 0.173770 0.633168
v 0.601974 0.173770 0.696158
v 0.526636 0.173770 0.752032
v 0.446185 0.173770 0.800252
v 0.361395 0.173770 0.840355
v 0.273082 0.173770 0.871954
v 0.182097 0.173770 0.894744
v 0.089317 0.173770 0.908507
v -0.004366 0.173770 0.913109
v -0.098048 0.173770 0.908507
v -0.190829 0.173770 0.894744
v -0.281814 0.173770 0.871953
v -0.370126 0.173770 0.840354
v -0.454916 0.173770 0.800251
v -0.535368 0.173770 0.752031
v -0.610705 0.173770 0.696157
v -0.680203 0.173770 0.633167
v -0.743192 0.173770 0.563669
v -0.799066 0.173770 0.488332
v -0.847286 0.173770 0.407881
v -0.887389 0.173770 0.323091
v -0.918987 0.173770 0.234779
v -0.941778 0.173770 0.143794
v -0.955541 0.173770 0.051014
v -0.960143 0.173770 -0.042669
v -0.955541 0.173770 -0.136351
v -0.941778 0.173770 -0.229131
v 0.734461 0.173770 0.563670
v 0.790335 0.173770 0.488333
v 0.838556 0.173770 0.407882
v 0.878659 0.173770 0.323092
v 0.910257 0.173770 0.234779
v 0.933048 0.173770 0.143794
v 0.946811 0.173770 0.051014
v 0.951413 0.173770 -0.042669
v 0.946811 0.173770 -0.136352
v 0.933048 0.173770 -0.229132
v 0.910257 0.173770 -0.320117
v 0.878659 0.173770 -0.408429
v -0.004365 0.173770 -0.998447
v -0.098051 0.173770 -0.993844
v 0.838556 0.173770 -0.493220
v -0.190831 0.173770 -0.980081
v 0.790335 0.173770 -0.573671
v -0.281815 0.173770 -0.957291
v 0.734461 0.173770 -0.649008
v -0.370128 0.173770 -0.925692
v 0.671472 0.173770 -0.718506
v -0.454918 0.173770 -0.885589
v 0.601974 0.173770 -0.781495
v -0.535369 0.173770 -0.837368
v 0.526637 0.173770 -0.837369
v -0.610706 0.173770 -0.781494
v 0.446186 0.173770 -0.885590
v -0.680203 0.173770 -0.718505
v 0.361395 0.173770 -0.925693
v -0.743192 0.173770 -0.649007
v 0.273083 0.173770 -0.957291
v -0.799066 0.173770 -0.573669
v 0.182098 0.173770 -0.980082
v -0.847287 0.173770 -0.493218
v 0.089318 0.173770 -0.993845
v -0.887389 0.173770 -0.408428
v -0.918988 0.173770 -0.320116
v -0.958668 0.168623 -0.232491
v -0.004365 0.168623 -1.015668
v 0.683649 0.168623 0.645346
v 0.612899 0.168623 0.709470
v 0.536204 0.168623 0.766351
v 0.454303 0.168623 0.815440
v 0.367985 0.168623 0.856265
v 0.278081 0.168623 0.888433
v 0.185457 0.168623 0.911635
v 0.091005 0.168623 0.925645
v -0.004366 0.168623 0.930330
v -0.099736 0.168623 0.925645
v -0.194189 0.168623 0.911634
v -0.286813 0.168623 0.888433
v -0.376717 0.168623 0.856265
v -0.463035 0.168623 0.815439
v -0.544935 0.168623 0.766350
v -0.621630 0.168623 0.709469
v -0.692380 0.168623 0.645345
v -0.756504 0.168623 0.574594
v -0.813385 0.168623 0.497900
v -0.862474 0.168623 0.415999
v -0.903299 0.168623 0.329681
v -0.935467 0.168623 0.239778
v -0.958668 0.168623 0.147154
v -0.972679 0.168623 0.052702
v -0.977364 0.168623 -0.042669
v -0.972679 0.168623 -0.138039
v 0.747773 0.168623 0.574596
v 0.804654 0.168623 0.497901
v 0.853744 0.168623 0.416000
v 0.894569 0.168623 0.329682
v 0.926737 0.168623 0.239778
v 0.949938 0.168623 0.147154
v 0.963949 0.168623 0.052702
v 0.968634 0.168623 -0.042669
v 0.963949 0.168623 -0.138040
v 0.949938 0.168623 -0.232492
v 0.926737 0.168623 -0.325116
v 0.894569 0.168623 -0.415020
v -0.099739 0.168623 -1.010983
v 0.853744 0.168623 -0.501338
v -0.194191 0.168623 -0.996972
v 0.804654 0.168623 -0.583239
v -0.286815 0.168623 -0.973770
v 0.747774 0.168623 -0.659933
v -0.376718 0.168623 -0.941602
v 0.683649 0.168623 -0.730683
v -0.463036 0.168623 -0.900777
v 0.612899 0.168623 -0.794808
v -0.544936 0.168623 -0.851687
v 0.536204 0.168623 -0.851688
v -0.621631 0.168623 -0.794806
v 0.454304 0.168623 -0.900778
v -0.692381 0.168623 -0.730682
v 0.367986 0.168623 -0.941603
v -0.756505 0.168623 -0.659932
v 0.278082 0.168623 -0.973771
v -0.813385 0.168623 -0.583237
v 0.185458 0.168623 -0.996972
v -0.862474 0.168623 -0.501336
v 0.091006 0.168623 -1.010983
v -0.903300 0.168623 -0.415019
v -0.935468 0.168623 -0.325115
v 0.091489 0.162766 -1.015894
v 0.186420 0.162766 -1.001812
v 0.279514 0.162766 -0.978493
v 0.369874 0.162766 -0.946162
v 0.456630 0.162766 -0.905130
v 0.538946 0.162766 -0.855791
v 0.616030 0.162766 -0.798622
v 0.687139 0.162766 -0.734173
v 0.751588 0.162766 -0.663064
v 0.808757 0.162766 -0.585980
v 0.858096 0.162766 -0.503664
v 0.899128 0.162766 -0.416908
v 0.931459 0.162766 -0.326548
v 0.954778 0.162766 -0.233454
v 0.968860 0.162766 -0.138523
v 0.973569 0.162766 -0.042669
v 0.968860 0.162766 0.053185
v 0.954778 0.162766 0.148117
v 0.931459 0.162766 0.241210
v 0.899128 0.162766 0.331570
v 0.858095 0.162766 0.418326
v 0.808757 0.162766 0.500642
v 0.751588 0.162766 0.577726
v 0.687138 0.162766 0.648835
v 0.616029 0.162766 0.713284
v 0.538946 0.162766 0.770454
v 0.456629 0.162766 0.819792
v 0.369873 0.162766 0.860824
v 0.279514 0.162766 0.893155
v 0.186420 0.162766 0.916474
v 0.091489 0.162766 0.930556
v -0.004366 0.162766 0.935265
v -0.100220 0.162766 0.930556
v -0.195151 0.162766 0.916474
v -0.288245 0.162766 0.893155
v -0.378605 0.162766 0.860824
v -0.465361 0.162766 0.819791
v -0.547677 0.162766 0.770453
v -0.624760 0.162766 0.713283
v -0.695869 0.162766 0.648834
v -0.760319 0.162766 0.577725
v -0.817488 0.162766 0.500641
v -0.866826 0.162766 0.418325
v -0.907858 0.162766 0.331570
v -0.940189 0.162766 0.241210
v -0.963508 0.162766 0.148116
v -0.977590 0.162766 0.053185
v -0.982299 0.162766 -0.042669
v -0.977590 0.162766 -0.138523
v -0.963508 0.162766 -0.233454
v -0.940190 0.162766 -0.326547
v -0.907858 0.162766 -0.416907
v -0.866826 0.162766 -0.503663
v -0.817488 0.162766 -0.585979
v -0.760319 0.162766 -0.663062
v -0.695870 0.162766 -0.734171
v -0.624761 0.162766 -0.798621
v -0.547678 0.162766 -0.855790
v -0.465362 0.162766 -0.905128
v -0.378607 0.162766 -0.946161
v -0.288247 0.162766 -0.978492
v -0.195153 0.162766 -1.001811
v -0.100223 0.162766 -1.015893
v -0.004365 0.162766 -1.020603
v 0.091489 0.070152 -1.015894
v 0.186420 0.070152 -1.001812
v 0.279514 0.070152 -0.978493
v 0.369874 0.070152 -0.946162
v 0.456630 0.070152 -0.905130
v 0.538946 0.070152 -0.855791
v 0.616030 0.070152 -0.798622
v 0.687139 0.070152 -0.734173
v 0.751588 0.070152 -0.663064
v 0.808757 0.070152 -0.585980
v 0.858096 0.070152 -0.503664
v 0.899128 0.070152 -0.416908
v 0.931459 0.070152 -0.326548
v 0.954778 0.070152 -0.233454
v 0.968860 0.070152 -0.138523
v 0.973569 0.070152 -0.042669
v 0.968860 0.070152 0.053185
v 0.954778 0.070152 0.148117
v 0.931459 0.070152 0.241210
v 0.899128 0.070152 0.331570
v 0.858095 0.070152 0.418326
v 0.808757 0.070152 0.500642
v 0.751588 0.070152 0.577726
v 0.687138 0.070152 0.648835
v 0.616029 0.070152 0.713284
v 0.538946 0.070152 0.770454
v 0.456629 0.070152 0.819792
v 0.369873 0.070152 0.860824
v 0.279514 0.070152 0.893155
v 0.186420 0.070152 0.916474
v 0.091489 0.070152 0.930556
v -0.004366 0.070152 0.935265
v -0.100220 0.070152 0.930556
v -0.195151 0.070152 0.916474
v -0.288245 0.070152 0.893155
v -0.378605 0.070152 0.860824
v -0.465361 0.070152 0.819791
v -0.547677 0.070152 0.770453
v -0.624760 0.070152 0.713283
v -0.695869 0.070152 0.648834
v -0.760319 0.070152 0.577725
v -0.817488 0.070152 0.500641
v -0.866826 0.070152 0.418325
v -0.907858 0.070152 0.331570
v -0.940189 0.070152 0.241210
v -0.963508 0.070152 0.148116
v -0.977590 0.070152 0.053186
v -0.982299 0.070152 -0.042669
v -0.977590 0.070152 -0.138523
v -0.963508 0.070152 -0.233454
v -0.940190 0.070152 -0.326547
v -0.907858 0.070152 -0.416907
v -0.866826 0.070152 -0.503663
v -0.817488 0.070152 -0.585979
v -0.760319 0.070152 -0.663062
v -0.695870 0.070152 -0.734171
v -0.624761 0.070152 -0.798621
v -0.547678 0.070152 -0.855790
v -0.465362 0.070152 -0.905128
v -0.378607 0.070152 -0.946161
v -0.288247 0.070152 -0.978492
v -0.195153 0.070152 -1.001811
v -0.100223 0.070152 -1.015893
v -0.004365 0.070152 -1.020603
v 0.927114 0.066762 -0.325230
v 0.185534 0.066762 0.912020
v -0.973070 0.066762 0.052740
v -0.004365 0.066762 -1.016061
v 0.894932 0.066762 -0.415170
v 0.278195 0.066762 0.888810
v -0.959054 0.066762 0.147230
v -0.099777 0.066762 -1.011374
v 0.854090 0.066762 -0.501523
v 0.368136 0.066762 0.856629
v -0.935844 0.066762 0.239892
v -0.194268 0.066762 -0.997357
v 0.804981 0.066762 -0.583457
v 0.454489 0.066762 0.815787
v -0.903663 0.066762 0.329832
v -0.286929 0.066762 -0.974147
v 0.748078 0.066762 -0.660183
v 0.536423 0.066762 0.766678
v -0.862821 0.066762 0.416185
v -0.376869 0.066762 -0.941965
v 0.683927 0.066762 -0.730961
v 0.613148 0.066762 0.709774
v -0.813712 0.066762 0.498118
v -0.463221 0.066762 -0.901123
v 0.613149 0.066762 -0.795112
v 0.683927 0.066762 0.645624
v -0.756808 0.066762 0.574844
v -0.545155 0.066762 -0.852014
v 0.536423 0.066762 -0.852015
v 0.748077 0.066762 0.574845
v 0.804981 0.066762 0.498119
v -0.692658 0.066762 0.645623
v -0.621879 0.066762 0.709773
v -0.621880 0.066762 -0.795110
v -0.692659 0.066762 -0.730960
v 0.454489 0.066762 -0.901124
v 0.368136 0.066762 -0.941966
v -0.977757 0.066762 -0.042669
v 0.091043 0.066762 0.926036
v 0.950324 0.066762 -0.232568
v -0.973070 0.066762 -0.138078
v -0.004366 0.066762 0.930723
v 0.964340 0.066762 -0.138078
v -0.959054 0.066762 -0.232568
v -0.099775 0.066762 0.926036
v 0.969027 0.066762 -0.042669
v -0.935844 0.066762 -0.325229
v -0.194265 0.066762 0.912020
v 0.964340 0.066762 0.052740
v -0.903663 0.066762 -0.415169
v 0.091044 0.066762 -1.011374
v -0.286927 0.066762 0.888809
v 0.950324 0.066762 0.147231
v -0.862821 0.066762 -0.501522
v -0.376867 0.066762 0.856628
v 0.927113 0.066762 0.239892
v 0.185534 0.066762 -0.997358
v -0.813712 0.066762 -0.583456
v -0.463220 0.066762 0.815786
v 0.894932 0.066762 0.329832
v 0.278196 0.066762 -0.974148
v -0.756809 0.066762 -0.660181
v -0.545154 0.066762 0.766677
v 0.854090 0.066762 0.416185
v -0.004365 2.086220 -0.927949
v 0.082408 2.086220 -0.923687
v 0.168344 2.086220 -0.910939
v 0.252618 2.086220 -0.889829
v 0.334417 2.086220 -0.860561
v 0.412953 2.086220 -0.823416
v 0.487470 2.086220 -0.778752
v 0.557250 2.086220 -0.727000
v 0.621622 2.086220 -0.668657
v 0.679965 2.086220 -0.604285
v 0.731718 2.086220 -0.534504
v 0.776382 2.086220 -0.459987
v 0.813527 2.086220 -0.381451
v 0.842795 2.086220 -0.299652
v 0.863904 2.086220 -0.215379
v 0.876652 2.086220 -0.129442
v 0.880914 2.086220 -0.042669
v 0.876652 2.086220 0.044103
v 0.863904 2.086220 0.130040
v 0.842795 2.086220 0.214314
v 0.813526 2.086220 0.296113
v 0.776382 2.086220 0.374649
v 0.731718 2.086220 0.449166
v 0.679965 2.086220 0.518946
v 0.621622 2.086220 0.583318
v 0.557250 2.086220 0.641661
v 0.487470 2.086220 0.693413
v 0.412952 2.086220 0.738077
v 0.334416 2.086220 0.775223
v 0.252618 2.086220 0.804491
v 0.168344 2.086220 0.825599
v 0.082407 2.086220 0.838347
v -0.004366 2.086220 0.842609
v -0.091138 2.086220 0.838347
v -0.177075 2.086220 0.825599
v -0.261349 2.086220 0.804490
v -0.343148 2.086220 0.775222
v -0.421684 2.086220 0.738077
v -0.496201 2.086220 0.693413
v -0.565981 2.086220 0.641659
v -0.630353 2.086220 0.583317
v -0.688696 2.086220 0.518945
v -0.740448 2.086220 0.449165
v -0.785112 2.086220 0.374648
v -0.822257 2.086220 0.296112
v -0.851525 2.086220 0.214314
v -0.872634 2.086220 0.130040
v -0.885382 2.086220 0.044103
v -0.889644 2.086220 -0.042669
v -0.885382 2.086220 -0.129441
v -0.872634 2.086220 -0.215378
v -0.851525 2.086220 -0.299652
v -0.822257 2.086220 -0.381450
v -0.785112 2.086220 -0.459986
v -0.740449 2.086220 -0.534504
v -0.688696 2.086220 -0.604284
v -0.630353 2.086220 -0.668655
v -0.565982 2.086220 -0.726998
v -0.496202 2.086220 -0.778751
v -0.421685 2.086220 -0.823415
v -0.343149 2.086220 -0.860560
v -0.261351 2.086220 -0.889829
v -0.177077 2.086220 -0.910939
v -0.091141 2.086220 -0.923687
v -0.816907 2.071998 -0.379234
v -0.780006 2.071998 -0.457256
v 0.484253 2.071998 0.688599
v 0.410223 2.071998 0.732971
v -0.004365 2.071998 -0.922158
v 0.081840 2.071998 -0.917923
v -0.735634 2.071998 -0.531286
v 0.332200 2.071998 0.769872
v 0.167215 2.071998 -0.905259
v -0.684220 2.071998 -0.600610
v 0.250937 2.071998 0.798949
v 0.250937 2.071998 -0.884288
v -0.626259 2.071998 -0.664561
v 0.167214 2.071998 0.819921
v 0.332201 2.071998 -0.855211
v -0.562308 2.071998 -0.722522
v 0.081839 2.071998 0.832584
v 0.410223 2.071998 -0.818309
v -0.492985 2.071998 -0.773937
v -0.004366 2.071998 0.836819
v 0.484253 2.071998 -0.773938
v -0.418955 2.071998 -0.818308
v -0.090571 2.071998 0.832584
v 0.553577 2.071998 -0.722524
v -0.340933 2.071998 -0.855210
v -0.175946 2.071998 0.819920
v 0.617528 2.071998 -0.664562
v -0.259670 2.071998 -0.884287
v -0.259668 2.071998 0.798949
v 0.675489 2.071998 -0.600611
v -0.175948 2.071998 -0.905259
v -0.340932 2.071998 0.769872
v 0.726903 2.071998 -0.531287
v -0.090573 2.071998 -0.917923
v -0.418954 2.071998 0.732970
v 0.771275 2.071998 -0.457258
v -0.492984 2.071998 0.688599
v 0.808177 2.071998 -0.379235
v -0.562308 2.071998 0.637184
v 0.837253 2.071998 -0.297971
v -0.626258 2.071998 0.579223
v 0.858225 2.071998 -0.214249
v -0.684220 2.071998 0.515272
v 0.870889 2.071998 -0.128874
v -0.735634 2.071998 0.445948
v 0.875124 2.071998 -0.042669
v -0.780005 2.071998 0.371918
v 0.870889 2.071998 0.043536
v -0.816907 2.071998 0.293896
v 0.858225 2.071998 0.128911
v -0.845983 2.071998 0.212633
v 0.837253 2.071998 0.212633
v -0.866955 2.071998 0.128910
v 0.808177 2.071998 0.293897
v -0.879619 2.071998 0.043536
v 0.771275 2.071998 0.371919
v -0.883854 2.071998 -0.042669
v 0.726903 2.071998 0.445949
v -0.879619 2.071998 -0.128874
v 0.675489 2.071998 0.515272
v -0.866955 2.071998 -0.214248
v 0.617527 2.071998 0.579224
v -0.845984 2.071998 -0.297971
v 0.553577 2.071998 0.637185
v -0.816907 0.224202 -0.379234
v 0.484253 0.224203 0.688600
v -0.004365 0.224202 -0.922158
v -0.780005 0.224202 -0.457256
v 0.410223 0.224203 0.732971
v 0.081840 0.224202 -0.917923
v -0.735634 0.224202 -0.531286
v 0.332200 0.224203 0.769873
v 0.167215 0.224202 -0.905259
v -0.684220 0.224202 -0.600610
v 0.250937 0.224203 0.798950
v 0.250937 0.224202 -0.884287
v -0.626259 0.224202 -0.664560
v 0.167214 0.224203 0.819921
v 0.332201 0.224202 -0.855211
v -0.562308 0.224202 -0.722522
v 0.081839 0.224203 0.832585
v 0.410223 0.224202 -0.818309
v -0.492985 0.224202 -0.773936
v -0.004366 0.224203 0.836820
v 0.484253 0.224202 -0.773937
v -0.418955 0.224202 -0.818308
v -0.090571 0.224203 0.832585
v 0.553577 0.224202 -0.722523
v -0.340933 0.224202 -0.855210
v -0.175945 0.224203 0.819921
v 0.617528 0.224202 -0.664562
v -0.259670 0.224202 -0.884287
v -0.259668 0.224203 0.798949
v 0.675489 0.224202 -0.600611
v -0.175947 0.224202 -0.905258
v -0.340932 0.224203 0.769872
v 0.726903 0.224202 -0.531287
v -0.090573 0.224202 -0.917923
v -0.418954 0.224203 0.732971
v 0.771275 0.224202 -0.457257
v -0.492983 0.224203 0.688599
v 0.808177 0.224202 -0.379235
v -0.562308 0.224203 0.637185
v 0.837254 0.224202 -0.297971
v -0.626258 0.224203 0.579223
v 0.858225 0.224202 -0.214249
v -0.684220 0.224203 0.515272
v 0.870889 0.224202 -0.128874
v -0.735634 0.224203 0.445948
v 0.875124 0.224202 -0.042669
v -0.780005 0.224203 0.371919
v 0.870889 0.224203 0.043536
v -0.816907 0.224203 0.293897
v 0.858225 0.224203 0.128911
v -0.845983 0.224203 0.212633
v 0.837253 0.224203 0.212633
v -0.866955 0.224203 0.128911
v 0.808177 0.224203 0.293897
v -0.879619 0.224203 0.043536
v 0.771275 0.224203 0.371919
v -0.883854 0.224202 -0.042669
v 0.726903 0.224203 0.445949
v -0.879619 0.224202 -0.128873
v 0.675489 0.224203 0.515273
v -0.866955 0.224202 -0.214248
v 0.617528 0.224203 0.579224
v -0.845984 0.224202 -0.297970
v 0.553577 0.224203 0.637185
v -0.004365 0.176143 0.826488
v -0.176458 0.175534 0.810389
v 0.167727 0.175534 0.810389
v 0.082115 0.175981 0.822455
v 0.082116 0.175980 -0.907793
v -0.090846 0.175981 0.822455
v 0.167728 0.175533 -0.895727
v 0.854676 0.175059 -0.042669
v 0.850540 0.175059 0.043700
v 0.838195 0.175059 0.129167
v 0.818041 0.175059 0.212847
v 0.791611 0.175059 0.293952
v 0.759754 0.175059 0.371810
v 0.720281 0.175059 0.445567
v 0.671733 0.175059 0.514210
v 0.615344 0.175059 0.577040
v 0.552548 0.175059 0.633622
v 0.484085 0.175059 0.683587
v 0.410599 0.175059 0.726569
v 0.332834 0.175059 0.762240
v 0.251598 0.175059 0.790316
v 0.850540 0.175059 -0.129037
v 0.838195 0.175059 -0.214505
v 0.818041 0.175059 -0.298185
v 0.791611 0.175059 -0.379290
v 0.759754 0.175059 -0.457148
v 0.720281 0.175059 -0.530905
v 0.671733 0.175059 -0.599548
v 0.615344 0.175059 -0.662378
v 0.552548 0.175059 -0.718960
v 0.484086 0.175059 -0.768925
v 0.410599 0.175059 -0.811906
v 0.332834 0.175059 -0.847578
v 0.251599 0.175059 -0.875654
v -0.004365 0.176143 -0.911826
v -0.090848 0.175980 -0.907793
v -0.176459 0.175533 -0.895726
v -0.260330 0.175059 -0.875652
v -0.341564 0.175059 -0.847571
v -0.419326 0.175059 -0.811892
v -0.492809 0.175059 -0.768908
v -0.561272 0.175059 -0.718948
v -0.624071 0.175059 -0.662374
v -0.680640 0.175059 -0.599570
v -0.730479 0.175059 -0.531052
v -0.773142 0.175059 -0.457487
v -0.808483 0.175059 -0.379700
v -0.836494 0.175059 -0.298515
v -0.856826 0.175059 -0.214712
v -0.869124 0.175059 -0.129135
v -0.873241 0.175059 -0.042669
v -0.869124 0.175059 0.043798
v -0.856826 0.175059 0.129375
v -0.836494 0.175059 0.213178
v -0.808483 0.175059 0.294363
v -0.773141 0.175059 0.372149
v -0.730479 0.175059 0.445715
v -0.680640 0.175059 0.514232
v -0.624071 0.175059 0.577036
v -0.561271 0.175059 0.633611
v -0.492808 0.175059 0.683570
v -0.419325 0.175059 0.726555
v -0.341563 0.175059 0.762233
v -0.260329 0.175059 0.790315
v -0.016078 1.982762 -0.064610
v -0.016078 1.977862 -0.590916
v -0.016078 1.969840 -0.852282
v -0.016078 1.959358 -0.993733
v -0.016078 1.953686 -1.011935
v -0.016078 1.948013 -0.993733
v -0.016078 1.937532 -0.852282
v -0.016078 1.924609 -0.064610
v 0.016459 1.982204 -0.245873
v 0.047746 1.980549 -0.420170
v 0.076580 1.977862 -0.580803
v 0.101853 1.974246 -0.721599
v 0.122594 1.969840 -0.837147
v 0.138006 1.964813 -0.923007
v 0.147497 1.959358 -0.975880
v 0.150702 1.953686 -0.993733
v 0.147497 1.948013 -0.975880
v 0.138006 1.942559 -0.923007
v 0.122594 1.937532 -0.837147
v 0.101853 1.933126 -0.721599
v 0.076580 1.929510 -0.580803
v 0.047746 1.926823 -0.420170
v 0.016459 1.925168 -0.245873
v 0.047746 1.982204 -0.235356
v 0.109117 1.980549 -0.399540
v 0.165677 1.977862 -0.550853
v 0.215252 1.974246 -0.683480
v 0.255937 1.969840 -0.792324
v 0.286169 1.964813 -0.873202
v 0.304786 1.959358 -0.923007
v 0.311072 1.953686 -0.939824
v 0.304786 1.948013 -0.923007
v 0.286169 1.942559 -0.873202
v 0.255937 1.937532 -0.792324
v 0.215252 1.933126 -0.683480
v 0.165677 1.929510 -0.550853
v 0.109117 1.926823 -0.399540
v 0.047746 1.925168 -0.235356
v 0.076580 1.982204 -0.218277
v 0.165677 1.980549 -0.366039
v 0.247789 1.977862 -0.502217
v 0.319761 1.974246 -0.621579
v 0.378827 1.969840 -0.719535
v 0.422717 1.964813 -0.792324
v 0.449744 1.959358 -0.837147
v 0.458870 1.953686 -0.852282
v 0.449744 1.948013 -0.837147
v 0.422717 1.942559 -0.792324
v 0.378827 1.937532 -0.719535
v 0.319761 1.933126 -0.621578
v 0.247789 1.929510 -0.502217
v 0.165677 1.926823 -0.366039
v 0.076580 1.925168 -0.218277
v 0.101853 1.982204 -0.195293
v 0.215252 1.980549 -0.320954
v 0.319761 1.977862 -0.436764
v 0.411364 1.974246 -0.538273
v 0.486540 1.969840 -0.621578
v 0.542402 1.964813 -0.683480
v 0.576801 1.959358 -0.721599
v 0.588416 1.953686 -0.734470
v 0.576801 1.948013 -0.721599
v 0.542402 1.942559 -0.683480
v 0.486540 1.937532 -0.621578
v 0.411364 1.933126 -0.538273
v 0.319761 1.929510 -0.436764
v 0.215252 1.926823 -0.320954
v 0.101853 1.925168 -0.195293
v 0.122594 1.982204 -0.167287
v 0.255937 1.980549 -0.266019
v 0.378827 1.977862 -0.357010
v 0.486540 1.974246 -0.436764
v 0.574939 1.969840 -0.502217
v 0.640624 1.964813 -0.550853
v 0.681073 1.959358 -0.580803
v 0.694731 1.953686 -0.590916
v 0.681073 1.948013 -0.580803
v 0.640624 1.942559 -0.550853
v 0.574939 1.937532 -0.502217
v 0.486540 1.933126 -0.436764
v 0.378827 1.929510 -0.357010
v 0.255937 1.926823 -0.266019
v 0.122594 1.925168 -0.167287
v 0.138006 1.982204 -0.135336
v 0.286169 1.980549 -0.203343
v 0.422717 1.977862 -0.266019
v 0.542402 1.974246 -0.320954
v 0.640624 1.969840 -0.366039
v 0.713611 1.964813 -0.399540
v 0.758555 1.959358 -0.420170
v 0.773731 1.953686 -0.427136
v 0.758555 1.948013 -0.420170
v 0.713611 1.942559 -0.399540
v 0.640624 1.937532 -0.366039
v 0.542402 1.933126 -0.320954
v 0.422717 1.929510 -0.266019
v 0.286169 1.926823 -0.203343
v 0.138006 1.925168 -0.135336
v 0.147497 1.982204 -0.100666
v 0.304786 1.980549 -0.135336
v 0.449744 1.977862 -0.167287
v 0.576801 1.974246 -0.195293
v 0.681073 1.969840 -0.218277
v 0.758555 1.964813 -0.235356
v 0.806268 1.959358 -0.245873
v 0.822379 1.953686 -0.249424
v 0.806268 1.948013 -0.245873
v 0.758555 1.942559 -0.235356
v 0.681073 1.937532 -0.218277
v 0.576801 1.933126 -0.195293
v 0.449744 1.929510 -0.167287
v 0.304786 1.926823 -0.135336
v 0.147497 1.925168 -0.100666
v 0.150702 1.982204 -0.064610
v 0.311072 1.980549 -0.064610
v 0.458870 1.977862 -0.064610
v 0.588416 1.974246 -0.064610
v 0.694731 1.969840 -0.064610
v 0.773731 1.964813 -0.064610
v 0.822379 1.959358 -0.064610
v 0.838805 1.953686 -0.064610
v 0.822379 1.948013 -0.064610
v 0.773731 1.942559 -0.064610
v 0.694731 1.937532 -0.064610
v 0.588416 1.933126 -0.064610
v 0.458870 1.929510 -0.064610
v 0.311072 1.926823 -0.064610
v 0.150702 1.925168 -0.064610
v 0.147497 1.982204 -0.028555
v 0.304786 1.980549 0.006115
v 0.449744 1.977862 0.038067
v 0.576801 1.974246 0.066073
v 0.681073 1.969840 0.089057
v 0.758555 1.964813 0.106136
v 0.806268 1.959358 0.116653
v 0.822379 1.953686 0.120204
v 0.806268 1.948013 0.116653
v 0.758555 1.942559 0.106136
v 0.681073 1.937532 0.089057
v 0.576801 1.933126 0.066073
v 0.449744 1.929510 0.038067
v 0.304786 1.926823 0.006115
v 0.147497 1.925168 -0.028555
v 0.138006 1.982204 0.006115
v 0.286169 1.980549 0.074122
v 0.422717 1.977862 0.136798
v 0.542402 1.974246 0.191734
v 0.640624 1.969840 0.236819
v 0.713611 1.964813 0.270320
v 0.758555 1.959358 0.290950
v 0.773731 1.953686 0.297915
v 0.758555 1.948013 0.290950
v 0.713611 1.942559 0.270320
v 0.640624 1.937532 0.236819
v 0.542402 1.933126 0.191734
v 0.422717 1.929510 0.136798
v 0.286169 1.926823 0.074122
v 0.138006 1.925168 0.006115
v 0.122594 1.982204 0.038067
v 0.255937 1.980549 0.136798
v 0.378827 1.977862 0.227789
v 0.486540 1.974246 0.307544
v 0.574939 1.969840 0.372997
v 0.640624 1.964813 0.421633
v 0.681073 1.959358 0.451583
v 0.694731 1.953686 0.461695
v 0.681073 1.948013 0.451583
v 0.640624 1.942559 0.421633
v 0.574939 1.937532 0.372997
v 0.486540 1.933126 0.307544
v 0.378827 1.929510 0.227789
v 0.255937 1.926823 0.136798
v 0.122594 1.925168 0.038067
v 0.101853 1.982204 0.066073
v 0.215252 1.980549 0.191734
v 0.319761 1.977862 0.307544
v 0.411364 1.974246 0.409052
v 0.486540 1.969840 0.492358
v 0.542402 1.964813 0.554260
v 0.576801 1.959358 0.592379
v 0.588416 1.953686 0.605250
v 0.576801 1.948013 0.592379
v 0.542402 1.942559 0.554260
v 0.486540 1.937532 0.492358
v 0.411364 1.933126 0.409052
v 0.319761 1.929510 0.307544
v 0.215252 1.926823 0.191734
v 0.101853 1.925168 0.066073
v 0.076580 1.982204 0.089057
v 0.165677 1.980549 0.236819
v 0.247789 1.977862 0.372997
v 0.319761 1.974246 0.492358
v 0.378827 1.969840 0.590315
v 0.422717 1.964813 0.663104
v 0.449744 1.959358 0.707927
v 0.458870 1.953686 0.723062
v 0.449744 1.948013 0.707927
v 0.422717 1.942559 0.663104
v 0.378827 1.937532 0.590315
v 0.319761 1.933126 0.492358
v 0.247789 1.929510 0.372997
v 0.165677 1.926823 0.236819
v 0.076580 1.925168 0.089057
v 0.047746 1.982204 0.106136
v 0.109117 1.980549 0.270320
v 0.165677 1.977862 0.421633
v 0.215252 1.974246 0.554260
v 0.255937 1.969840 0.663104
v 0.286169 1.964813 0.743982
v 0.304786 1.959358 0.793787
v 0.311071 1.953686 0.810603
v 0.304786 1.948013 0.793787
v 0.286169 1.942559 0.743982
v 0.255937 1.937532 0.663104
v 0.215252 1.933126 0.554260
v 0.165677 1.929510 0.421633
v 0.109117 1.926823 0.270320
v 0.047746 1.925168 0.106136
v 0.016459 1.982204 0.116652
v 0.047746 1.980549 0.290950
v 0.076580 1.977862 0.451583
v 0.101853 1.974246 0.592379
v 0.122594 1.969840 0.707927
v 0.138006 1.964813 0.793787
v 0.147497 1.959358 0.846659
v 0.150701 1.953686 0.864512
v 0.147497 1.948013 0.846659
v 0.138006 1.942559 0.793787
v 0.122594 1.937532 0.707927
v 0.101853 1.933126 0.592379
v 0.076580 1.929510 0.451583
v 0.047746 1.926823 0.290950
v 0.016459 1.925168 0.116652
v -0.016078 1.982204 0.120204
v -0.016078 1.980549 0.297915
v -0.016078 1.977862 0.461695
v -0.016078 1.974246 0.605250
v -0.016078 1.969840 0.723062
v -0.016078 1.964813 0.810603
v -0.016078 1.959358 0.864512
v -0.016078 1.953686 0.882714
v -0.016078 1.948013 0.864512
v -0.016078 1.942559 0.810603
v -0.016078 1.937532 0.723062
v -0.016078 1.933126 0.605250
v -0.016078 1.929510 0.461695
v -0.016078 1.926823 0.297915
v -0.016078 1.925168 0.120204
v -0.048615 1.982204 0.116652
v -0.079902 1.980549 0.290950
v -0.108735 1.977862 0.451582
v -0.134009 1.974246 0.592379
v -0.154750 1.969840 0.707927
v -0.170162 1.964813 0.793787
v -0.179653 1.959358 0.846659
v -0.182857 1.953686 0.864511
v -0.179653 1.948013 0.846659
v -0.170162 1.942559 0.793787
v -0.154750 1.937532 0.707927
v -0.134009 1.933126 0.592379
v -0.108735 1.929510 0.451582
v -0.079902 1.926823 0.290950
v -0.048615 1.925168 0.116652
v -0.079901 1.982204 0.106136
v -0.141272 1.980549 0.270320
v -0.197832 1.977862 0.421633
v -0.247408 1.974246 0.554260
v -0.288093 1.969840 0.663104
v -0.318324 1.964813 0.743982
v -0.336941 1.959358 0.793786
v -0.343227 1.953686 0.810603
v -0.336941 1.948013 0.793786
v -0.318324 1.942559 0.743982
v -0.288093 1.937532 0.663104
v -0.247408 1.933126 0.554260
v -0.197832 1.929510 0.421633
v -0.141272 1.926823 0.270320
v -0.079901 1.925168 0.106136
v -0.108735 1.982204 0.089057
v -0.197832 1.980549 0.236819
v -0.279944 1.977862 0.372997
v -0.351916 1.974246 0.492358
v -0.410982 1.969840 0.590315
v -0.454872 1.964813 0.663104
v -0.481899 1.959358 0.707927
v -0.491025 1.953686 0.723061
v -0.481899 1.948013 0.707927
v -0.454872 1.942559 0.663104
v -0.410982 1.937532 0.590315
v -0.351916 1.933126 0.492358
v -0.279944 1.929510 0.372997
v -0.197832 1.926823 0.236819
v -0.108735 1.925168 0.089057
v -0.134009 1.982204 0.066073
v -0.247408 1.980549 0.191734
v -0.351916 1.977862 0.307544
v -0.443519 1.974246 0.409052
v -0.518696 1.969840 0.492358
v -0.574557 1.964813 0.554260
v -0.608956 1.959358 0.592379
v -0.620571 1.953686 0.605249
v -0.608956 1.948013 0.592379
v -0.574557 1.942559 0.554260
v -0.518696 1.937532 0.492358
v -0.443519 1.933126 0.409052
v -0.351916 1.929510 0.307544
v -0.247408 1.926823 0.191734
v -0.134009 1.925168 0.066073
v -0.154750 1.982204 0.038067
v -0.288092 1.980549 0.136798
v -0.410982 1.977862 0.227789
v -0.518696 1.974246 0.307544
v -0.607094 1.969840 0.372997
v -0.672780 1.964813 0.421633
v -0.713229 1.959358 0.451582
v -0.726887 1.953686 0.461695
v -0.713229 1.948013 0.451582
v -0.672780 1.942559 0.421633
v -0.607094 1.937532 0.372997
v -0.518696 1.933126 0.307544
v -0.410982 1.929510 0.227789
v -0.288092 1.926823 0.136798
v -0.154750 1.925168 0.038067
v -0.170162 1.982204 0.006115
v -0.318324 1.980549 0.074122
v -0.454872 1.977862 0.136798
v -0.574557 1.974246 0.191734
v -0.672780 1.969840 0.236819
v -0.745766 1.964813 0.270320
v -0.790711 1.959358 0.290949
v -0.805886 1.953686 0.297915
v -0.790711 1.948013 0.290949
v -0.745766 1.942559 0.270320
v -0.672780 1.937532 0.236819
v -0.574557 1.933126 0.191734
v -0.454872 1.929510 0.136798
v -0.318324 1.926823 0.074122
v -0.170162 1.925168 0.006115
v -0.179652 1.982204 -0.028555
v -0.336941 1.980549 0.006115
v -0.481899 1.977862 0.038066
v -0.608956 1.974246 0.066073
v -0.713229 1.969840 0.089057
v -0.790710 1.964813 0.106136
v -0.838423 1.959358 0.116652
v -0.854534 1.953686 0.120203
v -0.838423 1.948013 0.116652
v -0.790710 1.942559 0.106136
v -0.713229 1.937532 0.089057
v -0.608956 1.933126 0.066073
v -0.481899 1.929510 0.038066
v -0.336941 1.926823 0.006115
v -0.179652 1.925168 -0.028555
v -0.182857 1.982204 -0.064610
v -0.343227 1.980549 -0.064610
v -0.491025 1.977862 -0.064610
v -0.620571 1.974246 -0.064610
v -0.726887 1.969840 -0.064610
v -0.805886 1.964813 -0.064610
v -0.854534 1.959358 -0.064610
v -0.870960 1.953686 -0.064611
v -0.854534 1.948013 -0.064610
v -0.805886 1.942559 -0.064610
v -0.726887 1.937532 -0.064610
v -0.620571 1.933126 -0.064610
v -0.491025 1.929510 -0.064610
v -0.343227 1.926823 -0.064610
v -0.182857 1.925168 -0.064610
v -0.179652 1.982204 -0.100666
v -0.336941 1.980549 -0.135336
v -0.481899 1.977862 -0.167287
v -0.608956 1.974246 -0.195293
v -0.713229 1.969840 -0.218277
v -0.790710 1.964813 -0.235356
v -0.838423 1.959358 -0.245873
v -0.854534 1.953686 -0.249424
v -0.838423 1.948013 -0.245873
v -0.790710 1.942559 -0.235356
v -0.713229 1.937532 -0.218277
v -0.608956 1.933126 -0.195293
v -0.481899 1.929510 -0.167287
v -0.336941 1.926823 -0.135336
v -0.179652 1.925168 -0.100666
v -0.170162 1.982204 -0.135335
v -0.318324 1.980549 -0.203343
v -0.454872 1.977862 -0.266019
v -0.574557 1.974246 -0.320954
v -0.672779 1.969840 -0.366039
v -0.745766 1.964813 -0.399540
v -0.790710 1.959358 -0.420170
v -0.805886 1.953686 -0.427136
v -0.790710 1.948013 -0.420170
v -0.745766 1.942559 -0.399540
v -0.672779 1.937532 -0.366039
v -0.574557 1.933126 -0.320954
v -0.454872 1.929510 -0.266019
v -0.318324 1.926823 -0.203343
v -0.170162 1.925168 -0.135335
v -0.154750 1.982204 -0.167287
v -0.288092 1.980549 -0.266019
v -0.410982 1.977862 -0.357010
v -0.518696 1.974246 -0.436764
v -0.607094 1.969840 -0.502217
v -0.672780 1.964813 -0.550853
v -0.713229 1.959358 -0.580803
v -0.726886 1.953686 -0.590916
v -0.713229 1.948013 -0.580803
v -0.672780 1.942559 -0.550853
v -0.607094 1.937532 -0.502217
v -0.518696 1.933126 -0.436764
v -0.410982 1.929510 -0.357010
v -0.288092 1.926823 -0.266019
v -0.154750 1.925168 -0.167287
v -0.134009 1.982204 -0.195293
v -0.247407 1.980549 -0.320954
v -0.351916 1.977862 -0.436764
v -0.443519 1.974246 -0.538273
v -0.518695 1.969840 -0.621578
v -0.574557 1.964813 -0.683480
v -0.608956 1.959358 -0.721599
v -0.620570 1.953686 -0.734470
v -0.608956 1.948013 -0.721599
v -0.574557 1.942559 -0.683480
v -0.518695 1.937532 -0.621578
v -0.443519 1.933126 -0.538273
v -0.351916 1.929510 -0.436764
v -0.247407 1.926823 -0.320954
v -0.134009 1.925168 -0.195293
v -0.108735 1.982204 -0.218277
v -0.197832 1.980549 -0.366039
v -0.279944 1.977862 -0.502217
v -0.351916 1.974246 -0.621578
v -0.410982 1.969840 -0.719535
v -0.454872 1.964813 -0.792324
v -0.481899 1.959358 -0.837147
v -0.491024 1.953686 -0.852281
v -0.481899 1.948013 -0.837147
v -0.454872 1.942559 -0.792324
v -0.410982 1.937532 -0.719535
v -0.351916 1.933126 -0.621578
v -0.279944 1.929510 -0.502217
v -0.197832 1.926823 -0.366039
v -0.108735 1.925168 -0.218277
v -0.079901 1.982204 -0.235356
v -0.141272 1.980549 -0.399540
v -0.197832 1.977862 -0.550853
v -0.247407 1.974246 -0.683480
v -0.288092 1.969840 -0.792323
v -0.318324 1.964813 -0.873202
v -0.336941 1.959358 -0.923007
v -0.343226 1.953686 -0.939823
v -0.336941 1.948013 -0.923007
v -0.318324 1.942559 -0.873202
v -0.288092 1.937532 -0.792323
v -0.247407 1.933126 -0.683480
v -0.197832 1.929510 -0.550853
v -0.141272 1.926823 -0.399540
v -0.079901 1.925168 -0.235356
v -0.048615 1.982204 -0.245873
v -0.079901 1.980549 -0.420170
v -0.108735 1.977862 -0.580802
v -0.134009 1.974246 -0.721599
v -0.154749 1.969840 -0.837147
v -0.170162 1.964813 -0.923007
v -0.179652 1.959358 -0.975879
v -0.182857 1.953686 -0.993731
v -0.179652 1.948013 -0.975879
v -0.170162 1.942559 -0.923007
v -0.154749 1.937532 -0.837147
v -0.134009 1.933126 -0.721599
v -0.108735 1.929510 -0.580802
v -0.079901 1.926823 -0.420170
v -0.048615 1.925168 -0.245873
v -0.016078 1.982204 -0.249424
v -0.016078 1.980549 -0.427136
v -0.016078 1.974246 -0.734470
v -0.016078 1.964813 -0.939824
v -0.016078 1.942559 -0.939824
v -0.016078 1.933126 -0.734470
v -0.016077 1.929510 -0.590915
v -0.016078 1.926823 -0.427136
v -0.016078 1.925168 -0.249424
vn -0.7398 0.5030 0.4469
vn -0.6412 0.7171 0.2732
vn -0.7604 0.5457 0.3520
vn -0.6335 0.7414 0.2216
vn -0.7599 0.5877 0.2778
vn -0.6271 0.6902 0.3612
vn -0.5961 0.7665 0.2390
vn -0.5745 0.7536 0.3194
vn -0.5463 0.8100 0.2131
vn -0.5550 0.8097 0.1906
vn -0.6014 0.7725 0.2039
vn -0.6363 0.7488 0.1857
vn -0.7677 0.6030 0.2167
vn -0.6519 0.7463 0.1344
vn -0.7854 0.6006 0.1497
vn -0.6084 0.7727 0.1811
vn -0.5627 0.8077 0.1761
vn -0.5730 0.8087 0.1330
vn -0.6216 0.7717 0.1345
vn -0.6653 0.7434 0.0691
vn -0.7990 0.5965 0.0758
vn -0.6701 0.7423 -0.0000
vn -0.8038 0.5950 -0.0000
vn -0.6325 0.7714 0.0697
vn -0.5817 0.8104 0.0692
vn -0.5849 0.8111 -0.0000
vn -0.6365 0.7713 -0.0000
vn -0.7990 0.5965 -0.0758
vn -0.6653 0.7434 -0.0691
vn -0.7854 0.6006 -0.1497
vn -0.6325 0.7714 -0.0697
vn -0.5817 0.8104 -0.0692
vn -0.6216 0.7717 -0.1346
vn -0.6519 0.7463 -0.1344
vn -0.7677 0.6030 -0.2167
vn -0.6363 0.7488 -0.1857
vn -0.7599 0.5877 -0.2778
vn -0.5730 0.8087 -0.1330
vn -0.6084 0.7727 -0.1811
vn -0.5627 0.8077 -0.1761
vn -0.6014 0.7725 -0.2039
vn -0.6335 0.7414 -0.2216
vn -0.7604 0.5457 -0.3520
vn -0.6412 0.7171 -0.2732
vn -0.7398 0.5030 -0.4469
vn -0.5550 0.8097 -0.1906
vn -0.5961 0.7665 -0.2390
vn -0.5463 0.8100 -0.2131
vn -0.5745 0.7536 -0.3194
vn -0.6271 0.6902 -0.3612
vn -0.6168 0.4840 0.6207
vn -0.5754 0.6793 0.4555
vn -0.6883 0.4823 0.5418
vn -0.4374 0.7525 0.4923
vn -0.5000 0.6928 0.5197
vn -0.4090 0.7585 0.5074
vn -0.5242 0.7398 0.4218
vn -0.5328 0.7968 0.2850
vn -0.4478 0.8288 0.3354
vn -0.5044 0.7659 0.3987
vn -0.2145 0.8950 0.3910
vn -0.3540 0.7942 0.4938
vn -0.2905 0.9411 0.1731
vn -0.4545 0.8605 0.2300
vn -0.4642 0.8669 0.1817
vn -0.3350 0.9287 0.1589
vn -0.3659 0.9173 0.1571
vn -0.4761 0.8621 0.1736
vn -0.4808 0.8611 0.1653
vn -0.3679 0.9184 0.1458
vn -0.3586 0.9267 0.1121
vn -0.4842 0.8657 0.1266
vn -0.4888 0.8699 0.0664
vn -0.3554 0.9328 0.0602
vn -0.3558 0.9346 -0.0000
vn -0.4910 0.8712 -0.0000
vn -0.4888 0.8699 -0.0664
vn -0.3554 0.9328 -0.0602
vn -0.4842 0.8657 -0.1266
vn -0.3586 0.9267 -0.1121
vn -0.4808 0.8611 -0.1653
vn -0.3679 0.9184 -0.1458
vn -0.4761 0.8621 -0.1736
vn -0.3659 0.9173 -0.1571
vn -0.4642 0.8669 -0.1817
vn -0.3350 0.9287 -0.1589
vn -0.4545 0.8605 -0.2300
vn -0.5328 0.7968 -0.2850
vn -0.5044 0.7659 -0.3987
vn -0.2905 0.9411 -0.1731
vn -0.4478 0.8288 -0.3354
vn -0.2145 0.8950 -0.3910
vn -0.3540 0.7942 -0.4938
vn -0.4090 0.7585 -0.5074
vn -0.5754 0.6793 -0.4555
vn -0.5242 0.7398 -0.4218
vn -0.4374 0.7525 -0.4923
vn -0.5000 0.6928 -0.5197
vn -0.6883 0.4823 -0.5418
vn -0.6168 0.4840 -0.6207
vn -0.4644 0.5094 -0.7244
vn -0.3181 0.7593 -0.5677
vn -0.3902 0.5117 -0.7654
vn -0.2786 0.7383 -0.6142
vn -0.3168 0.5041 -0.8035
vn -0.3611 0.7559 -0.5461
vn -0.2789 0.8536 -0.4400
vn -0.2887 0.8474 -0.4456
vn -0.2794 0.8633 -0.4202
vn -0.2954 0.8450 -0.4458
vn -0.2740 0.8300 -0.4857
vn -0.2255 0.7047 -0.6728
vn -0.2409 0.4906 -0.8374
vn -0.1542 0.6774 -0.7193
vn -0.1616 0.4790 -0.8628
vn -0.2380 0.7945 -0.5586
vn -0.2611 0.8275 -0.4971
vn -0.1644 0.8302 -0.5326
vn -0.1616 0.7705 -0.6166
vn -0.1099 0.8079 -0.5790
vn -0.0809 0.4736 -0.8770
vn -0.0571 0.7946 -0.6044
vn -0.0762 0.6667 -0.7415
vn -0.0003 0.6655 -0.7464
vn -0.0000 0.4724 -0.8814
vn -0.0000 0.7902 -0.6129
vn -0.0741 0.7683 -0.6358
vn -0.0576 0.8512 -0.5216
vn 0.0091 0.8721 -0.4892
vn 0.0001 0.7748 -0.6322
vn 0.0571 0.7946 -0.6044
vn 0.0806 0.4730 -0.8774
vn 0.0742 0.6665 -0.7418
vn 0.1605 0.4743 -0.8656
vn 0.1099 0.8076 -0.5794
vn 0.0706 0.7783 -0.6239
vn 0.0674 0.8802 -0.4698
vn 0.1342 0.7756 -0.6168
vn 0.1463 0.6675 -0.7301
vn 0.1530 0.8238 -0.5458
vn 0.2396 0.4757 -0.8464
vn 0.2160 0.6680 -0.7121
vn 0.3182 0.4766 -0.8195
vn 0.1095 0.8730 -0.4753
vn 0.1972 0.7660 -0.6119
vn 0.1614 0.8492 -0.5028
vn 0.2614 0.7548 -0.6017
vn 0.2836 0.6685 -0.6875
vn 0.3965 0.4769 -0.7844
vn 0.3487 0.6699 -0.6555
vn 0.4744 0.4766 -0.7401
vn 0.2301 0.8203 -0.5236
vn 0.3234 0.7481 -0.5795
vn 0.2996 0.8002 -0.5195
vn 0.3791 0.7431 -0.5514
vn 0.4106 0.6713 -0.6170
vn -0.4232 0.7264 -0.5415
vn -0.5408 0.4975 -0.6782
vn -0.3419 0.8033 -0.4877
vn -0.2949 0.8088 -0.5089
vn -0.2578 0.8571 -0.4461
vn -0.2286 0.8284 -0.5113
vn -0.1258 0.9095 -0.3962
vn -0.1755 0.9057 -0.3858
vn -0.2268 0.8602 -0.4567
vn -0.2840 0.8588 -0.4263
vn -0.2744 0.8845 -0.3773
vn -0.3158 0.8687 -0.3817
vn -0.3126 0.8455 -0.4330
vn -0.2699 0.8480 -0.4560
vn -0.2655 0.8799 -0.3940
vn -0.1163 0.9111 -0.3954
vn -0.1449 0.8745 -0.4629
vn -0.0156 0.9057 -0.4237
vn 0.0306 0.9308 -0.3642
vn 0.0732 0.9445 -0.3203
vn 0.0371 0.9297 -0.3665
vn 0.0650 0.9387 -0.3384
vn 0.0643 0.9517 -0.3002
vn 0.0711 0.9314 -0.3569
vn 0.0373 0.9482 -0.3156
vn 0.1054 0.9068 -0.4082
vn 0.0543 0.9345 -0.3518
vn 0.1848 0.8739 -0.4497
vn 0.1436 0.9143 -0.3787
vn 0.2687 0.8476 -0.4577
vn 0.2394 0.8934 -0.3802
vn 0.3149 0.8284 -0.4632
vn 0.3533 0.7844 -0.5099
vn 0.4078 0.7588 -0.5078
vn 0.2709 0.8851 -0.3785
vn 0.3608 0.7987 -0.4815
vn 0.2941 0.8757 -0.3829
vn 0.4512 0.7723 -0.4473
vn 0.4775 0.7411 -0.4720
vn 0.4692 0.6719 -0.5730
vn 0.4323 0.7346 -0.5230
vn 0.4871 0.7289 -0.4810
vn 0.5266 0.6720 -0.5207
vn 0.5503 0.4763 -0.6858
vn 0.6241 0.4765 -0.6192
vn 0.7752 0.4931 -0.3948
vn 0.7056 0.6738 -0.2194
vn 0.8100 0.5180 -0.2748
vn 0.7160 0.6717 -0.1902
vn 0.8104 0.5419 -0.2229
vn 0.6639 0.6750 -0.3219
vn 0.6507 0.7323 -0.2007
vn 0.6054 0.7407 -0.2914
vn 0.6233 0.7530 -0.2109
vn 0.6622 0.7240 -0.1930
vn 0.6705 0.7196 -0.1808
vn 0.7213 0.6677 -0.1843
vn 0.8116 0.5484 -0.2016
vn 0.7335 0.6645 -0.1426
vn 0.8238 0.5461 -0.1520
vn 0.6792 0.7116 -0.1798
vn 0.6792 0.7101 -0.1858
vn 0.6894 0.7101 -0.1432
vn 0.6904 0.7096 -0.1407
vn 0.7449 0.6630 -0.0742
vn 0.8355 0.5438 -0.0784
vn 0.7491 0.6624 -0.0000
vn 0.8397 0.5430 -0.0000
vn 0.7005 0.7098 -0.0735
vn 0.6974 0.7128 -0.0748
vn 0.7004 0.7138 -0.0000
vn 0.7043 0.7099 -0.0000
vn 0.8355 0.5439 0.0784
vn 0.7449 0.6630 0.0742
vn 0.8238 0.5461 0.1520
vn 0.7005 0.7098 0.0735
vn 0.6974 0.7128 0.0748
vn 0.6904 0.7096 0.1407
vn 0.7335 0.6645 0.1426
vn 0.8114 0.5487 0.2015
vn 0.7213 0.6677 0.1843
vn 0.8104 0.5419 0.2229
vn 0.6894 0.7101 0.1432
vn 0.6792 0.7116 0.1798
vn 0.6792 0.7101 0.1858
vn 0.6705 0.7196 0.1808
vn 0.7160 0.6717 0.1902
vn 0.8100 0.5180 0.2748
vn 0.7056 0.6739 0.2194
vn 0.7752 0.4931 0.3948
vn 0.6622 0.7240 0.1930
vn 0.6507 0.7323 0.2007
vn 0.6233 0.7530 0.2109
vn 0.6054 0.7407 0.2914
vn 0.6639 0.6750 0.3219
vn 0.5933 0.6732 -0.4413
vn 0.7022 0.4799 -0.5260
vn 0.5447 0.7349 -0.4040
vn 0.5288 0.7571 -0.3837
vn 0.5702 0.7712 -0.2829
vn 0.4967 0.7962 -0.3454
vn 0.3893 0.8749 -0.2881
vn 0.4054 0.8764 -0.2601
vn 0.5151 0.8116 -0.2757
vn 0.5659 0.7901 -0.2355
vn 0.4439 0.8600 -0.2516
vn 0.4814 0.8484 -0.2203
vn 0.6168 0.7575 -0.2139
vn 0.6384 0.7460 -0.1895
vn 0.4905 0.8536 -0.1754
vn 0.4837 0.8663 -0.1246
vn 0.6447 0.7514 -0.1407
vn 0.6488 0.7574 -0.0733
vn 0.4803 0.8746 -0.0657
vn 0.4805 0.8770 -0.0000
vn 0.6507 0.7593 -0.0000
vn 0.6488 0.7574 0.0733
vn 0.4803 0.8746 0.0657
vn 0.6447 0.7514 0.1407
vn 0.4837 0.8663 0.1246
vn 0.6384 0.7460 0.1895
vn 0.4905 0.8536 0.1754
vn 0.6168 0.7575 0.2139
vn 0.4814 0.8484 0.2203
vn 0.5659 0.7901 0.2355
vn 0.4439 0.8600 0.2516
vn 0.5151 0.8116 0.2757
vn 0.5703 0.7712 0.2829
vn 0.5288 0.7570 0.3837
vn 0.4054 0.8764 0.2601
vn 0.4967 0.7962 0.3454
vn 0.3893 0.8749 0.2881
vn 0.4512 0.7723 0.4473
vn 0.4775 0.7411 0.4720
vn 0.5933 0.6732 0.4413
vn 0.5447 0.7349 0.4040
vn 0.4871 0.7289 0.4810
vn 0.5266 0.6720 0.5207
vn 0.7022 0.4799 0.5260
vn 0.6241 0.4765 0.6192
vn 0.4744 0.4766 0.7401
vn 0.3487 0.6699 0.6555
vn 0.3965 0.4769 0.7844
vn 0.2836 0.6686 0.6875
vn 0.3182 0.4766 0.8195
vn 0.4106 0.6713 0.6170
vn 0.3234 0.7481 0.5795
vn 0.3791 0.7431 0.5514
vn 0.2996 0.8002 0.5195
vn 0.2301 0.8203 0.5236
vn 0.2614 0.7548 0.6016
vn 0.2160 0.6680 0.7121
vn 0.2396 0.4757 0.8464
vn 0.1463 0.6675 0.7301
vn 0.1605 0.4743 0.8656
vn 0.1972 0.7660 0.6119
vn 0.1614 0.8492 0.5028
vn 0.1095 0.8730 0.4753
vn 0.1342 0.7756 0.6168
vn 0.1099 0.8076 0.5794
vn 0.0806 0.4730 0.8774
vn 0.0571 0.7946 0.6044
vn 0.0742 0.6665 0.7418
vn -0.0003 0.6655 0.7464
vn -0.0000 0.4724 0.8814
vn -0.0000 0.7902 0.6129
vn 0.0706 0.7783 0.6239
vn 0.0674 0.8802 0.4698
vn 0.0091 0.8721 0.4892
vn 0.0001 0.7748 0.6322
vn -0.0571 0.7947 0.6044
vn -0.0809 0.4736 0.8770
vn -0.0762 0.6667 0.7415
vn -0.1616 0.4790 0.8628
vn -0.1099 0.8079 0.5790
vn -0.0741 0.7683 0.6358
vn -0.0576 0.8512 0.5216
vn -0.1616 0.7705 0.6166
vn -0.1542 0.6774 0.7193
vn 0.1530 0.8238 0.5458
vn -0.2409 0.4906 0.8374
vn -0.2255 0.7047 0.6728
vn -0.3168 0.5041 0.8035
vn -0.1644 0.8302 0.5326
vn -0.2380 0.7945 0.5586
vn -0.2611 0.8275 0.4971
vn -0.2740 0.8300 0.4857
vn -0.2786 0.7383 0.6142
vn -0.3902 0.5117 0.7654
vn -0.3181 0.7593 0.5677
vn -0.4644 0.5094 0.7244
vn -0.2954 0.8450 0.4458
vn -0.2789 0.8536 0.4400
vn -0.2794 0.8633 0.4202
vn -0.2887 0.8474 0.4456
vn -0.3611 0.7559 0.5461
vn 0.4692 0.6719 0.5730
vn 0.5503 0.4763 0.6857
vn 0.4323 0.7346 0.5230
vn 0.4078 0.7588 0.5079
vn 0.3533 0.7844 0.5099
vn 0.3608 0.7987 0.4815
vn 0.2941 0.8757 0.3829
vn 0.2709 0.8851 0.3785
vn 0.3149 0.8284 0.4632
vn 0.2687 0.8476 0.4577
vn 0.2394 0.8934 0.3802
vn 0.1436 0.9143 0.3787
vn 0.1848 0.8739 0.4497
vn 0.1054 0.9068 0.4082
vn 0.0543 0.9345 0.3518
vn 0.0373 0.9482 0.3156
vn 0.0711 0.9315 0.3568
vn 0.0650 0.9387 0.3384
vn 0.0643 0.9517 0.3002
vn 0.0732 0.9445 0.3203
vn 0.0371 0.9297 0.3665
vn -0.0156 0.9057 0.4237
vn 0.0306 0.9308 0.3642
vn -0.1449 0.8745 0.4629
vn -0.1163 0.9111 0.3954
vn -0.2699 0.8480 0.4560
vn -0.2655 0.8799 0.3940
vn -0.3126 0.8455 0.4330
vn -0.3158 0.8687 0.3817
vn -0.2840 0.8588 0.4263
vn -0.2744 0.8845 0.3773
vn -0.2268 0.8602 0.4567
vn -0.2578 0.8571 0.4461
vn -0.2949 0.8088 0.5089
vn -0.1755 0.9057 0.3858
vn -0.2286 0.8284 0.5113
vn -0.1258 0.9095 0.3962
vn -0.4232 0.7264 0.5415
vn -0.3420 0.8032 0.4877
vn -0.5408 0.4975 0.6782
vn 0.2803 0.9175 -0.2823
vn 0.2553 0.9271 -0.2745
vn 0.2984 0.9161 -0.2678
vn 0.2455 0.9218 -0.3001
vn 0.1403 0.9506 -0.2770
vn 0.1413 0.9708 -0.1940
vn 0.2572 0.9462 -0.1963
vn 0.3014 0.9323 -0.2001
vn 0.1345 0.9415 -0.3089
vn 0.0354 0.9597 -0.2788
vn 0.0325 0.9493 -0.3126
vn 0.0222 0.9590 -0.2825
vn 0.0196 0.9802 -0.1972
vn 0.0345 0.9804 -0.1939
vn 0.0218 0.9485 -0.3160
vn 0.0629 0.9569 -0.2834
vn 0.0645 0.9460 -0.3176
vn 0.0993 0.9552 -0.2789
vn 0.0913 0.9786 -0.1845
vn 0.0566 0.9789 -0.1963
vn 0.0582 0.9464 -0.3177
vn 0.1001 0.9431 -0.3171
vn -0.1006 0.9427 -0.3181
vn 0.0555 0.9609 -0.2714
vn -0.1012 0.9585 -0.2665
vn 0.0442 0.9858 -0.1622
vn -0.2648 0.9121 -0.3130
vn -0.3223 0.8951 -0.3080
vn -0.2624 0.9270 -0.2679
vn -0.3224 0.9062 -0.2736
vn -0.2487 0.9552 -0.1606
vn -0.1009 0.9838 -0.1484
vn -0.2873 0.9105 -0.2976
vn -0.1957 0.9465 -0.2566
vn -0.3031 0.9138 -0.2702
vn -0.2483 0.9390 -0.2381
vn -0.3088 0.9316 -0.1918
vn -0.3108 0.9326 -0.1834
vn 0.2540 0.9605 -0.1132
vn 0.2899 0.9491 -0.1235
vn 0.1418 0.9840 -0.1080
vn 0.1434 0.9874 -0.0674
vn 0.2499 0.9656 -0.0723
vn 0.2743 0.9582 -0.0808
vn 0.0343 0.9937 -0.1067
vn 0.0172 0.9939 -0.1092
vn 0.0171 0.9976 -0.0669
vn 0.0363 0.9972 -0.0655
vn 0.0463 0.9931 -0.1076
vn 0.0691 0.9935 -0.0903
vn 0.0428 0.9977 -0.0527
vn 0.0381 0.9971 -0.0663
vn 0.0187 0.9982 -0.0578
vn -0.1007 0.9941 -0.0410
vn -0.0077 0.9996 -0.0287
vn -0.2225 0.9730 -0.0612
vn -0.2868 0.9534 -0.0938
vn -0.1972 0.9797 -0.0352
vn -0.1001 0.9948 -0.0187
vn -0.2806 0.9430 -0.1790
vn -0.3011 0.9472 -0.1106
vn -0.2824 0.9523 -0.1154
vn -0.2897 0.9544 -0.0718
vn -0.2645 0.9626 -0.0590
vn 0.2475 0.9678 -0.0451
vn 0.2662 0.9627 -0.0482
vn 0.1443 0.9886 -0.0426
vn 0.1445 0.9895 -0.0000
vn 0.2469 0.9690 -0.0000
vn 0.2647 0.9643 -0.0000
vn 0.0378 0.9984 -0.0413
vn 0.0175 0.9990 -0.0418
vn 0.0176 0.9998 -0.0000
vn 0.0382 0.9993 -0.0000
vn 0.0348 0.9985 -0.0418
vn 0.0276 0.9989 -0.0368
vn 0.0240 0.9997 -0.0000
vn 0.0342 0.9994 -0.0000
vn -0.0204 0.9994 -0.0282
vn -0.0983 0.9948 -0.0256
vn -0.0228 0.9997 -0.0000
vn -0.1841 0.9824 -0.0322
vn -0.2540 0.9663 -0.0409
vn -0.1810 0.9835 -0.0000
vn -0.0973 0.9953 -0.0000
vn -0.2694 0.9598 -0.0793
vn -0.2838 0.9578 -0.0455
vn -0.2613 0.9641 -0.0479
vn -0.2826 0.9592 -0.0000
vn -0.2519 0.9678 -0.0000
vn 0.2662 0.9627 0.0482
vn 0.2475 0.9678 0.0451
vn 0.1443 0.9886 0.0426
vn 0.2499 0.9656 0.0723
vn 0.2743 0.9582 0.0808
vn 0.0378 0.9984 0.0413
vn 0.0175 0.9990 0.0418
vn 0.0363 0.9972 0.0655
vn 0.1434 0.9874 0.0674
vn 0.0348 0.9985 0.0418
vn 0.0276 0.9989 0.0368
vn 0.0381 0.9971 0.0663
vn 0.0171 0.9976 0.0669
vn -0.0204 0.9994 0.0282
vn -0.0983 0.9948 0.0256
vn -0.1001 0.9948 0.0187
vn -0.0077 0.9996 0.0287
vn 0.0427 0.9977 0.0527
vn -0.1841 0.9824 0.0322
vn -0.2540 0.9663 0.0409
vn -0.2645 0.9626 0.0590
vn -0.1972 0.9797 0.0352
vn -0.2838 0.9578 0.0455
vn -0.2613 0.9641 0.0479
vn -0.2694 0.9598 0.0793
vn -0.2897 0.9544 0.0718
vn 0.2899 0.9491 0.1235
vn 0.2540 0.9605 0.1132
vn 0.1418 0.9840 0.1080
vn 0.2572 0.9462 0.1963
vn 0.3014 0.9323 0.2001
vn 0.0343 0.9937 0.1067
vn 0.0172 0.9939 0.1092
vn 0.0345 0.9804 0.1939
vn 0.1413 0.9708 0.1940
vn 0.0463 0.9931 0.1077
vn 0.0691 0.9935 0.0903
vn 0.0566 0.9789 0.1963
vn 0.0196 0.9802 0.1972
vn 0.0187 0.9982 0.0578
vn -0.1007 0.9941 0.0410
vn -0.1009 0.9838 0.1484
vn 0.0442 0.9858 0.1622
vn 0.0913 0.9786 0.1845
vn -0.2225 0.9730 0.0612
vn -0.2868 0.9534 0.0938
vn -0.3108 0.9326 0.1834
vn -0.2487 0.9552 0.1606
vn -0.3011 0.9472 0.1106
vn -0.2824 0.9523 0.1154
vn -0.2806 0.9430 0.1790
vn -0.3088 0.9316 0.1918
vn 0.2984 0.9161 0.2678
vn 0.2553 0.9271 0.2745
vn 0.1403 0.9506 0.2770
vn 0.2455 0.9218 0.3001
vn 0.2803 0.9175 0.2823
vn 0.0354 0.9597 0.2788
vn 0.0222 0.9590 0.2825
vn 0.0325 0.9493 0.3126
vn 0.1345 0.9415 0.3089
vn 0.0629 0.9569 0.2834
vn 0.0993 0.9552 0.2789
vn 0.0645 0.9460 0.3176
vn 0.0218 0.9485 0.3160
vn 0.0555 0.9609 0.2714
vn -0.1012 0.9585 0.2665
vn -0.1006 0.9427 0.3181
vn 0.0582 0.9464 0.3177
vn 0.1001 0.9431 0.3171
vn -0.2624 0.9270 0.2679
vn -0.3224 0.9062 0.2736
vn -0.3223 0.8951 0.3080
vn -0.2648 0.9121 0.3130
vn -0.3031 0.9138 0.2702
vn -0.2483 0.9390 0.2381
vn -0.1957 0.9465 0.2567
vn -0.2873 0.9105 0.2976
vn 0.3782 0.8459 -0.3760
vn 0.2766 0.9209 -0.2746
vn 0.2587 0.9185 -0.2990
vn 0.3058 0.9160 -0.2599
vn 0.2329 0.9191 -0.3178
vn 0.1288 0.9361 -0.3274
vn 0.0321 0.9455 -0.3241
vn 0.0226 0.9484 -0.3161
vn 0.0643 0.9478 -0.3125
vn 0.0948 0.9431 -0.3188
vn 0.0544 0.9411 -0.3336
vn -0.1018 0.9337 -0.3434
vn -0.2632 0.9038 -0.3374
vn -0.3177 0.8897 -0.3277
vn -0.2726 0.9083 -0.3173
vn -0.1567 0.9442 -0.2898
vn -0.0937 0.9672 -0.2361
vn -0.2523 0.9378 -0.2386
vn -0.1588 0.9695 -0.1866
vn -0.2361 0.9544 -0.1825
vn -0.2833 0.9458 -0.1587
vn -0.2859 0.9500 -0.1252
vn -0.2688 0.9587 -0.0929
vn -0.2592 0.9644 -0.0526
vn -0.2579 0.9662 -0.0000
vn -0.2598 0.9657 -0.0000
vn -0.2592 0.9644 0.0526
vn -0.2688 0.9587 0.0929
vn -0.2859 0.9500 0.1252
vn -0.2833 0.9458 0.1587
vn -0.2361 0.9544 0.1825
vn -0.1588 0.9695 0.1866
vn -0.0937 0.9672 0.2361
vn -0.1567 0.9442 0.2898
vn -0.2523 0.9378 0.2386
vn -0.2726 0.9083 0.3173
vn -0.3177 0.8897 0.3277
vn -0.2632 0.9038 0.3374
vn -0.1018 0.9337 0.3434
vn 0.0544 0.9411 0.3336
vn 0.0948 0.9431 0.3188
vn 0.0226 0.9484 0.3162
vn 0.0643 0.9478 0.3125
vn 0.1288 0.9361 0.3274
vn 0.0321 0.9455 0.3241
vn 0.2587 0.9185 0.2990
vn 0.2329 0.9191 0.3178
vn 0.3058 0.9160 0.2599
vn 0.2766 0.9209 0.2746
vn 0.3782 0.8459 0.3760
vn 0.3476 0.9140 0.2092
vn 0.3342 0.9064 0.2585
vn 0.3175 0.9431 0.0989
vn 0.3372 0.9301 0.1458
vn 0.3060 0.9520 -0.0000
vn 0.3075 0.9500 0.0547
vn 0.3075 0.9500 -0.0547
vn 0.3175 0.9431 -0.0989
vn 0.3372 0.9301 -0.1458
vn 0.3476 0.9140 -0.2092
vn 0.3342 0.9064 -0.2585
vn -0.0045 1.0000 0.0019
vn 0.6303 0.6995 -0.3369
vn -0.0043 1.0000 0.0023
vn 0.0241 -0.9694 -0.2444
vn 0.1553 -0.6050 -0.7809
vn 0.0479 -0.9694 -0.2409
vn -0.0014 1.0000 -0.0047
vn 0.2735 0.6995 0.6602
vn -0.0019 1.0000 -0.0045
vn -0.2042 -0.9694 -0.1364
vn -0.7022 -0.6050 -0.3753
vn -0.6620 -0.6050 -0.4423
vn 0.0047 1.0000 -0.0014
vn -0.7009 0.6995 0.1394
vn -0.6839 0.6995 0.2075
vn 0.0010 1.0000 0.0048
vn -0.0700 0.6995 -0.7112
vn -0.1394 0.6995 -0.7009
vn 0.2311 -0.6050 -0.7619
vn 0.0713 -0.9694 -0.2350
vn -0.6155 -0.6050 -0.5051
vn -0.1898 -0.9694 -0.1558
vn 0.3047 -0.6050 -0.7356
vn 0.0940 -0.9694 -0.2269
vn -0.1737 -0.9694 -0.1736
vn -0.5630 -0.6050 -0.5630
vn -0.0041 1.0000 0.0027
vn 0.5942 0.6995 -0.3970
vn 0.3753 -0.6050 -0.7022
vn 0.1158 -0.9694 -0.2166
vn 0.3369 0.6995 0.6303
vn -0.0023 1.0000 -0.0043
vn -0.1558 -0.9694 -0.1899
vn -0.5051 -0.6050 -0.6155
vn 0.0045 1.0000 -0.0019
vn -0.6602 0.6995 0.2735
vn -0.2074 0.6995 -0.6839
vn 0.0014 1.0000 0.0047
vn 0.1364 -0.9694 -0.2042
vn 0.4423 -0.6050 -0.6620
vn -0.4423 -0.6050 -0.6620
vn -0.1364 -0.9694 -0.2042
vn 0.1558 -0.9694 -0.1898
vn 0.5051 -0.6050 -0.6155
vn -0.3753 -0.6050 -0.7022
vn -0.1158 -0.9694 -0.2166
vn -0.0038 1.0000 0.0031
vn 0.5524 0.6995 -0.4533
vn 0.5630 -0.6050 -0.5630
vn 0.1737 -0.9694 -0.1737
vn -0.0027 1.0000 -0.0041
vn 0.3970 0.6995 0.5942
vn -0.3047 -0.6050 -0.7356
vn -0.0940 -0.9694 -0.2269
vn -0.6303 0.6995 0.3369
vn 0.0043 1.0000 -0.0023
vn -0.2735 0.6995 -0.6602
vn 0.0019 1.0000 0.0045
vn 0.6155 -0.6050 -0.5051
vn 0.1899 -0.9694 -0.1558
vn -0.2311 -0.6050 -0.7619
vn -0.0713 -0.9694 -0.2350
vn 0.6620 -0.6050 -0.4423
vn 0.2042 -0.9694 -0.1364
vn -0.0479 -0.9694 -0.2409
vn -0.1553 -0.6050 -0.7809
vn 0.5053 0.6995 -0.5053
vn -0.0034 1.0000 0.0034
vn 0.7022 -0.6051 -0.3753
vn 0.2166 -0.9694 -0.1158
vn 0.4534 0.6995 0.5524
vn -0.0031 1.0000 -0.0038
vn -0.0241 -0.9694 -0.2444
vn -0.0780 -0.6051 -0.7923
vn 0.0041 1.0000 -0.0027
vn -0.5942 0.6995 0.3970
vn -0.3369 0.6995 -0.6302
vn 0.0023 1.0000 0.0043
vn 0.7356 -0.6050 -0.3047
vn 0.2269 -0.9694 -0.0940
vn -0.0000 -0.9694 -0.2456
vn -0.0000 -0.6051 -0.7962
vn 0.7619 -0.6050 -0.2311
vn 0.2350 -0.9694 -0.0713
vn -0.0031 1.0000 0.0038
vn 0.4533 0.6995 -0.5524
vn 0.7809 -0.6050 -0.1553
vn 0.2409 -0.9694 -0.0479
vn 0.5053 0.6995 0.5053
vn -0.0034 1.0000 -0.0034
vn -0.5524 0.6995 0.4534
vn 0.0038 1.0000 -0.0031
vn -0.3970 0.6995 -0.5942
vn 0.0027 1.0000 0.0041
vn 0.7924 -0.6050 -0.0780
vn 0.2444 -0.9694 -0.0241
vn 0.7962 -0.6050 -0.0000
vn 0.2456 -0.9694 -0.0000
vn 0.3970 0.6995 -0.5942
vn -0.0027 1.0000 0.0041
vn 0.7924 -0.6050 0.0780
vn 0.2444 -0.9694 0.0241
vn 0.5524 0.6995 0.4534
vn -0.0038 1.0000 -0.0031
vn 0.0034 1.0000 -0.0034
vn -0.5053 0.6995 0.5053
vn -0.4534 0.6995 -0.5524
vn 0.0031 1.0000 0.0038
vn 0.7809 -0.6050 0.1553
vn 0.2409 -0.9694 0.0479
vn 0.7619 -0.6050 0.2311
vn 0.2350 -0.9694 0.0713
vn 0.3369 0.6995 -0.6302
vn -0.0023 1.0000 0.0043
vn 0.7356 -0.6050 0.3047
vn 0.2269 -0.9694 0.0940
vn 0.5942 0.6995 0.3970
vn -0.0041 1.0000 -0.0027
vn 0.0031 1.0000 -0.0038
vn -0.4534 0.6995 0.5524
vn 0.0034 1.0000 0.0034
vn -0.5053 0.6995 -0.5053
vn 0.7022 -0.6050 0.3753
vn 0.2166 -0.9694 0.1158
vn 0.6620 -0.6050 0.4423
vn 0.2042 -0.9694 0.1364
vn 0.2735 0.6995 -0.6602
vn -0.0019 1.0000 0.0045
vn 0.6155 -0.6050 0.5051
vn 0.1898 -0.9694 0.1558
vn 0.9239 -0.0000 0.3827
vn 0.6331 0.6962 0.3384
vn 0.8819 -0.0000 0.4714
vn 0.6303 0.6995 0.3369
vn -0.0043 1.0000 -0.0023
vn 0.0027 1.0000 -0.0041
vn -0.3970 0.6995 0.5942
vn 0.0002 -1.0000 0.0017
vn -0.0017 -1.0000 0.0002
vn -0.0002 -1.0000 -0.0017
vn 0.0032 -1.0000 -0.0010
vn 0.7051 -0.6951 -0.1403
vn 0.0033 -1.0000 -0.0007
vn 0.2380 0.9581 0.1591
vn 0.6249 0.5886 0.5128
vn 0.6722 0.5886 0.4491
vn 0.0003 -1.0000 0.0033
vn 0.1403 -0.6951 0.7051
vn 0.0705 -0.6951 0.7155
vn -0.0033 -1.0000 0.0003
vn -0.7189 -0.6951 -0.0000
vn -0.0034 -1.0000 -0.0000
vn 0.2024 0.9581 0.2024
vn 0.2213 0.9581 0.1816
vn 0.5129 0.5886 0.6249
vn 0.5716 0.5886 0.5716
vn 0.0031 -1.0000 -0.0013
vn 0.6880 -0.6951 -0.2087
vn 0.1590 0.9581 0.2380
vn 0.1816 0.9581 0.2213
vn 0.0010 -1.0000 0.0032
vn 0.0007 -1.0000 0.0033
vn -0.0033 -1.0000 0.0007
vn -0.7155 -0.6951 0.0705
vn 0.1350 0.9581 0.2525
vn 0.4491 0.5886 0.6722
vn -0.0000 -1.0000 -0.0034
vn -0.0705 -0.6951 -0.7155
vn -0.0000 -0.6951 -0.7189
vn 0.1097 0.9580 0.2649
vn 0.3811 0.5886 0.7130
vn 0.0030 -1.0000 -0.0016
vn 0.6642 -0.6951 -0.2751
vn 0.0831 0.9581 0.2740
vn 0.3094 0.5886 0.7469
vn 0.0013 -1.0000 0.0031
vn 0.2087 -0.6951 0.6880
vn -0.0032 -1.0000 0.0010
vn -0.7051 -0.6951 0.1403
vn 0.0559 0.9581 0.2808
vn 0.2347 0.5886 0.7736
vn -0.0007 -1.0000 -0.0033
vn -0.0003 -1.0000 -0.0033
vn 0.0792 0.5886 0.8045
vn 0.1577 0.5886 0.7929
vn -0.0000 0.9581 0.2863
vn 0.0281 0.9581 0.2849
vn 0.0028 -1.0000 -0.0019
vn 0.6340 -0.6951 -0.3389
vn 0.3389 -0.6951 0.6340
vn 0.2751 -0.6951 0.6642
vn -0.0031 -1.0000 0.0013
vn -0.6880 -0.6951 0.2087
vn -0.0281 0.9581 0.2849
vn -0.0000 0.5886 0.8084
vn -0.2087 -0.6951 -0.6880
vn -0.1403 -0.6951 -0.7051
vn -0.1577 0.5886 0.7929
vn -0.0792 0.5886 0.8045
vn -0.0831 0.9581 0.2740
vn -0.0559 0.9581 0.2808
vn 0.5557 -0.6951 -0.4561
vn 0.5978 -0.6951 -0.3994
vn 0.0016 -1.0000 0.0029
vn 0.3994 -0.6951 0.5978
vn -0.0030 -1.0000 0.0016
vn -0.6642 -0.6951 0.2751
vn -0.3094 0.5886 0.7469
vn -0.2347 0.5886 0.7736
vn -0.0010 -1.0000 -0.0032
vn -0.2751 -0.6951 -0.6642
vn -0.1350 0.9581 0.2525
vn -0.1096 0.9581 0.2645
vn -0.1590 0.9581 0.2380
vn -0.3811 0.5886 0.7129
vn 0.0024 -1.0000 -0.0024
vn 0.0026 -1.0000 -0.0021
vn 0.0021 -1.0000 0.0026
vn 0.0019 -1.0000 0.0028
vn -0.0028 -1.0000 0.0019
vn -0.6340 -0.6951 0.3389
vn -0.1816 0.9581 0.2213
vn -0.4491 0.5886 0.6722
vn -0.0016 -1.0000 -0.0030
vn -0.0013 -1.0000 -0.0031
vn -0.2024 0.9581 0.2024
vn -0.5129 0.5886 0.6249
vn -0.6249 0.5886 0.5128
vn -0.5716 0.5886 0.5716
vn 0.0021 -1.0000 -0.0026
vn 0.5084 -0.6951 -0.5084
vn 0.0024 -1.0000 0.0024
vn 0.4561 -0.6951 0.5557
vn -0.5557 -0.6951 0.4561
vn -0.5978 -0.6951 0.3994
vn -0.2380 0.9581 0.1591
vn -0.2213 0.9582 0.1816
vn -0.3994 -0.6951 -0.5978
vn -0.3389 -0.6951 -0.6340
vn -0.2525 0.9581 0.1350
vn -0.6722 0.5886 0.4491
vn -0.2645 0.9581 0.1096
vn -0.7130 0.5886 0.3811
vn 0.0019 -1.0000 -0.0028
vn 0.4561 -0.6951 -0.5557
vn 0.5557 -0.6951 0.4561
vn 0.5084 -0.6951 0.5084
vn -0.0024 -1.0000 0.0024
vn -0.0026 -1.0000 0.0021
vn -0.2740 0.9581 0.0831
vn -0.7469 0.5886 0.3094
vn -0.0019 -1.0000 -0.0028
vn -0.4561 -0.6951 -0.5557
vn -0.2808 0.9581 0.0559
vn -0.7736 0.5886 0.2347
vn 0.3389 -0.6951 -0.6340
vn 0.3994 -0.6951 -0.5978
vn -0.8045 0.5886 0.0792
vn -0.7929 0.5886 0.1577
vn 0.0026 -1.0000 0.0021
vn 0.5978 -0.6951 0.3994
vn -0.4561 -0.6951 0.5557
vn -0.5084 -0.6951 0.5084
vn -0.2863 0.9581 -0.0000
vn -0.2849 0.9581 0.0281
vn -0.0024 -1.0000 -0.0024
vn -0.0021 -1.0000 -0.0026
vn -0.2849 0.9581 -0.0281
vn -0.8084 0.5886 -0.0000
vn 0.0013 -1.0000 -0.0031
vn 0.0016 -1.0000 -0.0030
vn -0.2808 0.9581 -0.0558
vn -0.8045 0.5886 -0.0792
vn -0.0766 -0.6237 -0.7779
vn -0.0000 -0.0000 -1.0000
vn -0.0980 -0.0000 -0.9952
vn -0.1525 -0.6237 -0.7667
vn -0.1951 -0.0000 -0.9808
vn -0.2269 -0.6237 -0.7480
vn -0.2903 -0.0000 -0.9569
vn -0.2991 -0.6237 -0.7222
vn -0.3827 -0.0000 -0.9239
vn -0.3685 -0.6237 -0.6894
vn -0.4714 -0.0000 -0.8819
vn -0.4343 -0.6237 -0.6499
vn -0.5556 -0.0000 -0.8315
vn -0.4959 -0.6237 -0.6042
vn -0.6344 -0.0000 -0.7730
vn -0.5527 -0.6237 -0.5527
vn -0.7071 -0.0000 -0.7071
vn -0.6042 -0.6237 -0.4959
vn -0.7730 -0.0000 -0.6344
vn -0.6499 -0.6237 -0.4343
vn -0.8315 -0.0000 -0.5556
vn -0.6894 -0.6237 -0.3685
vn -0.8819 -0.0000 -0.4714
vn -0.7222 -0.6237 -0.2991
vn -0.9239 -0.0000 -0.3827
vn -0.7480 -0.6237 -0.2269
vn -0.9569 -0.0000 -0.2903
vn -0.7666 -0.6237 -0.1525
vn -0.9808 -0.0000 -0.1951
vn -0.7779 -0.6237 -0.0766
vn -0.9952 -0.0000 -0.0980
vn -0.7817 -0.6237 -0.0000
vn -1.0000 -0.0000 -0.0000
vn -0.7779 -0.6237 0.0766
vn -0.9952 -0.0000 0.0980
vn -0.7666 -0.6237 0.1525
vn -0.9808 -0.0000 0.1951
vn -0.7480 -0.6237 0.2269
vn -0.9569 -0.0000 0.2903
vn -0.7222 -0.6237 0.2991
vn -0.9239 -0.0000 0.3827
vn -0.6895 -0.6236 0.3685
vn -0.8819 -0.0000 0.4714
vn -0.6500 -0.6235 0.4343
vn -0.8315 -0.0000 0.5556
vn -0.6043 -0.6236 0.4959
vn -0.7730 -0.0000 0.6344
vn -0.5528 -0.6236 0.5528
vn -0.7071 -0.0000 0.7071
vn -0.4959 -0.6236 0.6043
vn -0.6344 -0.0000 0.7730
vn -0.4343 -0.6236 0.6500
vn -0.5556 -0.0000 0.8315
vn -0.3685 -0.6236 0.6895
vn -0.4714 -0.0000 0.8819
vn -0.2992 -0.6236 0.7223
vn -0.3827 -0.0000 0.9239
vn -0.2269 -0.6236 0.7481
vn -0.2903 -0.0000 0.9569
vn -0.1525 -0.6236 0.7667
vn -0.1951 -0.0000 0.9808
vn -0.0766 -0.6236 0.7780
vn -0.0980 -0.0000 0.9952
vn -0.0000 -0.6236 0.7818
vn -0.0000 -0.0000 1.0000
vn 0.0766 -0.6236 0.7780
vn 0.0980 -0.0000 0.9952
vn 0.1525 -0.6236 0.7667
vn 0.1951 -0.0000 0.9808
vn 0.2269 -0.6235 0.7481
vn 0.2903 -0.0000 0.9569
vn 0.2992 -0.6236 0.7223
vn 0.3827 -0.0000 0.9239
vn 0.3685 -0.6236 0.6895
vn 0.4714 -0.0000 0.8819
vn 0.4343 -0.6236 0.6500
vn 0.5556 -0.0000 0.8315
vn 0.4960 -0.6236 0.6043
vn 0.6344 -0.0000 0.7730
vn 0.5528 -0.6236 0.5528
vn 0.7071 -0.0000 0.7071
vn 0.6043 -0.6236 0.4959
vn 0.7730 -0.0000 0.6344
vn 0.6500 -0.6236 0.4343
vn 0.8315 -0.0000 0.5556
vn 0.6895 -0.6236 0.3685
vn 0.7222 -0.6237 0.2991
vn 0.7480 -0.6237 0.2269
vn 0.9569 -0.0000 0.2903
vn 0.7666 -0.6237 0.1525
vn 0.9808 -0.0000 0.1951
vn 0.7779 -0.6237 0.0766
vn 0.9952 -0.0000 0.0980
vn 0.7817 -0.6237 -0.0000
vn 1.0000 -0.0000 -0.0000
vn 0.7779 -0.6237 -0.0766
vn 0.9952 -0.0000 -0.0980
vn 0.7666 -0.6237 -0.1525
vn 0.9808 -0.0000 -0.1951
vn 0.7480 -0.6237 -0.2269
vn 0.9569 -0.0000 -0.2903
vn 0.7222 -0.6237 -0.2991
vn 0.9239 -0.0000 -0.3827
vn 0.6894 -0.6237 -0.3685
vn 0.8819 -0.0000 -0.4714
vn 0.6499 -0.6237 -0.4343
vn 0.8315 -0.0000 -0.5556
vn 0.6042 -0.6237 -0.4959
vn 0.7730 -0.0000 -0.6344
vn 0.5527 -0.6237 -0.5527
vn 0.7071 -0.0000 -0.7071
vn 0.4959 -0.6237 -0.6042
vn 0.6344 -0.0000 -0.7730
vn 0.4343 -0.6237 -0.6499
vn 0.5556 -0.0000 -0.8315
vn 0.3685 -0.6237 -0.6894
vn 0.4714 -0.0000 -0.8819
vn 0.2991 -0.6237 -0.7222
vn 0.3827 -0.0000 -0.9239
vn 0.2269 -0.6237 -0.7480
vn 0.2903 -0.0000 -0.9569
vn 0.1525 -0.6237 -0.7667
vn 0.1951 -0.0000 -0.9808
vn 0.0766 -0.6237 -0.7779
vn 0.0980 -0.0000 -0.9952
vn -0.0000 -0.6237 -0.7817
vn -0.0792 0.5885 -0.8046
vn -0.1577 0.5885 -0.7929
vn -0.2347 0.5886 -0.7736
vn -0.3094 0.5886 -0.7469
vn -0.3811 0.5885 -0.7130
vn -0.4492 0.5886 -0.6722
vn -0.5129 0.5886 -0.6249
vn -0.5717 0.5885 -0.5717
vn -0.6250 0.5885 -0.5129
vn -0.6722 0.5886 -0.4492
vn -0.7130 0.5886 -0.3811
vn -0.7469 0.5886 -0.3094
vn -0.7736 0.5886 -0.2347
vn -0.7929 0.5886 -0.1577
vn 0.7130 0.5886 0.3811
vn 0.7469 0.5886 0.3094
vn 0.7736 0.5886 0.2347
vn 0.7929 0.5886 0.1577
vn 0.8045 0.5886 0.0792
vn 0.8084 0.5886 -0.0000
vn 0.8045 0.5886 -0.0792
vn 0.7929 0.5886 -0.1577
vn 0.7736 0.5886 -0.2347
vn 0.7469 0.5886 -0.3094
vn 0.7130 0.5886 -0.3811
vn 0.6722 0.5885 -0.4492
vn 0.6249 0.5886 -0.5129
vn 0.5717 0.5886 -0.5717
vn 0.5129 0.5886 -0.6249
vn 0.4492 0.5886 -0.6722
vn 0.3811 0.5886 -0.7130
vn 0.3094 0.5886 -0.7469
vn 0.2347 0.5885 -0.7736
vn 0.1577 0.5886 -0.7929
vn 0.0792 0.5886 -0.8046
vn -0.0000 0.5886 -0.8085
vn 0.2525 0.9581 0.1350
vn 0.2649 0.9580 0.1097
vn -0.7155 -0.6951 -0.0705
vn -0.0033 -1.0000 -0.0003
vn -0.0000 -0.6951 0.7189
vn -0.0000 -1.0000 0.0033
vn 0.2740 0.9581 0.0831
vn 0.7155 -0.6951 -0.0705
vn 0.0033 -1.0000 -0.0003
vn 0.2808 0.9581 0.0559
vn 0.2849 0.9581 0.0281
vn -0.7051 -0.6951 -0.1403
vn -0.0033 -1.0000 -0.0007
vn -0.0705 -0.6951 0.7155
vn -0.0003 -1.0000 0.0033
vn 0.2863 0.9581 -0.0000
vn 0.7189 -0.6951 -0.0000
vn 0.0034 -1.0000 -0.0000
vn 0.2849 0.9581 -0.0281
vn 0.2808 0.9581 -0.0559
vn -0.0032 -1.0000 -0.0010
vn -0.6880 -0.6951 -0.2087
vn -0.1403 -0.6951 0.7051
vn -0.0007 -1.0000 0.0033
vn 0.2740 0.9581 -0.0831
vn 0.7155 -0.6951 0.0705
vn 0.0033 -1.0000 0.0003
vn 0.2645 0.9581 -0.1096
vn -0.0000 0.9581 -0.2864
vn -0.0281 0.9581 -0.2850
vn 0.2526 0.9581 -0.1350
vn -0.0031 -1.0000 -0.0013
vn -0.6642 -0.6951 -0.2751
vn 0.0705 -0.6951 -0.7155
vn 0.0003 -1.0000 -0.0033
vn -0.0559 0.9581 -0.2809
vn -0.2087 -0.6951 0.6880
vn -0.0010 -1.0000 0.0032
vn 0.2381 0.9581 -0.1591
vn 0.7051 -0.6951 0.1403
vn 0.0033 -1.0000 0.0007
vn -0.0831 0.9581 -0.2741
vn 0.2214 0.9581 -0.1817
vn -0.1096 0.9581 -0.2646
vn 0.2025 0.9581 -0.2025
vn -0.6340 -0.6951 -0.3389
vn -0.0030 -1.0000 -0.0016
vn -0.1350 0.9581 -0.2526
vn -0.2751 -0.6951 0.6642
vn -0.0013 -1.0000 0.0031
vn 0.1817 0.9581 -0.2214
vn 0.0032 -1.0000 0.0010
vn 0.6880 -0.6951 0.2087
vn 0.1403 -0.6951 -0.7051
vn 0.0007 -1.0000 -0.0033
vn -0.1591 0.9581 -0.2381
vn 0.1591 0.9581 -0.2381
vn -0.1817 0.9581 -0.2214
vn 0.1350 0.9581 -0.2526
vn -0.0028 -1.0000 -0.0019
vn -0.5978 -0.6951 -0.3994
vn -0.2025 0.9581 -0.2025
vn -0.3389 -0.6951 0.6340
vn -0.0016 -1.0000 0.0029
vn 0.1096 0.9581 -0.2646
vn 0.6642 -0.6951 0.2751
vn 0.0031 -1.0000 0.0013
vn 0.0010 -1.0000 -0.0032
vn 0.2087 -0.6951 -0.6880
vn -0.2214 0.9581 -0.1817
vn 0.0831 0.9581 -0.2740
vn -0.2381 0.9581 -0.1591
vn 0.0559 0.9581 -0.2809
vn -0.0026 -1.0000 -0.0021
vn -0.5557 -0.6951 -0.4561
vn -0.2526 0.9581 -0.1350
vn -0.3994 -0.6951 0.5978
vn -0.0019 -1.0000 0.0028
vn 0.0281 0.9581 -0.2850
vn 0.0030 -1.0000 0.0016
vn 0.6340 -0.6951 0.3389
vn 0.2751 -0.6951 -0.6642
vn -0.2645 0.9581 -0.1096
vn -0.2740 0.9581 -0.0831
vn -0.5084 -0.6951 -0.5084
vn -0.0021 -1.0000 0.0026
vn 0.0028 -1.0000 0.0019
vn -0.0000 0.6995 -0.7146
vn 0.0700 0.6995 -0.7112
vn 0.1394 0.6995 -0.7009
vn 0.2074 0.6995 -0.6838
vn 0.6602 0.6995 -0.2735
vn 0.6838 0.6995 -0.2074
vn 0.7009 0.6995 -0.1394
vn 0.7112 0.6995 -0.0700
vn 0.7146 0.6995 -0.0000
vn 0.7112 0.6995 0.0701
vn 0.7009 0.6995 0.1394
vn 0.6839 0.6995 0.2074
vn 0.6602 0.6995 0.2735
vn 0.2074 0.6995 0.6839
vn 0.1394 0.6995 0.7009
vn 0.0700 0.6995 0.7112
vn -0.0000 0.6995 0.7146
vn -0.0700 0.6995 0.7112
vn -0.1394 0.6995 0.7009
vn -0.2074 0.6995 0.6839
vn -0.2735 0.6995 0.6602
vn -0.3369 0.6995 0.6302
vn -0.7112 0.6995 0.0700
vn -0.7146 0.6995 -0.0000
vn -0.7112 0.6995 -0.0700
vn -0.7009 0.6995 -0.1394
vn -0.6839 0.6995 -0.2074
vn -0.6602 0.6995 -0.2735
vn -0.6303 0.6995 -0.3369
vn -0.5942 0.6995 -0.3970
vn -0.5524 0.6995 -0.4534
vn -0.2166 -0.9694 -0.1158
vn -0.7356 -0.6050 -0.3047
vn 0.0780 -0.6050 -0.7924
vn -0.2350 -0.9694 -0.0713
vn -0.2269 -0.9694 -0.0940
vn -0.0000 1.0000 0.0049
vn 0.0005 1.0000 0.0049
vn 0.0049 1.0000 -0.0005
vn 0.0048 1.0000 -0.0010
vn -0.2409 -0.9694 -0.0479
vn -0.7619 -0.6050 -0.2311
vn -0.0010 1.0000 -0.0048
vn -0.0047 1.0000 0.0014
vn -0.7924 -0.6051 -0.0780
vn -0.7809 -0.6050 -0.1553
vn -0.2456 -0.9694 -0.0000
vn -0.2444 -0.9694 -0.0241
vn 0.0049 1.0000 -0.0000
vn -0.2444 -0.9694 0.0241
vn -0.7962 -0.6050 -0.0000
vn -0.7809 -0.6050 0.1553
vn -0.7924 -0.6050 0.0780
vn -0.2409 -0.9694 0.0479
vn -0.7619 -0.6050 0.2311
vn -0.2269 -0.9694 0.0940
vn -0.2350 -0.9694 0.0713
vn 0.0049 1.0000 0.0005
vn -0.0005 1.0000 -0.0049
vn -0.0048 1.0000 0.0010
vn -0.2166 -0.9694 0.1158
vn -0.7356 -0.6050 0.3047
vn -0.2042 -0.9694 0.1364
vn -0.7022 -0.6050 0.3753
vn -0.6155 -0.6051 0.5051
vn -0.6620 -0.6050 0.4423
vn -0.0000 1.0000 -0.0049
vn -0.0049 1.0000 -0.0000
vn -0.0049 1.0000 0.0005
vn -0.1898 -0.9694 0.1558
vn -0.5630 -0.6051 0.5630
vn -0.1736 -0.9694 0.1736
vn -0.5051 -0.6050 0.6155
vn 0.0047 1.0000 0.0014
vn 0.0048 1.0000 0.0010
vn -0.1558 -0.9694 0.1899
vn -0.4423 -0.6050 0.6620
vn 0.0005 1.0000 -0.0049
vn -0.1364 -0.9694 0.2042
vn -0.3753 -0.6050 0.7022
vn -0.1158 -0.9694 0.2166
vn -0.3047 -0.6050 0.7356
vn 0.0045 1.0000 0.0019
vn -0.0713 -0.9694 0.2350
vn -0.0940 -0.9694 0.2269
vn -0.0005 1.0000 0.0049
vn 0.0010 1.0000 -0.0048
vn -0.0048 1.0000 -0.0010
vn -0.0049 1.0000 -0.0005
vn -0.0479 -0.9694 0.2408
vn -0.2311 -0.6050 0.7619
vn -0.0241 -0.9694 0.2444
vn -0.1553 -0.6050 0.7809
vn -0.0000 -0.9694 0.2456
vn -0.0780 -0.6050 0.7924
vn 0.0014 1.0000 -0.0047
vn 0.0241 -0.9694 0.2444
vn -0.0000 -0.6050 0.7962
vn -0.0010 1.0000 0.0048
vn 0.0479 -0.9694 0.2408
vn 0.0780 -0.6051 0.7923
vn 0.0041 1.0000 0.0027
vn 0.0043 1.0000 0.0023
vn 0.2311 -0.6050 0.7619
vn 0.1553 -0.6050 0.7809
vn 0.0023 1.0000 -0.0043
vn 0.0019 1.0000 -0.0045
vn -0.0045 1.0000 -0.0019
vn -0.0047 1.0000 -0.0014
vn 0.0713 -0.9694 0.2350
vn 0.3047 -0.6050 0.7356
vn -0.0014 1.0000 0.0047
vn 0.1158 -0.9694 0.2166
vn 0.0940 -0.9694 0.2269
vn 0.1364 -0.9694 0.2042
vn 0.3753 -0.6050 0.7022
vn 0.0038 1.0000 0.0031
vn 0.1558 -0.9694 0.1898
vn 0.4423 -0.6050 0.6620
vn 0.1736 -0.9694 0.1737
vn 0.5051 -0.6050 0.6155
vn 0.5630 -0.6050 0.5630
vn -0.0000 1.0000 -0.0000
vn -0.3384 0.6962 -0.6331
vn -0.0669 0.7275 0.6828
vn 0.5968 0.6962 0.3988
vn -0.2747 0.6962 -0.6632
vn -0.1350 0.7145 0.6864
vn 0.5549 0.6962 0.4554
vn -0.2060 0.6973 -0.6865
vn -0.2060 0.6973 0.6865
vn 0.5076 0.6962 0.5076
vn -0.1350 0.7146 -0.6864
vn -0.2747 0.6962 0.6632
vn 0.4554 0.6962 0.5549
vn -0.0669 0.7276 -0.6828
vn -0.3384 0.6962 0.6331
vn 0.3988 0.6962 0.5968
vn -0.0000 0.7317 -0.6816
vn -0.3988 0.6962 0.5968
vn 0.3384 0.6962 0.6331
vn 0.0669 0.7276 -0.6828
vn -0.4554 0.6962 0.5549
vn 0.2747 0.6962 0.6632
vn 0.1350 0.7146 -0.6864
vn -0.5076 0.6962 0.5076
vn 0.2060 0.6973 0.6865
vn 0.2060 0.6973 -0.6865
vn -0.5549 0.6962 0.4554
vn 0.1350 0.7146 0.6864
vn 0.2747 0.6962 -0.6632
vn -0.5968 0.6962 0.3988
vn 0.0669 0.7275 0.6828
vn 0.3384 0.6962 -0.6331
vn -0.6331 0.6962 0.3384
vn -0.0000 0.7317 0.6816
vn 0.3988 0.6962 -0.5968
vn -0.6632 0.6962 0.2747
vn 0.4554 0.6962 -0.5549
vn -0.6869 0.6962 0.2084
vn 0.5076 0.6962 -0.5076
vn -0.7040 0.6962 0.1400
vn 0.5549 0.6962 -0.4554
vn -0.7144 0.6962 0.0704
vn 0.5968 0.6962 -0.3988
vn -0.7178 0.6962 -0.0000
vn 0.6331 0.6962 -0.3384
vn -0.7144 0.6962 -0.0704
vn 0.6632 0.6962 -0.2747
vn -0.7040 0.6962 -0.1400
vn 0.6869 0.6962 -0.2084
vn -0.6869 0.6962 -0.2084
vn 0.7040 0.6962 -0.1400
vn -0.6632 0.6962 -0.2747
vn 0.7144 0.6962 -0.0704
vn -0.6331 0.6962 -0.3384
vn 0.7178 0.6962 -0.0000
vn -0.5968 0.6962 -0.3988
vn 0.7144 0.6962 0.0704
vn -0.5549 0.6962 -0.4554
vn 0.7040 0.6962 0.1400
vn -0.5076 0.6962 -0.5076
vn 0.6869 0.6962 0.2084
vn -0.4554 0.6962 -0.5549
vn 0.6632 0.6962 0.2747
vn -0.3988 0.6962 -0.5968
vn 0.5022 0.8464 -0.1775
vn 0.5013 0.8538 -0.1407
vn -0.5120 0.8577 -0.0459
vn -0.4021 0.8226 -0.4021
vn 0.4964 0.8595 -0.1217
vn 0.4988 0.8621 -0.0893
vn -0.5039 0.8589 0.0913
vn -0.5120 0.8577 0.0459
vn -0.4878 0.8418 0.2312
vn -0.4878 0.8544 0.1789
vn -0.1994 0.8247 -0.5292
vn -0.1530 0.8247 -0.5445
vn 0.5013 0.8538 0.1407
vn -0.3014 0.8243 -0.4793
vn -0.2500 0.8248 -0.5071
vn 0.3028 0.8224 0.4815
vn 0.2511 0.8229 0.5098
vn 0.4988 0.8621 0.0893
vn 0.4033 0.8226 -0.4008
vn 0.4961 0.8597 0.1216
vn 0.1999 0.8231 -0.5315
vn -0.1994 0.8247 0.5292
vn -0.4021 0.8226 0.4021
vn 0.0115 0.9958 0.0906
vn 0.0157 0.9986 0.0511
vn -0.4931 0.8594 0.1350
vn -0.4457 0.8235 0.3509
vn -0.4762 0.8295 0.2918
vn 0.1999 0.8231 0.5315
vn -0.1530 0.8247 0.5445
vn -0.4931 0.8594 -0.1350
vn 0.5076 0.8616 -0.0000
vn -0.3014 0.8243 0.4793
vn -0.0000 0.9946 0.1038
vn 0.3541 0.8221 -0.4459
vn 0.5050 0.8619 0.0458
vn -0.4878 0.8544 -0.1789
vn -0.4762 0.8295 -0.2918
vn -0.5039 0.8589 -0.0913
vn 0.4858 0.8366 -0.2531
vn 0.5051 0.8619 -0.0458
vn -0.3528 0.8232 -0.4448
vn 0.4858 0.8366 0.2531
vn -0.0060 1.0000 0.0020
vn -0.4457 0.8235 -0.3509
vn -0.2500 0.8248 0.5071
vn -0.0115 0.9958 0.0906
vn 0.2511 0.8229 -0.5098
vn 0.3028 0.8225 -0.4815
vn 0.4033 0.8226 0.4008
vn 0.3541 0.8221 0.4459
vn -0.5148 0.8573 -0.0000
vn 0.5022 0.8464 0.1775
vn 0.0060 1.0000 0.0020
vn 0.4496 0.8268 -0.3379
vn -0.4878 0.8418 -0.2312
vn 0.4497 0.8268 0.3379
vn -0.3528 0.8232 0.4448
vn 0.0060 1.0000 -0.0020
vn 0.0115 0.9958 -0.0906
vn -0.0000 0.9946 -0.1038
vn -0.0115 0.9958 -0.0906
vn -0.0157 0.9986 -0.0511
vn -0.0060 1.0000 -0.0020
vn 0.1737 -0.9694 0.1737
vn 0.1558 -0.9694 0.1899
vn 0.1365 -0.9694 0.2042
vn 0.0713 -0.9694 0.2351
vn 0.0479 -0.9694 0.2409
vn -0.0479 -0.9694 0.2409
vn -0.0713 -0.9694 0.2351
vn -0.0940 -0.9694 0.2270
vn -0.1365 -0.9694 0.2042
vn -0.1737 -0.9694 0.1737
vn -0.1899 -0.9694 0.1558
vn -0.2042 -0.9694 0.1365
vn -0.2268 -0.9694 0.0940
vn -0.2408 -0.9694 0.0479
vn -0.2443 -0.9694 0.0241
vn -0.2455 -0.9694 -0.0000
vn -0.2443 -0.9694 -0.0241
vn -0.2408 -0.9694 -0.0479
vn -0.2268 -0.9694 -0.0940
vn 0.0241 -0.9694 -0.2443
vn -0.2165 -0.9694 -0.1157
vn 0.2042 -0.9694 0.1365
vn 0.1899 -0.9694 0.1558
vn 0.2268 -0.9694 0.0940
vn 0.2349 -0.9694 0.0713
vn 0.2408 -0.9694 0.0479
vn 0.2443 -0.9694 0.0241
vn 0.2455 -0.9694 -0.0000
vn 0.2443 -0.9694 -0.0241
vn 0.2408 -0.9694 -0.0479
vn 0.2349 -0.9694 -0.0713
vn -0.0000 -0.9694 -0.2455
vn 0.2268 -0.9694 -0.0939
vn -0.0241 -0.9694 -0.2443
vn 0.2041 -0.9694 -0.1364
vn 0.2165 -0.9694 -0.1157
vn -0.0479 -0.9694 -0.2408
vn 0.1898 -0.9694 -0.1557
vn -0.0713 -0.9694 -0.2349
vn 0.1736 -0.9694 -0.1736
vn -0.0940 -0.9694 -0.2268
vn -0.1364 -0.9694 -0.2041
vn -0.1157 -0.9694 -0.2165
vn 0.1364 -0.9694 -0.2041
vn -0.1557 -0.9694 -0.1898
vn -0.1736 -0.9694 -0.1736
vn 0.1157 -0.9694 -0.2165
vn 0.0713 -0.9694 -0.2349
vn 0.0940 -0.9694 -0.2268
vn -0.2041 -0.9694 -0.1364
vn 0.0479 -0.9694 -0.2408
vn -0.0000 0.6064 -0.7951
vn -0.0779 0.6064 -0.7913
vn -0.1551 0.6064 -0.7799
vn -0.2308 0.6064 -0.7609
vn -0.3043 0.6065 -0.7346
vn -0.3748 0.6064 -0.7013
vn -0.4418 0.6064 -0.6611
vn -0.5044 0.6064 -0.6146
vn -0.5623 0.6064 -0.5623
vn -0.6147 0.6064 -0.5044
vn -0.6611 0.6064 -0.4418
vn -0.7012 0.6064 -0.3748
vn -0.7346 0.6064 -0.3043
vn -0.7609 0.6064 -0.2308
vn -0.7799 0.6064 -0.1551
vn -0.7913 0.6064 -0.0779
vn -0.7951 0.6064 -0.0000
vn -0.7913 0.6064 0.0779
vn -0.7799 0.6064 0.1551
vn -0.7609 0.6064 0.2308
vn -0.7346 0.6064 0.3043
vn -0.7013 0.6064 0.3748
vn -0.6611 0.6064 0.4418
vn -0.6147 0.6064 0.5044
vn -0.5623 0.6064 0.5623
vn -0.5044 0.6064 0.6146
vn -0.4418 0.6064 0.6611
vn -0.3748 0.6064 0.7013
vn -0.3043 0.6064 0.7346
vn -0.2308 0.6064 0.7609
vn -0.1551 0.6064 0.7799
vn -0.0779 0.6064 0.7913
vn -0.0000 0.6064 0.7951
vn 0.0779 0.6064 0.7913
vn 0.1551 0.6064 0.7799
vn 0.2308 0.6064 0.7609
vn 0.3043 0.6064 0.7346
vn 0.3748 0.6064 0.7013
vn 0.4418 0.6064 0.6611
vn 0.5044 0.6064 0.6146
vn 0.5623 0.6064 0.5623
vn 0.6147 0.6064 0.5044
vn 0.6611 0.6064 0.4418
vn 0.7012 0.6064 0.3748
vn 0.7346 0.6065 0.3043
vn 0.7609 0.6064 0.2308
vn 0.7799 0.6064 0.1551
vn 0.7913 0.6064 0.0779
vn 0.7951 0.6064 -0.0000
vn 0.7913 0.6064 -0.0779
vn 0.7799 0.6064 -0.1551
vn 0.7609 0.6064 -0.2308
vn 0.7346 0.6064 -0.3043
vn 0.7013 0.6064 -0.3748
vn 0.6611 0.6064 -0.4418
vn 0.6146 0.6064 -0.5044
vn 0.5622 0.6064 -0.5622
vn 0.5044 0.6064 -0.6146
vn 0.4418 0.6064 -0.6611
vn 0.3748 0.6064 -0.7013
vn 0.3043 0.6064 -0.7346
vn 0.2308 0.6064 -0.7609
vn 0.1551 0.6064 -0.7799
vn 0.0779 0.6064 -0.7913
vn -0.2809 0.9581 -0.0559
vn -0.2646 0.9581 -0.1096
vn 0.0831 0.9581 -0.2741
vn -0.0831 0.9581 -0.2740
vn 0.2741 0.9581 -0.0831
vn 0.2646 0.9581 -0.1096
vn 0.2850 0.9581 -0.0281
vn 0.2809 0.9581 -0.0559
vn 0.2864 0.9581 -0.0000
vn 0.2850 0.9581 0.0281
vn 0.2809 0.9581 0.0559
vn 0.2741 0.9581 0.0831
vn 0.2526 0.9581 0.1350
vn 0.2646 0.9581 0.1096
vn -0.2850 0.9581 -0.0281
vn -0.2864 0.9581 -0.0000
vn -0.2850 0.9581 0.0281
vn -0.2809 0.9581 0.0559
vn -0.2741 0.9581 0.0831
vn -0.2646 0.9581 0.1096
vn -0.2526 0.9581 0.1350
vn -0.2381 0.9581 0.1591
vn -0.2214 0.9581 0.1817
vn -0.2025 0.9581 0.2025
vn -0.1817 0.9581 0.2214
vn -0.1591 0.9581 0.2381
vn -0.1350 0.9581 0.2526
vn -0.1096 0.9581 0.2646
vn -0.0559 0.9581 0.2809
vn -0.0281 0.9581 0.2850
vn -0.0000 0.9581 0.2864
vn 0.0281 0.9581 0.2850
vn 0.0559 0.9581 0.2809
vn 0.1096 0.9581 0.2646
vn 0.1350 0.9581 0.2526
vn 0.1591 0.9581 0.2381
vn 0.1817 0.9581 0.2214
vn 0.2025 0.9581 0.2025
vn 0.2214 0.9581 0.1817
vn 0.2381 0.9581 0.1591
vn 0.0015 -1.0000 0.0010
vn -0.0010 -1.0000 0.0014
vn -0.0011 -1.0000 0.0013
vn -0.0014 -1.0000 -0.0011
vn -0.0012 -1.0000 -0.0012
vn 0.0005 -1.0000 -0.0017
vn 0.0007 -1.0000 -0.0016
vn 0.0015 -1.0000 0.0008
vn -0.0015 -1.0000 -0.0010
vn 0.0017 -1.0000 0.0005
vn 0.0016 -1.0000 0.0007
vn -0.0008 -1.0000 0.0015
vn -0.0015 -1.0000 -0.0008
vn 0.0002 -1.0000 -0.0017
vn 0.0003 -1.0000 -0.0017
vn 0.0017 -1.0000 0.0003
vn -0.0005 -1.0000 0.0017
vn -0.0007 -1.0000 0.0016
vn -0.0003 -1.0000 0.0017
vn -0.0016 -1.0000 -0.0007
vn 0.0018 -1.0000 -0.0000
vn 0.0017 -1.0000 0.0002
vn -0.0002 -1.0000 0.0017
vn -0.0017 -1.0000 -0.0005
vn 0.0017 -1.0000 -0.0002
vn -0.0000 -1.0000 0.0017
vn -0.0017 -1.0000 -0.0002
vn -0.0017 -1.0000 -0.0003
vn 0.0017 -1.0000 -0.0003
vn -0.0018 -1.0000 -0.0000
vn 0.0008 -1.0000 -0.0015
vn -0.0011 -1.0000 -0.0014
vn -0.0012 -1.0000 0.0012
vn 0.0013 -1.0000 0.0011
vn 0.0010 -1.0000 -0.0015
vn -0.0010 -1.0000 -0.0015
vn -0.0014 -1.0000 0.0011
vn 0.0012 -1.0000 0.0012
vn 0.0011 -1.0000 -0.0014
vn -0.0008 -1.0000 -0.0015
vn -0.0015 -1.0000 0.0010
vn 0.0011 -1.0000 0.0013
vn 0.0012 -1.0000 -0.0012
vn -0.0007 -1.0000 -0.0016
vn -0.0015 -1.0000 0.0008
vn 0.0010 -1.0000 0.0014
vn 0.0014 -1.0000 -0.0011
vn -0.0005 -1.0000 -0.0017
vn -0.0016 -1.0000 0.0007
vn 0.0008 -1.0000 0.0015
vn 0.0015 -1.0000 -0.0010
vn -0.0003 -1.0000 -0.0017
vn -0.0017 -1.0000 0.0005
vn 0.0007 -1.0000 0.0016
vn 0.0015 -1.0000 -0.0008
vn -0.0017 -1.0000 0.0003
vn 0.0005 -1.0000 0.0017
vn 0.0016 -1.0000 -0.0007
vn -0.0000 -1.0000 -0.0018
vn 0.0003 -1.0000 0.0017
vn 0.0017 -1.0000 -0.0005
vn -0.0000 0.7183 0.6957
vn 0.0682 0.7183 0.6924
vn 0.1357 0.7183 0.6824
vn 0.2020 0.7183 0.6658
vn 0.2662 0.7183 0.6428
vn 0.3280 0.7183 0.6136
vn 0.3865 0.7183 0.5785
vn 0.4414 0.7183 0.5378
vn 0.4919 0.7183 0.4919
vn 0.5378 0.7183 0.4413
vn 0.5785 0.7183 0.3865
vn 0.6136 0.7183 0.3280
vn 0.6428 0.7183 0.2662
vn 0.6658 0.7183 0.2020
vn 0.6823 0.7183 0.1357
vn 0.6924 0.7183 0.0682
vn 0.6957 0.7183 -0.0000
vn 0.6924 0.7183 -0.0682
vn 0.6823 0.7183 -0.1357
vn 0.6658 0.7183 -0.2020
vn 0.6428 0.7183 -0.2662
vn 0.6136 0.7183 -0.3280
vn 0.5785 0.7183 -0.3865
vn 0.5378 0.7183 -0.4414
vn 0.4920 0.7183 -0.4919
vn 0.4414 0.7183 -0.5378
vn 0.3865 0.7183 -0.5785
vn 0.3280 0.7183 -0.6136
vn 0.2662 0.7183 -0.6428
vn 0.2020 0.7183 -0.6658
vn 0.1357 0.7183 -0.6823
vn 0.0682 0.7183 -0.6924
vn -0.0000 0.7183 -0.6957
vn -0.0682 0.7183 -0.6924
vn -0.1357 0.7183 -0.6824
vn -0.2020 0.7183 -0.6658
vn -0.2662 0.7183 -0.6428
vn -0.3280 0.7183 -0.6136
vn -0.3865 0.7183 -0.5785
vn -0.4414 0.7183 -0.5378
vn -0.4919 0.7183 -0.4920
vn -0.5378 0.7183 -0.4414
vn -0.5785 0.7183 -0.3865
vn -0.6136 0.7183 -0.3280
vn -0.6428 0.7183 -0.2662
vn -0.6658 0.7183 -0.2020
vn -0.6824 0.7183 -0.1357
vn -0.6924 0.7183 -0.0682
vn -0.6957 0.7183 -0.0000
vn -0.6924 0.7183 0.0682
vn -0.6823 0.7183 0.1357
vn -0.6658 0.7183 0.2020
vn -0.6428 0.7183 0.2662
vn -0.6136 0.7183 0.3280
vn -0.5785 0.7183 0.3865
vn -0.5378 0.7183 0.4414
vn -0.4919 0.7183 0.4919
vn -0.4414 0.7183 0.5378
vn -0.3865 0.7183 0.5785
vn -0.3280 0.7183 0.6136
vn -0.2662 0.7183 0.6427
vn -0.2020 0.7183 0.6658
vn -0.1357 0.7183 0.6824
vn -0.0682 0.7183 0.6924
vn 0.0157 0.9986 -0.0511
vn -0.0157 0.9986 0.0511
vn 0.0063 0.9983 -0.0573
vn -0.0018 0.9999 0.0164
vn 0.0110 0.9949 -0.1007
vn -0.0010 1.0000 0.0093
vn 0.0325 0.9542 -0.2974
vn 0.0003 1.0000 -0.0030
vn -0.0003 1.0000 0.0030
vn -0.0325 0.9542 0.2974
vn 0.0010 1.0000 -0.0093
vn -0.0110 0.9949 0.1006
vn 0.0018 0.9999 -0.0164
vn -0.0063 0.9983 0.0573
vn 0.0027 0.9997 -0.0252
vn -0.0041 0.9993 0.0374
vn 0.0041 0.9993 -0.0374
vn -0.0027 0.9997 0.0252
vn -0.0121 0.9993 0.0359
vn 0.0121 0.9993 -0.0359
vn -0.0081 0.9997 0.0242
vn 0.0185 0.9983 -0.0551
vn -0.0053 0.9999 0.0158
vn 0.0325 0.9948 -0.0968
vn -0.0030 1.0000 0.0090
vn 0.0960 0.9535 -0.2857
vn 0.0010 1.0000 -0.0029
vn -0.0010 1.0000 0.0029
vn -0.0960 0.9535 0.2857
vn 0.0030 1.0000 -0.0090
vn -0.0325 0.9948 0.0968
vn 0.0053 0.9999 -0.0158
vn -0.0185 0.9983 0.0551
vn 0.0081 0.9997 -0.0242
vn -0.0016 1.0000 0.0027
vn -0.1558 0.9522 0.2630
vn 0.0049 1.0000 -0.0083
vn -0.0528 0.9946 0.0892
vn 0.0086 0.9999 -0.0145
vn -0.0301 0.9983 0.0508
vn 0.0132 0.9997 -0.0223
vn -0.0196 0.9993 0.0331
vn 0.0196 0.9993 -0.0331
vn -0.0132 0.9997 0.0223
vn 0.0301 0.9983 -0.0508
vn -0.0086 0.9999 0.0145
vn 0.0528 0.9946 -0.0892
vn -0.0049 1.0000 0.0083
vn 0.1557 0.9522 -0.2630
vn 0.0016 1.0000 -0.0027
vn -0.0178 0.9997 0.0196
vn 0.0405 0.9982 -0.0445
vn -0.0116 0.9999 0.0127
vn 0.0711 0.9944 -0.0782
vn -0.0066 1.0000 0.0072
vn 0.2092 0.9504 -0.2301
vn 0.0021 1.0000 -0.0023
vn -0.0021 1.0000 0.0023
vn 0.2092 -0.9504 -0.2301
vn 0.0066 1.0000 -0.0072
vn -0.0711 0.9944 0.0781
vn 0.0116 0.9999 -0.0127
vn -0.0405 0.9982 0.0445
vn 0.0178 0.9997 -0.0196
vn -0.0264 0.9992 0.0290
vn 0.0264 0.9992 -0.0290
vn 0.0080 1.0000 -0.0059
vn -0.0866 0.9942 0.0641
vn 0.0141 0.9998 -0.0105
vn -0.0493 0.9981 0.0365
vn 0.0217 0.9996 -0.0161
vn -0.0322 0.9992 0.0238
vn 0.0322 0.9992 -0.0238
vn -0.0217 0.9996 0.0161
vn 0.0493 0.9981 -0.0365
vn -0.0141 0.9998 0.0105
vn 0.0866 0.9942 -0.0641
vn -0.0080 1.0000 0.0059
vn 0.2544 0.9486 -0.1884
vn 0.0026 1.0000 -0.0019
vn -0.0026 1.0000 0.0019
vn 0.2544 -0.9486 -0.1884
vn 0.0563 0.9980 -0.0271
vn -0.0161 0.9998 0.0078
vn 0.0988 0.9940 -0.0476
vn -0.0091 0.9999 0.0044
vn 0.2898 0.9468 -0.1398
vn 0.0030 1.0000 -0.0014
vn -0.0030 1.0000 0.0014
vn -0.2898 0.9468 0.1398
vn 0.0091 0.9999 -0.0044
vn -0.0988 0.9940 0.0476
vn 0.0161 0.9998 -0.0078
vn -0.0563 0.9980 0.0271
vn 0.0247 0.9996 -0.0119
vn -0.0367 0.9992 0.0177
vn 0.0367 0.9992 -0.0177
vn -0.0247 0.9996 0.0119
vn -0.1071 0.9938 0.0293
vn 0.0175 0.9998 -0.0048
vn -0.0611 0.9980 0.0167
vn 0.0268 0.9996 -0.0073
vn -0.0398 0.9991 0.0109
vn 0.0398 0.9991 -0.0109
vn -0.0268 0.9996 0.0073
vn 0.0611 0.9980 -0.0167
vn -0.0175 0.9998 0.0048
vn 0.1071 0.9938 -0.0293
vn -0.0099 0.9999 0.0027
vn 0.3140 0.9455 -0.0860
vn 0.0032 1.0000 -0.0009
vn -0.0032 1.0000 0.0009
vn 0.3140 -0.9455 -0.0860
vn 0.0099 0.9999 -0.0027
vn -0.0182 0.9998 0.0016
vn 0.1114 0.9937 -0.0099
vn -0.0103 0.9999 0.0009
vn 0.3263 0.9448 -0.0290
vn 0.0033 1.0000 -0.0003
vn -0.0033 1.0000 0.0003
vn -0.3263 0.9448 0.0290
vn 0.0103 0.9999 -0.0009
vn -0.1114 0.9937 0.0099
vn 0.0182 0.9998 -0.0016
vn -0.0635 0.9980 0.0056
vn 0.0279 0.9996 -0.0025
vn -0.0414 0.9991 0.0037
vn 0.0414 0.9991 -0.0037
vn -0.0279 0.9996 0.0025
vn 0.0635 0.9980 -0.0056
vn 0.0182 0.9998 0.0016
vn -0.0635 0.9980 -0.0056
vn 0.0279 0.9996 0.0025
vn -0.0414 0.9991 -0.0037
vn 0.0414 0.9991 0.0037
vn -0.0279 0.9996 -0.0025
vn 0.0635 0.9980 0.0056
vn -0.0182 0.9998 -0.0016
vn 0.1114 0.9937 0.0099
vn -0.0103 0.9999 -0.0009
vn 0.3263 0.9448 0.0290
vn 0.0033 1.0000 0.0003
vn -0.0033 1.0000 -0.0003
vn 0.3263 -0.9448 0.0290
vn 0.0103 0.9999 0.0009
vn -0.1114 0.9937 -0.0099
vn 0.1071 0.9938 0.0293
vn -0.0099 0.9999 -0.0027
vn 0.3140 0.9455 0.0860
vn 0.0032 1.0000 0.0009
vn -0.0032 1.0000 -0.0009
vn 0.3140 -0.9455 0.0860
vn 0.0099 0.9999 0.0027
vn -0.1071 0.9938 -0.0293
vn 0.0175 0.9998 0.0048
vn -0.0611 0.9980 -0.0167
vn 0.0268 0.9996 0.0073
vn -0.0398 0.9991 -0.0109
vn 0.0398 0.9991 0.0109
vn -0.0268 0.9996 -0.0073
vn 0.0611 0.9980 0.0167
vn -0.0175 0.9998 -0.0048
vn -0.0563 0.9980 -0.0271
vn 0.0247 0.9996 0.0119
vn -0.0367 0.9992 -0.0177
vn 0.0367 0.9992 0.0177
vn -0.0247 0.9996 -0.0119
vn 0.0563 0.9980 0.0271
vn -0.0161 0.9998 -0.0078
vn 0.0988 0.9940 0.0476
vn -0.0091 0.9999 -0.0044
vn 0.2898 0.9468 0.1398
vn 0.0030 1.0000 0.0014
vn -0.0030 1.0000 -0.0014
vn 0.2898 -0.9468 0.1398
vn 0.0091 0.9999 0.0044
vn -0.0988 0.9940 -0.0476
vn 0.0161 0.9998 0.0078
vn -0.0080 1.0000 -0.0059
vn 0.2544 0.9485 0.1884
vn 0.0026 1.0000 0.0019
vn -0.0026 1.0000 -0.0019
vn 0.2544 -0.9485 0.1884
vn 0.0080 1.0000 0.0059
vn -0.0866 0.9942 -0.0641
vn 0.0141 0.9998 0.0105
vn -0.0493 0.9981 -0.0365
vn 0.0217 0.9996 0.0161
vn -0.0322 0.9992 -0.0238
vn 0.0322 0.9992 0.0238
vn -0.0217 0.9996 -0.0161
vn 0.0493 0.9981 0.0365
vn -0.0141 0.9998 -0.0105
vn 0.0866 0.9942 0.0641
vn -0.0264 0.9992 -0.0290
vn 0.0264 0.9992 0.0290
vn -0.0178 0.9997 -0.0196
vn 0.0405 0.9982 0.0445
vn -0.0116 0.9999 -0.0127
vn 0.0711 0.9944 0.0782
vn -0.0066 1.0000 -0.0072
vn 0.2092 0.9504 0.2301
vn 0.0021 1.0000 0.0023
vn -0.0021 1.0000 -0.0023
vn -0.2092 0.9504 -0.2301
vn 0.0066 1.0000 0.0072
vn -0.0711 0.9944 -0.0782
vn 0.0116 0.9999 0.0127
vn -0.0405 0.9982 -0.0445
vn 0.0178 0.9997 0.0196
vn 0.0016 1.0000 0.0027
vn -0.0016 1.0000 -0.0027
vn -0.1558 0.9522 -0.2630
vn 0.0049 1.0000 0.0083
vn -0.0528 0.9946 -0.0892
vn 0.0086 0.9999 0.0145
vn -0.0301 0.9983 -0.0508
vn 0.0132 0.9997 0.0223
vn -0.0196 0.9993 -0.0331
vn 0.0196 0.9993 0.0331
vn -0.0132 0.9997 -0.0223
vn 0.0301 0.9983 0.0508
vn -0.0086 0.9999 -0.0145
vn 0.0528 0.9946 0.0892
vn -0.0049 1.0000 -0.0083
vn 0.1558 0.9522 0.2630
vn 0.0121 0.9993 0.0359
vn -0.0081 0.9997 -0.0242
vn 0.0185 0.9983 0.0551
vn -0.0053 0.9999 -0.0158
vn 0.0325 0.9948 0.0968
vn -0.0030 1.0000 -0.0090
vn 0.0960 0.9535 0.2857
vn 0.0010 1.0000 0.0029
vn -0.0010 1.0000 -0.0029
vn 0.0960 -0.9535 0.2857
vn 0.0030 1.0000 0.0090
vn -0.0325 0.9948 -0.0968
vn 0.0053 0.9999 0.0158
vn -0.0185 0.9983 -0.0551
vn 0.0081 0.9997 0.0242
vn -0.0121 0.9993 -0.0359
vn -0.0325 0.9542 -0.2974
vn 0.0010 1.0000 0.0093
vn -0.0110 0.9949 -0.1007
vn 0.0018 0.9999 0.0164
vn -0.0063 0.9983 -0.0573
vn 0.0027 0.9997 0.0252
vn -0.0041 0.9993 -0.0374
vn 0.0041 0.9993 0.0374
vn -0.0027 0.9997 -0.0252
vn 0.0063 0.9983 0.0573
vn -0.0018 0.9999 -0.0164
vn 0.0110 0.9949 0.1007
vn -0.0010 1.0000 -0.0093
vn 0.0325 0.9542 0.2974
vn 0.0003 1.0000 0.0030
vn -0.0003 1.0000 -0.0030
vn -0.0110 0.9949 0.1007
vn -0.0325 -0.9542 0.2974
vn -0.0960 -0.9535 0.2857
vn -0.1558 0.9521 0.2630
vn -0.1558 -0.9522 0.2630
vn -0.0711 0.9944 0.0782
vn -0.2092 0.9504 0.2301
vn -0.2092 -0.9504 0.2301
vn -0.2544 0.9485 0.1884
vn -0.2544 -0.9485 0.1884
vn -0.2898 -0.9468 0.1398
vn -0.3140 0.9455 0.0860
vn 0.3140 0.9455 -0.0859
vn -0.3263 -0.9448 0.0290
vn -0.3263 0.9448 -0.0290
vn -0.3140 0.9455 -0.0859
vn -0.3140 -0.9455 -0.0859
vn -0.2898 0.9468 -0.1398
vn -0.2544 0.9486 -0.1884
vn 0.2544 0.9485 0.1885
vn 0.0711 0.9944 0.0781
vn -0.1558 -0.9521 -0.2630
vn -0.0960 0.9535 -0.2857
vn -0.0325 -0.9542 -0.2974
vn 0.0325 0.9542 -0.2973
vn 0.1557 0.9522 -0.2629
vn 0.3140 0.9455 0.0859
vn 0.3140 -0.9455 0.0859
vn -0.0711 0.9944 -0.0781
vn 0.1558 0.9522 0.2629
vn 0.0711 0.9944 -0.0781
vn 0.0217 0.9996 -0.0160
vn -0.3140 0.9455 -0.0860
vn -0.3140 -0.9455 -0.0860
vn -0.1558 0.9522 -0.2629
vn -0.1558 -0.9522 -0.2630
vn 0.0961 0.9535 0.2857
vt 0.435755 0.643944
vt 0.440797 0.639655
vt 0.441885 0.641973
vt 0.446583 0.637149
vt 0.447883 0.639321
vt 0.434935 0.641479
vt 0.439402 0.636936
vt 0.433916 0.638736
vt 0.437664 0.634009
vt 0.442762 0.631500
vt 0.444870 0.634472
vt 0.452117 0.633854
vt 0.453620 0.635938
vt 0.457346 0.629939
vt 0.459042 0.631957
vt 0.450134 0.631230
vt 0.447735 0.628266
vt 0.452509 0.624478
vt 0.455137 0.627386
vt 0.462280 0.625586
vt 0.464140 0.627517
vt 0.466895 0.620873
vt 0.468889 0.622691
vt 0.459884 0.623135
vt 0.457076 0.620321
vt 0.461401 0.615865
vt 0.464351 0.618554
vt 0.473256 0.617516
vt 0.471162 0.615842
vt 0.477205 0.612030
vt 0.468500 0.613683
vt 0.465438 0.611147
vt 0.472294 0.608563
vt 0.475040 0.610527
vt 0.480669 0.606263
vt 0.478455 0.604959
vt 0.483507 0.600238
vt 0.469156 0.606216
vt 0.475659 0.603227
vt 0.472486 0.601112
vt 0.478401 0.597686
vt 0.481224 0.599144
vt 0.485594 0.594021
vt 0.483185 0.593151
vt 0.486990 0.587735
vt 0.475247 0.595862
vt 0.480349 0.592014
vt 0.477275 0.590553
vt 0.481634 0.586385
vt 0.484460 0.587146
vt 0.423284 0.645995
vt 0.429081 0.642788
vt 0.429561 0.645320
vt 0.423069 0.640784
vt 0.423178 0.643471
vt 0.422966 0.637992
vt 0.428503 0.640041
vt 0.432632 0.635870
vt 0.426798 0.634433
vt 0.427775 0.637203
vt 0.422811 0.633325
vt 0.422879 0.635232
vt 0.428822 0.630410
vt 0.430984 0.633016
vt 0.435530 0.631020
vt 0.432946 0.628127
vt 0.437368 0.625305
vt 0.440263 0.628398
vt 0.444967 0.625132
vt 0.441862 0.621962
vt 0.446306 0.618206
vt 0.449544 0.621373
vt 0.453961 0.617282
vt 0.450629 0.614140
vt 0.454775 0.609826
vt 0.458172 0.612922
vt 0.462124 0.608326
vt 0.458688 0.605299
vt 0.465790 0.603551
vt 0.462338 0.600619
vt 0.469109 0.598645
vt 0.465667 0.595846
vt 0.471928 0.593660
vt 0.468580 0.591063
vt 0.474101 0.588705
vt 0.470982 0.586399
vt 0.475668 0.583994
vt 0.478662 0.585371
vt 0.479541 0.580411
vt 0.472873 0.582082
vt 0.476693 0.579695
vt 0.475220 0.575827
vt 0.477126 0.575718
vt 0.479882 0.575549
vt 0.485222 0.581196
vt 0.482434 0.580874
vt 0.482671 0.575395
vt 0.485357 0.575255
vt 0.487788 0.581440
vt 0.487880 0.575128
vt 0.485657 0.562646
vt 0.481083 0.557694
vt 0.483424 0.556597
vt 0.478184 0.552131
vt 0.480540 0.550741
vt 0.483292 0.563444
vt 0.478696 0.558986
vt 0.480874 0.564393
vt 0.476130 0.560623
vt 0.473113 0.555720
vt 0.475748 0.553744
vt 0.474706 0.546802
vt 0.477089 0.545126
vt 0.470778 0.541725
vt 0.473154 0.539775
vt 0.472169 0.548730
vt 0.469432 0.551002
vt 0.465418 0.546476
vt 0.468185 0.543955
vt 0.966369 0.380688
vt 0.952272 0.372720
vt 0.956306 0.368926
vt 0.466486 0.536910
vt 0.468772 0.534731
vt 0.461859 0.532390
vt 0.463997 0.530035
vt 0.941519 0.362145
vt 0.945237 0.358051
vt 0.463960 0.539374
vt 0.461300 0.542052
vt 0.456973 0.537776
vt 0.459478 0.535013
vt 0.933352 0.348073
vt 0.458863 0.525732
vt 0.456908 0.528220
vt 0.453423 0.521852
vt 0.929957 0.352453
vt 0.920690 0.339174
vt 0.454701 0.530967
vt 0.452347 0.533800
vt 0.449679 0.527276
vt 0.451682 0.524437
vt 0.917706 0.343716
vt 0.907355 0.331542
vt 0.447726 0.518452
vt 0.446230 0.521090
vt 0.441820 0.515566
vt 0.447478 0.530191
vt 0.444465 0.523990
vt 0.442443 0.526997
vt 0.439112 0.521156
vt 0.440594 0.518229
vt 0.435731 0.513270
vt 0.434809 0.515928
vt 0.429505 0.511639
vt 0.437335 0.524225
vt 0.433663 0.518838
vt 0.432223 0.521890
vt 0.428157 0.517138
vt 0.428916 0.514270
vt 0.484726 0.569320
vt 0.487163 0.568841
vt 0.482188 0.569891
vt 0.479532 0.570624
vt 0.478306 0.565620
vt 0.476781 0.571656
vt 0.474334 0.573268
vt 0.472747 0.569532
vt 0.475517 0.567282
vt 0.473268 0.562738
vt 0.470301 0.565381
vt 0.467061 0.561072
vt 0.470160 0.558164
vt 0.466427 0.553691
vt 0.463283 0.556779
vt 0.459383 0.552528
vt 0.462474 0.549332
vt 0.458511 0.544966
vt 0.455508 0.548189
vt 0.451398 0.543893
vt 0.454326 0.540690
vt 0.449813 0.536728
vt 0.446959 0.539929
vt 0.445044 0.533176
vt 0.442265 0.536397
vt 0.440120 0.530082
vt 0.437426 0.533331
vt 0.435200 0.527395
vt 0.432654 0.530641
vt 0.430398 0.525033
vt 0.428101 0.528177
vt 0.425779 0.523159
vt 0.427150 0.520124
vt 0.422171 0.519086
vt 0.423851 0.526091
vt 0.421451 0.522008
vt 0.420118 0.524609
vt 0.417426 0.521711
vt 0.417283 0.518889
vt 0.422959 0.513344
vt 0.422637 0.516162
vt 0.417135 0.516010
vt 0.416991 0.513231
vt 0.423196 0.510746
vt 0.416856 0.510659
vt 0.404493 0.512823
vt 0.399833 0.517415
vt 0.398592 0.514868
vt 0.394357 0.520131
vt 0.392820 0.517606
vt 0.405384 0.515375
vt 0.401279 0.520228
vt 0.406433 0.518154
vt 0.402987 0.523191
vt 0.398219 0.525967
vt 0.396152 0.522950
vt 0.388989 0.523523
vt 0.387201 0.521040
vt 0.383825 0.527452
vt 0.381812 0.525034
vt 0.391077 0.526302
vt 0.393444 0.529309
vt 0.388764 0.533103
vt 0.386154 0.530159
vt 0.378925 0.531803
vt 0.376713 0.529498
vt 0.374333 0.536503
vt 0.371964 0.534343
vt 0.381455 0.534398
vt 0.384262 0.537238
vt 0.379988 0.541657
vt 0.377024 0.538956
vt 0.367578 0.539520
vt 0.370078 0.541509
vt 0.363604 0.545009
vt 0.372895 0.543789
vt 0.375983 0.546321
vt 0.369109 0.548859
vt 0.366198 0.546790
vt 0.360126 0.550744
vt 0.362763 0.552295
vt 0.357226 0.556657
vt 0.372281 0.551186
vt 0.365724 0.554118
vt 0.368936 0.556196
vt 0.362855 0.559480
vt 0.359882 0.557953
vt 0.355032 0.562657
vt 0.357683 0.563657
vt 0.353541 0.568722
vt 0.366049 0.561261
vt 0.360618 0.564837
vt 0.363726 0.566264
vt 0.359029 0.570161
vt 0.356165 0.569373
vt 0.411094 0.513949
vt 0.410578 0.511393
vt 0.411705 0.516713
vt 0.412462 0.519571
vt 0.407714 0.521040
vt 0.413465 0.522403
vt 0.415037 0.524857
vt 0.411488 0.526690
vt 0.409334 0.523948
vt 0.405027 0.526235
vt 0.407503 0.529195
vt 0.403294 0.532236
vt 0.400587 0.529131
vt 0.396085 0.532502
vt 0.398982 0.535636
vt 0.394677 0.539341
vt 0.391631 0.536244
vt 0.387312 0.540283
vt 0.390476 0.543324
vt 0.386436 0.547535
vt 0.383183 0.544569
vt 0.379296 0.549077
vt 0.382617 0.551946
vt 0.375674 0.553750
vt 0.379039 0.556497
vt 0.372360 0.558531
vt 0.375748 0.561126
vt 0.369419 0.563325
vt 0.372760 0.565734
vt 0.366945 0.568014
vt 0.370122 0.570206
vt 0.365067 0.572514
vt 0.362021 0.571169
vt 0.360997 0.576033
vt 0.367995 0.574406
vt 0.363909 0.576770
vt 0.366498 0.578109
vt 0.363587 0.580778
vt 0.360764 0.580896
vt 0.355273 0.575191
vt 0.358082 0.575543
vt 0.357883 0.581015
vt 0.355103 0.581128
vt 0.352680 0.574913
vt 0.352529 0.581231
vt 0.354674 0.593737
vt 0.359434 0.598621
vt 0.356873 0.599784
vt 0.362261 0.604168
vt 0.359722 0.605635
vt 0.357239 0.592906
vt 0.362226 0.597211
vt 0.360024 0.591885
vt 0.365132 0.595495
vt 0.367929 0.600369
vt 0.365038 0.602422
vt 0.365630 0.609515
vt 0.363141 0.611249
vt 0.369466 0.614636
vt 0.367053 0.616608
vt 0.368354 0.607491
vt 0.371161 0.605200
vt 0.374807 0.609918
vt 0.372108 0.612379
vt 0.718952 0.560499
vt 0.733030 0.568500
vt 0.728983 0.572284
vt 0.373716 0.619489
vt 0.371419 0.621666
vt 0.378325 0.624034
vt 0.376178 0.626380
vt 0.743749 0.579116
vt 0.740016 0.583197
vt 0.376248 0.617038
vt 0.378851 0.614432
vt 0.383237 0.618672
vt 0.380718 0.621421
vt 0.751867 0.593214
vt 0.381295 0.630701
vt 0.383254 0.628224
vt 0.386722 0.634598
vt 0.755272 0.588847
vt 0.764508 0.602147
vt 0.385473 0.625481
vt 0.387894 0.622584
vt 0.390426 0.629264
vt 0.388445 0.632052
vt 0.723199 0.557108
vt 0.710120 0.547926
vt 0.714389 0.545041
vt 0.392414 0.638023
vt 0.393862 0.635494
vt 0.398324 0.640940
vt 0.392680 0.626276
vt 0.395548 0.632790
vt 0.397557 0.629855
vt 0.400871 0.635890
vt 0.399490 0.638465
vt 0.404421 0.643269
vt 0.405297 0.640838
vt 0.410651 0.644934
vt 0.402595 0.633084
vt 0.406363 0.638342
vt 0.407756 0.635635
vt 0.411948 0.640011
vt 0.411226 0.642506
vt 0.355767 0.587061
vt 0.353201 0.587536
vt 0.358543 0.586479
vt 0.361412 0.585746
vt 0.362905 0.590607
vt 0.364254 0.584759
vt 0.366721 0.583191
vt 0.368541 0.586770
vt 0.365801 0.588961
vt 0.368093 0.593388
vt 0.371011 0.590810
vt 0.373886 0.595116
vt 0.370888 0.597951
vt 0.374019 0.602602
vt 0.377005 0.599619
vt 0.380505 0.604154
vt 0.377554 0.607218
vt 0.381532 0.611638
vt 0.384455 0.608502
vt 0.388812 0.612555
vt 0.385893 0.615766
vt 0.390538 0.619537
vt 0.393470 0.616251
vt 0.395252 0.623081
vt 0.398148 0.619708
vt 0.399958 0.626615
vt 0.402742 0.623199
vt 0.404756 0.629918
vt 0.407365 0.626564
vt 0.409598 0.632590
vt 0.411955 0.629392
vt 0.414330 0.634410
vt 0.412933 0.637340
vt 0.418029 0.638099
vt 0.416314 0.631444
vt 0.418801 0.635264
vt 0.420181 0.632679
vt 0.417211 0.643391
vt 0.417544 0.640811
vt 0.416959 0.645862
vt 0.417913 0.531747
vt 0.418214 0.538038
vt 0.414189 0.534932
vt 0.421927 0.534548
vt 0.422503 0.541215
vt 0.418550 0.545055
vt 0.414261 0.541676
vt 0.410194 0.538356
vt 0.426251 0.537488
vt 0.427024 0.544424
vt 0.430828 0.540501
vt 0.431690 0.547844
vt 0.427675 0.552053
vt 0.423036 0.548461
vt 0.435533 0.543764
vt 0.436312 0.551585
vt 0.440153 0.547403
vt 0.440778 0.555632
vt 0.436846 0.559996
vt 0.432312 0.555908
vt 0.448733 0.555686
vt 0.444575 0.551409
vt 0.452708 0.559944
vt 0.445016 0.559888
vt 0.449079 0.564100
vt 0.441204 0.564223
vt 0.456745 0.564089
vt 0.460764 0.568222
vt 0.453200 0.568222
vt 0.457350 0.572342
vt 0.449605 0.572546
vt 0.445401 0.568405
vt 0.464427 0.572274
vt 0.467578 0.576073
vt 0.461243 0.576372
vt 0.464766 0.580157
vt 0.457925 0.580747
vt 0.453848 0.576695
vt 0.410149 0.545411
vt 0.406035 0.541934
vt 0.414464 0.548971
vt 0.410287 0.553048
vt 0.405954 0.549334
vt 0.401815 0.545739
vt 0.418940 0.552573
vt 0.423562 0.556334
vt 0.419363 0.560726
vt 0.414756 0.556817
vt 0.428216 0.560300
vt 0.432816 0.564432
vt 0.428680 0.568983
vt 0.424027 0.564795
vt 0.437306 0.568654
vt 0.441675 0.572859
vt 0.433271 0.573230
vt 0.446005 0.577052
vt 0.450326 0.581235
vt 0.442240 0.581700
vt 0.437783 0.577473
vt 0.461725 0.584567
vt 0.454532 0.585314
vt 0.458506 0.589170
vt 0.450957 0.589981
vt 0.446648 0.585891
vt 0.401790 0.553490
vt 0.397654 0.549805
vt 0.406107 0.557313
vt 0.401993 0.561715
vt 0.397719 0.557820
vt 0.393613 0.554077
vt 0.410544 0.561206
vt 0.415121 0.565234
vt 0.410890 0.569824
vt 0.406369 0.565703
vt 0.419780 0.569390
vt 0.424462 0.573627
vt 0.420200 0.578310
vt 0.415519 0.574043
vt 0.429113 0.577894
vt 0.433711 0.582147
vt 0.424879 0.582576
vt 0.438254 0.586370
vt 0.442740 0.590547
vt 0.434120 0.590998
vt 0.429522 0.586808
vt 0.455043 0.593853
vt 0.447130 0.594627
vt 0.451298 0.598496
vt 0.443103 0.599186
vt 0.438660 0.595137
vt 0.389733 0.558495
vt 0.393785 0.562272
vt 0.397990 0.566218
vt 0.390032 0.566803
vt 0.386069 0.563014
vt 0.402277 0.570276
vt 0.406710 0.574462
vt 0.398295 0.574875
vt 0.394130 0.570774
vt 0.411279 0.578717
vt 0.415931 0.582986
vt 0.407096 0.583370
vt 0.402614 0.579102
vt 0.420609 0.587224
vt 0.425268 0.591409
vt 0.420991 0.595896
vt 0.416349 0.591795
vt 0.411695 0.587616
vt 0.429894 0.595543
vt 0.434466 0.599623
vt 0.430192 0.603945
vt 0.425612 0.599943
vt 0.438935 0.603618
vt 0.443173 0.607410
vt 0.438895 0.611569
vt 0.434663 0.607858
vt 0.382671 0.567567
vt 0.386513 0.571342
vt 0.390456 0.575310
vt 0.383174 0.575782
vt 0.379492 0.572038
vt 0.394456 0.579434
vt 0.398629 0.583688
vt 0.390740 0.583893
vt 0.386934 0.579740
vt 0.403008 0.587956
vt 0.407547 0.592155
vt 0.399013 0.592441
vt 0.394746 0.588179
vt 0.412166 0.596235
vt 0.416756 0.600198
vt 0.412666 0.604318
vt 0.408113 0.600526
vt 0.403502 0.596577
vt 0.421331 0.604121
vt 0.425895 0.608037
vt 0.421700 0.611963
vt 0.417177 0.608122
vt 0.430346 0.611848
vt 0.434552 0.615449
vt 0.430267 0.619080
vt 0.426112 0.615649
vt 0.376452 0.576334
vt 0.379917 0.580054
vt 0.383476 0.584031
vt 0.376784 0.584073
vt 0.373625 0.580336
vt 0.387089 0.588236
vt 0.390925 0.592566
vt 0.383535 0.592386
vt 0.380112 0.588107
vt 0.395077 0.596822
vt 0.399520 0.600896
vt 0.391268 0.601034
vt 0.387219 0.596770
vt 0.404149 0.604722
vt 0.408719 0.608379
vt 0.404916 0.612376
vt 0.400309 0.608812
vt 0.395667 0.605067
vt 0.413204 0.612101
vt 0.417689 0.615853
vt 0.413903 0.619633
vt 0.409416 0.616014
vt 0.422062 0.619357
vt 0.426157 0.622515
vt 0.422350 0.625693
vt 0.418276 0.622906
vt 0.417526 0.523724
vt 0.417678 0.526844
vt 0.421197 0.528873
vt 0.414372 0.529203
vt 0.425261 0.531298
vt 0.429661 0.533977
vt 0.434319 0.536799
vt 0.439083 0.539932
vt 0.443726 0.543495
vt 0.448136 0.547473
vt 0.452246 0.551766
vt 0.456146 0.556067
vt 0.460089 0.560251
vt 0.463969 0.564439
vt 0.467399 0.568578
vt 0.470164 0.572483
vt 0.472303 0.575906
vt 0.474291 0.578380
vt 0.470277 0.579424
vt 0.467940 0.583544
vt 0.465232 0.588030
vt 0.462184 0.592693
vt 0.458809 0.597402
vt 0.455129 0.602049
vt 0.451198 0.606565
vt 0.447321 0.603031
vt 0.447065 0.610897
vt 0.442778 0.614990
vt 0.438401 0.618786
vt 0.434039 0.622252
vt 0.429822 0.625363
vt 0.425936 0.628071
vt 0.422620 0.630413
vt 0.419014 0.628599
vt 0.425267 0.632164
vt 0.414870 0.626207
vt 0.410432 0.623173
vt 0.405904 0.619697
vt 0.401373 0.616157
vt 0.396730 0.612672
vt 0.392076 0.608976
vt 0.383731 0.600658
vt 0.387707 0.604953
vt 0.376931 0.591828
vt 0.380171 0.596205
vt 0.371067 0.583871
vt 0.373856 0.587693
vt 0.370764 0.577044
vt 0.368721 0.580554
vt 0.365600 0.580691
vt 0.376044 0.568641
vt 0.373225 0.572997
vt 0.382413 0.559552
vt 0.379097 0.564123
vt 0.389843 0.550640
vt 0.386012 0.555035
vt 0.393866 0.546419
vt 0.398030 0.542418
vt 0.402276 0.538694
vt 0.406491 0.535236
vt 0.410569 0.532027
vt 0.415887 0.529746
vt 0.421656 0.532947
vt 0.416024 0.532959
vt 0.366396 0.227645
vt 0.365647 0.212616
vt 0.366332 0.212614
vt 0.417145 0.680556
vt 0.422710 0.683765
vt 0.417099 0.683762
vt 0.366856 0.392903
vt 0.366195 0.407922
vt 0.366171 0.392904
vt 0.417493 0.629245
vt 0.423112 0.626036
vt 0.423114 0.629244
vt 0.417069 0.574707
vt 0.422641 0.571491
vt 0.422694 0.574702
vt 0.365580 0.197584
vt 0.366266 0.197582
vt 0.366145 0.377885
vt 0.366830 0.377885
vt 0.365509 0.182551
vt 0.366195 0.182549
vt 0.366800 0.362865
vt 0.366115 0.362866
vt 0.416145 0.536172
vt 0.421775 0.536162
vt 0.365435 0.167516
vt 0.366120 0.167513
vt 0.422634 0.686971
vt 0.417070 0.686967
vt 0.366767 0.347846
vt 0.366081 0.347846
vt 0.417492 0.632452
vt 0.423112 0.632451
vt 0.422743 0.577912
vt 0.417119 0.577917
vt 0.366041 0.152476
vt 0.365355 0.152478
vt 0.366045 0.332826
vt 0.366730 0.332826
vt 0.365957 0.137436
vt 0.365271 0.137438
vt 0.366007 0.317807
vt 0.366692 0.317806
vt 0.416253 0.539385
vt 0.421883 0.539375
vt 0.365181 0.122396
vt 0.365867 0.122392
vt 0.416961 0.690174
vt 0.422640 0.690179
vt 0.365971 0.302790
vt 0.366656 0.302789
vt 0.423108 0.635659
vt 0.417488 0.635660
vt 0.422789 0.581121
vt 0.417165 0.581126
vt 0.365085 0.107349
vt 0.365771 0.107345
vt 0.365922 0.287766
vt 0.366607 0.287765
vt 0.364980 0.092297
vt 0.365666 0.092293
vt 0.366563 0.272733
vt 0.365878 0.272734
vt 0.421982 0.542588
vt 0.416353 0.542597
vt 0.364865 0.077238
vt 0.365551 0.077232
vt 0.422562 0.693389
vt 0.416932 0.693385
vt 0.366511 0.257704
vt 0.365826 0.257705
vt 0.417481 0.638867
vt 0.423102 0.638866
vt 0.422831 0.584330
vt 0.417208 0.584335
vt 0.364736 0.062164
vt 0.365423 0.062157
vt 0.366455 0.242675
vt 0.365770 0.242676
vt 0.364596 0.047066
vt 0.365284 0.047057
vt 0.416446 0.545809
vt 0.422075 0.545801
vt 0.364464 0.031916
vt 0.365155 0.031907
vt 0.422496 0.696598
vt 0.416872 0.696594
vt 0.423092 0.642073
vt 0.417472 0.642074
vt 0.422870 0.587539
vt 0.417247 0.587544
vt 0.364416 0.016681
vt 0.365111 0.016679
vt 0.364705 0.001212
vt 0.365414 0.001244
vt 0.422161 0.549013
vt 0.416533 0.549021
vt 0.366177 0.964267
vt 0.365137 0.948858
vt 0.365835 0.948843
vt 0.422429 0.699807
vt 0.416807 0.699803
vt 0.417460 0.645281
vt 0.423080 0.645280
vt 0.422907 0.590748
vt 0.417284 0.590752
vt 0.365163 0.933623
vt 0.365856 0.933621
vt 0.365265 0.918517
vt 0.365954 0.918519
vt 0.422242 0.552225
vt 0.416615 0.552233
vt 0.365368 0.903462
vt 0.366056 0.903465
vt 0.422357 0.703017
vt 0.416736 0.703012
vt 0.417445 0.648488
vt 0.423065 0.648488
vt 0.417318 0.593960
vt 0.422940 0.593956
vt 0.365460 0.888426
vt 0.366146 0.888430
vt 0.365540 0.873397
vt 0.366226 0.873401
vt 0.422319 0.555437
vt 0.416692 0.555444
vt 0.365612 0.858370
vt 0.366297 0.858374
vt 0.010391 0.423440
vt 0.001859 0.408508
vt 0.010368 0.408495
vt 0.422277 0.706226
vt 0.416655 0.706221
vt 0.417427 0.651695
vt 0.423047 0.651695
vt 0.491458 0.602195
vt 0.395820 0.647429
vt 0.350586 0.551790
vt 0.680510 0.045858
vt 0.679741 0.030746
vt 0.680463 0.030746
vt 0.663059 0.874272
vt 0.663913 0.859228
vt 0.663874 0.874275
vt 0.425701 0.611081
vt 0.424953 0.613128
vt 0.424983 0.611080
vt 0.680950 0.498060
vt 0.680239 0.483004
vt 0.680958 0.483005
vt 0.663135 0.844176
vt 0.663098 0.859225
vt 0.663986 0.829126
vt 0.663950 0.844178
vt 0.680567 0.060959
vt 0.679789 0.045860
vt 0.663209 0.814068
vt 0.663171 0.829124
vt 0.425642 0.615176
vt 0.425672 0.613128
vt 0.680941 0.513114
vt 0.680231 0.498059
vt 0.663237 0.799020
vt 0.664024 0.814070
vt 0.680885 0.241998
vt 0.680179 0.257071
vt 0.680165 0.241998
vt 0.663274 0.783978
vt 0.664052 0.799021
vt 0.680616 0.076058
vt 0.679846 0.060961
vt 0.663305 0.768933
vt 0.664089 0.783980
vt 0.425611 0.617223
vt 0.424923 0.615175
vt 0.425989 0.582408
vt 0.425281 0.580360
vt 0.426000 0.580360
vt 0.663334 0.753887
vt 0.664120 0.768935
vt 0.680911 0.272140
vt 0.680898 0.257070
vt 0.664178 0.738842
vt 0.664149 0.753889
vt 0.663391 0.723794
vt 0.663363 0.738841
vt 0.680656 0.091155
vt 0.679895 0.076060
vt 0.680552 0.784009
vt 0.679802 0.799054
vt 0.679834 0.784008
vt 0.680918 0.543220
vt 0.680211 0.528167
vt 0.680930 0.528167
vt 0.663418 0.708746
vt 0.664206 0.723795
vt 0.680202 0.287208
vt 0.680191 0.272140
vt 0.664258 0.693700
vt 0.664233 0.708748
vt 0.663468 0.678651
vt 0.663444 0.693699
vt 0.679970 0.106251
vt 0.679936 0.091156
vt 0.680521 0.799055
vt 0.679771 0.814104
vt 0.680905 0.558273
vt 0.680199 0.543220
vt 0.664307 0.663605
vt 0.664283 0.678653
vt 0.425981 0.549619
vt 0.425271 0.551669
vt 0.425261 0.549619
vt 0.663514 0.648556
vt 0.663492 0.663604
vt 0.663535 0.633508
vt 0.664329 0.648557
vt 0.680721 0.121343
vt 0.680691 0.106250
vt 0.680457 0.829160
vt 0.680490 0.814106
vt 0.680890 0.573325
vt 0.680186 0.558272
vt 0.663555 0.618459
vt 0.664350 0.633509
vt 0.680941 0.317337
vt 0.680212 0.302274
vt 0.680932 0.302273
vt 0.663574 0.603410
vt 0.664370 0.618460
vt 0.664405 0.588362
vt 0.664388 0.603411
vt 0.680748 0.136433
vt 0.680000 0.121344
vt 0.680420 0.844214
vt 0.679738 0.829158
vt 0.680155 0.588375
vt 0.680171 0.573324
vt 0.663606 0.573311
vt 0.663591 0.588361
vt 0.680230 0.332398
vt 0.680221 0.317337
vt 0.663620 0.558261
vt 0.664421 0.573312
vt 0.663633 0.543210
vt 0.664435 0.558261
vt 0.680772 0.151521
vt 0.680027 0.136434
vt 0.679662 0.859265
vt 0.679702 0.844212
vt 0.680856 0.603427
vt 0.680874 0.588376
vt 0.663645 0.528159
vt 0.664448 0.543211
vt 0.680949 0.332398
vt 0.680238 0.347458
vt 0.663655 0.513107
vt 0.664460 0.528159
vt 0.680075 0.166606
vt 0.680052 0.151522
vt 0.664478 0.498055
vt 0.664470 0.513107
vt 0.425440 0.627464
vt 0.424678 0.629512
vt 0.424721 0.627464
vt 0.680119 0.618476
vt 0.680137 0.603426
vt 0.663670 0.483001
vt 0.663663 0.498054
vt 0.680965 0.362520
vt 0.680957 0.347457
vt 0.663676 0.467947
vt 0.664485 0.483001
vt 0.680816 0.181688
vt 0.680795 0.166606
vt 0.663680 0.452892
vt 0.664491 0.467947
vt 0.370068 0.257696
vt 0.371314 0.242661
vt 0.371371 0.257692
vt 0.370121 0.272726
vt 0.371424 0.272722
vt 0.370173 0.287758
vt 0.371475 0.287754
vt 0.370201 0.302783
vt 0.371503 0.302780
vt 0.370245 0.317801
vt 0.371547 0.317798
vt 0.370285 0.332821
vt 0.371587 0.332818
vt 0.370321 0.347842
vt 0.371623 0.347839
vt 0.370354 0.362862
vt 0.371656 0.362860
vt 0.370384 0.377882
vt 0.371686 0.377880
vt 0.370410 0.392902
vt 0.371712 0.392900
vt 0.370434 0.407921
vt 0.371736 0.407919
vt 0.370455 0.422939
vt 0.371756 0.422937
vt 0.370473 0.437957
vt 0.371774 0.437955
vt 0.370487 0.452974
vt 0.371789 0.452973
vt 0.370499 0.467991
vt 0.371801 0.467990
vt 0.370509 0.483007
vt 0.371810 0.483006
vt 0.370515 0.498022
vt 0.371816 0.498022
vt 0.370519 0.513038
vt 0.371820 0.513038
vt 0.370520 0.528053
vt 0.371821 0.528053
vt 0.370518 0.543068
vt 0.371819 0.543068
vt 0.370514 0.558082
vt 0.371815 0.558083
vt 0.370507 0.573096
vt 0.371808 0.573097
vt 0.370497 0.588110
vt 0.371798 0.588112
vt 0.370485 0.603125
vt 0.371786 0.603126
vt 0.370470 0.618139
vt 0.371771 0.618140
vt 0.443699 0.651700
vt 0.445018 0.648492
vt 0.445000 0.651700
vt 0.443679 0.654908
vt 0.444980 0.654908
vt 0.370408 0.663180
vt 0.371733 0.648169
vt 0.371709 0.663183
vt 0.370382 0.678195
vt 0.371683 0.678197
vt 0.370354 0.693209
vt 0.371655 0.693212
vt 0.370322 0.708223
vt 0.371623 0.708226
vt 0.370287 0.723237
vt 0.371588 0.723240
vt 0.370249 0.738250
vt 0.371550 0.738254
vt 0.370208 0.753263
vt 0.371509 0.753268
vt 0.370164 0.768276
vt 0.371464 0.768281
vt 0.370117 0.783287
vt 0.371418 0.783292
vt 0.370071 0.798299
vt 0.371372 0.798303
vt 0.370028 0.813317
vt 0.371330 0.813323
vt 0.369977 0.828342
vt 0.371279 0.828348
vt 0.369918 0.843369
vt 0.371220 0.843375
vt 0.369854 0.858396
vt 0.371156 0.858402
vt 0.369783 0.873423
vt 0.371086 0.873430
vt 0.369706 0.888453
vt 0.371009 0.888459
vt 0.369620 0.903488
vt 0.370925 0.903494
vt 0.369526 0.918538
vt 0.370834 0.918542
vt 0.369444 0.933624
vt 0.370757 0.933621
vt 0.369444 0.948792
vt 0.370769 0.948767
vt 0.369778 0.963969
vt 0.371080 0.963924
vt 0.368724 0.016693
vt 0.370389 0.001503
vt 0.370042 0.016697
vt 0.368740 0.031881
vt 0.370051 0.031870
vt 0.368857 0.047022
vt 0.370164 0.047008
vt 0.368989 0.062126
vt 0.370295 0.062113
vt 0.369114 0.077206
vt 0.370419 0.077194
vt 0.369228 0.092270
vt 0.370532 0.092261
vt 0.369331 0.107326
vt 0.370636 0.107318
vt 0.369427 0.122375
vt 0.370731 0.122368
vt 0.369517 0.137420
vt 0.370820 0.137413
vt 0.369600 0.152462
vt 0.370904 0.152455
vt 0.369679 0.167500
vt 0.370982 0.167494
vt 0.369753 0.182537
vt 0.371056 0.182531
vt 0.369823 0.197571
vt 0.371126 0.197566
vt 0.369890 0.212604
vt 0.371193 0.212599
vt 0.369952 0.227636
vt 0.371255 0.227631
vt 0.370012 0.242666
vt 0.664408 0.257089
vt 0.665086 0.242018
vt 0.665102 0.257089
vt 0.664423 0.272158
vt 0.665116 0.272158
vt 0.664436 0.287225
vt 0.665129 0.287224
vt 0.664449 0.302289
vt 0.665142 0.302289
vt 0.664460 0.317352
vt 0.665153 0.317352
vt 0.664470 0.332412
vt 0.665163 0.332412
vt 0.664474 0.347467
vt 0.665167 0.347467
vt 0.664487 0.362529
vt 0.665179 0.362529
vt 0.664489 0.377596
vt 0.665182 0.377596
vt 0.664493 0.392659
vt 0.665186 0.392659
vt 0.664497 0.407719
vt 0.665189 0.407719
vt 0.664498 0.422778
vt 0.665191 0.422778
vt 0.664497 0.437836
vt 0.665190 0.437836
vt 0.664495 0.452892
vt 0.665188 0.452892
vt 0.665184 0.467948
vt 0.665178 0.483002
vt 0.665171 0.498055
vt 0.665162 0.513108
vt 0.665152 0.528160
vt 0.665141 0.543212
vt 0.665128 0.558262
vt 0.665113 0.573313
vt 0.665098 0.588363
vt 0.665081 0.603412
vt 0.665062 0.618461
vt 0.665042 0.633510
vt 0.665021 0.648558
vt 0.664999 0.663606
vt 0.664975 0.678654
vt 0.664951 0.693702
vt 0.664925 0.708749
vt 0.664898 0.723797
vt 0.664870 0.738844
vt 0.664841 0.753890
vt 0.664812 0.768937
vt 0.664781 0.783982
vt 0.664744 0.799023
vt 0.664716 0.814072
vt 0.664679 0.829128
vt 0.664643 0.844180
vt 0.664605 0.859230
vt 0.664566 0.874277
vt 0.663834 0.889318
vt 0.664526 0.889320
vt 0.663794 0.904356
vt 0.664486 0.904359
vt 0.663756 0.919394
vt 0.664448 0.919397
vt 0.663706 0.934444
vt 0.664399 0.934449
vt 0.663581 0.949533
vt 0.664274 0.949546
vt 0.663146 0.964808
vt 0.663846 0.964829
vt 0.663879 0.015580
vt 0.664209 0.000144
vt 0.664583 0.015569
vt 0.663977 0.030796
vt 0.664674 0.030793
vt 0.664022 0.045921
vt 0.664717 0.045919
vt 0.664063 0.061018
vt 0.664757 0.061017
vt 0.664103 0.076110
vt 0.664797 0.076108
vt 0.664142 0.091201
vt 0.664836 0.091199
vt 0.664177 0.106291
vt 0.664871 0.106290
vt 0.664209 0.121380
vt 0.664904 0.121378
vt 0.664239 0.136467
vt 0.664933 0.136466
vt 0.664266 0.151552
vt 0.664960 0.151551
vt 0.664291 0.166635
vt 0.664985 0.166634
vt 0.664315 0.181715
vt 0.665009 0.181715
vt 0.664337 0.196794
vt 0.665030 0.196794
vt 0.664357 0.211871
vt 0.665050 0.211870
vt 0.664375 0.226946
vt 0.665069 0.226945
vt 0.664393 0.242018
vt 0.663020 0.889315
vt 0.662980 0.904354
vt 0.426017 0.576263
vt 0.425305 0.574214
vt 0.426024 0.574214
vt 0.425011 0.609033
vt 0.425730 0.609033
vt 0.662942 0.919392
vt 0.679783 0.015591
vt 0.680506 0.015602
vt 0.662890 0.934440
vt 0.662767 0.949518
vt 0.680965 0.467949
vt 0.680251 0.452892
vt 0.680970 0.452892
vt 0.680671 0.723821
vt 0.679979 0.708771
vt 0.680698 0.708773
vt 0.662325 0.964745
vt 0.680180 0.000174
vt 0.680911 0.000229
vt 0.662651 0.000223
vt 0.663051 0.015593
vt 0.663156 0.030800
vt 0.680974 0.437834
vt 0.680255 0.437834
vt 0.425757 0.606985
vt 0.425065 0.604937
vt 0.425783 0.604937
vt 0.663204 0.045923
vt 0.425506 0.641838
vt 0.424456 0.639755
vt 0.425182 0.639754
vt 0.663245 0.061020
vt 0.663576 0.242019
vt 0.663592 0.257090
vt 0.663286 0.076112
vt 0.680976 0.422775
vt 0.680257 0.422774
vt 0.680150 0.226924
vt 0.680870 0.226923
vt 0.663607 0.272159
vt 0.425089 0.602889
vt 0.425808 0.602889
vt 0.663324 0.091202
vt 0.680123 0.949585
vt 0.679391 0.934483
vt 0.680111 0.934484
vt 0.663621 0.287225
vt 0.663360 0.106293
vt 0.663633 0.302290
vt 0.663392 0.121381
vt 0.680257 0.407713
vt 0.680977 0.407713
vt 0.663645 0.317353
vt 0.680749 0.678675
vt 0.680054 0.663625
vt 0.680773 0.663626
vt 0.663422 0.136468
vt 0.680170 0.919441
vt 0.679452 0.919438
vt 0.680133 0.211848
vt 0.680853 0.211847
vt 0.663655 0.332412
vt 0.663450 0.151553
vt 0.663659 0.347468
vt 0.663475 0.166636
vt 0.680975 0.392650
vt 0.680256 0.392650
vt 0.663671 0.362529
vt 0.680077 0.648576
vt 0.680795 0.648577
vt 0.663498 0.181717
vt 0.425229 0.635652
vt 0.424574 0.633606
vt 0.425292 0.633606
vt 0.680835 0.196769
vt 0.680115 0.196769
vt 0.663673 0.377596
vt 0.663520 0.196795
vt 0.663678 0.392659
vt 0.663540 0.211872
vt 0.680971 0.377585
vt 0.680252 0.377585
vt 0.663681 0.407719
vt 0.680098 0.633526
vt 0.680817 0.633527
vt 0.663559 0.226946
vt 0.680289 0.889365
vt 0.679515 0.904403
vt 0.679570 0.889363
vt 0.680096 0.181689
vt 0.663683 0.422778
vt 0.663682 0.437836
vt 0.680246 0.362520
vt 0.680837 0.618477
vt 0.679619 0.874316
vt 0.680338 0.874318
vt 0.422584 0.568281
vt 0.423879 0.565069
vt 0.423939 0.568280
vt 0.422524 0.565070
vt 0.423814 0.561859
vt 0.422459 0.561859
vt 0.423746 0.558647
vt 0.422391 0.558648
vt 0.423674 0.555436
vt 0.423598 0.552224
vt 0.423517 0.549012
vt 0.423430 0.545800
vt 0.423338 0.542587
vt 0.423239 0.539373
vt 0.423131 0.536160
vt 0.423013 0.532945
vt 0.422879 0.529729
vt 0.421521 0.529732
vt 0.422724 0.526508
vt 0.421362 0.526512
vt 0.422534 0.523276
vt 0.421164 0.523281
vt 0.422272 0.520010
vt 0.420878 0.520018
vt 0.421827 0.516649
vt 0.421142 0.722476
vt 0.423022 0.719131
vt 0.422555 0.722481
vt 0.421640 0.719125
vt 0.423273 0.715877
vt 0.421907 0.715874
vt 0.423425 0.712652
vt 0.422067 0.712650
vt 0.423538 0.709438
vt 0.422183 0.709437
vt 0.423631 0.706228
vt 0.423712 0.703018
vt 0.423784 0.699809
vt 0.423850 0.696600
vt 0.423916 0.693391
vt 0.423994 0.690180
vt 0.423988 0.686972
vt 0.424063 0.683766
vt 0.424116 0.680560
vt 0.422763 0.680558
vt 0.424160 0.677353
vt 0.422807 0.677351
vt 0.424200 0.674146
vt 0.422847 0.674145
vt 0.424237 0.670939
vt 0.422884 0.670938
vt 0.424271 0.667732
vt 0.422918 0.667731
vt 0.424303 0.664525
vt 0.422949 0.664523
vt 0.424331 0.661317
vt 0.422978 0.661316
vt 0.424357 0.658110
vt 0.423004 0.658109
vt 0.424380 0.654903
vt 0.423027 0.654902
vt 0.424400 0.651696
vt 0.424418 0.648488
vt 0.424433 0.645281
vt 0.424445 0.642074
vt 0.424455 0.638866
vt 0.424462 0.635659
vt 0.424466 0.632452
vt 0.424467 0.629244
vt 0.424465 0.626037
vt 0.424461 0.622829
vt 0.423108 0.622829
vt 0.424454 0.619621
vt 0.423101 0.619621
vt 0.424444 0.616414
vt 0.423091 0.616413
vt 0.424432 0.613206
vt 0.423078 0.613205
vt 0.424416 0.609998
vt 0.423063 0.609998
vt 0.424398 0.606789
vt 0.423044 0.606789
vt 0.424376 0.603581
vt 0.423023 0.603581
vt 0.424352 0.600373
vt 0.422998 0.600373
vt 0.424325 0.597165
vt 0.422971 0.597165
vt 0.424294 0.593956
vt 0.424261 0.590747
vt 0.424224 0.587539
vt 0.424185 0.584330
vt 0.424143 0.581121
vt 0.424098 0.577911
vt 0.424049 0.574701
vt 0.423996 0.571491
vt 0.366880 0.407922
vt 0.366216 0.422939
vt 0.365710 0.227647
vt 0.366919 0.437956
vt 0.366901 0.422939
vt 0.416959 0.568287
vt 0.417016 0.571497
vt 0.417487 0.622831
vt 0.417491 0.626038
vt 0.366934 0.452973
vt 0.366234 0.437956
vt 0.417188 0.677349
vt 0.415720 0.526530
vt 0.366261 0.467989
vt 0.366249 0.452973
vt 0.366955 0.483004
vt 0.366946 0.467989
vt 0.417480 0.619623
vt 0.366962 0.498019
vt 0.366271 0.483004
vt 0.366281 0.513033
vt 0.366277 0.498019
vt 0.366966 0.513034
vt 0.366282 0.528048
vt 0.366966 0.543063
vt 0.366967 0.528048
vt 0.417470 0.616416
vt 0.417228 0.674143
vt 0.415498 0.523306
vt 0.366961 0.558076
vt 0.366281 0.543062
vt 0.366954 0.573090
vt 0.366277 0.558075
vt 0.366260 0.588102
vt 0.366270 0.573089
vt 0.417264 0.670936
vt 0.414438 0.516764
vt 0.415146 0.520062
vt 0.366945 0.588103
vt 0.366248 0.603115
vt 0.366932 0.603117
vt 0.366233 0.618128
vt 0.417441 0.610000
vt 0.417457 0.613208
vt 0.366917 0.618130
vt 0.366215 0.633142
vt 0.417298 0.667729
vt 0.415287 0.722371
vt 0.366899 0.633143
vt 0.366194 0.648155
vt 0.366879 0.648157
vt 0.366171 0.663168
vt 0.417422 0.606793
vt 0.366830 0.678183
vt 0.366856 0.663170
vt 0.416898 0.565076
vt 0.417330 0.664522
vt 0.416260 0.715858
vt 0.415960 0.719093
vt 0.366801 0.693196
vt 0.366145 0.678181
vt 0.366770 0.708210
vt 0.366117 0.693194
vt 0.366735 0.723223
vt 0.366085 0.708207
vt 0.417358 0.661315
vt 0.366697 0.738235
vt 0.366050 0.723220
vt 0.416833 0.561866
vt 0.366656 0.753248
vt 0.366013 0.738232
vt 0.417376 0.600377
vt 0.417401 0.603585
vt 0.365927 0.768256
vt 0.365971 0.753244
vt 0.417407 0.654902
vt 0.417384 0.658109
vt 0.416560 0.709430
vt 0.416438 0.712641
vt 0.366612 0.768259
vt 0.365881 0.783266
vt 0.416764 0.558655
vt 0.366518 0.798282
vt 0.366565 0.783270
vt 0.366474 0.813300
vt 0.365833 0.798278
vt 0.417349 0.597169
vt 0.366422 0.828323
vt 0.365789 0.813296
vt 0.366362 0.843348
vt 0.365737 0.828319
vt 0.365677 0.843344
vt 0.407302 0.568290
vt 0.407240 0.565080
vt 0.407106 0.558659
vt 0.407175 0.561869
vt 0.406955 0.552238
vt 0.407033 0.555449
vt 0.406872 0.549027
vt 0.406785 0.545816
vt 0.406691 0.542605
vt 0.406483 0.536183
vt 0.406591 0.539394
vt 0.406225 0.529763
vt 0.406362 0.532972
vt 0.406055 0.526554
vt 0.405431 0.520143
vt 0.405819 0.523348
vt 0.406295 0.719017
vt 0.405620 0.722183
vt 0.406617 0.715819
vt 0.406914 0.709411
vt 0.406796 0.712616
vt 0.407006 0.706204
vt 0.407084 0.702996
vt 0.407217 0.696580
vt 0.407154 0.699788
vt 0.407275 0.693371
vt 0.407332 0.690161
vt 0.407405 0.686953
vt 0.407455 0.683749
vt 0.407543 0.677338
vt 0.407501 0.680544
vt 0.407582 0.674132
vt 0.407651 0.667719
vt 0.407618 0.670926
vt 0.407711 0.661306
vt 0.407683 0.664513
vt 0.407760 0.654893
vt 0.407737 0.658100
vt 0.407780 0.651687
vt 0.407812 0.645273
vt 0.407798 0.648480
vt 0.407834 0.638860
vt 0.407825 0.642067
vt 0.407844 0.632447
vt 0.407840 0.635653
vt 0.407845 0.629240
vt 0.407843 0.626033
vt 0.407839 0.622826
vt 0.407821 0.616412
vt 0.407831 0.619619
vt 0.407792 0.609997
vt 0.407808 0.613205
vt 0.407773 0.606790
vt 0.407751 0.603582
vt 0.407698 0.597167
vt 0.407726 0.600375
vt 0.407667 0.593959
vt 0.407596 0.587543
vt 0.407633 0.590751
vt 0.407556 0.584335
vt 0.407465 0.577918
vt 0.407512 0.581127
vt 0.407414 0.574709
vt 0.407360 0.571499
vt 0.010077 0.811963
vt 0.001616 0.796999
vt 0.010122 0.797024
vt 0.009937 0.244110
vt 0.001374 0.229201
vt 0.009881 0.229168
vt 0.001833 0.393564
vt 0.010342 0.393549
vt 0.001659 0.782062
vt 0.010164 0.782085
vt 0.001315 0.214262
vt 0.009821 0.214228
vt 0.001805 0.378621
vt 0.010314 0.378604
vt 0.001698 0.767124
vt 0.010204 0.767146
vt 0.001253 0.199324
vt 0.009759 0.199287
vt 0.001775 0.363678
vt 0.010284 0.363659
vt 0.001735 0.752185
vt 0.010241 0.752206
vt 0.001187 0.184386
vt 0.009693 0.184348
vt 0.001741 0.348734
vt 0.010250 0.348715
vt 0.001768 0.737246
vt 0.010275 0.737265
vt 0.001119 0.169449
vt 0.009624 0.169409
vt 0.001705 0.333792
vt 0.010214 0.333770
vt 0.001800 0.722307
vt 0.010307 0.722324
vt 0.001047 0.154513
vt 0.009552 0.154471
vt 0.001666 0.318849
vt 0.010175 0.318826
vt 0.001828 0.707367
vt 0.010335 0.707382
vt 0.000973 0.139578
vt 0.009476 0.139535
vt 0.001625 0.303907
vt 0.010133 0.303882
vt 0.001854 0.692427
vt 0.010361 0.692441
vt 0.000894 0.124644
vt 0.009398 0.124599
vt 0.001580 0.288965
vt 0.010088 0.288939
vt 0.001877 0.677486
vt 0.010385 0.677498
vt 0.000813 0.109712
vt 0.009315 0.109664
vt 0.001533 0.274023
vt 0.010041 0.273996
vt 0.001898 0.662544
vt 0.010406 0.662555
vt 0.000727 0.094780
vt 0.009229 0.094730
vt 0.001483 0.259082
vt 0.009990 0.259053
vt 0.001916 0.647603
vt 0.010424 0.647612
vt 0.000639 0.079850
vt 0.009140 0.079798
vt 0.001430 0.244141
vt 0.001931 0.632661
vt 0.010440 0.632669
vt 0.000546 0.064921
vt 0.009047 0.064867
vt 0.001944 0.617719
vt 0.010453 0.617725
vt 0.000451 0.049993
vt 0.008950 0.049937
vt 0.001955 0.602776
vt 0.010463 0.602781
vt 0.000351 0.035067
vt 0.008850 0.035009
vt 0.001962 0.587833
vt 0.010471 0.587837
vt 0.000249 0.020142
vt 0.008747 0.020083
vt 0.001968 0.572890
vt 0.010477 0.572892
vt 0.000144 0.005218
vt 0.008641 0.005159
vt 0.001971 0.557947
vt 0.010480 0.557948
vt 0.009474 0.961292
vt 0.001047 0.946328
vt 0.009545 0.946368
vt 0.001971 0.543003
vt 0.010480 0.543003
vt 0.001116 0.931402
vt 0.009616 0.931441
vt 0.001969 0.528060
vt 0.010478 0.528058
vt 0.001182 0.916473
vt 0.009683 0.916510
vt 0.001964 0.513116
vt 0.010473 0.513112
vt 0.001246 0.901543
vt 0.009748 0.901578
vt 0.001956 0.498172
vt 0.010466 0.498167
vt 0.001307 0.886611
vt 0.009810 0.886645
vt 0.001947 0.483228
vt 0.010456 0.483222
vt 0.001365 0.871677
vt 0.009869 0.871710
vt 0.001934 0.468284
vt 0.010443 0.468276
vt 0.001421 0.856743
vt 0.009925 0.856774
vt 0.001919 0.453340
vt 0.010428 0.453331
vt 0.001474 0.841808
vt 0.009978 0.841838
vt 0.001901 0.438396
vt 0.010411 0.438385
vt 0.001524 0.826873
vt 0.010029 0.826901
vt 0.001881 0.423452
vt 0.001572 0.811936
vt 0.793559 0.326757
vt 0.781227 0.334155
vt 0.781036 0.333868
vt 0.474533 0.618528
vt 0.998065 0.463558
vt 0.995096 0.477909
vt 0.995304 0.463695
vt 0.387131 0.520948
vt 0.381613 0.524801
vt 0.459981 0.633091
vt 0.465266 0.628695
vt 0.892842 0.616654
vt 0.905230 0.608258
vt 0.906517 0.610430
vt 0.982669 0.406588
vt 0.971003 0.396129
vt 0.975230 0.393259
vt 0.700765 0.421934
vt 0.707599 0.408782
vt 0.701068 0.422097
vt 0.993378 0.434613
vt 0.985268 0.421962
vt 0.988746 0.420428
vt 0.692151 0.506576
vt 0.700273 0.519221
vt 0.696702 0.520770
vt 0.363355 0.544833
vt 0.835204 0.315718
vt 0.849633 0.318704
vt 0.835355 0.318509
vt 0.707376 0.408644
vt 0.715432 0.395866
vt 0.893408 0.325405
vt 0.904876 0.336059
vt 0.891575 0.329559
vt 0.791804 0.615984
vt 0.780312 0.605335
vt 0.793621 0.611905
vt 0.849953 0.626050
vt 0.835587 0.622990
vt 0.849833 0.623288
vt 0.368682 0.624432
vt 0.363830 0.619742
vt 0.364311 0.619156
vt 0.918150 0.600640
vt 0.919786 0.602942
vt 0.864476 0.624568
vt 0.877917 0.618671
vt 0.878806 0.621426
vt 0.706688 0.532398
vt 0.702721 0.534607
vt 0.767493 0.597623
vt 0.777844 0.609809
vt 0.481754 0.606892
vt 0.978775 0.408775
vt 0.371574 0.533988
vt 0.365111 0.537285
vt 0.369447 0.532049
vt 0.820698 0.624058
vt 0.807352 0.617151
vt 0.821382 0.620900
vt 0.373527 0.629279
vt 0.368155 0.625042
vt 0.849868 0.315801
vt 0.863843 0.320716
vt 0.367211 0.539225
vt 0.454347 0.636960
vt 0.484520 0.600718
vt 0.996126 0.492716
vt 0.990156 0.506242
vt 0.993300 0.492085
vt 0.478422 0.612860
vt 0.806639 0.321041
vt 0.794225 0.327987
vt 0.376386 0.529159
vt 0.996500 0.449018
vt 0.990297 0.435585
vt 0.690358 0.448613
vt 0.696128 0.435610
vt 0.692770 0.449268
vt 0.390431 0.640853
vt 0.385396 0.636607
vt 0.391318 0.640009
vt 0.378225 0.634253
vt 0.372972 0.629886
vt 0.891723 0.614232
vt 0.997931 0.478157
vt 0.993690 0.449537
vt 0.806147 0.620756
vt 0.378786 0.633673
vt 0.383894 0.638087
vt 0.879075 0.320690
vt 0.877862 0.324389
vt 0.429806 0.510198
vt 0.687697 0.477547
vt 0.692003 0.491638
vt 0.689135 0.492141
vt 0.470127 0.623819
vt 0.694841 0.435060
vt 0.863968 0.621768
vt 0.360487 0.613489
vt 0.365167 0.618113
vt 0.820660 0.317400
vt 0.807515 0.323382
vt 0.992671 0.507132
vt 0.985456 0.520244
vt 0.821219 0.320163
vt 0.695320 0.505602
vt 0.392735 0.517479
vt 0.688028 0.462909
vt 0.690831 0.463211
vt 0.690490 0.477439
vt 0.835330 0.625836
vt 0.361294 0.542911
vt 0.358036 0.548861
vt 0.360027 0.550683
vt 0.355340 0.555041
vt 0.357091 0.556584
vt 0.353215 0.561353
vt 0.354461 0.562413
vt 0.351729 0.567844
vt 0.352470 0.568431
vt 0.350939 0.574530
vt 0.351436 0.574779
vt 0.350852 0.581297
vt 0.351927 0.587759
vt 0.351476 0.588032
vt 0.353266 0.594169
vt 0.352764 0.594675
vt 0.355287 0.600472
vt 0.354707 0.601174
vt 0.357960 0.606616
vt 0.357289 0.607468
vt 0.361246 0.612530
vt 0.374260 0.527248
vt 0.379510 0.522927
vt 0.385132 0.519134
vt 0.391037 0.515878
vt 0.397125 0.513178
vt 0.403452 0.511099
vt 0.398296 0.514321
vt 0.410036 0.509695
vt 0.404104 0.511783
vt 0.416766 0.508984
vt 0.410330 0.510167
vt 0.423300 0.509457
vt 0.423530 0.508981
vt 0.430264 0.509651
vt 0.436269 0.511627
vt 0.436914 0.510985
vt 0.442634 0.513721
vt 0.443421 0.512974
vt 0.448827 0.516446
vt 0.449711 0.515602
vt 0.454748 0.519835
vt 0.461364 0.522751
vt 0.456246 0.518353
vt 0.461923 0.522170
vt 0.466638 0.527127
vt 0.467191 0.526519
vt 0.472025 0.531346
vt 0.471500 0.531958
vt 0.476366 0.536637
vt 0.475886 0.537224
vt 0.962140 0.384078
vt 0.479724 0.542890
vt 0.475032 0.538269
vt 0.482941 0.548913
vt 0.478966 0.543851
vt 0.485548 0.555210
vt 0.482270 0.549770
vt 0.487527 0.561704
vt 0.484968 0.555916
vt 0.488862 0.568334
vt 0.487025 0.562214
vt 0.489542 0.575046
vt 0.488411 0.568611
vt 0.489047 0.581550
vt 0.489521 0.581782
vt 0.488245 0.588015
vt 0.488809 0.588481
vt 0.486711 0.594416
vt 0.487412 0.595093
vt 0.485363 0.601567
vt 0.482700 0.607850
vt 0.479441 0.613870
vt 0.475607 0.619552
vt 0.471239 0.624832
vt 0.466384 0.629670
vt 0.461081 0.634012
vt 0.455388 0.637814
vt 0.449378 0.641046
vt 0.443121 0.643684
vt 0.448455 0.640285
vt 0.436666 0.645686
vt 0.442382 0.643049
vt 0.430061 0.647015
vt 0.436150 0.645168
vt 0.423356 0.647657
vt 0.429787 0.646563
vt 0.416844 0.647126
vt 0.416610 0.647600
vt 0.410347 0.646336
vt 0.409885 0.646883
vt 0.403886 0.644870
vt 0.403236 0.645513
vt 0.397517 0.642751
vt 0.396726 0.643499
vt 0.437903 0.568266
vt 0.437959 0.571477
vt 0.438011 0.574688
vt 0.438055 0.577900
vt 0.438104 0.581110
vt 0.438141 0.584319
vt 0.438179 0.587528
vt 0.438215 0.590738
vt 0.438248 0.593947
vt 0.438278 0.597156
vt 0.438305 0.600365
vt 0.438329 0.603574
vt 0.438350 0.606783
vt 0.438368 0.609991
vt 0.438383 0.613200
vt 0.438395 0.616408
vt 0.438405 0.619617
vt 0.438412 0.622825
vt 0.438415 0.626033
vt 0.438417 0.629241
vt 0.438415 0.632449
vt 0.438411 0.635657
vt 0.438404 0.638865
vt 0.438394 0.642073
vt 0.438382 0.645281
vt 0.438367 0.648489
vt 0.438349 0.651697
vt 0.438329 0.654904
vt 0.438306 0.658112
vt 0.438280 0.661320
vt 0.438251 0.664528
vt 0.438219 0.667736
vt 0.438185 0.670944
vt 0.438147 0.674151
vt 0.438106 0.677359
vt 0.438062 0.680567
vt 0.438015 0.683774
vt 0.437967 0.686981
vt 0.437923 0.690191
vt 0.437870 0.693400
vt 0.437810 0.696611
vt 0.437745 0.699821
vt 0.437672 0.703032
vt 0.437591 0.706243
vt 0.437498 0.709456
vt 0.437391 0.712673
vt 0.437284 0.715902
vt 0.437248 0.719162
vt 0.437571 0.722475
vt 0.436800 0.516669
vt 0.436532 0.519976
vt 0.436587 0.523234
vt 0.436724 0.526471
vt 0.436867 0.529697
vt 0.436996 0.532917
vt 0.437112 0.536135
vt 0.437217 0.539351
vt 0.437313 0.542566
vt 0.437403 0.545780
vt 0.437488 0.548993
vt 0.437567 0.552206
vt 0.437642 0.555419
vt 0.437713 0.558631
vt 0.437780 0.561843
vt 0.437843 0.565054
vt 0.364656 0.242679
vt 0.364596 0.227650
vt 0.364533 0.212619
vt 0.364466 0.197588
vt 0.438682 0.552205
vt 0.438756 0.555418
vt 0.364320 0.167519
vt 0.364241 0.152483
vt 0.364156 0.137443
vt 0.364066 0.122401
vt 0.363970 0.107355
vt 0.363865 0.092304
vt 0.363749 0.077246
vt 0.363620 0.062175
vt 0.437711 0.523231
vt 0.437843 0.526468
vt 0.363340 0.031927
vt 0.363285 0.016679
vt 0.364324 0.964383
vt 0.365477 0.964337
vt 0.364001 0.948876
vt 0.364037 0.933623
vt 0.364144 0.918511
vt 0.364251 0.903455
vt 0.364344 0.888419
vt 0.364425 0.873390
vt 0.364498 0.858363
vt 0.364563 0.843337
vt 0.364623 0.828313
vt 0.364676 0.813291
vt 0.364720 0.798272
vt 0.364768 0.783261
vt 0.364815 0.768250
vt 0.364859 0.753239
vt 0.439297 0.670945
vt 0.439260 0.674152
vt 0.364938 0.723215
vt 0.364972 0.708203
vt 0.365004 0.693190
vt 0.365033 0.678177
vt 0.365059 0.663164
vt 0.439462 0.651698
vt 0.439441 0.654905
vt 0.439480 0.648489
vt 0.365120 0.618126
vt 0.439507 0.642074
vt 0.439495 0.645281
vt 0.439517 0.638866
vt 0.439524 0.635658
vt 0.439528 0.632450
vt 0.439529 0.629242
vt 0.439528 0.626033
vt 0.365168 0.513032
vt 0.365165 0.498018
vt 0.365158 0.483003
vt 0.365148 0.467988
vt 0.365136 0.452972
vt 0.365121 0.437956
vt 0.365103 0.422939
vt 0.365082 0.407922
vt 0.365058 0.392904
vt 0.365031 0.377886
vt 0.365001 0.362867
vt 0.364968 0.347848
vt 0.364932 0.332828
vt 0.364894 0.317808
vt 0.364857 0.302792
vt 0.364808 0.287768
vt 0.364764 0.272736
vt 0.364712 0.257708
vt 0.369344 0.843364
vt 0.369403 0.828338
vt 0.369455 0.813314
vt 0.369498 0.798295
vt 0.369544 0.783283
vt 0.369590 0.768272
vt 0.369635 0.753260
vt 0.369676 0.738247
vt 0.369714 0.723233
vt 0.369749 0.708220
vt 0.369780 0.693206
vt 0.369809 0.678192
vt 0.369835 0.663178
vt 0.369858 0.648164
vt 0.369879 0.633151
vt 0.369897 0.618137
vt 0.369912 0.603123
vt 0.369924 0.588109
vt 0.369934 0.573095
vt 0.369941 0.558081
vt 0.369945 0.543066
vt 0.369947 0.528052
vt 0.369945 0.513037
vt 0.369942 0.498022
vt 0.369935 0.483006
vt 0.369926 0.467990
vt 0.369914 0.452973
vt 0.369899 0.437956
vt 0.369881 0.422939
vt 0.369378 0.227637
vt 0.369861 0.407920
vt 0.369209 0.873419
vt 0.369279 0.858391
vt 0.369130 0.888449
vt 0.369043 0.903485
vt 0.368948 0.918537
vt 0.368863 0.933627
vt 0.368860 0.948808
vt 0.369211 0.964028
vt 0.368478 0.001457
vt 0.368142 0.016695
vt 0.368163 0.031889
vt 0.368282 0.047030
vt 0.369438 0.242667
vt 0.368415 0.062132
vt 0.369494 0.257697
vt 0.368653 0.092274
vt 0.368540 0.077210
vt 0.369547 0.272726
vt 0.368757 0.107329
vt 0.369599 0.287758
vt 0.368853 0.122378
vt 0.369627 0.302783
vt 0.368942 0.137422
vt 0.369711 0.332821
vt 0.369672 0.317801
vt 0.369026 0.152463
vt 0.369747 0.347842
vt 0.369780 0.362862
vt 0.369105 0.167502
vt 0.369249 0.197572
vt 0.369179 0.182538
vt 0.369837 0.392902
vt 0.369810 0.377882
vt 0.369316 0.212605
vt 0.369069 0.001484
vt 0.370452 0.633153
vt 0.370432 0.648167
vt 0.156302 0.619216
vt 0.345172 0.619539
vt 0.345204 0.611977
vt 0.156307 0.611675
vt 0.345236 0.604415
vt 0.156310 0.604134
vt 0.345266 0.596852
vt 0.156310 0.596592
vt 0.345296 0.589288
vt 0.156308 0.589049
vt 0.345324 0.581722
vt 0.156304 0.581505
vt 0.345351 0.574156
vt 0.156296 0.573961
vt 0.345377 0.566588
vt 0.156286 0.566414
vt 0.345402 0.559020
vt 0.156271 0.558866
vt 0.345424 0.551451
vt 0.156253 0.551315
vt 0.345445 0.543881
vt 0.156229 0.543761
vt 0.345464 0.536311
vt 0.156199 0.536203
vt 0.345481 0.528740
vt 0.156162 0.528637
vt 0.345496 0.521167
vt 0.156120 0.521059
vt 0.345499 0.513588
vt 0.156090 0.513464
vt 0.345450 0.505988
vt 0.156128 0.505852
vt 0.345227 0.498391
vt 0.154027 0.981055
vt 0.342235 0.981941
vt 0.342559 0.974422
vt 0.153866 0.973451
vt 0.342691 0.966889
vt 0.153903 0.965852
vt 0.342771 0.959348
vt 0.153998 0.958288
vt 0.342840 0.951806
vt 0.154102 0.950739
vt 0.342909 0.944261
vt 0.154202 0.943196
vt 0.342978 0.936714
vt 0.154296 0.935657
vt 0.343047 0.929166
vt 0.154387 0.928118
vt 0.343115 0.921617
vt 0.154473 0.920579
vt 0.343182 0.914066
vt 0.154556 0.913041
vt 0.343247 0.906513
vt 0.154634 0.905503
vt 0.343323 0.898964
vt 0.154706 0.897968
vt 0.343386 0.891418
vt 0.154780 0.890438
vt 0.343450 0.883871
vt 0.154855 0.882907
vt 0.343513 0.876322
vt 0.154928 0.875375
vt 0.343576 0.868774
vt 0.154999 0.867843
vt 0.343639 0.861225
vt 0.155069 0.860311
vt 0.343700 0.853677
vt 0.155136 0.852779
vt 0.343762 0.846128
vt 0.155201 0.845247
vt 0.343822 0.838579
vt 0.155264 0.837715
vt 0.343882 0.831031
vt 0.155325 0.830182
vt 0.343941 0.823482
vt 0.155384 0.822650
vt 0.343999 0.815933
vt 0.155442 0.815118
vt 0.344056 0.808384
vt 0.155498 0.807586
vt 0.344112 0.800834
vt 0.155552 0.800054
vt 0.344168 0.793284
vt 0.155604 0.792521
vt 0.344222 0.785735
vt 0.155655 0.784989
vt 0.344276 0.778185
vt 0.155704 0.777456
vt 0.344328 0.770635
vt 0.155751 0.769924
vt 0.344380 0.763084
vt 0.155796 0.762391
vt 0.344431 0.755533
vt 0.155840 0.754859
vt 0.344480 0.747981
vt 0.155881 0.747325
vt 0.344529 0.740430
vt 0.155921 0.739792
vt 0.344577 0.732878
vt 0.155959 0.732259
vt 0.344624 0.725326
vt 0.155996 0.724725
vt 0.344669 0.717773
vt 0.156030 0.717191
vt 0.344713 0.710219
vt 0.156062 0.709657
vt 0.344756 0.702665
vt 0.156093 0.702122
vt 0.344798 0.695109
vt 0.156122 0.694588
vt 0.344838 0.687553
vt 0.156148 0.687052
vt 0.344876 0.679994
vt 0.156173 0.679517
vt 0.344925 0.672439
vt 0.156196 0.671982
vt 0.344961 0.664886
vt 0.156216 0.664446
vt 0.344998 0.657331
vt 0.156234 0.656910
vt 0.345034 0.649775
vt 0.156249 0.649376
vt 0.345069 0.642217
vt 0.156275 0.641838
vt 0.345104 0.634659
vt 0.156285 0.634296
vt 0.345138 0.627100
vt 0.156294 0.626756
vt 0.658233 0.257095
vt 0.660088 0.242020
vt 0.660105 0.257091
vt 0.658248 0.272163
vt 0.660120 0.272159
vt 0.658262 0.287229
vt 0.660134 0.287226
vt 0.658276 0.302293
vt 0.660147 0.302290
vt 0.658288 0.317356
vt 0.660159 0.317353
vt 0.658300 0.332415
vt 0.660170 0.332412
vt 0.658312 0.347470
vt 0.660183 0.347468
vt 0.658305 0.362531
vt 0.660176 0.362529
vt 0.658315 0.377598
vt 0.660186 0.377595
vt 0.658321 0.392660
vt 0.660192 0.392657
vt 0.658325 0.407719
vt 0.660196 0.407717
vt 0.658327 0.422777
vt 0.660198 0.422776
vt 0.658327 0.437834
vt 0.660197 0.437833
vt 0.658325 0.452890
vt 0.660195 0.452888
vt 0.658322 0.467944
vt 0.660192 0.467943
vt 0.658316 0.482998
vt 0.660186 0.482997
vt 0.658310 0.498050
vt 0.660179 0.498050
vt 0.658301 0.513102
vt 0.660171 0.513102
vt 0.658292 0.528154
vt 0.660161 0.528154
vt 0.658280 0.543205
vt 0.660150 0.543205
vt 0.658268 0.558255
vt 0.660137 0.558255
vt 0.658254 0.573305
vt 0.660123 0.573305
vt 0.658238 0.588354
vt 0.660108 0.588354
vt 0.658221 0.603403
vt 0.660091 0.603403
vt 0.658203 0.618451
vt 0.660072 0.618452
vt 0.658183 0.633499
vt 0.660053 0.633500
vt 0.658162 0.648547
vt 0.660032 0.648548
vt 0.658140 0.663594
vt 0.660009 0.663596
vt 0.658117 0.678642
vt 0.659986 0.678643
vt 0.658092 0.693689
vt 0.659961 0.693690
vt 0.658066 0.708736
vt 0.659935 0.708738
vt 0.658039 0.723783
vt 0.659908 0.723785
vt 0.658012 0.738830
vt 0.659881 0.738832
vt 0.657983 0.753876
vt 0.659852 0.753878
vt 0.657954 0.768922
vt 0.659823 0.768924
vt 0.657924 0.783966
vt 0.659793 0.783968
vt 0.657895 0.799008
vt 0.659764 0.799011
vt 0.657847 0.814056
vt 0.659717 0.814059
vt 0.657816 0.829111
vt 0.659686 0.829114
vt 0.657782 0.844162
vt 0.659652 0.844165
vt 0.657746 0.859211
vt 0.659615 0.859214
vt 0.657708 0.874257
vt 0.659577 0.874260
vt 0.657670 0.889300
vt 0.659538 0.889303
vt 0.657632 0.904339
vt 0.659500 0.904342
vt 0.657594 0.919374
vt 0.659462 0.919379
vt 0.657542 0.934406
vt 0.659409 0.934416
vt 0.657408 0.949422
vt 0.659276 0.949455
vt 0.656982 0.964412
vt 0.658826 0.964466
vt 0.657628 0.015684
vt 0.659110 0.000489
vt 0.659526 0.015648
vt 0.657770 0.030832
vt 0.659651 0.030819
vt 0.657832 0.045940
vt 0.659708 0.045932
vt 0.657877 0.061034
vt 0.659752 0.061028
vt 0.657919 0.076125
vt 0.659793 0.076119
vt 0.657958 0.091215
vt 0.659832 0.091209
vt 0.657994 0.106304
vt 0.659868 0.106298
vt 0.658027 0.121391
vt 0.659901 0.121386
vt 0.658057 0.136478
vt 0.659931 0.136472
vt 0.658085 0.151562
vt 0.659959 0.151557
vt 0.658111 0.166644
vt 0.659984 0.166639
vt 0.658135 0.181724
vt 0.660008 0.181719
vt 0.658158 0.196802
vt 0.660031 0.196798
vt 0.658179 0.211878
vt 0.660051 0.211874
vt 0.658198 0.226952
vt 0.660071 0.226948
vt 0.658216 0.242024
vt 0.660823 0.452889
vt 0.660825 0.422776
vt 0.660825 0.437833
vt 0.660716 0.242020
vt 0.660698 0.226948
vt 0.660823 0.407718
vt 0.660679 0.211874
vt 0.660814 0.377595
vt 0.660819 0.392658
vt 0.660659 0.196797
vt 0.660803 0.362529
vt 0.660636 0.181719
vt 0.660810 0.347469
vt 0.660613 0.166639
vt 0.660559 0.136472
vt 0.660587 0.151556
vt 0.660786 0.317353
vt 0.660797 0.332412
vt 0.660529 0.121385
vt 0.660774 0.302290
vt 0.660461 0.091207
vt 0.660496 0.106297
vt 0.660761 0.287226
vt 0.660732 0.257091
vt 0.660748 0.272159
vt 0.660422 0.076117
vt 0.660338 0.045930
vt 0.660381 0.061026
vt 0.660163 0.015638
vt 0.660281 0.030815
vt 0.659447 0.964515
vt 0.659903 0.949467
vt 0.660035 0.934420
vt 0.660088 0.919381
vt 0.660165 0.889306
vt 0.660127 0.904344
vt 0.660819 0.467944
vt 0.660813 0.482998
vt 0.660806 0.498051
vt 0.660798 0.513103
vt 0.660788 0.528155
vt 0.660777 0.543206
vt 0.660764 0.558256
vt 0.660750 0.573306
vt 0.660734 0.588355
vt 0.660717 0.603405
vt 0.660699 0.618453
vt 0.660680 0.633502
vt 0.660659 0.648549
vt 0.660636 0.663597
vt 0.660613 0.678645
vt 0.660588 0.693692
vt 0.660562 0.708739
vt 0.660535 0.723786
vt 0.660507 0.738833
vt 0.660479 0.753879
vt 0.660450 0.768925
vt 0.660420 0.783970
vt 0.660391 0.799013
vt 0.660344 0.814061
vt 0.660313 0.829116
vt 0.660279 0.844167
vt 0.660242 0.859216
vt 0.660204 0.874263
vt 0.659745 0.000441
vt 0.410145 0.543470
vt 0.424675 0.541416
vt 0.424690 0.543467
vt 0.410128 0.541419
vt 0.424658 0.539364
vt 0.410109 0.539367
vt 0.424640 0.537313
vt 0.410089 0.537316
vt 0.424621 0.535260
vt 0.410068 0.535264
vt 0.424599 0.533208
vt 0.410044 0.533212
vt 0.424577 0.531155
vt 0.410019 0.531159
vt 0.424552 0.529102
vt 0.409992 0.529106
vt 0.424525 0.527049
vt 0.409963 0.527053
vt 0.424494 0.524995
vt 0.409930 0.525000
vt 0.424460 0.522941
vt 0.409895 0.522947
vt 0.424419 0.520887
vt 0.409856 0.520893
vt 0.424370 0.518832
vt 0.409816 0.518840
vt 0.424313 0.516777
vt 0.409776 0.516785
vt 0.424264 0.514720
vt 0.409733 0.514727
vt 0.424304 0.512657
vt 0.409642 0.512655
vt 0.424696 0.510558
vt 0.408905 0.641829
vt 0.423916 0.639756
vt 0.424217 0.641847
vt 0.409333 0.639749
vt 0.423916 0.637699
vt 0.409458 0.637695
vt 0.423978 0.635652
vt 0.409507 0.635646
vt 0.424041 0.633606
vt 0.409545 0.633600
vt 0.424096 0.631559
vt 0.409585 0.631554
vt 0.424145 0.629512
vt 0.409625 0.629507
vt 0.424188 0.627464
vt 0.409664 0.627459
vt 0.424227 0.625415
vt 0.409702 0.625411
vt 0.424263 0.623367
vt 0.409738 0.623363
vt 0.424297 0.621318
vt 0.409775 0.621314
vt 0.424328 0.619270
vt 0.409803 0.619266
vt 0.424359 0.617223
vt 0.409840 0.617219
vt 0.424390 0.615175
vt 0.409871 0.615172
vt 0.424420 0.613128
vt 0.409900 0.613124
vt 0.424450 0.611080
vt 0.409929 0.611077
vt 0.424478 0.609033
vt 0.409957 0.609030
vt 0.424505 0.606985
vt 0.409984 0.606982
vt 0.424531 0.604937
vt 0.410010 0.604934
vt 0.424556 0.602889
vt 0.410034 0.602886
vt 0.424580 0.600841
vt 0.410058 0.600839
vt 0.424603 0.598793
vt 0.410080 0.598791
vt 0.424624 0.596745
vt 0.410101 0.596743
vt 0.424644 0.594697
vt 0.410121 0.594696
vt 0.424663 0.592650
vt 0.410140 0.592648
vt 0.424681 0.590601
vt 0.410157 0.590600
vt 0.424697 0.588553
vt 0.410172 0.588552
vt 0.424712 0.586505
vt 0.410187 0.586504
vt 0.424725 0.584457
vt 0.410200 0.584456
vt 0.424737 0.582408
vt 0.410211 0.582408
vt 0.424748 0.580360
vt 0.410221 0.580359
vt 0.424757 0.578311
vt 0.410230 0.578311
vt 0.424765 0.576263
vt 0.410237 0.576263
vt 0.424771 0.574214
vt 0.410243 0.574214
vt 0.424777 0.572165
vt 0.410247 0.572165
vt 0.424780 0.570116
vt 0.410249 0.570116
vt 0.424782 0.568067
vt 0.410250 0.568067
vt 0.424783 0.566017
vt 0.410248 0.566018
vt 0.424781 0.563968
vt 0.410245 0.563969
vt 0.424777 0.561918
vt 0.410241 0.561919
vt 0.424771 0.559868
vt 0.410238 0.559869
vt 0.424763 0.557818
vt 0.410226 0.557819
vt 0.424755 0.555769
vt 0.410222 0.555771
vt 0.424747 0.553719
vt 0.410212 0.553721
vt 0.424737 0.551669
vt 0.410201 0.551671
vt 0.424727 0.549619
vt 0.410188 0.549621
vt 0.424716 0.547569
vt 0.410175 0.547571
vt 0.424704 0.545518
vt 0.410161 0.545521
vt 0.425224 0.543467
vt 0.425238 0.545518
vt 0.425250 0.547569
vt 0.679678 0.302274
vt 0.679688 0.317337
vt 0.679696 0.332398
vt 0.679704 0.347458
vt 0.679712 0.362520
vt 0.679718 0.377585
vt 0.679722 0.392650
vt 0.425315 0.563968
vt 0.425316 0.566017
vt 0.425316 0.568067
vt 0.425314 0.570116
vt 0.425310 0.572165
vt 0.425298 0.576263
vt 0.425290 0.578311
vt 0.425270 0.582408
vt 0.425258 0.584457
vt 0.425245 0.586505
vt 0.425230 0.588553
vt 0.679622 0.588374
vt 0.679604 0.603425
vt 0.679585 0.618475
vt 0.679565 0.633525
vt 0.679544 0.648575
vt 0.679521 0.663624
vt 0.425113 0.600841
vt 0.425038 0.606985
vt 0.424893 0.617223
vt 0.424861 0.619270
vt 0.424830 0.621318
vt 0.424797 0.623367
vt 0.424761 0.625415
vt 0.679037 0.889360
vt 0.678982 0.904400
vt 0.424511 0.635652
vt 0.424450 0.637699
vt 0.424767 0.641845
vt 0.679245 0.015583
vt 0.679205 0.030746
vt 0.679254 0.045862
vt 0.679311 0.060963
vt 0.679360 0.076061
vt 0.679401 0.091157
vt 0.679435 0.106252
vt 0.679466 0.121345
vt 0.679493 0.136435
vt 0.679518 0.151522
vt 0.679540 0.166607
vt 0.679562 0.181689
vt 0.679581 0.196770
vt 0.425174 0.537312
vt 0.425192 0.539364
vt 0.425209 0.541416
vt 0.430286 0.629515
vt 0.425348 0.631560
vt 0.425397 0.629512
vt 0.430765 0.596748
vt 0.425896 0.594698
vt 0.430785 0.594700
vt 0.685865 0.377590
vt 0.685859 0.362524
vt 0.685734 0.196769
vt 0.685715 0.181688
vt 0.430235 0.631563
vt 0.425854 0.598794
vt 0.425876 0.596746
vt 0.685869 0.392656
vt 0.430112 0.635656
vt 0.430176 0.633610
vt 0.685684 0.648591
vt 0.685870 0.407720
vt 0.685767 0.226925
vt 0.685751 0.211848
vt 0.430057 0.637701
vt 0.685638 0.678690
vt 0.685661 0.663640
vt 0.425170 0.637699
vt 0.430672 0.604939
vt 0.430697 0.602891
vt 0.685869 0.422782
vt 0.430453 0.641791
vt 0.430082 0.639746
vt 0.430646 0.606987
vt 0.685866 0.437842
vt 0.685418 0.015681
vt 0.685870 0.000622
vt 0.430618 0.609035
vt 0.685856 0.467958
vt 0.685861 0.452900
vt 0.685368 0.030752
vt 0.430590 0.611083
vt 0.430908 0.576264
vt 0.430915 0.574215
vt 0.685695 0.166605
vt 0.685850 0.347461
vt 0.425915 0.592650
vt 0.430804 0.592651
vt 0.430330 0.627467
vt 0.685673 0.151520
vt 0.430900 0.555769
vt 0.426016 0.557818
vt 0.426008 0.555769
vt 0.425933 0.590602
vt 0.430822 0.590603
vt 0.425479 0.625416
vt 0.430370 0.625418
vt 0.685650 0.136431
vt 0.685834 0.317340
vt 0.430838 0.588555
vt 0.425949 0.588554
vt 0.685347 0.829178
vt 0.685624 0.121340
vt 0.685825 0.302277
vt 0.685779 0.573336
vt 0.685794 0.558284
vt 0.685380 0.814122
vt 0.685594 0.106246
vt 0.430875 0.549620
vt 0.425991 0.551669
vt 0.685808 0.543231
vt 0.430439 0.621321
vt 0.425580 0.619270
vt 0.430468 0.619273
vt 0.685561 0.091149
vt 0.685806 0.272143
vt 0.680922 0.287208
vt 0.685820 0.528178
vt 0.430499 0.617225
vt 0.685521 0.076050
vt 0.685794 0.257073
vt 0.430890 0.580361
vt 0.430529 0.615178
vt 0.685472 0.060948
vt 0.685781 0.242000
vt 0.685841 0.498069
vt 0.685470 0.768980
vt 0.680613 0.753917
vt 0.685501 0.753933
vt 0.685415 0.045847
vt 0.685849 0.483014
vt 0.430560 0.613130
vt 0.406306 0.568290
vt 0.406363 0.571500
vt 0.406418 0.574709
vt 0.406469 0.577918
vt 0.406516 0.581127
vt 0.406560 0.584335
vt 0.406600 0.587543
vt 0.406638 0.590752
vt 0.406671 0.593959
vt 0.406702 0.597167
vt 0.406730 0.600375
vt 0.406755 0.603582
vt 0.406777 0.606790
vt 0.406796 0.609997
vt 0.406812 0.613204
vt 0.406825 0.616412
vt 0.406836 0.619619
vt 0.406843 0.622826
vt 0.406848 0.626032
vt 0.406850 0.629239
vt 0.406849 0.632446
vt 0.406845 0.635653
vt 0.406838 0.638860
vt 0.406829 0.642066
vt 0.406817 0.645273
vt 0.406802 0.648479
vt 0.406785 0.651686
vt 0.406765 0.654892
vt 0.406742 0.658099
vt 0.406716 0.661305
vt 0.406687 0.664512
vt 0.406656 0.667718
vt 0.406623 0.670925
vt 0.406586 0.674131
vt 0.406548 0.677337
vt 0.406506 0.680543
vt 0.333259 0.768138
vt 0.334208 0.783144
vt 0.333214 0.783138
vt 0.406461 0.683748
vt 0.406410 0.686952
vt 0.406337 0.690160
vt 0.406279 0.693369
vt 0.406222 0.696578
vt 0.406159 0.699787
vt 0.406090 0.702995
vt 0.406012 0.706202
vt 0.332765 0.888226
vt 0.333667 0.903241
vt 0.332675 0.903234
vt 0.405805 0.712614
vt 0.405628 0.715816
vt 0.405307 0.719011
vt 0.404629 0.722167
vt 0.403688 0.516987
vt 0.404434 0.520152
vt 0.404822 0.523353
vt 0.405057 0.526558
vt 0.405227 0.529765
vt 0.405365 0.532974
vt 0.405485 0.536184
vt 0.405594 0.539395
vt 0.405694 0.542606
vt 0.405788 0.545817
vt 0.405876 0.549028
vt 0.405958 0.552239
vt 0.406036 0.555449
vt 0.406109 0.558660
vt 0.406179 0.561870
vt 0.406244 0.565080
vt 0.332997 0.227770
vt 0.334055 0.242790
vt 0.333059 0.242792
vt 0.403879 0.690157
vt 0.404320 0.606790
vt 0.403821 0.693366
vt 0.404339 0.609997
vt 0.403764 0.696575
vt 0.404355 0.613204
vt 0.403702 0.699784
vt 0.404368 0.616411
vt 0.403634 0.702991
vt 0.404378 0.619618
vt 0.405922 0.709409
vt 0.403558 0.706199
vt 0.404386 0.622825
vt 0.403469 0.709405
vt 0.404391 0.626032
vt 0.403356 0.712609
vt 0.404393 0.629239
vt 0.403182 0.715808
vt 0.404392 0.632445
vt 0.402854 0.718995
vt 0.404388 0.635652
vt 0.401317 0.517014
vt 0.404382 0.638858
vt 0.401994 0.520173
vt 0.404372 0.642065
vt 0.402367 0.523364
vt 0.404360 0.645271
vt 0.402599 0.526565
vt 0.404346 0.648478
vt 0.402768 0.529770
vt 0.404328 0.651684
vt 0.403846 0.568291
vt 0.402905 0.532978
vt 0.404308 0.654891
vt 0.403904 0.571501
vt 0.403025 0.536187
vt 0.404285 0.658097
vt 0.403959 0.574710
vt 0.403134 0.539398
vt 0.404259 0.661304
vt 0.404010 0.577919
vt 0.403234 0.542608
vt 0.404231 0.664510
vt 0.404058 0.581128
vt 0.403328 0.545819
vt 0.404200 0.667716
vt 0.404102 0.584336
vt 0.403415 0.549030
vt 0.404166 0.670923
vt 0.404142 0.587544
vt 0.403498 0.552241
vt 0.404130 0.674129
vt 0.404179 0.590752
vt 0.403576 0.555451
vt 0.404092 0.677335
vt 0.404214 0.593960
vt 0.403650 0.558662
vt 0.404051 0.680540
vt 0.404245 0.597167
vt 0.403719 0.561872
vt 0.404005 0.683745
vt 0.404273 0.600375
vt 0.403785 0.565081
vt 0.403954 0.686949
vt 0.404298 0.603582
vt 0.160672 0.565078
vt 0.160565 0.572701
vt 0.340767 0.574736
vt 0.158437 0.763091
vt 0.158373 0.770709
vt 0.338655 0.771914
vt 0.160779 0.557456
vt 0.340869 0.567156
vt 0.158503 0.755473
vt 0.338718 0.764329
vt 0.160889 0.549836
vt 0.340971 0.559575
vt 0.158570 0.747856
vt 0.338782 0.756744
vt 0.341075 0.551995
vt 0.341182 0.544415
vt 0.338849 0.749159
vt 0.338916 0.741574
vt 0.161119 0.534600
vt 0.161002 0.542218
vt 0.158710 0.732622
vt 0.158639 0.740239
vt 0.161244 0.526985
vt 0.341289 0.536836
vt 0.158782 0.725005
vt 0.338985 0.733989
vt 0.161382 0.519375
vt 0.341398 0.529257
vt 0.158855 0.717389
vt 0.339055 0.726404
vt 0.161554 0.511777
vt 0.341509 0.521679
vt 0.158930 0.709773
vt 0.339127 0.718819
vt 0.161813 0.504210
vt 0.341621 0.514102
vt 0.159008 0.702156
vt 0.339200 0.711234
vt 0.162262 0.496723
vt 0.341735 0.506526
vt 0.159086 0.694540
vt 0.339275 0.703650
vt 0.157660 0.976448
vt 0.157967 0.983955
vt 0.337554 0.984204
vt 0.339351 0.696065
vt 0.339428 0.688481
vt 0.157525 0.968867
vt 0.337569 0.976630
vt 0.159248 0.679309
vt 0.159166 0.686924
vt 0.157469 0.961265
vt 0.337585 0.969054
vt 0.159331 0.671693
vt 0.339508 0.680896
vt 0.157450 0.953651
vt 0.337603 0.961477
vt 0.159415 0.664077
vt 0.339588 0.673312
vt 0.157447 0.946031
vt 0.337624 0.953900
vt 0.159501 0.656461
vt 0.339669 0.665728
vt 0.157784 0.854528
vt 0.157741 0.862152
vt 0.338016 0.862928
vt 0.157454 0.938407
vt 0.337646 0.946322
vt 0.159589 0.648846
vt 0.339753 0.658144
vt 0.157828 0.846905
vt 0.338060 0.855344
vt 0.157468 0.930781
vt 0.337670 0.938743
vt 0.159678 0.641230
vt 0.339837 0.650561
vt 0.157874 0.839283
vt 0.338107 0.847761
vt 0.157487 0.923155
vt 0.337695 0.931164
vt 0.159769 0.633615
vt 0.339924 0.642977
vt 0.157922 0.831661
vt 0.338154 0.840177
vt 0.157509 0.915529
vt 0.337724 0.923584
vt 0.159861 0.625999
vt 0.340011 0.635394
vt 0.157972 0.824041
vt 0.338204 0.832592
vt 0.157535 0.907902
vt 0.337754 0.916003
vt 0.159955 0.618384
vt 0.340101 0.627811
vt 0.158024 0.816422
vt 0.338254 0.825008
vt 0.157563 0.900276
vt 0.337786 0.908422
vt 0.160050 0.610769
vt 0.340191 0.620228
vt 0.158078 0.808802
vt 0.338307 0.817423
vt 0.157594 0.892650
vt 0.337820 0.900841
vt 0.160146 0.603154
vt 0.340283 0.612645
vt 0.158133 0.801183
vt 0.338361 0.809839
vt 0.157627 0.885025
vt 0.337856 0.893259
vt 0.160244 0.595541
vt 0.340377 0.605063
vt 0.158191 0.793564
vt 0.338417 0.802254
vt 0.157663 0.877400
vt 0.337893 0.885677
vt 0.160344 0.587929
vt 0.340472 0.597481
vt 0.158250 0.785945
vt 0.338474 0.794669
vt 0.337932 0.878094
vt 0.337973 0.870511
vt 0.160448 0.580319
vt 0.340569 0.589899
vt 0.158310 0.778327
vt 0.338533 0.787084
vt 0.157701 0.869776
vt 0.340667 0.582317
vt 0.338593 0.779499
vt 0.396283 0.643918
vt 0.389933 0.641327
vt 0.402873 0.645873
vt 0.409627 0.647190
vt 0.416479 0.647867
vt 0.423367 0.647904
vt 0.430215 0.647268
vt 0.436955 0.645977
vt 0.443534 0.644040
vt 0.449895 0.641472
vt 0.455971 0.638293
vt 0.461697 0.634528
vt 0.467012 0.630215
vt 0.471859 0.625398
vt 0.476208 0.620126
vt 0.480012 0.614436
vt 0.483231 0.608387
vt 0.485836 0.602042
vt 0.487805 0.595472
vt 0.489126 0.588742
vt 0.489788 0.581911
vt 0.489788 0.575034
vt 0.489115 0.568179
vt 0.487809 0.561418
vt 0.485873 0.554815
vt 0.483317 0.548434
vt 0.480150 0.542350
vt 0.470563 0.533046
vt 0.465648 0.528217
vt 0.460371 0.523787
vt 0.455708 0.518886
vt 0.450208 0.515128
vt 0.443861 0.512554
vt 0.437275 0.510624
vt 0.430520 0.509344
vt 0.423660 0.508714
vt 0.416753 0.508736
vt 0.409872 0.509429
vt 0.403087 0.510716
vt 0.396471 0.512540
vt 0.390082 0.514979
vt 0.384007 0.518116
vt 0.378330 0.521878
vt 0.373067 0.526179
vt 0.368259 0.530966
vt 0.356912 0.607946
vt 0.360061 0.614028
vt 0.354381 0.601566
vt 0.352482 0.594959
vt 0.351222 0.588186
vt 0.350605 0.581307
vt 0.350659 0.574391
vt 0.351314 0.567516
vt 0.352519 0.560760
vt 0.354357 0.554173
vt 0.356919 0.547834
vt 0.360140 0.541834
vt 0.363937 0.536196
vt 0.379783 0.632640
vt 0.384434 0.637554
vt 0.374521 0.628192
vt 0.369622 0.623347
vt 0.353396 0.545008
vt 0.356856 0.538533
vt 0.360935 0.532429
vt 0.365592 0.526754
vt 0.370784 0.521563
vt 0.376459 0.516905
vt 0.382563 0.512827
vt 0.389037 0.509366
vt 0.395820 0.506556
vt 0.402845 0.504425
vt 0.410045 0.502993
vt 0.417352 0.502273
vt 0.424693 0.502273
vt 0.431999 0.502993
vt 0.439200 0.504425
vt 0.446225 0.506556
vt 0.453007 0.509366
vt 0.459482 0.512827
vt 0.465586 0.516905
vt 0.471261 0.521562
vt 0.476453 0.526754
vt 0.481110 0.532428
vt 0.485188 0.538533
vt 0.488649 0.545008
vt 0.491458 0.551790
vt 0.493590 0.558815
vt 0.495022 0.566016
vt 0.495742 0.573322
vt 0.495742 0.580663
vt 0.495022 0.587969
vt 0.493590 0.595169
vt 0.488649 0.608978
vt 0.485188 0.615452
vt 0.481110 0.621556
vt 0.476452 0.627231
vt 0.471261 0.632423
vt 0.465586 0.637080
vt 0.459482 0.641158
vt 0.453007 0.644619
vt 0.446225 0.647429
vt 0.439199 0.649560
vt 0.431999 0.650992
vt 0.424693 0.651711
vt 0.417352 0.651711
vt 0.410046 0.650992
vt 0.402846 0.649560
vt 0.389037 0.644619
vt 0.382563 0.641158
vt 0.376459 0.637080
vt 0.370784 0.632423
vt 0.365592 0.627231
vt 0.360935 0.621556
vt 0.356857 0.615452
vt 0.353396 0.608978
vt 0.350587 0.602196
vt 0.348455 0.595170
vt 0.403982 0.556734
vt 0.346304 0.580663
vt 0.686158 0.149288
vt 0.347023 0.566016
vt 0.348455 0.558816
vt 0.680642 0.738870
vt 0.679894 0.753915
vt 0.680222 0.513113
vt 0.680381 0.859267
vt 0.409409 0.596743
vt 0.409429 0.594695
vt 0.663492 0.000162
vt 0.680246 0.467949
vt 0.680724 0.693724
vt 0.680006 0.693723
vt 0.680030 0.678674
vt 0.424629 0.631559
vt 0.420392 0.516661
vt 0.404658 0.516963
vt 0.000977 0.961252
vt 0.714870 0.395470
vt 0.723554 0.382840
vt 0.724381 0.383505
vt 0.864520 0.317470
vt 0.351289 0.581279
vt 0.416788 0.509420
vt 0.489106 0.575067
vt 0.423338 0.647221
vt 0.363477 0.047078
vt 0.363553 0.001204
vt 0.438859 0.699823
vt 0.365082 0.648151
vt 0.156402 0.498230
vt 0.657221 0.000542
vt 0.409268 0.510556
vt 0.679668 0.287208
vt 0.679657 0.272141
vt 0.679638 0.573323
vt 0.425214 0.590602
vt 0.425196 0.592650
vt 0.425178 0.594698
vt 0.425239 0.510560
vt 0.430743 0.598796
vt 0.685726 0.618490
vt 0.685841 0.332401
vt 0.685745 0.603439
vt 0.430406 0.623370
vt 0.425964 0.586505
vt 0.685816 0.287211
vt 0.430865 0.547569
vt 0.430879 0.582410
vt 0.685831 0.513124
vt 0.334113 0.257812
vt 0.333301 0.753136
vt 0.334296 0.753141
vt 0.333759 0.888233
vt 0.333993 0.227767
vt 0.402188 0.722148
vt 0.332932 0.212747
vt 0.330472 0.212754
vt 0.330403 0.197731
vt 0.341850 0.498953
vt 0.763342 0.026604
vt 0.722807 0.003408
vt 0.765481 0.002555
vt 0.743350 0.144373
vt 0.715580 0.106396
vt 0.739542 0.101600
vt 0.000000 0.000000
vt 0.747481 0.190776
vt 0.726847 0.147676
vt 0.748633 0.191924
vt 0.744125 0.242583
vt 0.739628 0.192104
vt 0.751776 0.239029
vt 0.739068 0.192460
vt 0.735302 0.143560
vt 0.752967 0.143208
vt 0.731314 0.098815
vt 0.756963 0.098303
vt 0.733460 0.033304
vt 0.691552 0.018375
vt 0.731420 0.010395
vt 0.727817 0.059584
vt 0.760466 0.058932
vt 0.736202 0.064098
vt 0.697589 0.040483
vt 0.724945 0.027371
vt 0.705701 0.070202
vt 0.663801 0.055296
vt 0.687285 0.036411
vt 0.676972 0.082796
vt 0.680953 0.013453
vt 0.693011 0.116289
vt 0.711302 0.154489
vt 0.730795 0.194224
vt 0.731144 0.195933
vt 0.717975 0.147719
vt 0.706157 0.104853
vt 0.653999 0.034837
vt 0.695795 0.067270
vt 0.724013 0.201062
vt 0.701654 0.155523
vt 0.612056 0.048015
vt 0.647929 0.022198
vt 0.682460 0.116184
vt 0.620211 0.059151
vt 0.665632 0.081694
vt 0.633398 0.077171
vt 0.651811 0.053375
vt 0.651120 0.101395
vt 0.641526 0.032307
vt 0.672701 0.130899
vt 0.697313 0.164552
vt 0.722475 0.198202
vt 0.629137 0.125282
vt 0.606049 0.059245
vt 0.655430 0.149665
vt 0.597489 0.047893
vt 0.635155 0.019290
vt 0.685417 0.177476
vt 0.714987 0.203886
vt 0.717948 0.207650
vt 0.686965 0.166673
vt 0.581545 0.081168
vt 0.661134 0.132373
vt 0.591482 0.090372
vt 0.638486 0.102302
vt 0.607546 0.105263
vt 0.619888 0.077611
vt 0.674472 0.180741
vt 0.557576 0.120388
vt 0.642998 0.152797
vt 0.568913 0.127304
vt 0.615401 0.128299
vt 0.587239 0.138495
vt 0.592740 0.108184
vt 0.611869 0.153540
vt 0.575880 0.093221
vt 0.641863 0.171864
vt 0.565450 0.083972
vt 0.676072 0.192766
vt 0.708618 0.211057
vt 0.713184 0.215445
vt 0.552174 0.132936
vt 0.632520 0.196643
vt 0.540275 0.126146
vt 0.669636 0.209833
vt 0.703615 0.219439
vt 0.709903 0.224145
vt 0.536714 0.162634
vt 0.553540 0.117977
vt 0.664657 0.197184
vt 0.541079 0.164166
vt 0.628747 0.176671
vt 0.553376 0.168528
vt 0.597263 0.158687
vt 0.573257 0.175588
vt 0.571410 0.143921
vt 0.599978 0.185081
vt 0.532673 0.210812
vt 0.618932 0.203078
vt 0.545460 0.212455
vt 0.584769 0.192299
vt 0.566134 0.215116
vt 0.556716 0.183449
vt 0.593920 0.218693
vt 0.535844 0.176865
vt 0.627760 0.223051
vt 0.522933 0.172795
vt 0.666357 0.228022
vt 0.700168 0.228711
vt 0.708231 0.233417
vt 0.528131 0.210237
vt 0.657896 0.215372
vt 0.627765 0.250071
vt 0.514092 0.222126
vt 0.666360 0.246634
vt 0.698410 0.238516
vt 0.708232 0.242905
vt 0.528141 0.258947
vt 0.654449 0.234606
vt 0.532683 0.258542
vt 0.613927 0.231002
vt 0.545470 0.257403
vt 0.578399 0.227843
vt 0.566143 0.255561
vt 0.549225 0.225250
vt 0.593928 0.253085
vt 0.527518 0.223320
vt 0.654447 0.254146
vt 0.613926 0.259372
vt 0.573284 0.295370
vt 0.578398 0.263954
vt 0.600000 0.286937
vt 0.549224 0.267716
vt 0.632536 0.276667
vt 0.527518 0.270514
vt 0.669645 0.264953
vt 0.514092 0.272243
vt 0.709907 0.252244
vt 0.698410 0.248477
vt 0.541111 0.305522
vt 0.553407 0.301644
vt 0.535842 0.316635
vt 0.522932 0.321220
vt 0.713191 0.261075
vt 0.700166 0.258212
vt 0.536743 0.306891
vt 0.557633 0.349947
vt 0.657893 0.273241
vt 0.568965 0.343478
vt 0.618928 0.287095
vt 0.587283 0.333014
vt 0.584766 0.299242
vt 0.611904 0.318948
vt 0.556714 0.309215
vt 0.641887 0.301816
vt 0.676087 0.282275
vt 0.607602 0.367047
vt 0.628742 0.313108
vt 0.597258 0.332352
vt 0.629181 0.347887
vt 0.571406 0.348153
vt 0.655462 0.324553
vt 0.552172 0.359908
vt 0.685437 0.297936
vt 0.540274 0.367173
vt 0.717957 0.269059
vt 0.703611 0.267346
vt 0.553607 0.352227
vt 0.581614 0.390108
vt 0.664651 0.291158
vt 0.591546 0.381299
vt 0.724023 0.275889
vt 0.536064 0.369749
vt 0.565451 0.408329
vt 0.561752 0.411727
vt 0.708613 0.275528
vt 0.578084 0.393213
vt 0.612129 0.424466
vt 0.674464 0.307209
vt 0.620281 0.413654
vt 0.642989 0.336410
vt 0.633459 0.396161
vt 0.615393 0.362011
vt 0.651169 0.372645
vt 0.592734 0.383031
vt 0.672737 0.344003
vt 0.575876 0.398666
vt 0.697336 0.311333
vt 0.677023 0.392269
vt 0.638473 0.387081
vt 0.619876 0.412513
vt 0.693049 0.359420
vt 0.606039 0.431431
vt 0.711327 0.321952
vt 0.597479 0.443124
vt 0.731156 0.281302
vt 0.594422 0.447223
vt 0.714980 0.282444
vt 0.648010 0.451708
vt 0.609231 0.428274
vt 0.686954 0.320775
vt 0.654069 0.439305
vt 0.661121 0.356106
vt 0.663863 0.419241
vt 0.722467 0.287829
vt 0.739080 0.285091
vt 0.701640 0.331337
vt 0.691618 0.457259
vt 0.682444 0.371440
vt 0.697648 0.435395
vt 0.665613 0.406599
vt 0.705751 0.406005
vt 0.651793 0.435466
vt 0.715619 0.370211
vt 0.641510 0.456941
vt 0.726872 0.329384
vt 0.635151 0.470214
vt 0.695770 0.419814
vt 0.687258 0.451008
vt 0.739578 0.375961
vt 0.680926 0.474212
vt 0.743374 0.333345
vt 0.677009 0.488555
vt 0.747493 0.287109
vt 0.730786 0.291474
vt 0.717959 0.338489
vt 0.731479 0.466825
vt 0.687887 0.470773
vt 0.706136 0.381822
vt 0.733514 0.444003
vt 0.736248 0.413324
vt 0.739618 0.293241
vt 0.735283 0.341955
vt 0.772120 0.467636
vt 0.730219 0.480931
vt 0.731288 0.386854
vt 0.770082 0.444733
vt 0.727785 0.426219
vt 0.767342 0.413945
vt 0.724909 0.458540
vt 0.764006 0.376448
vt 0.722769 0.482583
vt 0.760200 0.333680
vt 0.721446 0.497445
vt 0.756070 0.287281
vt 0.797838 0.407844
vt 0.765433 0.481733
vt 0.787964 0.371655
vt 0.766755 0.496542
vt 0.776701 0.330379
vt 0.748623 0.293061
vt 0.764482 0.285597
vt 0.752948 0.341602
vt 0.815710 0.473324
vt 0.773379 0.481792
vt 0.756934 0.386343
vt 0.811979 0.459662
vt 0.760428 0.425568
vt 0.805947 0.437558
vt 0.763298 0.457775
vt 0.770273 0.337444
vt 0.855583 0.455852
vt 0.782087 0.380307
vt 0.849525 0.443209
vt 0.792445 0.417886
vt 0.839730 0.422753
vt 0.800950 0.448741
vt 0.826564 0.395255
vt 0.807279 0.471693
vt 0.810531 0.361765
vt 0.811194 0.485881
vt 0.792245 0.323567
vt 0.757455 0.290942
vt 0.772406 0.282125
vt 0.846699 0.452850
vt 0.830841 0.347158
vt 0.853057 0.465871
vt 0.806234 0.313506
vt 0.765775 0.286964
vt 0.779537 0.276996
vt 0.786594 0.329641
vt 0.891468 0.430047
vt 0.805782 0.368979
vt 0.883315 0.418908
vt 0.822606 0.403467
vt 0.870133 0.400887
vt 0.836420 0.431784
vt 0.852416 0.376662
vt 0.921984 0.396898
vt 0.827109 0.352793
vt 0.912048 0.387693
vt 0.849751 0.382865
vt 0.895986 0.372800
vt 0.868344 0.407557
vt 0.874400 0.352780
vt 0.882178 0.425926
vt 0.848112 0.328396
vt 0.890736 0.437280
vt 0.818130 0.300583
vt 0.773263 0.281280
vt 0.785602 0.270408
vt 0.801283 0.318493
vt 0.861681 0.306199
vt 0.922782 0.401206
vt 0.827476 0.285295
vt 0.926471 0.404483
vt 0.893797 0.441263
vt 0.779632 0.274110
vt 0.790366 0.262614
vt 0.949972 0.360113
vt 0.945950 0.357682
vt 0.813775 0.304427
vt 0.845246 0.332372
vt 0.934618 0.350766
vt 0.872838 0.356873
vt 0.916296 0.339574
vt 0.895496 0.376990
vt 0.891671 0.324527
vt 0.912354 0.391955
vt 0.950163 0.309551
vt 0.890980 0.326487
vt 0.930284 0.302486
vt 0.916831 0.341257
vt 0.903566 0.292990
vt 0.936065 0.352244
vt 0.871027 0.281422
vt 0.947963 0.359036
vt 0.833913 0.268228
vt 0.784636 0.265728
vt 0.793648 0.253914
vt 0.966825 0.315449
vt 0.962459 0.313916
vt 0.823591 0.287985
vt 0.859498 0.308500
vt 0.837194 0.250040
vt 0.788083 0.256456
vt 0.795320 0.244642
vt 0.975416 0.267848
vt 0.830353 0.269797
vt 0.970875 0.267272
vt 0.869316 0.282095
vt 0.958088 0.265626
vt 0.903478 0.292877
vt 0.937415 0.262961
vt 0.931529 0.301731
vt 0.909629 0.259379
vt 0.952400 0.308317
vt 0.875790 0.255016
vt 0.965311 0.312389
vt 0.909852 0.257334
vt 0.937414 0.222516
vt 0.939026 0.259931
vt 0.909628 0.224986
vt 0.960732 0.261864
vt 0.875789 0.227995
vt 0.974158 0.263059
vt 0.837192 0.231428
vt 0.789841 0.246651
vt 0.795319 0.235154
vt 0.975416 0.219138
vt 0.970874 0.219542
vt 0.833802 0.250564
vt 0.874324 0.254171
vt 0.958087 0.220678
vt 0.789842 0.236690
vt 0.793645 0.225815
vt 0.962456 0.172560
vt 0.833805 0.231024
vt 0.950160 0.176435
vt 0.874328 0.225801
vt 0.930280 0.182704
vt 0.909857 0.221223
vt 0.903561 0.191132
vt 0.939031 0.217465
vt 0.871021 0.201398
vt 0.960738 0.214669
vt 0.833908 0.213108
vt 0.974165 0.212942
vt 0.891662 0.159116
vt 0.903493 0.185933
vt 0.931547 0.175963
vt 0.861672 0.176245
vt 0.952420 0.168547
vt 0.827468 0.195784
vt 0.965331 0.163964
vt 0.790361 0.216983
vt 0.788086 0.226955
vt 0.966824 0.171193
vt 0.945948 0.128123
vt 0.830361 0.211927
vt 0.934613 0.134590
vt 0.869328 0.198077
vt 0.916288 0.145052
vt 0.784641 0.217821
vt 0.785595 0.208999
vt 0.823603 0.194009
vt 0.912033 0.096757
vt 0.859517 0.172062
vt 0.895972 0.111010
vt 0.891005 0.152820
vt 0.874385 0.130170
vt 0.916861 0.137022
vt 0.848099 0.153505
vt 0.936098 0.125271
vt 0.818119 0.180122
vt 0.947997 0.118008
vt 0.872872 0.123156
vt 0.895537 0.102136
vt 0.830823 0.134051
vt 0.912401 0.086501
vt 0.806219 0.166723
vt 0.922831 0.076839
vt 0.779529 0.202169
vt 0.779639 0.209638
vt 0.813791 0.177957
vt 0.883295 0.064391
vt 0.921969 0.087947
vt 0.845271 0.148757
vt 0.870112 0.081887
vt 0.852396 0.105406
vt 0.773272 0.202722
vt 0.801301 0.164389
vt 0.849500 0.038731
vt 0.891449 0.053578
vt 0.827137 0.129057
vt 0.839703 0.058800
vt 0.849791 0.098079
vt 0.826539 0.085776
vt 0.868394 0.072645
vt 0.810508 0.118630
vt 0.882237 0.053724
vt 0.792228 0.156102
vt 0.890806 0.042036
vt 0.772396 0.196755
vt 0.787936 0.107838
vt 0.836472 0.049684
vt 0.846759 0.028206
vt 0.776681 0.148669
vt 0.764471 0.192966
vt 0.765784 0.197337
vt 0.786613 0.153826
vt 0.805813 0.113720
vt 0.805911 0.042641
vt 0.822648 0.078557
vt 0.797806 0.072037
vt 0.770293 0.146674
vt 0.782118 0.103335
vt 0.770037 0.034032
vt 0.811942 0.020772
vt 0.792486 0.065338
vt 0.767303 0.064717
vt 0.801000 0.034138
vt 0.763973 0.102087
vt 0.807335 0.010928
vt 0.760177 0.144709
vt 0.756058 0.190948
vt 0.757465 0.193691
vt 0.772071 0.011205
vt 0.645832 0.456065
vt 0.925527 0.400118
vt 0.949987 0.125864
vt 0.855568 0.026331
s 1
g off
g pecera_Material.001
usemtl Material.001
f 196/1/1 198/2/2 460/3/3
f 460/3/3 43/4/4 200/5/5
f 41/6/6 461/7/7 198/2/2
f 197/8/8 199/9/9 461/7/7
f 461/7/7 44/10/10 201/11/11
f 198/2/2 201/11/11 43/4/4
f 200/5/5 202/12/12 462/13/13
f 462/13/13 45/14/14 204/15/15
f 43/4/4 463/16/16 202/12/12
f 201/11/11 203/17/17 463/16/16
f 463/16/16 46/18/18 205/19/19
f 202/12/12 205/19/19 45/14/14
f 204/15/15 206/20/20 464/21/21
f 464/21/21 47/22/22 208/23/23
f 45/14/14 465/24/24 206/20/20
f 205/19/19 207/25/25 465/24/24
f 465/24/24 48/26/26 209/27/27
f 206/20/20 209/27/27 47/22/22
f 47/22/22 466/28/28 208/23/23
f 210/29/29 212/30/30 466/28/28
f 209/27/27 210/29/29 47/22/22
f 48/26/26 467/31/31 209/27/27
f 211/32/32 213/33/33 467/31/31
f 467/31/31 49/34/34 210/29/29
f 49/34/34 468/35/35 212/30/30
f 214/36/36 216/37/37 468/35/35
f 213/33/33 214/36/36 49/34/34
f 50/38/38 469/39/39 213/33/33
f 215/40/40 217/41/41 469/39/39
f 469/39/39 51/42/42 214/36/36
f 51/42/42 470/43/43 216/37/37
f 218/44/44 220/45/45 470/43/43
f 217/41/41 218/44/44 51/42/42
f 52/46/46 471/47/47 217/41/41
f 219/48/48 221/49/49 471/47/47
f 471/47/47 53/50/50 218/44/44
f 152/51/51 222/52/52 472/53/53
f 472/53/53 41/6/6 196/1/1
f 153/54/54 222/52/52 5/55/55
f 6/56/56 473/57/57 153/54/54
f 473/57/57 42/58/58 197/8/8
f 222/52/52 197/8/8 41/6/6
f 6/56/56 474/59/59 223/60/60
f 1/61/61 474/59/59 154/62/62
f 474/59/59 7/63/63 224/64/64
f 223/60/60 224/64/64 42/58/58
f 42/58/58 475/65/65 199/9/9
f 224/64/64 156/66/66 475/65/65
f 475/65/65 8/67/67 225/68/68
f 199/9/9 225/68/68 44/10/10
f 44/10/10 476/69/69 203/17/17
f 225/68/68 157/70/70 476/69/69
f 476/69/69 9/71/71 226/72/72
f 203/17/17 226/72/72 46/18/18
f 46/18/18 477/73/73 207/25/25
f 226/72/72 158/74/74 477/73/73
f 477/73/73 10/75/75 227/76/76
f 207/25/25 227/76/76 48/26/26
f 227/76/76 211/32/32 48/26/26
f 10/75/75 478/77/77 227/76/76
f 159/78/78 228/79/79 478/77/77
f 478/77/77 50/38/38 211/32/32
f 228/79/79 215/40/40 50/38/38
f 11/80/80 479/81/81 228/79/79
f 160/82/82 229/83/83 479/81/81
f 479/81/81 52/46/46 215/40/40
f 229/83/83 219/48/48 52/46/46
f 12/84/84 480/85/85 229/83/83
f 161/86/86 230/87/87 480/85/85
f 480/85/85 54/88/88 219/48/48
f 230/87/87 231/89/89 54/88/88
f 13/90/90 481/91/91 230/87/87
f 481/91/91 2/92/92 163/93/93
f 481/91/91 14/94/94 231/89/89
f 221/49/49 232/95/95 53/50/50
f 54/88/88 482/96/96 221/49/49
f 482/96/96 14/94/94 164/97/97
f 232/95/95 164/97/97 15/98/98
f 53/50/50 483/99/99 220/45/45
f 232/95/95 165/100/100 483/99/99
f 233/101/101 235/102/102 484/103/103
f 484/103/103 57/104/104 237/105/105
f 55/106/106 485/107/107 235/102/102
f 234/108/108 236/109/109 485/107/107
f 485/107/107 58/110/110 238/111/111
f 235/102/102 238/111/111 57/104/104
f 237/105/105 239/112/112 486/113/113
f 486/113/113 60/114/114 241/115/115
f 57/104/104 487/116/116 239/112/112
f 238/111/111 240/117/117 487/116/116
f 487/116/116 61/118/118 242/119/119
f 239/112/112 242/119/119 60/114/114
f 59/120/120 488/121/121 243/122/122
f 241/115/115 244/123/123 488/124/121
f 488/124/121 63/125/124 246/126/125
f 243/122/122 246/127/125 62/128/126
f 60/114/114 489/129/127 244/123/123
f 242/119/119 245/130/128 489/129/127
f 489/129/127 64/131/129 247/132/130
f 244/123/123 247/132/130 63/125/124
f 246/127/125 248/133/131 62/128/126
f 63/125/124 490/134/132 246/126/125
f 249/135/133 251/136/134 490/134/132
f 490/137/132 65/138/135 248/133/131
f 247/132/130 249/135/133 63/125/124
f 64/131/129 491/139/136 247/132/130
f 250/140/137 252/141/138 491/139/136
f 491/139/136 66/142/139 249/135/133
f 251/143/134 1312/144/140 65/138/135
f 66/142/139 492/145/141 251/136/134
f 253/146/142 255/147/143 492/145/141
f 252/141/138 253/146/142 66/142/139
f 67/148/144 493/149/145 252/141/138
f 254/150/146 256/151/147 493/149/145
f 493/149/145 68/152/148 253/146/142
f 68/152/148 494/153/149 255/147/143
f 257/154/150 259/155/151 494/153/149
f 256/151/147 257/154/150 68/152/148
f 69/156/152 495/157/153 256/151/147
f 258/158/154 260/159/155 495/157/153
f 495/157/153 70/160/156 257/154/150
f 165/100/100 261/161/157 496/162/158
f 496/162/158 55/106/106 233/101/101
f 15/98/98 497/163/159 261/161/157
f 164/97/97 262/164/160 497/163/159
f 497/163/159 56/165/161 234/108/108
f 261/161/157 234/108/108 55/106/106
f 14/94/94 498/166/162 262/164/160
f 163/93/93 166/167/163 498/166/162
f 498/166/162 16/168/164 263/169/165
f 262/164/160 263/169/165 56/165/161
f 56/165/161 499/170/166 236/109/109
f 263/169/165 167/171/167 499/170/166
f 499/170/166 17/172/168 264/173/169
f 236/109/109 264/173/169 58/110/110
f 58/110/110 500/174/170 240/117/117
f 264/173/169 168/175/171 500/174/170
f 500/174/170 18/176/172 265/177/173
f 240/117/117 265/177/173 61/118/118
f 61/118/118 501/178/174 245/130/128
f 265/177/173 169/179/175 501/178/174
f 501/178/174 19/180/176 266/181/177
f 245/130/128 266/181/177 64/131/129
f 266/181/177 250/140/137 64/131/129
f 19/180/176 502/182/178 266/181/177
f 170/183/179 267/184/180 502/182/178
f 502/182/178 67/148/144 250/140/137
f 267/184/180 254/150/146 67/148/144
f 20/185/181 503/186/182 267/184/180
f 171/187/183 268/188/184 503/186/182
f 503/186/182 69/156/152 254/150/146
f 268/188/184 258/158/154 69/156/152
f 21/189/185 504/190/186 268/188/184
f 172/191/187 269/192/188 504/190/186
f 504/190/186 71/193/189 258/158/154
f 269/192/188 270/194/190 71/193/189
f 22/195/191 505/196/192 269/192/188
f 173/197/193 174/198/194 505/196/192
f 505/196/192 23/199/195 270/194/190
f 260/159/155 271/200/196 70/160/156
f 71/193/189 506/201/197 260/159/155
f 270/194/190 175/202/198 506/201/197
f 506/201/197 24/203/199 271/200/196
f 70/160/156 507/204/200 259/155/151
f 271/200/196 176/205/201 507/204/200
f 272/206/202 274/207/203 508/208/204
f 508/208/204 74/209/205 276/210/206
f 72/211/207 509/212/208 274/207/203
f 273/213/209 275/214/210 509/212/208
f 509/212/208 75/215/211 277/216/212
f 274/207/203 277/216/212 74/209/205
f 276/210/206 278/217/213 510/218/214
f 510/218/214 76/219/215 280/220/216
f 74/209/205 511/221/217 278/217/213
f 277/216/212 279/222/218 511/221/217
f 511/221/217 77/223/219 281/224/220
f 278/217/213 281/224/220 76/219/215
f 280/220/216 282/225/221 512/226/222
f 512/226/222 78/227/223 284/228/224
f 76/219/215 513/229/225 282/225/221
f 281/224/220 283/230/226 513/229/225
f 513/229/225 79/231/227 285/232/228
f 282/225/221 285/232/228 78/227/223
f 78/227/223 514/233/229 284/228/224
f 286/234/230 288/235/231 514/233/229
f 285/232/228 286/234/230 78/227/223
f 79/231/227 515/236/232 285/232/228
f 287/237/233 289/238/234 515/236/232
f 515/236/232 80/239/235 286/234/230
f 80/239/235 516/240/236 288/235/231
f 290/241/237 292/242/238 516/240/236
f 289/238/234 290/241/237 80/239/235
f 81/243/239 517/244/240 289/238/234
f 291/245/241 293/246/242 517/244/240
f 517/244/240 82/247/243 290/241/237
f 82/247/243 518/248/244 292/242/238
f 294/249/245 296/250/246 518/248/244
f 293/246/242 294/249/245 82/247/243
f 83/251/247 519/252/248 293/246/242
f 295/253/249 297/254/250 519/252/248
f 519/252/248 84/255/251 294/249/245
f 176/205/201 298/256/252 520/257/253
f 520/257/253 72/211/207 272/206/202
f 24/203/199 521/258/254 298/256/252
f 175/202/198 299/259/255 521/258/254
f 521/258/254 73/260/256 273/213/209
f 298/256/252 273/213/209 72/211/207
f 23/199/195 522/261/257 299/259/255
f 174/198/194 177/262/258 522/261/257
f 522/261/257 25/263/259 300/264/260
f 299/259/255 300/264/260 73/260/256
f 73/260/256 523/265/261 275/214/210
f 300/264/260 178/266/262 523/265/261
f 523/265/261 26/267/263 301/268/264
f 275/214/210 301/268/264 75/215/211
f 75/215/211 524/269/265 279/222/218
f 301/268/264 179/270/266 524/269/265
f 524/269/265 27/271/267 302/272/268
f 279/222/218 302/272/268 77/223/219
f 77/223/219 525/273/269 283/230/226
f 302/272/268 180/274/270 525/273/269
f 525/273/269 28/275/271 303/276/272
f 283/230/226 303/276/272 79/231/227
f 303/276/272 287/237/233 79/231/227
f 28/275/271 526/277/273 303/276/272
f 181/278/274 304/279/275 526/277/273
f 526/277/273 81/243/239 287/237/233
f 304/279/275 291/245/241 81/243/239
f 29/280/276 527/281/277 304/279/275
f 182/282/278 305/283/279 527/281/277
f 527/281/277 83/251/247 291/245/241
f 305/283/279 295/253/249 83/251/247
f 30/284/280 528/285/281 305/283/279
f 183/286/282 306/287/283 528/285/281
f 528/285/281 85/288/284 295/253/249
f 306/287/283 307/289/285 85/288/284
f 31/290/286 529/291/287 306/287/283
f 184/292/288 185/293/289 529/291/287
f 529/291/287 32/294/290 307/289/285
f 297/254/250 308/295/291 84/255/251
f 85/288/284 530/296/292 297/254/250
f 307/289/285 186/297/293 530/296/292
f 530/296/292 33/298/294 308/295/291
f 84/255/251 531/299/295 296/250/246
f 308/295/291 187/300/296 531/299/295
f 309/301/297 311/302/298 532/303/299
f 532/303/299 88/304/300 313/305/301
f 86/306/302 533/307/303 311/302/298
f 310/308/304 312/309/305 533/307/303
f 533/307/303 89/310/306 314/311/307
f 311/302/298 314/311/307 88/304/300
f 313/305/301 315/312/308 534/313/309
f 534/313/309 91/314/310 317/315/311
f 88/304/300 535/316/312 315/312/308
f 314/311/307 316/317/313 535/316/312
f 535/316/312 92/318/314 318/319/315
f 315/312/308 318/319/315 91/314/310
f 90/320/316 536/321/317 319/322/318
f 317/315/311 320/323/319 536/324/317
f 536/324/317 94/325/320 322/326/321
f 319/322/318 322/327/321 93/328/322
f 91/314/310 537/329/323 320/323/319
f 318/319/315 321/330/324 537/329/323
f 537/329/323 95/331/325 323/332/326
f 320/323/319 323/332/326 94/325/320
f 322/327/321 324/333/327 93/328/322
f 94/325/320 538/334/328 322/326/321
f 325/335/329 327/336/330 538/334/328
f 538/337/328 96/338/331 324/333/327
f 323/332/326 325/335/329 94/325/320
f 95/331/325 539/339/332 323/332/326
f 326/340/333 328/341/334 539/339/332
f 539/339/332 97/342/335 325/335/329
f 317/343/311 1269/344/336 534/345/309
f 97/342/335 540/346/337 327/336/330
f 329/347/338 331/348/339 540/346/337
f 328/341/334 329/347/338 97/342/335
f 98/349/340 541/350/341 328/341/334
f 330/351/342 332/352/343 541/350/341
f 541/350/341 99/353/344 329/347/338
f 99/353/344 542/354/345 331/348/339
f 333/355/346 335/356/347 542/354/345
f 332/352/343 333/355/346 99/353/344
f 100/357/348 543/358/349 332/352/343
f 334/359/350 336/360/351 543/358/349
f 543/358/349 101/361/352 333/355/346
f 187/300/296 337/362/353 544/363/354
f 544/363/354 86/306/302 309/301/297
f 33/298/294 545/364/355 337/362/353
f 186/297/293 338/365/356 545/364/355
f 545/364/355 87/366/357 310/308/304
f 337/362/353 310/308/304 86/306/302
f 32/294/290 546/367/358 338/365/356
f 185/293/289 188/368/359 546/367/358
f 546/367/358 34/369/360 339/370/361
f 338/365/356 339/370/361 87/366/357
f 87/366/357 547/371/362 312/309/305
f 339/370/361 189/372/363 547/371/362
f 547/371/362 35/373/364 340/374/365
f 312/309/305 340/374/365 89/310/306
f 89/310/306 548/375/366 316/317/313
f 340/374/365 190/376/367 548/375/366
f 548/375/366 36/377/368 341/378/369
f 316/317/313 341/378/369 92/318/314
f 92/318/314 549/379/370 321/330/324
f 341/378/369 191/380/371 549/379/370
f 549/379/370 37/381/372 342/382/373
f 321/330/324 342/382/373 95/331/325
f 342/382/373 326/340/333 95/331/325
f 37/381/372 550/383/374 342/382/373
f 192/384/375 343/385/376 550/383/374
f 550/383/374 98/349/340 326/340/333
f 343/385/376 330/351/342 98/349/340
f 38/386/377 551/387/378 343/385/376
f 193/388/379 344/389/380 551/387/378
f 551/387/378 100/357/348 330/351/342
f 344/389/380 334/359/350 100/357/348
f 39/390/381 552/391/382 344/389/380
f 194/392/383 345/393/384 552/391/382
f 552/391/382 102/394/385 334/359/350
f 345/393/384 346/395/386 102/394/385
f 40/396/387 553/397/388 345/393/384
f 195/398/389 154/62/62 553/397/388
f 553/397/388 6/56/56 346/395/386
f 336/360/351 347/399/390 101/361/352
f 102/394/385 554/400/391 336/360/351
f 346/395/386 153/54/54 554/400/391
f 554/400/391 5/55/55 347/399/390
f 101/361/352 555/401/392 335/356/347
f 347/399/390 152/51/51 555/401/392
f 103/402/393 556/403/394 354/404/395
f 348/405/396 355/406/397 556/403/394
f 556/403/394 111/407/398 361/408/399
f 354/404/395 361/408/399 110/409/400
f 104/410/401 557/411/402 355/406/397
f 349/412/403 356/413/404 557/411/402
f 557/411/402 112/414/405 362/415/406
f 355/406/397 362/415/406 111/407/398
f 105/416/407 558/417/408 356/413/404
f 350/418/409 357/419/410 558/417/408
f 558/417/408 113/420/411 363/421/412
f 356/413/404 363/421/412 112/414/405
f 351/422/413 357/419/410 106/423/414
f 107/424/415 559/425/416 351/422/413
f 358/426/417 364/427/418 559/425/416
f 559/425/416 113/420/411 357/419/410
f 352/428/419 358/426/417 107/424/415
f 108/429/420 560/430/421 352/428/419
f 359/431/422 365/432/423 560/430/421
f 560/430/421 114/433/424 358/426/417
f 353/434/425 359/431/422 108/429/420
f 109/435/426 561/436/427 353/434/425
f 360/437/428 366/438/429 561/436/427
f 561/436/427 115/439/430 359/431/422
f 110/409/400 562/440/431 367/441/432
f 361/408/399 368/442/433 562/440/431
f 562/440/431 118/443/434 374/444/435
f 367/441/432 374/444/435 117/445/436
f 111/407/398 563/446/437 368/442/433
f 362/415/406 369/447/438 563/446/437
f 563/446/437 119/448/439 375/449/440
f 368/442/433 375/449/440 118/443/434
f 112/414/405 564/450/441 369/447/438
f 363/421/412 370/451/442 564/450/441
f 564/450/441 120/452/443 376/453/444
f 369/447/438 376/453/444 119/448/439
f 364/427/418 370/451/442 113/420/411
f 114/433/424 565/454/445 364/427/418
f 371/455/446 377/456/447 565/454/445
f 565/454/445 120/452/443 370/451/442
f 365/432/423 371/455/446 114/433/424
f 115/439/430 566/457/448 365/432/423
f 372/458/449 378/459/450 566/457/448
f 566/457/448 121/460/451 371/455/446
f 366/438/429 372/458/449 115/439/430
f 116/461/452 567/462/453 366/438/429
f 373/463/454 379/464/455 567/462/453
f 567/462/453 122/465/456 372/458/449
f 117/445/436 568/466/457 380/467/458
f 374/444/435 381/468/459 568/466/457
f 568/466/457 125/469/460 387/470/461
f 380/467/458 387/470/461 124/471/462
f 118/443/434 569/472/463 381/468/459
f 375/449/440 382/473/464 569/472/463
f 569/472/463 126/474/465 388/475/466
f 381/468/459 388/475/466 125/469/460
f 119/448/439 570/476/467 382/473/464
f 376/453/444 383/477/468 570/476/467
f 570/476/467 127/478/469 389/479/470
f 382/473/464 389/479/470 126/474/465
f 377/456/447 383/477/468 120/452/443
f 121/460/451 571/480/471 377/456/447
f 384/481/472 390/482/473 571/480/471
f 571/480/471 127/478/469 383/477/468
f 378/459/450 384/481/472 121/460/451
f 122/465/456 572/483/474 378/459/450
f 385/484/475 391/485/476 572/483/474
f 572/483/474 128/486/477 384/481/472
f 379/464/455 385/484/475 122/465/456
f 123/487/478 573/488/479 379/464/455
f 386/489/480 392/490/481 573/488/479
f 573/488/479 129/491/482 385/484/475
f 387/470/461 393/492/483 124/471/462
f 125/469/460 574/493/484 387/470/461
f 394/494/485 400/495/486 574/493/484
f 574/493/484 131/496/487 393/492/483
f 388/475/466 394/494/485 125/469/460
f 126/474/465 575/497/488 388/475/466
f 395/498/489 401/499/490 575/497/488
f 575/497/488 132/500/491 394/494/485
f 389/479/470 395/498/489 126/474/465
f 127/478/469 576/501/492 389/479/470
f 396/502/493 402/503/494 576/501/492
f 576/501/492 133/504/495 395/498/489
f 127/478/469 577/505/496 396/502/493
f 390/482/473 397/506/497 577/505/496
f 577/505/496 135/507/498 403/508/499
f 396/502/493 403/508/499 134/509/500
f 128/486/477 578/510/501 397/506/497
f 391/485/476 398/511/502 578/510/501
f 578/510/501 136/512/503 404/513/504
f 397/506/497 404/513/504 135/507/498
f 129/491/482 579/514/505 398/511/502
f 392/490/481 399/515/506 579/514/505
f 579/514/505 137/516/507 405/517/508
f 398/511/502 405/517/508 136/512/503
f 400/495/486 406/518/509 131/496/487
f 132/500/491 580/519/510 400/495/486
f 407/520/511 413/521/512 580/519/510
f 580/519/510 138/522/513 406/518/509
f 401/499/490 407/520/511 132/500/491
f 133/504/495 581/523/514 401/499/490
f 408/524/515 414/525/516 581/523/514
f 581/523/514 139/526/517 407/520/511
f 402/503/494 408/524/515 133/504/495
f 134/509/500 582/527/518 402/503/494
f 409/528/519 415/529/520 582/527/518
f 582/527/518 140/530/521 408/524/515
f 134/509/500 583/531/522 409/528/519
f 403/508/499 410/532/523 583/531/522
f 583/531/522 142/533/524 416/534/525
f 409/528/519 416/534/525 141/535/526
f 135/507/498 584/536/527 410/532/523
f 404/513/504 411/537/528 584/536/527
f 584/536/527 143/538/529 417/539/530
f 410/532/523 417/539/530 142/533/524
f 136/512/503 585/540/531 411/537/528
f 405/517/508 412/541/532 585/540/531
f 585/540/531 144/542/533 418/543/534
f 411/537/528 418/543/534 143/538/529
f 413/521/512 419/544/535 138/522/513
f 139/526/517 586/545/536 413/521/512
f 420/546/537 426/547/538 586/545/536
f 586/545/536 145/548/539 419/544/535
f 414/525/516 420/546/537 139/526/517
f 140/530/521 587/549/540 414/525/516
f 421/550/541 427/551/542 587/549/540
f 587/549/540 146/552/543 420/546/537
f 415/529/520 421/550/541 140/530/521
f 141/535/526 588/553/544 415/529/520
f 422/554/545 428/555/546 588/553/544
f 588/553/544 147/556/547 421/550/541
f 141/535/526 589/557/548 422/554/545
f 416/534/525 423/558/549 589/557/548
f 589/557/548 149/559/550 429/560/551
f 422/554/545 429/560/551 148/561/552
f 142/533/524 590/562/553 423/558/549
f 417/539/530 424/563/554 590/562/553
f 590/562/553 150/564/555 430/565/556
f 423/558/549 430/565/556 149/559/550
f 143/538/529 591/566/557 424/563/554
f 418/543/534 425/567/558 591/566/557
f 591/566/557 151/568/559 431/569/560
f 424/563/554 431/569/560 150/564/555
f 4/570/561 592/571/562 177/262/258
f 173/197/193 432/572/563 592/571/562
f 592/571/562 103/402/393 459/573/564
f 177/262/258 459/573/564 25/263/259
f 22/195/191 593/574/565 432/572/563
f 172/191/187 433/575/566 593/574/565
f 593/574/565 104/410/401 348/405/396
f 432/572/563 348/405/396 103/402/393
f 21/189/185 594/576/567 433/575/566
f 171/187/183 434/577/568 594/576/567
f 594/576/567 105/416/407 349/412/403
f 433/575/566 349/412/403 104/410/401
f 20/185/181 595/578/569 434/577/568
f 170/183/179 435/579/570 595/578/569
f 595/578/569 106/423/414 350/418/409
f 434/577/568 350/418/409 105/416/407
f 169/179/175 435/579/570 19/180/176
f 18/176/172 596/580/571 169/179/175
f 436/581/572 351/422/413 596/580/571
f 596/580/571 106/423/414 435/579/570
f 168/175/171 436/581/572 18/176/172
f 17/172/168 597/582/573 168/175/171
f 437/583/574 352/428/419 597/582/573
f 597/582/573 107/424/415 436/581/572
f 167/171/167 437/583/574 17/172/168
f 16/168/164 598/584/575 167/171/167
f 438/585/576 353/434/425 598/584/575
f 598/584/575 108/429/420 437/583/574
f 166/167/163 438/585/576 16/168/164
f 2/92/92 599/586/577 166/167/163
f 162/587/578 439/588/579 599/586/577
f 599/586/577 109/435/426 438/585/576
f 439/588/579 360/437/428 109/435/426
f 13/90/90 600/589/580 439/588/579
f 161/86/86 440/590/581 600/589/580
f 600/589/580 116/461/452 360/437/428
f 440/590/581 373/463/454 116/461/452
f 12/84/84 601/591/582 440/590/581
f 160/82/82 441/592/583 601/591/582
f 601/591/582 123/487/478 373/463/454
f 441/592/583 386/489/480 123/487/478
f 11/80/80 602/593/584 441/592/583
f 159/78/78 442/594/585 602/593/584
f 602/593/584 130/595/586 386/489/480
f 130/595/586 603/596/587 399/515/506
f 442/594/585 158/74/74 603/596/587
f 603/596/587 9/71/71 443/597/588
f 399/515/506 443/597/588 137/516/507
f 137/516/507 604/598/589 412/541/532
f 443/597/588 157/70/70 604/598/589
f 604/598/589 8/67/67 444/599/590
f 412/541/532 444/599/590 144/542/533
f 144/542/533 605/600/591 425/567/558
f 444/599/590 156/66/66 605/600/591
f 605/600/591 7/63/63 445/601/592
f 425/567/558 445/601/592 151/568/559
f 151/568/559 606/602/593 446/603/594
f 445/601/592 155/604/595 606/602/593
f 606/602/593 1/61/61 195/398/389
f 446/603/594 195/398/389 40/396/387
f 150/564/555 607/605/596 447/606/597
f 431/569/560 446/603/594 607/605/596
f 607/605/596 40/396/387 194/392/383
f 447/606/597 194/392/383 39/390/381
f 149/559/550 608/607/598 448/608/599
f 430/565/556 447/606/597 608/607/598
f 608/607/598 39/390/381 193/388/379
f 448/608/599 193/388/379 38/386/377
f 148/561/552 609/609/600 449/610/601
f 429/560/551 448/608/599 609/609/600
f 609/609/600 38/386/377 192/384/375
f 449/610/601 192/384/375 37/381/372
f 428/555/546 450/611/602 147/556/547
f 148/561/552 610/612/603 428/555/546
f 449/610/601 191/380/371 610/612/603
f 610/612/603 36/377/368 450/611/602
f 427/551/542 451/613/604 146/552/543
f 147/556/547 611/614/605 427/551/542
f 450/611/602 190/376/367 611/614/605
f 611/614/605 35/373/364 451/613/604
f 426/547/538 452/615/606 145/548/539
f 146/552/543 612/616/607 426/547/538
f 451/613/604 189/372/363 612/616/607
f 612/616/607 34/369/360 452/615/606
f 453/617/608 184/292/288 31/290/286
f 145/548/539 613/618/609 453/617/608
f 452/615/606 188/368/359 613/618/609
f 613/618/609 3/619/610 184/292/288
f 454/620/611 183/286/282 30/284/280
f 138/522/513 614/621/612 454/620/611
f 419/544/535 453/617/608 614/621/612
f 614/621/612 31/290/286 183/286/282
f 455/622/613 182/282/278 29/280/276
f 131/496/487 615/623/614 455/622/613
f 406/518/509 454/620/611 615/623/614
f 615/623/614 30/284/280 182/282/278
f 456/624/615 181/278/274 28/275/271
f 124/471/462 616/625/616 456/624/615
f 393/492/483 455/622/613 616/625/616
f 616/625/616 29/280/276 181/278/274
f 27/271/267 617/626/617 180/274/270
f 457/627/618 380/467/458 617/626/617
f 617/626/617 124/471/462 456/624/615
f 180/274/270 456/624/615 28/275/271
f 26/267/263 618/628/619 179/270/266
f 458/629/620 367/441/432 618/628/619
f 618/628/619 117/445/436 457/627/618
f 179/270/266 457/627/618 27/271/267
f 25/263/259 619/630/621 178/266/262
f 459/573/564 354/404/395 619/630/621
f 619/630/621 110/409/400 458/629/620
f 178/266/262 458/629/620 26/267/263
f 1144/631/622 1016/632/623 1143/633/624
f 1476/634/625 1070/635/626 1442/636/627
f 1161/637/628 1033/638/629 1160/639/630
f 1443/640/631 1121/641/632 1122/642/633
f 1177/643/634 1051/644/635 1050/645/636
f 1194/646/637 1068/647/638 1067/648/639
f 1442/636/627 1071/649/640 1444/650/641
f 1443/640/631 1123/651/642 1445/652/643
f 1444/650/641 1072/653/644 1446/654/645
f 1447/655/646 1123/651/642 1124/656/647
f 1142/657/648 1016/632/623 1015/658/649
f 1446/654/645 1073/659/650 1448/660/651
f 1160/639/630 1032/661/652 1159/662/653
f 1449/663/654 1124/656/647 1125/664/655
f 1176/665/656 1050/645/636 1049/666/657
f 1194/646/637 1066/667/658 1193/668/659
f 1450/669/660 1073/659/650 1074/670/661
f 1449/663/654 1126/671/662 1451/672/663
f 1452/673/664 1074/670/661 1075/674/665
f 1451/672/663 1127/675/666 1453/676/667
f 1141/677/668 1015/658/649 1014/678/669
f 1452/673/664 1076/679/670 1454/680/671
f 1158/681/672 1032/661/652 1031/682/673
f 1453/676/667 1128/683/674 1455/684/675
f 1176/665/656 1048/685/676 1175/686/677
f 1193/668/659 1065/687/678 1192/688/679
f 1454/680/671 1077/689/680 1456/690/681
f 1455/684/675 1129/691/682 1457/692/683
f 1456/690/681 1078/693/684 1458/694/685
f 1459/695/686 1129/691/682 1130/696/687
f 1141/677/668 1013/697/688 1140/698/689
f 1458/694/685 1079/699/690 1460/700/691
f 1158/681/672 1030/701/692 1157/702/693
f 1462/703/694 1130/696/687 1131/704/695
f 1174/705/696 1048/685/676 1047/706/697
f 1192/688/679 1064/707/698 1191/708/699
f 1460/700/691 1080/709/700 1463/710/701
f 1461/711/702 1131/704/695 1006/712/703
f 1463/710/701 1081/713/704 1464/714/705
f 1139/715/706 1013/697/688 1012/716/707
f 1464/714/705 1082/717/708 1465/718/709
f 1157/702/693 1029/719/710 1156/720/711
f 1174/705/696 1046/721/712 1173/722/713
f 1191/708/699 1063/723/714 1190/724/715
f 1465/718/709 1083/725/716 1466/726/717
f 1466/726/717 1084/727/718 1467/728/719
f 1139/715/706 1011/729/720 1138/730/721
f 1467/731/719 1085/732/722 1468/733/723
f 1156/720/711 1028/734/724 1155/735/725
f 1172/736/726 1046/721/712 1045/737/727
f 1190/724/715 1062/738/728 1189/739/729
f 1468/733/723 1086/740/730 1469/741/731
f 1469/741/731 1087/742/732 1470/743/733
f 1138/730/721 1010/744/734 1137/745/735
f 1470/743/733 1088/746/736 1471/747/737
f 1155/735/725 1027/748/738 1154/749/739
f 1171/750/740 1045/737/727 1044/751/741
f 1188/752/742 1062/738/728 1061/753/743
f 1471/747/737 1089/754/744 1472/755/745
f 1472/755/745 1090/756/746 1474/757/747
f 1137/745/735 1009/758/748 1136/759/749
f 1474/757/747 1091/760/750 1473/761/751
f 2146/762/752 1249/763/753 2149/764/754
f 1154/749/739 1026/765/755 1153/766/756
f 1170/767/757 1044/751/741 1043/768/758
f 682/769/759 714/770/760 746/771/761
f 1954/772/762 903/773/763 1993/774/764
f 1791/775/765 922/776/766 920/777/767
f 1992/778/768 935/779/769 937/780/770
f 1956/781/771 971/782/772 1991/783/773
f 1764/784/774 922/776/766 1790/785/775
f 1764/784/774 926/786/776 924/787/777
f 1958/788/778 901/789/779 1954/772/762
f 1766/790/780 926/786/776 1765/791/781
f 1959/792/782 935/779/769 1955/793/783
f 1960/794/784 969/795/785 1956/781/771
f 1767/796/786 928/797/787 1766/790/780
f 1957/798/788 1001/799/789 876/800/790
f 1768/801/791 930/802/792 1767/796/786
f 1962/803/793 899/804/794 1958/788/778
f 1769/805/795 932/806/796 1768/801/791
f 1963/807/797 933/808/798 1959/792/782
f 1964/809/799 967/810/800 1960/811/784
f 1770/812/801 934/813/802 1769/805/795
f 1965/814/803 1001/799/789 1961/815/804
f 1770/812/801 938/816/805 936/817/806
f 1772/818/807 938/816/805 1771/819/808
f 1966/820/809 897/821/810 1962/803/793
f 1963/822/797 929/823/811 931/824/812
f 1968/825/813 965/826/814 1964/827/799
f 1773/828/815 940/829/816 1772/818/807
f 1965/814/803 997/830/817 999/831/818
f 1773/828/815 944/832/819 942/833/820
f 1775/834/821 944/832/819 1774/835/822
f 1966/820/809 893/836/823 895/837/824
f 1967/838/825 927/839/826 929/823/811
f 1972/840/827 963/841/828 1968/825/813
f 1775/834/821 948/842/829 946/843/830
f 1969/844/831 995/845/832 997/846/817
f 1777/847/833 948/842/829 1776/848/834
f 1778/849/835 950/850/836 1777/847/833
f 1974/851/837 893/836/823 1970/852/838
f 1975/853/839 927/839/826 1971/854/840
f 1976/855/841 961/856/842 1972/840/827
f 1779/857/843 952/858/844 1778/849/835
f 1977/859/845 995/860/832 1973/861/846
f 1780/862/847 954/863/848 1779/857/843
f 1780/862/847 958/864/849 956/865/850
f 1978/866/851 891/867/852 1974/851/837
f 1979/868/853 925/869/854 1975/853/839
f 1976/855/841 957/870/855 959/871/856
f 1782/872/857 958/864/849 1781/873/858
f 1977/859/845 991/874/859 993/875/860
f 1783/876/861 960/877/862 1782/872/857
f 1784/878/863 962/879/864 1783/876/861
f 1982/880/865 889/881/866 1978/866/851
f 1979/868/853 921/882/867 923/883/868
f 1985/884/869 957/870/855 1980/885/870
f 1785/886/871 964/887/872 1784/878/863
f 1981/888/873 989/889/874 991/874/859
f 1786/890/875 966/891/876 1785/886/871
f 1982/880/865 885/892/877 887/893/878
f 1786/890/875 970/894/879 968/895/880
f 1983/896/881 919/897/882 921/898/867
f 1985/884/869 953/899/883 955/900/884
f 1788/901/885 970/894/879 1787/902/886
f 1988/903/887 989/889/874 1987/904/888
f 1789/905/889 972/906/890 1788/901/885
f 1990/907/891 885/892/877 1989/908/892
f 1762/909/893 974/910/894 1789/905/889
f 875/911/895 1633/912/896 1632/913/897
f 874/914/898 1632/913/897 1631/915/899
f 873/916/900 1631/915/899 1630/917/901
f 872/918/902 1630/917/901 1629/919/903
f 871/920/904 1629/919/903 1628/921/905
f 870/922/906 1628/921/905 1627/923/907
f 869/924/908 1627/923/907 1626/925/909
f 868/926/910 1626/925/909 1625/927/911
f 867/928/912 1625/927/911 1624/929/913
f 866/930/914 1624/929/913 1623/931/915
f 865/932/916 1623/931/915 1622/933/917
f 864/934/918 1622/933/917 1621/935/919
f 863/936/920 1621/935/919 1620/937/921
f 862/938/922 1620/937/921 1619/939/923
f 861/940/924 1619/939/923 1618/941/925
f 860/942/926 1618/941/925 1617/943/927
f 859/944/928 1617/943/927 1616/945/929
f 858/946/930 1616/945/929 1615/947/931
f 857/948/932 1615/947/931 1614/949/933
f 856/950/934 1614/949/933 1613/951/935
f 855/952/936 1613/951/935 1612/953/937
f 854/954/938 1612/953/937 1611/955/939
f 853/956/940 1611/955/939 1610/957/941
f 852/958/942 1610/957/941 1609/959/943
f 851/960/944 1609/959/943 1608/961/945
f 850/962/946 1608/963/945 1607/964/947
f 849/965/948 1607/964/947 1606/966/949
f 848/967/950 1606/968/949 1605/969/951
f 847/970/952 1605/969/951 1604/971/953
f 846/972/954 1604/971/953 1603/973/955
f 845/974/956 1603/973/955 1602/975/957
f 844/976/958 1602/975/957 1601/977/959
f 843/978/960 1601/977/959 1600/979/961
f 842/980/962 1600/979/961 1599/981/963
f 841/982/964 1599/981/963 1598/983/965
f 840/984/966 1598/983/965 1597/985/967
f 839/986/968 1597/985/967 1596/987/969
f 838/988/970 1596/987/969 1595/989/971
f 837/990/972 1595/989/971 1594/991/973
f 836/992/974 1594/991/973 1593/993/975
f 835/994/976 1593/993/975 1592/995/977
f 834/996/978 1592/995/977 1591/997/979
f 833/998/980 1591/997/979 1590/999/754
f 832/1000/981 1590/999/754 1589/1001/752
f 831/1002/982 1589/1001/752 1588/1003/983
f 830/1004/984 1588/1003/983 1587/1005/985
f 829/1006/986 1587/1005/985 1586/1007/987
f 828/1008/988 1586/1007/987 1585/1009/989
f 827/1010/990 1585/1011/989 1584/1012/991
f 826/1013/992 1584/1012/991 1583/1014/993
f 825/1015/994 1583/1014/993 1582/1016/995
f 824/1017/996 1582/1016/995 1581/1018/997
f 823/1019/998 1581/1018/997 1580/1020/999
f 822/1021/1000 1580/1020/999 1579/1022/1001
f 821/1023/1002 1579/1022/1001 1578/1024/1003
f 820/1025/1004 1578/1024/1003 1577/1026/1005
f 819/1027/1006 1577/1026/1005 1576/1028/1007
f 818/1029/1008 1576/1028/1007 1575/1030/1009
f 817/1031/1010 1575/1030/1009 1574/1032/1011
f 816/1033/1012 1574/1032/1011 1573/1034/1013
f 815/1035/1014 1573/1034/1013 1572/1036/1015
f 814/1037/1016 1572/1036/1015 1571/1038/1017
f 813/1039/1018 1571/1038/1017 1570/1040/1019
f 812/1041/1020 1570/1040/1019 1633/912/896
f 1002/1042/1021 1889/1043/896 1888/1044/897
f 1000/1045/1022 1888/1044/897 1887/1046/899
f 998/1047/1023 1887/1046/899 1886/1048/901
f 996/1049/1024 1886/1048/901 1885/1050/903
f 994/1051/1025 1885/1050/903 1884/1052/905
f 992/1053/1026 1884/1052/905 1883/1054/907
f 990/1055/1027 1883/1054/907 1882/1056/909
f 988/1057/1028 1882/1056/909 1881/1058/911
f 986/1059/1029 1881/1058/911 1880/1060/913
f 984/1061/1030 1880/1060/913 1879/1062/915
f 982/1063/1031 1879/1062/915 1878/1064/917
f 980/1065/1032 1878/1064/917 1877/1066/919
f 978/1067/1033 1877/1066/919 1876/1068/921
f 976/1069/1034 1876/1068/921 1875/1070/923
f 974/910/894 1875/1070/923 1874/1071/925
f 972/906/890 1874/1071/925 1873/1072/927
f 970/894/879 1873/1072/927 1872/1073/929
f 968/895/880 1872/1073/929 1871/1074/931
f 966/891/876 1871/1074/931 1870/1075/933
f 964/887/872 1870/1075/933 1869/1076/935
f 962/879/864 1869/1076/935 1868/1077/937
f 960/877/862 1868/1077/937 1867/1078/939
f 958/864/849 1867/1078/939 1866/1079/941
f 956/865/850 1866/1079/941 1865/1080/943
f 954/863/848 1865/1080/943 1864/1081/945
f 952/858/844 1864/1081/945 1863/1082/947
f 950/850/836 1863/1082/947 1862/1083/949
f 948/842/829 1862/1083/949 1861/1084/951
f 946/843/830 1861/1084/951 1860/1085/953
f 944/832/819 1860/1085/953 1859/1086/955
f 942/833/820 1859/1086/955 1858/1087/957
f 940/829/816 1858/1087/957 1857/1088/959
f 938/816/805 1857/1088/959 1856/1089/961
f 936/817/806 1856/1089/961 1855/1090/963
f 934/813/802 1855/1090/963 1854/1091/965
f 932/806/796 1854/1091/965 1853/1092/967
f 930/802/792 1853/1092/967 1852/1093/969
f 928/797/787 1852/1093/969 1851/1094/971
f 926/786/776 1851/1094/971 1850/1095/973
f 924/787/777 1850/1095/973 1849/1096/975
f 922/776/766 1849/1096/975 1848/1097/977
f 920/777/767 1848/1097/977 1847/1098/979
f 918/1099/1035 1847/1098/979 1846/1100/754
f 916/1101/1036 1846/1100/754 1845/1102/752
f 914/1103/1037 1845/1102/752 1844/1104/983
f 912/1105/1038 1844/1104/983 1843/1106/985
f 910/1107/1039 1843/1106/985 1842/1108/987
f 908/1109/1040 1842/1108/987 1841/1110/989
f 906/1111/1041 1841/1112/989 1840/1113/991
f 904/1114/1042 1840/1113/991 1839/1115/993
f 902/1116/1043 1839/1115/993 1838/1117/995
f 900/1118/1044 1838/1117/995 1837/1119/997
f 898/1120/1045 1837/1119/997 1836/1121/999
f 896/1122/1046 1836/1121/999 1835/1123/1001
f 894/1124/1047 1835/1123/1001 1834/1125/1003
f 892/1126/1048 1834/1125/1003 1833/1127/1005
f 890/1128/1049 1833/1127/1005 1832/1129/1007
f 888/1130/1050 1832/1129/1007 1831/1131/1009
f 886/1132/1051 1831/1131/1009 1830/1133/1011
f 884/1134/1052 1830/1133/1011 1829/1135/1013
f 882/1136/1053 1829/1135/1013 1828/1137/1015
f 880/1138/1054 1828/1137/1015 1827/1139/1017
f 878/1140/1055 1827/1139/1017 1826/1141/1019
f 1003/1142/1056 1826/1141/1019 1889/1043/896
f 1791/775/765 918/1099/1035 1792/1143/1057
f 1793/1144/1058 918/1099/1035 916/1101/1036
f 1991/1145/773 973/1146/1059 1994/1147/1060
f 1992/778/768 939/1148/1061 1995/1149/1062
f 1794/1150/1063 916/1101/1036 914/1103/1037
f 1993/774/764 905/1151/1064 1996/1152/1065
f 1795/1153/1066 914/1103/1037 912/1105/1038
f 1795/1153/1066 910/1107/1039 1796/1154/1067
f 1994/1155/1060 975/1156/1068 1997/1157/1069
f 1995/1158/1062 941/1159/1070 1998/1160/1071
f 1796/1154/1067 908/1109/1040 1797/1161/1072
f 1996/1152/1065 907/1162/1073 1999/1163/1074
f 1797/1164/1072 906/1111/1041 1798/1165/1075
f 1799/1166/1076 906/1111/1041 904/1114/1042
f 2000/1167/1077 975/1156/1068 977/1168/1078
f 1998/1169/1071 943/1170/1079 2001/1171/1080
f 1800/1172/1081 904/1114/1042 902/1116/1043
f 1999/1173/1074 909/1174/1082 2002/1175/1083
f 1801/1176/1084 902/1116/1043 900/1118/1044
f 1763/1177/1085 1002/1042/1021 1802/1178/1086
f 1801/1176/1084 898/1120/1045 1803/1179/1087
f 2003/1180/1088 977/1168/1078 979/1181/1089
f 1957/798/788 877/1182/1090 2004/1183/1091
f 1802/1178/1086 1000/1045/1022 1804/1184/1092
f 2001/1171/1080 945/1185/1093 2005/1186/1094
f 1803/1179/1087 896/1122/1046 1805/1187/1095
f 2002/1188/1083 911/1189/1096 2006/1190/1097
f 1806/1191/1098 1000/1045/1022 998/1047/1023
f 1805/1187/1095 894/1124/1047 1807/1192/1099
f 1806/1191/1098 996/1049/1024 1808/1193/1100
f 1807/1192/1099 892/1126/1048 1809/1194/1101
f 2003/1180/1088 981/1195/1102 2007/1196/1103
f 1808/1193/1100 994/1051/1025 1810/1197/1104
f 2005/1198/1094 947/1199/1105 2008/1200/1106
f 1811/1201/1107 892/1126/1048 890/1128/1049
f 2009/1202/1108 911/1189/1096 913/1203/1109
f 2004/1183/1091 879/1204/1110 2010/1205/1111
f 1810/1197/1104 992/1053/1026 1812/1206/1112
f 1813/1207/1113 890/1128/1049 888/1130/1050
f 1812/1206/1112 990/1055/1027 1814/1208/1114
f 1813/1207/1113 886/1132/1051 1815/1209/1115
f 2011/1210/1116 981/1195/1102 983/1211/1117
f 1814/1208/1114 988/1057/1028 1816/1212/1118
f 2008/1200/1106 949/1213/1119 2012/1214/1120
f 1815/1209/1115 884/1134/1052 1817/1215/1121
f 2009/1216/1108 915/1217/1122 2013/1218/1123
f 2014/1219/1124 879/1204/1110 881/1220/1125
f 1816/1212/1118 986/1059/1029 1818/1221/1126
f 1817/1215/1121 882/1136/1053 1819/1222/1127
f 1818/1221/1126 984/1061/1030 1820/1223/1128
f 1819/1222/1127 880/1138/1054 1821/1224/1129
f 2015/1225/1130 983/1211/1117 985/1226/1131
f 1822/1227/1132 984/1061/1030 982/1063/1031
f 2012/1214/1120 951/1228/1133 2016/1229/1134
f 1821/1224/1129 878/1140/1055 1823/1230/1135
f 2017/1231/1136 915/1232/1122 917/1233/1137
f 2014/1219/1124 883/1234/1138 1990/907/891
f 1824/1235/1139 982/1063/1031 980/1065/1032
f 1823/1230/1135 1003/1142/1056 1763/1177/1085
f 1824/1235/1139 978/1067/1033 1825/1236/1140
f 2015/1225/1130 987/1237/1141 1988/903/887
f 1825/1236/1140 976/1069/1034 1762/909/893
f 2016/1229/1134 953/899/883 1986/1238/1142
f 2017/1231/1136 919/1239/882 1984/1240/1143
f 1005/1241/1144 1315/1242/1019 1314/1243/896
f 1004/1244/1145 1316/1245/1017 1315/1242/1019
f 1007/1246/1146 1317/1247/1015 1316/1245/1017
f 1008/1248/1147 1318/1249/1013 1317/1247/1015
f 1009/758/748 1319/1250/1011 1318/1249/1013
f 1010/744/734 1320/1251/1009 1319/1250/1011
f 1011/729/720 1321/1252/1007 1320/1251/1009
f 1012/716/707 1322/1253/1005 1321/1252/1007
f 1013/697/688 1323/1254/1003 1322/1253/1005
f 1014/678/669 1324/1255/1001 1323/1254/1003
f 1015/658/649 1325/1256/999 1324/1255/1001
f 1016/632/623 1326/1257/997 1325/1256/999
f 1017/1258/1148 1327/1259/995 1326/1257/997
f 1018/1260/1149 1328/1261/993 1327/1259/995
f 1019/1262/1150 1329/1263/991 1328/1261/993
f 1020/1264/1151 1330/1265/989 1329/1263/991
f 1021/1266/1152 1331/1267/987 1330/1268/989
f 1022/1269/1153 1332/1270/985 1331/1267/987
f 1023/1271/1154 1333/1272/983 1332/1270/985
f 1024/1273/1155 1334/1274/752 1333/1272/983
f 1025/1275/1156 1335/1276/754 1334/1274/752
f 1026/765/755 1336/1277/979 1335/1276/754
f 1027/748/738 1337/1278/977 1336/1277/979
f 1028/734/724 1338/1279/975 1337/1278/977
f 1029/719/710 1339/1280/973 1338/1279/975
f 1030/701/692 1340/1281/971 1339/1280/973
f 1031/682/673 1341/1282/969 1340/1281/971
f 1032/661/652 1342/1283/967 1341/1282/969
f 1033/638/629 1343/1284/965 1342/1283/967
f 1034/1285/1157 1344/1286/963 1343/1284/965
f 1035/1287/1158 1345/1288/961 1344/1286/963
f 1036/1289/1159 1346/1290/959 1345/1288/961
f 1037/1291/1160 1347/1292/957 1346/1290/959
f 1038/1293/1161 1348/1294/955 1347/1292/957
f 1039/1295/1162 1349/1296/953 1348/1294/955
f 1040/1297/1163 1350/1298/951 1349/1296/953
f 1041/1299/1164 1351/1300/949 1350/1298/951
f 1042/1301/1165 1352/1302/947 1351/1300/949
f 1043/768/758 1353/1303/945 1352/1302/947
f 1044/751/741 1354/1304/943 1353/1303/945
f 1045/737/727 1355/1305/941 1354/1304/943
f 1046/721/712 1356/1306/939 1355/1305/941
f 1047/706/697 1357/1307/937 1356/1306/939
f 1048/685/676 1358/1308/935 1357/1307/937
f 1049/666/657 1359/1309/933 1358/1308/935
f 1050/645/636 1360/1310/931 1359/1309/933
f 1051/644/635 1361/1311/929 1360/1310/931
f 1052/1312/1166 1362/1313/927 1361/1311/929
f 1053/1314/1167 1363/1315/925 1362/1313/927
f 1054/1316/1168 1364/1317/923 1363/1315/925
f 1055/1318/1169 1365/1319/921 1364/1317/923
f 1056/1320/1170 1366/1321/919 1365/1319/921
f 1057/1322/1171 1367/1323/917 1366/1321/919
f 1058/1324/1172 1368/1325/915 1367/1323/917
f 1059/1326/1173 1369/1327/913 1368/1325/915
f 1060/1328/1174 1370/1329/911 1369/1327/913
f 1061/753/743 1371/1330/909 1370/1329/911
f 1062/738/728 1372/1331/907 1371/1330/909
f 1063/723/714 1373/1332/905 1372/1331/907
f 1064/707/698 1374/1333/903 1373/1332/905
f 1065/687/678 1375/1334/901 1374/1333/903
f 1066/667/658 1376/1335/899 1375/1334/901
f 1067/648/639 1377/1336/897 1376/1335/899
f 1068/647/638 1314/1243/896 1377/1336/897
f 1475/1337/1175 1120/1338/1176 1121/641/632
f 1461/711/702 1069/1339/1177 1476/634/625
f 1478/1340/1178 1120/1338/1176 1477/1341/1179
f 1133/1342/1180 1068/647/638 1195/1343/1181
f 1179/1344/1182 1051/644/635 1178/1345/1183
f 1479/1346/1184 1119/1347/1185 1478/1340/1178
f 1162/1348/1186 1034/1285/1157 1161/637/628
f 1145/1349/1187 1017/1258/1148 1144/631/622
f 1479/1346/1184 1117/1350/1188 1118/1351/1189
f 1481/1352/1190 1117/1350/1188 1480/1353/1191
f 1180/1354/1192 1052/1312/1166 1179/1344/1182
f 1482/1355/1193 1116/1356/1194 1481/1352/1190
f 1162/1348/1186 1036/1289/1159 1035/1287/1158
f 1145/1349/1187 1019/1262/1150 1018/1260/1149
f 1482/1355/1193 1114/1357/1195 1115/1358/1196
f 1483/1359/1197 1113/1360/1198 1114/1357/1195
f 1485/1361/1199 1113/1360/1198 1484/1362/1200
f 1181/1363/1201 1053/1314/1167 1180/1354/1192
f 1163/1364/1202 1037/1291/1160 1036/1289/1159
f 1146/1365/1203 1020/1264/1151 1019/1262/1150
f 1486/1366/1204 1112/1367/1205 1485/1361/1199
f 1487/1368/1206 1111/1369/1207 1486/1366/1204
f 1181/1363/1201 1055/1318/1169 1054/1316/1168
f 1487/1368/1206 1109/1370/1208 1110/1371/1209
f 1164/1372/1210 1038/1293/1161 1037/1291/1160
f 1148/1373/1211 1020/1264/1151 1147/1374/1212
f 1488/1375/1213 1108/1376/1214 1109/1370/1208
f 1489/1377/1215 1107/1378/1216 1108/1376/1214
f 1183/1379/1217 1055/1318/1169 1182/1380/1218
f 1490/1381/1219 1106/1382/1220 1107/1378/1216
f 1165/1383/1221 1039/1295/1162 1038/1293/1161
f 1148/1384/1211 1022/1269/1153 1021/1266/1152
f 1491/1385/1222 1105/1386/1223 1106/1382/1220
f 1492/1387/1224 1104/1388/1225 1105/1386/1223
f 1184/1389/1226 1056/1320/1170 1183/1379/1217
f 1494/1390/1227 1104/1388/1225 1493/1391/1228
f 1132/1392/1229 1005/1241/1144 1133/1342/1180
f 1166/1393/1230 1040/1297/1163 1039/1295/1162
f 1150/1394/1231 1022/1269/1153 1149/1395/1232
f 1495/1396/1233 1103/1397/1234 1494/1390/1227
f 1496/1398/1235 1102/1399/1236 1495/1396/1233
f 1184/1389/1226 1058/1324/1172 1057/1322/1171
f 1497/1400/1237 1101/1401/1238 1496/1398/1235
f 1167/1402/1239 1041/1299/1164 1040/1297/1163
f 1150/1394/1231 1024/1273/1155 1023/1271/1154
f 1498/1403/1240 1100/1404/1241 1497/1400/1237
f 1134/1405/1242 1004/1244/1145 1132/1392/1229
f 1499/1406/1243 1099/1407/1244 1498/1403/1240
f 1186/1408/1245 1058/1324/1172 1185/1409/1246
f 1499/1406/1243 1097/1410/1247 1098/1411/1248
f 1169/1412/1249 1041/1299/1164 1168/1413/1250
f 1152/1414/1251 1024/1273/1155 1151/1415/1252
f 1500/1416/1253 1096/1417/1254 1097/1410/1247
f 1135/1418/1255 1007/1246/1146 1134/1405/1242
f 1502/1419/1256 1096/1417/1254 1501/1420/1257
f 1503/1421/1258 1095/1422/1259 1502/1419/1256
f 1187/1423/1260 1059/1326/1173 1186/1408/1245
f 1169/1412/1249 1043/768/758 1042/1301/1165
f 1152/1414/1251 1026/765/755 1025/1275/1156
f 1504/1424/1261 1094/1425/1262 1503/1421/1258
f 1135/1418/1255 1009/758/748 1008/1248/1147
f 1505/1426/1263 1093/1427/1264 1504/1424/1261
f 1505/1426/1263 1091/760/750 1092/1428/1265
f 1188/752/742 1060/1328/1174 1187/1423/1260
f 2018/1429/1266 1132/1392/1229 1133/1342/1180
f 2019/1430/1266 1134/1405/1242 1132/1392/1229
f 2021/1431/1266 1134/1405/1242 2020/1432/1266
f 2021/1431/1266 1136/759/749 1135/1418/1255
f 2023/1433/1266 1136/759/749 2022/1434/1266
f 2024/1435/1266 1137/745/735 2023/1433/1266
f 2025/1436/1266 1138/730/721 2024/1435/1266
f 2026/1437/1266 1139/715/706 2025/1436/1266
f 2026/1437/1266 1141/677/668 1140/698/689
f 2028/1438/1266 1141/677/668 2027/1439/1266
f 2028/1438/1266 1143/633/624 1142/657/648
f 2030/1440/1266 1143/633/624 2029/1441/1266
f 2031/1442/1266 1144/631/622 2030/1440/1266
f 2031/1442/1266 1146/1365/1203 1145/1349/1187
f 2033/1443/1266 1146/1365/1203 2032/1444/1266
f 2033/1443/1266 1148/1373/1211 1147/1374/1212
f 2035/1445/1266 1148/1384/1211 2034/1446/1266
f 2035/1445/1266 1150/1394/1231 1149/1395/1232
f 2036/1447/1266 1151/1415/1252 1150/1394/1231
f 2038/1448/1266 1151/1415/1252 2037/1449/1266
f 2039/1450/1266 1152/1414/1251 2038/1448/1266
f 2039/1450/1266 1154/749/739 1153/766/756
f 2040/1451/1266 1155/735/725 1154/749/739
f 2042/1452/1266 1155/735/725 2041/1453/1266
f 2043/1454/1266 1156/720/711 2042/1452/1266
f 2044/1455/1266 1157/702/693 2043/1454/1266
f 2045/1456/1266 1158/681/672 2044/1455/1266
f 2046/1457/1266 1159/662/653 2045/1456/1266
f 2046/1457/1266 1161/637/628 1160/639/630
f 2048/1458/1266 1161/637/628 2047/1459/1266
f 2049/1460/1266 1162/1348/1186 2048/1458/1266
f 2049/1460/1266 1164/1372/1210 1163/1364/1202
f 2051/1461/1266 1164/1372/1210 2050/1462/1266
f 2051/1461/1266 1166/1393/1230 1165/1383/1221
f 2053/1463/1266 1166/1393/1230 2052/1464/1266
f 2053/1463/1266 1168/1413/1250 1167/1402/1239
f 2055/1465/1266 1168/1413/1250 2054/1466/1266
f 2055/1465/1266 1170/767/757 1169/1412/1249
f 2056/1467/1266 1171/750/740 1170/767/757
f 2058/1468/1266 1171/750/740 2057/1469/1266
f 2058/1468/1266 1173/722/713 1172/736/726
f 2060/1470/1266 1173/722/713 2059/1471/1266
f 2060/1470/1266 1175/686/677 1174/705/696
f 2062/1472/1266 1175/686/677 2061/1473/1266
f 2063/1474/1266 1176/665/656 2062/1472/1266
f 2064/1475/1266 1177/643/634 2063/1474/1266
f 2065/1476/1266 1178/1345/1183 2064/1475/1266
f 2065/1476/1266 1180/1354/1192 1179/1344/1182
f 2067/1477/1266 1180/1354/1192 2066/1478/1266
f 2067/1477/1266 1182/1380/1218 1181/1363/1201
f 2069/1479/1266 1182/1380/1218 2068/1480/1266
f 2070/1481/1266 1183/1379/1217 2069/1479/1266
f 2071/1482/1266 1184/1389/1226 2070/1481/1266
f 2071/1482/1266 1186/1408/1245 1185/1409/1246
f 2073/1483/1266 1186/1408/1245 2072/1484/1266
f 2073/1483/1266 1188/752/742 1187/1423/1260
f 2074/1485/1266 1189/739/729 1188/752/742
f 2076/1486/1266 1189/739/729 2075/1487/1266
f 2077/1488/1266 1190/724/715 2076/1486/1266
f 2077/1488/1266 1192/688/679 1191/708/699
f 2079/1489/1266 1192/688/679 2078/1490/1266
f 2080/1491/1266 1193/668/659 2079/1489/1266
f 2081/1492/1266 1194/646/637 2080/1491/1266
f 2018/1429/1266 1195/1343/1181 2081/1492/1266
f 2147/1493/907 1223/1494/1267 2150/1495/905
f 2148/1496/959 1196/1497/1268 2151/1498/957
f 2149/764/754 1250/1499/1269 2152/1500/979
f 2150/1495/905 1224/1501/1270 2153/1502/903
f 2151/1498/957 1198/1503/1271 2154/1504/955
f 2152/1500/979 1251/1505/1272 2155/1506/977
f 2153/1502/903 1225/1507/1273 2156/1508/901
f 2154/1504/955 1199/1509/1274 2157/1510/953
f 2155/1506/977 1252/1511/1275 2158/1512/975
f 2156/1508/901 1226/1513/1276 2159/1514/899
f 2157/1510/953 1200/1515/1277 2160/1516/951
f 2158/1512/975 1253/1517/1278 2161/1518/973
f 2159/1514/899 1227/1519/1279 2162/1520/897
f 2160/1516/951 1201/1521/1280 2163/1522/949
f 2161/1518/973 1254/1523/1281 2164/1524/971
f 2162/1520/897 1228/1525/1282 2165/1526/896
f 2163/1522/949 1202/1527/1283 2166/1528/947
f 2164/1524/971 1255/1529/1284 2167/1530/969
f 2165/1526/896 1229/1531/1285 2168/1532/1019
f 2166/1528/947 1203/1533/1286 2169/1534/945
f 2167/1530/969 1256/1535/1287 2170/1536/967
f 2168/1532/1019 1230/1537/1288 2171/1538/1017
f 2169/1534/945 1204/1539/1289 2172/1540/943
f 2170/1536/967 1257/1541/1290 2173/1542/965
f 2171/1538/1017 1231/1543/1291 2174/1544/1015
f 2172/1540/943 1205/1545/1292 2175/1546/941
f 2173/1542/965 1258/1547/1293 2176/1548/963
f 2174/1544/1015 1232/1549/1294 2177/1550/1013
f 2175/1546/941 1206/1551/1295 2178/1552/939
f 2176/1548/963 1259/1553/1296 2179/1554/961
f 2177/1550/1013 1233/1555/1297 2180/1556/1011
f 2178/1552/939 1207/1557/1298 2181/1558/937
f 2148/1496/959 1259/1553/1296 1197/1559/1299
f 2180/1556/1011 1234/1560/1300 2182/1561/1009
f 2181/1558/937 1208/1562/1301 2183/1563/935
f 2182/1561/1009 1235/1564/1302 2184/1565/1007
f 2183/1563/935 1209/1566/1303 2185/1567/933
f 2184/1565/1007 1236/1568/1304 2186/1569/1005
f 2185/1567/933 1210/1570/1305 2187/1571/931
f 2186/1569/1005 1237/1572/1306 2188/1573/1003
f 2187/1571/931 1211/1574/1307 2189/1575/929
f 2188/1573/1003 1238/1576/1308 2190/1577/1001
f 2189/1575/929 1212/1578/1309 2191/1579/927
f 2190/1577/1001 1239/1580/1310 2192/1581/999
f 2191/1582/927 1213/1583/1311 2193/1584/925
f 2192/1581/999 1240/1585/1312 2194/1586/997
f 2193/1584/925 1214/1587/1313 2195/1588/923
f 2194/1586/997 1241/1589/1314 2196/1590/995
f 2195/1588/923 1215/1591/1315 2197/1592/921
f 2196/1590/995 1242/1593/1316 2198/1594/993
f 2197/1592/921 1216/1595/1317 2199/1596/919
f 2198/1594/993 1243/1597/1318 2200/1598/991
f 2199/1596/919 1217/1599/1319 2201/1600/917
f 2200/1598/991 1244/1601/1320 2202/1602/989
f 2201/1600/917 1218/1603/1321 2203/1604/915
f 2202/1602/989 1245/1605/1322 2204/1606/987
f 2203/1604/915 1219/1607/1323 2205/1608/913
f 2204/1606/987 1246/1609/1324 2206/1610/985
f 2205/1608/913 1220/1611/1325 2207/1612/911
f 2206/1610/985 1247/1613/1326 2208/1614/983
f 2207/1612/911 1221/1615/1327 2209/1616/909
f 2208/1614/983 1248/1617/1328 2146/762/752
f 2209/1616/909 1222/1618/1329 2147/1493/907
f 1295/1619/1330 276/1620/206 1294/1621/1331
f 1289/1622/1332 208/23/23 466/28/28
f 1302/1623/1333 483/1624/99 165/1625/100
f 1281/1626/1334 280/220/216 1280/1627/1335
f 1292/1628/1336 464/21/21 1291/1629/1337
f 1275/1630/1338 200/1631/5 1276/1632/1339
f 1311/1633/1340 486/1634/113 1313/1635/1341
f 1260/1636/1342 516/1637/236 292/1638/238
f 1307/1639/1343 484/1640/103 1310/1641/1344
f 1266/1642/1345 532/1643/299 1267/1644/1346
f 1285/1645/1347 514/233/229 288/235/231
f 1303/1646/1348 507/1647/200 176/1648/201
f 1286/1649/1349 288/1650/231 516/1637/236
f 1309/1651/1350 492/1652/141 255/1653/143
f 1270/1654/1351 540/1655/337 331/1656/339
f 1279/1657/1352 555/1658/392 152/1659/51
f 2213/1660/1353 1226/1661/1276 2212/1662/1354
f 1276/1632/1339 462/1663/13 1293/1664/1355
f 1278/1665/1356 196/1666/1 1277/1667/1357
f 1267/1644/1346 313/1668/301 1268/1669/1358
f 327/1670/330 1272/1671/1359 96/338/331
f 1288/1672/1360 212/30/30 468/35/35
f 1310/1641/1344 237/1673/105 1311/1633/1340
f 1283/1674/1361 2218/1675/1266 2217/1676/1266
f 1274/1677/1362 542/1678/345 335/1679/347
f 2210/1680/1363 1227/1681/1279 2213/1660/1353
f 1305/1682/1364 259/1683/151 507/1647/200
f 1284/1684/1365 284/228/224 514/233/229
f 1293/1685/1355 204/15/15 1292/1628/1336
f 1301/1686/1366 468/35/35 216/37/37
f 1299/1687/1367 470/1688/43 220/1689/45
f 1287/1690/1368 466/28/28 212/30/30
f 1296/1691/1369 508/1692/204 1295/1619/1330
f 1282/1693/1370 284/228/224 1283/1674/1361
f 1304/1694/1371 233/1695/101 1307/1639/1343
f 1262/1696/1372 518/1697/244 296/1698/246
f 1280/1627/1335 512/226/222 1282/1693/1370
f 2273/1699/1373 96/1700/331 1272/1701/1359
f 2210/1680/1363 1229/1702/1285 1228/1703/1282
f 1277/1667/1357 460/1704/3 1275/1630/1338
f 1298/1705/1374 220/1689/45 483/1624/99
f 1302/1623/1333 496/1706/158 1304/1694/1371
f 1271/1707/1375 331/1656/339 542/1678/345
f 2215/1708/1376 1230/1709/1288 1229/1702/1285
f 1308/1710/1377 255/1653/143 494/1711/149
f 1306/1712/1378 494/153/149 259/155/151
f 1264/1713/1379 544/1714/354 1265/1715/1380
f 1291/1629/1337 208/23/23 1290/1716/1381
f 1261/1717/1382 292/1638/238 518/1697/244
f 1279/1657/1352 472/1718/53 1278/1665/1356
f 2230/1719/1383 90/1720/316 2212/1662/1354
f 1297/1721/1384 272/1722/202 1296/1691/1369
f 1300/1723/1385 216/1724/37 470/1688/43
f 1303/1646/1348 520/1725/253 1297/1721/1384
f 1265/1715/1380 309/1726/297 1266/1642/1345
f 1294/1727/1331 510/218/214 1281/1626/1334
f 1263/1728/1386 296/1698/246 531/1729/295
f 1268/1669/1358 534/345/309 1269/344/336
f 1264/1713/1379 531/1729/295 187/1730/296
f 1273/1731/1387 335/1679/347 555/1658/392
f 1284/1684/1365 2219/1732/1266 2218/1675/1266
f 1285/1645/1347 2220/1733/1266 2219/1732/1266
f 1286/1734/1349 2221/1735/1266 2220/1733/1266
f 1260/1736/1342 2222/1737/1266 2221/1735/1266
f 1261/1738/1382 2223/1739/1266 2222/1737/1266
f 1262/1740/1372 2224/1741/1266 2223/1739/1266
f 1263/1742/1386 2225/1743/1266 2224/1741/1266
f 2225/1743/1266 1265/1744/1380 2226/1745/1266
f 2226/1745/1266 1266/1746/1345 2227/1747/1266
f 2227/1747/1266 1267/1748/1346 2228/1749/1266
f 2228/1749/1266 1268/1750/1358 2229/1751/1266
f 2229/1751/1266 1269/1752/336 2230/1719/1383
f 2231/1753/1266 1283/1674/1361 2217/1676/1266
f 2232/1754/1266 1282/1693/1370 2231/1753/1266
f 2233/1755/1266 1280/1627/1335 2232/1754/1266
f 2234/1756/1266 1281/1626/1334 2233/1755/1266
f 2235/1757/1266 1294/1727/1331 2234/1756/1266
f 2236/1758/1266 1295/1759/1330 2235/1757/1266
f 2237/1760/1266 1296/1761/1369 2236/1758/1266
f 2238/1762/1266 1297/1763/1384 2237/1760/1266
f 1305/1764/1364 2238/1762/1266 2239/1765/1266
f 1306/1712/1378 2239/1765/1266 2240/1766/1266
f 1308/1767/1377 2240/1766/1266 2241/1768/1266
f 1309/1769/1350 2241/1768/1266 2242/1770/1266
f 1312/1771/140 2242/1770/1266 2243/1772/1388
f 2243/1772/1388 65/1773/135 1312/1771/140
f 2214/1774/1389 1198/1775/1271 1196/1776/1268
f 2244/1777/1390 1196/1776/1268 1197/1778/1299
f 2244/1777/1390 1259/1779/1296 2245/1780/1391
f 2245/1780/1391 1258/1781/1293 2246/1782/1392
f 241/1783/115 1313/1635/1341 486/1634/113
f 2247/1784/1393 59/1785/120 2246/1782/1392
f 2248/1786/1266 1313/1787/1341 2247/1784/1393
f 2249/1788/1266 1311/1789/1340 2248/1786/1266
f 2250/1790/1266 1310/1791/1344 2249/1788/1266
f 2251/1792/1266 1307/1793/1343 2250/1790/1266
f 2252/1794/1266 1304/1795/1371 2251/1792/1266
f 1298/1796/1374 2252/1794/1266 2253/1797/1266
f 1299/1798/1367 2253/1797/1266 2254/1799/1266
f 1300/1800/1385 2254/1799/1266 2255/1801/1266
f 1301/1686/1366 2255/1801/1266 2256/1802/1266
f 1288/1672/1360 2256/1802/1266 2257/1803/1266
f 1287/1690/1368 2257/1803/1266 2258/1804/1266
f 1289/1622/1332 2258/1804/1266 2259/1805/1266
f 1290/1716/1381 2259/1805/1266 2260/1806/1266
f 2261/1807/1266 1290/1716/1381 2260/1806/1266
f 2262/1808/1266 1291/1629/1337 2261/1807/1266
f 2263/1809/1266 1292/1628/1336 2262/1808/1266
f 2264/1810/1266 1293/1685/1355 2263/1809/1266
f 2265/1811/1266 1276/1812/1339 2264/1810/1266
f 2266/1813/1266 1275/1814/1338 2265/1811/1266
f 2267/1815/1266 1277/1816/1357 2266/1813/1266
f 2268/1817/1266 1278/1818/1356 2267/1815/1266
f 1273/1819/1387 2268/1817/1266 2269/1820/1266
f 1274/1821/1362 2269/1820/1266 2270/1822/1266
f 1271/1823/1375 2270/1822/1266 2271/1824/1266
f 1270/1825/1351 2271/1824/1266 2272/1826/1266
f 1272/1701/1359 2272/1826/1266 2273/1699/1373
f 1377/1336/897 1441/1827/896 1440/1828/897
f 1376/1335/899 1440/1828/897 1439/1829/899
f 1375/1334/901 1439/1829/899 1438/1830/901
f 1374/1333/903 1438/1830/901 1437/1831/903
f 1373/1332/905 1437/1831/903 1436/1832/905
f 1372/1331/907 1436/1832/905 1435/1833/907
f 1371/1330/909 1435/1833/907 1434/1834/909
f 1370/1329/911 1434/1834/909 1433/1835/911
f 1369/1327/913 1433/1835/911 1432/1836/913
f 1368/1325/915 1432/1836/913 1431/1837/915
f 1367/1323/917 1431/1837/915 1430/1838/917
f 1366/1321/919 1430/1838/917 1429/1839/919
f 1365/1319/921 1429/1839/919 1428/1840/921
f 1364/1317/923 1428/1840/921 1427/1841/923
f 1363/1315/925 1427/1841/923 1426/1842/925
f 1362/1313/927 1426/1842/925 1425/1843/927
f 1361/1311/929 1425/1843/927 1424/1844/929
f 1360/1310/931 1424/1844/929 1423/1845/931
f 1359/1309/933 1423/1845/931 1422/1846/933
f 1358/1308/935 1422/1846/933 1421/1847/935
f 1357/1307/937 1421/1847/935 1420/1848/937
f 1356/1306/939 1420/1848/937 1419/1849/939
f 1355/1305/941 1419/1849/939 1418/1850/941
f 1354/1304/943 1418/1850/941 1417/1851/943
f 1353/1303/945 1417/1851/943 1416/1852/945
f 1352/1302/947 1416/1852/945 1415/1853/947
f 1351/1300/949 1415/1853/947 1414/1854/949
f 1350/1298/951 1414/1854/949 1413/1855/951
f 1349/1296/953 1413/1855/951 1412/1856/953
f 1348/1294/955 1412/1856/953 1411/1857/955
f 1347/1292/957 1411/1857/955 1410/1858/957
f 1346/1290/959 1410/1858/957 1409/1859/959
f 1345/1288/961 1409/1859/959 1408/1860/961
f 1344/1286/963 1408/1860/961 1407/1861/963
f 1343/1284/965 1407/1861/963 1406/1862/965
f 1342/1283/967 1406/1862/965 1405/1863/967
f 1341/1282/969 1405/1863/967 1404/1864/969
f 1340/1281/971 1404/1864/969 1403/1865/971
f 1339/1280/973 1403/1865/971 1402/1866/973
f 1338/1279/975 1402/1866/973 1401/1867/975
f 1337/1278/977 1401/1867/975 1400/1868/977
f 1336/1277/979 1400/1868/977 1399/1869/979
f 1335/1276/754 1399/1869/979 1398/1870/754
f 1334/1274/752 1398/1870/754 1397/1871/752
f 1333/1272/983 1397/1871/752 1396/1872/983
f 1332/1270/985 1396/1872/983 1395/1873/985
f 1331/1267/987 1395/1873/985 1394/1874/987
f 1330/1268/989 1394/1874/987 1393/1875/989
f 1329/1263/991 1393/1876/989 1392/1877/991
f 1328/1261/993 1392/1877/991 1391/1878/993
f 1327/1259/995 1391/1878/993 1390/1879/995
f 1326/1257/997 1390/1879/995 1389/1880/997
f 1325/1256/999 1389/1880/997 1388/1881/999
f 1324/1255/1001 1388/1881/999 1387/1882/1001
f 1323/1254/1003 1387/1882/1001 1386/1883/1003
f 1322/1253/1005 1386/1883/1003 1385/1884/1005
f 1321/1252/1007 1385/1884/1005 1384/1885/1007
f 1320/1251/1009 1384/1885/1007 1383/1886/1009
f 1319/1250/1011 1383/1886/1009 1382/1887/1011
f 1318/1249/1013 1382/1887/1011 1381/1888/1013
f 1317/1247/1015 1381/1888/1013 1380/1889/1015
f 1316/1245/1017 1380/1889/1015 1379/1890/1017
f 1315/1242/1019 1379/1890/1017 1378/1891/1019
f 1314/1243/896 1378/1891/1019 1441/1827/896
f 1441/1892/896 1069/1339/1177 1006/712/703
f 1378/1893/1019 1070/635/626 1069/1339/1177
f 1379/1894/1017 1071/649/640 1070/635/626
f 1380/1895/1015 1072/653/644 1071/649/640
f 1381/1888/1013 1073/1896/650 1072/1897/644
f 1382/1898/1011 1074/670/661 1073/659/650
f 1383/1899/1009 1075/674/665 1074/670/661
f 1384/1900/1007 1076/679/670 1075/674/665
f 1385/1901/1005 1077/689/680 1076/679/670
f 1386/1902/1003 1078/693/684 1077/689/680
f 1387/1903/1001 1079/699/690 1078/693/684
f 1388/1904/999 1080/709/700 1079/699/690
f 1389/1905/997 1081/713/704 1080/709/700
f 1390/1879/995 1082/1906/708 1081/1907/704
f 1391/1908/993 1083/725/716 1082/717/708
f 1392/1909/991 1084/727/718 1083/725/716
f 1393/1910/989 1085/732/722 1084/1911/718
f 1394/1912/987 1086/740/730 1085/732/722
f 1395/1913/985 1087/742/732 1086/740/730
f 1396/1914/983 1088/746/736 1087/742/732
f 1397/1915/752 1089/754/744 1088/746/736
f 1398/1916/754 1090/756/746 1089/754/744
f 1399/1917/979 1091/760/750 1090/756/746
f 1400/1918/977 1092/1428/1265 1091/760/750
f 1401/1919/975 1093/1427/1264 1092/1428/1265
f 1402/1920/973 1094/1425/1262 1093/1427/1264
f 1403/1921/971 1095/1422/1259 1094/1425/1262
f 1404/1922/969 1096/1417/1254 1095/1422/1259
f 1405/1923/967 1097/1410/1247 1096/1417/1254
f 1406/1924/965 1098/1411/1248 1097/1410/1247
f 1407/1925/963 1099/1407/1244 1098/1411/1248
f 1408/1860/961 1100/1926/1241 1099/1927/1244
f 1409/1928/959 1101/1401/1238 1100/1404/1241
f 1410/1929/957 1102/1399/1236 1101/1401/1238
f 1411/1930/955 1103/1397/1234 1102/1399/1236
f 1412/1931/953 1104/1388/1225 1103/1397/1234
f 1413/1932/951 1105/1386/1223 1104/1388/1225
f 1414/1854/949 1106/1933/1220 1105/1934/1223
f 1415/1853/947 1107/1935/1216 1106/1933/1220
f 1416/1936/945 1108/1376/1214 1107/1378/1216
f 1417/1851/943 1109/1937/1208 1108/1938/1214
f 1418/1850/941 1110/1939/1209 1109/1937/1208
f 1419/1849/939 1111/1940/1207 1110/1939/1209
f 1420/1848/937 1112/1941/1205 1111/1940/1207
f 1421/1847/935 1113/1942/1198 1112/1941/1205
f 1422/1846/933 1114/1943/1195 1113/1942/1198
f 1423/1944/931 1115/1358/1196 1114/1357/1195
f 1424/1945/929 1116/1356/1194 1115/1358/1196
f 1425/1946/927 1117/1350/1188 1116/1356/1194
f 1426/1947/925 1118/1351/1189 1117/1350/1188
f 1427/1948/923 1119/1347/1185 1118/1351/1189
f 1428/1949/921 1120/1338/1176 1119/1347/1185
f 1429/1950/919 1121/641/632 1120/1338/1176
f 1430/1951/917 1122/642/633 1121/641/632
f 1431/1952/915 1123/651/642 1122/642/633
f 1432/1953/913 1124/656/647 1123/651/642
f 1433/1954/911 1125/664/655 1124/656/647
f 1434/1955/909 1126/671/662 1125/664/655
f 1435/1956/907 1127/675/666 1126/671/662
f 1436/1957/905 1128/683/674 1127/675/666
f 1437/1958/903 1129/691/682 1128/683/674
f 1438/1959/901 1130/696/687 1129/691/682
f 1439/1960/899 1131/704/695 1130/696/687
f 1440/1961/897 1006/712/703 1131/704/695
f 1569/1962/1394 1473/761/751 1505/1426/1263
f 1568/1963/1395 1505/1426/1263 1504/1424/1261
f 1567/1964/1396 1504/1424/1261 1503/1421/1258
f 1567/1964/1396 1502/1419/1256 1566/1965/1256
f 1566/1965/1256 1501/1420/1257 1565/1966/1257
f 1565/1966/1257 1500/1416/1253 1564/1967/1397
f 1564/1967/1397 1499/1406/1243 1563/1968/1398
f 1563/1968/1398 1498/1403/1240 1562/1969/1240
f 1562/1969/1240 1497/1400/1237 1561/1970/1237
f 1561/1970/1237 1496/1398/1235 1560/1971/1235
f 1560/1971/1235 1495/1396/1233 1559/1972/1399
f 1559/1972/1399 1494/1390/1227 1558/1973/1400
f 1557/1974/1401 1494/1390/1227 1493/1391/1228
f 1556/1975/1224 1493/1391/1228 1492/1387/1224
f 1556/1975/1224 1491/1385/1222 1555/1976/1402
f 1555/1976/1402 1490/1381/1219 1554/1977/1219
f 1554/1977/1219 1489/1377/1215 1553/1978/1403
f 1553/1978/1403 1488/1375/1213 1552/1979/1404
f 1552/1979/1404 1487/1368/1206 1551/1980/1405
f 1551/1980/1405 1486/1366/1204 1550/1981/1204
f 1550/1981/1204 1485/1361/1199 1549/1982/1406
f 1548/1983/1200 1485/1361/1199 1484/1362/1200
f 1547/1984/1407 1484/1362/1200 1483/1359/1197
f 1546/1985/1408 1483/1359/1197 1482/1355/1193
f 1546/1985/1408 1481/1352/1190 1545/1986/1409
f 1545/1986/1409 1480/1353/1191 1544/1987/1410
f 1544/1987/1410 1479/1346/1184 1543/1988/1411
f 1542/1989/1178 1479/1346/1184 1478/1340/1178
f 1541/1990/1412 1478/1340/1178 1477/1341/1179
f 1540/1991/1413 1461/711/702 1476/634/625
f 1541/1990/1412 1475/1337/1175 1539/1992/1414
f 1538/1993/1415 1473/761/751 1507/1994/1416
f 1537/1995/745 1474/757/747 1538/1993/1415
f 1536/1996/1417 1472/755/745 1537/1995/745
f 1535/1997/1418 1471/747/737 1536/1996/1417
f 1534/1998/1419 1470/743/733 1535/1997/1418
f 1533/1999/1420 1469/741/731 1534/1998/1419
f 1532/2000/1421 1468/733/723 1533/1999/1420
f 1532/2001/1421 1466/726/717 1467/728/719
f 1531/2002/1422 1465/718/709 1466/726/717
f 1530/2003/1423 1464/714/705 1465/718/709
f 1529/2004/1424 1463/710/701 1464/714/705
f 1506/2005/1425 1462/703/694 1461/711/702
f 1528/2006/1426 1460/700/691 1463/710/701
f 1527/2007/1427 1459/695/686 1462/703/694
f 1524/2008/1428 1460/700/691 1526/2009/1429
f 1525/2010/1430 1457/692/683 1459/695/686
f 1522/2011/1431 1458/694/685 1524/2008/1428
f 1523/2012/1432 1455/684/675 1457/692/683
f 1520/2013/1433 1456/690/681 1522/2011/1431
f 1521/2014/1434 1453/676/667 1455/684/675
f 1518/2015/664 1454/680/671 1520/2013/1433
f 1517/2016/1435 1453/676/667 1519/2017/1436
f 1516/2018/1437 1452/673/664 1518/2015/664
f 1515/2019/1438 1451/672/663 1517/2016/1435
f 1516/2018/1437 1448/660/651 1450/669/660
f 1513/2020/1439 1449/663/654 1515/2019/1438
f 1514/2021/1440 1446/654/645 1448/660/651
f 1513/2020/1439 1445/652/643 1447/655/646
f 1510/2022/1441 1446/654/645 1512/2023/1442
f 1509/2024/1443 1445/652/643 1511/2025/643
f 1508/2026/1444 1444/650/641 1510/2022/1441
f 1509/2024/1443 1475/1337/1175 1443/640/631
f 1540/1991/1413 1442/636/627 1508/2026/1444
f 813/1039/1018 1508/2026/1444 814/1037/1016
f 866/930/914 1539/1992/1414 1509/2024/1443
f 814/1037/1016 1510/2022/1441 815/1035/1014
f 866/930/914 1511/2025/643 867/928/912
f 816/1033/1012 1510/2022/1441 1512/2023/1442
f 868/926/910 1511/2025/643 1513/2020/1439
f 817/1031/1010 1512/2023/1442 1514/2021/1440
f 869/924/908 1513/2020/1439 1515/2019/1438
f 817/1031/1010 1516/2018/1437 818/1029/1008
f 869/924/908 1517/2016/1435 870/922/906
f 818/1029/1008 1518/2015/664 819/1027/1006
f 871/920/904 1517/2016/1435 1519/2017/1436
f 819/1027/1006 1520/2013/1433 820/1025/1004
f 871/920/904 1521/2014/1434 872/918/902
f 821/1023/1002 1520/2013/1433 1522/2011/1431
f 873/916/900 1521/2014/1434 1523/2012/1432
f 821/1023/1002 1524/2008/1428 822/1021/1000
f 874/914/898 1523/2012/1432 1525/2010/1430
f 822/1021/1000 1526/2009/1429 823/1019/998
f 874/914/898 1527/2007/1427 875/911/895
f 824/1017/996 1526/2009/1429 1528/2006/1426
f 875/911/895 1506/2005/1425 812/1041/1020
f 824/1017/996 1529/2004/1424 825/1015/994
f 825/1015/994 1530/2003/1423 826/1013/992
f 826/1013/992 1531/2002/1422 827/1010/990
f 827/1010/990 1532/2001/1421 828/2027/988
f 828/1008/988 1533/1999/1420 829/1006/986
f 829/1006/986 1534/1998/1419 830/1004/984
f 830/1004/984 1535/1997/1418 831/1002/982
f 832/1000/981 1535/1997/1418 1536/1996/1417
f 833/998/980 1536/1996/1417 1537/1995/745
f 833/998/980 1538/1993/1415 834/996/978
f 835/994/976 1538/1993/1415 1507/1994/1416
f 864/934/918 1539/1992/1414 865/932/916
f 813/1039/1018 1506/2005/1425 1540/1991/1413
f 864/934/918 1542/1989/1178 1541/1990/1412
f 862/938/922 1542/1989/1178 863/936/920
f 861/940/924 1543/1988/1411 862/938/922
f 861/940/924 1545/1986/1409 1544/1987/1410
f 859/944/928 1545/1986/1409 860/942/926
f 858/946/930 1546/1985/1408 859/944/928
f 857/948/932 1547/1984/1407 858/946/930
f 857/948/932 1549/1982/1406 1548/1983/1200
f 855/952/936 1549/1982/1406 856/950/934
f 855/952/936 1551/1980/1405 1550/1981/1204
f 853/956/940 1551/1980/1405 854/954/938
f 852/958/942 1552/1979/1404 853/956/940
f 851/960/944 1553/1978/1403 852/958/942
f 850/2028/946 1554/1977/1219 851/960/944
f 850/2028/946 1556/1975/1224 1555/1976/1402
f 848/967/950 1556/1975/1224 849/2029/948
f 848/967/950 1558/1973/1400 1557/1974/1401
f 846/972/954 1558/1973/1400 847/970/952
f 845/974/956 1559/1972/1399 846/972/954
f 844/976/958 1560/1971/1235 845/974/956
f 843/978/960 1561/1970/1237 844/976/958
f 842/980/962 1562/1969/1240 843/978/960
f 842/980/962 1564/1967/1397 1563/1968/1398
f 841/982/964 1565/1966/1257 1564/1967/1397
f 839/986/968 1565/1966/1257 840/984/966
f 838/988/970 1566/1965/1256 839/986/968
f 838/988/970 1568/1963/1395 1567/1964/1396
f 836/992/974 1568/1963/1395 837/990/972
f 835/994/976 1569/1962/1394 836/992/974
f 1633/2030/959 1697/2031/959 1634/2032/957
f 1570/2033/957 1634/2032/957 1635/2034/955
f 1571/2035/955 1635/2034/955 1636/2036/953
f 1572/2037/953 1636/2036/953 1637/2038/951
f 1573/2039/951 1637/2038/951 1638/2040/949
f 1574/2041/949 1638/2040/949 1639/2042/947
f 1575/2043/947 1639/2042/947 1640/2044/945
f 1576/2045/945 1640/2044/945 1641/2046/943
f 1577/2047/943 1641/2046/943 1642/2048/941
f 1578/2049/941 1642/2048/941 1643/2050/939
f 1579/2051/939 1643/2050/939 1644/2052/937
f 1580/2053/937 1644/2052/937 1645/2054/935
f 1581/2055/935 1645/2054/935 1646/2056/933
f 1582/2057/933 1646/2056/933 1647/2058/931
f 1583/2059/931 1647/2058/931 1648/2060/929
f 1584/2061/929 1648/2060/929 1649/2062/927
f 1585/2063/927 1649/2064/927 1650/2065/925
f 1586/2066/925 1650/2065/925 1651/2067/923
f 1587/2068/923 1651/2067/923 1652/2069/921
f 1588/2070/921 1652/2069/921 1653/2071/919
f 1589/2072/919 1653/2071/919 1654/2073/917
f 1590/2074/917 1654/2073/917 1655/2075/915
f 1591/2076/915 1655/2075/915 1656/2077/913
f 1592/2078/913 1656/2077/913 1657/2079/911
f 1593/2080/911 1657/2079/911 1658/2081/909
f 1594/2082/909 1658/2081/909 1659/2083/907
f 1595/2084/907 1659/2083/907 1660/2085/905
f 1596/2086/905 1660/2085/905 1661/2087/903
f 1597/2088/903 1661/2087/903 1662/2089/901
f 1598/2090/901 1662/2089/901 1663/2091/899
f 1599/2092/899 1663/2091/899 1664/2093/897
f 1600/2094/897 1664/2093/897 1665/2095/896
f 1601/2096/896 1665/2095/896 1666/2097/1019
f 1602/2098/1019 1666/2097/1019 1667/2099/1017
f 1603/2100/1017 1667/2099/1017 1668/2101/1015
f 1604/2102/1015 1668/2101/1015 1669/2103/1013
f 1605/2104/1013 1669/2103/1013 1670/2105/1011
f 1606/2106/1011 1670/2105/1011 1671/2107/1009
f 1607/2108/1009 1671/2107/1009 1672/2109/1007
f 1608/2110/1007 1672/2109/1007 1673/2111/1005
f 1609/2112/1005 1673/2111/1005 1674/2113/1003
f 1610/2114/1003 1674/2113/1003 1675/2115/1001
f 1611/2116/1001 1675/2115/1001 1676/2117/999
f 1612/2118/999 1676/2117/999 1677/2119/997
f 1613/2120/997 1677/2119/997 1678/2121/995
f 1614/2122/995 1678/2121/995 1679/2123/993
f 1615/2124/993 1679/2123/993 1680/2125/991
f 1616/2126/991 1680/2125/991 1681/2127/989
f 1617/2128/989 1681/2127/989 1682/2129/987
f 1618/2130/987 1682/2129/987 1683/2131/985
f 1619/2132/985 1683/2131/985 1684/2133/983
f 1620/2134/983 1684/2133/983 1685/2135/752
f 1621/2136/752 1685/2135/752 1686/2137/754
f 1622/2138/754 1686/2137/754 1687/2139/979
f 1623/2140/979 1687/2139/979 1688/2141/977
f 1624/2142/977 1688/2141/977 1689/2143/975
f 1625/2144/975 1689/2143/975 1690/2145/973
f 1626/2146/973 1690/2145/973 1691/2147/971
f 1627/2148/971 1691/2147/971 1692/2149/969
f 1628/2150/969 1692/2149/969 1693/2151/967
f 1629/2152/967 1693/2151/967 1694/2153/965
f 1630/2154/965 1694/2153/965 1695/2155/963
f 1631/2156/963 1695/2155/963 1696/2157/961
f 1632/2158/961 1696/2157/961 1697/2031/959
f 1696/2159/897 748/2160/1445 811/2161/1446
f 1695/2162/899 811/2161/1446 810/2163/1447
f 1694/2164/901 810/2163/1447 809/2165/1448
f 1693/2166/903 809/2165/1448 808/2167/1449
f 1692/2168/905 808/2167/1449 807/2169/1450
f 1691/2170/907 807/2169/1450 806/2171/1451
f 1690/2172/909 806/2171/1451 805/2173/1452
f 1689/2174/911 805/2173/1452 804/2175/1453
f 1688/2176/913 804/2175/1453 803/2177/1454
f 1687/2178/915 803/2177/1454 802/2179/1455
f 1686/2180/917 802/2179/1455 801/2181/1456
f 1685/2182/919 801/2181/1456 800/2183/1457
f 1684/2184/921 800/2183/1457 799/2185/1458
f 1683/2186/923 799/2185/1458 798/2187/1459
f 1682/2188/925 798/2187/1459 797/2189/1460
f 1681/2190/927 797/2189/1460 796/2191/1461
f 1680/2192/929 796/2191/1461 795/2193/1462
f 1679/2194/931 795/2193/1462 794/2195/1463
f 1678/2196/933 794/2195/1463 793/2197/1464
f 1677/2198/935 793/2197/1464 792/2199/1465
f 1676/2200/937 792/2199/1465 791/2201/1466
f 1675/2202/939 791/2201/1466 790/2203/1467
f 1674/2204/941 790/2203/1467 789/2205/1468
f 1673/2206/943 789/2205/1468 788/2207/1469
f 1672/2208/945 788/2207/1469 787/2209/1470
f 1671/2210/947 787/2209/1470 786/2211/1471
f 1670/2212/949 786/2211/1471 785/2213/1472
f 1669/2214/951 785/2213/1472 784/2215/1473
f 1668/2216/953 784/2215/1473 783/2217/1474
f 1667/2218/955 783/2217/1474 782/2219/1475
f 1666/2220/957 782/2219/1475 781/2221/1476
f 1665/2222/959 781/2221/1476 780/2223/1477
f 1664/2224/961 780/2223/1477 779/2225/1478
f 1663/2226/963 779/2225/1478 778/2227/1479
f 1662/2228/965 778/2227/1479 777/2229/1480
f 1661/2230/967 777/2229/1480 776/2231/1481
f 1660/2232/969 776/2231/1481 775/2233/1482
f 1659/2234/971 775/2233/1482 774/2235/1483
f 1658/2236/973 774/2235/1483 773/2237/1484
f 1657/2238/975 773/2237/1484 772/2239/1485
f 1656/2240/977 772/2239/1485 771/2241/1486
f 1655/2242/979 771/2241/1486 770/2243/1487
f 1654/2244/754 770/2243/1487 769/2245/1488
f 1653/2246/752 769/2245/1488 768/2247/1489
f 1652/2248/983 768/2247/1489 767/2249/1490
f 1651/2250/985 767/2249/1490 766/2251/1491
f 1650/2252/987 766/2251/1491 765/2253/1492
f 1649/2254/989 765/2253/1492 764/2255/1493
f 1648/2256/991 764/2257/1493 763/2258/1494
f 1647/2259/993 763/2258/1494 762/2260/1495
f 1646/2261/995 762/2260/1495 761/2262/1496
f 1645/2263/997 761/2262/1496 760/2264/1497
f 1644/2265/999 760/2264/1497 759/2266/1498
f 1643/2267/1001 759/2266/1498 758/2268/1499
f 1642/2269/1003 758/2268/1499 757/2270/1500
f 1641/2271/1005 757/2270/1500 756/2272/1501
f 1640/2273/1007 756/2272/1501 755/2274/1502
f 1639/2275/1009 755/2274/1502 754/2276/1503
f 1638/2277/1011 754/2276/1503 753/2278/1504
f 1637/2279/1013 753/2278/1504 752/2280/1505
f 1636/2281/1015 752/2280/1505 751/2282/1506
f 1635/2283/1017 751/2282/1506 750/2284/1507
f 1634/2285/1019 750/2284/1507 749/2286/1508
f 1697/2287/896 749/2286/1508 748/2160/1445
f 799/2185/1458 1724/2288/1509 798/2187/1459
f 799/2185/1458 1760/2289/1510 1761/2290/1140
f 749/2286/1508 1737/2291/1085 748/2160/1445
f 801/2181/1456 1760/2289/1510 800/2183/1457
f 750/2284/1507 1759/2292/1135 749/2286/1508
f 802/2179/1455 1758/2293/1132 801/2181/1456
f 751/2282/1506 1757/2294/1129 750/2284/1507
f 802/2179/1455 1754/2295/1126 1756/2296/1128
f 752/2280/1505 1755/2297/1511 751/2282/1506
f 803/2177/1454 1752/2298/1118 1754/2295/1126
f 753/2278/1504 1753/2299/1121 752/2280/1505
f 804/2175/1453 1750/2300/1114 1752/2298/1118
f 754/2276/1503 1751/2301/1115 753/2278/1504
f 806/2171/1451 1750/2300/1114 805/2173/1452
f 754/2276/1503 1747/2302/1107 1749/2303/1113
f 806/2171/1451 1746/2304/1104 1748/2305/1112
f 756/2272/1501 1747/2302/1107 755/2274/1502
f 808/2167/1449 1746/2304/1104 807/2169/1450
f 757/2270/1500 1745/2306/1101 756/2272/1501
f 809/2165/1448 1744/2307/1100 808/2167/1449
f 757/2270/1500 1741/2308/1095 1743/2309/1099
f 810/2163/1447 1742/2310/1512 809/2165/1448
f 759/2266/1498 1741/2308/1095 758/2268/1499
f 810/2163/1447 1738/2311/1086 1740/2312/1092
f 760/2264/1497 1739/2313/1087 759/2266/1498
f 748/2160/1445 1738/2311/1086 811/2161/1446
f 760/2264/1497 1735/2314/1513 1736/2315/1514
f 762/2260/1495 1735/2314/1513 761/2262/1496
f 762/2260/1495 1733/2316/1515 1734/2317/1516
f 764/2257/1493 1733/2316/1515 763/2258/1494
f 765/2253/1492 1732/2318/1517 764/2255/1493
f 766/2251/1491 1731/2319/1518 765/2253/1492
f 767/2249/1490 1730/2320/1519 766/2251/1491
f 768/2247/1489 1729/2321/1520 767/2249/1490
f 768/2247/1489 1727/2322/1521 1728/2323/1522
f 770/2243/1487 1727/2322/1521 769/2245/1488
f 797/2189/1460 1724/2288/1509 1723/2324/1523
f 796/2191/1461 1723/2324/1523 1722/2325/1524
f 796/2191/1461 1721/2326/1525 795/2193/1462
f 795/2193/1462 1720/2327/1526 794/2195/1463
f 794/2195/1463 1719/2328/1527 793/2197/1464
f 792/2199/1465 1719/2328/1527 1718/2329/1528
f 791/2201/1466 1718/2329/1528 1717/2330/1529
f 791/2201/1466 1716/2331/1530 790/2203/1467
f 789/2205/1468 1716/2331/1530 1715/2332/1531
f 789/2205/1468 1714/2333/1532 788/2207/1469
f 788/2207/1469 1713/2334/1533 787/2209/1470
f 786/2211/1471 1713/2334/1533 1712/2335/1534
f 785/2213/1472 1712/2335/1534 1711/2336/1535
f 785/2213/1472 1710/2337/1536 784/2215/1473
f 783/2217/1474 1710/2337/1536 1709/2338/821
f 783/2217/1474 1708/2339/1537 782/2219/1475
f 781/2221/1476 1708/2339/1537 1707/2340/1538
f 780/2223/1477 1707/2340/1538 1706/2341/1539
f 780/2223/1477 1705/2342/1540 779/2225/1478
f 779/2225/1478 1704/2343/1541 778/2227/1479
f 778/2227/1479 1703/2344/795 777/2229/1480
f 777/2229/1480 1702/2345/1542 776/2231/1481
f 776/2231/1481 1701/2346/1543 775/2233/1482
f 775/2233/1482 1700/2347/1544 774/2235/1483
f 774/2235/1483 1699/2348/1545 773/2237/1484
f 772/2239/1485 1699/2348/1545 1698/2349/1546
f 772/2239/1485 1725/2350/1547 771/2241/1486
f 771/2241/1486 1726/2351/1548 770/2243/1487
f 1761/2290/1140 1762/909/893 1724/2288/1509
f 1760/2289/1510 1825/1236/1140 1761/2290/1140
f 1759/2292/1135 1763/1177/1085 1737/2291/1085
f 1758/2293/1132 1824/1235/1139 1760/2289/1510
f 1759/2292/1135 1821/1224/1129 1823/1230/1135
f 1758/2293/1132 1820/1223/1128 1822/1227/1132
f 1755/2297/1511 1821/1224/1129 1757/2294/1129
f 1754/2295/1126 1820/1223/1128 1756/2296/1128
f 1753/2299/1121 1819/1222/1127 1755/2297/1511
f 1752/2298/1118 1818/1221/1126 1754/2295/1126
f 1751/2301/1115 1817/1215/1121 1753/2299/1121
f 1752/2298/1118 1814/1208/1114 1816/1212/1118
f 1749/2303/1113 1815/1209/1115 1751/2301/1115
f 1750/2300/1114 1812/1206/1112 1814/1208/1114
f 1747/2302/1107 1813/1207/1113 1749/2303/1113
f 1746/2304/1104 1812/1206/1112 1748/2305/1112
f 1745/2306/1101 1811/1201/1107 1747/2302/1107
f 1744/2307/1100 1810/1197/1104 1746/2304/1104
f 1743/2309/1099 1809/1194/1101 1745/2306/1101
f 1742/2310/1512 1808/1193/1100 1744/2307/1100
f 1743/2309/1099 1805/1187/1095 1807/1192/1099
f 1740/2312/1092 1806/1191/1098 1742/2310/1512
f 1741/2308/1095 1803/1179/1087 1805/1187/1095
f 1738/2311/1086 1804/1184/1092 1740/2312/1092
f 1736/2315/1514 1803/1179/1087 1739/2313/1087
f 1737/2291/1085 1802/1178/1086 1738/2311/1086
f 1735/2314/1513 1801/1176/1084 1736/2315/1514
f 1734/2317/1516 1800/1172/1081 1735/2314/1513
f 1733/2316/1515 1799/1166/1076 1734/2317/1516
f 1732/2352/1517 1798/1165/1075 1733/2316/1515
f 1731/2319/1518 1797/1161/1072 1732/2318/1517
f 1731/2319/1518 1795/1153/1066 1796/1154/1067
f 1730/2320/1519 1794/1150/1063 1795/1153/1066
f 1729/2321/1520 1793/1144/1058 1794/1150/1063
f 1727/2322/1521 1793/1144/1058 1728/2323/1522
f 1726/2351/1548 1792/1143/1057 1727/2322/1521
f 1724/2288/1509 1789/905/889 1723/2324/1523
f 1723/2324/1523 1788/901/885 1722/2325/1524
f 1722/2325/1524 1787/902/886 1721/2326/1525
f 1721/2326/1525 1786/890/875 1720/2327/1526
f 1720/2327/1526 1785/886/871 1719/2328/1527
f 1719/2328/1527 1784/878/863 1718/2329/1528
f 1717/2330/1529 1784/878/863 1783/876/861
f 1716/2331/1530 1783/876/861 1782/872/857
f 1716/2331/1530 1781/873/858 1715/2332/1531
f 1715/2332/1531 1780/862/847 1714/2333/1532
f 1713/2334/1533 1780/862/847 1779/857/843
f 1713/2334/1533 1778/849/835 1712/2335/1534
f 1712/2335/1534 1777/847/833 1711/2336/1535
f 1711/2336/1535 1776/848/834 1710/2337/1536
f 1709/2338/821 1776/848/834 1775/834/821
f 1708/2339/1537 1775/834/821 1774/835/822
f 1707/2340/1538 1774/835/822 1773/828/815
f 1707/2340/1538 1772/818/807 1706/2341/1539
f 1705/2342/1540 1772/818/807 1771/819/808
f 1705/2342/1540 1770/812/801 1704/2343/1541
f 1704/2343/1541 1769/805/795 1703/2344/795
f 1702/2345/1542 1769/805/795 1768/801/791
f 1701/2346/1543 1768/801/791 1767/796/786
f 1700/2347/1544 1767/796/786 1766/790/780
f 1699/2348/1545 1766/790/780 1765/791/781
f 1699/2348/1545 1764/784/774 1698/2349/1546
f 1698/2349/1546 1790/785/775 1725/2350/1547
f 1726/2351/1548 1790/785/775 1791/775/765
f 1889/2353/896 1890/2354/1019 1953/2355/896
f 1826/2356/1019 1891/2357/1017 1890/2354/1019
f 1827/2358/1017 1892/2359/1015 1891/2357/1017
f 1828/2360/1015 1893/2361/1013 1892/2359/1015
f 1829/2362/1013 1894/2363/1011 1893/2361/1013
f 1830/2364/1011 1895/2365/1009 1894/2363/1011
f 1831/2366/1009 1896/2367/1007 1895/2365/1009
f 1832/2368/1007 1897/2369/1005 1896/2367/1007
f 1833/2370/1005 1898/2371/1003 1897/2369/1005
f 1834/2372/1003 1899/2373/1001 1898/2371/1003
f 1835/2374/1001 1900/2375/999 1899/2373/1001
f 1836/2376/999 1901/2377/997 1900/2375/999
f 1837/2378/997 1902/2379/995 1901/2377/997
f 1838/2380/995 1903/2381/993 1902/2379/995
f 1839/2382/993 1904/2383/991 1903/2381/993
f 1840/2384/991 1905/2385/989 1904/2383/991
f 1841/2386/989 1906/2387/987 1905/2388/989
f 1842/2389/987 1907/2390/985 1906/2387/987
f 1843/2391/985 1908/2392/983 1907/2390/985
f 1844/2393/983 1909/2394/752 1908/2392/983
f 1845/2395/752 1910/2396/754 1909/2394/752
f 1846/2397/754 1911/2398/979 1910/2396/754
f 1847/2399/979 1912/2400/977 1911/2398/979
f 1848/2401/977 1913/2402/975 1912/2400/977
f 1849/2403/975 1914/2404/973 1913/2402/975
f 1850/2405/973 1915/2406/971 1914/2404/973
f 1851/2407/971 1916/2408/969 1915/2406/971
f 1852/2409/969 1917/2410/967 1916/2408/969
f 1853/2411/967 1918/2412/965 1917/2410/967
f 1854/2413/965 1919/2414/963 1918/2412/965
f 1855/2415/963 1920/2416/961 1919/2414/963
f 1856/2417/961 1921/2418/959 1920/2416/961
f 1857/2419/959 1922/2420/957 1921/2418/959
f 1858/2421/957 1923/2422/955 1922/2420/957
f 1859/2423/955 1924/2424/953 1923/2422/955
f 1860/2425/953 1925/2426/951 1924/2424/953
f 1861/2427/951 1926/2428/949 1925/2426/951
f 1862/2429/949 1927/2430/947 1926/2428/949
f 1863/2431/947 1928/2432/945 1927/2430/947
f 1864/2433/945 1929/2434/943 1928/2432/945
f 1865/2435/943 1930/2436/941 1929/2434/943
f 1866/2437/941 1931/2438/939 1930/2436/941
f 1867/2439/939 1932/2440/937 1931/2438/939
f 1868/2441/937 1933/2442/935 1932/2440/937
f 1869/2443/935 1934/2444/933 1933/2442/935
f 1870/2445/933 1935/2446/931 1934/2444/933
f 1871/2447/931 1936/2448/929 1935/2446/931
f 1872/2449/929 1937/2450/927 1936/2448/929
f 1873/2451/927 1938/2452/925 1937/2450/927
f 1874/2453/925 1939/2454/923 1938/2452/925
f 1875/2455/923 1940/2456/921 1939/2454/923
f 1876/2457/921 1941/2458/919 1940/2456/921
f 1877/2459/919 1942/2460/917 1941/2458/919
f 1878/2461/917 1943/2462/915 1942/2460/917
f 1879/2463/915 1944/2464/913 1943/2462/915
f 1880/2465/913 1945/2466/911 1944/2464/913
f 1881/2467/911 1946/2468/909 1945/2466/911
f 1882/2469/909 1947/2470/907 1946/2468/909
f 1883/2471/907 1948/2472/905 1947/2470/907
f 1884/2473/905 1949/2474/903 1948/2472/905
f 1885/2475/903 1950/2476/901 1949/2474/903
f 1886/2477/901 1951/2478/899 1950/2476/901
f 1887/2479/899 1952/2480/897 1951/2478/899
f 1888/2481/897 1953/2355/896 1952/2480/897
f 1952/2480/897 876/2482/790 1001/2483/789
f 1951/2478/899 1001/2483/789 999/2484/818
f 1950/2476/901 999/2484/818 997/846/817
f 1949/2485/903 997/830/817 995/860/832
f 1948/2486/905 995/860/832 993/875/860
f 1947/2487/907 993/875/860 991/874/859
f 1946/2488/909 991/874/859 989/889/874
f 1945/2489/911 989/889/874 987/1237/1141
f 1944/2490/913 987/1237/1141 985/1226/1131
f 1943/2491/915 985/1226/1131 983/1211/1117
f 1942/2460/917 983/2492/1117 981/2493/1102
f 1941/2458/919 981/2493/1102 979/2494/1089
f 1940/2456/921 979/2494/1089 977/2495/1078
f 1939/2454/923 977/2495/1078 975/2496/1068
f 1938/2452/925 975/2496/1068 973/1146/1059
f 1937/2450/927 973/1146/1059 971/2497/772
f 1936/2448/929 971/2497/772 969/2498/785
f 1935/2446/931 969/2498/785 967/810/800
f 1934/2444/933 967/810/800 965/2499/814
f 1933/2442/935 965/2499/814 963/2500/828
f 1932/2440/937 963/2500/828 961/2501/842
f 1931/2438/939 961/2501/842 959/2502/856
f 1930/2503/941 959/871/856 957/870/855
f 1929/2504/943 957/870/855 955/900/884
f 1928/2505/945 955/900/884 953/899/883
f 1927/2506/947 953/899/883 951/1228/1133
f 1926/2507/949 951/1228/1133 949/1213/1119
f 1925/2508/951 949/1213/1119 947/1199/1105
f 1924/2424/953 947/2509/1105 945/1185/1093
f 1923/2422/955 945/1185/1093 943/1170/1079
f 1922/2420/957 943/1170/1079 941/2510/1070
f 1921/2418/959 941/2510/1070 939/1148/1061
f 1920/2416/961 939/1148/1061 937/780/770
f 1919/2414/963 937/780/770 935/779/769
f 1918/2412/965 935/779/769 933/808/798
f 1917/2410/967 933/808/798 931/2511/812
f 1916/2408/969 931/2511/812 929/2512/811
f 1915/2406/971 929/2512/811 927/2513/826
f 1914/2404/973 927/2513/826 925/2514/854
f 1913/2402/975 925/2514/854 923/2515/868
f 1912/2400/977 923/2515/868 921/898/867
f 1911/2398/979 921/898/867 919/897/882
f 1910/2516/754 919/1239/882 917/1233/1137
f 1909/2517/752 917/1233/1137 915/1232/1122
f 1908/2392/983 915/1217/1122 913/2518/1109
f 1907/2390/985 913/2518/1109 911/2519/1096
f 1906/2387/987 911/2519/1096 909/1174/1082
f 1905/2388/989 909/1174/1082 907/2520/1073
f 1904/2521/991 907/1162/1073 905/1151/1064
f 1903/2522/993 905/1151/1064 903/773/763
f 1902/2523/995 903/773/763 901/789/779
f 1901/2524/997 901/789/779 899/804/794
f 1900/2525/999 899/804/794 897/821/810
f 1899/2526/1001 897/821/810 895/837/824
f 1898/2527/1003 895/837/824 893/836/823
f 1897/2528/1005 893/836/823 891/867/852
f 1896/2529/1007 891/867/852 889/881/866
f 1895/2530/1009 889/881/866 887/893/878
f 1894/2531/1011 887/893/878 885/892/877
f 1893/2532/1013 885/892/877 883/1234/1138
f 1892/2533/1015 883/1234/1138 881/1220/1125
f 1891/2357/1017 881/2534/1125 879/2535/1110
f 1890/2354/1019 879/2535/1110 877/2536/1090
f 1953/2355/896 877/2536/1090 876/2482/790
f 664/2537/1549 2017/2538/1136 1984/2539/1143
f 696/2540/1550 1986/2541/1142 698/2542/1551
f 730/2543/1552 1988/903/887 732/2544/1553
f 626/2545/1554 1990/907/891 628/2546/1555
f 662/2547/1556 2013/1218/1123 2017/2538/1136
f 696/2540/1550 2012/2548/1120 2016/2549/1134
f 728/2550/1557 2015/1225/1130 730/2543/1552
f 626/2545/1554 2010/1205/1111 2014/1219/1124
f 658/2551/1558 2013/1218/1123 660/2552/1559
f 694/2553/1560 2008/1200/1106 2012/1214/1120
f 726/2554/1561 2011/1210/1116 728/2550/1557
f 622/2555/1562 2010/1205/1111 624/2556/1563
f 656/2557/1564 2009/1216/1108 658/2551/1558
f 690/2558/1565 2008/1200/1106 692/2559/1566
f 726/2554/1561 2003/1180/1088 2007/1196/1103
f 656/2557/1564 2002/1175/1083 2006/2560/1097
f 688/2561/1567 2005/1186/1094 690/2562/1565
f 622/2555/1562 1957/798/788 2004/1183/1091
f 724/2563/1568 2000/1167/1077 2003/1180/1088
f 652/2564/1569 2002/1175/1083 654/2565/1570
f 686/2566/1571 2001/1171/1080 688/2561/1567
f 722/2567/1572 1997/1157/1069 2000/1167/1077
f 650/2568/1573 1999/1163/1074 652/2569/1569
f 684/2570/1574 1998/1169/1071 686/2566/1571
f 718/2571/1575 1997/1157/1069 720/2572/1576
f 648/2573/1577 1996/1152/1065 650/2568/1573
f 682/2574/759 1995/1149/1062 684/2570/1574
f 716/2575/1578 1994/1147/1060 718/2576/1575
f 628/2546/1555 1989/908/892 630/2577/1579
f 732/2544/1553 1987/904/888 734/2578/1580
f 698/2542/1551 1985/2579/869 700/2580/1581
f 664/2537/1549 1983/896/881 666/2581/1582
f 632/2582/1583 1989/908/892 1982/880/865
f 736/2583/1584 1987/2584/888 1981/2585/873
f 700/2580/1581 1980/2586/870 702/2587/1585
f 666/2581/1582 1979/2588/853 668/2589/1586
f 634/2590/1587 1982/880/865 1978/866/851
f 738/2591/1588 1981/888/873 1977/859/845
f 704/2592/1589 1980/2586/870 1976/2593/841
f 670/2594/1590 1979/868/853 1975/853/839
f 634/2590/1587 1974/851/837 636/2595/1591
f 740/2596/1592 1977/859/845 1973/861/846
f 704/2597/1589 1972/840/827 706/2598/1593
f 672/2599/1594 1975/853/839 1971/854/840
f 638/2600/1595 1974/851/837 1970/852/838
f 742/2601/1596 1973/2602/846 1969/844/831
f 708/2603/1597 1972/840/827 1968/825/813
f 672/2604/1594 1967/2605/825 674/2606/1598
f 638/2600/1595 1966/820/809 640/2607/1599
f 744/2608/1600 1969/2609/831 1965/814/803
f 708/2603/1597 1964/827/799 710/2610/1601
f 674/2606/1598 1963/807/797 676/2611/1602
f 640/2607/1599 1962/803/793 642/2612/1603
f 744/2608/1600 1961/815/804 746/2613/761
f 712/2614/1604 1964/809/799 1960/811/784
f 678/2615/1605 1963/807/797 1959/792/782
f 642/2612/1603 1958/788/778 644/2616/1606
f 620/2617/1607 1961/815/804 1957/798/788
f 714/2618/760 1960/794/784 1956/781/771
f 678/2619/1605 1955/2620/783 680/2621/1608
f 646/2622/1609 1958/788/778 1954/772/762
f 714/2618/760 1991/783/773 716/2623/1578
f 680/2624/1608 1992/778/768 682/2574/759
f 646/2622/1609 1993/774/764 648/2573/1577
f 621/2625/1610 2081/1492/1266 747/2626/1611
f 747/2626/1611 2080/1491/1266 745/2627/1612
f 745/2627/1612 2079/1489/1266 743/2628/1613
f 743/2628/1613 2078/1490/1266 741/2629/1614
f 741/2629/1614 2077/1488/1266 739/2630/1615
f 739/2630/1615 2076/1486/1266 737/2631/1616
f 737/2631/1616 2075/1487/1266 735/2632/1617
f 733/2633/1618 2075/1487/1266 2074/1485/1266
f 733/2633/1618 2073/1483/1266 731/2634/1619
f 731/2634/1619 2072/1484/1266 729/2635/1620
f 729/2635/1620 2071/1482/1266 727/2636/1621
f 727/2636/1621 2070/1481/1266 725/2637/1622
f 725/2637/1622 2069/1479/1266 723/2638/1623
f 723/2638/1623 2068/1480/1266 721/2639/1624
f 721/2639/1624 2067/1477/1266 719/2640/1625
f 719/2640/1625 2066/1478/1266 717/2641/1626
f 715/2642/1627 2066/1478/1266 2065/1476/1266
f 715/2642/1627 2064/1475/1266 713/2643/1628
f 713/2643/1628 2063/1474/1266 711/2644/1629
f 709/2645/1630 2063/1474/1266 2062/1472/1266
f 707/2646/1631 2062/1472/1266 2061/1473/1266
f 707/2646/1631 2060/1470/1266 705/2647/1632
f 705/2647/1632 2059/1471/1266 703/2648/1633
f 703/2648/1633 2058/1468/1266 701/2649/1634
f 699/2650/1635 2058/1468/1266 2057/1469/1266
f 699/2650/1635 2056/1467/1266 697/2651/1636
f 695/2652/1637 2056/1467/1266 2055/1465/1266
f 695/2652/1637 2054/1466/1266 693/2653/1638
f 693/2653/1638 2053/1463/1266 691/2654/1639
f 691/2654/1639 2052/1464/1266 689/2655/1640
f 689/2655/1640 2051/1461/1266 687/2656/1641
f 687/2656/1641 2050/1462/1266 685/2657/1642
f 685/2657/1642 2049/1460/1266 683/2658/1643
f 683/2658/1643 2048/1458/1266 681/2659/1644
f 679/2660/1645 2048/1458/1266 2047/1459/1266
f 679/2661/1645 2046/2662/1266 677/2663/1646
f 677/2664/1646 2045/1456/1266 675/2665/1647
f 673/2666/1648 2045/1456/1266 2044/1455/1266
f 671/2667/1649 2044/1455/1266 2043/1454/1266
f 669/2668/1650 2043/1454/1266 2042/1452/1266
f 669/2668/1650 2041/1453/1266 667/2669/1651
f 667/2669/1651 2040/1451/1266 665/2670/1652
f 663/2671/1653 2040/1451/1266 2039/1450/1266
f 663/2672/1653 2038/2673/1266 661/2674/1654
f 659/2675/1655 2038/1448/1266 2037/1449/1266
f 659/2675/1655 2036/1447/1266 657/2676/1656
f 655/2677/1657 2036/1447/1266 2035/1445/1266
f 655/2677/1657 2034/1446/1266 653/2678/1658
f 653/2679/1658 2033/1443/1266 651/2680/1659
f 649/2681/1660 2033/1443/1266 2032/1444/1266
f 647/2682/1661 2032/1444/1266 2031/1442/1266
f 647/2682/1661 2030/1440/1266 645/2683/1662
f 643/2684/1663 2030/1440/1266 2029/1441/1266
f 643/2684/1663 2028/1438/1266 641/2685/1664
f 639/2686/1665 2028/1438/1266 2027/1439/1266
f 637/2687/1666 2027/1439/1266 2026/1437/1266
f 637/2687/1666 2025/1436/1266 635/2688/1667
f 635/2688/1667 2024/1435/1266 633/2689/1668
f 631/2690/1669 2024/1435/1266 2023/1433/1266
f 629/2691/1670 2023/1433/1266 2022/1434/1266
f 629/2691/1670 2021/1431/1266 627/2692/1671
f 627/2692/1671 2020/1432/1266 625/2693/1672
f 623/2694/1673 2020/1432/1266 2019/1430/1266
f 623/2695/1673 2018/2696/1266 621/2697/1610
f 671/2667/1649 2084/2698/907 673/2666/1648
f 723/2638/1623 2082/2699/752 725/2637/1622
f 669/2668/1650 2145/2700/909 671/2667/1649
f 721/2639/1624 2144/2701/983 723/2638/1623
f 667/2669/1651 2143/2702/911 669/2668/1650
f 719/2640/1625 2142/2703/985 721/2639/1624
f 665/2670/1652 2141/2704/913 667/2669/1651
f 717/2641/1626 2140/2705/987 719/2640/1625
f 663/2671/1653 2139/2706/915 665/2670/1652
f 715/2642/1627 2138/2707/989 717/2641/1626
f 661/2708/1654 2137/2709/917 663/2671/1653
f 713/2643/1628 2136/2710/991 715/2642/1627
f 659/2675/1655 2135/2711/919 661/2708/1654
f 711/2644/1629 2134/2712/993 713/2643/1628
f 657/2676/1656 2133/2713/921 659/2675/1655
f 709/2645/1630 2132/2714/995 711/2644/1629
f 655/2677/1657 2131/2715/923 657/2676/1656
f 707/2646/1631 2130/2716/997 709/2645/1630
f 653/2678/1658 2129/2717/925 655/2677/1657
f 705/2647/1632 2128/2718/999 707/2646/1631
f 651/2680/1659 2127/2719/927 653/2679/1658
f 703/2648/1633 2126/2720/1001 705/2647/1632
f 649/2681/1660 2125/2721/929 651/2680/1659
f 701/2649/1634 2124/2722/1003 703/2648/1633
f 647/2682/1661 2123/2723/931 649/2681/1660
f 699/2650/1635 2122/2724/1005 701/2649/1634
f 645/2683/1662 2121/2725/933 647/2682/1661
f 697/2651/1636 2120/2726/1007 699/2650/1635
f 643/2684/1663 2119/2727/935 645/2683/1662
f 695/2652/1637 2118/2728/1009 697/2651/1636
f 747/2626/1611 2086/2729/959 621/2625/1610
f 641/2685/1664 2117/2730/937 643/2684/1663
f 693/2653/1638 2116/2731/1011 695/2652/1637
f 745/2627/1612 2115/2732/961 747/2626/1611
f 639/2686/1665 2114/2733/939 641/2685/1664
f 691/2654/1639 2113/2734/1013 693/2653/1638
f 743/2628/1613 2112/2735/963 745/2627/1612
f 637/2687/1666 2111/2736/941 639/2686/1665
f 689/2655/1640 2110/2737/1015 691/2654/1639
f 741/2629/1614 2109/2738/965 743/2628/1613
f 635/2688/1667 2108/2739/943 637/2687/1666
f 687/2656/1641 2107/2740/1017 689/2655/1640
f 739/2630/1615 2106/2741/967 741/2629/1614
f 633/2689/1668 2105/2742/945 635/2688/1667
f 685/2657/1642 2104/2743/1019 687/2656/1641
f 737/2631/1616 2103/2744/969 739/2630/1615
f 631/2690/1669 2102/2745/947 633/2689/1668
f 683/2658/1643 2101/2746/896 685/2657/1642
f 735/2632/1617 2100/2747/971 737/2631/1616
f 629/2691/1670 2099/2748/949 631/2690/1669
f 681/2659/1644 2098/2749/897 683/2658/1643
f 733/2633/1618 2097/2750/973 735/2632/1617
f 627/2692/1671 2096/2751/951 629/2691/1670
f 679/2660/1645 2095/2752/899 681/2659/1644
f 731/2634/1619 2094/2753/975 733/2633/1618
f 625/2693/1672 2093/2754/953 627/2692/1671
f 677/2664/1646 2092/2755/901 679/2660/1645
f 729/2635/1620 2091/2756/977 731/2634/1619
f 623/2694/1673 2090/2757/955 625/2693/1672
f 675/2665/1647 2089/2758/903 677/2664/1646
f 727/2636/1621 2088/2759/979 729/2635/1620
f 621/2625/1610 2087/2760/957 623/2694/1673
f 673/2666/1648 2085/2761/905 675/2665/1647
f 725/2637/1622 2083/2762/754 727/2636/1621
f 2145/2763/973 2084/2764/971 2147/2765/971
f 2144/2766/921 2082/2767/919 2146/2768/919
f 2143/2769/975 2145/2763/973 2209/2770/973
f 2142/2771/923 2144/2766/921 2208/2772/921
f 2141/2773/977 2143/2769/975 2207/2774/975
f 2140/2775/925 2142/2771/923 2206/2776/923
f 2141/2773/977 2205/2777/977 2203/2778/979
f 2140/2775/925 2204/2779/925 2202/2780/927
f 2137/2781/754 2139/2782/979 2203/2778/979
f 2136/2783/929 2138/2784/927 2202/2780/927
f 2135/2785/752 2137/2781/754 2201/2786/754
f 2134/2787/931 2136/2783/929 2200/2788/929
f 2133/2789/983 2135/2785/752 2199/2790/752
f 2132/2791/933 2134/2787/931 2198/2792/931
f 2131/2793/985 2133/2789/983 2197/2794/983
f 2130/2795/935 2132/2791/933 2196/2796/933
f 2129/2797/987 2131/2793/985 2195/2798/985
f 2128/2799/937 2130/2795/935 2194/2800/935
f 2127/2801/989 2129/2797/987 2193/2802/987
f 2126/2803/939 2128/2799/937 2192/2804/937
f 2125/2805/991 2127/2806/989 2191/2807/989
f 2126/2803/939 2190/2808/939 2188/2809/941
f 2123/2810/993 2125/2805/991 2189/2811/991
f 2122/2812/943 2124/2813/941 2188/2809/941
f 2121/2814/995 2123/2810/993 2187/2815/993
f 2120/2816/945 2122/2812/943 2186/2817/943
f 2119/2818/997 2121/2814/995 2185/2819/995
f 2118/2820/947 2120/2816/945 2184/2821/945
f 2117/2822/999 2119/2818/997 2183/2823/997
f 2116/2824/949 2118/2820/947 2182/2825/947
f 2115/2826/897 2086/2827/896 2148/2828/896
f 2114/2829/1001 2117/2822/999 2181/2830/999
f 2113/2831/951 2116/2824/949 2180/2832/949
f 2112/2833/899 2115/2826/897 2179/2834/897
f 2111/2835/1003 2114/2829/1001 2178/2836/1001
f 2110/2837/953 2113/2831/951 2177/2838/951
f 2109/2839/901 2112/2833/899 2176/2840/899
f 2108/2841/1005 2111/2835/1003 2175/2842/1003
f 2107/2843/955 2110/2837/953 2174/2844/953
f 2106/2845/903 2109/2839/901 2173/2846/901
f 2105/2847/1007 2108/2841/1005 2172/2848/1005
f 2104/2849/957 2107/2843/955 2171/2850/955
f 2103/2851/905 2106/2845/903 2170/2852/903
f 2102/2853/1009 2105/2847/1007 2169/2854/1007
f 2101/2855/959 2104/2849/957 2168/2856/957
f 2100/2857/907 2103/2851/905 2167/2858/905
f 2099/2859/1011 2102/2853/1009 2166/2860/1009
f 2098/2861/961 2101/2855/959 2165/2862/959
f 2097/2863/909 2100/2857/907 2164/2864/907
f 2096/2865/1013 2099/2859/1011 2163/2866/1011
f 2095/2867/963 2098/2861/961 2162/2868/961
f 2094/2869/911 2097/2863/909 2161/2870/909
f 2093/2871/1015 2096/2865/1013 2160/2872/1013
f 2092/2873/965 2095/2867/963 2159/2874/963
f 2091/2875/913 2094/2869/911 2158/2876/911
f 2090/2877/1017 2093/2871/1015 2157/2878/1015
f 2089/2879/967 2092/2873/965 2156/2880/965
f 2088/2881/915 2091/2875/913 2155/2882/913
f 2090/2877/1017 2154/2883/1017 2151/2884/1019
f 2085/2885/969 2089/2879/967 2153/2886/967
f 2083/2887/917 2088/2881/915 2152/2888/915
f 2086/2827/896 2087/2889/1019 2151/2884/1019
f 2084/2764/971 2085/2885/969 2150/2890/969
f 2083/2887/917 2149/2891/917 2146/2768/919
f 2273/1699/1373 1232/2892/1294 1231/2893/1291
f 2272/1826/1266 1233/2894/1297 1232/2892/1294
f 2271/1824/1266 1234/2895/1300 1233/2894/1297
f 2270/1822/1266 1235/2896/1302 1234/2895/1300
f 2269/1820/1266 1236/2897/1304 1235/2896/1302
f 1236/2897/1304 2267/1815/1266 1237/2898/1306
f 1237/2898/1306 2266/1813/1266 1238/2899/1308
f 1238/2899/1308 2265/1811/1266 1239/2900/1310
f 1239/2900/1310 2264/1810/1266 1240/2901/1312
f 1240/2901/1312 2263/1809/1266 1241/2902/1314
f 1241/2902/1314 2262/1808/1266 1242/2903/1316
f 1242/2903/1316 2261/1807/1266 1243/2904/1318
f 1243/2904/1318 2260/1806/1266 1244/2905/1320
f 2260/1806/1266 1245/2906/1322 1244/2905/1320
f 2259/1805/1266 1246/2907/1324 1245/2906/1322
f 2258/1804/1266 1247/2908/1326 1246/2907/1324
f 2257/1803/1266 1248/2909/1328 1247/2908/1326
f 2256/1802/1266 1249/2910/753 1248/2909/1328
f 2255/1801/1266 1250/2911/1269 1249/2910/753
f 2254/1799/1266 1251/2912/1272 1250/2911/1269
f 2253/1797/1266 1252/2913/1275 1251/2912/1272
f 1252/2913/1275 2251/1792/1266 1253/2914/1278
f 1253/2914/1278 2250/1790/1266 1254/2915/1281
f 1254/2915/1281 2249/1788/1266 1255/2916/1284
f 1255/2916/1284 2248/1786/1266 1256/2917/1287
f 1256/2917/1287 2247/1784/1393 1257/2918/1290
f 1257/2918/1290 2246/1782/1392 1258/1781/1293
f 243/2919/122 2246/1782/1392 59/1785/120
f 62/2920/126 2245/1780/1391 243/2919/122
f 62/2920/126 2214/1774/1389 2244/1777/1390
f 248/2921/131 2216/2922/1674 2214/1774/1389
f 1199/2923/1274 2216/2922/1674 2243/1772/1388
f 2243/1772/1388 1200/2924/1277 1199/2923/1274
f 2242/1770/1266 1201/2925/1280 1200/2924/1277
f 2241/1768/1266 1202/2926/1283 1201/2925/1280
f 2240/1766/1266 1203/2927/1286 1202/2926/1283
f 2239/1765/1266 1204/2928/1289 1203/2927/1286
f 1204/2928/1289 2237/1760/1266 1205/2929/1292
f 1205/2929/1292 2236/1758/1266 1206/2930/1295
f 1206/2930/1295 2235/1757/1266 1207/2931/1298
f 1207/2931/1298 2234/1756/1266 1208/2932/1301
f 1208/2932/1301 2233/1755/1266 1209/2933/1303
f 1209/2933/1303 2232/1754/1266 1210/2934/1305
f 1210/2934/1305 2231/1753/1266 1211/2935/1307
f 1211/2935/1307 2217/1676/1266 1212/2936/1309
f 1224/2937/1270 2230/1719/1383 1225/2938/1273
f 1223/2939/1267 2229/1751/1266 1224/2937/1270
f 1222/2940/1329 2228/1749/1266 1223/2939/1267
f 1221/2941/1327 2227/1747/1266 1222/2940/1329
f 1220/2942/1325 2226/1745/1266 1221/2941/1327
f 2224/1741/1266 1220/2942/1325 1219/2943/1323
f 2223/1739/1266 1219/2943/1323 1218/2944/1321
f 2222/1737/1266 1218/2944/1321 1217/2945/1319
f 2221/1735/1266 1217/2945/1319 1216/2946/1317
f 2220/1733/1266 1216/2946/1317 1215/2947/1315
f 2219/1732/1266 1215/2947/1315 1214/2948/1313
f 2218/1675/1266 1214/2948/1313 1213/2949/1311
f 1225/2938/1273 2212/1662/1354 1226/1661/1276
f 324/2950/327 2211/2951/1675 2215/1708/1376
f 93/2952/322 2215/1708/1376 2210/1680/1363
f 1231/2893/1291 2211/2951/1675 2273/1699/1373
f 93/2952/322 2213/1660/1353 319/2953/318
f 2217/1676/1266 1213/2949/1311 1212/2936/1309
f 319/2953/318 2212/1662/1354 90/1720/316
f 196/1/1 41/6/6 198/2/2
f 460/3/3 198/2/2 43/4/4
f 41/6/6 197/8/8 461/7/7
f 197/8/8 42/58/58 199/9/9
f 461/7/7 199/9/9 44/10/10
f 198/2/2 461/7/7 201/11/11
f 200/5/5 43/4/4 202/12/12
f 462/13/13 202/12/12 45/14/14
f 43/4/4 201/11/11 463/16/16
f 201/11/11 44/10/10 203/17/17
f 463/16/16 203/17/17 46/18/18
f 202/12/12 463/16/16 205/19/19
f 204/15/15 45/14/14 206/20/20
f 464/21/21 206/20/20 47/22/22
f 45/14/14 205/19/19 465/24/24
f 205/19/19 46/18/18 207/25/25
f 465/24/24 207/25/25 48/26/26
f 206/20/20 465/24/24 209/27/27
f 47/22/22 210/29/29 466/28/28
f 210/29/29 49/34/34 212/30/30
f 209/27/27 467/31/31 210/29/29
f 48/26/26 211/32/32 467/31/31
f 211/32/32 50/38/38 213/33/33
f 467/31/31 213/33/33 49/34/34
f 49/34/34 214/36/36 468/35/35
f 214/36/36 51/42/42 216/37/37
f 213/33/33 469/39/39 214/36/36
f 50/38/38 215/40/40 469/39/39
f 215/40/40 52/46/46 217/41/41
f 469/39/39 217/41/41 51/42/42
f 51/42/42 218/44/44 470/43/43
f 218/44/44 53/50/50 220/45/45
f 217/41/41 471/47/47 218/44/44
f 52/46/46 219/48/48 471/47/47
f 219/48/48 54/88/88 221/49/49
f 471/47/47 221/49/49 53/50/50
f 152/51/51 5/55/55 222/52/52
f 472/53/53 222/52/52 41/6/6
f 153/54/54 473/57/57 222/52/52
f 6/56/56 223/60/60 473/57/57
f 473/57/57 223/60/60 42/58/58
f 222/52/52 473/57/57 197/8/8
f 6/56/56 154/62/62 474/59/59
f 1/61/61 155/604/595 474/59/59
f 474/59/59 155/604/595 7/63/63
f 223/60/60 474/59/59 224/64/64
f 42/58/58 224/64/64 475/65/65
f 224/64/64 7/63/63 156/66/66
f 475/65/65 156/66/66 8/67/67
f 199/9/9 475/65/65 225/68/68
f 44/10/10 225/68/68 476/69/69
f 225/68/68 8/67/67 157/70/70
f 476/69/69 157/70/70 9/71/71
f 203/17/17 476/69/69 226/72/72
f 46/18/18 226/72/72 477/73/73
f 226/72/72 9/71/71 158/74/74
f 477/73/73 158/74/74 10/75/75
f 207/25/25 477/73/73 227/76/76
f 227/76/76 478/77/77 211/32/32
f 10/75/75 159/78/78 478/77/77
f 159/78/78 11/80/80 228/79/79
f 478/77/77 228/79/79 50/38/38
f 228/79/79 479/81/81 215/40/40
f 11/80/80 160/82/82 479/81/81
f 160/82/82 12/84/84 229/83/83
f 479/81/81 229/83/83 52/46/46
f 229/83/83 480/85/85 219/48/48
f 12/84/84 161/86/86 480/85/85
f 161/86/86 13/90/90 230/87/87
f 480/85/85 230/87/87 54/88/88
f 230/87/87 481/91/91 231/89/89
f 13/90/90 162/587/578 481/91/91
f 481/91/91 162/587/578 2/92/92
f 481/91/91 163/93/93 14/94/94
f 221/49/49 482/96/96 232/95/95
f 54/88/88 231/89/89 482/96/96
f 482/96/96 231/89/89 14/94/94
f 232/95/95 482/96/96 164/97/97
f 53/50/50 232/95/95 483/99/99
f 232/95/95 15/98/98 165/100/100
f 233/101/101 55/106/106 235/102/102
f 484/103/103 235/102/102 57/104/104
f 55/106/106 234/108/108 485/107/107
f 234/108/108 56/165/161 236/109/109
f 485/107/107 236/109/109 58/110/110
f 235/102/102 485/107/107 238/111/111
f 237/105/105 57/104/104 239/112/112
f 486/113/113 239/112/112 60/114/114
f 57/104/104 238/111/111 487/116/116
f 238/111/111 58/110/110 240/117/117
f 487/116/116 240/117/117 61/118/118
f 239/112/112 487/116/116 242/119/119
f 59/120/120 241/1783/115 488/121/121
f 241/115/115 60/114/114 244/123/123
f 488/124/121 244/123/123 63/125/124
f 243/122/122 488/121/121 246/127/125
f 60/114/114 242/119/119 489/129/127
f 242/119/119 61/118/118 245/130/128
f 489/129/127 245/130/128 64/131/129
f 244/123/123 489/129/127 247/132/130
f 246/127/125 490/137/132 248/133/131
f 63/125/124 249/135/133 490/134/132
f 249/135/133 66/142/139 251/136/134
f 490/137/132 251/143/134 65/138/135
f 247/132/130 491/139/136 249/135/133
f 64/131/129 250/140/137 491/139/136
f 250/140/137 67/148/144 252/141/138
f 491/139/136 252/141/138 66/142/139
f 251/143/134 492/1652/141 1312/144/140
f 66/142/139 253/146/142 492/145/141
f 253/146/142 68/152/148 255/147/143
f 252/141/138 493/149/145 253/146/142
f 67/148/144 254/150/146 493/149/145
f 254/150/146 69/156/152 256/151/147
f 493/149/145 256/151/147 68/152/148
f 68/152/148 257/154/150 494/153/149
f 257/154/150 70/160/156 259/155/151
f 256/151/147 495/157/153 257/154/150
f 69/156/152 258/158/154 495/157/153
f 258/158/154 71/193/189 260/159/155
f 495/157/153 260/159/155 70/160/156
f 165/100/100 15/98/98 261/161/157
f 496/162/158 261/161/157 55/106/106
f 15/98/98 164/97/97 497/163/159
f 164/97/97 14/94/94 262/164/160
f 497/163/159 262/164/160 56/165/161
f 261/161/157 497/163/159 234/108/108
f 14/94/94 163/93/93 498/166/162
f 163/93/93 2/92/92 166/167/163
f 498/166/162 166/167/163 16/168/164
f 262/164/160 498/166/162 263/169/165
f 56/165/161 263/169/165 499/170/166
f 263/169/165 16/168/164 167/171/167
f 499/170/166 167/171/167 17/172/168
f 236/109/109 499/170/166 264/173/169
f 58/110/110 264/173/169 500/174/170
f 264/173/169 17/172/168 168/175/171
f 500/174/170 168/175/171 18/176/172
f 240/117/117 500/174/170 265/177/173
f 61/118/118 265/177/173 501/178/174
f 265/177/173 18/176/172 169/179/175
f 501/178/174 169/179/175 19/180/176
f 245/130/128 501/178/174 266/181/177
f 266/181/177 502/182/178 250/140/137
f 19/180/176 170/183/179 502/182/178
f 170/183/179 20/185/181 267/184/180
f 502/182/178 267/184/180 67/148/144
f 267/184/180 503/186/182 254/150/146
f 20/185/181 171/187/183 503/186/182
f 171/187/183 21/189/185 268/188/184
f 503/186/182 268/188/184 69/156/152
f 268/188/184 504/190/186 258/158/154
f 21/189/185 172/191/187 504/190/186
f 172/191/187 22/195/191 269/192/188
f 504/190/186 269/192/188 71/193/189
f 269/192/188 505/196/192 270/194/190
f 22/195/191 173/197/193 505/196/192
f 173/197/193 4/570/561 174/198/194
f 505/196/192 174/198/194 23/199/195
f 260/159/155 506/201/197 271/200/196
f 71/193/189 270/194/190 506/201/197
f 270/194/190 23/199/195 175/202/198
f 506/201/197 175/202/198 24/203/199
f 70/160/156 271/200/196 507/204/200
f 271/200/196 24/203/199 176/205/201
f 272/206/202 72/211/207 274/207/203
f 508/208/204 274/207/203 74/209/205
f 72/211/207 273/213/209 509/212/208
f 273/213/209 73/260/256 275/214/210
f 509/212/208 275/214/210 75/215/211
f 274/207/203 509/212/208 277/216/212
f 276/210/206 74/209/205 278/217/213
f 510/218/214 278/217/213 76/219/215
f 74/209/205 277/216/212 511/221/217
f 277/216/212 75/215/211 279/222/218
f 511/221/217 279/222/218 77/223/219
f 278/217/213 511/221/217 281/224/220
f 280/220/216 76/219/215 282/225/221
f 512/226/222 282/225/221 78/227/223
f 76/219/215 281/224/220 513/229/225
f 281/224/220 77/223/219 283/230/226
f 513/229/225 283/230/226 79/231/227
f 282/225/221 513/229/225 285/232/228
f 78/227/223 286/234/230 514/233/229
f 286/234/230 80/239/235 288/235/231
f 285/232/228 515/236/232 286/234/230
f 79/231/227 287/237/233 515/236/232
f 287/237/233 81/243/239 289/238/234
f 515/236/232 289/238/234 80/239/235
f 80/239/235 290/241/237 516/240/236
f 290/241/237 82/247/243 292/242/238
f 289/238/234 517/244/240 290/241/237
f 81/243/239 291/245/241 517/244/240
f 291/245/241 83/251/247 293/246/242
f 517/244/240 293/246/242 82/247/243
f 82/247/243 294/249/245 518/248/244
f 294/249/245 84/255/251 296/250/246
f 293/246/242 519/252/248 294/249/245
f 83/251/247 295/253/249 519/252/248
f 295/253/249 85/288/284 297/254/250
f 519/252/248 297/254/250 84/255/251
f 176/205/201 24/203/199 298/256/252
f 520/257/253 298/256/252 72/211/207
f 24/203/199 175/202/198 521/258/254
f 175/202/198 23/199/195 299/259/255
f 521/258/254 299/259/255 73/260/256
f 298/256/252 521/258/254 273/213/209
f 23/199/195 174/198/194 522/261/257
f 174/198/194 4/570/561 177/262/258
f 522/261/257 177/262/258 25/263/259
f 299/259/255 522/261/257 300/264/260
f 73/260/256 300/264/260 523/265/261
f 300/264/260 25/263/259 178/266/262
f 523/265/261 178/266/262 26/267/263
f 275/214/210 523/265/261 301/268/264
f 75/215/211 301/268/264 524/269/265
f 301/268/264 26/267/263 179/270/266
f 524/269/265 179/270/266 27/271/267
f 279/222/218 524/269/265 302/272/268
f 77/223/219 302/272/268 525/273/269
f 302/272/268 27/271/267 180/274/270
f 525/273/269 180/274/270 28/275/271
f 283/230/226 525/273/269 303/276/272
f 303/276/272 526/277/273 287/237/233
f 28/275/271 181/278/274 526/277/273
f 181/278/274 29/280/276 304/279/275
f 526/277/273 304/279/275 81/243/239
f 304/279/275 527/281/277 291/245/241
f 29/280/276 182/282/278 527/281/277
f 182/282/278 30/284/280 305/283/279
f 527/281/277 305/283/279 83/251/247
f 305/283/279 528/285/281 295/253/249
f 30/284/280 183/286/282 528/285/281
f 183/286/282 31/290/286 306/287/283
f 528/285/281 306/287/283 85/288/284
f 306/287/283 529/291/287 307/289/285
f 31/290/286 184/292/288 529/291/287
f 184/292/288 3/619/610 185/293/289
f 529/291/287 185/293/289 32/294/290
f 297/254/250 530/296/292 308/295/291
f 85/288/284 307/289/285 530/296/292
f 307/289/285 32/294/290 186/297/293
f 530/296/292 186/297/293 33/298/294
f 84/255/251 308/295/291 531/299/295
f 308/295/291 33/298/294 187/300/296
f 309/301/297 86/306/302 311/302/298
f 532/303/299 311/302/298 88/304/300
f 86/306/302 310/308/304 533/307/303
f 310/308/304 87/366/357 312/309/305
f 533/307/303 312/309/305 89/310/306
f 311/302/298 533/307/303 314/311/307
f 313/305/301 88/304/300 315/312/308
f 534/313/309 315/312/308 91/314/310
f 88/304/300 314/311/307 535/316/312
f 314/311/307 89/310/306 316/317/313
f 535/316/312 316/317/313 92/318/314
f 315/312/308 535/316/312 318/319/315
f 90/320/316 317/343/311 536/321/317
f 317/315/311 91/314/310 320/323/319
f 536/324/317 320/323/319 94/325/320
f 319/322/318 536/321/317 322/327/321
f 91/314/310 318/319/315 537/329/323
f 318/319/315 92/318/314 321/330/324
f 537/329/323 321/330/324 95/331/325
f 320/323/319 537/329/323 323/332/326
f 322/327/321 538/337/328 324/333/327
f 94/325/320 325/335/329 538/334/328
f 325/335/329 97/342/335 327/336/330
f 538/337/328 327/1670/330 96/338/331
f 323/332/326 539/339/332 325/335/329
f 95/331/325 326/340/333 539/339/332
f 326/340/333 98/349/340 328/341/334
f 539/339/332 328/341/334 97/342/335
f 317/343/311 90/320/316 1269/344/336
f 97/342/335 329/347/338 540/346/337
f 329/347/338 99/353/344 331/348/339
f 328/341/334 541/350/341 329/347/338
f 98/349/340 330/351/342 541/350/341
f 330/351/342 100/357/348 332/352/343
f 541/350/341 332/352/343 99/353/344
f 99/353/344 333/355/346 542/354/345
f 333/355/346 101/361/352 335/356/347
f 332/352/343 543/358/349 333/355/346
f 100/357/348 334/359/350 543/358/349
f 334/359/350 102/394/385 336/360/351
f 543/358/349 336/360/351 101/361/352
f 187/300/296 33/298/294 337/362/353
f 544/363/354 337/362/353 86/306/302
f 33/298/294 186/297/293 545/364/355
f 186/297/293 32/294/290 338/365/356
f 545/364/355 338/365/356 87/366/357
f 337/362/353 545/364/355 310/308/304
f 32/294/290 185/293/289 546/367/358
f 185/293/289 3/619/610 188/368/359
f 546/367/358 188/368/359 34/369/360
f 338/365/356 546/367/358 339/370/361
f 87/366/357 339/370/361 547/371/362
f 339/370/361 34/369/360 189/372/363
f 547/371/362 189/372/363 35/373/364
f 312/309/305 547/371/362 340/374/365
f 89/310/306 340/374/365 548/375/366
f 340/374/365 35/373/364 190/376/367
f 548/375/366 190/376/367 36/377/368
f 316/317/313 548/375/366 341/378/369
f 92/318/314 341/378/369 549/379/370
f 341/378/369 36/377/368 191/380/371
f 549/379/370 191/380/371 37/381/372
f 321/330/324 549/379/370 342/382/373
f 342/382/373 550/383/374 326/340/333
f 37/381/372 192/384/375 550/383/374
f 192/384/375 38/386/377 343/385/376
f 550/383/374 343/385/376 98/349/340
f 343/385/376 551/387/378 330/351/342
f 38/386/377 193/388/379 551/387/378
f 193/388/379 39/390/381 344/389/380
f 551/387/378 344/389/380 100/357/348
f 344/389/380 552/391/382 334/359/350
f 39/390/381 194/392/383 552/391/382
f 194/392/383 40/396/387 345/393/384
f 552/391/382 345/393/384 102/394/385
f 345/393/384 553/397/388 346/395/386
f 40/396/387 195/398/389 553/397/388
f 195/398/389 1/61/61 154/62/62
f 553/397/388 154/62/62 6/56/56
f 336/360/351 554/400/391 347/399/390
f 102/394/385 346/395/386 554/400/391
f 346/395/386 6/56/56 153/54/54
f 554/400/391 153/54/54 5/55/55
f 101/361/352 347/399/390 555/401/392
f 347/399/390 5/55/55 152/51/51
f 103/402/393 348/405/396 556/403/394
f 348/405/396 104/410/401 355/406/397
f 556/403/394 355/406/397 111/407/398
f 354/404/395 556/403/394 361/408/399
f 104/410/401 349/412/403 557/411/402
f 349/412/403 105/416/407 356/413/404
f 557/411/402 356/413/404 112/414/405
f 355/406/397 557/411/402 362/415/406
f 105/416/407 350/418/409 558/417/408
f 350/418/409 106/423/414 357/419/410
f 558/417/408 357/419/410 113/420/411
f 356/413/404 558/417/408 363/421/412
f 351/422/413 559/425/416 357/419/410
f 107/424/415 358/426/417 559/425/416
f 358/426/417 114/433/424 364/427/418
f 559/425/416 364/427/418 113/420/411
f 352/428/419 560/430/421 358/426/417
f 108/429/420 359/431/422 560/430/421
f 359/431/422 115/439/430 365/432/423
f 560/430/421 365/432/423 114/433/424
f 353/434/425 561/436/427 359/431/422
f 109/435/426 360/437/428 561/436/427
f 360/437/428 116/461/452 366/438/429
f 561/436/427 366/438/429 115/439/430
f 110/409/400 361/408/399 562/440/431
f 361/408/399 111/407/398 368/442/433
f 562/440/431 368/442/433 118/443/434
f 367/441/432 562/440/431 374/444/435
f 111/407/398 362/415/406 563/446/437
f 362/415/406 112/414/405 369/447/438
f 563/446/437 369/447/438 119/448/439
f 368/442/433 563/446/437 375/449/440
f 112/414/405 363/421/412 564/450/441
f 363/421/412 113/420/411 370/451/442
f 564/450/441 370/451/442 120/452/443
f 369/447/438 564/450/441 376/453/444
f 364/427/418 565/454/445 370/451/442
f 114/433/424 371/455/446 565/454/445
f 371/455/446 121/460/451 377/456/447
f 565/454/445 377/456/447 120/452/443
f 365/432/423 566/457/448 371/455/446
f 115/439/430 372/458/449 566/457/448
f 372/458/449 122/465/456 378/459/450
f 566/457/448 378/459/450 121/460/451
f 366/438/429 567/462/453 372/458/449
f 116/461/452 373/463/454 567/462/453
f 373/463/454 123/487/478 379/464/455
f 567/462/453 379/464/455 122/465/456
f 117/445/436 374/444/435 568/466/457
f 374/444/435 118/443/434 381/468/459
f 568/466/457 381/468/459 125/469/460
f 380/467/458 568/466/457 387/470/461
f 118/443/434 375/449/440 569/472/463
f 375/449/440 119/448/439 382/473/464
f 569/472/463 382/473/464 126/474/465
f 381/468/459 569/472/463 388/475/466
f 119/448/439 376/453/444 570/476/467
f 376/453/444 120/452/443 383/477/468
f 570/476/467 383/477/468 127/478/469
f 382/473/464 570/476/467 389/479/470
f 377/456/447 571/480/471 383/477/468
f 121/460/451 384/481/472 571/480/471
f 384/481/472 128/486/477 390/482/473
f 571/480/471 390/482/473 127/478/469
f 378/459/450 572/483/474 384/481/472
f 122/465/456 385/484/475 572/483/474
f 385/484/475 129/491/482 391/485/476
f 572/483/474 391/485/476 128/486/477
f 379/464/455 573/488/479 385/484/475
f 123/487/478 386/489/480 573/488/479
f 386/489/480 130/595/586 392/490/481
f 573/488/479 392/490/481 129/491/482
f 387/470/461 574/493/484 393/492/483
f 125/469/460 394/494/485 574/493/484
f 394/494/485 132/500/491 400/495/486
f 574/493/484 400/495/486 131/496/487
f 388/475/466 575/497/488 394/494/485
f 126/474/465 395/498/489 575/497/488
f 395/498/489 133/504/495 401/499/490
f 575/497/488 401/499/490 132/500/491
f 389/479/470 576/501/492 395/498/489
f 127/478/469 396/502/493 576/501/492
f 396/502/493 134/509/500 402/503/494
f 576/501/492 402/503/494 133/504/495
f 127/478/469 390/482/473 577/505/496
f 390/482/473 128/486/477 397/506/497
f 577/505/496 397/506/497 135/507/498
f 396/502/493 577/505/496 403/508/499
f 128/486/477 391/485/476 578/510/501
f 391/485/476 129/491/482 398/511/502
f 578/510/501 398/511/502 136/512/503
f 397/506/497 578/510/501 404/513/504
f 129/491/482 392/490/481 579/514/505
f 392/490/481 130/595/586 399/515/506
f 579/514/505 399/515/506 137/516/507
f 398/511/502 579/514/505 405/517/508
f 400/495/486 580/519/510 406/518/509
f 132/500/491 407/520/511 580/519/510
f 407/520/511 139/526/517 413/521/512
f 580/519/510 413/521/512 138/522/513
f 401/499/490 581/523/514 407/520/511
f 133/504/495 408/524/515 581/523/514
f 408/524/515 140/530/521 414/525/516
f 581/523/514 414/525/516 139/526/517
f 402/503/494 582/527/518 408/524/515
f 134/509/500 409/528/519 582/527/518
f 409/528/519 141/535/526 415/529/520
f 582/527/518 415/529/520 140/530/521
f 134/509/500 403/508/499 583/531/522
f 403/508/499 135/507/498 410/532/523
f 583/531/522 410/532/523 142/533/524
f 409/528/519 583/531/522 416/534/525
f 135/507/498 404/513/504 584/536/527
f 404/513/504 136/512/503 411/537/528
f 584/536/527 411/537/528 143/538/529
f 410/532/523 584/536/527 417/539/530
f 136/512/503 405/517/508 585/540/531
f 405/517/508 137/516/507 412/541/532
f 585/540/531 412/541/532 144/542/533
f 411/537/528 585/540/531 418/543/534
f 413/521/512 586/545/536 419/544/535
f 139/526/517 420/546/537 586/545/536
f 420/546/537 146/552/543 426/547/538
f 586/545/536 426/547/538 145/548/539
f 414/525/516 587/549/540 420/546/537
f 140/530/521 421/550/541 587/549/540
f 421/550/541 147/556/547 427/551/542
f 587/549/540 427/551/542 146/552/543
f 415/529/520 588/553/544 421/550/541
f 141/535/526 422/554/545 588/553/544
f 422/554/545 148/561/552 428/555/546
f 588/553/544 428/555/546 147/556/547
f 141/535/526 416/534/525 589/557/548
f 416/534/525 142/533/524 423/558/549
f 589/557/548 423/558/549 149/559/550
f 422/554/545 589/557/548 429/560/551
f 142/533/524 417/539/530 590/562/553
f 417/539/530 143/538/529 424/563/554
f 590/562/553 424/563/554 150/564/555
f 423/558/549 590/562/553 430/565/556
f 143/538/529 418/543/534 591/566/557
f 418/543/534 144/542/533 425/567/558
f 591/566/557 425/567/558 151/568/559
f 424/563/554 591/566/557 431/569/560
f 4/570/561 173/197/193 592/571/562
f 173/197/193 22/195/191 432/572/563
f 592/571/562 432/572/563 103/402/393
f 177/262/258 592/571/562 459/573/564
f 22/195/191 172/191/187 593/574/565
f 172/191/187 21/189/185 433/575/566
f 593/574/565 433/575/566 104/410/401
f 432/572/563 593/574/565 348/405/396
f 21/189/185 171/187/183 594/576/567
f 171/187/183 20/185/181 434/577/568
f 594/576/567 434/577/568 105/416/407
f 433/575/566 594/576/567 349/412/403
f 20/185/181 170/183/179 595/578/569
f 170/183/179 19/180/176 435/579/570
f 595/578/569 435/579/570 106/423/414
f 434/577/568 595/578/569 350/418/409
f 169/179/175 596/580/571 435/579/570
f 18/176/172 436/581/572 596/580/571
f 436/581/572 107/424/415 351/422/413
f 596/580/571 351/422/413 106/423/414
f 168/175/171 597/582/573 436/581/572
f 17/172/168 437/583/574 597/582/573
f 437/583/574 108/429/420 352/428/419
f 597/582/573 352/428/419 107/424/415
f 167/171/167 598/584/575 437/583/574
f 16/168/164 438/585/576 598/584/575
f 438/585/576 109/435/426 353/434/425
f 598/584/575 353/434/425 108/429/420
f 166/167/163 599/586/577 438/585/576
f 2/92/92 162/587/578 599/586/577
f 162/587/578 13/90/90 439/588/579
f 599/586/577 439/588/579 109/435/426
f 439/588/579 600/589/580 360/437/428
f 13/90/90 161/86/86 600/589/580
f 161/86/86 12/84/84 440/590/581
f 600/589/580 440/590/581 116/461/452
f 440/590/581 601/591/582 373/463/454
f 12/84/84 160/82/82 601/591/582
f 160/82/82 11/80/80 441/592/583
f 601/591/582 441/592/583 123/487/478
f 441/592/583 602/593/584 386/489/480
f 11/80/80 159/78/78 602/593/584
f 159/78/78 10/75/75 442/594/585
f 602/593/584 442/594/585 130/595/586
f 130/595/586 442/594/585 603/596/587
f 442/594/585 10/75/75 158/74/74
f 603/596/587 158/74/74 9/71/71
f 399/515/506 603/596/587 443/597/588
f 137/516/507 443/597/588 604/598/589
f 443/597/588 9/71/71 157/70/70
f 604/598/589 157/70/70 8/67/67
f 412/541/532 604/598/589 444/599/590
f 144/542/533 444/599/590 605/600/591
f 444/599/590 8/67/67 156/66/66
f 605/600/591 156/66/66 7/63/63
f 425/567/558 605/600/591 445/601/592
f 151/568/559 445/601/592 606/602/593
f 445/601/592 7/63/63 155/604/595
f 606/602/593 155/604/595 1/61/61
f 446/603/594 606/602/593 195/398/389
f 150/564/555 431/569/560 607/605/596
f 431/569/560 151/568/559 446/603/594
f 607/605/596 446/603/594 40/396/387
f 447/606/597 607/605/596 194/392/383
f 149/559/550 430/565/556 608/607/598
f 430/565/556 150/564/555 447/606/597
f 608/607/598 447/606/597 39/390/381
f 448/608/599 608/607/598 193/388/379
f 148/561/552 429/560/551 609/609/600
f 429/560/551 149/559/550 448/608/599
f 609/609/600 448/608/599 38/386/377
f 449/610/601 609/609/600 192/384/375
f 428/555/546 610/612/603 450/611/602
f 148/561/552 449/610/601 610/612/603
f 449/610/601 37/381/372 191/380/371
f 610/612/603 191/380/371 36/377/368
f 427/551/542 611/614/605 451/613/604
f 147/556/547 450/611/602 611/614/605
f 450/611/602 36/377/368 190/376/367
f 611/614/605 190/376/367 35/373/364
f 426/547/538 612/616/607 452/615/606
f 146/552/543 451/613/604 612/616/607
f 451/613/604 35/373/364 189/372/363
f 612/616/607 189/372/363 34/369/360
f 453/617/608 613/618/609 184/292/288
f 145/548/539 452/615/606 613/618/609
f 452/615/606 34/369/360 188/368/359
f 613/618/609 188/368/359 3/619/610
f 454/620/611 614/621/612 183/286/282
f 138/522/513 419/544/535 614/621/612
f 419/544/535 145/548/539 453/617/608
f 614/621/612 453/617/608 31/290/286
f 455/622/613 615/623/614 182/282/278
f 131/496/487 406/518/509 615/623/614
f 406/518/509 138/522/513 454/620/611
f 615/623/614 454/620/611 30/284/280
f 456/624/615 616/625/616 181/278/274
f 124/471/462 393/492/483 616/625/616
f 393/492/483 131/496/487 455/622/613
f 616/625/616 455/622/613 29/280/276
f 27/271/267 457/627/618 617/626/617
f 457/627/618 117/445/436 380/467/458
f 617/626/617 380/467/458 124/471/462
f 180/274/270 617/626/617 456/624/615
f 26/267/263 458/629/620 618/628/619
f 458/629/620 110/409/400 367/441/432
f 618/628/619 367/441/432 117/445/436
f 179/270/266 618/628/619 457/627/618
f 25/263/259 459/573/564 619/630/621
f 459/573/564 103/402/393 354/404/395
f 619/630/621 354/404/395 110/409/400
f 178/266/262 619/630/621 458/629/620
f 1144/631/622 1017/1258/1148 1016/632/623
f 1476/634/625 1069/1339/1177 1070/635/626
f 1161/637/628 1034/1285/1157 1033/638/629
f 1443/640/631 1475/1337/1175 1121/641/632
f 1177/643/634 1178/1345/1183 1051/644/635
f 1194/646/637 1195/1343/1181 1068/647/638
f 1442/636/627 1070/635/626 1071/649/640
f 1443/640/631 1122/642/633 1123/651/642
f 1444/650/641 1071/649/640 1072/653/644
f 1447/655/646 1445/652/643 1123/651/642
f 1142/657/648 1143/633/624 1016/632/623
f 1446/654/645 1072/653/644 1073/659/650
f 1160/639/630 1033/638/629 1032/661/652
f 1449/663/654 1447/655/646 1124/656/647
f 1176/665/656 1177/643/634 1050/645/636
f 1194/646/637 1067/648/639 1066/667/658
f 1450/669/660 1448/660/651 1073/659/650
f 1449/663/654 1125/664/655 1126/671/662
f 1452/673/664 1450/669/660 1074/670/661
f 1451/672/663 1126/671/662 1127/675/666
f 1141/677/668 1142/657/648 1015/658/649
f 1452/673/664 1075/674/665 1076/679/670
f 1158/681/672 1159/662/653 1032/661/652
f 1453/676/667 1127/675/666 1128/683/674
f 1176/665/656 1049/666/657 1048/685/676
f 1193/668/659 1066/667/658 1065/687/678
f 1454/680/671 1076/679/670 1077/689/680
f 1455/684/675 1128/683/674 1129/691/682
f 1456/690/681 1077/689/680 1078/693/684
f 1459/695/686 1457/692/683 1129/691/682
f 1141/677/668 1014/678/669 1013/697/688
f 1458/694/685 1078/693/684 1079/699/690
f 1158/681/672 1031/682/673 1030/701/692
f 1462/703/694 1459/695/686 1130/696/687
f 1174/705/696 1175/686/677 1048/685/676
f 1192/688/679 1065/687/678 1064/707/698
f 1460/700/691 1079/699/690 1080/709/700
f 1461/711/702 1462/703/694 1131/704/695
f 1463/710/701 1080/709/700 1081/713/704
f 1139/715/706 1140/698/689 1013/697/688
f 1464/714/705 1081/713/704 1082/717/708
f 1157/702/693 1030/701/692 1029/719/710
f 1174/705/696 1047/706/697 1046/721/712
f 1191/708/699 1064/707/698 1063/723/714
f 1465/718/709 1082/717/708 1083/725/716
f 1466/726/717 1083/725/716 1084/727/718
f 1139/715/706 1012/716/707 1011/729/720
f 1467/731/719 1084/1911/718 1085/732/722
f 1156/720/711 1029/719/710 1028/734/724
f 1172/736/726 1173/722/713 1046/721/712
f 1190/724/715 1063/723/714 1062/738/728
f 1468/733/723 1085/732/722 1086/740/730
f 1469/741/731 1086/740/730 1087/742/732
f 1138/730/721 1011/729/720 1010/744/734
f 1470/743/733 1087/742/732 1088/746/736
f 1155/735/725 1028/734/724 1027/748/738
f 1171/750/740 1172/736/726 1045/737/727
f 1188/752/742 1189/739/729 1062/738/728
f 1471/747/737 1088/746/736 1089/754/744
f 1472/755/745 1089/754/744 1090/756/746
f 1137/745/735 1010/744/734 1009/758/748
f 1474/757/747 1090/756/746 1091/760/750
f 2146/762/752 1248/1617/1328 1249/763/753
f 1154/749/739 1027/748/738 1026/765/755
f 1170/767/757 1171/750/740 1044/751/741
f 746/771/761 620/2954/1607 622/2955/1562
f 622/2955/1562 624/2956/1563 626/2957/1554
f 626/2957/1554 628/2958/1555 630/2959/1579
f 630/2959/1579 632/2960/1583 634/2961/1587
f 634/2961/1587 636/2962/1591 638/2963/1595
f 638/2963/1595 640/2964/1599 642/2965/1603
f 642/2965/1603 644/2966/1606 646/2967/1609
f 646/2967/1609 648/2968/1577 650/2969/1573
f 650/2969/1573 652/2970/1569 654/2971/1570
f 654/2971/1570 656/2972/1564 658/2973/1558
f 658/2973/1558 660/2974/1559 662/2975/1556
f 662/2975/1556 664/2976/1549 666/2977/1582
f 666/2977/1582 668/2978/1586 670/2979/1590
f 670/2979/1590 672/2980/1594 674/2981/1598
f 674/2981/1598 676/2982/1602 678/2983/1605
f 678/2983/1605 680/2984/1608 682/769/759
f 682/769/759 684/2985/1574 686/2986/1571
f 686/2986/1571 688/2987/1567 690/2988/1565
f 690/2988/1565 692/2989/1566 694/2990/1560
f 694/2990/1560 696/2991/1550 698/2992/1551
f 698/2992/1551 700/2993/1581 702/2994/1585
f 702/2994/1585 704/2995/1589 706/2996/1593
f 706/2996/1593 708/2997/1597 710/2998/1601
f 710/2998/1601 712/2999/1604 714/770/760
f 714/770/760 716/3000/1578 718/3001/1575
f 718/3001/1575 720/3002/1576 722/3003/1572
f 722/3003/1572 724/3004/1568 726/3005/1561
f 726/3005/1561 728/3006/1557 730/3007/1552
f 730/3007/1552 732/3008/1553 734/3009/1580
f 734/3009/1580 736/3010/1584 738/3011/1588
f 738/3011/1588 740/3012/1592 742/3013/1596
f 742/3013/1596 744/3014/1600 746/771/761
f 746/771/761 622/2955/1562 626/2957/1554
f 626/2957/1554 630/2959/1579 634/2961/1587
f 634/2961/1587 638/2963/1595 642/2965/1603
f 642/2965/1603 646/2967/1609 650/2969/1573
f 650/2969/1573 654/2971/1570 658/2973/1558
f 658/2973/1558 662/2975/1556 666/2977/1582
f 666/2977/1582 670/2979/1590 674/2981/1598
f 674/2981/1598 678/2983/1605 682/769/759
f 682/769/759 686/2986/1571 690/2988/1565
f 690/2988/1565 694/2990/1560 698/2992/1551
f 698/2992/1551 702/2994/1585 706/2996/1593
f 706/2996/1593 710/2998/1601 714/770/760
f 714/770/760 718/3001/1575 722/3003/1572
f 722/3003/1572 726/3005/1561 730/3007/1552
f 730/3007/1552 734/3009/1580 738/3011/1588
f 738/3011/1588 742/3013/1596 746/771/761
f 746/771/761 626/2957/1554 634/2961/1587
f 634/2961/1587 642/2965/1603 650/2969/1573
f 650/2969/1573 658/2973/1558 666/2977/1582
f 666/2977/1582 674/2981/1598 682/769/759
f 682/769/759 690/2988/1565 698/2992/1551
f 698/2992/1551 706/2996/1593 714/770/760
f 714/770/760 722/3003/1572 730/3007/1552
f 730/3007/1552 738/3011/1588 746/771/761
f 746/771/761 634/2961/1587 650/2969/1573
f 650/2969/1573 666/2977/1582 682/769/759
f 682/769/759 698/2992/1551 714/770/760
f 714/770/760 730/3007/1552 746/771/761
f 746/771/761 650/2969/1573 682/769/759
f 1954/772/762 901/789/779 903/773/763
f 1791/775/765 1790/785/775 922/776/766
f 1992/3015/768 1955/2620/783 935/3016/769
f 1956/781/771 969/795/785 971/782/772
f 1764/784/774 924/787/777 922/776/766
f 1764/784/774 1765/791/781 926/786/776
f 1958/788/778 899/804/794 901/789/779
f 1766/790/780 928/797/787 926/786/776
f 1959/792/782 933/808/798 935/779/769
f 1960/794/784 967/3017/800 969/795/785
f 1767/796/786 930/802/792 928/797/787
f 1957/798/788 1961/815/804 1001/799/789
f 1768/801/791 932/806/796 930/802/792
f 1962/803/793 897/821/810 899/804/794
f 1769/805/795 934/813/802 932/806/796
f 1963/807/797 931/2511/812 933/808/798
f 1964/827/799 965/826/814 967/3017/800
f 1770/812/801 936/817/806 934/813/802
f 1965/814/803 999/831/818 1001/799/789
f 1770/812/801 1771/819/808 938/816/805
f 1772/818/807 940/829/816 938/816/805
f 1966/820/809 895/837/824 897/821/810
f 1963/822/797 1967/838/825 929/823/811
f 1968/825/813 963/841/828 965/826/814
f 1773/828/815 942/833/820 940/829/816
f 1965/814/803 1969/2609/831 997/830/817
f 1773/828/815 1774/835/822 944/832/819
f 1775/834/821 946/843/830 944/832/819
f 1966/820/809 1970/852/838 893/836/823
f 1967/838/825 1971/854/840 927/839/826
f 1972/840/827 961/856/842 963/841/828
f 1775/834/821 1776/848/834 948/842/829
f 1969/2609/831 1973/861/846 995/860/832
f 1777/847/833 950/850/836 948/842/829
f 1778/849/835 952/858/844 950/850/836
f 1974/851/837 891/867/852 893/836/823
f 1975/853/839 925/869/854 927/839/826
f 1976/2593/841 959/2502/856 961/2501/842
f 1779/857/843 954/863/848 952/858/844
f 1977/859/845 993/875/860 995/860/832
f 1780/862/847 956/865/850 954/863/848
f 1780/862/847 1781/873/858 958/864/849
f 1978/866/851 889/881/866 891/867/852
f 1979/868/853 923/883/868 925/869/854
f 1976/855/841 1980/885/870 957/870/855
f 1782/872/857 960/877/862 958/864/849
f 1977/859/845 1981/888/873 991/874/859
f 1783/876/861 962/879/864 960/877/862
f 1784/878/863 964/887/872 962/879/864
f 1982/880/865 887/893/878 889/881/866
f 1979/868/853 1983/3018/881 921/882/867
f 1985/884/869 955/900/884 957/870/855
f 1785/886/871 966/891/876 964/887/872
f 1981/888/873 1987/904/888 989/889/874
f 1786/890/875 968/895/880 966/891/876
f 1982/880/865 1989/908/892 885/892/877
f 1786/890/875 1787/902/886 970/894/879
f 1983/896/881 1984/2539/1143 919/897/882
f 1985/884/869 1986/1238/1142 953/899/883
f 1788/901/885 972/906/890 970/894/879
f 1988/903/887 987/1237/1141 989/889/874
f 1789/905/889 974/910/894 972/906/890
f 1990/907/891 883/1234/1138 885/892/877
f 1762/909/893 976/1069/1034 974/910/894
f 875/911/895 812/1041/1020 1633/912/896
f 874/914/898 875/911/895 1632/913/897
f 873/916/900 874/914/898 1631/915/899
f 872/918/902 873/916/900 1630/917/901
f 871/920/904 872/918/902 1629/919/903
f 870/922/906 871/920/904 1628/921/905
f 869/924/908 870/922/906 1627/923/907
f 868/926/910 869/924/908 1626/925/909
f 867/928/912 868/926/910 1625/927/911
f 866/930/914 867/928/912 1624/929/913
f 865/932/916 866/930/914 1623/931/915
f 864/934/918 865/932/916 1622/933/917
f 863/936/920 864/934/918 1621/935/919
f 862/938/922 863/936/920 1620/937/921
f 861/940/924 862/938/922 1619/939/923
f 860/942/926 861/940/924 1618/941/925
f 859/944/928 860/942/926 1617/943/927
f 858/946/930 859/944/928 1616/945/929
f 857/948/932 858/946/930 1615/947/931
f 856/950/934 857/948/932 1614/949/933
f 855/952/936 856/950/934 1613/951/935
f 854/954/938 855/952/936 1612/953/937
f 853/956/940 854/954/938 1611/955/939
f 852/958/942 853/956/940 1610/957/941
f 851/960/944 852/958/942 1609/959/943
f 850/2028/946 851/960/944 1608/961/945
f 849/965/948 850/962/946 1607/964/947
f 848/967/950 849/2029/948 1606/968/949
f 847/970/952 848/967/950 1605/969/951
f 846/972/954 847/970/952 1604/971/953
f 845/974/956 846/972/954 1603/973/955
f 844/976/958 845/974/956 1602/975/957
f 843/978/960 844/976/958 1601/977/959
f 842/980/962 843/978/960 1600/979/961
f 841/982/964 842/980/962 1599/981/963
f 840/984/966 841/982/964 1598/983/965
f 839/986/968 840/984/966 1597/985/967
f 838/988/970 839/986/968 1596/987/969
f 837/990/972 838/988/970 1595/989/971
f 836/992/974 837/990/972 1594/991/973
f 835/994/976 836/992/974 1593/993/975
f 834/996/978 835/994/976 1592/995/977
f 833/998/980 834/996/978 1591/997/979
f 832/1000/981 833/998/980 1590/999/754
f 831/1002/982 832/1000/981 1589/1001/752
f 830/1004/984 831/1002/982 1588/1003/983
f 829/1006/986 830/1004/984 1587/1005/985
f 828/1008/988 829/1006/986 1586/1007/987
f 827/1010/990 828/2027/988 1585/1011/989
f 826/1013/992 827/1010/990 1584/1012/991
f 825/1015/994 826/1013/992 1583/1014/993
f 824/1017/996 825/1015/994 1582/1016/995
f 823/1019/998 824/1017/996 1581/1018/997
f 822/1021/1000 823/1019/998 1580/1020/999
f 821/1023/1002 822/1021/1000 1579/1022/1001
f 820/1025/1004 821/1023/1002 1578/1024/1003
f 819/1027/1006 820/1025/1004 1577/1026/1005
f 818/1029/1008 819/1027/1006 1576/1028/1007
f 817/1031/1010 818/1029/1008 1575/1030/1009
f 816/1033/1012 817/1031/1010 1574/1032/1011
f 815/1035/1014 816/1033/1012 1573/1034/1013
f 814/1037/1016 815/1035/1014 1572/1036/1015
f 813/1039/1018 814/1037/1016 1571/1038/1017
f 812/1041/1020 813/1039/1018 1570/1040/1019
f 1002/1042/1021 1003/1142/1056 1889/1043/896
f 1000/1045/1022 1002/1042/1021 1888/1044/897
f 998/1047/1023 1000/1045/1022 1887/1046/899
f 996/1049/1024 998/1047/1023 1886/1048/901
f 994/1051/1025 996/1049/1024 1885/1050/903
f 992/1053/1026 994/1051/1025 1884/1052/905
f 990/1055/1027 992/1053/1026 1883/1054/907
f 988/1057/1028 990/1055/1027 1882/1056/909
f 986/1059/1029 988/1057/1028 1881/1058/911
f 984/1061/1030 986/1059/1029 1880/1060/913
f 982/1063/1031 984/1061/1030 1879/1062/915
f 980/1065/1032 982/1063/1031 1878/1064/917
f 978/1067/1033 980/1065/1032 1877/1066/919
f 976/1069/1034 978/1067/1033 1876/1068/921
f 974/910/894 976/1069/1034 1875/1070/923
f 972/906/890 974/910/894 1874/1071/925
f 970/894/879 972/906/890 1873/1072/927
f 968/895/880 970/894/879 1872/1073/929
f 966/891/876 968/895/880 1871/1074/931
f 964/887/872 966/891/876 1870/1075/933
f 962/879/864 964/887/872 1869/1076/935
f 960/877/862 962/879/864 1868/1077/937
f 958/864/849 960/877/862 1867/1078/939
f 956/865/850 958/864/849 1866/1079/941
f 954/863/848 956/865/850 1865/1080/943
f 952/3019/844 954/3020/848 1864/2433/945
f 950/850/836 952/858/844 1863/1082/947
f 948/842/829 950/850/836 1862/1083/949
f 946/843/830 948/842/829 1861/1084/951
f 944/832/819 946/843/830 1860/1085/953
f 942/833/820 944/832/819 1859/1086/955
f 940/829/816 942/833/820 1858/1087/957
f 938/816/805 940/829/816 1857/1088/959
f 936/817/806 938/816/805 1856/1089/961
f 934/813/802 936/817/806 1855/1090/963
f 932/806/796 934/813/802 1854/1091/965
f 930/802/792 932/806/796 1853/1092/967
f 928/797/787 930/802/792 1852/1093/969
f 926/786/776 928/797/787 1851/1094/971
f 924/787/777 926/786/776 1850/1095/973
f 922/776/766 924/787/777 1849/1096/975
f 920/777/767 922/776/766 1848/1097/977
f 918/1099/1035 920/777/767 1847/1098/979
f 916/1101/1036 918/1099/1035 1846/1100/754
f 914/1103/1037 916/1101/1036 1845/1102/752
f 912/1105/1038 914/1103/1037 1844/1104/983
f 910/1107/1039 912/1105/1038 1843/1106/985
f 908/1109/1040 910/1107/1039 1842/1108/987
f 906/1111/1041 908/3021/1040 1841/1112/989
f 904/1114/1042 906/1111/1041 1840/1113/991
f 902/1116/1043 904/1114/1042 1839/1115/993
f 900/1118/1044 902/1116/1043 1838/1117/995
f 898/1120/1045 900/1118/1044 1837/1119/997
f 896/1122/1046 898/1120/1045 1836/1121/999
f 894/1124/1047 896/1122/1046 1835/1123/1001
f 892/1126/1048 894/1124/1047 1834/1125/1003
f 890/1128/1049 892/1126/1048 1833/1127/1005
f 888/1130/1050 890/1128/1049 1832/1129/1007
f 886/1132/1051 888/1130/1050 1831/1131/1009
f 884/1134/1052 886/1132/1051 1830/1133/1011
f 882/1136/1053 884/1134/1052 1829/1135/1013
f 880/1138/1054 882/1136/1053 1828/1137/1015
f 878/1140/1055 880/1138/1054 1827/1139/1017
f 1003/1142/1056 878/1140/1055 1826/1141/1019
f 1791/775/765 920/777/767 918/1099/1035
f 1793/1144/1058 1792/1143/1057 918/1099/1035
f 1991/1145/773 971/2497/772 973/1146/1059
f 1992/778/768 937/780/770 939/1148/1061
f 1794/1150/1063 1793/1144/1058 916/1101/1036
f 1993/774/764 903/773/763 905/1151/1064
f 1795/1153/1066 1794/1150/1063 914/1103/1037
f 1795/1153/1066 912/1105/1038 910/1107/1039
f 1994/1155/1060 973/3022/1059 975/1156/1068
f 1995/1149/1062 939/1148/1061 941/2510/1070
f 1796/1154/1067 910/1107/1039 908/1109/1040
f 1996/1152/1065 905/1151/1064 907/1162/1073
f 1797/1164/1072 908/3021/1040 906/1111/1041
f 1799/1166/1076 1798/1165/1075 906/1111/1041
f 2000/1167/1077 1997/1157/1069 975/1156/1068
f 1998/1169/1071 941/2510/1070 943/1170/1079
f 1800/1172/1081 1799/1166/1076 904/1114/1042
f 1999/1173/1074 907/2520/1073 909/1174/1082
f 1801/1176/1084 1800/1172/1081 902/1116/1043
f 1763/1177/1085 1003/1142/1056 1002/1042/1021
f 1801/1176/1084 900/1118/1044 898/1120/1045
f 2003/1180/1088 2000/1167/1077 977/1168/1078
f 1957/798/788 876/800/790 877/1182/1090
f 1802/1178/1086 1002/1042/1021 1000/1045/1022
f 2001/3023/1080 943/3024/1079 945/3025/1093
f 1803/1179/1087 898/1120/1045 896/1122/1046
f 2002/1175/1083 909/1174/1082 911/2519/1096
f 1806/1191/1098 1804/1184/1092 1000/1045/1022
f 1805/1187/1095 896/1122/1046 894/1124/1047
f 1806/1191/1098 998/1047/1023 996/1049/1024
f 1807/1192/1099 894/1124/1047 892/1126/1048
f 2003/1180/1088 979/1181/1089 981/1195/1102
f 1808/1193/1100 996/1049/1024 994/1051/1025
f 2005/1198/1094 945/3025/1093 947/1199/1105
f 1811/1201/1107 1809/1194/1101 892/1126/1048
f 2009/1216/1108 2006/2560/1097 911/2519/1096
f 2004/1183/1091 877/1182/1090 879/1204/1110
f 1810/1197/1104 994/1051/1025 992/1053/1026
f 1813/1207/1113 1811/1201/1107 890/1128/1049
f 1812/1206/1112 992/1053/1026 990/1055/1027
f 1813/1207/1113 888/1130/1050 886/1132/1051
f 2011/1210/1116 2007/1196/1103 981/1195/1102
f 1814/1208/1114 990/1055/1027 988/1057/1028
f 2008/1200/1106 947/1199/1105 949/1213/1119
f 1815/1209/1115 886/1132/1051 884/1134/1052
f 2009/1216/1108 913/2518/1109 915/1217/1122
f 2014/1219/1124 2010/1205/1111 879/1204/1110
f 1816/1212/1118 988/1057/1028 986/1059/1029
f 1817/1215/1121 884/1134/1052 882/1136/1053
f 1818/1221/1126 986/1059/1029 984/1061/1030
f 1819/1222/1127 882/1136/1053 880/1138/1054
f 2015/1225/1130 2011/1210/1116 983/1211/1117
f 1822/1227/1132 1820/1223/1128 984/1061/1030
f 2012/1214/1120 949/1213/1119 951/1228/1133
f 1821/1224/1129 880/1138/1054 878/1140/1055
f 2017/2538/1136 2013/1218/1123 915/1217/1122
f 2014/1219/1124 881/1220/1125 883/1234/1138
f 1824/1235/1139 1822/1227/1132 982/1063/1031
f 1823/1230/1135 878/1140/1055 1003/1142/1056
f 1824/1235/1139 980/1065/1032 978/1067/1033
f 2015/1225/1130 985/1226/1131 987/1237/1141
f 1825/1236/1140 978/1067/1033 976/1069/1034
f 2016/1229/1134 951/1228/1133 953/899/883
f 2017/2538/1136 917/3026/1137 919/897/882
f 1005/1241/1144 1004/1244/1145 1315/1242/1019
f 1004/1244/1145 1007/1246/1146 1316/1245/1017
f 1007/1246/1146 1008/1248/1147 1317/1247/1015
f 1008/1248/1147 1009/758/748 1318/1249/1013
f 1009/758/748 1010/744/734 1319/1250/1011
f 1010/744/734 1011/729/720 1320/1251/1009
f 1011/729/720 1012/716/707 1321/1252/1007
f 1012/716/707 1013/697/688 1322/1253/1005
f 1013/697/688 1014/678/669 1323/1254/1003
f 1014/678/669 1015/658/649 1324/1255/1001
f 1015/658/649 1016/632/623 1325/1256/999
f 1016/632/623 1017/1258/1148 1326/1257/997
f 1017/1258/1148 1018/1260/1149 1327/1259/995
f 1018/1260/1149 1019/1262/1150 1328/1261/993
f 1019/1262/1150 1020/1264/1151 1329/1263/991
f 1020/1264/1151 1021/3027/1152 1330/1265/989
f 1021/1266/1152 1022/1269/1153 1331/1267/987
f 1022/1269/1153 1023/1271/1154 1332/1270/985
f 1023/1271/1154 1024/1273/1155 1333/1272/983
f 1024/1273/1155 1025/1275/1156 1334/1274/752
f 1025/1275/1156 1026/765/755 1335/1276/754
f 1026/765/755 1027/748/738 1336/1277/979
f 1027/748/738 1028/734/724 1337/1278/977
f 1028/734/724 1029/719/710 1338/1279/975
f 1029/719/710 1030/701/692 1339/1280/973
f 1030/701/692 1031/682/673 1340/1281/971
f 1031/682/673 1032/661/652 1341/1282/969
f 1032/661/652 1033/638/629 1342/1283/967
f 1033/638/629 1034/1285/1157 1343/1284/965
f 1034/1285/1157 1035/1287/1158 1344/1286/963
f 1035/1287/1158 1036/1289/1159 1345/1288/961
f 1036/1289/1159 1037/1291/1160 1346/1290/959
f 1037/1291/1160 1038/1293/1161 1347/1292/957
f 1038/1293/1161 1039/1295/1162 1348/1294/955
f 1039/1295/1162 1040/1297/1163 1349/1296/953
f 1040/1297/1163 1041/1299/1164 1350/1298/951
f 1041/1299/1164 1042/1301/1165 1351/1300/949
f 1042/1301/1165 1043/768/758 1352/1302/947
f 1043/768/758 1044/751/741 1353/1303/945
f 1044/751/741 1045/737/727 1354/1304/943
f 1045/737/727 1046/721/712 1355/1305/941
f 1046/721/712 1047/706/697 1356/1306/939
f 1047/706/697 1048/685/676 1357/1307/937
f 1048/685/676 1049/666/657 1358/1308/935
f 1049/666/657 1050/645/636 1359/1309/933
f 1050/645/636 1051/644/635 1360/1310/931
f 1051/644/635 1052/1312/1166 1361/1311/929
f 1052/1312/1166 1053/1314/1167 1362/1313/927
f 1053/1314/1167 1054/1316/1168 1363/1315/925
f 1054/1316/1168 1055/1318/1169 1364/1317/923
f 1055/1318/1169 1056/1320/1170 1365/1319/921
f 1056/1320/1170 1057/1322/1171 1366/1321/919
f 1057/1322/1171 1058/1324/1172 1367/1323/917
f 1058/1324/1172 1059/1326/1173 1368/1325/915
f 1059/1326/1173 1060/1328/1174 1369/1327/913
f 1060/1328/1174 1061/753/743 1370/1329/911
f 1061/753/743 1062/738/728 1371/1330/909
f 1062/738/728 1063/723/714 1372/1331/907
f 1063/723/714 1064/707/698 1373/1332/905
f 1064/707/698 1065/687/678 1374/1333/903
f 1065/687/678 1066/667/658 1375/1334/901
f 1066/667/658 1067/648/639 1376/1335/899
f 1067/648/639 1068/647/638 1377/1336/897
f 1068/647/638 1005/1241/1144 1314/1243/896
f 1475/1337/1175 1477/1341/1179 1120/1338/1176
f 1461/711/702 1006/712/703 1069/1339/1177
f 1478/1340/1178 1119/1347/1185 1120/1338/1176
f 1133/1342/1180 1005/1241/1144 1068/647/638
f 1179/1344/1182 1052/1312/1166 1051/644/635
f 1479/1346/1184 1118/1351/1189 1119/1347/1185
f 1162/1348/1186 1035/1287/1158 1034/1285/1157
f 1145/1349/1187 1018/1260/1149 1017/1258/1148
f 1479/1346/1184 1480/1353/1191 1117/1350/1188
f 1481/1352/1190 1116/1356/1194 1117/1350/1188
f 1180/1354/1192 1053/1314/1167 1052/1312/1166
f 1482/1355/1193 1115/1358/1196 1116/1356/1194
f 1162/1348/1186 1163/1364/1202 1036/1289/1159
f 1145/1349/1187 1146/1365/1203 1019/1262/1150
f 1482/1355/1193 1483/1359/1197 1114/1357/1195
f 1483/1359/1197 1484/1362/1200 1113/1360/1198
f 1485/1361/1199 1112/1367/1205 1113/1360/1198
f 1181/1363/1201 1054/1316/1168 1053/1314/1167
f 1163/1364/1202 1164/1372/1210 1037/1291/1160
f 1146/1365/1203 1147/1374/1212 1020/1264/1151
f 1486/1366/1204 1111/1369/1207 1112/1367/1205
f 1487/1368/1206 1110/1371/1209 1111/1369/1207
f 1181/1363/1201 1182/1380/1218 1055/1318/1169
f 1487/1368/1206 1488/1375/1213 1109/1370/1208
f 1164/1372/1210 1165/1383/1221 1038/1293/1161
f 1148/1373/1211 1021/3027/1152 1020/1264/1151
f 1488/1375/1213 1489/1377/1215 1108/1376/1214
f 1489/1377/1215 1490/1381/1219 1107/1378/1216
f 1183/1379/1217 1056/1320/1170 1055/1318/1169
f 1490/1381/1219 1491/1385/1222 1106/1382/1220
f 1165/1383/1221 1166/1393/1230 1039/1295/1162
f 1148/1384/1211 1149/1395/1232 1022/1269/1153
f 1491/1385/1222 1492/1387/1224 1105/1386/1223
f 1492/1387/1224 1493/1391/1228 1104/1388/1225
f 1184/1389/1226 1057/1322/1171 1056/1320/1170
f 1494/1390/1227 1103/1397/1234 1104/1388/1225
f 1132/1392/1229 1004/1244/1145 1005/1241/1144
f 1166/1393/1230 1167/1402/1239 1040/1297/1163
f 1150/1394/1231 1023/1271/1154 1022/1269/1153
f 1495/1396/1233 1102/1399/1236 1103/1397/1234
f 1496/1398/1235 1101/1401/1238 1102/1399/1236
f 1184/1389/1226 1185/1409/1246 1058/1324/1172
f 1497/1400/1237 1100/1404/1241 1101/1401/1238
f 1167/1402/1239 1168/1413/1250 1041/1299/1164
f 1150/1394/1231 1151/1415/1252 1024/1273/1155
f 1498/1403/1240 1099/1407/1244 1100/1404/1241
f 1134/1405/1242 1007/1246/1146 1004/1244/1145
f 1499/1406/1243 1098/1411/1248 1099/1407/1244
f 1186/1408/1245 1059/1326/1173 1058/1324/1172
f 1499/1406/1243 1500/1416/1253 1097/1410/1247
f 1169/1412/1249 1042/1301/1165 1041/1299/1164
f 1152/1414/1251 1025/1275/1156 1024/1273/1155
f 1500/1416/1253 1501/1420/1257 1096/1417/1254
f 1135/1418/1255 1008/1248/1147 1007/1246/1146
f 1502/1419/1256 1095/1422/1259 1096/1417/1254
f 1503/1421/1258 1094/1425/1262 1095/1422/1259
f 1187/1423/1260 1060/1328/1174 1059/1326/1173
f 1169/1412/1249 1170/767/757 1043/768/758
f 1152/1414/1251 1153/766/756 1026/765/755
f 1504/1424/1261 1093/1427/1264 1094/1425/1262
f 1135/1418/1255 1136/759/749 1009/758/748
f 1505/1426/1263 1092/1428/1265 1093/1427/1264
f 1505/1426/1263 1473/761/751 1091/760/750
f 1188/752/742 1061/753/743 1060/1328/1174
f 2018/1429/1266 2019/1430/1266 1132/1392/1229
f 2019/1430/1266 2020/1432/1266 1134/1405/1242
f 2021/1431/1266 1135/1418/1255 1134/1405/1242
f 2021/1431/1266 2022/1434/1266 1136/759/749
f 2023/1433/1266 1137/745/735 1136/759/749
f 2024/1435/1266 1138/730/721 1137/745/735
f 2025/1436/1266 1139/715/706 1138/730/721
f 2026/1437/1266 1140/698/689 1139/715/706
f 2026/1437/1266 2027/1439/1266 1141/677/668
f 2028/1438/1266 1142/657/648 1141/677/668
f 2028/1438/1266 2029/1441/1266 1143/633/624
f 2030/1440/1266 1144/631/622 1143/633/624
f 2031/1442/1266 1145/1349/1187 1144/631/622
f 2031/1442/1266 2032/1444/1266 1146/1365/1203
f 2033/1443/1266 1147/1374/1212 1146/1365/1203
f 2033/1443/1266 2034/3028/1266 1148/1373/1211
f 2035/1445/1266 1149/1395/1232 1148/1384/1211
f 2035/1445/1266 2036/1447/1266 1150/1394/1231
f 2036/1447/1266 2037/1449/1266 1151/1415/1252
f 2038/1448/1266 1152/1414/1251 1151/1415/1252
f 2039/1450/1266 1153/766/756 1152/1414/1251
f 2039/1450/1266 2040/1451/1266 1154/749/739
f 2040/1451/1266 2041/1453/1266 1155/735/725
f 2042/1452/1266 1156/720/711 1155/735/725
f 2043/1454/1266 1157/702/693 1156/720/711
f 2044/1455/1266 1158/681/672 1157/702/693
f 2045/1456/1266 1159/662/653 1158/681/672
f 2046/1457/1266 1160/639/630 1159/662/653
f 2046/1457/1266 2047/1459/1266 1161/637/628
f 2048/1458/1266 1162/1348/1186 1161/637/628
f 2049/1460/1266 1163/1364/1202 1162/1348/1186
f 2049/1460/1266 2050/1462/1266 1164/1372/1210
f 2051/1461/1266 1165/1383/1221 1164/1372/1210
f 2051/1461/1266 2052/1464/1266 1166/1393/1230
f 2053/1463/1266 1167/1402/1239 1166/1393/1230
f 2053/1463/1266 2054/1466/1266 1168/1413/1250
f 2055/1465/1266 1169/1412/1249 1168/1413/1250
f 2055/1465/1266 2056/1467/1266 1170/767/757
f 2056/1467/1266 2057/1469/1266 1171/750/740
f 2058/1468/1266 1172/736/726 1171/750/740
f 2058/1468/1266 2059/1471/1266 1173/722/713
f 2060/1470/1266 1174/705/696 1173/722/713
f 2060/1470/1266 2061/1473/1266 1175/686/677
f 2062/1472/1266 1176/665/656 1175/686/677
f 2063/1474/1266 1177/643/634 1176/665/656
f 2064/1475/1266 1178/1345/1183 1177/643/634
f 2065/1476/1266 1179/1344/1182 1178/1345/1183
f 2065/1476/1266 2066/1478/1266 1180/1354/1192
f 2067/1477/1266 1181/1363/1201 1180/1354/1192
f 2067/1477/1266 2068/1480/1266 1182/1380/1218
f 2069/1479/1266 1183/1379/1217 1182/1380/1218
f 2070/1481/1266 1184/1389/1226 1183/1379/1217
f 2071/1482/1266 1185/1409/1246 1184/1389/1226
f 2071/1482/1266 2072/1484/1266 1186/1408/1245
f 2073/1483/1266 1187/1423/1260 1186/1408/1245
f 2073/1483/1266 2074/1485/1266 1188/752/742
f 2074/1485/1266 2075/1487/1266 1189/739/729
f 2076/1486/1266 1190/724/715 1189/739/729
f 2077/1488/1266 1191/708/699 1190/724/715
f 2077/1488/1266 2078/1490/1266 1192/688/679
f 2079/1489/1266 1193/668/659 1192/688/679
f 2080/1491/1266 1194/646/637 1193/668/659
f 2081/1492/1266 1195/1343/1181 1194/646/637
f 2018/1429/1266 1133/1342/1180 1195/1343/1181
f 2147/1493/907 1222/1618/1329 1223/1494/1267
f 2148/1496/959 1197/1559/1299 1196/1497/1268
f 2149/764/754 1249/763/753 1250/1499/1269
f 2150/1495/905 1223/1494/1267 1224/1501/1270
f 2151/1498/957 1196/1497/1268 1198/1503/1271
f 2152/1500/979 1250/1499/1269 1251/1505/1272
f 2153/1502/903 1224/1501/1270 1225/1507/1273
f 2154/1504/955 1198/1503/1271 1199/1509/1274
f 2155/1506/977 1251/1505/1272 1252/1511/1275
f 2156/1508/901 1225/1507/1273 1226/1513/1276
f 2157/1510/953 1199/1509/1274 1200/1515/1277
f 2158/1512/975 1252/1511/1275 1253/1517/1278
f 2159/1514/899 1226/1513/1276 1227/1519/1279
f 2160/1516/951 1200/1515/1277 1201/1521/1280
f 2161/1518/973 1253/1517/1278 1254/1523/1281
f 2162/1520/897 1227/1519/1279 1228/1525/1282
f 2163/1522/949 1201/1521/1280 1202/1527/1283
f 2164/1524/971 1254/1523/1281 1255/1529/1284
f 2165/1526/896 1228/1525/1282 1229/1531/1285
f 2166/1528/947 1202/1527/1283 1203/1533/1286
f 2167/1530/969 1255/1529/1284 1256/1535/1287
f 2168/1532/1019 1229/1531/1285 1230/1537/1288
f 2169/1534/945 1203/1533/1286 1204/1539/1289
f 2170/1536/967 1256/1535/1287 1257/1541/1290
f 2171/1538/1017 1230/1537/1288 1231/1543/1291
f 2172/1540/943 1204/1539/1289 1205/1545/1292
f 2173/1542/965 1257/1541/1290 1258/1547/1293
f 2174/1544/1015 1231/1543/1291 1232/1549/1294
f 2175/1546/941 1205/1545/1292 1206/1551/1295
f 2176/1548/963 1258/1547/1293 1259/1553/1296
f 2177/1550/1013 1232/1549/1294 1233/1555/1297
f 2178/1552/939 1206/1551/1295 1207/1557/1298
f 2148/1496/959 2179/1554/961 1259/1553/1296
f 2180/1556/1011 1233/1555/1297 1234/1560/1300
f 2181/1558/937 1207/1557/1298 1208/1562/1301
f 2182/1561/1009 1234/1560/1300 1235/1564/1302
f 2183/1563/935 1208/1562/1301 1209/1566/1303
f 2184/1565/1007 1235/1564/1302 1236/1568/1304
f 2185/1567/933 1209/1566/1303 1210/1570/1305
f 2186/1569/1005 1236/1568/1304 1237/1572/1306
f 2187/1571/931 1210/1570/1305 1211/1574/1307
f 2188/1573/1003 1237/1572/1306 1238/1576/1308
f 2189/1575/929 1211/1574/1307 1212/1578/1309
f 2190/1577/1001 1238/1576/1308 1239/1580/1310
f 2191/1582/927 1212/3029/1309 1213/1583/1311
f 2192/1581/999 1239/1580/1310 1240/1585/1312
f 2193/1584/925 1213/1583/1311 1214/1587/1313
f 2194/1586/997 1240/1585/1312 1241/1589/1314
f 2195/1588/923 1214/1587/1313 1215/1591/1315
f 2196/1590/995 1241/1589/1314 1242/1593/1316
f 2197/1592/921 1215/1591/1315 1216/1595/1317
f 2198/1594/993 1242/1593/1316 1243/1597/1318
f 2199/1596/919 1216/1595/1317 1217/1599/1319
f 2200/1598/991 1243/1597/1318 1244/1601/1320
f 2201/1600/917 1217/1599/1319 1218/1603/1321
f 2202/1602/989 1244/1601/1320 1245/1605/1322
f 2203/1604/915 1218/1603/1321 1219/1607/1323
f 2204/1606/987 1245/1605/1322 1246/1609/1324
f 2205/1608/913 1219/1607/1323 1220/1611/1325
f 2206/1610/985 1246/1609/1324 1247/1613/1326
f 2207/1612/911 1220/1611/1325 1221/1615/1327
f 2208/1614/983 1247/1613/1326 1248/1617/1328
f 2209/1616/909 1221/1615/1327 1222/1618/1329
f 1295/1619/1330 508/1692/204 276/1620/206
f 1289/1622/1332 1290/1716/1381 208/23/23
f 1302/1623/1333 1298/1705/1374 483/1624/99
f 1281/1626/1334 510/218/214 280/220/216
f 1292/1628/1336 204/15/15 464/21/21
f 1275/1630/1338 460/1704/3 200/1631/5
f 1311/1633/1340 237/1673/105 486/1634/113
f 1260/1636/1342 1286/1649/1349 516/1637/236
f 1307/1639/1343 233/1695/101 484/1640/103
f 1266/1642/1345 309/1726/297 532/1643/299
f 1285/3030/1347 1284/3031/1365 514/3032/229
f 1303/1646/1348 1305/1682/1364 507/1647/200
f 1286/1649/1349 1285/3030/1347 288/1650/231
f 1309/1651/1350 1312/144/140 492/1652/141
f 1270/1654/1351 1272/1671/1359 540/1655/337
f 1279/1657/1352 1273/1731/1387 555/1658/392
f 2213/1660/1353 1227/1681/1279 1226/1661/1276
f 1276/1632/1339 200/1631/5 462/1663/13
f 1278/1665/1356 472/1718/53 196/1666/1
f 1267/1644/1346 532/1643/299 313/1668/301
f 327/1670/330 540/1655/337 1272/1671/1359
f 1288/1672/1360 1287/1690/1368 212/30/30
f 1310/1641/1344 484/1640/103 237/1673/105
f 1283/1674/1361 1284/1684/1365 2218/1675/1266
f 1274/1677/1362 1271/1707/1375 542/1678/345
f 2210/1680/1363 1228/1703/1282 1227/1681/1279
f 1305/1682/1364 1306/3033/1378 259/1683/151
f 1284/1684/1365 1283/1674/1361 284/228/224
f 1293/1685/1355 462/13/13 204/15/15
f 1301/1686/1366 1288/1672/1360 468/35/35
f 1299/1687/1367 1300/1723/1385 470/1688/43
f 1287/1690/1368 1289/1622/1332 466/28/28
f 1296/1691/1369 272/1722/202 508/1692/204
f 1282/1693/1370 512/226/222 284/228/224
f 1304/1694/1371 496/1706/158 233/1695/101
f 1262/1696/1372 1261/1717/1382 518/1697/244
f 1280/1627/1335 280/220/216 512/226/222
f 2273/1699/1373 2211/2951/1675 96/1700/331
f 2210/1680/1363 2215/1708/1376 1229/1702/1285
f 1277/1667/1357 196/1666/1 460/1704/3
f 1298/1705/1374 1299/1687/1367 220/1689/45
f 1302/1623/1333 165/1625/100 496/1706/158
f 1271/1707/1375 1270/1654/1351 331/1656/339
f 2215/1708/1376 2211/2951/1675 1230/1709/1288
f 1308/1710/1377 1309/1651/1350 255/1653/143
f 1306/3033/1378 1308/1710/1377 494/1711/149
f 1264/1713/1379 187/1730/296 544/1714/354
f 1291/1629/1337 464/21/21 208/23/23
f 1261/1717/1382 1260/1636/1342 292/1638/238
f 1279/1657/1352 152/1659/51 472/1718/53
f 2230/1719/1383 1269/1752/336 90/1720/316
f 1297/1721/1384 520/1725/253 272/1722/202
f 1300/1800/1385 1301/1686/1366 216/37/37
f 1303/1646/1348 176/1648/201 520/1725/253
f 1265/1715/1380 544/1714/354 309/1726/297
f 1294/1727/1331 276/210/206 510/218/214
f 1263/1728/1386 1262/1696/1372 296/1698/246
f 1268/1669/1358 313/1668/301 534/345/309
f 1264/1713/1379 1263/1728/1386 531/1729/295
f 1273/1731/1387 1274/1677/1362 335/1679/347
f 1284/1684/1365 1285/1645/1347 2219/1732/1266
f 1285/1645/1347 1286/1734/1349 2220/1733/1266
f 1286/1734/1349 1260/1736/1342 2221/1735/1266
f 1260/1736/1342 1261/1738/1382 2222/1737/1266
f 1261/1738/1382 1262/1740/1372 2223/1739/1266
f 1262/1740/1372 1263/1742/1386 2224/1741/1266
f 1263/1742/1386 1264/3034/1379 2225/1743/1266
f 2225/1743/1266 1264/3034/1379 1265/1744/1380
f 2226/1745/1266 1265/1744/1380 1266/1746/1345
f 2227/1747/1266 1266/1746/1345 1267/1748/1346
f 2228/1749/1266 1267/1748/1346 1268/1750/1358
f 2229/1751/1266 1268/1750/1358 1269/1752/336
f 2231/1753/1266 1282/1693/1370 1283/1674/1361
f 2232/1754/1266 1280/1627/1335 1282/1693/1370
f 2233/1755/1266 1281/1626/1334 1280/1627/1335
f 2234/1756/1266 1294/1727/1331 1281/1626/1334
f 2235/1757/1266 1295/1759/1330 1294/1727/1331
f 2236/1758/1266 1296/1761/1369 1295/1759/1330
f 2237/1760/1266 1297/1763/1384 1296/1761/1369
f 2238/1762/1266 1303/3035/1348 1297/1763/1384
f 1305/1764/1364 1303/3035/1348 2238/1762/1266
f 1306/1712/1378 1305/1764/1364 2239/1765/1266
f 1308/1767/1377 1306/1712/1378 2240/1766/1266
f 1309/1769/1350 1308/1767/1377 2241/1768/1266
f 1312/1771/140 1309/1769/1350 2242/1770/1266
f 2243/1772/1388 2216/2922/1674 65/1773/135
f 2214/1774/1389 2216/2922/1674 1198/1775/1271
f 2244/1777/1390 2214/1774/1389 1196/1776/1268
f 2244/1777/1390 1197/1778/1299 1259/1779/1296
f 2245/1780/1391 1259/1779/1296 1258/1781/1293
f 241/1783/115 59/120/120 1313/1635/1341
f 2247/1784/1393 1313/1787/1341 59/1785/120
f 2248/1786/1266 1311/1789/1340 1313/1787/1341
f 2249/1788/1266 1310/1791/1344 1311/1789/1340
f 2250/1790/1266 1307/1793/1343 1310/1791/1344
f 2251/1792/1266 1304/1795/1371 1307/1793/1343
f 2252/1794/1266 1302/3036/1333 1304/1795/1371
f 1298/1796/1374 1302/3036/1333 2252/1794/1266
f 1299/1798/1367 1298/1796/1374 2253/1797/1266
f 1300/1800/1385 1299/1798/1367 2254/1799/1266
f 1301/1686/1366 1300/1800/1385 2255/1801/1266
f 1288/1672/1360 1301/1686/1366 2256/1802/1266
f 1287/1690/1368 1288/1672/1360 2257/1803/1266
f 1289/1622/1332 1287/1690/1368 2258/1804/1266
f 1290/1716/1381 1289/1622/1332 2259/1805/1266
f 2261/1807/1266 1291/1629/1337 1290/1716/1381
f 2262/1808/1266 1292/1628/1336 1291/1629/1337
f 2263/1809/1266 1293/1685/1355 1292/1628/1336
f 2264/1810/1266 1276/1812/1339 1293/1685/1355
f 2265/1811/1266 1275/1814/1338 1276/1812/1339
f 2266/1813/1266 1277/1816/1357 1275/1814/1338
f 2267/1815/1266 1278/1818/1356 1277/1816/1357
f 2268/1817/1266 1279/3037/1352 1278/1818/1356
f 1273/1819/1387 1279/3037/1352 2268/1817/1266
f 1274/1821/1362 1273/1819/1387 2269/1820/1266
f 1271/1823/1375 1274/1821/1362 2270/1822/1266
f 1270/1825/1351 1271/1823/1375 2271/1824/1266
f 1272/1701/1359 1270/1825/1351 2272/1826/1266
f 1377/1336/897 1314/1243/896 1441/1827/896
f 1376/1335/899 1377/1336/897 1440/1828/897
f 1375/1334/901 1376/1335/899 1439/1829/899
f 1374/1333/903 1375/1334/901 1438/1830/901
f 1373/1332/905 1374/1333/903 1437/1831/903
f 1372/1331/907 1373/1332/905 1436/1832/905
f 1371/1330/909 1372/1331/907 1435/1833/907
f 1370/1329/911 1371/1330/909 1434/1834/909
f 1369/1327/913 1370/1329/911 1433/1835/911
f 1368/1325/915 1369/1327/913 1432/1836/913
f 1367/1323/917 1368/1325/915 1431/1837/915
f 1366/1321/919 1367/1323/917 1430/1838/917
f 1365/1319/921 1366/1321/919 1429/1839/919
f 1364/1317/923 1365/1319/921 1428/1840/921
f 1363/1315/925 1364/1317/923 1427/1841/923
f 1362/1313/927 1363/1315/925 1426/1842/925
f 1361/1311/929 1362/1313/927 1425/1843/927
f 1360/1310/931 1361/1311/929 1424/1844/929
f 1359/1309/933 1360/1310/931 1423/1845/931
f 1358/1308/935 1359/1309/933 1422/1846/933
f 1357/1307/937 1358/1308/935 1421/1847/935
f 1356/1306/939 1357/1307/937 1420/1848/937
f 1355/1305/941 1356/1306/939 1419/1849/939
f 1354/1304/943 1355/1305/941 1418/1850/941
f 1353/1303/945 1354/1304/943 1417/1851/943
f 1352/1302/947 1353/1303/945 1416/1852/945
f 1351/1300/949 1352/1302/947 1415/1853/947
f 1350/1298/951 1351/1300/949 1414/1854/949
f 1349/1296/953 1350/1298/951 1413/1855/951
f 1348/1294/955 1349/1296/953 1412/1856/953
f 1347/1292/957 1348/1294/955 1411/1857/955
f 1346/1290/959 1347/1292/957 1410/1858/957
f 1345/1288/961 1346/1290/959 1409/1859/959
f 1344/1286/963 1345/1288/961 1408/1860/961
f 1343/1284/965 1344/1286/963 1407/1861/963
f 1342/1283/967 1343/1284/965 1406/1862/965
f 1341/1282/969 1342/1283/967 1405/1863/967
f 1340/1281/971 1341/1282/969 1404/1864/969
f 1339/1280/973 1340/1281/971 1403/1865/971
f 1338/1279/975 1339/1280/973 1402/1866/973
f 1337/1278/977 1338/1279/975 1401/1867/975
f 1336/1277/979 1337/1278/977 1400/1868/977
f 1335/1276/754 1336/1277/979 1399/1869/979
f 1334/1274/752 1335/1276/754 1398/1870/754
f 1333/1272/983 1334/1274/752 1397/1871/752
f 1332/1270/985 1333/1272/983 1396/1872/983
f 1331/1267/987 1332/1270/985 1395/1873/985
f 1330/1268/989 1331/1267/987 1394/1874/987
f 1329/1263/991 1330/1265/989 1393/1876/989
f 1328/1261/993 1329/1263/991 1392/1877/991
f 1327/1259/995 1328/1261/993 1391/1878/993
f 1326/1257/997 1327/1259/995 1390/1879/995
f 1325/1256/999 1326/1257/997 1389/1880/997
f 1324/1255/1001 1325/1256/999 1388/1881/999
f 1323/1254/1003 1324/1255/1001 1387/1882/1001
f 1322/1253/1005 1323/1254/1003 1386/1883/1003
f 1321/1252/1007 1322/1253/1005 1385/1884/1005
f 1320/1251/1009 1321/1252/1007 1384/1885/1007
f 1319/1250/1011 1320/1251/1009 1383/1886/1009
f 1318/1249/1013 1319/1250/1011 1382/1887/1011
f 1317/1247/1015 1318/1249/1013 1381/1888/1013
f 1316/1245/1017 1317/1247/1015 1380/1889/1015
f 1315/1242/1019 1316/1245/1017 1379/1890/1017
f 1314/1243/896 1315/1242/1019 1378/1891/1019
f 1441/1892/896 1378/1893/1019 1069/1339/1177
f 1378/1893/1019 1379/1894/1017 1070/635/626
f 1379/1894/1017 1380/1895/1015 1071/649/640
f 1380/1889/1015 1381/1888/1013 1072/1897/644
f 1381/1888/1013 1382/1887/1011 1073/1896/650
f 1382/1898/1011 1383/1899/1009 1074/670/661
f 1383/1899/1009 1384/1900/1007 1075/674/665
f 1384/1900/1007 1385/1901/1005 1076/679/670
f 1385/1901/1005 1386/1902/1003 1077/689/680
f 1386/1902/1003 1387/1903/1001 1078/693/684
f 1387/1903/1001 1388/1904/999 1079/699/690
f 1388/1904/999 1389/1905/997 1080/709/700
f 1389/1905/997 1390/3038/995 1081/713/704
f 1390/1879/995 1391/1878/993 1082/1906/708
f 1391/1908/993 1392/1909/991 1083/725/716
f 1392/1909/991 1393/3039/989 1084/727/718
f 1393/1910/989 1394/1912/987 1085/732/722
f 1394/1912/987 1395/1913/985 1086/740/730
f 1395/1913/985 1396/1914/983 1087/742/732
f 1396/1914/983 1397/1915/752 1088/746/736
f 1397/1915/752 1398/1916/754 1089/754/744
f 1398/1916/754 1399/1917/979 1090/756/746
f 1399/1869/979 1400/1868/977 1091/3040/750
f 1400/1918/977 1401/1919/975 1092/1428/1265
f 1401/1919/975 1402/1920/973 1093/1427/1264
f 1402/1920/973 1403/1921/971 1094/1425/1262
f 1403/1921/971 1404/1922/969 1095/1422/1259
f 1404/1922/969 1405/1923/967 1096/1417/1254
f 1405/1923/967 1406/1924/965 1097/1410/1247
f 1406/1924/965 1407/1925/963 1098/1411/1248
f 1407/1861/963 1408/1860/961 1099/1927/1244
f 1408/1860/961 1409/1859/959 1100/1926/1241
f 1409/1928/959 1410/1929/957 1101/1401/1238
f 1410/1929/957 1411/1930/955 1102/1399/1236
f 1411/1930/955 1412/1931/953 1103/1397/1234
f 1412/1931/953 1413/1932/951 1104/1388/1225
f 1413/1932/951 1414/3041/949 1105/1386/1223
f 1414/1854/949 1415/1853/947 1106/1933/1220
f 1415/1853/947 1416/1852/945 1107/1935/1216
f 1416/1852/945 1417/1851/943 1108/1938/1214
f 1417/1851/943 1418/1850/941 1109/1937/1208
f 1418/1850/941 1419/1849/939 1110/1939/1209
f 1419/1849/939 1420/1848/937 1111/1940/1207
f 1420/1848/937 1421/1847/935 1112/1941/1205
f 1421/1847/935 1422/1846/933 1113/1942/1198
f 1422/1846/933 1423/1845/931 1114/1943/1195
f 1423/1944/931 1424/1945/929 1115/1358/1196
f 1424/1945/929 1425/1946/927 1116/1356/1194
f 1425/1946/927 1426/1947/925 1117/1350/1188
f 1426/1947/925 1427/1948/923 1118/1351/1189
f 1427/1948/923 1428/1949/921 1119/1347/1185
f 1428/1949/921 1429/1950/919 1120/1338/1176
f 1429/1950/919 1430/1951/917 1121/641/632
f 1430/1951/917 1431/1952/915 1122/642/633
f 1431/1952/915 1432/1953/913 1123/651/642
f 1432/1953/913 1433/1954/911 1124/656/647
f 1433/1954/911 1434/1955/909 1125/664/655
f 1434/1955/909 1435/1956/907 1126/671/662
f 1435/1956/907 1436/1957/905 1127/675/666
f 1436/1957/905 1437/1958/903 1128/683/674
f 1437/1958/903 1438/1959/901 1129/691/682
f 1438/1959/901 1439/1960/899 1130/696/687
f 1439/1960/899 1440/1961/897 1131/704/695
f 1440/1961/897 1441/1892/896 1006/712/703
f 1569/1962/1394 1507/1994/1416 1473/761/751
f 1568/1963/1395 1569/1962/1394 1505/1426/1263
f 1567/1964/1396 1568/1963/1395 1504/1424/1261
f 1567/1964/1396 1503/1421/1258 1502/1419/1256
f 1566/1965/1256 1502/1419/1256 1501/1420/1257
f 1565/1966/1257 1501/1420/1257 1500/1416/1253
f 1564/1967/1397 1500/1416/1253 1499/1406/1243
f 1563/1968/1398 1499/1406/1243 1498/1403/1240
f 1562/1969/1240 1498/1403/1240 1497/1400/1237
f 1561/1970/1237 1497/1400/1237 1496/1398/1235
f 1560/1971/1235 1496/1398/1235 1495/1396/1233
f 1559/1972/1399 1495/1396/1233 1494/1390/1227
f 1557/1974/1401 1558/1973/1400 1494/1390/1227
f 1556/1975/1224 1557/1974/1401 1493/1391/1228
f 1556/1975/1224 1492/1387/1224 1491/1385/1222
f 1555/1976/1402 1491/1385/1222 1490/1381/1219
f 1554/1977/1219 1490/1381/1219 1489/1377/1215
f 1553/1978/1403 1489/1377/1215 1488/1375/1213
f 1552/1979/1404 1488/1375/1213 1487/1368/1206
f 1551/1980/1405 1487/1368/1206 1486/1366/1204
f 1550/1981/1204 1486/1366/1204 1485/1361/1199
f 1548/1983/1200 1549/1982/1406 1485/1361/1199
f 1547/1984/1407 1548/1983/1200 1484/1362/1200
f 1546/1985/1408 1547/1984/1407 1483/1359/1197
f 1546/1985/1408 1482/1355/1193 1481/1352/1190
f 1545/1986/1409 1481/1352/1190 1480/1353/1191
f 1544/1987/1410 1480/1353/1191 1479/1346/1184
f 1542/1989/1178 1543/1988/1411 1479/1346/1184
f 1541/1990/1412 1542/1989/1178 1478/1340/1178
f 1540/1991/1413 1506/2005/1425 1461/711/702
f 1541/1990/1412 1477/1341/1179 1475/1337/1175
f 1538/1993/1415 1474/757/747 1473/761/751
f 1537/1995/745 1472/755/745 1474/757/747
f 1536/1996/1417 1471/747/737 1472/755/745
f 1535/1997/1418 1470/743/733 1471/747/737
f 1534/1998/1419 1469/741/731 1470/743/733
f 1533/1999/1420 1468/733/723 1469/741/731
f 1532/2000/1421 1467/731/719 1468/733/723
f 1532/2001/1421 1531/2002/1422 1466/726/717
f 1531/2002/1422 1530/2003/1423 1465/718/709
f 1530/2003/1423 1529/2004/1424 1464/714/705
f 1529/2004/1424 1528/2006/1426 1463/710/701
f 1506/2005/1425 1527/2007/1427 1462/703/694
f 1528/2006/1426 1526/2009/1429 1460/700/691
f 1527/2007/1427 1525/2010/1430 1459/695/686
f 1524/2008/1428 1458/694/685 1460/700/691
f 1525/2010/1430 1523/2012/1432 1457/692/683
f 1522/2011/1431 1456/690/681 1458/694/685
f 1523/2012/1432 1521/2014/1434 1455/684/675
f 1520/2013/1433 1454/680/671 1456/690/681
f 1521/2014/1434 1519/2017/1436 1453/676/667
f 1518/2015/664 1452/673/664 1454/680/671
f 1517/2016/1435 1451/672/663 1453/676/667
f 1516/2018/1437 1450/669/660 1452/673/664
f 1515/2019/1438 1449/663/654 1451/672/663
f 1516/2018/1437 1514/2021/1440 1448/660/651
f 1513/2020/1439 1447/655/646 1449/663/654
f 1514/2021/1440 1512/2023/1442 1446/654/645
f 1513/2020/1439 1511/2025/643 1445/652/643
f 1510/2022/1441 1444/650/641 1446/654/645
f 1509/2024/1443 1443/640/631 1445/652/643
f 1508/2026/1444 1442/636/627 1444/650/641
f 1509/2024/1443 1539/1992/1414 1475/1337/1175
f 1540/1991/1413 1476/634/625 1442/636/627
f 813/1039/1018 1540/1991/1413 1508/2026/1444
f 866/930/914 865/932/916 1539/1992/1414
f 814/1037/1016 1508/2026/1444 1510/2022/1441
f 866/930/914 1509/2024/1443 1511/2025/643
f 816/1033/1012 815/1035/1014 1510/2022/1441
f 868/926/910 867/928/912 1511/2025/643
f 817/1031/1010 816/1033/1012 1512/2023/1442
f 869/924/908 868/926/910 1513/2020/1439
f 817/1031/1010 1514/2021/1440 1516/2018/1437
f 869/924/908 1515/2019/1438 1517/2016/1435
f 818/1029/1008 1516/2018/1437 1518/2015/664
f 871/920/904 870/922/906 1517/2016/1435
f 819/1027/1006 1518/2015/664 1520/2013/1433
f 871/920/904 1519/2017/1436 1521/2014/1434
f 821/1023/1002 820/1025/1004 1520/2013/1433
f 873/916/900 872/918/902 1521/2014/1434
f 821/1023/1002 1522/2011/1431 1524/2008/1428
f 874/914/898 873/916/900 1523/2012/1432
f 822/1021/1000 1524/2008/1428 1526/2009/1429
f 874/914/898 1525/2010/1430 1527/2007/1427
f 824/1017/996 823/1019/998 1526/2009/1429
f 875/911/895 1527/2007/1427 1506/2005/1425
f 824/1017/996 1528/2006/1426 1529/2004/1424
f 825/1015/994 1529/2004/1424 1530/2003/1423
f 826/1013/992 1530/2003/1423 1531/2002/1422
f 827/1010/990 1531/2002/1422 1532/2001/1421
f 828/1008/988 1532/2000/1421 1533/1999/1420
f 829/1006/986 1533/1999/1420 1534/1998/1419
f 830/1004/984 1534/1998/1419 1535/1997/1418
f 832/1000/981 831/1002/982 1535/1997/1418
f 833/998/980 832/1000/981 1536/1996/1417
f 833/998/980 1537/1995/745 1538/1993/1415
f 835/994/976 834/996/978 1538/1993/1415
f 864/934/918 1541/1990/1412 1539/1992/1414
f 813/1039/1018 812/1041/1020 1506/2005/1425
f 864/934/918 863/936/920 1542/1989/1178
f 862/938/922 1543/1988/1411 1542/1989/1178
f 861/940/924 1544/1987/1410 1543/1988/1411
f 861/940/924 860/942/926 1545/1986/1409
f 859/944/928 1546/1985/1408 1545/1986/1409
f 858/946/930 1547/1984/1407 1546/1985/1408
f 857/948/932 1548/1983/1200 1547/1984/1407
f 857/948/932 856/950/934 1549/1982/1406
f 855/952/936 1550/1981/1204 1549/1982/1406
f 855/952/936 854/954/938 1551/1980/1405
f 853/956/940 1552/1979/1404 1551/1980/1405
f 852/958/942 1553/1978/1403 1552/1979/1404
f 851/960/944 1554/1977/1219 1553/1978/1403
f 850/2028/946 1555/1976/1402 1554/1977/1219
f 850/2028/946 849/2029/948 1556/1975/1224
f 848/967/950 1557/1974/1401 1556/1975/1224
f 848/967/950 847/970/952 1558/1973/1400
f 846/972/954 1559/1972/1399 1558/1973/1400
f 845/974/956 1560/1971/1235 1559/1972/1399
f 844/976/958 1561/1970/1237 1560/1971/1235
f 843/978/960 1562/1969/1240 1561/1970/1237
f 842/980/962 1563/1968/1398 1562/1969/1240
f 842/980/962 841/982/964 1564/1967/1397
f 841/982/964 840/984/966 1565/1966/1257
f 839/986/968 1566/1965/1256 1565/1966/1257
f 838/988/970 1567/1964/1396 1566/1965/1256
f 838/988/970 837/990/972 1568/1963/1395
f 836/992/974 1569/1962/1394 1568/1963/1395
f 835/994/976 1507/1994/1416 1569/1962/1394
f 1633/2030/959 1634/2032/957 1570/2033/957
f 1570/2033/957 1635/2034/955 1571/2035/955
f 1571/2035/955 1636/2036/953 1572/2037/953
f 1572/2037/953 1637/2038/951 1573/2039/951
f 1573/2039/951 1638/2040/949 1574/2041/949
f 1574/2041/949 1639/2042/947 1575/2043/947
f 1575/2043/947 1640/2044/945 1576/2045/945
f 1576/2045/945 1641/2046/943 1577/2047/943
f 1577/2047/943 1642/2048/941 1578/2049/941
f 1578/2049/941 1643/2050/939 1579/2051/939
f 1579/2051/939 1644/2052/937 1580/2053/937
f 1580/2053/937 1645/2054/935 1581/2055/935
f 1581/2055/935 1646/2056/933 1582/2057/933
f 1582/2057/933 1647/2058/931 1583/2059/931
f 1583/2059/931 1648/2060/929 1584/2061/929
f 1584/2061/929 1649/2062/927 1585/3042/927
f 1585/2063/927 1650/2065/925 1586/2066/925
f 1586/2066/925 1651/2067/923 1587/2068/923
f 1587/2068/923 1652/2069/921 1588/2070/921
f 1588/2070/921 1653/2071/919 1589/2072/919
f 1589/2072/919 1654/2073/917 1590/2074/917
f 1590/2074/917 1655/2075/915 1591/2076/915
f 1591/2076/915 1656/2077/913 1592/2078/913
f 1592/2078/913 1657/2079/911 1593/2080/911
f 1593/2080/911 1658/2081/909 1594/2082/909
f 1594/2082/909 1659/2083/907 1595/2084/907
f 1595/2084/907 1660/2085/905 1596/2086/905
f 1596/2086/905 1661/2087/903 1597/2088/903
f 1597/2088/903 1662/2089/901 1598/2090/901
f 1598/2090/901 1663/2091/899 1599/2092/899
f 1599/2092/899 1664/2093/897 1600/2094/897
f 1600/2094/897 1665/2095/896 1601/2096/896
f 1601/2096/896 1666/2097/1019 1602/2098/1019
f 1602/2098/1019 1667/2099/1017 1603/2100/1017
f 1603/2100/1017 1668/2101/1015 1604/2102/1015
f 1604/2102/1015 1669/2103/1013 1605/2104/1013
f 1605/2104/1013 1670/2105/1011 1606/2106/1011
f 1606/2106/1011 1671/2107/1009 1607/2108/1009
f 1607/2108/1009 1672/2109/1007 1608/2110/1007
f 1608/2110/1007 1673/2111/1005 1609/2112/1005
f 1609/2112/1005 1674/2113/1003 1610/2114/1003
f 1610/2114/1003 1675/2115/1001 1611/2116/1001
f 1611/2116/1001 1676/2117/999 1612/2118/999
f 1612/2118/999 1677/2119/997 1613/2120/997
f 1613/2120/997 1678/2121/995 1614/2122/995
f 1614/2122/995 1679/2123/993 1615/2124/993
f 1615/2124/993 1680/2125/991 1616/2126/991
f 1616/2126/991 1681/2127/989 1617/2128/989
f 1617/2128/989 1682/2129/987 1618/2130/987
f 1618/2130/987 1683/2131/985 1619/2132/985
f 1619/2132/985 1684/2133/983 1620/2134/983
f 1620/2134/983 1685/2135/752 1621/2136/752
f 1621/2136/752 1686/2137/754 1622/2138/754
f 1622/2138/754 1687/2139/979 1623/2140/979
f 1623/2140/979 1688/2141/977 1624/2142/977
f 1624/2142/977 1689/2143/975 1625/2144/975
f 1625/2144/975 1690/2145/973 1626/2146/973
f 1626/2146/973 1691/2147/971 1627/2148/971
f 1627/2148/971 1692/2149/969 1628/2150/969
f 1628/2150/969 1693/2151/967 1629/2152/967
f 1629/2152/967 1694/2153/965 1630/2154/965
f 1630/2154/965 1695/2155/963 1631/2156/963
f 1631/2156/963 1696/2157/961 1632/2158/961
f 1632/2158/961 1697/2031/959 1633/2030/959
f 1696/2159/897 1697/2287/896 748/2160/1445
f 1695/2162/899 1696/2159/897 811/2161/1446
f 1694/2164/901 1695/2162/899 810/2163/1447
f 1693/2166/903 1694/2164/901 809/2165/1448
f 1692/2168/905 1693/2166/903 808/2167/1449
f 1691/2170/907 1692/2168/905 807/2169/1450
f 1690/2172/909 1691/2170/907 806/2171/1451
f 1689/2174/911 1690/2172/909 805/2173/1452
f 1688/2176/913 1689/2174/911 804/2175/1453
f 1687/2178/915 1688/2176/913 803/2177/1454
f 1686/2180/917 1687/2178/915 802/2179/1455
f 1685/2182/919 1686/2180/917 801/2181/1456
f 1684/2184/921 1685/2182/919 800/2183/1457
f 1683/2186/923 1684/2184/921 799/2185/1458
f 1682/2188/925 1683/2186/923 798/2187/1459
f 1681/2190/927 1682/2188/925 797/2189/1460
f 1680/2192/929 1681/2190/927 796/2191/1461
f 1679/2194/931 1680/2192/929 795/2193/1462
f 1678/2196/933 1679/2194/931 794/2195/1463
f 1677/2198/935 1678/2196/933 793/2197/1464
f 1676/2200/937 1677/2198/935 792/2199/1465
f 1675/2202/939 1676/2200/937 791/2201/1466
f 1674/2204/941 1675/2202/939 790/2203/1467
f 1673/2206/943 1674/2204/941 789/2205/1468
f 1672/2208/945 1673/2206/943 788/2207/1469
f 1671/2210/947 1672/2208/945 787/2209/1470
f 1670/2212/949 1671/2210/947 786/2211/1471
f 1669/2214/951 1670/2212/949 785/2213/1472
f 1668/2216/953 1669/2214/951 784/2215/1473
f 1667/2218/955 1668/2216/953 783/2217/1474
f 1666/2220/957 1667/2218/955 782/2219/1475
f 1665/2222/959 1666/2220/957 781/2221/1476
f 1664/2224/961 1665/2222/959 780/2223/1477
f 1663/2226/963 1664/2224/961 779/2225/1478
f 1662/2228/965 1663/2226/963 778/2227/1479
f 1661/2230/967 1662/2228/965 777/2229/1480
f 1660/2232/969 1661/2230/967 776/2231/1481
f 1659/2234/971 1660/2232/969 775/2233/1482
f 1658/2236/973 1659/2234/971 774/2235/1483
f 1657/2238/975 1658/2236/973 773/2237/1484
f 1656/2240/977 1657/2238/975 772/2239/1485
f 1655/2242/979 1656/2240/977 771/2241/1486
f 1654/2244/754 1655/2242/979 770/2243/1487
f 1653/2246/752 1654/2244/754 769/2245/1488
f 1652/2248/983 1653/2246/752 768/2247/1489
f 1651/2250/985 1652/2248/983 767/2249/1490
f 1650/2252/987 1651/2250/985 766/2251/1491
f 1649/2254/989 1650/2252/987 765/2253/1492
f 1648/2256/991 1649/3043/989 764/2257/1493
f 1647/2259/993 1648/2256/991 763/2258/1494
f 1646/2261/995 1647/2259/993 762/2260/1495
f 1645/2263/997 1646/2261/995 761/2262/1496
f 1644/2265/999 1645/2263/997 760/2264/1497
f 1643/2267/1001 1644/2265/999 759/2266/1498
f 1642/2269/1003 1643/2267/1001 758/2268/1499
f 1641/2271/1005 1642/2269/1003 757/2270/1500
f 1640/2273/1007 1641/2271/1005 756/2272/1501
f 1639/2275/1009 1640/2273/1007 755/2274/1502
f 1638/2277/1011 1639/2275/1009 754/2276/1503
f 1637/2279/1013 1638/2277/1011 753/2278/1504
f 1636/2281/1015 1637/2279/1013 752/2280/1505
f 1635/2283/1017 1636/2281/1015 751/2282/1506
f 1634/2285/1019 1635/2283/1017 750/2284/1507
f 1697/2287/896 1634/2285/1019 749/2286/1508
f 799/2185/1458 1761/2290/1140 1724/2288/1509
f 799/2185/1458 800/2183/1457 1760/2289/1510
f 749/2286/1508 1759/2292/1135 1737/2291/1085
f 801/2181/1456 1758/2293/1132 1760/2289/1510
f 750/2284/1507 1757/2294/1129 1759/2292/1135
f 802/2179/1455 1756/2296/1128 1758/2293/1132
f 751/2282/1506 1755/2297/1511 1757/2294/1129
f 802/2179/1455 803/2177/1454 1754/2295/1126
f 752/2280/1505 1753/2299/1121 1755/2297/1511
f 803/2177/1454 804/2175/1453 1752/2298/1118
f 753/2278/1504 1751/2301/1115 1753/2299/1121
f 804/2175/1453 805/2173/1452 1750/2300/1114
f 754/2276/1503 1749/2303/1113 1751/2301/1115
f 806/2171/1451 1748/2305/1112 1750/2300/1114
f 754/2276/1503 755/2274/1502 1747/2302/1107
f 806/2171/1451 807/2169/1450 1746/2304/1104
f 756/2272/1501 1745/2306/1101 1747/2302/1107
f 808/2167/1449 1744/2307/1100 1746/2304/1104
f 757/2270/1500 1743/2309/1099 1745/2306/1101
f 809/2165/1448 1742/2310/1512 1744/2307/1100
f 757/2270/1500 758/2268/1499 1741/2308/1095
f 810/2163/1447 1740/2312/1092 1742/2310/1512
f 759/2266/1498 1739/2313/1087 1741/2308/1095
f 810/2163/1447 811/2161/1446 1738/2311/1086
f 760/2264/1497 1736/2315/1514 1739/2313/1087
f 748/2160/1445 1737/2291/1085 1738/2311/1086
f 760/2264/1497 761/2262/1496 1735/2314/1513
f 762/2260/1495 1734/2317/1516 1735/2314/1513
f 762/2260/1495 763/2258/1494 1733/2316/1515
f 764/2257/1493 1732/2352/1517 1733/2316/1515
f 765/2253/1492 1731/2319/1518 1732/2318/1517
f 766/2251/1491 1730/2320/1519 1731/2319/1518
f 767/2249/1490 1729/2321/1520 1730/2320/1519
f 768/2247/1489 1728/2323/1522 1729/2321/1520
f 768/2247/1489 769/2245/1488 1727/2322/1521
f 770/2243/1487 1726/2351/1548 1727/2322/1521
f 797/2189/1460 798/2187/1459 1724/2288/1509
f 796/2191/1461 797/2189/1460 1723/2324/1523
f 796/2191/1461 1722/2325/1524 1721/2326/1525
f 795/2193/1462 1721/2326/1525 1720/2327/1526
f 794/2195/1463 1720/2327/1526 1719/2328/1527
f 792/2199/1465 793/2197/1464 1719/2328/1527
f 791/2201/1466 792/2199/1465 1718/2329/1528
f 791/2201/1466 1717/2330/1529 1716/2331/1530
f 789/2205/1468 790/2203/1467 1716/2331/1530
f 789/2205/1468 1715/2332/1531 1714/2333/1532
f 788/2207/1469 1714/2333/1532 1713/2334/1533
f 786/2211/1471 787/2209/1470 1713/2334/1533
f 785/2213/1472 786/2211/1471 1712/2335/1534
f 785/2213/1472 1711/2336/1535 1710/2337/1536
f 783/2217/1474 784/2215/1473 1710/2337/1536
f 783/2217/1474 1709/2338/821 1708/2339/1537
f 781/2221/1476 782/2219/1475 1708/2339/1537
f 780/2223/1477 781/2221/1476 1707/2340/1538
f 780/2223/1477 1706/2341/1539 1705/2342/1540
f 779/2225/1478 1705/2342/1540 1704/2343/1541
f 778/2227/1479 1704/2343/1541 1703/2344/795
f 777/2229/1480 1703/2344/795 1702/2345/1542
f 776/2231/1481 1702/2345/1542 1701/2346/1543
f 775/2233/1482 1701/2346/1543 1700/2347/1544
f 774/2235/1483 1700/2347/1544 1699/2348/1545
f 772/2239/1485 773/2237/1484 1699/2348/1545
f 772/2239/1485 1698/2349/1546 1725/2350/1547
f 771/2241/1486 1725/2350/1547 1726/2351/1548
f 1761/2290/1140 1825/1236/1140 1762/909/893
f 1760/2289/1510 1824/1235/1139 1825/1236/1140
f 1759/2292/1135 1823/1230/1135 1763/1177/1085
f 1758/2293/1132 1822/1227/1132 1824/1235/1139
f 1759/2292/1135 1757/2294/1129 1821/1224/1129
f 1758/2293/1132 1756/2296/1128 1820/1223/1128
f 1755/2297/1511 1819/1222/1127 1821/1224/1129
f 1754/2295/1126 1818/1221/1126 1820/1223/1128
f 1753/2299/1121 1817/1215/1121 1819/1222/1127
f 1752/2298/1118 1816/1212/1118 1818/1221/1126
f 1751/2301/1115 1815/1209/1115 1817/1215/1121
f 1752/2298/1118 1750/2300/1114 1814/1208/1114
f 1749/2303/1113 1813/1207/1113 1815/1209/1115
f 1750/2300/1114 1748/2305/1112 1812/1206/1112
f 1747/2302/1107 1811/1201/1107 1813/1207/1113
f 1746/2304/1104 1810/1197/1104 1812/1206/1112
f 1745/2306/1101 1809/1194/1101 1811/1201/1107
f 1744/2307/1100 1808/1193/1100 1810/1197/1104
f 1743/2309/1099 1807/1192/1099 1809/1194/1101
f 1742/2310/1512 1806/1191/1098 1808/1193/1100
f 1743/2309/1099 1741/2308/1095 1805/1187/1095
f 1740/2312/1092 1804/1184/1092 1806/1191/1098
f 1741/2308/1095 1739/2313/1087 1803/1179/1087
f 1738/2311/1086 1802/1178/1086 1804/1184/1092
f 1736/2315/1514 1801/1176/1084 1803/1179/1087
f 1737/2291/1085 1763/1177/1085 1802/1178/1086
f 1735/2314/1513 1800/1172/1081 1801/1176/1084
f 1734/2317/1516 1799/1166/1076 1800/1172/1081
f 1733/2316/1515 1798/1165/1075 1799/1166/1076
f 1732/2352/1517 1797/1164/1072 1798/1165/1075
f 1731/2319/1518 1796/1154/1067 1797/1161/1072
f 1731/2319/1518 1730/2320/1519 1795/1153/1066
f 1730/2320/1519 1729/2321/1520 1794/1150/1063
f 1729/2321/1520 1728/2323/1522 1793/1144/1058
f 1727/2322/1521 1792/1143/1057 1793/1144/1058
f 1726/2351/1548 1791/775/765 1792/1143/1057
f 1724/2288/1509 1762/909/893 1789/905/889
f 1723/2324/1523 1789/905/889 1788/901/885
f 1722/2325/1524 1788/901/885 1787/902/886
f 1721/2326/1525 1787/902/886 1786/890/875
f 1720/2327/1526 1786/890/875 1785/886/871
f 1719/2328/1527 1785/886/871 1784/878/863
f 1717/2330/1529 1718/2329/1528 1784/878/863
f 1716/2331/1530 1717/2330/1529 1783/876/861
f 1716/2331/1530 1782/872/857 1781/873/858
f 1715/2332/1531 1781/873/858 1780/862/847
f 1713/2334/1533 1714/2333/1532 1780/862/847
f 1713/2334/1533 1779/857/843 1778/849/835
f 1712/2335/1534 1778/849/835 1777/847/833
f 1711/2336/1535 1777/847/833 1776/848/834
f 1709/2338/821 1710/2337/1536 1776/848/834
f 1708/2339/1537 1709/2338/821 1775/834/821
f 1707/2340/1538 1708/2339/1537 1774/835/822
f 1707/2340/1538 1773/828/815 1772/818/807
f 1705/2342/1540 1706/2341/1539 1772/818/807
f 1705/2342/1540 1771/819/808 1770/812/801
f 1704/2343/1541 1770/812/801 1769/805/795
f 1702/2345/1542 1703/2344/795 1769/805/795
f 1701/2346/1543 1702/2345/1542 1768/801/791
f 1700/2347/1544 1701/2346/1543 1767/796/786
f 1699/2348/1545 1700/2347/1544 1766/790/780
f 1699/2348/1545 1765/791/781 1764/784/774
f 1698/2349/1546 1764/784/774 1790/785/775
f 1726/2351/1548 1725/2350/1547 1790/785/775
f 1889/2353/896 1826/2356/1019 1890/2354/1019
f 1826/2356/1019 1827/2358/1017 1891/2357/1017
f 1827/2358/1017 1828/2360/1015 1892/2359/1015
f 1828/2360/1015 1829/2362/1013 1893/2361/1013
f 1829/2362/1013 1830/2364/1011 1894/2363/1011
f 1830/2364/1011 1831/2366/1009 1895/2365/1009
f 1831/2366/1009 1832/2368/1007 1896/2367/1007
f 1832/2368/1007 1833/2370/1005 1897/2369/1005
f 1833/2370/1005 1834/2372/1003 1898/2371/1003
f 1834/2372/1003 1835/2374/1001 1899/2373/1001
f 1835/2374/1001 1836/2376/999 1900/2375/999
f 1836/2376/999 1837/2378/997 1901/2377/997
f 1837/2378/997 1838/2380/995 1902/2379/995
f 1838/2380/995 1839/2382/993 1903/2381/993
f 1839/2382/993 1840/2384/991 1904/2383/991
f 1840/2384/991 1841/3044/989 1905/2385/989
f 1841/2386/989 1842/2389/987 1906/2387/987
f 1842/2389/987 1843/2391/985 1907/2390/985
f 1843/2391/985 1844/2393/983 1908/2392/983
f 1844/2393/983 1845/2395/752 1909/2394/752
f 1845/2395/752 1846/2397/754 1910/2396/754
f 1846/2397/754 1847/2399/979 1911/2398/979
f 1847/2399/979 1848/2401/977 1912/2400/977
f 1848/2401/977 1849/2403/975 1913/2402/975
f 1849/2403/975 1850/2405/973 1914/2404/973
f 1850/2405/973 1851/2407/971 1915/2406/971
f 1851/2407/971 1852/2409/969 1916/2408/969
f 1852/2409/969 1853/2411/967 1917/2410/967
f 1853/2411/967 1854/2413/965 1918/2412/965
f 1854/2413/965 1855/2415/963 1919/2414/963
f 1855/2415/963 1856/2417/961 1920/2416/961
f 1856/2417/961 1857/2419/959 1921/2418/959
f 1857/2419/959 1858/2421/957 1922/2420/957
f 1858/2421/957 1859/2423/955 1923/2422/955
f 1859/2423/955 1860/2425/953 1924/2424/953
f 1860/2425/953 1861/2427/951 1925/2426/951
f 1861/2427/951 1862/2429/949 1926/2428/949
f 1862/2429/949 1863/2431/947 1927/2430/947
f 1863/2431/947 1864/2433/945 1928/2432/945
f 1864/2433/945 1865/2435/943 1929/2434/943
f 1865/2435/943 1866/2437/941 1930/2436/941
f 1866/2437/941 1867/2439/939 1931/2438/939
f 1867/2439/939 1868/2441/937 1932/2440/937
f 1868/2441/937 1869/2443/935 1933/2442/935
f 1869/2443/935 1870/2445/933 1934/2444/933
f 1870/2445/933 1871/2447/931 1935/2446/931
f 1871/2447/931 1872/2449/929 1936/2448/929
f 1872/2449/929 1873/2451/927 1937/2450/927
f 1873/2451/927 1874/2453/925 1938/2452/925
f 1874/2453/925 1875/2455/923 1939/2454/923
f 1875/2455/923 1876/2457/921 1940/2456/921
f 1876/2457/921 1877/2459/919 1941/2458/919
f 1877/2459/919 1878/2461/917 1942/2460/917
f 1878/2461/917 1879/2463/915 1943/2462/915
f 1879/2463/915 1880/2465/913 1944/2464/913
f 1880/2465/913 1881/2467/911 1945/2466/911
f 1881/2467/911 1882/2469/909 1946/2468/909
f 1882/2469/909 1883/2471/907 1947/2470/907
f 1883/2471/907 1884/2473/905 1948/2472/905
f 1884/2473/905 1885/2475/903 1949/2474/903
f 1885/2475/903 1886/2477/901 1950/2476/901
f 1886/2477/901 1887/2479/899 1951/2478/899
f 1887/2479/899 1888/2481/897 1952/2480/897
f 1888/2481/897 1889/2353/896 1953/2355/896
f 1952/2480/897 1953/2355/896 876/2482/790
f 1951/2478/899 1952/2480/897 1001/2483/789
f 1950/3045/901 1951/3046/899 999/831/818
f 1949/2485/903 1950/3045/901 997/830/817
f 1948/2486/905 1949/2485/903 995/860/832
f 1947/2487/907 1948/2486/905 993/875/860
f 1946/2488/909 1947/2487/907 991/874/859
f 1945/2489/911 1946/2488/909 989/889/874
f 1944/2490/913 1945/2489/911 987/1237/1141
f 1943/2491/915 1944/2490/913 985/1226/1131
f 1942/2460/917 1943/2462/915 983/2492/1117
f 1941/2458/919 1942/2460/917 981/2493/1102
f 1940/2456/921 1941/2458/919 979/2494/1089
f 1939/2454/923 1940/2456/921 977/2495/1078
f 1938/2452/925 1939/2454/923 975/2496/1068
f 1937/2450/927 1938/2452/925 973/1146/1059
f 1936/2448/929 1937/2450/927 971/2497/772
f 1935/2446/931 1936/2448/929 969/2498/785
f 1934/2444/933 1935/2446/931 967/810/800
f 1933/2442/935 1934/2444/933 965/2499/814
f 1932/2440/937 1933/2442/935 963/2500/828
f 1931/2438/939 1932/2440/937 961/2501/842
f 1930/2503/941 1931/3047/939 959/871/856
f 1929/2434/943 1930/2436/941 957/3048/855
f 1928/2432/945 1929/2434/943 955/3049/884
f 1927/2430/947 1928/2432/945 953/3050/883
f 1926/2507/949 1927/2506/947 951/1228/1133
f 1925/2508/951 1926/2507/949 949/1213/1119
f 1924/2424/953 1925/2426/951 947/2509/1105
f 1923/2422/955 1924/2424/953 945/1185/1093
f 1922/2420/957 1923/2422/955 943/1170/1079
f 1921/2418/959 1922/2420/957 941/2510/1070
f 1920/2416/961 1921/2418/959 939/1148/1061
f 1919/2414/963 1920/2416/961 937/780/770
f 1918/2412/965 1919/2414/963 935/779/769
f 1917/2410/967 1918/2412/965 933/808/798
f 1916/2408/969 1917/2410/967 931/2511/812
f 1915/2406/971 1916/2408/969 929/2512/811
f 1914/2404/973 1915/2406/971 927/2513/826
f 1913/2402/975 1914/2404/973 925/2514/854
f 1912/2400/977 1913/2402/975 923/2515/868
f 1911/2398/979 1912/2400/977 921/898/867
f 1910/2396/754 1911/2398/979 919/897/882
f 1909/2394/752 1910/2396/754 917/3026/1137
f 1908/2392/983 1909/2394/752 915/1217/1122
f 1907/2390/985 1908/2392/983 913/2518/1109
f 1906/2387/987 1907/2390/985 911/2519/1096
f 1905/2388/989 1906/2387/987 909/1174/1082
f 1904/2383/991 1905/2385/989 907/3051/1073
f 1903/2522/993 1904/2521/991 905/1151/1064
f 1902/2523/995 1903/2522/993 903/773/763
f 1901/2524/997 1902/2523/995 901/789/779
f 1900/2525/999 1901/2524/997 899/804/794
f 1899/2526/1001 1900/2525/999 897/821/810
f 1898/2527/1003 1899/2526/1001 895/837/824
f 1897/2528/1005 1898/2527/1003 893/836/823
f 1896/2529/1007 1897/2528/1005 891/867/852
f 1895/2530/1009 1896/2529/1007 889/881/866
f 1894/2531/1011 1895/2530/1009 887/893/878
f 1893/2532/1013 1894/2531/1011 885/892/877
f 1892/2533/1015 1893/2532/1013 883/1234/1138
f 1891/2357/1017 1892/2359/1015 881/2534/1125
f 1890/2354/1019 1891/2357/1017 879/2535/1110
f 1953/2355/896 1890/2354/1019 877/2536/1090
f 664/2537/1549 662/2547/1556 2017/2538/1136
f 696/2540/1550 2016/2549/1134 1986/2541/1142
f 730/2543/1552 2015/1225/1130 1988/903/887
f 626/2545/1554 2014/1219/1124 1990/907/891
f 662/2547/1556 660/2552/1559 2013/1218/1123
f 696/2540/1550 694/3052/1560 2012/2548/1120
f 728/2550/1557 2011/1210/1116 2015/1225/1130
f 626/2545/1554 624/2556/1563 2010/1205/1111
f 658/2551/1558 2009/1216/1108 2013/1218/1123
f 694/2553/1560 692/2559/1566 2008/1200/1106
f 726/2554/1561 2007/1196/1103 2011/1210/1116
f 622/2555/1562 2004/1183/1091 2010/1205/1111
f 656/2557/1564 2006/2560/1097 2009/1216/1108
f 690/2558/1565 2005/1198/1094 2008/1200/1106
f 726/2554/1561 724/2563/1568 2003/1180/1088
f 656/2557/1564 654/2565/1570 2002/1175/1083
f 688/2561/1567 2001/1171/1080 2005/1186/1094
f 622/2555/1562 620/2617/1607 1957/798/788
f 724/2563/1568 722/2567/1572 2000/1167/1077
f 652/2564/1569 1999/1173/1074 2002/1175/1083
f 686/2566/1571 1998/1169/1071 2001/1171/1080
f 722/2567/1572 720/2572/1576 1997/1157/1069
f 650/2568/1573 1996/1152/1065 1999/1163/1074
f 684/2570/1574 1995/1149/1062 1998/1169/1071
f 718/2571/1575 1994/1155/1060 1997/1157/1069
f 648/2573/1577 1993/774/764 1996/1152/1065
f 682/2574/759 1992/778/768 1995/1149/1062
f 716/2575/1578 1991/1145/773 1994/1147/1060
f 628/2546/1555 1990/907/891 1989/908/892
f 732/2544/1553 1988/903/887 1987/904/888
f 698/3053/1551 1986/1238/1142 1985/884/869
f 664/2537/1549 1984/2539/1143 1983/896/881
f 632/2582/1583 630/2577/1579 1989/908/892
f 736/3054/1584 734/2578/1580 1987/904/888
f 700/3055/1581 1985/884/869 1980/885/870
f 666/2581/1582 1983/896/881 1979/2588/853
f 634/2590/1587 632/2582/1583 1982/880/865
f 738/2591/1588 736/3054/1584 1981/888/873
f 704/2592/1589 702/2587/1585 1980/2586/870
f 670/3056/1590 668/2589/1586 1979/2588/853
f 634/2590/1587 1978/866/851 1974/851/837
f 740/2596/1592 738/2591/1588 1977/859/845
f 704/2592/1589 1976/2593/841 1972/3057/827
f 672/2599/1594 670/2594/1590 1975/853/839
f 638/2600/1595 636/2595/1591 1974/851/837
f 742/3058/1596 740/2596/1592 1973/861/846
f 708/2603/1597 706/2598/1593 1972/840/827
f 672/2599/1594 1971/854/840 1967/838/825
f 638/2600/1595 1970/852/838 1966/820/809
f 744/3059/1600 742/2601/1596 1969/844/831
f 708/2603/1597 1968/825/813 1964/827/799
f 674/2606/1598 1967/2605/825 1963/807/797
f 640/2607/1599 1966/820/809 1962/803/793
f 744/2608/1600 1965/814/803 1961/815/804
f 712/2614/1604 710/3060/1601 1964/809/799
f 678/2615/1605 676/2611/1602 1963/807/797
f 642/2612/1603 1962/803/793 1958/788/778
f 620/2617/1607 746/2613/761 1961/815/804
f 714/2618/760 712/3061/1604 1960/794/784
f 678/2615/1605 1959/792/782 1955/793/783
f 646/2622/1609 644/2616/1606 1958/788/778
f 714/2618/760 1956/781/771 1991/783/773
f 680/2624/1608 1955/793/783 1992/778/768
f 646/2622/1609 1954/772/762 1993/774/764
f 621/2697/1610 2018/2696/1266 2081/3062/1266
f 747/2626/1611 2081/1492/1266 2080/1491/1266
f 745/2627/1612 2080/1491/1266 2079/1489/1266
f 743/2628/1613 2079/1489/1266 2078/1490/1266
f 741/2629/1614 2078/1490/1266 2077/1488/1266
f 739/2630/1615 2077/1488/1266 2076/1486/1266
f 737/2631/1616 2076/1486/1266 2075/1487/1266
f 733/2633/1618 735/2632/1617 2075/1487/1266
f 733/2633/1618 2074/1485/1266 2073/1483/1266
f 731/2634/1619 2073/1483/1266 2072/1484/1266
f 729/2635/1620 2072/1484/1266 2071/1482/1266
f 727/2636/1621 2071/1482/1266 2070/1481/1266
f 725/2637/1622 2070/1481/1266 2069/1479/1266
f 723/2638/1623 2069/1479/1266 2068/1480/1266
f 721/2639/1624 2068/1480/1266 2067/1477/1266
f 719/2640/1625 2067/1477/1266 2066/1478/1266
f 715/2642/1627 717/2641/1626 2066/1478/1266
f 715/2642/1627 2065/1476/1266 2064/1475/1266
f 713/2643/1628 2064/1475/1266 2063/1474/1266
f 709/2645/1630 711/2644/1629 2063/1474/1266
f 707/2646/1631 709/2645/1630 2062/1472/1266
f 707/2646/1631 2061/1473/1266 2060/1470/1266
f 705/2647/1632 2060/1470/1266 2059/1471/1266
f 703/2648/1633 2059/1471/1266 2058/1468/1266
f 699/2650/1635 701/2649/1634 2058/1468/1266
f 699/2650/1635 2057/1469/1266 2056/1467/1266
f 695/2652/1637 697/2651/1636 2056/1467/1266
f 695/2652/1637 2055/1465/1266 2054/1466/1266
f 693/2653/1638 2054/1466/1266 2053/1463/1266
f 691/2654/1639 2053/1463/1266 2052/1464/1266
f 689/2655/1640 2052/1464/1266 2051/1461/1266
f 687/2656/1641 2051/1461/1266 2050/1462/1266
f 685/2657/1642 2050/1462/1266 2049/1460/1266
f 683/2658/1643 2049/1460/1266 2048/1458/1266
f 679/2661/1645 681/3063/1644 2048/3064/1266
f 679/2660/1645 2047/1459/1266 2046/1457/1266
f 677/2664/1646 2046/1457/1266 2045/1456/1266
f 673/2666/1648 675/2665/1647 2045/1456/1266
f 671/2667/1649 673/2666/1648 2044/1455/1266
f 669/2668/1650 671/2667/1649 2043/1454/1266
f 669/2668/1650 2042/1452/1266 2041/1453/1266
f 667/2669/1651 2041/1453/1266 2040/1451/1266
f 663/2671/1653 665/2670/1652 2040/1451/1266
f 663/2672/1653 2039/3065/1266 2038/2673/1266
f 659/2675/1655 661/2708/1654 2038/1448/1266
f 659/2675/1655 2037/1449/1266 2036/1447/1266
f 655/2677/1657 657/2676/1656 2036/1447/1266
f 655/2677/1657 2035/1445/1266 2034/1446/1266
f 653/2679/1658 2034/3028/1266 2033/1443/1266
f 649/2681/1660 651/2680/1659 2033/1443/1266
f 647/2682/1661 649/2681/1660 2032/1444/1266
f 647/2682/1661 2031/1442/1266 2030/1440/1266
f 643/2684/1663 645/2683/1662 2030/1440/1266
f 643/2684/1663 2029/1441/1266 2028/1438/1266
f 639/2686/1665 641/2685/1664 2028/1438/1266
f 637/2687/1666 639/2686/1665 2027/1439/1266
f 637/2687/1666 2026/1437/1266 2025/1436/1266
f 635/2688/1667 2025/1436/1266 2024/1435/1266
f 631/2690/1669 633/2689/1668 2024/1435/1266
f 629/2691/1670 631/2690/1669 2023/1433/1266
f 629/2691/1670 2022/1434/1266 2021/1431/1266
f 627/2692/1671 2021/1431/1266 2020/1432/1266
f 623/2694/1673 625/2693/1672 2020/1432/1266
f 623/2695/1673 2019/3066/1266 2018/2696/1266
f 671/2667/1649 2145/2700/909 2084/2698/907
f 723/2638/1623 2144/2701/983 2082/2699/752
f 669/2668/1650 2143/2702/911 2145/2700/909
f 721/2639/1624 2142/2703/985 2144/2701/983
f 667/2669/1651 2141/2704/913 2143/2702/911
f 719/2640/1625 2140/2705/987 2142/2703/985
f 665/2670/1652 2139/2706/915 2141/2704/913
f 717/2641/1626 2138/2707/989 2140/2705/987
f 663/2671/1653 2137/2709/917 2139/2706/915
f 715/2642/1627 2136/2710/991 2138/2707/989
f 661/2708/1654 2135/2711/919 2137/2709/917
f 713/2643/1628 2134/2712/993 2136/2710/991
f 659/2675/1655 2133/2713/921 2135/2711/919
f 711/2644/1629 2132/2714/995 2134/2712/993
f 657/2676/1656 2131/2715/923 2133/2713/921
f 709/2645/1630 2130/2716/997 2132/2714/995
f 655/2677/1657 2129/2717/925 2131/2715/923
f 707/2646/1631 2128/2718/999 2130/2716/997
f 653/2678/1658 2127/3067/927 2129/2717/925
f 705/2647/1632 2126/2720/1001 2128/2718/999
f 651/2680/1659 2125/2721/929 2127/2719/927
f 703/2648/1633 2124/2722/1003 2126/2720/1001
f 649/2681/1660 2123/2723/931 2125/2721/929
f 701/2649/1634 2122/2724/1005 2124/2722/1003
f 647/2682/1661 2121/2725/933 2123/2723/931
f 699/2650/1635 2120/2726/1007 2122/2724/1005
f 645/2683/1662 2119/2727/935 2121/2725/933
f 697/2651/1636 2118/2728/1009 2120/2726/1007
f 643/2684/1663 2117/2730/937 2119/2727/935
f 695/2652/1637 2116/2731/1011 2118/2728/1009
f 747/2626/1611 2115/2732/961 2086/2729/959
f 641/2685/1664 2114/2733/939 2117/2730/937
f 693/2653/1638 2113/2734/1013 2116/2731/1011
f 745/2627/1612 2112/2735/963 2115/2732/961
f 639/2686/1665 2111/2736/941 2114/2733/939
f 691/2654/1639 2110/2737/1015 2113/2734/1013
f 743/2628/1613 2109/2738/965 2112/2735/963
f 637/2687/1666 2108/2739/943 2111/2736/941
f 689/2655/1640 2107/2740/1017 2110/2737/1015
f 741/2629/1614 2106/2741/967 2109/2738/965
f 635/2688/1667 2105/2742/945 2108/2739/943
f 687/2656/1641 2104/2743/1019 2107/2740/1017
f 739/2630/1615 2103/2744/969 2106/2741/967
f 633/2689/1668 2102/2745/947 2105/2742/945
f 685/2657/1642 2101/2746/896 2104/2743/1019
f 737/2631/1616 2100/2747/971 2103/2744/969
f 631/2690/1669 2099/2748/949 2102/2745/947
f 683/2658/1643 2098/2749/897 2101/2746/896
f 735/2632/1617 2097/2750/973 2100/2747/971
f 629/2691/1670 2096/2751/951 2099/2748/949
f 681/2659/1644 2095/2752/899 2098/2749/897
f 733/2633/1618 2094/2753/975 2097/2750/973
f 627/2692/1671 2093/2754/953 2096/2751/951
f 679/2660/1645 2092/2755/901 2095/2752/899
f 731/2634/1619 2091/2756/977 2094/2753/975
f 625/3068/1672 2090/3069/955 2093/3070/953
f 677/2664/1646 2089/2758/903 2092/2755/901
f 729/2635/1620 2088/2759/979 2091/2756/977
f 623/2694/1673 2087/2760/957 2090/2757/955
f 675/2665/1647 2085/2761/905 2089/2758/903
f 727/2636/1621 2083/2762/754 2088/2759/979
f 621/2625/1610 2086/2729/959 2087/2760/957
f 673/2666/1648 2084/2698/907 2085/2761/905
f 725/2637/1622 2082/2699/752 2083/2762/754
f 2145/2763/973 2147/2765/971 2209/2770/973
f 2144/2766/921 2146/2768/919 2208/2772/921
f 2143/2769/975 2209/2770/973 2207/2774/975
f 2142/2771/923 2208/2772/921 2206/2776/923
f 2141/2773/977 2207/2774/975 2205/2777/977
f 2140/2775/925 2206/2776/923 2204/2779/925
f 2141/2773/977 2203/2778/979 2139/2782/979
f 2140/2775/925 2202/2780/927 2138/2784/927
f 2137/2781/754 2203/2778/979 2201/2786/754
f 2136/2783/929 2202/2780/927 2200/2788/929
f 2135/2785/752 2201/2786/754 2199/2790/752
f 2134/2787/931 2200/2788/929 2198/2792/931
f 2133/2789/983 2199/2790/752 2197/2794/983
f 2132/2791/933 2198/2792/931 2196/2796/933
f 2131/2793/985 2197/2794/983 2195/2798/985
f 2130/2795/935 2196/2796/933 2194/2800/935
f 2129/2797/987 2195/2798/985 2193/2802/987
f 2128/2799/937 2194/2800/935 2192/2804/937
f 2127/2801/989 2193/2802/987 2191/3071/989
f 2126/2803/939 2192/2804/937 2190/2808/939
f 2125/2805/991 2191/2807/989 2189/2811/991
f 2126/2803/939 2188/2809/941 2124/2813/941
f 2123/2810/993 2189/2811/991 2187/2815/993
f 2122/2812/943 2188/2809/941 2186/2817/943
f 2121/2814/995 2187/2815/993 2185/2819/995
f 2120/2816/945 2186/2817/943 2184/2821/945
f 2119/2818/997 2185/2819/995 2183/2823/997
f 2118/2820/947 2184/2821/945 2182/2825/947
f 2117/2822/999 2183/2823/997 2181/2830/999
f 2116/2824/949 2182/2825/947 2180/2832/949
f 2115/2826/897 2148/2828/896 2179/2834/897
f 2114/2829/1001 2181/2830/999 2178/2836/1001
f 2113/2831/951 2180/2832/949 2177/2838/951
f 2112/2833/899 2179/2834/897 2176/2840/899
f 2111/2835/1003 2178/2836/1001 2175/2842/1003
f 2110/2837/953 2177/2838/951 2174/2844/953
f 2109/2839/901 2176/2840/899 2173/2846/901
f 2108/2841/1005 2175/2842/1003 2172/2848/1005
f 2107/2843/955 2174/2844/953 2171/2850/955
f 2106/2845/903 2173/2846/901 2170/2852/903
f 2105/2847/1007 2172/2848/1005 2169/2854/1007
f 2104/2849/957 2171/2850/955 2168/2856/957
f 2103/2851/905 2170/2852/903 2167/2858/905
f 2102/2853/1009 2169/2854/1007 2166/2860/1009
f 2101/2855/959 2168/2856/957 2165/2862/959
f 2100/2857/907 2167/2858/905 2164/2864/907
f 2099/2859/1011 2166/2860/1009 2163/2866/1011
f 2098/2861/961 2165/2862/959 2162/2868/961
f 2097/2863/909 2164/2864/907 2161/2870/909
f 2096/2865/1013 2163/2866/1011 2160/2872/1013
f 2095/2867/963 2162/2868/961 2159/2874/963
f 2094/2869/911 2161/2870/909 2158/2876/911
f 2093/2871/1015 2160/2872/1013 2157/2878/1015
f 2092/2873/965 2159/2874/963 2156/2880/965
f 2091/2875/913 2158/2876/911 2155/2882/913
f 2090/2877/1017 2157/2878/1015 2154/2883/1017
f 2089/2879/967 2156/2880/965 2153/2886/967
f 2088/2881/915 2155/2882/913 2152/2888/915
f 2090/2877/1017 2151/2884/1019 2087/2889/1019
f 2085/2885/969 2153/2886/967 2150/2890/969
f 2083/2887/917 2152/2888/915 2149/2891/917
f 2086/2827/896 2151/2884/1019 2148/2828/896
f 2084/2764/971 2150/2890/969 2147/2765/971
f 2083/2887/917 2146/2768/919 2082/2767/919
f 2273/1699/1373 2272/1826/1266 1232/2892/1294
f 2272/1826/1266 2271/1824/1266 1233/2894/1297
f 2271/1824/1266 2270/1822/1266 1234/2895/1300
f 2270/1822/1266 2269/1820/1266 1235/2896/1302
f 2269/1820/1266 2268/1817/1266 1236/2897/1304
f 1236/2897/1304 2268/1817/1266 2267/1815/1266
f 1237/2898/1306 2267/1815/1266 2266/1813/1266
f 1238/2899/1308 2266/1813/1266 2265/1811/1266
f 1239/2900/1310 2265/1811/1266 2264/1810/1266
f 1240/2901/1312 2264/1810/1266 2263/1809/1266
f 1241/2902/1314 2263/1809/1266 2262/1808/1266
f 1242/2903/1316 2262/1808/1266 2261/1807/1266
f 1243/2904/1318 2261/1807/1266 2260/1806/1266
f 2260/1806/1266 2259/1805/1266 1245/2906/1322
f 2259/1805/1266 2258/1804/1266 1246/2907/1324
f 2258/1804/1266 2257/1803/1266 1247/2908/1326
f 2257/1803/1266 2256/1802/1266 1248/2909/1328
f 2256/1802/1266 2255/1801/1266 1249/2910/753
f 2255/1801/1266 2254/1799/1266 1250/2911/1269
f 2254/1799/1266 2253/1797/1266 1251/2912/1272
f 2253/1797/1266 2252/1794/1266 1252/2913/1275
f 1252/2913/1275 2252/1794/1266 2251/1792/1266
f 1253/2914/1278 2251/1792/1266 2250/1790/1266
f 1254/2915/1281 2250/1790/1266 2249/1788/1266
f 1255/2916/1284 2249/1788/1266 2248/1786/1266
f 1256/2917/1287 2248/1786/1266 2247/1784/1393
f 1257/2918/1290 2247/1784/1393 2246/1782/1392
f 243/2919/122 2245/1780/1391 2246/1782/1392
f 62/2920/126 2244/1777/1390 2245/1780/1391
f 62/2920/126 248/2921/131 2214/1774/1389
f 248/2921/131 65/1773/135 2216/2922/1674
f 1199/2923/1274 1198/1775/1271 2216/2922/1674
f 2243/1772/1388 2242/1770/1266 1200/2924/1277
f 2242/1770/1266 2241/1768/1266 1201/2925/1280
f 2241/1768/1266 2240/1766/1266 1202/2926/1283
f 2240/1766/1266 2239/1765/1266 1203/2927/1286
f 2239/1765/1266 2238/1762/1266 1204/2928/1289
f 1204/2928/1289 2238/1762/1266 2237/1760/1266
f 1205/2929/1292 2237/1760/1266 2236/1758/1266
f 1206/2930/1295 2236/1758/1266 2235/1757/1266
f 1207/2931/1298 2235/1757/1266 2234/1756/1266
f 1208/2932/1301 2234/1756/1266 2233/1755/1266
f 1209/2933/1303 2233/1755/1266 2232/1754/1266
f 1210/2934/1305 2232/1754/1266 2231/1753/1266
f 1211/2935/1307 2231/1753/1266 2217/1676/1266
f 1224/2937/1270 2229/1751/1266 2230/1719/1383
f 1223/2939/1267 2228/1749/1266 2229/1751/1266
f 1222/2940/1329 2227/1747/1266 2228/1749/1266
f 1221/2941/1327 2226/1745/1266 2227/1747/1266
f 1220/2942/1325 2225/1743/1266 2226/1745/1266
f 2224/1741/1266 2225/1743/1266 1220/2942/1325
f 2223/1739/1266 2224/1741/1266 1219/2943/1323
f 2222/1737/1266 2223/1739/1266 1218/2944/1321
f 2221/1735/1266 2222/1737/1266 1217/2945/1319
f 2220/1733/1266 2221/1735/1266 1216/2946/1317
f 2219/1732/1266 2220/1733/1266 1215/2947/1315
f 2218/1675/1266 2219/1732/1266 1214/2948/1313
f 1225/2938/1273 2230/1719/1383 2212/1662/1354
f 324/2950/327 96/1700/331 2211/2951/1675
f 93/2952/322 324/2950/327 2215/1708/1376
f 1231/2893/1291 1230/1709/1288 2211/2951/1675
f 93/2952/322 2210/1680/1363 2213/1660/1353
f 2217/1676/1266 2218/1675/1266 1213/2949/1311
f 319/2953/318 2213/1660/1353 2212/1662/1354
s 0
f 2276/3072/1676 2287/3073/1676 2750/3074/1676
f 2754/3075/1677 2294/3076/1677 2753/3077/1677
f 2750/3078/1678 2288/3078/1678 2277/3078/1678
f 2755/3079/1679 2295/3080/1679 2754/3075/1679
f 2277/3078/1680 2289/3078/1680 2278/3078/1680
f 2747/3081/1681 2274/3082/1681 2282/3083/1681
f 2281/3084/1682 2296/3085/1682 2755/3079/1682
f 2279/3078/1683 2289/3078/1683 2278/3078/1683
f 2747/3081/1684 2283/3086/1684 2748/3087/1684
f 2751/3078/1685 2290/3078/1685 2279/3078/1685
f 2748/3087/1686 2284/3088/1686 2275/3089/1686
f 2280/3090/1687 2291/3091/1687 2751/3092/1687
f 2275/3089/1688 2285/3093/1688 2749/3094/1688
f 2752/3095/1689 2292/3096/1689 2280/3090/1689
f 2749/3094/1690 2286/3097/1690 2276/3072/1690
f 2753/3077/1691 2293/3098/1691 2752/3095/1691
f 2293/3098/1692 2307/3099/1692 2292/3096/1692
f 2285/3093/1693 2301/3100/1693 2286/3097/1693
f 2294/3076/1694 2308/3101/1694 2293/3098/1694
f 2286/3097/1695 2302/3102/1695 2287/3073/1695
f 2295/3080/1696 2309/3103/1696 2294/3076/1696
f 2287/3078/1697 2303/3078/1697 2288/3078/1697
f 2296/3085/1698 2310/3104/1698 2295/3080/1698
f 2288/3078/1699 2304/3078/1699 2289/3078/1699
f 2282/3083/1700 2274/3082/1700 2297/3105/1700
f 2281/3084/1701 2311/3106/1701 2296/3085/1701
f 2290/3078/1702 2304/3078/1702 2289/3078/1702
f 2282/3083/1703 2298/3107/1703 2283/3086/1703
f 2291/3078/1704 2305/3078/1704 2290/3078/1704
f 2283/3086/1705 2299/3108/1705 2284/3088/1705
f 2292/3096/1706 2306/3109/1706 2291/3091/1706
f 2284/3088/1707 2300/3110/1707 2285/3093/1707
f 2281/3084/1708 2326/3111/1708 2311/3106/1708
f 2305/3078/1709 2319/3078/1709 2304/3078/1709
f 2297/3105/1710 2313/3112/1710 2298/3107/1710
f 2306/3109/1711 2320/3113/1711 2305/3114/1711
f 2298/3107/1712 2314/3115/1712 2299/3108/1712
f 2307/3099/1713 2321/3116/1713 2306/3109/1713
f 2299/3108/1714 2315/3117/1714 2300/3110/1714
f 2308/3101/1715 2322/3118/1715 2307/3099/1715
f 2300/3110/1716 2316/3119/1716 2301/3100/1716
f 2309/3103/1717 2323/3120/1717 2308/3101/1717
f 2301/3100/1718 2317/3121/1718 2302/3102/1718
f 2310/3104/1719 2324/3122/1719 2309/3103/1719
f 2302/3078/1720 2318/3078/1720 2303/3078/1720
f 2311/3106/1721 2325/3123/1721 2310/3104/1721
f 2303/3078/1722 2319/3078/1722 2304/3078/1722
f 2297/3105/1723 2274/3082/1723 2312/3124/1723
f 2324/3122/1724 2338/3125/1724 2323/3120/1724
f 2316/3119/1725 2332/3126/1725 2317/3121/1725
f 2325/3123/1726 2339/3127/1726 2324/3122/1726
f 2317/3121/1727 2333/3128/1727 2318/3129/1727
f 2326/3111/1728 2340/3130/1728 2325/3123/1728
f 2318/3078/1729 2334/3078/1729 2319/3078/1729
f 2312/3124/1730 2274/3082/1730 2327/3131/1730
f 2281/3084/1731 2341/3132/1731 2326/3111/1731
f 2320/3078/1732 2334/3078/1732 2335/3078/1732
f 2312/3124/1733 2328/3133/1733 2313/3112/1733
f 2321/3116/1734 2335/3134/1734 2320/3113/1734
f 2313/3112/1735 2329/3135/1735 2314/3115/1735
f 2322/3118/1736 2336/3136/1736 2321/3116/1736
f 2314/3115/1737 2330/3137/1737 2315/3117/1737
f 2323/3120/1738 2337/3138/1738 2322/3118/1738
f 2315/3117/1739 2331/3139/1739 2316/3119/1739
f 2327/3131/1740 2343/3140/1740 2328/3133/1740
f 2336/3136/1741 2350/3141/1741 2335/3134/1741
f 2328/3133/1742 2344/3142/1742 2329/3135/1742
f 2337/3138/1743 2351/3143/1743 2336/3136/1743
f 2329/3135/1744 2345/3144/1744 2330/3137/1744
f 2338/3125/1745 2352/3145/1745 2337/3138/1745
f 2330/3137/1746 2346/3146/1746 2331/3139/1746
f 2339/3127/1747 2353/3147/1747 2338/3125/1747
f 2331/3139/1748 2347/3148/1748 2332/3126/1748
f 2340/3130/1749 2354/3149/1749 2339/3127/1749
f 2332/3126/1750 2348/3150/1750 2333/3128/1750
f 2341/3132/1751 2355/3151/1751 2340/3130/1751
f 2333/3078/1752 2349/3078/1752 2334/3078/1752
f 2327/3131/1753 2274/3082/1753 2342/3152/1753
f 2281/3084/1754 2356/3153/1754 2341/3132/1754
f 2335/3078/1755 2349/3078/1755 2350/3078/1755
f 2346/3146/1756 2362/3154/1756 2347/3148/1756
f 2355/3151/1757 2369/3155/1757 2354/3149/1757
f 2347/3148/1758 2363/3156/1758 2348/3150/1758
f 2356/3153/1759 2370/3157/1759 2355/3151/1759
f 2348/3078/1760 2364/3078/1760 2349/3078/1760
f 2342/3152/1761 2274/3082/1761 2357/3158/1761
f 2281/3084/1762 2371/3159/1762 2356/3153/1762
f 2350/3141/1763 2364/3160/1763 2349/3161/1763
f 2342/3152/1764 2358/3162/1764 2343/3140/1764
f 2351/3143/1765 2365/3163/1765 2350/3141/1765
f 2343/3140/1766 2359/3164/1766 2344/3142/1766
f 2352/3145/1767 2366/3165/1767 2351/3143/1767
f 2344/3142/1768 2360/3166/1768 2345/3144/1768
f 2353/3147/1769 2367/3167/1769 2352/3145/1769
f 2345/3144/1770 2361/3168/1770 2346/3146/1770
f 2354/3149/1771 2368/3169/1771 2353/3147/1771
f 2366/3165/1772 2380/3170/1772 2365/3163/1772
f 2358/3162/1773 2374/3171/1773 2359/3164/1773
f 2367/3167/1774 2381/3172/1774 2366/3165/1774
f 2359/3164/1775 2375/3173/1775 2360/3166/1775
f 2368/3169/1776 2382/3174/1776 2367/3167/1776
f 2360/3166/1777 2376/3175/1777 2361/3168/1777
f 2369/3155/1778 2383/3176/1778 2368/3169/1778
f 2361/3168/1779 2377/3177/1779 2362/3154/1779
f 2370/3157/1780 2384/3178/1780 2369/3155/1780
f 2362/3154/1781 2378/3179/1781 2363/3156/1781
f 2371/3159/1782 2385/3180/1782 2370/3157/1782
f 2363/3078/1783 2379/3078/1783 2364/3078/1783
f 2357/3158/1784 2274/3082/1784 2372/3181/1784
f 2281/3084/1785 2386/3182/1785 2371/3159/1785
f 2365/3163/1786 2379/3183/1786 2380/3170/1786
f 2357/3158/1787 2373/3184/1787 2358/3162/1787
f 2385/3180/1788 2399/3185/1788 2384/3178/1788
f 2377/3177/1789 2393/3186/1789 2378/3179/1789
f 2386/3182/1790 2400/3187/1790 2385/3180/1790
f 2378/3078/1791 2394/3078/1791 2379/3078/1791
f 2372/3181/1792 2274/3082/1792 2387/3188/1792
f 2281/3084/1793 2401/3189/1793 2386/3182/1793
f 2380/3170/1794 2394/3190/1794 2379/3183/1794
f 2372/3181/1795 2388/3191/1795 2373/3184/1795
f 2381/3172/1796 2395/3192/1796 2380/3170/1796
f 2373/3184/1797 2389/3193/1797 2374/3171/1797
f 2382/3174/1798 2396/3194/1798 2381/3172/1798
f 2374/3171/1799 2390/3195/1799 2375/3173/1799
f 2383/3176/1800 2397/3196/1800 2382/3174/1800
f 2375/3173/1801 2391/3197/1801 2376/3175/1801
f 2384/3178/1802 2398/3198/1802 2383/3176/1802
f 2376/3175/1803 2392/3199/1803 2377/3177/1803
f 2389/3193/1804 2403/3200/1804 2404/3201/1804
f 2412/3202/1805 2396/3194/1805 2397/3196/1805
f 2390/3195/1806 2404/3201/1806 2405/3203/1806
f 2413/3204/1807 2397/3196/1807 2398/3198/1807
f 2391/3197/1808 2405/3203/1808 2406/3205/1808
f 2414/3206/1809 2398/3198/1809 2399/3185/1809
f 2392/3199/1810 2406/3205/1810 2407/3207/1810
f 2415/3208/1811 2399/3185/1811 2400/3187/1811
f 2393/3186/1812 2407/3207/1812 2408/3209/1812
f 2416/3210/1813 2400/3187/1813 2401/3189/1813
f 2394/3078/1814 2408/3078/1814 2409/3078/1814
f 2387/3188/1815 2274/3082/1815 2402/3211/1815
f 2281/3084/1816 2416/3210/1816 2401/3189/1816
f 2394/3190/1817 2410/3212/1817 2395/3192/1817
f 2388/3191/1818 2402/3211/1818 2403/3200/1818
f 2411/3213/1819 2395/3192/1819 2396/3194/1819
f 2408/3209/1820 2422/3214/1820 2423/3215/1820
f 2431/3216/1821 2415/3208/1821 2416/3210/1821
f 2409/3078/1822 2423/3078/1822 2424/3078/1822
f 2402/3211/1823 2274/3082/1823 2417/3217/1823
f 2281/3084/1824 2431/3216/1824 2416/3210/1824
f 2409/3218/1825 2425/3219/1825 2410/3212/1825
f 2403/3200/1826 2417/3217/1826 2418/3220/1826
f 2426/3221/1827 2410/3212/1827 2411/3213/1827
f 2404/3201/1828 2418/3220/1828 2419/3222/1828
f 2427/3223/1829 2411/3213/1829 2412/3202/1829
f 2405/3203/1830 2419/3222/1830 2420/3224/1830
f 2428/3225/1831 2412/3202/1831 2413/3204/1831
f 2406/3205/1832 2420/3224/1832 2421/3226/1832
f 2429/3227/1833 2413/3204/1833 2414/3206/1833
f 2407/3207/1834 2421/3226/1834 2422/3214/1834
f 2430/3228/1835 2414/3206/1835 2415/3208/1835
f 2442/3229/1836 2426/3221/1836 2427/3223/1836
f 2420/3224/1837 2434/3230/1837 2435/3231/1837
f 2443/3232/1838 2427/3223/1838 2428/3225/1838
f 2421/3226/1839 2435/3231/1839 2436/3233/1839
f 2444/3234/1840 2428/3225/1840 2429/3227/1840
f 2422/3214/1841 2436/3233/1841 2437/3235/1841
f 2445/3236/1842 2429/3227/1842 2430/3228/1842
f 2423/3215/1843 2437/3235/1843 2438/3237/1843
f 2446/3238/1844 2430/3228/1844 2431/3216/1844
f 2424/3078/1845 2438/3078/1845 2439/3078/1845
f 2417/3217/1846 2274/3082/1846 2432/3239/1846
f 2281/3084/1847 2446/3238/1847 2431/3216/1847
f 2424/3240/1848 2440/3241/1848 2425/3219/1848
f 2418/3220/1849 2432/3239/1849 2433/3242/1849
f 2441/3243/1850 2425/3219/1850 2426/3221/1850
f 2419/3222/1851 2433/3242/1851 2434/3230/1851
f 2461/3244/1852 2445/3236/1852 2446/3238/1852
f 2439/3245/1853 2453/3246/1853 2454/3247/1853
f 2432/3239/1854 2274/3082/1854 2447/3248/1854
f 2281/3084/1855 2461/3244/1855 2446/3238/1855
f 2439/3249/1856 2455/3250/1856 2440/3241/1856
f 2433/3242/1857 2447/3248/1857 2448/3251/1857
f 2456/3252/1858 2440/3241/1858 2441/3243/1858
f 2434/3230/1859 2448/3251/1859 2449/3253/1859
f 2457/3254/1860 2441/3243/1860 2442/3229/1860
f 2435/3231/1861 2449/3253/1861 2450/3255/1861
f 2458/3256/1862 2442/3229/1862 2443/3232/1862
f 2436/3233/1863 2450/3255/1863 2451/3257/1863
f 2459/3258/1864 2443/3232/1864 2444/3234/1864
f 2437/3235/1865 2451/3257/1865 2452/3259/1865
f 2460/3260/1866 2444/3234/1866 2445/3236/1866
f 2438/3237/1867 2452/3259/1867 2453/3246/1867
f 2473/3261/1868 2457/3254/1868 2458/3256/1868
f 2451/3257/1869 2465/3262/1869 2466/3263/1869
f 2474/3264/1870 2458/3256/1870 2459/3258/1870
f 2452/3259/1871 2466/3263/1871 2467/3265/1871
f 2475/3266/1872 2459/3258/1872 2460/3260/1872
f 2453/3246/1873 2467/3265/1873 2468/3267/1873
f 2476/3268/1874 2460/3260/1874 2461/3244/1874
f 2454/3247/1875 2468/3267/1875 2469/3269/1875
f 2447/3248/1876 2274/3082/1876 2462/3270/1876
f 2281/3084/1877 2476/3268/1877 2461/3244/1877
f 2470/3271/1878 2454/3272/1878 2455/3250/1878
f 2448/3251/1879 2462/3270/1879 2463/3273/1879
f 2471/3274/1880 2455/3250/1880 2456/3252/1880
f 2449/3253/1881 2463/3273/1881 2464/3275/1881
f 2472/3276/1882 2456/3252/1882 2457/3254/1882
f 2450/3255/1883 2464/3275/1883 2465/3262/1883
f 2462/3270/1884 2274/3082/1884 2477/3277/1884
f 2281/3084/1885 2491/3278/1885 2476/3268/1885
f 2485/3078/1886 2469/3078/1886 2470/3078/1886
f 2463/3273/1887 2477/3277/1887 2478/3279/1887
f 2486/3280/1888 2470/3271/1888 2471/3274/1888
f 2464/3275/1889 2478/3279/1889 2479/3281/1889
f 2487/3282/1890 2471/3274/1890 2472/3276/1890
f 2465/3262/1891 2479/3281/1891 2480/3283/1891
f 2488/3284/1892 2472/3276/1892 2473/3261/1892
f 2466/3263/1893 2480/3283/1893 2481/3285/1893
f 2489/3286/1894 2473/3261/1894 2474/3264/1894
f 2467/3265/1895 2481/3285/1895 2482/3287/1895
f 2490/3288/1896 2474/3264/1896 2475/3266/1896
f 2468/3267/1897 2482/3287/1897 2483/3289/1897
f 2491/3278/1898 2475/3266/1898 2476/3268/1898
f 2469/3078/1899 2483/3078/1899 2484/3078/1899
f 2481/3285/1900 2495/3290/1900 2496/3291/1900
f 2504/3292/1901 2488/3284/1901 2489/3286/1901
f 2482/3287/1902 2496/3291/1902 2497/3293/1902
f 2505/3294/1903 2489/3286/1903 2490/3288/1903
f 2483/3289/1904 2497/3293/1904 2498/3295/1904
f 2506/3296/1905 2490/3288/1905 2491/3278/1905
f 2484/3078/1906 2498/3078/1906 2499/3078/1906
f 2477/3277/1907 2274/3082/1907 2492/3297/1907
f 2281/3084/1908 2506/3296/1908 2491/3278/1908
f 2484/3078/1909 2500/3078/1909 2485/3078/1909
f 2478/3279/1910 2492/3297/1910 2493/3298/1910
f 2501/3299/1911 2485/3300/1911 2486/3280/1911
f 2479/3281/1912 2493/3298/1912 2494/3301/1912
f 2502/3302/1913 2486/3280/1913 2487/3282/1913
f 2480/3283/1914 2494/3301/1914 2495/3290/1914
f 2503/3303/1915 2487/3282/1915 2488/3284/1915
f 2515/3078/1916 2499/3078/1916 2500/3078/1916
f 2493/3298/1917 2507/3304/1917 2508/3305/1917
f 2516/3306/1918 2500/3307/1918 2501/3299/1918
f 2494/3301/1919 2508/3305/1919 2509/3308/1919
f 2517/3309/1920 2501/3299/1920 2502/3302/1920
f 2495/3290/1921 2509/3308/1921 2510/3310/1921
f 2518/3311/1922 2502/3302/1922 2503/3303/1922
f 2496/3291/1923 2510/3310/1923 2511/3312/1923
f 2519/3313/1924 2503/3303/1924 2504/3292/1924
f 2497/3293/1925 2511/3312/1925 2512/3314/1925
f 2520/3315/1926 2504/3292/1926 2505/3294/1926
f 2498/3295/1927 2512/3314/1927 2513/3316/1927
f 2521/3317/1928 2505/3294/1928 2506/3296/1928
f 2499/3078/1929 2513/3078/1929 2514/3078/1929
f 2492/3297/1930 2274/3082/1930 2507/3304/1930
f 2281/3084/1931 2521/3317/1931 2506/3296/1931
f 2519/3313/1688 2533/3318/1688 2518/3311/1688
f 2511/3312/1687 2527/3319/1687 2512/3314/1687
f 2520/3315/1686 2534/3320/1686 2519/3313/1686
f 2512/3314/1932 2528/3321/1932 2513/3316/1932
f 2521/3317/1684 2535/3322/1684 2520/3315/1684
f 2513/3078/1683 2529/3078/1683 2514/3078/1683
f 2507/3304/1682 2274/3082/1682 2522/3323/1682
f 2281/3084/1681 2536/3324/1681 2521/3317/1681
f 2515/3078/1933 2529/3078/1933 2530/3078/1933
f 2507/3304/1679 2523/3325/1679 2508/3305/1679
f 2516/3306/1678 2530/3326/1678 2515/3327/1678
f 2508/3305/1677 2524/3328/1677 2509/3308/1677
f 2517/3309/1676 2531/3329/1676 2516/3306/1676
f 2509/3308/1691 2525/3330/1691 2510/3310/1691
f 2518/3311/1690 2532/3331/1690 2517/3309/1690
f 2510/3310/1689 2526/3332/1689 2511/3312/1689
f 2522/3323/1698 2538/3333/1698 2523/3325/1698
f 2531/3329/1697 2545/3334/1697 2530/3326/1697
f 2523/3325/1696 2539/3335/1696 2524/3328/1696
f 2532/3331/1695 2546/3336/1695 2531/3329/1695
f 2524/3328/1694 2540/3337/1694 2525/3330/1694
f 2533/3318/1693 2547/3338/1693 2532/3331/1693
f 2525/3330/1692 2541/3339/1692 2526/3332/1692
f 2534/3320/1707 2548/3340/1707 2533/3318/1707
f 2526/3332/1706 2542/3341/1706 2527/3319/1706
f 2535/3322/1705 2549/3342/1705 2534/3320/1705
f 2527/3319/1704 2543/3343/1704 2528/3321/1704
f 2536/3324/1703 2550/3344/1703 2535/3322/1703
f 2528/3078/1702 2544/3078/1702 2529/3078/1702
f 2522/3323/1701 2274/3082/1701 2537/3345/1701
f 2281/3084/1700 2551/3346/1700 2536/3324/1700
f 2530/3078/1934 2544/3078/1934 2545/3078/1934
f 2541/3339/1713 2557/3347/1713 2542/3341/1713
f 2550/3344/1712 2564/3348/1712 2549/3342/1712
f 2542/3341/1711 2558/3349/1711 2543/3343/1711
f 2551/3346/1710 2565/3350/1710 2550/3344/1710
f 2543/3078/1935 2559/3078/1935 2544/3078/1935
f 2537/3345/1708 2274/3082/1708 2552/3351/1708
f 2281/3084/1723 2566/3352/1723 2551/3346/1723
f 2545/3078/1936 2559/3078/1936 2560/3078/1936
f 2537/3345/1721 2553/3353/1721 2538/3333/1721
f 2546/3336/1720 2560/3354/1720 2545/3334/1720
f 2538/3333/1719 2554/3355/1719 2539/3335/1719
f 2547/3338/1718 2561/3356/1718 2546/3336/1718
f 2539/3335/1717 2555/3357/1717 2540/3337/1717
f 2548/3340/1716 2562/3358/1716 2547/3338/1716
f 2540/3337/1715 2556/3359/1715 2541/3339/1715
f 2549/3342/1714 2563/3360/1714 2548/3340/1714
f 2561/3356/1727 2575/3361/1727 2560/3354/1727
f 2553/3353/1726 2569/3362/1726 2554/3355/1726
f 2562/3358/1725 2576/3363/1725 2561/3356/1725
f 2554/3355/1724 2570/3364/1724 2555/3357/1724
f 2563/3360/1739 2577/3365/1739 2562/3358/1739
f 2555/3357/1738 2571/3366/1738 2556/3359/1738
f 2564/3348/1737 2578/3367/1737 2563/3360/1737
f 2556/3359/1736 2572/3368/1736 2557/3347/1736
f 2565/3350/1735 2579/3369/1735 2564/3348/1735
f 2557/3347/1937 2573/3370/1937 2558/3349/1937
f 2566/3352/1733 2580/3371/1733 2565/3350/1733
f 2558/3078/1938 2574/3078/1938 2559/3078/1938
f 2552/3351/1731 2274/3082/1731 2567/3372/1731
f 2281/3084/1730 2581/3373/1730 2566/3352/1730
f 2560/3078/1939 2574/3078/1939 2575/3078/1939
f 2552/3351/1728 2568/3374/1728 2553/3353/1728
f 2580/3371/1742 2594/3375/1742 2579/3369/1742
f 2572/3368/1741 2588/3376/1741 2573/3370/1741
f 2581/3373/1740 2595/3377/1740 2580/3371/1740
f 2573/3370/1940 2589/3378/1940 2574/3379/1940
f 2567/3372/1754 2274/3082/1754 2582/3380/1754
f 2281/3084/1753 2596/3381/1753 2581/3373/1753
f 2575/3361/1941 2589/3382/1941 2590/3383/1941
f 2567/3372/1751 2583/3384/1751 2568/3374/1751
f 2576/3363/1750 2590/3383/1750 2575/3361/1750
f 2568/3374/1749 2584/3385/1749 2569/3362/1749
f 2577/3365/1748 2591/3386/1748 2576/3363/1748
f 2569/3362/1747 2585/3387/1747 2570/3364/1747
f 2578/3367/1746 2592/3388/1746 2577/3365/1746
f 2570/3364/1745 2586/3389/1745 2571/3366/1745
f 2579/3369/1744 2593/3390/1744 2578/3367/1744
f 2571/3366/1743 2587/3391/1743 2572/3368/1743
f 2592/3388/1756 2606/3392/1756 2591/3386/1756
f 2584/3385/1771 2600/3393/1771 2585/3387/1771
f 2593/3390/1770 2607/3394/1770 2592/3388/1770
f 2585/3387/1769 2601/3395/1769 2586/3389/1769
f 2594/3375/1768 2608/3396/1768 2593/3390/1768
f 2586/3389/1767 2602/3397/1767 2587/3391/1767
f 2595/3377/1766 2609/3398/1766 2594/3375/1766
f 2587/3391/1765 2603/3399/1765 2588/3376/1765
f 2596/3381/1764 2610/3400/1764 2595/3377/1764
f 2588/3078/1763 2604/3078/1763 2589/3078/1763
f 2582/3380/1762 2274/3082/1762 2597/3401/1762
f 2281/3084/1761 2611/3402/1761 2596/3381/1761
f 2590/3383/1942 2604/3403/1942 2605/3404/1942
f 2582/3380/1759 2598/3405/1759 2583/3384/1759
f 2591/3386/1758 2605/3404/1758 2590/3383/1758
f 2583/3384/1757 2599/3406/1757 2584/3385/1757
f 2611/3402/1787 2625/3407/1787 2610/3400/1787
f 2603/3078/1943 2619/3078/1943 2604/3078/1943
f 2597/3401/1785 2274/3082/1785 2612/3408/1785
f 2281/3084/1784 2626/3409/1784 2611/3402/1784
f 2605/3404/1944 2619/3410/1944 2604/3403/1944
f 2597/3401/1782 2613/3411/1782 2598/3405/1782
f 2606/3392/1781 2620/3412/1781 2605/3404/1781
f 2598/3405/1780 2614/3413/1780 2599/3406/1780
f 2607/3394/1779 2621/3414/1779 2606/3392/1779
f 2599/3406/1778 2615/3415/1778 2600/3393/1778
f 2608/3396/1777 2622/3416/1777 2607/3394/1777
f 2600/3393/1776 2616/3417/1776 2601/3395/1776
f 2609/3398/1775 2623/3418/1775 2608/3396/1775
f 2601/3395/1774 2617/3419/1774 2602/3397/1774
f 2610/3400/1773 2624/3420/1773 2609/3398/1773
f 2602/3397/1772 2618/3421/1772 2603/3399/1772
f 2614/3413/1802 2630/3422/1802 2615/3415/1802
f 2623/3418/1801 2637/3423/1801 2622/3416/1801
f 2615/3415/1800 2631/3424/1800 2616/3417/1800
f 2624/3420/1799 2638/3425/1799 2623/3418/1799
f 2616/3417/1798 2632/3426/1798 2617/3419/1798
f 2625/3407/1797 2639/3427/1797 2624/3420/1797
f 2617/3419/1796 2633/3428/1796 2618/3421/1796
f 2626/3409/1795 2640/3429/1795 2625/3407/1795
f 2618/3078/1794 2634/3078/1794 2619/3078/1794
f 2612/3408/1793 2274/3082/1793 2627/3430/1793
f 2281/3084/1792 2641/3431/1792 2626/3409/1792
f 2620/3412/1945 2634/3432/1945 2635/3433/1945
f 2612/3408/1790 2628/3434/1790 2613/3411/1790
f 2621/3414/1789 2635/3433/1789 2620/3412/1789
f 2613/3411/1788 2629/3435/1788 2614/3413/1788
f 2622/3416/1803 2636/3436/1803 2621/3414/1803
f 2634/3078/1946 2648/3078/1946 2649/3078/1946
f 2627/3430/1816 2274/3082/1816 2642/3437/1816
f 2281/3084/1815 2656/3438/1815 2641/3431/1815
f 2650/3439/1814 2634/3432/1814 2635/3433/1814
f 2628/3434/1813 2642/3437/1813 2643/3440/1813
f 2651/3441/1812 2635/3433/1812 2636/3436/1812
f 2629/3435/1811 2643/3440/1811 2644/3442/1811
f 2652/3443/1810 2636/3436/1810 2637/3423/1810
f 2630/3422/1809 2644/3442/1809 2645/3444/1809
f 2653/3445/1808 2637/3423/1808 2638/3425/1808
f 2631/3424/1807 2645/3444/1807 2646/3446/1807
f 2654/3447/1806 2638/3425/1806 2639/3427/1806
f 2632/3426/1805 2646/3446/1805 2647/3448/1805
f 2655/3449/1804 2639/3427/1804 2640/3429/1804
f 2633/3428/1819 2647/3448/1819 2648/3450/1819
f 2656/3438/1818 2640/3429/1818 2641/3431/1818
f 2668/3451/1832 2652/3443/1832 2653/3445/1832
f 2646/3446/1831 2660/3452/1831 2661/3453/1831
f 2669/3454/1830 2653/3445/1830 2654/3447/1830
f 2647/3448/1829 2661/3453/1829 2662/3455/1829
f 2670/3456/1828 2654/3447/1828 2655/3449/1828
f 2648/3450/1827 2662/3455/1827 2663/3457/1827
f 2671/3458/1826 2655/3449/1826 2656/3438/1826
f 2649/3078/1947 2663/3078/1947 2664/3078/1947
f 2642/3437/1824 2274/3082/1824 2657/3459/1824
f 2281/3084/1823 2671/3458/1823 2656/3438/1823
f 2649/3460/1948 2665/3461/1948 2650/3439/1948
f 2643/3440/1821 2657/3459/1821 2658/3462/1821
f 2666/3463/1820 2650/3439/1820 2651/3441/1820
f 2644/3442/1835 2658/3462/1835 2659/3464/1835
f 2667/3465/1834 2651/3441/1834 2652/3443/1834
f 2645/3444/1833 2659/3464/1833 2660/3452/1833
f 2657/3459/1847 2274/3082/1847 2672/3466/1847
f 2281/3084/1846 2686/3467/1846 2671/3458/1846
f 2680/3078/1845 2664/3078/1845 2665/3078/1845
f 2658/3462/1844 2672/3466/1844 2673/3468/1844
f 2681/3469/1843 2665/3461/1843 2666/3463/1843
f 2659/3464/1842 2673/3468/1842 2674/3470/1842
f 2682/3471/1841 2666/3463/1841 2667/3465/1841
f 2660/3452/1840 2674/3470/1840 2675/3472/1840
f 2683/3473/1839 2667/3465/1839 2668/3451/1839
f 2661/3453/1838 2675/3472/1838 2676/3474/1838
f 2684/3475/1837 2668/3451/1837 2669/3454/1837
f 2662/3455/1836 2676/3474/1836 2677/3476/1836
f 2685/3477/1851 2669/3454/1851 2670/3456/1851
f 2663/3457/1850 2677/3476/1850 2678/3478/1850
f 2686/3467/1849 2670/3456/1849 2671/3458/1849
f 2664/3078/1949 2678/3078/1949 2679/3078/1949
f 2676/3474/1862 2690/3479/1862 2691/3480/1862
f 2699/3481/1861 2683/3473/1861 2684/3475/1861
f 2677/3476/1860 2691/3480/1860 2692/3482/1860
f 2700/3483/1859 2684/3475/1859 2685/3477/1859
f 2678/3478/1858 2692/3482/1858 2693/3484/1858
f 2701/3485/1857 2685/3477/1857 2686/3467/1857
f 2679/3078/1950 2693/3078/1950 2694/3078/1950
f 2672/3466/1855 2274/3082/1855 2687/3486/1855
f 2281/3084/1854 2701/3485/1854 2686/3467/1854
f 2695/3078/1951 2679/3078/1951 2680/3078/1951
f 2673/3468/1852 2687/3486/1852 2688/3487/1852
f 2696/3488/1867 2680/3489/1867 2681/3469/1867
f 2674/3470/1866 2688/3487/1866 2689/3490/1866
f 2697/3491/1865 2681/3469/1865 2682/3471/1865
f 2675/3472/1864 2689/3490/1864 2690/3479/1864
f 2698/3492/1863 2682/3471/1863 2683/3473/1863
f 2710/3078/1875 2694/3078/1875 2695/3078/1875
f 2688/3487/1874 2702/3493/1874 2703/3494/1874
f 2711/3495/1952 2695/3496/1952 2696/3488/1952
f 2689/3490/1872 2703/3494/1872 2704/3497/1872
f 2712/3498/1871 2696/3488/1871 2697/3491/1871
f 2690/3479/1870 2704/3497/1870 2705/3499/1870
f 2713/3500/1869 2697/3491/1869 2698/3492/1869
f 2691/3480/1868 2705/3499/1868 2706/3501/1868
f 2714/3502/1883 2698/3492/1883 2699/3481/1883
f 2692/3482/1882 2706/3501/1882 2707/3503/1882
f 2715/3504/1881 2699/3481/1881 2700/3483/1881
f 2693/3484/1880 2707/3503/1880 2708/3505/1880
f 2716/3506/1879 2700/3483/1879 2701/3485/1879
f 2694/3078/1878 2708/3078/1878 2709/3078/1878
f 2687/3486/1877 2274/3082/1877 2702/3493/1877
f 2281/3084/1876 2716/3506/1876 2701/3485/1876
f 2729/3507/1891 2713/3500/1891 2714/3502/1891
f 2707/3503/1890 2721/3508/1890 2722/3509/1890
f 2730/3510/1889 2714/3502/1889 2715/3504/1889
f 2708/3078/1888 2722/3078/1888 2723/3078/1888
f 2731/3511/1887 2715/3504/1887 2716/3506/1887
f 2709/3078/1886 2723/3078/1886 2724/3078/1886
f 2702/3493/1885 2274/3082/1885 2717/3512/1885
f 2281/3084/1884 2731/3511/1884 2716/3506/1884
f 2709/3078/1953 2725/3078/1953 2710/3078/1953
f 2703/3494/1898 2717/3512/1898 2718/3513/1898
f 2726/3078/1897 2710/3078/1897 2711/3078/1897
f 2704/3497/1896 2718/3513/1896 2719/3514/1896
f 2727/3515/1895 2711/3495/1895 2712/3498/1895
f 2705/3499/1894 2719/3514/1894 2720/3516/1894
f 2728/3517/1893 2712/3498/1893 2713/3500/1893
f 2706/3501/1892 2720/3516/1892 2721/3508/1892
f 2741/3078/1904 2725/3078/1904 2726/3078/1904
f 2719/3514/1903 2733/3518/1903 2734/3519/1903
f 2742/3520/1902 2726/3521/1902 2727/3515/1902
f 2720/3516/1901 2734/3519/1901 2735/3522/1901
f 2743/3523/1900 2727/3515/1900 2728/3517/1900
f 2721/3508/1915 2735/3522/1915 2736/3524/1915
f 2744/3525/1914 2728/3517/1914 2729/3507/1914
f 2722/3509/1913 2736/3524/1913 2737/3526/1913
f 2745/3527/1912 2729/3507/1912 2730/3510/1912
f 2723/3078/1911 2737/3078/1911 2738/3078/1911
f 2746/3528/1910 2730/3510/1910 2731/3511/1910
f 2724/3078/1954 2738/3078/1954 2739/3078/1954
f 2717/3512/1908 2274/3082/1908 2732/3529/1908
f 2281/3084/1907 2746/3528/1907 2731/3511/1907
f 2740/3078/1906 2724/3078/1906 2725/3078/1906
f 2718/3513/1905 2732/3529/1905 2733/3518/1905
f 2754/3075/1919 2744/3525/1919 2745/3527/1919
f 2738/3078/1918 2750/3078/1918 2277/3078/1918
f 2755/3079/1917 2745/3527/1917 2746/3528/1917
f 2739/3078/1916 2277/3078/1916 2278/3078/1916
f 2732/3529/1931 2274/3082/1931 2747/3081/1931
f 2281/3084/1930 2755/3079/1930 2746/3528/1930
f 2739/3078/1955 2279/3078/1955 2740/3078/1955
f 2733/3518/1928 2747/3081/1928 2748/3087/1928
f 2751/3078/1927 2740/3078/1927 2741/3078/1927
f 2734/3519/1926 2748/3087/1926 2275/3089/1926
f 2280/3090/1925 2741/3530/1925 2742/3520/1925
f 2735/3522/1924 2275/3089/1924 2749/3094/1924
f 2752/3095/1923 2742/3520/1923 2743/3523/1923
f 2736/3524/1922 2749/3094/1922 2276/3072/1922
f 2753/3077/1921 2743/3523/1921 2744/3525/1921
f 2737/3526/1920 2276/3072/1920 2750/3074/1920
f 2276/3072/1676 2286/3097/1676 2287/3073/1676
f 2754/3075/1677 2295/3080/1677 2294/3076/1677
f 2750/3078/1678 2287/3078/1678 2288/3078/1678
f 2755/3079/1679 2296/3085/1679 2295/3080/1679
f 2277/3078/1956 2288/3078/1956 2289/3078/1956
f 2279/3078/1683 2290/3078/1683 2289/3078/1683
f 2747/3081/1684 2282/3083/1684 2283/3086/1684
f 2751/3078/1932 2291/3078/1932 2290/3078/1932
f 2748/3087/1686 2283/3086/1686 2284/3088/1686
f 2280/3090/1687 2292/3096/1687 2291/3091/1687
f 2275/3089/1688 2284/3088/1688 2285/3093/1688
f 2752/3095/1689 2293/3098/1689 2292/3096/1689
f 2749/3094/1690 2285/3093/1690 2286/3097/1690
f 2753/3077/1691 2294/3076/1691 2293/3098/1691
f 2293/3098/1692 2308/3101/1692 2307/3099/1692
f 2285/3093/1693 2300/3110/1693 2301/3100/1693
f 2294/3076/1694 2309/3103/1694 2308/3101/1694
f 2286/3097/1695 2301/3100/1695 2302/3102/1695
f 2295/3080/1696 2310/3104/1696 2309/3103/1696
f 2287/3078/1697 2302/3078/1697 2303/3078/1697
f 2296/3085/1698 2311/3106/1698 2310/3104/1698
f 2288/3078/1699 2303/3078/1699 2304/3078/1699
f 2290/3078/1702 2305/3078/1702 2304/3078/1702
f 2282/3083/1703 2297/3105/1703 2298/3107/1703
f 2291/3078/1704 2306/3078/1704 2305/3078/1704
f 2283/3086/1705 2298/3107/1705 2299/3108/1705
f 2292/3096/1706 2307/3099/1706 2306/3109/1706
f 2284/3088/1707 2299/3108/1707 2300/3110/1707
f 2305/3078/1709 2320/3078/1709 2319/3078/1709
f 2297/3105/1710 2312/3124/1710 2313/3112/1710
f 2306/3109/1711 2321/3116/1711 2320/3113/1711
f 2298/3107/1712 2313/3112/1712 2314/3115/1712
f 2307/3099/1713 2322/3118/1713 2321/3116/1713
f 2299/3108/1714 2314/3115/1714 2315/3117/1714
f 2308/3101/1715 2323/3120/1715 2322/3118/1715
f 2300/3110/1716 2315/3117/1716 2316/3119/1716
f 2309/3103/1717 2324/3122/1717 2323/3120/1717
f 2301/3100/1718 2316/3119/1718 2317/3121/1718
f 2310/3104/1719 2325/3123/1719 2324/3122/1719
f 2302/3078/1720 2317/3078/1720 2318/3078/1720
f 2311/3106/1721 2326/3111/1721 2325/3123/1721
f 2303/3078/1957 2318/3078/1957 2319/3078/1957
f 2324/3122/1724 2339/3127/1724 2338/3125/1724
f 2316/3119/1725 2331/3139/1725 2332/3126/1725
f 2325/3123/1726 2340/3130/1726 2339/3127/1726
f 2317/3121/1727 2332/3126/1727 2333/3128/1727
f 2326/3111/1728 2341/3132/1728 2340/3130/1728
f 2318/3078/1729 2333/3078/1729 2334/3078/1729
f 2320/3078/1732 2319/3078/1732 2334/3078/1732
f 2312/3124/1733 2327/3131/1733 2328/3133/1733
f 2321/3116/1937 2336/3136/1937 2335/3134/1937
f 2313/3112/1735 2328/3133/1735 2329/3135/1735
f 2322/3118/1736 2337/3138/1736 2336/3136/1736
f 2314/3115/1737 2329/3135/1737 2330/3137/1737
f 2323/3120/1738 2338/3125/1738 2337/3138/1738
f 2315/3117/1739 2330/3137/1739 2331/3139/1739
f 2327/3131/1740 2342/3152/1740 2343/3140/1740
f 2336/3136/1741 2351/3143/1741 2350/3141/1741
f 2328/3133/1742 2343/3140/1742 2344/3142/1742
f 2337/3138/1743 2352/3145/1743 2351/3143/1743
f 2329/3135/1744 2344/3142/1744 2345/3144/1744
f 2338/3125/1745 2353/3147/1745 2352/3145/1745
f 2330/3137/1746 2345/3144/1746 2346/3146/1746
f 2339/3127/1747 2354/3149/1747 2353/3147/1747
f 2331/3139/1748 2346/3146/1748 2347/3148/1748
f 2340/3130/1749 2355/3151/1749 2354/3149/1749
f 2332/3126/1750 2347/3148/1750 2348/3150/1750
f 2341/3132/1751 2356/3153/1751 2355/3151/1751
f 2333/3078/1752 2348/3078/1752 2349/3078/1752
f 2335/3078/1755 2334/3078/1755 2349/3078/1755
f 2346/3146/1756 2361/3168/1756 2362/3154/1756
f 2355/3151/1757 2370/3157/1757 2369/3155/1757
f 2347/3148/1758 2362/3154/1758 2363/3156/1758
f 2356/3153/1759 2371/3159/1759 2370/3157/1759
f 2348/3078/1760 2363/3078/1760 2364/3078/1760
f 2350/3141/1763 2365/3163/1763 2364/3160/1763
f 2342/3152/1764 2357/3158/1764 2358/3162/1764
f 2351/3143/1765 2366/3165/1765 2365/3163/1765
f 2343/3140/1766 2358/3162/1766 2359/3164/1766
f 2352/3145/1767 2367/3167/1767 2366/3165/1767
f 2344/3142/1768 2359/3164/1768 2360/3166/1768
f 2353/3147/1769 2368/3169/1769 2367/3167/1769
f 2345/3144/1770 2360/3166/1770 2361/3168/1770
f 2354/3149/1771 2369/3155/1771 2368/3169/1771
f 2366/3165/1772 2381/3172/1772 2380/3170/1772
f 2358/3162/1773 2373/3184/1773 2374/3171/1773
f 2367/3167/1774 2382/3174/1774 2381/3172/1774
f 2359/3164/1775 2374/3171/1775 2375/3173/1775
f 2368/3169/1776 2383/3176/1776 2382/3174/1776
f 2360/3166/1777 2375/3173/1777 2376/3175/1777
f 2369/3155/1778 2384/3178/1778 2383/3176/1778
f 2361/3168/1779 2376/3175/1779 2377/3177/1779
f 2370/3157/1780 2385/3180/1780 2384/3178/1780
f 2362/3154/1781 2377/3177/1781 2378/3179/1781
f 2371/3159/1782 2386/3182/1782 2385/3180/1782
f 2363/3078/1944 2378/3078/1944 2379/3078/1944
f 2365/3163/1786 2364/3160/1786 2379/3183/1786
f 2357/3158/1787 2372/3181/1787 2373/3184/1787
f 2385/3180/1788 2400/3187/1788 2399/3185/1788
f 2377/3177/1789 2392/3199/1789 2393/3186/1789
f 2386/3182/1790 2401/3189/1790 2400/3187/1790
f 2378/3078/1791 2393/3078/1791 2394/3078/1791
f 2380/3170/1794 2395/3192/1794 2394/3190/1794
f 2372/3181/1795 2387/3188/1795 2388/3191/1795
f 2381/3172/1796 2396/3194/1796 2395/3192/1796
f 2373/3184/1797 2388/3191/1797 2389/3193/1797
f 2382/3174/1798 2397/3196/1798 2396/3194/1798
f 2374/3171/1799 2389/3193/1799 2390/3195/1799
f 2383/3176/1800 2398/3198/1800 2397/3196/1800
f 2375/3173/1801 2390/3195/1801 2391/3197/1801
f 2384/3178/1802 2399/3185/1802 2398/3198/1802
f 2376/3175/1803 2391/3197/1803 2392/3199/1803
f 2389/3193/1804 2388/3191/1804 2403/3200/1804
f 2412/3202/1805 2411/3213/1805 2396/3194/1805
f 2390/3195/1806 2389/3193/1806 2404/3201/1806
f 2413/3204/1807 2412/3202/1807 2397/3196/1807
f 2391/3197/1808 2390/3195/1808 2405/3203/1808
f 2414/3206/1809 2413/3204/1809 2398/3198/1809
f 2392/3199/1810 2391/3197/1810 2406/3205/1810
f 2415/3208/1811 2414/3206/1811 2399/3185/1811
f 2393/3186/1812 2392/3199/1812 2407/3207/1812
f 2416/3210/1813 2415/3208/1813 2400/3187/1813
f 2394/3078/1814 2393/3078/1814 2408/3078/1814
f 2394/3190/1817 2409/3218/1817 2410/3212/1817
f 2388/3191/1818 2387/3188/1818 2402/3211/1818
f 2411/3213/1819 2410/3212/1819 2395/3192/1819
f 2408/3209/1820 2407/3207/1820 2422/3214/1820
f 2431/3216/1821 2430/3228/1821 2415/3208/1821
f 2409/3078/1958 2408/3078/1958 2423/3078/1958
f 2409/3218/1959 2424/3240/1959 2425/3219/1959
f 2403/3200/1826 2402/3211/1826 2417/3217/1826
f 2426/3221/1827 2425/3219/1827 2410/3212/1827
f 2404/3201/1828 2403/3200/1828 2418/3220/1828
f 2427/3223/1829 2426/3221/1829 2411/3213/1829
f 2405/3203/1830 2404/3201/1830 2419/3222/1830
f 2428/3225/1831 2427/3223/1831 2412/3202/1831
f 2406/3205/1832 2405/3203/1832 2420/3224/1832
f 2429/3227/1833 2428/3225/1833 2413/3204/1833
f 2407/3207/1834 2406/3205/1834 2421/3226/1834
f 2430/3228/1835 2429/3227/1835 2414/3206/1835
f 2442/3229/1836 2441/3243/1836 2426/3221/1836
f 2420/3224/1837 2419/3222/1837 2434/3230/1837
f 2443/3232/1838 2442/3229/1838 2427/3223/1838
f 2421/3226/1839 2420/3224/1839 2435/3231/1839
f 2444/3234/1840 2443/3232/1840 2428/3225/1840
f 2422/3214/1841 2421/3226/1841 2436/3233/1841
f 2445/3236/1842 2444/3234/1842 2429/3227/1842
f 2423/3215/1843 2422/3214/1843 2437/3235/1843
f 2446/3238/1844 2445/3236/1844 2430/3228/1844
f 2424/3078/1845 2423/3078/1845 2438/3078/1845
f 2424/3240/1848 2439/3249/1848 2440/3241/1848
f 2418/3220/1849 2417/3217/1849 2432/3239/1849
f 2441/3243/1850 2440/3241/1850 2425/3219/1850
f 2419/3222/1851 2418/3220/1851 2433/3242/1851
f 2461/3244/1852 2460/3260/1852 2445/3236/1852
f 2439/3245/1853 2438/3237/1853 2453/3246/1853
f 2439/3249/1856 2454/3272/1856 2455/3250/1856
f 2433/3242/1857 2432/3239/1857 2447/3248/1857
f 2456/3252/1858 2455/3250/1858 2440/3241/1858
f 2434/3230/1859 2433/3242/1859 2448/3251/1859
f 2457/3254/1860 2456/3252/1860 2441/3243/1860
f 2435/3231/1861 2434/3230/1861 2449/3253/1861
f 2458/3256/1862 2457/3254/1862 2442/3229/1862
f 2436/3233/1863 2435/3231/1863 2450/3255/1863
f 2459/3258/1864 2458/3256/1864 2443/3232/1864
f 2437/3235/1865 2436/3233/1865 2451/3257/1865
f 2460/3260/1866 2459/3258/1866 2444/3234/1866
f 2438/3237/1867 2437/3235/1867 2452/3259/1867
f 2473/3261/1868 2472/3276/1868 2457/3254/1868
f 2451/3257/1869 2450/3255/1869 2465/3262/1869
f 2474/3264/1870 2473/3261/1870 2458/3256/1870
f 2452/3259/1871 2451/3257/1871 2466/3263/1871
f 2475/3266/1872 2474/3264/1872 2459/3258/1872
f 2453/3246/1873 2452/3259/1873 2467/3265/1873
f 2476/3268/1874 2475/3266/1874 2460/3260/1874
f 2454/3247/1875 2453/3246/1875 2468/3267/1875
f 2470/3271/1878 2469/3531/1878 2454/3272/1878
f 2448/3251/1879 2447/3248/1879 2462/3270/1879
f 2471/3274/1960 2470/3271/1960 2455/3250/1960
f 2449/3253/1881 2448/3251/1881 2463/3273/1881
f 2472/3276/1882 2471/3274/1882 2456/3252/1882
f 2450/3255/1883 2449/3253/1883 2464/3275/1883
f 2485/3078/1886 2484/3078/1886 2469/3078/1886
f 2463/3273/1887 2462/3270/1887 2477/3277/1887
f 2486/3280/1888 2485/3300/1888 2470/3271/1888
f 2464/3275/1889 2463/3273/1889 2478/3279/1889
f 2487/3282/1890 2486/3280/1890 2471/3274/1890
f 2465/3262/1891 2464/3275/1891 2479/3281/1891
f 2488/3284/1892 2487/3282/1892 2472/3276/1892
f 2466/3263/1893 2465/3262/1893 2480/3283/1893
f 2489/3286/1894 2488/3284/1894 2473/3261/1894
f 2467/3265/1895 2466/3263/1895 2481/3285/1895
f 2490/3288/1896 2489/3286/1896 2474/3264/1896
f 2468/3267/1897 2467/3265/1897 2482/3287/1897
f 2491/3278/1898 2490/3288/1898 2475/3266/1898
f 2469/3078/1961 2468/3078/1961 2483/3078/1961
f 2481/3285/1900 2480/3283/1900 2495/3290/1900
f 2504/3292/1901 2503/3303/1901 2488/3284/1901
f 2482/3287/1902 2481/3285/1902 2496/3291/1902
f 2505/3294/1903 2504/3292/1903 2489/3286/1903
f 2483/3289/1904 2482/3287/1904 2497/3293/1904
f 2506/3296/1905 2505/3294/1905 2490/3288/1905
f 2484/3078/1906 2483/3078/1906 2498/3078/1906
f 2484/3078/1909 2499/3078/1909 2500/3078/1909
f 2478/3279/1910 2477/3277/1910 2492/3297/1910
f 2501/3299/1911 2500/3307/1911 2485/3300/1911
f 2479/3281/1912 2478/3279/1912 2493/3298/1912
f 2502/3302/1913 2501/3299/1913 2486/3280/1913
f 2480/3283/1914 2479/3281/1914 2494/3301/1914
f 2503/3303/1915 2502/3302/1915 2487/3282/1915
f 2515/3078/1916 2514/3078/1916 2499/3078/1916
f 2493/3298/1917 2492/3297/1917 2507/3304/1917
f 2516/3306/1918 2515/3327/1918 2500/3307/1918
f 2494/3301/1919 2493/3298/1919 2508/3305/1919
f 2517/3309/1920 2516/3306/1920 2501/3299/1920
f 2495/3290/1921 2494/3301/1921 2509/3308/1921
f 2518/3311/1922 2517/3309/1922 2502/3302/1922
f 2496/3291/1923 2495/3290/1923 2510/3310/1923
f 2519/3313/1924 2518/3311/1924 2503/3303/1924
f 2497/3293/1925 2496/3291/1925 2511/3312/1925
f 2520/3315/1926 2519/3313/1926 2504/3292/1926
f 2498/3295/1927 2497/3293/1927 2512/3314/1927
f 2521/3317/1928 2520/3315/1928 2505/3294/1928
f 2499/3078/1929 2498/3078/1929 2513/3078/1929
f 2519/3313/1688 2534/3320/1688 2533/3318/1688
f 2511/3312/1687 2526/3332/1687 2527/3319/1687
f 2520/3315/1686 2535/3322/1686 2534/3320/1686
f 2512/3314/1932 2527/3319/1932 2528/3321/1932
f 2521/3317/1684 2536/3324/1684 2535/3322/1684
f 2513/3078/1683 2528/3078/1683 2529/3078/1683
f 2515/3078/1933 2514/3078/1933 2529/3078/1933
f 2507/3304/1679 2522/3323/1679 2523/3325/1679
f 2516/3306/1678 2531/3329/1678 2530/3326/1678
f 2508/3305/1677 2523/3325/1677 2524/3328/1677
f 2517/3309/1676 2532/3331/1676 2531/3329/1676
f 2509/3308/1691 2524/3328/1691 2525/3330/1691
f 2518/3311/1690 2533/3318/1690 2532/3331/1690
f 2510/3310/1689 2525/3330/1689 2526/3332/1689
f 2522/3323/1698 2537/3345/1698 2538/3333/1698
f 2531/3329/1697 2546/3336/1697 2545/3334/1697
f 2523/3325/1696 2538/3333/1696 2539/3335/1696
f 2532/3331/1695 2547/3338/1695 2546/3336/1695
f 2524/3328/1694 2539/3335/1694 2540/3337/1694
f 2533/3318/1693 2548/3340/1693 2547/3338/1693
f 2525/3330/1692 2540/3337/1692 2541/3339/1692
f 2534/3320/1707 2549/3342/1707 2548/3340/1707
f 2526/3332/1706 2541/3339/1706 2542/3341/1706
f 2535/3322/1705 2550/3344/1705 2549/3342/1705
f 2527/3319/1704 2542/3341/1704 2543/3343/1704
f 2536/3324/1703 2551/3346/1703 2550/3344/1703
f 2528/3078/1702 2543/3078/1702 2544/3078/1702
f 2530/3078/1934 2529/3078/1934 2544/3078/1934
f 2541/3339/1713 2556/3359/1713 2557/3347/1713
f 2550/3344/1712 2565/3350/1712 2564/3348/1712
f 2542/3341/1711 2557/3347/1711 2558/3349/1711
f 2551/3346/1710 2566/3352/1710 2565/3350/1710
f 2543/3078/1709 2558/3078/1709 2559/3078/1709
f 2545/3078/1936 2544/3078/1936 2559/3078/1936
f 2537/3345/1721 2552/3351/1721 2553/3353/1721
f 2546/3336/1720 2561/3356/1720 2560/3354/1720
f 2538/3333/1719 2553/3353/1719 2554/3355/1719
f 2547/3338/1718 2562/3358/1718 2561/3356/1718
f 2539/3335/1717 2554/3355/1717 2555/3357/1717
f 2548/3340/1716 2563/3360/1716 2562/3358/1716
f 2540/3337/1715 2555/3357/1715 2556/3359/1715
f 2549/3342/1714 2564/3348/1714 2563/3360/1714
f 2561/3356/1962 2576/3363/1962 2575/3361/1962
f 2553/3353/1726 2568/3374/1726 2569/3362/1726
f 2562/3358/1725 2577/3365/1725 2576/3363/1725
f 2554/3355/1724 2569/3362/1724 2570/3364/1724
f 2563/3360/1739 2578/3367/1739 2577/3365/1739
f 2555/3357/1738 2570/3364/1738 2571/3366/1738
f 2564/3348/1737 2579/3369/1737 2578/3367/1737
f 2556/3359/1736 2571/3366/1736 2572/3368/1736
f 2565/3350/1735 2580/3371/1735 2579/3369/1735
f 2557/3347/1937 2572/3368/1937 2573/3370/1937
f 2566/3352/1733 2581/3373/1733 2580/3371/1733
f 2558/3078/1938 2573/3078/1938 2574/3078/1938
f 2560/3078/1939 2559/3078/1939 2574/3078/1939
f 2552/3351/1728 2567/3372/1728 2568/3374/1728
f 2580/3371/1742 2595/3377/1742 2594/3375/1742
f 2572/3368/1741 2587/3391/1741 2588/3376/1741
f 2581/3373/1740 2596/3381/1740 2595/3377/1740
f 2573/3370/1940 2588/3376/1940 2589/3378/1940
f 2575/3361/1941 2574/3532/1941 2589/3382/1941
f 2567/3372/1751 2582/3380/1751 2583/3384/1751
f 2576/3363/1750 2591/3386/1750 2590/3383/1750
f 2568/3374/1749 2583/3384/1749 2584/3385/1749
f 2577/3365/1748 2592/3388/1748 2591/3386/1748
f 2569/3362/1747 2584/3385/1747 2585/3387/1747
f 2578/3367/1746 2593/3390/1746 2592/3388/1746
f 2570/3364/1745 2585/3387/1745 2586/3389/1745
f 2579/3369/1963 2594/3375/1963 2593/3390/1963
f 2571/3366/1743 2586/3389/1743 2587/3391/1743
f 2592/3388/1756 2607/3394/1756 2606/3392/1756
f 2584/3385/1771 2599/3406/1771 2600/3393/1771
f 2593/3390/1770 2608/3396/1770 2607/3394/1770
f 2585/3387/1769 2600/3393/1769 2601/3395/1769
f 2594/3375/1768 2609/3398/1768 2608/3396/1768
f 2586/3389/1767 2601/3395/1767 2602/3397/1767
f 2595/3377/1766 2610/3400/1766 2609/3398/1766
f 2587/3391/1765 2602/3397/1765 2603/3399/1765
f 2596/3381/1764 2611/3402/1764 2610/3400/1764
f 2588/3078/1763 2603/3078/1763 2604/3078/1763
f 2590/3383/1942 2589/3382/1942 2604/3403/1942
f 2582/3380/1759 2597/3401/1759 2598/3405/1759
f 2591/3386/1758 2606/3392/1758 2605/3404/1758
f 2583/3384/1757 2598/3405/1757 2599/3406/1757
f 2611/3402/1787 2626/3409/1787 2625/3407/1787
f 2603/3078/1943 2618/3078/1943 2619/3078/1943
f 2605/3404/1783 2620/3412/1783 2619/3410/1783
f 2597/3401/1782 2612/3408/1782 2613/3411/1782
f 2606/3392/1781 2621/3414/1781 2620/3412/1781
f 2598/3405/1780 2613/3411/1780 2614/3413/1780
f 2607/3394/1779 2622/3416/1779 2621/3414/1779
f 2599/3406/1778 2614/3413/1778 2615/3415/1778
f 2608/3396/1777 2623/3418/1777 2622/3416/1777
f 2600/3393/1776 2615/3415/1776 2616/3417/1776
f 2609/3398/1775 2624/3420/1775 2623/3418/1775
f 2601/3395/1774 2616/3417/1774 2617/3419/1774
f 2610/3400/1773 2625/3407/1773 2624/3420/1773
f 2602/3397/1772 2617/3419/1772 2618/3421/1772
f 2614/3413/1802 2629/3435/1802 2630/3422/1802
f 2623/3418/1801 2638/3425/1801 2637/3423/1801
f 2615/3415/1800 2630/3422/1800 2631/3424/1800
f 2624/3420/1799 2639/3427/1799 2638/3425/1799
f 2616/3417/1798 2631/3424/1798 2632/3426/1798
f 2625/3407/1797 2640/3429/1797 2639/3427/1797
f 2617/3419/1796 2632/3426/1796 2633/3428/1796
f 2626/3409/1795 2641/3431/1795 2640/3429/1795
f 2618/3078/1794 2633/3078/1794 2634/3078/1794
f 2620/3412/1945 2619/3410/1945 2634/3432/1945
f 2612/3408/1790 2627/3430/1790 2628/3434/1790
f 2621/3414/1789 2636/3436/1789 2635/3433/1789
f 2613/3411/1788 2628/3434/1788 2629/3435/1788
f 2622/3416/1803 2637/3423/1803 2636/3436/1803
f 2634/3078/1946 2633/3078/1946 2648/3078/1946
f 2650/3439/1814 2649/3460/1814 2634/3432/1814
f 2628/3434/1813 2627/3430/1813 2642/3437/1813
f 2651/3441/1812 2650/3439/1812 2635/3433/1812
f 2629/3435/1811 2628/3434/1811 2643/3440/1811
f 2652/3443/1810 2651/3441/1810 2636/3436/1810
f 2630/3422/1809 2629/3435/1809 2644/3442/1809
f 2653/3445/1808 2652/3443/1808 2637/3423/1808
f 2631/3424/1807 2630/3422/1807 2645/3444/1807
f 2654/3447/1806 2653/3445/1806 2638/3425/1806
f 2632/3426/1805 2631/3424/1805 2646/3446/1805
f 2655/3449/1804 2654/3447/1804 2639/3427/1804
f 2633/3428/1819 2632/3426/1819 2647/3448/1819
f 2656/3438/1818 2655/3449/1818 2640/3429/1818
f 2668/3451/1832 2667/3465/1832 2652/3443/1832
f 2646/3446/1831 2645/3444/1831 2660/3452/1831
f 2669/3454/1830 2668/3451/1830 2653/3445/1830
f 2647/3448/1829 2646/3446/1829 2661/3453/1829
f 2670/3456/1828 2669/3454/1828 2654/3447/1828
f 2648/3450/1827 2647/3448/1827 2662/3455/1827
f 2671/3458/1826 2670/3456/1826 2655/3449/1826
f 2649/3078/1964 2648/3078/1964 2663/3078/1964
f 2649/3460/1965 2664/3533/1965 2665/3461/1965
f 2643/3440/1821 2642/3437/1821 2657/3459/1821
f 2666/3463/1820 2665/3461/1820 2650/3439/1820
f 2644/3442/1835 2643/3440/1835 2658/3462/1835
f 2667/3465/1834 2666/3463/1834 2651/3441/1834
f 2645/3444/1833 2644/3442/1833 2659/3464/1833
f 2680/3078/1845 2679/3078/1845 2664/3078/1845
f 2658/3462/1844 2657/3459/1844 2672/3466/1844
f 2681/3469/1843 2680/3489/1843 2665/3461/1843
f 2659/3464/1842 2658/3462/1842 2673/3468/1842
f 2682/3471/1841 2681/3469/1841 2666/3463/1841
f 2660/3452/1840 2659/3464/1840 2674/3470/1840
f 2683/3473/1839 2682/3471/1839 2667/3465/1839
f 2661/3453/1838 2660/3452/1838 2675/3472/1838
f 2684/3475/1837 2683/3473/1837 2668/3451/1837
f 2662/3455/1836 2661/3453/1836 2676/3474/1836
f 2685/3477/1851 2684/3475/1851 2669/3454/1851
f 2663/3457/1850 2662/3455/1850 2677/3476/1850
f 2686/3467/1849 2685/3477/1849 2670/3456/1849
f 2664/3078/1949 2663/3078/1949 2678/3078/1949
f 2676/3474/1862 2675/3472/1862 2690/3479/1862
f 2699/3481/1861 2698/3492/1861 2683/3473/1861
f 2677/3476/1860 2676/3474/1860 2691/3480/1860
f 2700/3483/1859 2699/3481/1859 2684/3475/1859
f 2678/3478/1858 2677/3476/1858 2692/3482/1858
f 2701/3485/1857 2700/3483/1857 2685/3477/1857
f 2679/3078/1950 2678/3078/1950 2693/3078/1950
f 2695/3078/1853 2694/3078/1853 2679/3078/1853
f 2673/3468/1852 2672/3466/1852 2687/3486/1852
f 2696/3488/1867 2695/3496/1867 2680/3489/1867
f 2674/3470/1866 2673/3468/1866 2688/3487/1866
f 2697/3491/1865 2696/3488/1865 2681/3469/1865
f 2675/3472/1864 2674/3470/1864 2689/3490/1864
f 2698/3492/1863 2697/3491/1863 2682/3471/1863
f 2710/3078/1875 2709/3078/1875 2694/3078/1875
f 2688/3487/1874 2687/3486/1874 2702/3493/1874
f 2711/3495/1952 2710/3534/1952 2695/3496/1952
f 2689/3490/1872 2688/3487/1872 2703/3494/1872
f 2712/3498/1871 2711/3495/1871 2696/3488/1871
f 2690/3479/1870 2689/3490/1870 2704/3497/1870
f 2713/3500/1869 2712/3498/1869 2697/3491/1869
f 2691/3480/1868 2690/3479/1868 2705/3499/1868
f 2714/3502/1883 2713/3500/1883 2698/3492/1883
f 2692/3482/1882 2691/3480/1882 2706/3501/1882
f 2715/3504/1881 2714/3502/1881 2699/3481/1881
f 2693/3484/1880 2692/3482/1880 2707/3503/1880
f 2716/3506/1879 2715/3504/1879 2700/3483/1879
f 2694/3078/1878 2693/3078/1878 2708/3078/1878
f 2729/3507/1891 2728/3517/1891 2713/3500/1891
f 2707/3503/1890 2706/3501/1890 2721/3508/1890
f 2730/3510/1889 2729/3507/1889 2714/3502/1889
f 2708/3078/1888 2707/3078/1888 2722/3078/1888
f 2731/3511/1887 2730/3510/1887 2715/3504/1887
f 2709/3078/1966 2708/3078/1966 2723/3078/1966
f 2709/3078/1967 2724/3078/1967 2725/3078/1967
f 2703/3494/1898 2702/3493/1898 2717/3512/1898
f 2726/3078/1897 2725/3078/1897 2710/3078/1897
f 2704/3497/1896 2703/3494/1896 2718/3513/1896
f 2727/3515/1895 2726/3521/1895 2711/3495/1895
f 2705/3499/1894 2704/3497/1894 2719/3514/1894
f 2728/3517/1893 2727/3515/1893 2712/3498/1893
f 2706/3501/1892 2705/3499/1892 2720/3516/1892
f 2741/3078/1904 2740/3078/1904 2725/3078/1904
f 2719/3514/1903 2718/3513/1903 2733/3518/1903
f 2742/3520/1902 2741/3530/1902 2726/3521/1902
f 2720/3516/1901 2719/3514/1901 2734/3519/1901
f 2743/3523/1900 2742/3520/1900 2727/3515/1900
f 2721/3508/1915 2720/3516/1915 2735/3522/1915
f 2744/3525/1914 2743/3523/1914 2728/3517/1914
f 2722/3509/1913 2721/3508/1913 2736/3524/1913
f 2745/3527/1912 2744/3525/1912 2729/3507/1912
f 2723/3078/1911 2722/3078/1911 2737/3078/1911
f 2746/3528/1910 2745/3527/1910 2730/3510/1910
f 2724/3078/1954 2723/3078/1954 2738/3078/1954
f 2740/3078/1968 2739/3078/1968 2724/3078/1968
f 2718/3513/1905 2717/3512/1905 2732/3529/1905
f 2754/3075/1919 2753/3077/1919 2744/3525/1919
f 2738/3078/1918 2737/3078/1918 2750/3078/1918
f 2755/3079/1917 2754/3075/1917 2745/3527/1917
f 2739/3078/1916 2738/3078/1916 2277/3078/1916
f 2739/3078/1955 2278/3078/1955 2279/3078/1955
f 2733/3518/1928 2732/3529/1928 2747/3081/1928
f 2751/3078/1927 2279/3078/1927 2740/3078/1927
f 2734/3519/1926 2733/3518/1926 2748/3087/1926
f 2280/3090/1925 2751/3092/1925 2741/3530/1925
f 2735/3522/1924 2734/3519/1924 2275/3089/1924
f 2752/3095/1923 2280/3090/1923 2742/3520/1923
f 2736/3524/1922 2735/3522/1922 2749/3094/1922
f 2753/3077/1921 2752/3095/1921 2743/3523/1921
f 2737/3526/1920 2736/3524/1920 2276/3072/1920
