# Blender 5.0.1
# www.blender.org
mtllib arco_gris.mtl
g Arco_gris_Malla
v -2.929800 -0.000000 -0.000000
v -2.929800 -0.000000 0.095089
v -2.572794 -0.000000 0.095089
v -2.572794 -0.000000 -0.000000
v -2.927890 0.105772 0.000000
v -2.927890 0.105772 0.095089
v -2.571117 0.092884 0.095089
v -2.571117 0.092884 0.000000
v -2.922162 0.211407 0.000000
v -2.922162 0.211407 0.095089
v -2.566087 0.185646 0.095089
v -2.566087 0.185646 0.000000
v -2.912625 0.316766 0.000000
v -2.912625 0.316766 0.095089
v -2.557713 0.278167 0.095089
v -2.557713 0.278167 0.000000
v -2.899290 0.421712 0.000000
v -2.899290 0.421712 0.095089
v -2.546003 0.370325 0.095089
v -2.546003 0.370325 0.000000
v -2.882175 0.526108 0.000000
v -2.882175 0.526108 0.095089
v -2.530973 0.462000 0.095089
v -2.530973 0.462000 0.000000
v -2.861303 0.629818 0.000000
v -2.861303 0.629818 0.095089
v -2.512644 0.553073 0.095089
v -2.512644 0.553073 0.000000
v -2.836700 0.732708 0.000000
v -2.836700 0.732708 0.095089
v -2.491039 0.643425 0.095089
v -2.491039 0.643425 0.000000
v -2.808398 0.834641 0.000000
v -2.808398 0.834641 0.095089
v -2.466186 0.732938 0.095089
v -2.466186 0.732938 0.000000
v -2.776435 0.935487 0.000000
v -2.776435 0.935487 0.095089
v -2.438117 0.821495 0.095089
v -2.438117 0.821495 0.000000
v -2.740851 1.035113 0.000000
v -2.740851 1.035113 0.095089
v -2.406870 0.908981 0.095089
v -2.406870 0.908981 0.000000
v -2.701695 1.133389 0.000000
v -2.701695 1.133389 0.095090
v -2.372485 0.995282 0.095089
v -2.372485 0.995282 0.000000
v -2.659016 1.230188 0.000000
v -2.659016 1.230188 0.095090
v -2.335006 1.080285 0.095089
v -2.335006 1.080285 0.000000
v -2.612870 1.325382 0.000000
v -2.612870 1.325382 0.095090
v -2.294483 1.163880 0.095090
v -2.294483 1.163880 0.000000
v -2.563317 1.418849 0.000000
v -2.563317 1.418849 0.095090
v -2.250968 1.245958 0.095090
v -2.250968 1.245958 0.000000
v -2.510422 1.510466 0.000000
v -2.510422 1.510466 0.095090
v -2.204519 1.326411 0.095090
v -2.204519 1.326411 0.000000
v -2.454254 1.600113 0.000000
v -2.454254 1.600113 0.095090
v -2.155195 1.405134 0.095090
v -2.155195 1.405134 0.000000
v -2.394886 1.687674 0.000000
v -2.394886 1.687674 0.095090
v -2.103062 1.482026 0.095090
v -2.103062 1.482026 0.000000
v -2.332396 1.773035 0.000001
v -2.332396 1.773035 0.095090
v -2.048186 1.556985 0.095090
v -2.048186 1.556985 0.000000
v -2.266865 1.856084 0.000001
v -2.266865 1.856084 0.095090
v -1.990641 1.629914 0.095090
v -1.990641 1.629914 0.000000
v -2.198379 1.936713 0.000001
v -2.198379 1.936713 0.095090
v -1.930499 1.700718 0.095090
v -1.930499 1.700718 0.000000
v -2.127026 2.014817 0.000001
v -2.127026 2.014817 0.095090
v -1.867841 1.769305 0.095090
v -1.867841 1.769305 0.000000
v -2.052899 2.090294 0.000001
v -2.052899 2.090294 0.095090
v -1.802747 1.835585 0.095090
v -1.802747 1.835585 0.000001
v -1.976097 2.163046 0.000001
v -1.976097 2.163046 0.095090
v -1.735303 1.899472 0.095090
v -1.735303 1.899472 0.000001
v -1.896718 2.232977 0.000001
v -1.896718 2.232977 0.095090
v -1.665596 1.960882 0.095090
v -1.665596 1.960882 0.000001
v -1.814865 2.299998 0.000001
v -1.814865 2.299998 0.095090
v -1.593718 2.019736 0.095090
v -1.593718 2.019736 0.000001
v -1.730647 2.364019 0.000001
v -1.730647 2.364019 0.095090
v -1.519762 2.075956 0.095090
v -1.519762 2.075956 0.000001
v -1.644172 2.424958 0.000001
v -1.644172 2.424958 0.095090
v -1.443825 2.129469 0.095090
v -1.443825 2.129469 0.000001
v -1.555554 2.482736 0.000001
v -1.555554 2.482736 0.095090
v -1.366004 2.180207 0.095090
v -1.366004 2.180207 0.000001
v -1.464907 2.537277 0.000001
v -1.464907 2.537277 0.095090
v -1.286403 2.228101 0.095090
v -1.286403 2.228101 0.000001
v -1.372351 2.588509 0.000001
v -1.372351 2.588509 0.095090
v -1.205125 2.273091 0.095090
v -1.205125 2.273091 0.000001
v -1.278005 2.636367 0.000001
v -1.278005 2.636367 0.095090
v -1.122276 2.315117 0.095090
v -1.122276 2.315117 0.000001
v -1.181992 2.680787 0.000001
v -1.181992 2.680787 0.095090
v -1.037963 2.354125 0.095090
v -1.037963 2.354125 0.000001
v -1.084439 2.721712 0.000001
v -1.084439 2.721712 0.095090
v -0.952297 2.390063 0.095090
v -0.952297 2.390063 0.000001
v -0.985472 2.759089 0.000001
v -0.985472 2.759089 0.095090
v -0.865389 2.422885 0.095090
v -0.865389 2.422885 0.000001
v -0.885219 2.792868 0.000001
v -0.885219 2.792868 0.095090
v -0.777353 2.452548 0.095090
v -0.777353 2.452548 0.000001
v -0.783813 2.823006 0.000001
v -0.783813 2.823006 0.095090
v -0.688303 2.479014 0.095090
v -0.688303 2.479014 0.000001
v -0.681385 2.849463 0.000001
v -0.681385 2.849463 0.095090
v -0.598356 2.502247 0.095090
v -0.598356 2.502247 0.000001
v -0.578068 2.872205 0.000001
v -0.578068 2.872205 0.095090
v -0.507628 2.522218 0.095090
v -0.507628 2.522218 0.000001
v -0.473997 2.891202 0.000001
v -0.473997 2.891202 0.095090
v -0.416239 2.538900 0.095090
v -0.416239 2.538900 0.000001
v -0.369309 2.906430 0.000001
v -0.369309 2.906430 0.095090
v -0.324307 2.552273 0.095090
v -0.324307 2.552273 0.000001
v -0.264139 2.917868 0.000001
v -0.264139 2.917868 0.095090
v -0.231953 2.562317 0.095090
v -0.231953 2.562317 0.000001
v -0.158625 2.925502 0.000001
v -0.158625 2.925502 0.095090
v -0.139296 2.569021 0.095090
v -0.139296 2.569021 0.000001
v -0.052903 2.929322 0.000001
v -0.052903 2.929322 0.095090
v -0.046457 2.572375 0.095090
v -0.046457 2.572375 0.000001
v 0.052887 2.929322 0.000001
v 0.052887 2.929322 0.095090
v 0.046442 2.572375 0.095090
v 0.046442 2.572375 0.000001
v 0.158608 2.925503 0.000001
v 0.158608 2.925503 0.095090
v 0.139281 2.569021 0.095090
v 0.139281 2.569021 0.000001
v 0.264122 2.917870 0.000001
v 0.264122 2.917870 0.095090
v 0.231938 2.562318 0.095090
v 0.231938 2.562318 0.000001
v 0.369292 2.906432 0.000001
v 0.369292 2.906432 0.095090
v 0.324293 2.552274 0.095090
v 0.324293 2.552274 0.000001
v 0.473981 2.891205 0.000001
v 0.473981 2.891205 0.095090
v 0.416225 2.538903 0.095090
v 0.416225 2.538903 0.000001
v 0.578051 2.872209 0.000001
v 0.578051 2.872209 0.095090
v 0.507614 2.522221 0.095090
v 0.507614 2.522221 0.000001
v 0.681368 2.849467 0.000001
v 0.681368 2.849467 0.095090
v 0.598341 2.502250 0.095090
v 0.598341 2.502250 0.000001
v 0.783797 2.823010 0.000001
v 0.783797 2.823010 0.095090
v 0.688289 2.479017 0.095090
v 0.688289 2.479017 0.000001
v 0.885203 2.792873 0.000001
v 0.885203 2.792873 0.095090
v 0.777339 2.452553 0.095090
v 0.777339 2.452553 0.000001
v 0.985456 2.759094 0.000001
v 0.985456 2.759094 0.095090
v 0.865375 2.422890 0.095090
v 0.865375 2.422890 0.000001
v 1.084424 2.721718 0.000001
v 1.084424 2.721718 0.095090
v 0.952283 2.390068 0.095090
v 0.952283 2.390068 0.000001
v 1.181977 2.680794 0.000001
v 1.181977 2.680794 0.095090
v 1.037950 2.354131 0.095090
v 1.037950 2.354131 0.000001
v 1.277990 2.636374 0.000001
v 1.277990 2.636374 0.095090
v 1.122263 2.315123 0.095090
v 1.122263 2.315123 0.000001
v 1.372336 2.588516 0.000001
v 1.372336 2.588516 0.095090
v 1.205113 2.273098 0.095090
v 1.205113 2.273098 0.000001
v 1.464893 2.537285 0.000001
v 1.464893 2.537285 0.095090
v 1.286391 2.228108 0.095090
v 1.286391 2.228108 0.000001
v 1.555541 2.482744 0.000001
v 1.555541 2.482744 0.095090
v 1.365993 2.180214 0.095090
v 1.365993 2.180214 0.000001
v 1.644160 2.424967 0.000001
v 1.644160 2.424967 0.095090
v 1.443813 2.129477 0.095090
v 1.443813 2.129477 0.000001
v 1.730635 2.364028 0.000001
v 1.730635 2.364028 0.095090
v 1.519752 2.075963 0.095090
v 1.519752 2.075963 0.000001
v 1.814854 2.300007 0.000001
v 1.814854 2.300007 0.095090
v 1.593708 2.019743 0.095090
v 1.593708 2.019743 0.000001
v 1.896707 2.232987 0.000001
v 1.896707 2.232987 0.095090
v 1.665587 1.960890 0.095090
v 1.665587 1.960890 0.000001
v 1.976086 2.163055 0.000001
v 1.976086 2.163055 0.095090
v 1.735294 1.899480 0.095090
v 1.735294 1.899480 0.000001
v 2.052890 2.090304 0.000001
v 2.052890 2.090304 0.095090
v 1.802739 1.835593 0.095090
v 1.802739 1.835593 0.000001
v 2.127017 2.014827 0.000001
v 2.127017 2.014827 0.095090
v 1.867833 1.769313 0.095090
v 1.867833 1.769313 0.000000
v 2.198370 1.936723 0.000001
v 2.198370 1.936723 0.095090
v 1.930492 1.700727 0.095090
v 1.930492 1.700727 0.000000
v 2.266857 1.856094 0.000001
v 2.266857 1.856094 0.095090
v 1.990633 1.629923 0.095090
v 1.990633 1.629923 0.000000
v 2.332389 1.773044 0.000001
v 2.332389 1.773044 0.095090
v 2.048180 1.556993 0.095090
v 2.048180 1.556993 0.000000
v 2.394880 1.687684 0.000000
v 2.394880 1.687684 0.095090
v 2.103056 1.482034 0.095090
v 2.103056 1.482034 0.000000
v 2.454248 1.600123 0.000000
v 2.454248 1.600123 0.095090
v 2.155190 1.405142 0.095090
v 2.155190 1.405142 0.000000
v 2.510417 1.510475 0.000000
v 2.510417 1.510475 0.095090
v 2.204514 1.326419 0.095090
v 2.204514 1.326419 0.000000
v 2.563312 1.418858 0.000000
v 2.563312 1.418858 0.095090
v 2.250964 1.245966 0.095090
v 2.250964 1.245966 0.000000
v 2.612865 1.325391 0.000000
v 2.612865 1.325391 0.095090
v 2.294479 1.163888 0.095090
v 2.294479 1.163888 0.000000
v 2.659012 1.230197 0.000000
v 2.659012 1.230197 0.095090
v 2.335002 1.080293 0.095089
v 2.335002 1.080293 0.000000
v 2.701691 1.133398 0.000000
v 2.701691 1.133398 0.095090
v 2.372481 0.995290 0.095089
v 2.372481 0.995290 0.000000
v 2.740848 1.035121 0.000000
v 2.740848 1.035121 0.095089
v 2.406867 0.908989 0.095089
v 2.406867 0.908989 0.000000
v 2.776432 0.935495 0.000000
v 2.776432 0.935495 0.095089
v 2.438115 0.821502 0.095089
v 2.438115 0.821502 0.000000
v 2.808396 0.834650 0.000000
v 2.808396 0.834650 0.095089
v 2.466184 0.732945 0.095089
v 2.466184 0.732945 0.000000
v 2.836698 0.732716 0.000000
v 2.836698 0.732716 0.095089
v 2.491037 0.643432 0.095089
v 2.491037 0.643432 0.000000
v 2.861301 0.629826 0.000000
v 2.861301 0.629826 0.095089
v 2.512643 0.553080 0.095089
v 2.512643 0.553080 0.000000
v 2.882174 0.526116 0.000000
v 2.882174 0.526116 0.095089
v 2.530972 0.462007 0.095089
v 2.530972 0.462007 0.000000
v 2.899289 0.421719 0.000000
v 2.899289 0.421719 0.095089
v 2.546001 0.370331 0.095089
v 2.546001 0.370331 0.000000
v 2.912625 0.316773 0.000000
v 2.912625 0.316773 0.095089
v 2.557712 0.278173 0.095089
v 2.557712 0.278173 0.000000
v 2.922162 0.211414 0.000000
v 2.922162 0.211414 0.095089
v 2.566087 0.185652 0.095089
v 2.566087 0.185652 0.000000
v 2.927890 0.105779 0.000000
v 2.927890 0.105779 0.095089
v 2.571117 0.092889 0.095089
v 2.571117 0.092889 0.000000
v 2.929800 0.000006 0.000000
v 2.929800 0.000006 0.095089
v 2.572794 0.000005 0.095089
v 2.572794 0.000005 0.000000
v -3.110016 0.039770 0.005068
v -3.110016 0.039770 0.090020
v -3.109425 0.072536 0.090020
v -3.109425 0.072536 0.005068
v -3.106554 0.152021 0.005068
v -3.106554 0.152021 0.090020
v -3.104780 0.184745 0.090021
v -3.104780 0.184745 0.005068
v -3.099040 0.264076 0.005068
v -3.099040 0.264076 0.090021
v -3.096085 0.296714 0.090021
v -3.096085 0.296714 0.005068
v -3.087486 0.375788 0.005068
v -3.087486 0.375788 0.090021
v -3.083355 0.408298 0.090021
v -3.083355 0.408298 0.005068
v -3.071906 0.487007 0.005068
v -3.071906 0.487007 0.090021
v -3.066604 0.519347 0.090021
v -3.066604 0.519347 0.005068
v -3.052321 0.597594 0.005068
v -3.052321 0.597594 0.090021
v -3.045855 0.629721 0.090021
v -3.045855 0.629721 0.005068
v -3.028757 0.707398 0.005068
v -3.028757 0.707398 0.090021
v -3.021136 0.739271 0.090021
v -3.021136 0.739271 0.005068
v -3.001244 0.816283 0.005068
v -3.001244 0.816283 0.090021
v -2.992477 0.847860 0.090021
v -2.992477 0.847860 0.005068
v -2.969818 0.924102 0.005068
v -2.969818 0.924102 0.090021
v -2.959916 0.955342 0.090021
v -2.959916 0.955342 0.005068
v -2.934520 1.030717 0.005069
v -2.934520 1.030717 0.090021
v -2.923497 1.061579 0.090021
v -2.923497 1.061579 0.005069
v -2.895395 1.135988 0.005069
v -2.895395 1.135988 0.090021
v -2.883265 1.166432 0.090021
v -2.883265 1.166432 0.005069
v -2.852496 1.239779 0.005069
v -2.852496 1.239779 0.090021
v -2.839275 1.269765 0.090021
v -2.839275 1.269765 0.005069
v -2.805877 1.341953 0.005069
v -2.805877 1.341953 0.090021
v -2.791582 1.371442 0.090021
v -2.791582 1.371442 0.005069
v -2.755600 1.442377 0.005069
v -2.755600 1.442377 0.090021
v -2.740250 1.471331 0.090021
v -2.740250 1.471331 0.005069
v -2.701732 1.540920 0.005069
v -2.701732 1.540920 0.090021
v -2.685346 1.569301 0.090021
v -2.685346 1.569301 0.005069
v -2.644339 1.637453 0.005069
v -2.644339 1.637453 0.090022
v -2.626940 1.665223 0.090022
v -2.626940 1.665223 0.005069
v -2.583499 1.731853 0.005069
v -2.583499 1.731853 0.090022
v -2.565108 1.758978 0.090022
v -2.565108 1.758978 0.005069
v -2.519291 1.823994 0.005069
v -2.519291 1.823994 0.090022
v -2.499933 1.850437 0.090022
v -2.499933 1.850437 0.005069
v -2.451799 1.913757 0.005069
v -2.451799 1.913757 0.090022
v -2.431499 1.939484 0.090022
v -2.431499 1.939484 0.005069
v -2.381109 2.001024 0.005069
v -2.381109 2.001024 0.090022
v -2.359894 2.026002 0.090022
v -2.359894 2.026002 0.005069
v -2.307315 2.085685 0.005069
v -2.307315 2.085685 0.090022
v -2.285212 2.109880 0.090022
v -2.285212 2.109880 0.005069
v -2.230513 2.167624 0.005069
v -2.230513 2.167624 0.090022
v -2.207551 2.191005 0.090022
v -2.207551 2.191005 0.005069
v -2.150803 2.246737 0.005069
v -2.150803 2.246737 0.090022
v -2.127012 2.269274 0.090022
v -2.127012 2.269274 0.005069
v -2.068289 2.322922 0.005069
v -2.068289 2.322922 0.090022
v -2.043699 2.344585 0.090022
v -2.043699 2.344585 0.005069
v -1.983078 2.396078 0.005070
v -1.983078 2.396078 0.090022
v -1.957722 2.416839 0.090022
v -1.957722 2.416839 0.005070
v -1.895281 2.466108 0.005068
v -1.895281 2.466108 0.090021
v -1.869192 2.485941 0.090021
v -1.869192 2.485941 0.005068
v -1.805012 2.532926 0.005068
v -1.805012 2.532926 0.090021
v -1.778224 2.551804 0.090021
v -1.778224 2.551804 0.005069
v -1.712391 2.596439 0.005069
v -1.712391 2.596439 0.090021
v -1.684939 2.614338 0.090021
v -1.684939 2.614338 0.005069
v -1.617538 2.656568 0.005069
v -1.617538 2.656568 0.090021
v -1.589458 2.673464 0.090021
v -1.589458 2.673464 0.005069
v -1.520575 2.713233 0.005069
v -1.520575 2.713233 0.090021
v -1.491903 2.729104 0.090021
v -1.491903 2.729104 0.005069
v -1.421630 2.766361 0.005069
v -1.421630 2.766361 0.090021
v -1.392404 2.781186 0.090021
v -1.392404 2.781186 0.005069
v -1.320831 2.815881 0.005069
v -1.320831 2.815881 0.090021
v -1.291088 2.829642 0.090021
v -1.291088 2.829642 0.005069
v -1.218309 2.861732 0.005069
v -1.218309 2.861732 0.090021
v -1.188088 2.874409 0.090021
v -1.188088 2.874409 0.005069
v -1.114199 2.903850 0.005069
v -1.114199 2.903850 0.090021
v -1.083541 2.915428 0.090021
v -1.083541 2.915428 0.005069
v -1.008637 2.942182 0.005069
v -1.008637 2.942182 0.090021
v -0.977581 2.952646 0.090021
v -0.977581 2.952646 0.005069
v -0.901760 2.976678 0.005069
v -0.901760 2.976678 0.090021
v -0.870346 2.986014 0.090021
v -0.870346 2.986014 0.005069
v -0.793706 3.007293 0.005069
v -0.793706 3.007293 0.090021
v -0.761976 3.015489 0.090021
v -0.761976 3.015489 0.005069
v -0.684618 3.033988 0.005069
v -0.684618 3.033988 0.090021
v -0.652612 3.041033 0.090021
v -0.652612 3.041033 0.005069
v -0.574638 3.056726 0.005069
v -0.574638 3.056726 0.090021
v -0.542399 3.062611 0.090021
v -0.542399 3.062611 0.005069
v -0.463908 3.075480 0.005069
v -0.463908 3.075480 0.090021
v -0.431477 3.080197 0.090021
v -0.431477 3.080197 0.005069
v -0.352573 3.090222 0.005069
v -0.352573 3.090222 0.090021
v -0.319993 3.093766 0.090021
v -0.319993 3.093766 0.005069
v -0.240780 3.100937 0.005069
v -0.240780 3.100937 0.090022
v -0.208094 3.103302 0.090022
v -0.208094 3.103302 0.005069
v -0.128671 3.107608 0.005069
v -0.128671 3.107608 0.090022
v -0.095921 3.108791 0.090022
v -0.095921 3.108791 0.005069
v -0.016395 3.110227 0.005069
v -0.016395 3.110227 0.090022
v 0.016377 3.110228 0.090022
v 0.016377 3.110228 0.005069
v 0.095903 3.108792 0.005069
v 0.095903 3.108792 0.090022
v 0.128653 3.107609 0.090022
v 0.128653 3.107609 0.005069
v 0.208075 3.103303 0.005069
v 0.208075 3.103303 0.090022
v 0.240761 3.100938 0.090022
v 0.240761 3.100938 0.005069
v 0.319975 3.093767 0.005069
v 0.319975 3.093767 0.090021
v 0.352555 3.090225 0.090021
v 0.352555 3.090225 0.005069
v 0.431460 3.080199 0.005069
v 0.431460 3.080199 0.090021
v 0.463890 3.075483 0.090021
v 0.463890 3.075483 0.005069
v 0.542382 3.062614 0.005069
v 0.542382 3.062614 0.090021
v 0.574621 3.056729 0.090021
v 0.574621 3.056729 0.005069
v 0.652596 3.041037 0.005069
v 0.652596 3.041037 0.090021
v 0.684602 3.033992 0.090021
v 0.684602 3.033992 0.005069
v 0.761959 3.015494 0.005069
v 0.761959 3.015494 0.090021
v 0.793690 3.007298 0.090021
v 0.793690 3.007298 0.005069
v 0.870330 2.986019 0.005069
v 0.870330 2.986019 0.090021
v 0.901743 2.976683 0.090021
v 0.901743 2.976683 0.005069
v 0.977564 2.952651 0.005069
v 0.977564 2.952651 0.090021
v 1.008620 2.942188 0.090021
v 1.008620 2.942188 0.005069
v 1.083526 2.915434 0.005069
v 1.083526 2.915434 0.090021
v 1.114184 2.903856 0.090021
v 1.114184 2.903856 0.005069
v 1.188072 2.874416 0.005069
v 1.188072 2.874416 0.090021
v 1.218293 2.861739 0.090021
v 1.218293 2.861739 0.005069
v 1.291072 2.829649 0.005069
v 1.291072 2.829649 0.090021
v 1.320815 2.815889 0.090021
v 1.320815 2.815889 0.005069
v 1.392387 2.781194 0.005069
v 1.392387 2.781194 0.090021
v 1.421614 2.766369 0.090021
v 1.421614 2.766369 0.005069
v 1.491886 2.729113 0.005069
v 1.491886 2.729113 0.090021
v 1.520559 2.713242 0.090021
v 1.520559 2.713242 0.005069
v 1.589443 2.673472 0.005069
v 1.589443 2.673472 0.090021
v 1.617524 2.656577 0.090021
v 1.617524 2.656577 0.005069
v 1.684925 2.614347 0.005069
v 1.684925 2.614347 0.090021
v 1.712378 2.596448 0.090021
v 1.712378 2.596448 0.005069
v 1.778210 2.551813 0.005069
v 1.778210 2.551813 0.090021
v 1.804999 2.532935 0.090021
v 1.804999 2.532935 0.005068
v 1.869178 2.485952 0.005068
v 1.869178 2.485952 0.090021
v 1.895267 2.466120 0.090021
v 1.895267 2.466120 0.005068
v 1.957709 2.416849 0.005070
v 1.957709 2.416849 0.090022
v 1.983065 2.396087 0.090022
v 1.983065 2.396087 0.005070
v 2.043687 2.344595 0.005069
v 2.043687 2.344595 0.090022
v 2.068278 2.322931 0.090022
v 2.068278 2.322931 0.005069
v 2.127000 2.269285 0.005069
v 2.127000 2.269285 0.090022
v 2.150792 2.246747 0.090022
v 2.150792 2.246747 0.005069
v 2.207539 2.191016 0.005069
v 2.207539 2.191016 0.090022
v 2.230503 2.167635 0.090022
v 2.230503 2.167635 0.005069
v 2.285202 2.109890 0.005069
v 2.285202 2.109890 0.090022
v 2.307306 2.085694 0.090022
v 2.307306 2.085694 0.005069
v 2.359885 2.026013 0.005069
v 2.359885 2.026013 0.090022
v 2.381101 2.001036 0.090022
v 2.381101 2.001036 0.005069
v 2.431489 1.939495 0.005069
v 2.431489 1.939495 0.090022
v 2.451790 1.913768 0.090022
v 2.451790 1.913768 0.005069
v 2.499925 1.850448 0.005069
v 2.499925 1.850448 0.090022
v 2.519283 1.824005 0.090022
v 2.519283 1.824005 0.005069
v 2.565101 1.758988 0.005069
v 2.565101 1.758988 0.090022
v 2.583492 1.731863 0.090022
v 2.583492 1.731863 0.005069
v 2.626934 1.665234 0.005069
v 2.626934 1.665234 0.090022
v 2.644334 1.637463 0.090022
v 2.644334 1.637463 0.005069
v 2.685340 1.569310 0.005069
v 2.685340 1.569310 0.090021
v 2.701725 1.540929 0.090021
v 2.701725 1.540929 0.005069
v 2.740245 1.471340 0.005069
v 2.740245 1.471340 0.090021
v 2.755595 1.442385 0.090021
v 2.755595 1.442385 0.005069
v 2.791577 1.371452 0.005069
v 2.791577 1.371452 0.090021
v 2.805872 1.341962 0.090021
v 2.805872 1.341962 0.005069
v 2.839270 1.269775 0.005069
v 2.839270 1.269775 0.090021
v 2.852492 1.239788 0.090021
v 2.852492 1.239788 0.005069
v 2.883262 1.166441 0.005069
v 2.883262 1.166441 0.090021
v 2.895392 1.135997 0.090021
v 2.895392 1.135997 0.005069
v 2.923493 1.061590 0.005069
v 2.923493 1.061590 0.090021
v 2.934516 1.030727 0.090021
v 2.934516 1.030727 0.005069
v 2.959914 0.955352 0.005068
v 2.959914 0.955352 0.090021
v 2.969815 0.924111 0.090021
v 2.969815 0.924111 0.005068
v 2.992475 0.847868 0.005068
v 2.992475 0.847868 0.090021
v 3.001243 0.816291 0.090021
v 3.001243 0.816291 0.005068
v 3.021134 0.739280 0.005068
v 3.021134 0.739280 0.090021
v 3.028755 0.707407 0.090021
v 3.028755 0.707407 0.005068
v 3.045854 0.629728 0.005068
v 3.045854 0.629728 0.090021
v 3.052320 0.597601 0.090021
v 3.052320 0.597601 0.005068
v 3.066603 0.519355 0.005068
v 3.066603 0.519355 0.090021
v 3.071905 0.487015 0.090021
v 3.071905 0.487015 0.005068
v 3.083354 0.408305 0.005068
v 3.083354 0.408305 0.090021
v 3.087485 0.375794 0.090021
v 3.087485 0.375794 0.005068
v 3.096085 0.296722 0.005068
v 3.096085 0.296722 0.090021
v 3.099040 0.264083 0.090021
v 3.099040 0.264083 0.005068
v 3.104779 0.184753 0.005068
v 3.104779 0.184753 0.090021
v 3.106553 0.152029 0.090020
v 3.106553 0.152029 0.005068
v 3.109425 0.072541 0.005068
v 3.109425 0.072541 0.090020
v 3.110016 0.039775 0.090020
v 3.110016 0.039775 0.005068
v -2.272841 -0.009900 0.193017
v -2.272841 -0.009900 0.229590
v -2.017308 -0.009900 0.229590
v -2.017308 -0.009900 0.193017
v -2.271362 0.072047 0.193017
v -2.271362 0.072047 0.229590
v -2.015995 0.062822 0.229590
v -2.015995 0.062822 0.193017
v -2.266925 0.153888 0.193017
v -2.266925 0.153888 0.229590
v -2.012057 0.135449 0.229590
v -2.012057 0.135449 0.193017
v -2.259536 0.235515 0.193017
v -2.259536 0.235515 0.229590
v -2.005500 0.207887 0.229590
v -2.005500 0.207887 0.193017
v -2.249204 0.316822 0.193017
v -2.249204 0.316822 0.229590
v -1.996332 0.280040 0.229589
v -1.996332 0.280040 0.193017
v -2.235945 0.397703 0.193017
v -2.235945 0.397703 0.229589
v -1.984565 0.351816 0.229590
v -1.984565 0.351816 0.193017
v -2.219773 0.478052 0.193017
v -2.219773 0.478052 0.229589
v -1.970214 0.423120 0.229589
v -1.970214 0.423120 0.193017
v -2.200712 0.557766 0.193017
v -2.200712 0.557766 0.229589
v -1.953299 0.493860 0.229589
v -1.953299 0.493860 0.193017
v -2.178785 0.636739 0.193017
v -2.178785 0.636739 0.229589
v -1.933841 0.563942 0.229589
v -1.933841 0.563942 0.193017
v -2.154022 0.714869 0.193017
v -2.154022 0.714869 0.229589
v -1.911865 0.633277 0.229589
v -1.911865 0.633277 0.193017
v -2.126453 0.792054 0.193017
v -2.126453 0.792054 0.229589
v -1.887400 0.701773 0.229589
v -1.887400 0.701773 0.193017
v -2.096117 0.868194 0.193017
v -2.096117 0.868194 0.229589
v -1.860479 0.769341 0.229590
v -1.860479 0.769341 0.193017
v -2.063051 0.943189 0.193017
v -2.063051 0.943189 0.229589
v -1.831135 0.835893 0.229589
v -1.831135 0.835893 0.193017
v -2.027299 1.016941 0.193017
v -2.027299 1.016941 0.229589
v -1.799408 0.901342 0.229589
v -1.799408 0.901342 0.193017
v -1.988908 1.089354 0.193017
v -1.988908 1.089354 0.229589
v -1.765339 0.965604 0.229589
v -1.765339 0.965604 0.193017
v -1.947928 1.160334 0.193017
v -1.947928 1.160334 0.229589
v -1.728972 1.028593 0.229589
v -1.728972 1.028593 0.193017
v -1.904412 1.229789 0.193017
v -1.904412 1.229788 0.229589
v -1.690355 1.090228 0.229589
v -1.690355 1.090228 0.193017
v -1.858416 1.297627 0.193017
v -1.858416 1.297626 0.229589
v -1.649538 1.150429 0.229589
v -1.649538 1.150430 0.193017
v -1.810002 1.363760 0.193017
v -1.810002 1.363760 0.229589
v -1.606573 1.209118 0.229589
v -1.606573 1.209118 0.193017
v -1.759231 1.428102 0.193017
v -1.759231 1.428102 0.229589
v -1.561518 1.266217 0.229589
v -1.561518 1.266217 0.193017
v -1.706171 1.490570 0.193017
v -1.706171 1.490569 0.229589
v -1.514432 1.321652 0.229589
v -1.514432 1.321652 0.193017
v -1.650890 1.551081 0.193017
v -1.650890 1.551081 0.229589
v -1.465374 1.375350 0.229589
v -1.465374 1.375351 0.193017
v -1.593460 1.609556 0.193017
v -1.593460 1.609556 0.229589
v -1.414410 1.427243 0.229589
v -1.414410 1.427243 0.193017
v -1.533957 1.665921 0.193017
v -1.533957 1.665921 0.229589
v -1.361605 1.477262 0.229589
v -1.361605 1.477262 0.193017
v -1.472458 1.720100 0.193017
v -1.472458 1.720100 0.229589
v -1.307029 1.525342 0.229589
v -1.307029 1.525343 0.193017
v -1.409043 1.772024 0.193017
v -1.409043 1.772024 0.229589
v -1.250753 1.571421 0.229589
v -1.250753 1.571421 0.193017
v -1.343794 1.821625 0.193017
v -1.343794 1.821625 0.229589
v -1.192850 1.615438 0.229589
v -1.192850 1.615438 0.193017
v -1.276798 1.868837 0.193017
v -1.276798 1.868837 0.229589
v -1.133396 1.657335 0.229589
v -1.133396 1.657335 0.193017
v -1.208141 1.913600 0.193017
v -1.208141 1.913600 0.229589
v -1.072468 1.697059 0.229589
v -1.072468 1.697059 0.193017
v -1.137912 1.955856 0.193017
v -1.137912 1.955856 0.229589
v -1.010145 1.734557 0.229589
v -1.010145 1.734558 0.193017
v -1.066203 1.995548 0.193017
v -1.066203 1.995548 0.229589
v -0.946510 1.769781 0.229589
v -0.946510 1.769781 0.193017
v -0.993109 2.032625 0.193017
v -0.993109 2.032625 0.229589
v -0.881644 1.802684 0.229589
v -0.881644 1.802685 0.193017
v -0.918723 2.067040 0.193017
v -0.918723 2.067040 0.229589
v -0.815632 1.833225 0.229589
v -0.815632 1.833225 0.193017
v -0.843144 2.098746 0.193017
v -0.843144 2.098746 0.229589
v -0.748561 1.861362 0.229589
v -0.748561 1.861362 0.193017
v -0.766469 2.127703 0.193017
v -0.766469 2.127703 0.229589
v -0.680518 1.887059 0.229589
v -0.680518 1.887059 0.193017
v -0.688798 2.153874 0.193017
v -0.688798 2.153874 0.229589
v -0.611591 1.910283 0.229589
v -0.611591 1.910283 0.193017
v -0.610234 2.177223 0.193017
v -0.610234 2.177223 0.229589
v -0.541871 1.931003 0.229589
v -0.541871 1.931004 0.193017
v -0.530877 2.197720 0.193017
v -0.530877 2.197720 0.229589
v -0.471449 1.949193 0.229589
v -0.471449 1.949194 0.193017
v -0.450833 2.215339 0.193017
v -0.450833 2.215339 0.229589
v -0.400415 1.964829 0.229589
v -0.400415 1.964829 0.193017
v -0.370204 2.230057 0.193017
v -0.370204 2.230057 0.229589
v -0.328864 1.977890 0.229589
v -0.328864 1.977890 0.193017
v -0.289097 2.241855 0.193017
v -0.289097 2.241855 0.229589
v -0.256887 1.988359 0.229589
v -0.256887 1.988359 0.193017
v -0.207617 2.250716 0.193017
v -0.207617 2.250716 0.229589
v -0.184580 1.996223 0.229589
v -0.184580 1.996223 0.193017
v -0.125869 2.256630 0.193017
v -0.125869 2.256630 0.229589
v -0.112035 2.001472 0.229589
v -0.112035 2.001472 0.193017
v -0.043962 2.259589 0.193017
v -0.043962 2.259589 0.229589
v -0.039349 2.004097 0.229589
v -0.039349 2.004097 0.193017
v 0.037999 2.259589 0.193017
v 0.037999 2.259589 0.229589
v 0.033385 2.004097 0.229589
v 0.033385 2.004097 0.193017
v 0.119906 2.256630 0.193017
v 0.119906 2.256630 0.229589
v 0.106072 2.001472 0.229589
v 0.106072 2.001472 0.193017
v 0.201653 2.250716 0.193017
v 0.201653 2.250716 0.229589
v 0.178616 1.996223 0.229589
v 0.178616 1.996223 0.193017
v 0.283133 2.241854 0.193017
v 0.283133 2.241854 0.229589
v 0.250923 1.988359 0.229589
v 0.250923 1.988359 0.193017
v 0.364241 2.230057 0.193017
v 0.364241 2.230057 0.229589
v 0.322900 1.977890 0.229589
v 0.322900 1.977890 0.193017
v 0.444869 2.215339 0.193017
v 0.444869 2.215339 0.229589
v 0.394452 1.964829 0.229589
v 0.394452 1.964829 0.193017
v 0.524914 2.197720 0.193017
v 0.524914 2.197720 0.229589
v 0.465485 1.949193 0.229589
v 0.465485 1.949193 0.193017
v 0.604270 2.177222 0.193017
v 0.604270 2.177222 0.229589
v 0.535908 1.931003 0.229589
v 0.535908 1.931003 0.193017
v 0.682835 2.153873 0.193017
v 0.682835 2.153873 0.229589
v 0.605628 1.910282 0.229589
v 0.605628 1.910283 0.193017
v 0.760505 2.127703 0.193017
v 0.760505 2.127703 0.229589
v 0.674554 1.887058 0.229589
v 0.674554 1.887059 0.193017
v 0.837180 2.098746 0.193017
v 0.837180 2.098746 0.229589
v 0.742597 1.861361 0.229589
v 0.742597 1.861361 0.193017
v 0.912760 2.067039 0.193017
v 0.912760 2.067039 0.229589
v 0.809668 1.833224 0.229589
v 0.809668 1.833224 0.193017
v 0.987145 2.032625 0.193017
v 0.987145 2.032625 0.229589
v 0.875679 1.802684 0.229589
v 0.875679 1.802684 0.193017
v 1.060239 1.995547 0.193017
v 1.060239 1.995547 0.229589
v 0.940545 1.769780 0.229589
v 0.940545 1.769781 0.193017
v 1.131947 1.955855 0.193017
v 1.131947 1.955855 0.229589
v 1.004181 1.734557 0.229589
v 1.004181 1.734557 0.193017
v 1.202176 1.913600 0.193017
v 1.202176 1.913600 0.229589
v 1.066503 1.697059 0.229589
v 1.066503 1.697059 0.193017
v 1.270833 1.868837 0.193017
v 1.270833 1.868837 0.229589
v 1.127431 1.657335 0.229589
v 1.127431 1.657335 0.193017
v 1.337829 1.821625 0.193017
v 1.337829 1.821625 0.229589
v 1.186885 1.615437 0.229589
v 1.186885 1.615438 0.193017
v 1.403077 1.772024 0.193017
v 1.403077 1.772024 0.229589
v 1.244788 1.571421 0.229589
v 1.244788 1.571421 0.193017
v 1.466492 1.720101 0.193017
v 1.466492 1.720101 0.229589
v 1.301064 1.525343 0.229589
v 1.301064 1.525343 0.193017
v 1.527991 1.665921 0.193017
v 1.527991 1.665921 0.229589
v 1.355640 1.477263 0.229589
v 1.355640 1.477263 0.193017
v 1.587495 1.609557 0.193017
v 1.587495 1.609557 0.229589
v 1.408444 1.427244 0.229589
v 1.408444 1.427244 0.193017
v 1.644924 1.551081 0.193017
v 1.644924 1.551081 0.229589
v 1.459408 1.375351 0.229589
v 1.459408 1.375351 0.193017
v 1.700204 1.490571 0.193017
v 1.700204 1.490570 0.229589
v 1.508465 1.321652 0.229589
v 1.508465 1.321652 0.193017
v 1.753265 1.428103 0.193017
v 1.753265 1.428103 0.229589
v 1.555552 1.266217 0.229589
v 1.555552 1.266218 0.193017
v 1.804035 1.363761 0.193017
v 1.804035 1.363761 0.229589
v 1.600607 1.209119 0.229589
v 1.600607 1.209119 0.193017
v 1.852450 1.297628 0.193017
v 1.852450 1.297628 0.229589
v 1.643571 1.150431 0.229589
v 1.643571 1.150431 0.193017
v 1.898445 1.229791 0.193017
v 1.898445 1.229790 0.229589
v 1.684388 1.090230 0.229589
v 1.684388 1.090230 0.193017
v 1.941961 1.160336 0.193017
v 1.941961 1.160336 0.229589
v 1.723005 1.028595 0.229589
v 1.723005 1.028595 0.193017
v 1.982941 1.089357 0.193017
v 1.982941 1.089356 0.229589
v 1.759372 0.965606 0.229589
v 1.759372 0.965606 0.193017
v 2.021332 1.016944 0.193017
v 2.021332 1.016943 0.229589
v 1.793442 0.901345 0.229589
v 1.793442 0.901345 0.193017
v 2.057084 0.943192 0.193017
v 2.057084 0.943192 0.229589
v 1.825168 0.835896 0.229589
v 1.825168 0.835896 0.193017
v 2.090150 0.868197 0.193017
v 2.090150 0.868197 0.229589
v 1.854512 0.769344 0.229590
v 1.854512 0.769344 0.193017
v 2.120487 0.792058 0.193017
v 2.120487 0.792058 0.229589
v 1.881433 0.701776 0.229589
v 1.881433 0.701776 0.193017
v 2.148055 0.714873 0.193017
v 2.148055 0.714873 0.229589
v 1.905898 0.633280 0.229589
v 1.905898 0.633280 0.193017
v 2.172818 0.636743 0.193017
v 2.172818 0.636743 0.229589
v 1.927874 0.563946 0.229589
v 1.927874 0.563946 0.193017
v 2.194746 0.557770 0.193017
v 2.194746 0.557770 0.229589
v 1.947333 0.493863 0.229589
v 1.947333 0.493863 0.193017
v 2.213807 0.478057 0.193017
v 2.213807 0.478057 0.229589
v 1.964248 0.423124 0.229589
v 1.964248 0.423124 0.193017
v 2.229978 0.397707 0.193017
v 2.229978 0.397707 0.229589
v 1.978599 0.351820 0.229590
v 1.978599 0.351820 0.193017
v 2.243238 0.316827 0.193017
v 2.243238 0.316827 0.229590
v 1.990366 0.280045 0.229589
v 1.990366 0.280045 0.193017
v 2.253570 0.235520 0.193017
v 2.253570 0.235520 0.229590
v 1.999534 0.207891 0.229590
v 1.999534 0.207891 0.193017
v 2.260959 0.153893 0.193017
v 2.260959 0.153893 0.229590
v 2.006092 0.135454 0.229590
v 2.006092 0.135454 0.193017
v 2.265396 0.072053 0.193017
v 2.265396 0.072053 0.229590
v 2.010029 0.062827 0.229590
v 2.010029 0.062827 0.193017
v 2.266876 -0.009894 0.193017
v 2.266876 -0.009894 0.229590
v 2.011343 -0.009895 0.229590
v 2.011343 -0.009895 0.193017
vn -0.9998 0.0181 -0.0000
vn -0.0000 -0.0000 1.0000
vn 0.9998 -0.0181 -0.0000
vn 0.9993 -0.0361 -0.0000
vn -0.0000 -0.0000 -1.0000
vn -0.9985 0.0541 -0.0000
vn 0.9974 -0.0722 -0.0000
vn -0.9959 0.0901 -0.0000
vn 0.9941 -0.1081 -0.0000
vn -0.9920 0.1261 -0.0000
vn -0.9920 0.1260 -0.0000
vn 0.9896 -0.1439 -0.0000
vn -0.9868 0.1618 -0.0000
vn 0.9837 -0.1796 -0.0000
vn -0.9803 0.1973 -0.0000
vn 0.9766 -0.2150 -0.0000
vn -0.9726 0.2326 -0.0000
vn 0.9682 -0.2501 -0.0000
vn -0.9636 0.2675 -0.0000
vn 0.9586 -0.2849 -0.0000
vn -0.9533 0.3021 -0.0000
vn 0.9477 -0.3193 -0.0000
vn -0.9417 0.3364 -0.0000
vn 0.9355 -0.3533 -0.0000
vn -0.9290 0.3701 -0.0000
vn 0.9221 -0.3868 -0.0000
vn -0.9150 0.4034 -0.0000
vn 0.9076 -0.4199 -0.0000
vn -0.8998 0.4362 -0.0000
vn 0.8918 -0.4524 -0.0000
vn -0.8835 0.4684 -0.0000
vn 0.8749 -0.4843 -0.0000
vn -0.8660 0.5000 -0.0000
vn 0.8569 -0.5156 -0.0000
vn -0.8474 0.5309 -0.0000
vn 0.8377 -0.5462 -0.0000
vn -0.8277 0.5612 -0.0000
vn 0.8174 -0.5760 -0.0000
vn -0.8069 0.5907 -0.0000
vn 0.7961 -0.6052 -0.0000
vn -0.7850 0.6194 -0.0000
vn -0.7851 0.6194 -0.0000
vn 0.7737 -0.6335 -0.0000
vn -0.7622 0.6474 -0.0000
vn 0.7504 -0.6610 -0.0000
vn -0.7383 0.6745 -0.0000
vn 0.7260 -0.6877 -0.0000
vn -0.7135 0.7007 -0.0000
vn 0.7007 -0.7135 -0.0000
vn -0.6877 0.7260 -0.0000
vn 0.6745 -0.7383 -0.0000
vn -0.6610 0.7503 -0.0000
vn 0.6474 -0.7622 -0.0000
vn -0.6335 0.7737 -0.0000
vn 0.6195 -0.7850 -0.0000
vn 0.6194 -0.7850 -0.0000
vn -0.6052 0.7961 -0.0000
vn 0.5907 -0.8069 -0.0000
vn -0.5760 0.8174 -0.0000
vn 0.5612 -0.8277 -0.0000
vn -0.5462 0.8377 -0.0000
vn 0.5309 -0.8474 -0.0000
vn -0.5156 0.8569 -0.0000
vn 0.5000 -0.8660 -0.0000
vn -0.4843 0.8749 -0.0000
vn 0.4684 -0.8835 -0.0000
vn -0.4524 0.8918 -0.0000
vn 0.4362 -0.8998 -0.0000
vn -0.4199 0.9076 -0.0000
vn 0.4034 -0.9150 -0.0000
vn -0.3868 0.9221 -0.0000
vn 0.3701 -0.9290 -0.0000
vn -0.3533 0.9355 -0.0000
vn 0.3364 -0.9417 -0.0000
vn -0.3193 0.9477 -0.0000
vn 0.3021 -0.9533 -0.0000
vn -0.2849 0.9586 -0.0000
vn 0.2675 -0.9635 -0.0000
vn -0.2501 0.9682 -0.0000
vn 0.2326 -0.9726 -0.0000
vn -0.2150 0.9766 -0.0000
vn 0.1973 -0.9803 -0.0000
vn -0.1796 0.9837 -0.0000
vn 0.1618 -0.9868 -0.0000
vn -0.1439 0.9896 -0.0000
vn 0.1261 -0.9920 -0.0000
vn -0.1081 0.9941 -0.0000
vn 0.0902 -0.9959 -0.0000
vn -0.0722 0.9974 -0.0000
vn 0.0541 -0.9985 -0.0000
vn -0.0361 0.9993 -0.0000
vn 0.0181 -0.9998 -0.0000
vn -0.0000 1.0000 -0.0000
vn -0.0181 -0.9998 -0.0000
vn 0.0361 0.9993 -0.0000
vn -0.0541 -0.9985 -0.0000
vn 0.0722 0.9974 -0.0000
vn -0.0901 -0.9959 -0.0000
vn -0.0902 -0.9959 -0.0000
vn 0.1081 0.9941 -0.0000
vn -0.1260 -0.9920 -0.0000
vn 0.1439 0.9896 -0.0000
vn -0.1618 -0.9868 -0.0000
vn 0.1796 0.9837 -0.0000
vn -0.1973 -0.9803 -0.0000
vn 0.2150 0.9766 -0.0000
vn -0.2326 -0.9726 -0.0000
vn 0.2501 0.9682 -0.0000
vn -0.2675 -0.9636 -0.0000
vn 0.2849 0.9586 -0.0000
vn -0.3021 -0.9533 -0.0000
vn 0.3193 0.9477 -0.0000
vn -0.3364 -0.9417 -0.0000
vn 0.3533 0.9355 -0.0000
vn -0.3701 -0.9290 -0.0000
vn 0.3868 0.9221 -0.0000
vn -0.4034 -0.9150 -0.0000
vn 0.4199 0.9076 -0.0000
vn -0.4362 -0.8998 -0.0000
vn 0.4524 0.8918 -0.0000
vn -0.4684 -0.8835 -0.0000
vn 0.4843 0.8749 -0.0000
vn -0.5000 -0.8660 -0.0000
vn 0.5156 0.8569 -0.0000
vn 0.5155 0.8569 -0.0000
vn -0.5309 -0.8474 -0.0000
vn 0.5461 0.8377 -0.0000
vn -0.5612 -0.8277 -0.0000
vn 0.5760 0.8174 -0.0000
vn -0.5907 -0.8069 -0.0000
vn 0.6052 0.7961 -0.0000
vn -0.6194 -0.7850 -0.0000
vn 0.6335 0.7737 -0.0000
vn -0.6474 -0.7622 -0.0000
vn 0.6610 0.7503 -0.0000
vn 0.6611 0.7503 -0.0000
vn -0.6745 -0.7383 -0.0000
vn 0.6877 0.7260 -0.0000
vn -0.7007 -0.7135 -0.0000
vn 0.7135 0.7007 -0.0000
vn -0.7260 -0.6877 -0.0000
vn 0.7383 0.6745 -0.0000
vn -0.7503 -0.6610 -0.0000
vn 0.7622 0.6474 -0.0000
vn -0.7737 -0.6335 -0.0000
vn 0.7850 0.6194 -0.0000
vn 0.7850 0.6195 -0.0000
vn -0.7961 -0.6052 -0.0000
vn 0.8069 0.5907 -0.0000
vn -0.8174 -0.5760 -0.0000
vn 0.8277 0.5612 -0.0000
vn -0.8377 -0.5462 -0.0000
vn 0.8474 0.5309 -0.0000
vn -0.8569 -0.5156 -0.0000
vn 0.8660 0.5000 -0.0000
vn -0.8749 -0.4843 -0.0000
vn 0.8835 0.4684 -0.0000
vn -0.8918 -0.4524 -0.0000
vn 0.8998 0.4362 -0.0000
vn -0.9076 -0.4199 -0.0000
vn 0.9150 0.4034 -0.0000
vn -0.9221 -0.3869 -0.0000
vn 0.9290 0.3701 -0.0000
vn -0.9355 -0.3533 -0.0000
vn 0.9417 0.3364 -0.0000
vn -0.9477 -0.3193 -0.0000
vn 0.9533 0.3022 -0.0000
vn 0.9533 0.3021 -0.0000
vn -0.9586 -0.2849 -0.0000
vn 0.9636 0.2675 -0.0000
vn 0.9635 0.2675 -0.0000
vn -0.9682 -0.2501 -0.0000
vn 0.9726 0.2326 -0.0000
vn -0.9766 -0.2150 -0.0000
vn 0.9803 0.1973 -0.0000
vn -0.9837 -0.1796 -0.0000
vn 0.9868 0.1618 -0.0000
vn -0.9896 -0.1439 -0.0000
vn 0.9920 0.1261 -0.0000
vn 0.9920 0.1260 -0.0000
vn -0.9941 -0.1081 -0.0000
vn 0.9959 0.0901 -0.0000
vn 0.9959 0.0902 -0.0000
vn -0.9974 -0.0722 -0.0000
vn 0.9985 0.0541 -0.0000
vn -0.9993 -0.0361 -0.0000
vn 0.9998 0.0181 -0.0000
vn 0.9998 0.0180 -0.0000
vn -0.9998 -0.0181 -0.0000
vn -0.0000 -1.0000 -0.0000
vn -0.2155 -0.9765 -0.0000
vn -0.0280 0.0005 0.9996
vn -0.1801 0.9836 -0.0000
vn -0.0280 0.0005 -0.9996
vn -0.2506 -0.9681 -0.0000
vn -0.0280 0.0015 0.9996
vn -0.1445 0.9895 -0.0000
vn -0.0280 0.0015 -0.9996
vn -0.2854 -0.9584 -0.0000
vn -0.0279 0.0025 0.9996
vn -0.1087 0.9941 -0.0000
vn -0.0279 0.0025 -0.9996
vn -0.3198 -0.9475 -0.0000
vn -0.0278 0.0035 0.9996
vn -0.0727 0.9974 -0.0000
vn -0.0278 0.0035 -0.9996
vn -0.3538 -0.9353 -0.0000
vn -0.0276 0.0045 0.9996
vn -0.0366 0.9993 -0.0000
vn -0.0276 0.0045 -0.9996
vn -0.3873 -0.9219 -0.0000
vn -0.0275 0.0055 0.9996
vn -0.0005 1.0000 -0.0000
vn -0.0275 0.0055 -0.9996
vn -0.4204 -0.9074 -0.0000
vn -0.0272 0.0065 0.9996
vn 0.0356 0.9994 -0.0000
vn -0.0272 0.0065 -0.9996
vn -0.4529 -0.8916 -0.0000
vn -0.0270 0.0075 0.9996
vn 0.0716 0.9974 -0.0000
vn -0.0270 0.0075 -0.9996
vn -0.4847 -0.8747 -0.0000
vn -0.0267 0.0085 0.9996
vn 0.1076 0.9942 -0.0000
vn -0.0267 0.0085 -0.9996
vn -0.5160 -0.8566 -0.0000
vn -0.0264 0.0094 0.9996
vn 0.1434 0.9897 -0.0000
vn -0.0264 0.0094 -0.9996
vn -0.5466 -0.8374 -0.0000
vn -0.0260 0.0104 0.9996
vn 0.1790 0.9838 -0.0000
vn -0.0260 0.0104 -0.9996
vn -0.5765 -0.8171 -0.0000
vn -0.0256 0.0113 0.9996
vn 0.2145 0.9767 -0.0000
vn -0.0256 0.0113 -0.9996
vn -0.6056 -0.7958 -0.0000
vn -0.0252 0.0122 0.9996
vn 0.2496 0.9684 -0.0000
vn -0.0252 0.0122 -0.9996
vn -0.6339 -0.7734 -0.0000
vn -0.0247 0.0131 0.9996
vn 0.2844 0.9587 -0.0000
vn -0.0247 0.0131 -0.9996
vn -0.6614 -0.7500 -0.0000
vn -0.0243 0.0140 0.9996
vn 0.3188 0.9478 -0.0000
vn -0.0243 0.0140 -0.9996
vn -0.6881 -0.7256 -0.0000
vn -0.0237 0.0149 0.9996
vn 0.3528 0.9357 -0.0000
vn -0.0237 0.0149 -0.9996
vn -0.7138 -0.7003 -0.0000
vn -0.0232 0.0157 0.9996
vn 0.3864 0.9223 -0.0000
vn -0.0232 0.0157 -0.9996
vn -0.7387 -0.6741 -0.0000
vn -0.0226 0.0165 0.9996
vn 0.4194 0.9078 -0.0000
vn -0.0226 0.0165 -0.9996
vn -0.7625 -0.6470 -0.0000
vn -0.0220 0.0173 0.9996
vn 0.4519 0.8921 -0.0000
vn -0.0220 0.0173 -0.9996
vn -0.7854 -0.6190 -0.0000
vn -0.0213 0.0181 0.9996
vn 0.4838 0.8752 -0.0000
vn -0.0213 0.0181 -0.9996
vn -0.8072 -0.5903 -0.0000
vn -0.0207 0.0189 0.9996
vn 0.5151 0.8571 -0.0000
vn -0.0207 0.0189 -0.9996
vn -0.8280 -0.5607 -0.0000
vn -0.0200 0.0196 0.9996
vn 0.5457 0.8380 -0.0000
vn -0.0200 0.0196 -0.9996
vn -0.8477 -0.5305 -0.0000
vn -0.0193 0.0203 0.9996
vn 0.5756 0.8177 -0.0000
vn -0.0193 0.0203 -0.9996
vn -0.8663 -0.4995 -0.0000
vn -0.0185 0.0210 0.9996
vn 0.6047 0.7964 -0.0000
vn -0.0185 0.0210 -0.9996
vn -0.8838 -0.4679 -0.0000
vn -0.0177 0.0217 0.9996
vn 0.6331 0.7741 -0.0000
vn -0.0177 0.0217 -0.9996
vn -0.9001 -0.4357 -0.0000
vn -0.0169 0.0223 0.9996
vn -0.0170 0.0223 0.9996
vn 0.6606 0.7507 -0.0000
vn -0.0169 0.0223 -0.9996
vn -0.9152 -0.4029 -0.0000
vn -0.0161 0.0229 0.9996
vn 0.6873 0.7264 -0.0000
vn -0.0161 0.0229 -0.9996
vn -0.9292 -0.3696 -0.0000
vn -0.0153 0.0235 0.9996
vn 0.7131 0.7011 -0.0000
vn -0.0153 0.0235 -0.9996
vn -0.9419 -0.3359 -0.0000
vn -0.0144 0.0240 0.9996
vn 0.7379 0.6749 -0.0000
vn -0.0144 0.0240 -0.9996
vn -0.9534 -0.3016 -0.0000
vn -0.0136 0.0245 0.9996
vn 0.7618 0.6478 -0.0000
vn -0.0136 0.0245 -0.9996
vn -0.9637 -0.2670 -0.0000
vn -0.0127 0.0250 0.9996
vn 0.7847 0.6199 -0.0000
vn -0.0127 0.0250 -0.9996
vn -0.9727 -0.2321 -0.0000
vn -0.0118 0.0254 0.9996
vn 0.8066 0.5911 -0.0000
vn -0.0118 0.0254 -0.9996
vn -0.9804 -0.1968 -0.0000
vn -0.0108 0.0258 0.9996
vn 0.8274 0.5616 -0.0000
vn -0.0108 0.0258 -0.9996
vn -0.9869 -0.1613 -0.0000
vn -0.0099 0.0262 0.9996
vn 0.8471 0.5314 -0.0000
vn -0.0099 0.0262 -0.9996
vn -0.9921 -0.1255 -0.0000
vn -0.0089 0.0265 0.9996
vn 0.8658 0.5005 -0.0000
vn -0.0089 0.0265 -0.9996
vn -0.9960 -0.0896 -0.0000
vn -0.0080 0.0268 0.9996
vn 0.8833 0.4689 -0.0000
vn -0.0080 0.0268 -0.9996
vn -0.9986 -0.0536 -0.0000
vn -0.0070 0.0271 0.9996
vn 0.8996 0.4367 -0.0000
vn -0.0070 0.0271 -0.9996
vn -0.9998 -0.0175 -0.0000
vn -0.0060 0.0274 0.9996
vn 0.9148 0.4039 -0.0000
vn -0.0060 0.0273 -0.9996
vn -0.9998 0.0186 -0.0000
vn -0.0050 0.0276 0.9996
vn 0.9288 0.3706 -0.0000
vn -0.0050 0.0275 -0.9996
vn -0.9985 0.0547 -0.0000
vn -0.0040 0.0277 0.9996
vn 0.9416 0.3369 -0.0000
vn -0.0040 0.0277 -0.9996
vn -0.9959 0.0907 -0.0000
vn -0.0030 0.0278 0.9996
vn 0.9531 0.3026 -0.0000
vn -0.0030 0.0278 -0.9996
vn -0.9920 0.1266 -0.0000
vn -0.0020 0.0279 0.9996
vn 0.9634 0.2680 -0.0000
vn -0.0020 0.0279 -0.9996
vn -0.9867 0.1623 -0.0000
vn -0.0010 0.0280 0.9996
vn 0.9725 0.2331 -0.0000
vn -0.0010 0.0280 -0.9996
vn -0.9802 0.1978 -0.0000
vn -0.0000 0.0280 0.9996
vn 0.9802 0.1978 -0.0000
vn -0.0000 0.0280 -0.9996
vn -0.9725 0.2331 -0.0000
vn 0.0010 0.0280 0.9996
vn 0.9867 0.1623 -0.0000
vn 0.0010 0.0280 -0.9996
vn -0.9634 0.2680 -0.0000
vn 0.0020 0.0279 0.9996
vn 0.9920 0.1266 -0.0000
vn 0.0020 0.0279 -0.9996
vn -0.9531 0.3026 -0.0000
vn 0.0030 0.0278 0.9996
vn 0.9959 0.0907 -0.0000
vn 0.0030 0.0278 -0.9996
vn -0.9416 0.3369 -0.0000
vn 0.0040 0.0277 0.9996
vn 0.9985 0.0547 -0.0000
vn 0.0040 0.0277 -0.9996
vn -0.9288 0.3706 -0.0000
vn 0.0050 0.0276 0.9996
vn 0.9998 0.0186 -0.0000
vn 0.0050 0.0275 -0.9996
vn -0.9148 0.4039 -0.0000
vn 0.0060 0.0274 0.9996
vn 0.9998 -0.0175 -0.0000
vn 0.0060 0.0273 -0.9996
vn -0.8996 0.4367 -0.0000
vn 0.0070 0.0271 0.9996
vn 0.9986 -0.0536 -0.0000
vn 0.0070 0.0271 -0.9996
vn -0.8833 0.4689 -0.0000
vn 0.0080 0.0268 0.9996
vn 0.9960 -0.0896 -0.0000
vn 0.0080 0.0268 -0.9996
vn -0.8658 0.5005 -0.0000
vn 0.0089 0.0265 0.9996
vn 0.9921 -0.1255 -0.0000
vn 0.0089 0.0265 -0.9996
vn -0.8471 0.5314 -0.0000
vn 0.0099 0.0262 0.9996
vn 0.9869 -0.1613 -0.0000
vn 0.0099 0.0262 -0.9996
vn -0.8274 0.5616 -0.0000
vn 0.0108 0.0258 0.9996
vn 0.9804 -0.1968 -0.0000
vn 0.0108 0.0258 -0.9996
vn -0.8066 0.5911 -0.0000
vn 0.0118 0.0254 0.9996
vn 0.9727 -0.2320 -0.0000
vn 0.0118 0.0254 -0.9996
vn -0.7847 0.6199 -0.0000
vn 0.0127 0.0250 0.9996
vn 0.9637 -0.2670 -0.0000
vn 0.0127 0.0250 -0.9996
vn -0.7618 0.6478 -0.0000
vn 0.0136 0.0245 0.9996
vn 0.9534 -0.3016 -0.0000
vn 0.0136 0.0245 -0.9996
vn -0.7379 0.6749 -0.0000
vn 0.0144 0.0240 0.9996
vn 0.9419 -0.3359 -0.0000
vn 0.0144 0.0240 -0.9996
vn -0.7131 0.7011 -0.0000
vn 0.0153 0.0235 0.9996
vn 0.9292 -0.3696 -0.0000
vn 0.0153 0.0235 -0.9996
vn -0.6873 0.7264 -0.0000
vn 0.0161 0.0229 0.9996
vn 0.9152 -0.4029 -0.0000
vn 0.0161 0.0229 -0.9996
vn -0.6606 0.7507 -0.0000
vn 0.0169 0.0223 0.9996
vn 0.9001 -0.4357 -0.0000
vn 0.0169 0.0223 -0.9996
vn -0.6331 0.7741 -0.0000
vn 0.0177 0.0217 0.9996
vn 0.8838 -0.4679 -0.0000
vn 0.0177 0.0217 -0.9996
vn -0.6047 0.7964 -0.0000
vn 0.0185 0.0210 0.9996
vn 0.8663 -0.4995 -0.0000
vn 0.0185 0.0210 -0.9996
vn -0.5756 0.8177 -0.0000
vn 0.0193 0.0203 0.9996
vn 0.8477 -0.5305 -0.0000
vn 0.0193 0.0203 -0.9996
vn -0.5457 0.8380 -0.0000
vn 0.0200 0.0196 0.9996
vn 0.8280 -0.5607 -0.0000
vn 0.0200 0.0196 -0.9996
vn -0.5151 0.8571 -0.0000
vn 0.0207 0.0189 0.9996
vn 0.8072 -0.5903 -0.0000
vn 0.0207 0.0189 -0.9996
vn -0.4838 0.8752 -0.0000
vn 0.0213 0.0181 0.9996
vn 0.7854 -0.6190 -0.0000
vn 0.0213 0.0181 -0.9996
vn -0.4519 0.8921 -0.0000
vn 0.0220 0.0173 0.9996
vn 0.7625 -0.6470 -0.0000
vn 0.0220 0.0173 -0.9996
vn 0.0220 0.0174 -0.9996
vn -0.4194 0.9078 -0.0000
vn 0.0226 0.0165 0.9996
vn 0.7387 -0.6741 -0.0000
vn 0.0226 0.0165 -0.9996
vn -0.3864 0.9223 -0.0000
vn 0.0232 0.0157 0.9996
vn 0.7138 -0.7003 -0.0000
vn 0.0232 0.0157 -0.9996
vn -0.3528 0.9357 -0.0000
vn 0.0237 0.0149 0.9996
vn 0.6881 -0.7256 -0.0000
vn 0.0237 0.0149 -0.9996
vn -0.3188 0.9478 -0.0000
vn 0.0243 0.0140 0.9996
vn 0.6614 -0.7500 -0.0000
vn 0.0243 0.0140 -0.9996
vn -0.2844 0.9587 -0.0000
vn 0.0247 0.0131 0.9996
vn 0.6339 -0.7734 -0.0000
vn 0.0247 0.0131 -0.9996
vn -0.2496 0.9684 -0.0000
vn 0.0252 0.0122 0.9996
vn 0.6056 -0.7958 -0.0000
vn 0.0252 0.0122 -0.9996
vn -0.2145 0.9767 -0.0000
vn 0.0256 0.0113 0.9996
vn 0.5765 -0.8171 -0.0000
vn 0.0256 0.0113 -0.9996
vn -0.1790 0.9838 -0.0000
vn 0.0260 0.0104 0.9996
vn 0.5466 -0.8374 -0.0000
vn 0.0260 0.0104 -0.9996
vn -0.1434 0.9897 -0.0000
vn 0.0264 0.0094 0.9996
vn 0.5160 -0.8566 -0.0000
vn 0.0264 0.0094 -0.9996
vn -0.1076 0.9942 -0.0000
vn 0.0267 0.0085 0.9996
vn 0.4847 -0.8747 -0.0000
vn 0.0267 0.0085 -0.9996
vn -0.0716 0.9974 -0.0000
vn 0.0270 0.0075 0.9996
vn 0.4529 -0.8916 -0.0000
vn 0.0270 0.0075 -0.9996
vn -0.0356 0.9994 -0.0000
vn 0.0272 0.0065 0.9996
vn 0.4204 -0.9074 -0.0000
vn 0.0272 0.0065 -0.9996
vn 0.0005 1.0000 -0.0000
vn 0.0275 0.0055 0.9996
vn 0.3873 -0.9219 -0.0000
vn 0.0275 0.0055 -0.9996
vn 0.0366 0.9993 -0.0000
vn 0.0276 0.0045 0.9996
vn 0.3538 -0.9353 -0.0000
vn 0.0276 0.0045 -0.9996
vn 0.0727 0.9974 -0.0000
vn 0.0278 0.0035 0.9996
vn 0.3198 -0.9475 -0.0000
vn 0.0278 0.0035 -0.9996
vn 0.1086 0.9941 -0.0000
vn 0.0279 0.0025 0.9996
vn 0.2854 -0.9584 -0.0000
vn 0.0279 0.0025 -0.9996
vn 0.1445 0.9895 -0.0000
vn 0.0280 0.0015 0.9996
vn 0.2506 -0.9681 -0.0000
vn 0.0280 0.0015 -0.9996
vn 0.1801 0.9836 -0.0000
vn 0.0280 0.0005 0.9996
vn 0.2155 -0.9765 -0.0000
vn 0.0280 0.0005 -0.9996
vn -0.9993 0.0361 -0.0000
vn -0.9974 0.0722 -0.0000
vn -0.9941 0.1081 -0.0000
vn -0.9896 0.1439 -0.0000
vn -0.9837 0.1796 -0.0000
vn -0.9766 0.2150 -0.0000
vn -0.9682 0.2501 -0.0000
vn -0.9586 0.2849 -0.0000
vn -0.9477 0.3193 -0.0000
vn -0.9355 0.3533 -0.0000
vn -0.9221 0.3868 -0.0000
vn 0.9221 -0.3869 -0.0000
vn -0.9076 0.4199 -0.0000
vn -0.8918 0.4524 -0.0000
vn -0.8749 0.4843 -0.0000
vn -0.8569 0.5156 -0.0000
vn -0.8377 0.5462 -0.0000
vn 0.8377 -0.5461 -0.0000
vn -0.8174 0.5760 -0.0000
vn -0.7961 0.6052 -0.0000
vn -0.7737 0.6335 -0.0000
vn -0.7504 0.6610 -0.0000
vn 0.7503 -0.6610 -0.0000
vn -0.7260 0.6877 -0.0000
vn -0.7007 0.7135 -0.0000
vn -0.6745 0.7383 -0.0000
vn -0.6474 0.7622 -0.0000
vn -0.6194 0.7850 -0.0000
vn -0.5907 0.8069 -0.0000
vn -0.5612 0.8277 -0.0000
vn -0.5309 0.8474 -0.0000
vn -0.5000 0.8660 -0.0000
vn -0.4684 0.8835 -0.0000
vn -0.4362 0.8998 -0.0000
vn -0.4034 0.9150 -0.0000
vn -0.3701 0.9290 -0.0000
vn -0.3364 0.9417 -0.0000
vn -0.3021 0.9533 -0.0000
vn -0.2675 0.9636 -0.0000
vn -0.2675 0.9635 -0.0000
vn 0.2675 -0.9636 -0.0000
vn -0.2326 0.9726 -0.0000
vn -0.1973 0.9803 -0.0000
vn -0.1618 0.9868 -0.0000
vn -0.1260 0.9920 -0.0000
vn -0.1261 0.9920 -0.0000
vn 0.1260 -0.9920 -0.0000
vn -0.0902 0.9959 -0.0000
vn -0.0541 0.9985 -0.0000
vn -0.0181 0.9998 -0.0000
vn 0.0181 0.9998 -0.0000
vn 0.0541 0.9985 -0.0000
vn 0.0902 0.9959 -0.0000
vn 0.1261 0.9920 -0.0000
vn 0.1260 0.9920 -0.0000
vn 0.1618 0.9868 -0.0000
vn 0.1973 0.9803 -0.0000
vn 0.2326 0.9726 -0.0000
vn 0.2675 0.9636 -0.0000
vn -0.2675 -0.9635 -0.0000
vn 0.3021 0.9533 -0.0000
vn 0.3364 0.9417 -0.0000
vn 0.3701 0.9290 -0.0000
vn 0.4034 0.9150 -0.0000
vn 0.4362 0.8998 -0.0000
vn 0.4684 0.8835 -0.0000
vn 0.5000 0.8660 -0.0000
vn 0.5309 0.8474 -0.0000
vn 0.5612 0.8277 -0.0000
vn 0.5907 0.8069 -0.0000
vn 0.6194 0.7850 -0.0000
vn 0.6474 0.7622 -0.0000
vn 0.6745 0.7383 -0.0000
vn 0.7007 0.7135 -0.0000
vn 0.7260 0.6877 -0.0000
vn 0.7503 0.6610 -0.0000
vn -0.7504 -0.6610 -0.0000
vn 0.7737 0.6335 -0.0000
vn 0.7961 0.6052 -0.0000
vn 0.8174 0.5760 -0.0000
vn 0.8377 0.5462 -0.0000
vn 0.8569 0.5156 -0.0000
vn 0.8749 0.4843 -0.0000
vn 0.8918 0.4524 -0.0000
vn 0.9076 0.4199 -0.0000
vn 0.9221 0.3869 -0.0000
vn 0.9355 0.3533 -0.0000
vn 0.9477 0.3193 -0.0000
vn 0.9586 0.2849 -0.0000
vn 0.9682 0.2501 -0.0000
vn 0.9766 0.2150 -0.0000
vn 0.9837 0.1796 -0.0000
vn 0.9896 0.1439 -0.0000
vn 0.9941 0.1081 -0.0000
vn 0.9974 0.0722 -0.0000
vn 0.9993 0.0361 -0.0000
vt 0.571753 0.319333
vt 0.571753 0.324054
vt 0.569932 0.324054
vt 0.569932 0.319333
vt 0.650090 0.498318
vt 0.650090 0.478479
vt 0.655252 0.478386
vt 0.655968 0.498212
vt 0.621714 0.189027
vt 0.616138 0.189027
vt 0.616138 0.183581
vt 0.621714 0.183581
vt 0.997270 0.478479
vt 0.997270 0.498318
vt 0.991392 0.498212
vt 0.992108 0.478386
vt 0.548121 0.326506
vt 0.548121 0.331227
vt 0.546300 0.331227
vt 0.546300 0.326506
vt 0.660407 0.478107
vt 0.661838 0.497894
vt 0.616138 0.178142
vt 0.621714 0.178142
vt 0.985522 0.497894
vt 0.986953 0.478107
vt 0.595359 0.319333
vt 0.595359 0.324054
vt 0.593538 0.324054
vt 0.593538 0.319333
vt 0.665548 0.477641
vt 0.667693 0.497364
vt 0.616138 0.172717
vt 0.621714 0.172717
vt 0.979667 0.497364
vt 0.981812 0.477641
vt 0.569916 0.319333
vt 0.569916 0.324054
vt 0.568095 0.324054
vt 0.568095 0.319333
vt 0.670669 0.476991
vt 0.673525 0.496623
vt 0.616138 0.167313
vt 0.621714 0.167313
vt 0.973835 0.496623
vt 0.976691 0.476991
vt 0.574837 0.474562
vt 0.574837 0.479282
vt 0.573016 0.479282
vt 0.573016 0.474562
vt 0.675764 0.476155
vt 0.679326 0.495672
vt 0.616138 0.161938
vt 0.621714 0.161938
vt 0.968034 0.495672
vt 0.971596 0.476155
vt 0.535400 0.285181
vt 0.535400 0.289901
vt 0.533579 0.289901
vt 0.533579 0.285181
vt 0.680825 0.475137
vt 0.685090 0.494512
vt 0.616138 0.156598
vt 0.621714 0.156598
vt 0.962271 0.494512
vt 0.966535 0.475137
vt 0.571753 0.433846
vt 0.571753 0.438567
vt 0.569932 0.438567
vt 0.569932 0.433846
vt 0.685846 0.473936
vt 0.690807 0.493145
vt 0.616138 0.151300
vt 0.621714 0.151300
vt 0.956553 0.493145
vt 0.961514 0.473936
vt 0.574837 0.469800
vt 0.574837 0.474520
vt 0.573016 0.474520
vt 0.573016 0.469800
vt 0.690820 0.472555
vt 0.696472 0.491572
vt 0.616138 0.146051
vt 0.621714 0.146051
vt 0.950888 0.491572
vt 0.956540 0.472555
vt 0.539626 0.245295
vt 0.539626 0.250016
vt 0.537805 0.250016
vt 0.537805 0.245295
vt 0.695741 0.470995
vt 0.702076 0.489796
vt 0.616138 0.140859
vt 0.621714 0.140859
vt 0.945284 0.489796
vt 0.951619 0.470995
vt 0.523950 0.306760
vt 0.523950 0.311481
vt 0.522129 0.311481
vt 0.522129 0.306760
vt 0.700603 0.469259
vt 0.707612 0.487819
vt 0.616138 0.135729
vt 0.621714 0.135729
vt 0.939748 0.487819
vt 0.946757 0.469259
vt 0.601552 0.314571
vt 0.601552 0.319292
vt 0.599731 0.319292
vt 0.599731 0.314571
vt 0.705399 0.467348
vt 0.713073 0.485643
vt 0.616138 0.130669
vt 0.621714 0.130669
vt 0.934287 0.485643
vt 0.941962 0.467348
vt 0.553632 0.217544
vt 0.553632 0.222265
vt 0.551812 0.222265
vt 0.551812 0.217544
vt 0.710122 0.465266
vt 0.718452 0.483271
vt 0.616138 0.125685
vt 0.621714 0.125685
vt 0.928908 0.483271
vt 0.937238 0.465266
vt 0.553236 0.136113
vt 0.553236 0.140834
vt 0.551414 0.140834
vt 0.551414 0.136113
vt 0.714768 0.463014
vt 0.723742 0.480707
vt 0.616138 0.120783
vt 0.621714 0.120783
vt 0.923618 0.480707
vt 0.932593 0.463014
vt 0.575569 0.245295
vt 0.575569 0.250016
vt 0.573748 0.250016
vt 0.573748 0.245295
vt 0.719329 0.460596
vt 0.728936 0.477953
vt 0.616138 0.115971
vt 0.621714 0.115971
vt 0.918424 0.477953
vt 0.928032 0.460596
vt 0.522142 0.180116
vt 0.526863 0.180116
vt 0.526863 0.181937
vt 0.522142 0.181937
vt 0.723799 0.458014
vt 0.734028 0.475013
vt 0.616138 0.111254
vt 0.621714 0.111254
vt 0.913333 0.475013
vt 0.923561 0.458014
vt 0.523950 0.311522
vt 0.523950 0.316243
vt 0.522129 0.316243
vt 0.522129 0.311522
vt 0.728174 0.455273
vt 0.739009 0.471892
vt 0.616138 0.106638
vt 0.621714 0.106638
vt 0.908351 0.471892
vt 0.919186 0.455273
vt 0.601552 0.319333
vt 0.601552 0.324054
vt 0.599731 0.324054
vt 0.599731 0.319333
vt 0.732447 0.452376
vt 0.743875 0.468593
vt 0.616138 0.102129
vt 0.621714 0.102129
vt 0.903485 0.468593
vt 0.914913 0.452376
vt 0.577406 0.250626
vt 0.577406 0.255346
vt 0.575585 0.255346
vt 0.575585 0.250626
vt 0.736613 0.449327
vt 0.748619 0.465120
vt 0.616138 0.097734
vt 0.621714 0.097734
vt 0.898742 0.465120
vt 0.910748 0.449327
vt 0.637340 0.301520
vt 0.637340 0.306241
vt 0.635519 0.306241
vt 0.635519 0.301520
vt 0.740665 0.446129
vt 0.753234 0.461479
vt 0.616138 0.093458
vt 0.621714 0.093458
vt 0.894127 0.461479
vt 0.906695 0.446129
vt 0.637340 0.499768
vt 0.637340 0.504489
vt 0.635519 0.504489
vt 0.635519 0.499768
vt 0.744600 0.442787
vt 0.757714 0.457673
vt 0.616138 0.089306
vt 0.621714 0.089306
vt 0.889646 0.457673
vt 0.902760 0.442787
vt 0.569916 0.314003
vt 0.569916 0.318724
vt 0.568095 0.318724
vt 0.568095 0.314003
vt 0.748411 0.439305
vt 0.762055 0.453708
vt 0.616138 0.085285
vt 0.621714 0.085285
vt 0.885306 0.453708
vt 0.898949 0.439305
vt 0.569916 0.433846
vt 0.569916 0.438567
vt 0.568095 0.438567
vt 0.568095 0.433846
vt 0.752095 0.435688
vt 0.766249 0.449589
vt 0.616138 0.081398
vt 0.621714 0.081398
vt 0.881112 0.449589
vt 0.895266 0.435688
vt 0.574837 0.465038
vt 0.574837 0.469758
vt 0.573016 0.469758
vt 0.573016 0.465038
vt 0.755645 0.431940
vt 0.770292 0.445321
vt 0.539017 0.496417
vt 0.533455 0.496417
vt 0.533455 0.492472
vt 0.539017 0.492472
vt 0.877069 0.445321
vt 0.891715 0.431940
vt 0.588365 0.245864
vt 0.588365 0.250584
vt 0.586544 0.250584
vt 0.586544 0.245864
vt 0.759057 0.428066
vt 0.774178 0.440910
vt 0.533455 0.488395
vt 0.539017 0.488395
vt 0.873182 0.440910
vt 0.888303 0.428066
vt 0.558466 0.239965
vt 0.558466 0.244686
vt 0.556646 0.244686
vt 0.556646 0.239965
vt 0.762328 0.424072
vt 0.777902 0.436361
vt 0.533455 0.484190
vt 0.539017 0.484190
vt 0.869458 0.436361
vt 0.885032 0.424072
vt 0.569916 0.428516
vt 0.569916 0.433236
vt 0.568095 0.433236
vt 0.568095 0.428516
vt 0.765452 0.419962
vt 0.781460 0.431681
vt 0.533455 0.479865
vt 0.539017 0.479865
vt 0.865900 0.431681
vt 0.881908 0.419962
vt 0.551398 0.130783
vt 0.551398 0.135503
vt 0.549577 0.135503
vt 0.549577 0.130783
vt 0.768426 0.415742
vt 0.784846 0.426876
vt 0.533455 0.475423
vt 0.539017 0.475423
vt 0.862514 0.426876
vt 0.878934 0.415742
vt 0.637340 0.505098
vt 0.637340 0.509819
vt 0.635519 0.509819
vt 0.635519 0.505098
vt 0.771245 0.411418
vt 0.788057 0.421951
vt 0.533455 0.470871
vt 0.539017 0.470871
vt 0.859303 0.421951
vt 0.876115 0.411418
vt 0.603389 0.319333
vt 0.603389 0.324054
vt 0.601568 0.324054
vt 0.601568 0.319333
vt 0.773907 0.406994
vt 0.791088 0.416914
vt 0.533455 0.466216
vt 0.539017 0.466216
vt 0.856272 0.416914
vt 0.873453 0.406994
vt 0.548121 0.321744
vt 0.548121 0.326465
vt 0.546300 0.326465
vt 0.546300 0.321744
vt 0.776407 0.402478
vt 0.793935 0.411770
vt 0.533455 0.461462
vt 0.539017 0.461462
vt 0.853426 0.411770
vt 0.870953 0.402478
vt 0.573732 0.239965
vt 0.573732 0.244686
vt 0.571911 0.244686
vt 0.571911 0.239965
vt 0.778742 0.397874
vt 0.796594 0.406528
vt 0.533455 0.456616
vt 0.539017 0.456616
vt 0.850766 0.406528
vt 0.868618 0.397874
vt 0.560136 0.073500
vt 0.560136 0.078220
vt 0.558315 0.078220
vt 0.558315 0.073500
vt 0.780910 0.393188
vt 0.799063 0.401192
vt 0.533455 0.451684
vt 0.539017 0.451684
vt 0.848298 0.401192
vt 0.866450 0.393188
vt 0.526001 0.012172
vt 0.526001 0.016892
vt 0.524180 0.016892
vt 0.524180 0.012172
vt 0.782907 0.388428
vt 0.801337 0.395771
vt 0.533455 0.446674
vt 0.539017 0.446674
vt 0.846023 0.395771
vt 0.864453 0.388428
vt 0.558299 0.068738
vt 0.558299 0.073459
vt 0.556478 0.073459
vt 0.556478 0.068738
vt 0.784731 0.383598
vt 0.803414 0.390271
vt 0.533455 0.441591
vt 0.539017 0.441591
vt 0.843946 0.390271
vt 0.862629 0.383598
vt 0.539626 0.047047
vt 0.539626 0.051768
vt 0.537805 0.051768
vt 0.537805 0.047047
vt 0.786379 0.378706
vt 0.805291 0.384700
vt 0.533455 0.436441
vt 0.539017 0.436441
vt 0.842069 0.384700
vt 0.860981 0.378706
vt 0.573732 0.250626
vt 0.573732 0.255346
vt 0.571911 0.255346
vt 0.571911 0.250626
vt 0.787850 0.373758
vt 0.806966 0.379065
vt 0.533455 0.431233
vt 0.539017 0.431233
vt 0.840394 0.379065
vt 0.859510 0.373758
vt 0.563629 0.090467
vt 0.563629 0.095188
vt 0.561808 0.095188
vt 0.561808 0.090467
vt 0.789141 0.368759
vt 0.808436 0.373373
vt 0.533455 0.425972
vt 0.539017 0.425972
vt 0.838924 0.373373
vt 0.858219 0.368759
vt 0.526001 0.215750
vt 0.526001 0.220470
vt 0.524180 0.220470
vt 0.524180 0.215750
vt 0.790251 0.363718
vt 0.809700 0.367632
vt 0.533455 0.420665
vt 0.539017 0.420665
vt 0.837660 0.367632
vt 0.857109 0.363718
vt 0.522142 0.181953
vt 0.526863 0.181953
vt 0.526863 0.183774
vt 0.522142 0.183774
vt 0.791178 0.358639
vt 0.810755 0.361849
vt 0.533455 0.415320
vt 0.539017 0.415320
vt 0.836605 0.361849
vt 0.856182 0.358639
vt 0.549561 0.125453
vt 0.549561 0.130173
vt 0.547740 0.130173
vt 0.547740 0.125453
vt 0.791921 0.353530
vt 0.811602 0.356031
vt 0.533455 0.409943
vt 0.539017 0.409943
vt 0.835759 0.356031
vt 0.855439 0.353530
vt 0.619927 0.079025
vt 0.619927 0.083745
vt 0.618106 0.083745
vt 0.618106 0.079025
vt 0.792479 0.348398
vt 0.812237 0.350187
vt 0.533455 0.404541
vt 0.539017 0.404541
vt 0.835123 0.350187
vt 0.854881 0.348398
vt 0.534128 0.194969
vt 0.534128 0.199690
vt 0.532307 0.199690
vt 0.532307 0.194969
vt 0.792852 0.343249
vt 0.812662 0.344323
vt 0.533455 0.399121
vt 0.539017 0.399121
vt 0.834699 0.344323
vt 0.854508 0.343249
vt 0.551398 0.136113
vt 0.551398 0.140833
vt 0.549577 0.140833
vt 0.549577 0.136113
vt 0.793038 0.338090
vt 0.812874 0.338448
vt 0.533455 0.393691
vt 0.539017 0.393691
vt 0.834486 0.338448
vt 0.854322 0.338090
vt 0.551796 0.217544
vt 0.551796 0.222265
vt 0.549974 0.222265
vt 0.549974 0.217544
vt 0.793038 0.332928
vt 0.812874 0.332569
vt 0.533455 0.388258
vt 0.539017 0.388258
vt 0.834486 0.332569
vt 0.854322 0.332928
vt 0.526001 0.016934
vt 0.526001 0.021654
vt 0.524180 0.021654
vt 0.524180 0.016934
vt 0.792852 0.327769
vt 0.812662 0.326695
vt 0.533455 0.382827
vt 0.539017 0.382827
vt 0.834699 0.326695
vt 0.854508 0.327769
vt 0.539626 0.250626
vt 0.539626 0.255346
vt 0.537805 0.255346
vt 0.537805 0.250626
vt 0.792479 0.322620
vt 0.812237 0.320831
vt 0.533455 0.377408
vt 0.539017 0.377408
vt 0.835123 0.320831
vt 0.854881 0.322620
vt 0.573732 0.245295
vt 0.573732 0.250016
vt 0.571911 0.250016
vt 0.571911 0.245295
vt 0.791921 0.317487
vt 0.811602 0.314987
vt 0.533455 0.372006
vt 0.539017 0.372006
vt 0.835758 0.314987
vt 0.855439 0.317487
vt 0.526001 0.220512
vt 0.526001 0.225232
vt 0.524180 0.225232
vt 0.524180 0.220512
vt 0.791178 0.312379
vt 0.810756 0.309169
vt 0.533455 0.366629
vt 0.539017 0.366629
vt 0.836605 0.309169
vt 0.856182 0.312379
vt 0.561579 0.237547
vt 0.566300 0.237547
vt 0.566300 0.239368
vt 0.561579 0.239368
vt 0.790251 0.307300
vt 0.809700 0.303386
vt 0.533455 0.361284
vt 0.539017 0.361284
vt 0.837660 0.303386
vt 0.857109 0.307300
vt 0.590839 0.248208
vt 0.595559 0.248208
vt 0.595559 0.250029
vt 0.590839 0.250029
vt 0.789141 0.302258
vt 0.808436 0.297645
vt 0.533455 0.355977
vt 0.539017 0.355977
vt 0.838924 0.297645
vt 0.858219 0.302258
vt 0.549958 0.217544
vt 0.549958 0.222265
vt 0.548137 0.222265
vt 0.548137 0.217544
vt 0.787850 0.297260
vt 0.806966 0.291953
vt 0.533455 0.350716
vt 0.539017 0.350716
vt 0.840394 0.291953
vt 0.859510 0.297260
vt 0.563629 0.085705
vt 0.563629 0.090426
vt 0.561808 0.090426
vt 0.561808 0.085705
vt 0.786380 0.292311
vt 0.805291 0.286317
vt 0.533455 0.345508
vt 0.539017 0.345508
vt 0.842069 0.286317
vt 0.860981 0.292311
vt 0.595601 0.248208
vt 0.600321 0.248208
vt 0.600321 0.250029
vt 0.595601 0.250029
vt 0.784731 0.287419
vt 0.803414 0.280746
vt 0.533455 0.340358
vt 0.539017 0.340358
vt 0.843946 0.280746
vt 0.862629 0.287419
vt 0.529281 0.199731
vt 0.529281 0.204452
vt 0.527460 0.204452
vt 0.527460 0.199731
vt 0.782907 0.282590
vt 0.801337 0.275247
vt 0.533455 0.335275
vt 0.539017 0.335275
vt 0.846023 0.275247
vt 0.864453 0.282590
vt 0.623420 0.091140
vt 0.623420 0.095860
vt 0.621599 0.095860
vt 0.621599 0.091140
vt 0.780910 0.277829
vt 0.799063 0.269826
vt 0.533455 0.330264
vt 0.539017 0.330264
vt 0.848297 0.269826
vt 0.866450 0.277829
vt 0.576674 0.474562
vt 0.576674 0.479282
vt 0.574853 0.479282
vt 0.574853 0.474562
vt 0.778743 0.273144
vt 0.796595 0.264490
vt 0.533455 0.325333
vt 0.539017 0.325333
vt 0.850766 0.264490
vt 0.868618 0.273144
vt 0.586528 0.245864
vt 0.586528 0.250584
vt 0.584707 0.250584
vt 0.584707 0.245864
vt 0.776407 0.268540
vt 0.793935 0.259247
vt 0.533455 0.320487
vt 0.539017 0.320487
vt 0.853425 0.259247
vt 0.870953 0.268540
vt 0.565679 0.100762
vt 0.565679 0.105483
vt 0.563858 0.105483
vt 0.563858 0.100762
vt 0.773907 0.264023
vt 0.791088 0.254104
vt 0.533455 0.315733
vt 0.539017 0.315733
vt 0.856272 0.254104
vt 0.873453 0.264023
vt 0.618090 0.079025
vt 0.618090 0.083745
vt 0.616269 0.083745
vt 0.616269 0.079025
vt 0.771246 0.259600
vt 0.788057 0.249066
vt 0.533455 0.311077
vt 0.539017 0.311077
vt 0.859303 0.249067
vt 0.876115 0.259600
vt 0.618090 0.074263
vt 0.618090 0.078983
vt 0.616269 0.078983
vt 0.616269 0.074263
vt 0.768426 0.255275
vt 0.784847 0.244142
vt 0.533455 0.306525
vt 0.539017 0.306525
vt 0.862514 0.244142
vt 0.878934 0.255275
vt 0.558467 0.250626
vt 0.558467 0.255346
vt 0.556646 0.255346
vt 0.556646 0.250626
vt 0.765452 0.251055
vt 0.781460 0.239336
vt 0.533455 0.302084
vt 0.539017 0.302084
vt 0.865900 0.239336
vt 0.881908 0.251055
vt 0.541463 0.250626
vt 0.541463 0.255346
vt 0.539642 0.255346
vt 0.539642 0.250626
vt 0.762328 0.246946
vt 0.777903 0.234656
vt 0.533455 0.297758
vt 0.539017 0.297758
vt 0.869458 0.234656
vt 0.885032 0.246946
vt 0.579389 0.243193
vt 0.584110 0.243193
vt 0.584110 0.245014
vt 0.579389 0.245014
vt 0.759058 0.242951
vt 0.774178 0.230108
vt 0.533455 0.293554
vt 0.539017 0.293554
vt 0.873182 0.230108
vt 0.888302 0.242951
vt 0.558299 0.078262
vt 0.558299 0.082982
vt 0.556478 0.082982
vt 0.556478 0.078262
vt 0.755645 0.239078
vt 0.770292 0.225697
vt 0.533455 0.289477
vt 0.539017 0.289477
vt 0.877068 0.225697
vt 0.891715 0.239078
vt 0.535965 0.199731
vt 0.535965 0.204452
vt 0.534144 0.204452
vt 0.534144 0.199731
vt 0.752095 0.235330
vt 0.766249 0.221429
vt 0.533455 0.285532
vt 0.539017 0.285532
vt 0.881111 0.221429
vt 0.895265 0.235330
vt 0.549561 0.136113
vt 0.549561 0.140834
vt 0.547740 0.140834
vt 0.547740 0.136113
vt 0.748412 0.231712
vt 0.762055 0.217309
vt 0.561912 0.188844
vt 0.556357 0.188844
vt 0.556357 0.183417
vt 0.561912 0.183417
vt 0.885305 0.217309
vt 0.898948 0.231712
vt 0.594484 0.006332
vt 0.594484 0.011052
vt 0.592663 0.011052
vt 0.592663 0.006332
vt 0.744600 0.228230
vt 0.757715 0.213344
vt 0.556357 0.177994
vt 0.561912 0.177994
vt 0.889646 0.213344
vt 0.902760 0.228230
vt 0.575569 0.250626
vt 0.575569 0.255346
vt 0.573748 0.255346
vt 0.573748 0.250626
vt 0.740666 0.224888
vt 0.753234 0.209538
vt 0.556357 0.172581
vt 0.561912 0.172581
vt 0.894126 0.209538
vt 0.906694 0.224888
vt 0.529281 0.189386
vt 0.529281 0.194107
vt 0.527460 0.194107
vt 0.527460 0.189386
vt 0.736613 0.221690
vt 0.748619 0.205897
vt 0.556357 0.167186
vt 0.561912 0.167186
vt 0.898741 0.205897
vt 0.910747 0.221690
vt 0.558466 0.245295
vt 0.558466 0.250016
vt 0.556646 0.250016
vt 0.556646 0.245295
vt 0.732448 0.218641
vt 0.743876 0.202424
vt 0.556357 0.161815
vt 0.561912 0.161815
vt 0.903485 0.202424
vt 0.914913 0.218641
vt 0.586528 0.250626
vt 0.586528 0.255346
vt 0.584707 0.255346
vt 0.584707 0.250626
vt 0.728175 0.215744
vt 0.739010 0.199125
vt 0.556357 0.156477
vt 0.561912 0.156477
vt 0.908350 0.199125
vt 0.919186 0.215744
vt 0.558299 0.073500
vt 0.558299 0.078220
vt 0.556478 0.078220
vt 0.556478 0.073500
vt 0.723800 0.213003
vt 0.734028 0.196004
vt 0.556357 0.151177
vt 0.561912 0.151177
vt 0.913332 0.196004
vt 0.923560 0.213003
vt 0.619927 0.074263
vt 0.619927 0.078983
vt 0.618106 0.078983
vt 0.618106 0.074263
vt 0.719329 0.210422
vt 0.728937 0.193064
vt 0.556357 0.145922
vt 0.561912 0.145922
vt 0.918423 0.193064
vt 0.928031 0.210422
vt 0.529281 0.184624
vt 0.529281 0.189345
vt 0.527460 0.189345
vt 0.527460 0.184624
vt 0.714768 0.208003
vt 0.723743 0.190311
vt 0.556357 0.140720
vt 0.561912 0.140720
vt 0.923617 0.190311
vt 0.932592 0.208003
vt 0.534128 0.199731
vt 0.534128 0.204452
vt 0.532307 0.204452
vt 0.532307 0.199731
vt 0.710123 0.205752
vt 0.718453 0.187746
vt 0.556357 0.135577
vt 0.561912 0.135577
vt 0.928907 0.187746
vt 0.937238 0.205752
vt 0.592647 0.006332
vt 0.592647 0.011052
vt 0.590826 0.011052
vt 0.590826 0.006332
vt 0.705399 0.203669
vt 0.713074 0.185374
vt 0.556357 0.130500
vt 0.561912 0.130500
vt 0.934287 0.185375
vt 0.941961 0.203669
vt 0.541463 0.047047
vt 0.541463 0.051768
vt 0.539642 0.051768
vt 0.539642 0.047047
vt 0.700603 0.201758
vt 0.707612 0.183199
vt 0.556357 0.125495
vt 0.561912 0.125495
vt 0.939748 0.183199
vt 0.946757 0.201758
vt 0.548121 0.217544
vt 0.548121 0.222265
vt 0.546300 0.222265
vt 0.546300 0.217544
vt 0.695742 0.200022
vt 0.702076 0.181221
vt 0.556357 0.120570
vt 0.561912 0.120570
vt 0.945284 0.181221
vt 0.951619 0.200022
vt 0.539626 0.041717
vt 0.539626 0.046438
vt 0.537805 0.046438
vt 0.537805 0.041717
vt 0.690820 0.198462
vt 0.696472 0.179445
vt 0.556357 0.115730
vt 0.561912 0.115730
vt 0.950888 0.179445
vt 0.956540 0.198462
vt 0.623420 0.086378
vt 0.623420 0.091098
vt 0.621599 0.091098
vt 0.621599 0.086378
vt 0.685846 0.197081
vt 0.690808 0.177872
vt 0.556357 0.110982
vt 0.561912 0.110982
vt 0.956553 0.177872
vt 0.961514 0.197081
vt 0.588365 0.250626
vt 0.588365 0.255346
vt 0.586544 0.255346
vt 0.586544 0.250626
vt 0.680825 0.195880
vt 0.685090 0.176505
vt 0.556357 0.106332
vt 0.561912 0.106332
vt 0.962270 0.176505
vt 0.966535 0.195880
vt 0.529281 0.194969
vt 0.529281 0.199690
vt 0.527460 0.199690
vt 0.527460 0.194969
vt 0.675764 0.194861
vt 0.679327 0.175345
vt 0.556357 0.101786
vt 0.561912 0.101786
vt 0.968033 0.175345
vt 0.971596 0.194861
vt 0.535965 0.194969
vt 0.535965 0.199690
vt 0.534144 0.199690
vt 0.534144 0.194969
vt 0.670670 0.194026
vt 0.673525 0.174394
vt 0.556357 0.097350
vt 0.561912 0.097350
vt 0.973835 0.174394
vt 0.976690 0.194026
vt 0.625470 0.100762
vt 0.625470 0.105483
vt 0.623649 0.105483
vt 0.623649 0.100762
vt 0.665549 0.193376
vt 0.667694 0.173653
vt 0.556357 0.093029
vt 0.561912 0.093029
vt 0.979667 0.173653
vt 0.981812 0.193376
vt 0.560136 0.078262
vt 0.560136 0.082983
vt 0.558315 0.082983
vt 0.558315 0.078262
vt 0.660407 0.192910
vt 0.661839 0.173123
vt 0.556357 0.088830
vt 0.561912 0.088830
vt 0.985522 0.173123
vt 0.986953 0.192910
vt 0.549561 0.130783
vt 0.549561 0.135503
vt 0.547740 0.135503
vt 0.547740 0.130783
vt 0.655252 0.192631
vt 0.655969 0.172805
vt 0.556357 0.084758
vt 0.561912 0.084758
vt 0.991392 0.172805
vt 0.992108 0.192631
vt 0.637340 0.296190
vt 0.637340 0.300911
vt 0.635519 0.300911
vt 0.635519 0.296190
vt 0.650091 0.192537
vt 0.650091 0.172698
vt 0.556357 0.080818
vt 0.561912 0.080818
vt 0.997270 0.172698
vt 0.997270 0.192537
vt 0.527439 0.021748
vt 0.527439 0.041663
vt 0.522134 0.041663
vt 0.522134 0.021748
vt 0.522134 0.235379
vt 0.527439 0.235379
vt 0.527439 0.255294
vt 0.522134 0.255294
vt 0.527156 0.051716
vt 0.522417 0.051716
vt 0.654121 0.508300
vt 0.652300 0.508333
vt 0.888232 0.493826
vt 0.888232 0.488542
vt 0.898487 0.488824
vt 0.898487 0.493544
vt 0.995060 0.508333
vt 0.993239 0.508300
vt 0.571858 0.244730
vt 0.571858 0.250014
vt 0.561603 0.249732
vt 0.561603 0.245011
vt 0.660357 0.508042
vt 0.658538 0.508141
vt 0.537432 0.140831
vt 0.537432 0.135547
vt 0.547687 0.135829
vt 0.547687 0.140549
vt 0.988822 0.508141
vt 0.987003 0.508042
vt 0.516814 0.234722
vt 0.522098 0.234722
vt 0.521817 0.244977
vt 0.517096 0.244977
vt 0.666579 0.507559
vt 0.664765 0.507723
vt 0.546337 0.239353
vt 0.546337 0.234069
vt 0.556593 0.234351
vt 0.556593 0.239071
vt 0.982595 0.507723
vt 0.980781 0.507559
vt 0.537752 0.046482
vt 0.537752 0.051766
vt 0.527497 0.051484
vt 0.527497 0.046763
vt 0.672780 0.506851
vt 0.670973 0.507081
vt 0.557787 0.308061
vt 0.557787 0.302777
vt 0.568042 0.303059
vt 0.568042 0.307779
vt 0.976387 0.507081
vt 0.974581 0.506851
vt 0.886283 0.399934
vt 0.886283 0.405218
vt 0.876028 0.404936
vt 0.876028 0.400215
vt 0.678951 0.505921
vt 0.677154 0.506215
vt 0.713921 0.440292
vt 0.708637 0.440292
vt 0.708919 0.430037
vt 0.713639 0.430037
vt 0.970207 0.506215
vt 0.968410 0.505921
vt 0.548366 0.458492
vt 0.553650 0.458492
vt 0.553368 0.468747
vt 0.548647 0.468747
vt 0.685084 0.504768
vt 0.683299 0.505127
vt 0.516768 0.244977
vt 0.511484 0.244977
vt 0.511766 0.234722
vt 0.516486 0.234722
vt 0.964061 0.505127
vt 0.962276 0.504768
vt 0.738092 0.244478
vt 0.738092 0.249762
vt 0.727836 0.249481
vt 0.727836 0.244760
vt 0.691172 0.503394
vt 0.689401 0.503817
vt 0.699973 0.457610
vt 0.694689 0.457610
vt 0.694971 0.447355
vt 0.699692 0.447355
vt 0.957959 0.503817
vt 0.956188 0.503394
vt 0.929869 0.169817
vt 0.929869 0.175101
vt 0.919614 0.174819
vt 0.919614 0.170098
vt 0.697206 0.501801
vt 0.695451 0.502289
vt 0.625211 0.493826
vt 0.625211 0.488542
vt 0.635466 0.488824
vt 0.635466 0.493544
vt 0.951909 0.502289
vt 0.950154 0.501801
vt 0.865362 0.331644
vt 0.865362 0.336928
vt 0.855107 0.336646
vt 0.855107 0.331926
vt 0.703179 0.499992
vt 0.701443 0.500542
vt 0.862081 0.509816
vt 0.862081 0.504533
vt 0.872336 0.504814
vt 0.872336 0.509535
vt 0.945917 0.500542
vt 0.944181 0.499992
vt 0.987386 0.150877
vt 0.992670 0.150877
vt 0.992388 0.161132
vt 0.987668 0.161132
vt 0.709083 0.497968
vt 0.707368 0.498581
vt 0.566865 0.484347
vt 0.561581 0.484347
vt 0.561863 0.474092
vt 0.566584 0.474092
vt 0.939993 0.498581
vt 0.938278 0.497968
vt 0.715427 0.249809
vt 0.715427 0.255092
vt 0.705172 0.254811
vt 0.705172 0.250090
vt 0.714909 0.495733
vt 0.713218 0.496407
vt 0.823725 0.214896
vt 0.823725 0.209612
vt 0.833980 0.209894
vt 0.833980 0.214614
vt 0.934143 0.496407
vt 0.932451 0.495732
vt 0.635466 0.504533
vt 0.635466 0.509816
vt 0.625211 0.509535
vt 0.625211 0.504814
vt 0.720652 0.493288
vt 0.718985 0.494023
vt 0.888232 0.509816
vt 0.888232 0.504533
vt 0.898487 0.504814
vt 0.898487 0.509535
vt 0.928375 0.494023
vt 0.926709 0.493288
vt 0.694689 0.457700
vt 0.699973 0.457700
vt 0.699692 0.467955
vt 0.694971 0.467955
vt 0.726302 0.490638
vt 0.724663 0.491432
vt 0.516768 0.509795
vt 0.511484 0.509795
vt 0.511766 0.499539
vt 0.516486 0.499539
vt 0.922697 0.491432
vt 0.921058 0.490638
vt 0.556593 0.239399
vt 0.556593 0.244683
vt 0.546337 0.244402
vt 0.546337 0.239681
vt 0.731853 0.487785
vt 0.730244 0.488638
vt 0.876028 0.389227
vt 0.876028 0.383943
vt 0.886283 0.384225
vt 0.886283 0.388946
vt 0.917116 0.488638
vt 0.915507 0.487785
vt 0.579392 0.245067
vt 0.584676 0.245067
vt 0.584394 0.255322
vt 0.579673 0.255322
vt 0.737297 0.484734
vt 0.735720 0.485645
vt 0.537432 0.135501
vt 0.537432 0.130217
vt 0.547687 0.130499
vt 0.547687 0.135219
vt 0.911640 0.485645
vt 0.910063 0.484734
vt 0.987386 0.140532
vt 0.992670 0.140532
vt 0.992388 0.150787
vt 0.987668 0.150787
vt 0.742627 0.481488
vt 0.741084 0.482455
vt 0.705172 0.249762
vt 0.705172 0.244478
vt 0.715427 0.244760
vt 0.715427 0.249481
vt 0.906276 0.482455
vt 0.904733 0.481488
vt 0.738092 0.255139
vt 0.738092 0.260423
vt 0.727836 0.260141
vt 0.727836 0.255420
vt 0.747837 0.478052
vt 0.746330 0.479074
vt 0.736585 0.416000
vt 0.731301 0.416000
vt 0.731583 0.405745
vt 0.736304 0.405745
vt 0.901030 0.479074
vt 0.899523 0.478052
vt 0.659637 0.462493
vt 0.659637 0.467776
vt 0.649382 0.467495
vt 0.649382 0.462774
vt 0.752920 0.474431
vt 0.751450 0.475506
vt 0.689513 0.450752
vt 0.684229 0.450752
vt 0.684510 0.440497
vt 0.689231 0.440497
vt 0.895910 0.475506
vt 0.894440 0.474431
vt 0.708637 0.419692
vt 0.713921 0.419692
vt 0.713639 0.429947
vt 0.708919 0.429947
vt 0.757868 0.470628
vt 0.756439 0.471756
vt 0.583230 0.308061
vt 0.583230 0.302777
vt 0.593485 0.303059
vt 0.593485 0.307779
vt 0.890922 0.471756
vt 0.889492 0.470628
vt 0.982056 0.140532
vt 0.987340 0.140532
vt 0.987058 0.150787
vt 0.982337 0.150787
vt 0.762676 0.466649
vt 0.761288 0.467827
vt 0.947509 0.405218
vt 0.947509 0.399934
vt 0.957764 0.400216
vt 0.957764 0.404936
vt 0.886072 0.467827
vt 0.884684 0.466649
vt 0.537752 0.250060
vt 0.537752 0.255344
vt 0.527497 0.255062
vt 0.527497 0.250341
vt 0.767337 0.462498
vt 0.765993 0.463727
vt 0.557787 0.433234
vt 0.557787 0.427950
vt 0.568042 0.428232
vt 0.568042 0.432952
vt 0.881368 0.463727
vt 0.880023 0.462498
vt 0.833980 0.434800
vt 0.833980 0.440084
vt 0.823725 0.439802
vt 0.823725 0.435082
vt 0.771845 0.458183
vt 0.770546 0.459459
vt 0.736585 0.436690
vt 0.731301 0.436690
vt 0.731583 0.426435
vt 0.736304 0.426435
vt 0.876814 0.459459
vt 0.875515 0.458183
vt 0.738092 0.249809
vt 0.738092 0.255092
vt 0.727836 0.254811
vt 0.727836 0.250090
vt 0.776195 0.453707
vt 0.774942 0.455029
vt 0.544208 0.471291
vt 0.538924 0.471291
vt 0.539206 0.461036
vt 0.543927 0.461036
vt 0.872418 0.455029
vt 0.871165 0.453707
vt 0.833980 0.225603
vt 0.833980 0.230887
vt 0.823725 0.230605
vt 0.823725 0.225884
vt 0.780380 0.449077
vt 0.779176 0.450444
vt 0.544208 0.491982
vt 0.538924 0.491982
vt 0.539206 0.481726
vt 0.543927 0.481726
vt 0.868184 0.450444
vt 0.866980 0.449077
vt 0.524195 0.484271
vt 0.529479 0.484271
vt 0.529197 0.494526
vt 0.524476 0.494526
vt 0.784395 0.444300
vt 0.783241 0.445709
vt 0.565945 0.186636
vt 0.565945 0.181352
vt 0.576200 0.181634
vt 0.576200 0.186355
vt 0.864119 0.445709
vt 0.862965 0.444300
vt 0.976725 0.150877
vt 0.982009 0.150877
vt 0.981728 0.161132
vt 0.977007 0.161132
vt 0.788235 0.439380
vt 0.787133 0.440830
vt 0.566865 0.463657
vt 0.561581 0.463657
vt 0.561863 0.453402
vt 0.566584 0.453402
vt 0.860227 0.440830
vt 0.859125 0.439380
vt 0.516814 0.499539
vt 0.522098 0.499539
vt 0.521817 0.509795
vt 0.517096 0.509795
vt 0.791895 0.434325
vt 0.790846 0.435814
vt 0.818327 0.150787
vt 0.813043 0.150787
vt 0.813324 0.140532
vt 0.818045 0.140532
vt 0.856514 0.435814
vt 0.855465 0.434325
vt 0.516814 0.489195
vt 0.522098 0.489195
vt 0.521817 0.499450
vt 0.517096 0.499450
vt 0.795370 0.429141
vt 0.794375 0.430667
vt 0.663330 0.458960
vt 0.663330 0.453676
vt 0.673585 0.453957
vt 0.673585 0.458678
vt 0.852985 0.430667
vt 0.851990 0.429141
vt 0.516814 0.245067
vt 0.522098 0.245067
vt 0.521817 0.255322
vt 0.517096 0.255322
vt 0.798656 0.423835
vt 0.797717 0.425396
vt 0.705172 0.265753
vt 0.705172 0.260469
vt 0.715427 0.260751
vt 0.715427 0.265471
vt 0.849643 0.425396
vt 0.848704 0.423835
vt 0.833980 0.499202
vt 0.833980 0.504486
vt 0.823725 0.504205
vt 0.823725 0.499484
vt 0.801748 0.418414
vt 0.800866 0.420007
vt 0.855107 0.342258
vt 0.855107 0.336974
vt 0.865362 0.337256
vt 0.865362 0.341976
vt 0.846494 0.420007
vt 0.845613 0.418414
vt 0.957764 0.389273
vt 0.957764 0.394557
vt 0.947509 0.394276
vt 0.947509 0.389555
vt 0.804642 0.412885
vt 0.803818 0.414509
vt 0.557787 0.324051
vt 0.557787 0.318767
vt 0.568042 0.319049
vt 0.568042 0.323770
vt 0.843542 0.414509
vt 0.842718 0.412885
vt 0.757269 0.249809
vt 0.757269 0.255092
vt 0.747014 0.254811
vt 0.747014 0.250090
vt 0.807335 0.407255
vt 0.806570 0.408907
vt 0.713921 0.450637
vt 0.708637 0.450637
vt 0.708919 0.440382
vt 0.713639 0.440382
vt 0.840790 0.408907
vt 0.840026 0.407255
vt 0.548366 0.479182
vt 0.553650 0.479182
vt 0.553368 0.489437
vt 0.548647 0.489437
vt 0.809822 0.401531
vt 0.809118 0.403210
vt 0.522098 0.489105
vt 0.516814 0.489105
vt 0.517096 0.478849
vt 0.521817 0.478849
vt 0.838242 0.403210
vt 0.837538 0.401531
vt 0.713684 0.391117
vt 0.713684 0.396401
vt 0.703428 0.396119
vt 0.703428 0.391399
vt 0.812102 0.395721
vt 0.811458 0.397425
vt 0.689513 0.440407
vt 0.684229 0.440407
vt 0.684510 0.430151
vt 0.689231 0.430151
vt 0.835902 0.397425
vt 0.835258 0.395721
vt 0.635466 0.290294
vt 0.635466 0.295578
vt 0.625211 0.295296
vt 0.625211 0.290576
vt 0.814170 0.389833
vt 0.813588 0.391559
vt 0.998000 0.161132
vt 0.992716 0.161132
vt 0.992998 0.150877
vt 0.997718 0.150877
vt 0.833772 0.391559
vt 0.833190 0.389833
vt 0.833980 0.504533
vt 0.833980 0.509816
vt 0.823725 0.509535
vt 0.823725 0.504814
vt 0.816024 0.383874
vt 0.815505 0.385620
vt 0.823657 0.161132
vt 0.818373 0.161132
vt 0.818655 0.150877
vt 0.823375 0.150877
vt 0.831855 0.385620
vt 0.831336 0.383874
vt 0.568042 0.308107
vt 0.568042 0.313391
vt 0.557787 0.313109
vt 0.557787 0.308389
vt 0.817662 0.377852
vt 0.817207 0.379615
vt 0.823725 0.220226
vt 0.823725 0.214942
vt 0.833980 0.215224
vt 0.833980 0.219945
vt 0.830153 0.379615
vt 0.829698 0.377852
vt 0.813043 0.130188
vt 0.818327 0.130188
vt 0.818045 0.140443
vt 0.813324 0.140443
vt 0.819082 0.371774
vt 0.818690 0.373553
vt 0.818327 0.161132
vt 0.813043 0.161132
vt 0.813324 0.150877
vt 0.818045 0.150877
vt 0.828670 0.373553
vt 0.828279 0.371774
vt 0.568042 0.422620
vt 0.568042 0.427904
vt 0.557787 0.427622
vt 0.557787 0.422901
vt 0.820281 0.365650
vt 0.819954 0.367441
vt 0.855107 0.352918
vt 0.855107 0.347634
vt 0.865362 0.347916
vt 0.865362 0.352637
vt 0.827406 0.367441
vt 0.827079 0.365650
vt 0.537752 0.035821
vt 0.537752 0.041105
vt 0.527497 0.040824
vt 0.527497 0.036103
vt 0.821258 0.359486
vt 0.820996 0.361288
vt 0.747014 0.260423
vt 0.747014 0.255139
vt 0.757269 0.255420
vt 0.757269 0.260141
vt 0.826364 0.361288
vt 0.826102 0.359486
vt 0.795625 0.209612
vt 0.795625 0.214896
vt 0.785370 0.214614
vt 0.785370 0.209894
vt 0.822012 0.353291
vt 0.821815 0.355101
vt 0.947509 0.389227
vt 0.947509 0.383943
vt 0.957764 0.384225
vt 0.957764 0.388945
vt 0.825545 0.355101
vt 0.825348 0.353291
vt 0.568042 0.417290
vt 0.568042 0.422573
vt 0.557787 0.422292
vt 0.557787 0.417571
vt 0.822542 0.347072
vt 0.822411 0.348889
vt 0.561603 0.244683
vt 0.561603 0.239399
vt 0.571858 0.239681
vt 0.571858 0.244402
vt 0.824950 0.348889
vt 0.824818 0.347072
vt 0.833980 0.424140
vt 0.833980 0.429424
vt 0.823725 0.429142
vt 0.823725 0.424421
vt 0.822847 0.340839
vt 0.822781 0.342659
vt 0.649382 0.462446
vt 0.649382 0.457162
vt 0.659637 0.457444
vt 0.659637 0.462165
vt 0.824579 0.342659
vt 0.824513 0.340839
vt 0.992716 0.140532
vt 0.998000 0.140532
vt 0.997718 0.150787
vt 0.992998 0.150787
vt 0.822927 0.334598
vt 0.822927 0.336420
vt 0.557787 0.438564
vt 0.557787 0.433280
vt 0.568042 0.433562
vt 0.568042 0.438282
vt 0.824433 0.336420
vt 0.824433 0.334598
vt 0.547687 0.124887
vt 0.547687 0.130171
vt 0.537432 0.129889
vt 0.537432 0.125168
vt 0.822781 0.328359
vt 0.822847 0.330179
vt 0.527497 0.244683
vt 0.527497 0.239399
vt 0.537752 0.239681
vt 0.537752 0.244402
vt 0.824513 0.330179
vt 0.824579 0.328359
vt 0.731301 0.436780
vt 0.736585 0.436780
vt 0.736304 0.447035
vt 0.731583 0.447035
vt 0.822411 0.322129
vt 0.822542 0.323946
vt 0.625211 0.504486
vt 0.625211 0.499202
vt 0.635466 0.499484
vt 0.635466 0.504205
vt 0.824818 0.323946
vt 0.824950 0.322129
vt 0.992716 0.130187
vt 0.998000 0.130187
vt 0.997718 0.140442
vt 0.992998 0.140442
vt 0.821815 0.315917
vt 0.822012 0.317727
vt 0.747014 0.265753
vt 0.747014 0.260469
vt 0.757269 0.260751
vt 0.757269 0.265471
vt 0.825348 0.317727
vt 0.825545 0.315917
vt 0.593485 0.308107
vt 0.593485 0.313391
vt 0.583230 0.313109
vt 0.583230 0.308389
vt 0.820996 0.309730
vt 0.821258 0.311532
vt 0.561603 0.255344
vt 0.561603 0.250060
vt 0.571858 0.250341
vt 0.571858 0.255062
vt 0.826102 0.311532
vt 0.826364 0.309730
vt 0.713684 0.396447
vt 0.713684 0.401731
vt 0.703428 0.401449
vt 0.703428 0.396729
vt 0.819954 0.303576
vt 0.820281 0.305368
vt 0.876028 0.394557
vt 0.876028 0.389273
vt 0.886283 0.389555
vt 0.886283 0.394276
vt 0.827079 0.305368
vt 0.827406 0.303576
vt 0.568042 0.313437
vt 0.568042 0.318721
vt 0.557787 0.318440
vt 0.557787 0.313719
vt 0.818690 0.297465
vt 0.819082 0.299243
vt 0.823657 0.130098
vt 0.818373 0.130098
vt 0.818654 0.119843
vt 0.823375 0.119843
vt 0.828278 0.299243
vt 0.828670 0.297465
vt 0.635466 0.284964
vt 0.635466 0.290248
vt 0.625211 0.289966
vt 0.625211 0.285245
vt 0.817207 0.291403
vt 0.817662 0.293166
vt 0.553650 0.479092
vt 0.548366 0.479092
vt 0.548647 0.468837
vt 0.553368 0.468837
vt 0.829698 0.293166
vt 0.830153 0.291403
vt 0.684229 0.461187
vt 0.689513 0.461187
vt 0.689231 0.471442
vt 0.684510 0.471442
vt 0.815506 0.285398
vt 0.816024 0.287144
vt 0.855107 0.347588
vt 0.855107 0.342304
vt 0.865362 0.342586
vt 0.865362 0.347307
vt 0.831336 0.287144
vt 0.831855 0.285398
vt 0.987386 0.130187
vt 0.992670 0.130187
vt 0.992388 0.140442
vt 0.987668 0.140442
vt 0.813589 0.279459
vt 0.814170 0.281185
vt 0.713921 0.460982
vt 0.708637 0.460982
vt 0.708919 0.450727
vt 0.713639 0.450727
vt 0.833190 0.281185
vt 0.833771 0.279459
vt 0.635466 0.300954
vt 0.635466 0.306238
vt 0.625211 0.305957
vt 0.625211 0.301236
vt 0.811459 0.273593
vt 0.812102 0.275297
vt 0.663330 0.474950
vt 0.663330 0.469666
vt 0.673585 0.469948
vt 0.673585 0.474669
vt 0.835258 0.275297
vt 0.835902 0.273593
vt 0.561581 0.463747
vt 0.566865 0.463747
vt 0.566584 0.474002
vt 0.561863 0.474002
vt 0.809118 0.267807
vt 0.809823 0.269487
vt 0.527429 0.204427
vt 0.522145 0.204427
vt 0.522426 0.194172
vt 0.527147 0.194172
vt 0.837538 0.269487
vt 0.838242 0.267807
vt 0.795625 0.504533
vt 0.795625 0.509816
vt 0.785370 0.509535
vt 0.785370 0.504814
vt 0.806570 0.262110
vt 0.807335 0.263763
vt 0.862081 0.467977
vt 0.862081 0.462693
vt 0.872336 0.462975
vt 0.872336 0.467695
vt 0.840025 0.263763
vt 0.840790 0.262110
vt 0.919408 0.499202
vt 0.919408 0.504486
vt 0.909153 0.504205
vt 0.909153 0.499484
vt 0.803818 0.256509
vt 0.804642 0.258133
vt 0.785370 0.220226
vt 0.785370 0.214942
vt 0.795625 0.215224
vt 0.795625 0.219945
vt 0.842718 0.258133
vt 0.843542 0.256509
vt 0.982056 0.150877
vt 0.987340 0.150877
vt 0.987058 0.161132
vt 0.982337 0.161132
vt 0.800866 0.251010
vt 0.801748 0.252604
vt 0.529479 0.473836
vt 0.524195 0.473836
vt 0.524476 0.463581
vt 0.529197 0.463581
vt 0.845612 0.252604
vt 0.846494 0.251010
vt 0.713684 0.385787
vt 0.713684 0.391071
vt 0.703428 0.390789
vt 0.703428 0.386068
vt 0.797717 0.245622
vt 0.798656 0.247183
vt 0.876028 0.399888
vt 0.876028 0.394604
vt 0.886283 0.394885
vt 0.886283 0.399606
vt 0.848704 0.247183
vt 0.849643 0.245622
vt 0.516814 0.224377
vt 0.522098 0.224377
vt 0.521817 0.234632
vt 0.517096 0.234632
vt 0.794376 0.240351
vt 0.795371 0.241877
vt 0.516768 0.499450
vt 0.511484 0.499450
vt 0.511766 0.489195
vt 0.516486 0.489195
vt 0.851990 0.241877
vt 0.852984 0.240351
vt 0.833980 0.493872
vt 0.833980 0.499156
vt 0.823725 0.498874
vt 0.823725 0.494154
vt 0.790847 0.235204
vt 0.791896 0.236693
vt 0.625211 0.300908
vt 0.625211 0.295624
vt 0.635466 0.295906
vt 0.635466 0.300626
vt 0.855465 0.236693
vt 0.856514 0.235204
vt 0.524195 0.473926
vt 0.529479 0.473926
vt 0.529197 0.484181
vt 0.524476 0.484181
vt 0.787134 0.230188
vt 0.788236 0.231638
vt 0.546337 0.250014
vt 0.546337 0.244730
vt 0.556593 0.245011
vt 0.556593 0.249732
vt 0.859125 0.231638
vt 0.860227 0.230188
vt 0.818373 0.140532
vt 0.823657 0.140532
vt 0.823375 0.150787
vt 0.818655 0.150787
vt 0.783242 0.225309
vt 0.784396 0.226718
vt 0.947509 0.399888
vt 0.947509 0.394604
vt 0.957764 0.394885
vt 0.957764 0.399606
vt 0.862965 0.226718
vt 0.864118 0.225309
vt 0.715427 0.255139
vt 0.715427 0.260423
vt 0.705172 0.260141
vt 0.705172 0.255420
vt 0.779176 0.220573
vt 0.780380 0.221940
vt 0.516768 0.255322
vt 0.511484 0.255322
vt 0.511766 0.245067
vt 0.516486 0.245067
vt 0.866980 0.221940
vt 0.868184 0.220574
vt 0.823703 0.394941
vt 0.828987 0.394941
vt 0.828706 0.405196
vt 0.823985 0.405196
vt 0.774943 0.215988
vt 0.776195 0.217310
vt 0.823725 0.225556
vt 0.823725 0.220272
vt 0.833980 0.220554
vt 0.833980 0.225275
vt 0.871165 0.217310
vt 0.872417 0.215988
vt 0.992716 0.119842
vt 0.998000 0.119842
vt 0.997718 0.130097
vt 0.992998 0.130097
vt 0.770547 0.211559
vt 0.771846 0.212835
vt 0.663330 0.469620
vt 0.663330 0.464336
vt 0.673585 0.464618
vt 0.673585 0.469338
vt 0.875514 0.212835
vt 0.876814 0.211559
vt 0.694689 0.426665
vt 0.699973 0.426665
vt 0.699692 0.436920
vt 0.694971 0.436920
vt 0.765993 0.207291
vt 0.767338 0.208519
vt 0.649382 0.473107
vt 0.649382 0.467823
vt 0.659637 0.468104
vt 0.659637 0.472825
vt 0.880022 0.208519
vt 0.881367 0.207291
vt 0.795625 0.225603
vt 0.795625 0.230887
vt 0.785370 0.230605
vt 0.785370 0.225884
vt 0.761289 0.203190
vt 0.762677 0.204369
vt 0.583230 0.318721
vt 0.583230 0.313437
vt 0.593485 0.313719
vt 0.593485 0.318440
vt 0.884684 0.204369
vt 0.886072 0.203190
vt 0.818373 0.130187
vt 0.823657 0.130187
vt 0.823375 0.140442
vt 0.818655 0.140442
vt 0.756439 0.199262
vt 0.757869 0.200390
vt 0.703428 0.385741
vt 0.703428 0.380457
vt 0.713684 0.380738
vt 0.713684 0.385459
vt 0.889491 0.200390
vt 0.890921 0.199262
vt 0.839394 0.429807
vt 0.844678 0.429807
vt 0.844396 0.440062
vt 0.839676 0.440062
vt 0.751451 0.195511
vt 0.752920 0.196587
vt 0.544208 0.481636
vt 0.538924 0.481636
vt 0.539206 0.471381
vt 0.543927 0.471381
vt 0.894440 0.196587
vt 0.895909 0.195511
vt 0.506154 0.245067
vt 0.511438 0.245067
vt 0.511156 0.255322
vt 0.506436 0.255322
vt 0.746331 0.191943
vt 0.747838 0.192965
vt 0.862081 0.504486
vt 0.862081 0.499202
vt 0.872336 0.499484
vt 0.872336 0.504205
vt 0.899522 0.192965
vt 0.901030 0.191943
vt 0.537752 0.041151
vt 0.537752 0.046435
vt 0.527497 0.046154
vt 0.527497 0.041433
vt 0.741085 0.188562
vt 0.742628 0.189529
vt 0.625211 0.499156
vt 0.625211 0.493872
vt 0.635466 0.494154
vt 0.635466 0.498874
vt 0.904732 0.189529
vt 0.906275 0.188562
vt 0.738092 0.260469
vt 0.738092 0.265753
vt 0.727836 0.265471
vt 0.727836 0.260751
vt 0.735720 0.185373
vt 0.737298 0.186283
vt 0.812997 0.161132
vt 0.807713 0.161132
vt 0.807994 0.150877
vt 0.812715 0.150877
vt 0.910063 0.186283
vt 0.911640 0.185373
vt 0.872336 0.493872
vt 0.872336 0.499156
vt 0.862081 0.498874
vt 0.862081 0.494154
vt 0.730244 0.182379
vt 0.731853 0.183232
vt 0.888232 0.499156
vt 0.888232 0.493872
vt 0.898487 0.494154
vt 0.898487 0.498874
vt 0.915507 0.183232
vt 0.917116 0.182379
vt 0.673585 0.459006
vt 0.673585 0.464290
vt 0.663330 0.464008
vt 0.663330 0.459288
vt 0.724664 0.179585
vt 0.726302 0.180379
vt 0.823725 0.434754
vt 0.823725 0.429470
vt 0.833980 0.429751
vt 0.833980 0.434472
vt 0.921058 0.180380
vt 0.922697 0.179585
vt 0.929753 0.499202
vt 0.929753 0.504486
vt 0.919498 0.504205
vt 0.919498 0.499484
vt 0.718986 0.176994
vt 0.720652 0.177729
vt 0.909153 0.509816
vt 0.909153 0.504533
vt 0.919408 0.504814
vt 0.919408 0.509535
vt 0.926708 0.177729
vt 0.928374 0.176994
vt 0.593485 0.318767
vt 0.593485 0.324051
vt 0.583230 0.323770
vt 0.583230 0.319049
vt 0.713218 0.174610
vt 0.714910 0.175285
vt 0.785370 0.499156
vt 0.785370 0.493872
vt 0.795625 0.494154
vt 0.795625 0.498874
vt 0.932450 0.175285
vt 0.934142 0.174610
vt 0.694689 0.437010
vt 0.699973 0.437010
vt 0.699692 0.447265
vt 0.694971 0.447265
vt 0.707368 0.172436
vt 0.709083 0.173049
vt 0.649382 0.478437
vt 0.649382 0.473153
vt 0.659637 0.473435
vt 0.659637 0.478155
vt 0.938277 0.173049
vt 0.939992 0.172436
vt 0.547687 0.119557
vt 0.547687 0.124840
vt 0.537432 0.124559
vt 0.537432 0.119838
vt 0.701444 0.170475
vt 0.703180 0.171025
vt 0.625736 0.186636
vt 0.625736 0.181352
vt 0.635992 0.181634
vt 0.635992 0.186354
vt 0.944181 0.171025
vt 0.945917 0.170475
vt 0.556593 0.250060
vt 0.556593 0.255344
vt 0.546337 0.255062
vt 0.546337 0.250341
vt 0.695452 0.168728
vt 0.697207 0.169216
vt 0.527429 0.194082
vt 0.522145 0.194082
vt 0.522426 0.183827
vt 0.527147 0.183827
vt 0.950153 0.169216
vt 0.951908 0.168728
vt 0.795625 0.499202
vt 0.795625 0.504486
vt 0.785370 0.504205
vt 0.785370 0.499484
vt 0.689401 0.167199
vt 0.691172 0.167623
vt 0.511438 0.509795
vt 0.506154 0.509795
vt 0.506436 0.499539
vt 0.511156 0.499539
vt 0.956188 0.167623
vt 0.957959 0.167199
vt 0.731301 0.416090
vt 0.736585 0.416090
vt 0.736304 0.426345
vt 0.731583 0.426345
vt 0.683299 0.165890
vt 0.685085 0.166249
vt 0.689513 0.461097
vt 0.684229 0.461097
vt 0.684510 0.450842
vt 0.689231 0.450842
vt 0.962276 0.166249
vt 0.964061 0.165890
vt 0.872336 0.488542
vt 0.872336 0.493826
vt 0.862081 0.493544
vt 0.862081 0.488824
vt 0.677154 0.164802
vt 0.678951 0.165096
vt 0.888232 0.504486
vt 0.888232 0.499202
vt 0.898487 0.499484
vt 0.898487 0.504205
vt 0.968409 0.165096
vt 0.970206 0.164802
vt 0.833980 0.418810
vt 0.833980 0.424093
vt 0.823725 0.423812
vt 0.823725 0.419091
vt 0.670973 0.163936
vt 0.672780 0.164165
vt 0.823725 0.493826
vt 0.823725 0.488542
vt 0.833980 0.488824
vt 0.833980 0.493544
vt 0.974580 0.164165
vt 0.976387 0.163936
vt 0.601118 0.250060
vt 0.601118 0.255344
vt 0.590863 0.255062
vt 0.590863 0.250341
vt 0.664766 0.163294
vt 0.666579 0.163458
vt 0.527497 0.250014
vt 0.527497 0.244730
vt 0.537752 0.245011
vt 0.537752 0.249732
vt 0.980781 0.163458
vt 0.982595 0.163294
vt 0.795625 0.488542
vt 0.795625 0.493826
vt 0.785370 0.493544
vt 0.785370 0.488824
vt 0.658539 0.162876
vt 0.660357 0.162975
vt 0.785370 0.225556
vt 0.785370 0.220272
vt 0.795625 0.220554
vt 0.795625 0.225275
vt 0.987003 0.162975
vt 0.988821 0.162876
vt 0.561581 0.443057
vt 0.566865 0.443057
vt 0.566584 0.453312
vt 0.561863 0.453312
vt 0.652301 0.162684
vt 0.654122 0.162717
vt 0.522417 0.225326
vt 0.527156 0.225326
vt 0.993239 0.162717
vt 0.995060 0.162684
vt 0.621544 0.093792
vt 0.623689 0.093792
vt 0.623689 0.098597
vt 0.621544 0.098597
vt 0.522674 0.508734
vt 0.522674 0.494534
vt 0.526715 0.494461
vt 0.527228 0.508652
vt 0.565943 0.188370
vt 0.563807 0.188370
vt 0.563807 0.184121
vt 0.565943 0.184121
vt 0.648784 0.240062
vt 0.648784 0.254261
vt 0.644231 0.254179
vt 0.644743 0.239989
vt 0.623689 0.103396
vt 0.621544 0.103396
vt 0.530751 0.494243
vt 0.531776 0.508405
vt 0.563807 0.179875
vt 0.565943 0.179875
vt 0.639683 0.253932
vt 0.640708 0.239770
vt 0.623689 0.108182
vt 0.621544 0.108182
vt 0.534776 0.493878
vt 0.536311 0.507994
vt 0.563807 0.175637
vt 0.565943 0.175637
vt 0.635147 0.253522
vt 0.636682 0.239406
vt 0.623689 0.112949
vt 0.621544 0.112949
vt 0.538786 0.493369
vt 0.540829 0.507420
vt 0.563807 0.171413
vt 0.565943 0.171413
vt 0.630629 0.252948
vt 0.632673 0.238896
vt 0.623689 0.117692
vt 0.621544 0.117692
vt 0.542774 0.492715
vt 0.545324 0.506684
vt 0.563807 0.167208
vt 0.565943 0.167208
vt 0.626135 0.252211
vt 0.628685 0.238242
vt 0.623689 0.122403
vt 0.621544 0.122403
vt 0.546736 0.491918
vt 0.549789 0.505785
vt 0.563807 0.163028
vt 0.565943 0.163028
vt 0.621670 0.251312
vt 0.624722 0.237445
vt 0.623689 0.127077
vt 0.621544 0.127077
vt 0.550667 0.490978
vt 0.554218 0.504726
vt 0.563807 0.158879
vt 0.565943 0.158879
vt 0.617240 0.250253
vt 0.620792 0.236505
vt 0.623689 0.131708
vt 0.621544 0.131708
vt 0.554561 0.489896
vt 0.558607 0.503507
vt 0.563807 0.154765
vt 0.565943 0.154765
vt 0.612852 0.249035
vt 0.616897 0.235424
vt 0.623689 0.136289
vt 0.621544 0.136289
vt 0.558414 0.488675
vt 0.562948 0.502131
vt 0.563807 0.150692
vt 0.565943 0.150692
vt 0.608511 0.247659
vt 0.613045 0.234202
vt 0.623689 0.140814
vt 0.621544 0.140814
vt 0.562220 0.487316
vt 0.567237 0.500599
vt 0.563807 0.146665
vt 0.565943 0.146665
vt 0.604222 0.246127
vt 0.609238 0.232843
vt 0.623689 0.145279
vt 0.621544 0.145279
vt 0.565975 0.485820
vt 0.571468 0.498914
vt 0.563807 0.142690
vt 0.565943 0.142690
vt 0.599991 0.244441
vt 0.605484 0.231347
vt 0.623689 0.149676
vt 0.621544 0.149676
vt 0.569673 0.484189
vt 0.575635 0.497076
vt 0.563807 0.138772
vt 0.565943 0.138772
vt 0.595823 0.242604
vt 0.601786 0.229717
vt 0.623689 0.154000
vt 0.621544 0.154000
vt 0.573310 0.482426
vt 0.579733 0.495090
vt 0.563807 0.134916
vt 0.565943 0.134916
vt 0.591725 0.240617
vt 0.598149 0.227954
vt 0.623689 0.158246
vt 0.621544 0.158246
vt 0.576881 0.480533
vt 0.583757 0.492956
vt 0.563807 0.131127
vt 0.565943 0.131127
vt 0.587701 0.238484
vt 0.594578 0.226060
vt 0.623689 0.162408
vt 0.621544 0.162408
vt 0.580381 0.478512
vt 0.587701 0.490679
vt 0.563807 0.127409
vt 0.565943 0.127409
vt 0.583757 0.236206
vt 0.591078 0.224040
vt 0.623689 0.166481
vt 0.621544 0.166481
vt 0.583806 0.476366
vt 0.591561 0.488261
vt 0.563807 0.123768
vt 0.565943 0.123768
vt 0.579898 0.233788
vt 0.587653 0.221894
vt 0.623689 0.170458
vt 0.621544 0.170458
vt 0.587151 0.474098
vt 0.595330 0.485705
vt 0.563807 0.120209
vt 0.565943 0.120209
vt 0.576128 0.231232
vt 0.584308 0.219626
vt 0.623689 0.174336
vt 0.621544 0.174336
vt 0.590412 0.471711
vt 0.599005 0.483015
vt 0.563807 0.116736
vt 0.565943 0.116736
vt 0.572453 0.228542
vt 0.581046 0.217238
vt 0.623689 0.178109
vt 0.621544 0.178109
vt 0.593585 0.469207
vt 0.602581 0.480194
vt 0.563807 0.113353
vt 0.565943 0.113353
vt 0.568878 0.225721
vt 0.577874 0.214735
vt 0.623689 0.181771
vt 0.621544 0.181771
vt 0.596665 0.466591
vt 0.606052 0.477245
vt 0.563807 0.110066
vt 0.565943 0.110066
vt 0.565407 0.222773
vt 0.574793 0.212118
vt 0.623689 0.185319
vt 0.621544 0.185319
vt 0.599649 0.463865
vt 0.609414 0.474173
vt 0.563807 0.106877
vt 0.565943 0.106877
vt 0.562044 0.219701
vt 0.571809 0.209392
vt 0.623689 0.188748
vt 0.621544 0.188748
vt 0.602533 0.461033
vt 0.612664 0.470982
vt 0.563807 0.103793
vt 0.565943 0.103793
vt 0.558795 0.216510
vt 0.568926 0.206560
vt 0.522077 0.312391
vt 0.524216 0.312391
vt 0.524216 0.315872
vt 0.522077 0.315872
vt 0.605312 0.458099
vt 0.615796 0.467676
vt 0.548387 0.492919
vt 0.546248 0.492919
vt 0.546248 0.489830
vt 0.548387 0.489830
vt 0.555663 0.213203
vt 0.566146 0.203626
vt 0.524216 0.319469
vt 0.522077 0.319469
vt 0.607984 0.455066
vt 0.618806 0.464258
vt 0.546248 0.486638
vt 0.548387 0.486638
vt 0.552652 0.209786
vt 0.563475 0.200593
vt 0.524216 0.323178
vt 0.522077 0.323178
vt 0.610544 0.451939
vt 0.621691 0.460735
vt 0.546248 0.483346
vt 0.548387 0.483346
vt 0.549767 0.206262
vt 0.560914 0.197466
vt 0.524216 0.326994
vt 0.522077 0.326994
vt 0.612990 0.448721
vt 0.624448 0.457109
vt 0.546248 0.479960
vt 0.548387 0.479960
vt 0.547011 0.202636
vt 0.558468 0.194249
vt 0.524216 0.330913
vt 0.522077 0.330913
vt 0.615319 0.445418
vt 0.627071 0.453386
vt 0.546248 0.476482
vt 0.548387 0.476482
vt 0.544387 0.198913
vt 0.556140 0.190945
vt 0.524216 0.334928
vt 0.522077 0.334928
vt 0.617526 0.442032
vt 0.629559 0.449571
vt 0.546248 0.472919
vt 0.548387 0.472919
vt 0.541900 0.195098
vt 0.553933 0.187559
vt 0.524216 0.339036
vt 0.522077 0.339036
vt 0.619610 0.438569
vt 0.631907 0.445669
vt 0.546248 0.469273
vt 0.548387 0.469273
vt 0.539552 0.191196
vt 0.551849 0.184096
vt 0.524216 0.343230
vt 0.522077 0.343230
vt 0.621567 0.435033
vt 0.634112 0.441684
vt 0.546248 0.465551
vt 0.548387 0.465551
vt 0.537346 0.187211
vt 0.549892 0.180560
vt 0.524216 0.347505
vt 0.522077 0.347505
vt 0.623395 0.431428
vt 0.636172 0.437622
vt 0.546248 0.461757
vt 0.548387 0.461757
vt 0.535286 0.183149
vt 0.548063 0.176956
vt 0.524216 0.351856
vt 0.522077 0.351856
vt 0.625092 0.427760
vt 0.638085 0.433489
vt 0.546248 0.457896
vt 0.548387 0.457896
vt 0.533374 0.179016
vt 0.546366 0.173288
vt 0.524216 0.356277
vt 0.522077 0.356277
vt 0.626656 0.424033
vt 0.639847 0.429289
vt 0.546248 0.453973
vt 0.548387 0.453973
vt 0.531612 0.174816
vt 0.544803 0.169561
vt 0.524216 0.360761
vt 0.522077 0.360761
vt 0.628084 0.420252
vt 0.641456 0.425028
vt 0.546248 0.449994
vt 0.548387 0.449994
vt 0.530003 0.170556
vt 0.543375 0.165780
vt 0.524216 0.365304
vt 0.522077 0.365304
vt 0.629374 0.416422
vt 0.642910 0.420712
vt 0.546248 0.445962
vt 0.548387 0.445962
vt 0.528549 0.166240
vt 0.542084 0.161949
vt 0.524216 0.369900
vt 0.522077 0.369900
vt 0.630526 0.412548
vt 0.644207 0.416347
vt 0.546248 0.441884
vt 0.548387 0.441884
vt 0.527251 0.161874
vt 0.540933 0.158075
vt 0.524216 0.374541
vt 0.522077 0.374541
vt 0.631536 0.408635
vt 0.645346 0.411937
vt 0.546248 0.437765
vt 0.548387 0.437765
vt 0.526112 0.157464
vt 0.539922 0.154162
vt 0.524216 0.379223
vt 0.522077 0.379223
vt 0.632405 0.404688
vt 0.646325 0.407489
vt 0.546248 0.433610
vt 0.548387 0.433610
vt 0.525133 0.153017
vt 0.539053 0.150215
vt 0.524216 0.383939
vt 0.522077 0.383939
vt 0.633131 0.400712
vt 0.647143 0.403009
vt 0.546248 0.429425
vt 0.548387 0.429425
vt 0.524315 0.148536
vt 0.538328 0.146239
vt 0.524216 0.388683
vt 0.522077 0.388683
vt 0.633713 0.396712
vt 0.647799 0.398502
vt 0.546248 0.425215
vt 0.548387 0.425215
vt 0.523660 0.144029
vt 0.537746 0.142239
vt 0.524216 0.393449
vt 0.522077 0.393449
vt 0.634150 0.392694
vt 0.648291 0.393974
vt 0.546248 0.420986
vt 0.548387 0.420986
vt 0.523167 0.139502
vt 0.537309 0.138221
vt 0.524216 0.398230
vt 0.522077 0.398230
vt 0.634441 0.388663
vt 0.648620 0.389432
vt 0.546248 0.416743
vt 0.548387 0.416743
vt 0.522839 0.134959
vt 0.537017 0.134190
vt 0.524216 0.403021
vt 0.522077 0.403021
vt 0.634587 0.384624
vt 0.648784 0.384880
vt 0.546248 0.412492
vt 0.548387 0.412492
vt 0.522674 0.130408
vt 0.536871 0.130151
vt 0.524216 0.407814
vt 0.522077 0.407814
vt 0.634587 0.380582
vt 0.648784 0.380326
vt 0.546248 0.408237
vt 0.548387 0.408237
vt 0.522674 0.125853
vt 0.536871 0.126110
vt 0.524216 0.412605
vt 0.522077 0.412605
vt 0.634441 0.376543
vt 0.648620 0.375775
vt 0.546248 0.403986
vt 0.548387 0.403986
vt 0.522839 0.121302
vt 0.537017 0.122071
vt 0.524216 0.417387
vt 0.522077 0.417387
vt 0.634150 0.372512
vt 0.648291 0.371232
vt 0.546248 0.399743
vt 0.548387 0.399743
vt 0.523167 0.116759
vt 0.537309 0.118040
vt 0.524216 0.422152
vt 0.522077 0.422152
vt 0.633713 0.368494
vt 0.647799 0.366704
vt 0.546248 0.395514
vt 0.548387 0.395514
vt 0.523660 0.112232
vt 0.537746 0.114022
vt 0.524216 0.426896
vt 0.522077 0.426896
vt 0.633131 0.364495
vt 0.647143 0.362198
vt 0.546248 0.391304
vt 0.548387 0.391304
vt 0.524315 0.107725
vt 0.538328 0.110022
vt 0.524216 0.431612
vt 0.522077 0.431612
vt 0.632405 0.360519
vt 0.646325 0.357717
vt 0.546248 0.387119
vt 0.548387 0.387119
vt 0.525133 0.103244
vt 0.539053 0.106046
vt 0.524216 0.436294
vt 0.522077 0.436294
vt 0.631536 0.356572
vt 0.645346 0.353269
vt 0.546248 0.382964
vt 0.548387 0.382964
vt 0.526112 0.098797
vt 0.539922 0.102099
vt 0.524216 0.440935
vt 0.522077 0.440935
vt 0.630526 0.352658
vt 0.644207 0.348860
vt 0.546248 0.378845
vt 0.548387 0.378845
vt 0.527251 0.094387
vt 0.540933 0.098186
vt 0.524216 0.445531
vt 0.522077 0.445531
vt 0.629374 0.348784
vt 0.642910 0.344494
vt 0.546248 0.374767
vt 0.548387 0.374767
vt 0.528549 0.090021
vt 0.542084 0.094312
vt 0.524216 0.450073
vt 0.522077 0.450073
vt 0.628084 0.344954
vt 0.641456 0.340178
vt 0.546248 0.370736
vt 0.548387 0.370736
vt 0.530003 0.085705
vt 0.543375 0.090481
vt 0.524216 0.454558
vt 0.522077 0.454558
vt 0.626656 0.341173
vt 0.639847 0.335917
vt 0.546248 0.366756
vt 0.548387 0.366756
vt 0.531612 0.081445
vt 0.544803 0.086700
vt 0.524216 0.458979
vt 0.522077 0.458979
vt 0.625092 0.337446
vt 0.638085 0.331718
vt 0.546248 0.362833
vt 0.548387 0.362833
vt 0.533374 0.077245
vt 0.546366 0.082973
vt 0.524216 0.463330
vt 0.522077 0.463330
vt 0.623395 0.333778
vt 0.636172 0.327584
vt 0.546248 0.358972
vt 0.548387 0.358972
vt 0.535286 0.073112
vt 0.548063 0.079305
vt 0.524216 0.467605
vt 0.522077 0.467605
vt 0.621567 0.330174
vt 0.634112 0.323523
vt 0.546248 0.355178
vt 0.548387 0.355178
vt 0.537346 0.069050
vt 0.549892 0.075701
vt 0.524216 0.471799
vt 0.522077 0.471799
vt 0.619609 0.326638
vt 0.631907 0.319538
vt 0.546248 0.351456
vt 0.548387 0.351456
vt 0.539552 0.065065
vt 0.551849 0.072165
vt 0.524216 0.475907
vt 0.522077 0.475907
vt 0.617526 0.323175
vt 0.629559 0.315636
vt 0.546248 0.347811
vt 0.548387 0.347811
vt 0.541900 0.061163
vt 0.553933 0.068702
vt 0.524216 0.479922
vt 0.522077 0.479922
vt 0.615319 0.319789
vt 0.627071 0.311820
vt 0.546248 0.344247
vt 0.548387 0.344247
vt 0.544387 0.057348
vt 0.556140 0.065316
vt 0.524216 0.483841
vt 0.522077 0.483841
vt 0.612990 0.316485
vt 0.624448 0.308098
vt 0.546248 0.340769
vt 0.548387 0.340769
vt 0.547011 0.053625
vt 0.558468 0.062012
vt 0.524216 0.487657
vt 0.522077 0.487657
vt 0.610544 0.313268
vt 0.621691 0.304472
vt 0.546248 0.337383
vt 0.548387 0.337383
vt 0.549767 0.049999
vt 0.560914 0.058795
vt 0.524216 0.491366
vt 0.522077 0.491366
vt 0.607984 0.310141
vt 0.618806 0.300948
vt 0.546248 0.334091
vt 0.548387 0.334091
vt 0.552652 0.046475
vt 0.563475 0.055668
vt 0.524216 0.494963
vt 0.522077 0.494963
vt 0.605312 0.307108
vt 0.615796 0.297531
vt 0.546248 0.330899
vt 0.548387 0.330899
vt 0.555663 0.043058
vt 0.566146 0.052635
vt 0.524216 0.498444
vt 0.522077 0.498444
vt 0.602533 0.304174
vt 0.612664 0.294224
vt 0.546248 0.327810
vt 0.548387 0.327810
vt 0.558795 0.039752
vt 0.568926 0.049701
vt 0.561757 0.093281
vt 0.563893 0.093281
vt 0.563893 0.098069
vt 0.561757 0.098069
vt 0.599649 0.301342
vt 0.609414 0.291033
vt 0.625735 0.188370
vt 0.623598 0.188370
vt 0.623598 0.184121
vt 0.625735 0.184121
vt 0.562044 0.036560
vt 0.571809 0.046869
vt 0.563893 0.102854
vt 0.561757 0.102854
vt 0.596665 0.298616
vt 0.606052 0.287961
vt 0.623598 0.179875
vt 0.625735 0.179875
vt 0.565407 0.033489
vt 0.574793 0.044143
vt 0.563893 0.107629
vt 0.561757 0.107629
vt 0.593585 0.295999
vt 0.602581 0.285013
vt 0.623598 0.175637
vt 0.625735 0.175637
vt 0.568878 0.030540
vt 0.577873 0.041527
vt 0.563893 0.112389
vt 0.561757 0.112389
vt 0.590412 0.293496
vt 0.599005 0.282192
vt 0.623598 0.171413
vt 0.625735 0.171413
vt 0.572453 0.027719
vt 0.581046 0.039023
vt 0.563893 0.117127
vt 0.561757 0.117127
vt 0.587151 0.291108
vt 0.595330 0.279501
vt 0.623598 0.167208
vt 0.625735 0.167208
vt 0.576128 0.025029
vt 0.584307 0.036636
vt 0.563893 0.121837
vt 0.561757 0.121837
vt 0.583806 0.288840
vt 0.591561 0.276946
vt 0.623598 0.163028
vt 0.625735 0.163028
vt 0.579898 0.022473
vt 0.587653 0.034367
vt 0.563893 0.126513
vt 0.561757 0.126513
vt 0.580381 0.286694
vt 0.587701 0.274527
vt 0.623598 0.158879
vt 0.625735 0.158879
vt 0.583757 0.020055
vt 0.591078 0.032222
vt 0.563893 0.131149
vt 0.561757 0.131149
vt 0.576881 0.284673
vt 0.583757 0.272250
vt 0.623598 0.154765
vt 0.625735 0.154765
vt 0.587701 0.017778
vt 0.594578 0.030201
vt 0.563893 0.135739
vt 0.561757 0.135739
vt 0.573310 0.282780
vt 0.579733 0.270117
vt 0.623598 0.150692
vt 0.625735 0.150692
vt 0.591725 0.015644
vt 0.598149 0.028308
vt 0.563893 0.140276
vt 0.561757 0.140276
vt 0.569673 0.281017
vt 0.575635 0.268130
vt 0.623598 0.146665
vt 0.625735 0.146665
vt 0.595823 0.013658
vt 0.601785 0.026545
vt 0.563893 0.144755
vt 0.561757 0.144755
vt 0.565975 0.279387
vt 0.571468 0.266293
vt 0.623598 0.142690
vt 0.625735 0.142690
vt 0.599991 0.011820
vt 0.605484 0.024914
vt 0.563893 0.149170
vt 0.561757 0.149170
vt 0.562220 0.277891
vt 0.567237 0.264607
vt 0.623598 0.138772
vt 0.625735 0.138772
vt 0.604221 0.010134
vt 0.609238 0.023418
vt 0.563893 0.153516
vt 0.561757 0.153516
vt 0.558414 0.276531
vt 0.562948 0.263075
vt 0.623598 0.134916
vt 0.625735 0.134916
vt 0.608510 0.008603
vt 0.613044 0.022059
vt 0.563893 0.157786
vt 0.561757 0.157786
vt 0.554561 0.275310
vt 0.558607 0.261699
vt 0.623598 0.131127
vt 0.625735 0.131127
vt 0.612852 0.007227
vt 0.616897 0.020837
vt 0.563893 0.161975
vt 0.561757 0.161975
vt 0.550667 0.274229
vt 0.554218 0.260481
vt 0.623598 0.127409
vt 0.625735 0.127409
vt 0.617240 0.006008
vt 0.620791 0.019756
vt 0.563893 0.166077
vt 0.561757 0.166077
vt 0.546736 0.273289
vt 0.549789 0.259422
vt 0.623598 0.123768
vt 0.625735 0.123768
vt 0.621670 0.004949
vt 0.624722 0.018816
vt 0.563893 0.170088
vt 0.561757 0.170088
vt 0.542774 0.272492
vt 0.545324 0.258523
vt 0.623598 0.120209
vt 0.625735 0.120209
vt 0.626135 0.004050
vt 0.628684 0.018019
vt 0.563893 0.174002
vt 0.561757 0.174002
vt 0.538786 0.271838
vt 0.540830 0.257786
vt 0.623598 0.116736
vt 0.625735 0.116736
vt 0.630629 0.003313
vt 0.632673 0.017365
vt 0.563893 0.177814
vt 0.561757 0.177814
vt 0.534776 0.271328
vt 0.536312 0.257212
vt 0.623598 0.113353
vt 0.625735 0.113353
vt 0.635147 0.002739
vt 0.636682 0.016856
vt 0.563893 0.181518
vt 0.561757 0.181518
vt 0.530751 0.270964
vt 0.531776 0.256802
vt 0.623598 0.110066
vt 0.625735 0.110066
vt 0.639683 0.002329
vt 0.640707 0.016491
vt 0.563893 0.185111
vt 0.561757 0.185111
vt 0.526716 0.270745
vt 0.527228 0.256555
vt 0.623598 0.106877
vt 0.625735 0.106877
vt 0.644230 0.002082
vt 0.644743 0.016272
vt 0.563893 0.188587
vt 0.561757 0.188587
vt 0.522675 0.270672
vt 0.522675 0.256473
vt 0.623598 0.103793
vt 0.625735 0.103793
vt 0.648784 0.002000
vt 0.648784 0.016199
vt 0.524163 0.210991
vt 0.524163 0.225191
vt 0.522130 0.225191
vt 0.522130 0.210991
vt 0.522130 0.007413
vt 0.524163 0.007413
vt 0.524163 0.021613
vt 0.522130 0.021613
s 1
g off
g Arco_gris_Big_Clock
usemtl Big_Clock
f 353/1/1 354/2/1 355/3/1
f 355/3/1 356/4/1 353/1/1
s 2
f 2/5/2 3/6/2 7/7/2
f 7/7/2 6/8/2 2/5/2
s 3
f 3/9/3 4/10/3 8/11/4
f 8/11/4 7/12/4 3/9/3
s 4
f 4/13/5 1/14/5 5/15/5
f 5/15/5 8/16/5 4/13/5
s 5
f 357/17/6 358/18/6 359/19/6
f 359/19/6 360/20/6 357/17/6
s 2
f 6/8/2 7/7/2 11/21/2
f 11/21/2 10/22/2 6/8/2
s 3
f 7/12/4 8/11/4 12/23/7
f 12/23/7 11/24/7 7/12/4
s 4
f 8/16/5 5/15/5 9/25/5
f 9/25/5 12/26/5 8/16/5
s 6
f 361/27/8 362/28/8 363/29/8
f 363/29/8 364/30/8 361/27/8
s 2
f 10/22/2 11/21/2 15/31/2
f 15/31/2 14/32/2 10/22/2
s 3
f 11/24/7 12/23/7 16/33/9
f 16/33/9 15/34/9 11/24/7
s 4
f 12/26/5 9/25/5 13/35/5
f 13/35/5 16/36/5 12/26/5
s 7
f 365/37/10 366/38/11 367/39/10
f 367/39/10 368/40/10 365/37/10
s 2
f 14/32/2 15/31/2 19/41/2
f 19/41/2 18/42/2 14/32/2
s 3
f 15/34/9 16/33/9 20/43/12
f 20/43/12 19/44/12 15/34/9
s 4
f 16/36/5 13/35/5 17/45/5
f 17/45/5 20/46/5 16/36/5
s 8
f 369/47/13 370/48/13 371/49/13
f 371/49/13 372/50/13 369/47/13
s 2
f 18/42/2 19/41/2 23/51/2
f 23/51/2 22/52/2 18/42/2
s 3
f 19/44/12 20/43/12 24/53/14
f 24/53/14 23/54/14 19/44/12
s 4
f 20/46/5 17/45/5 21/55/5
f 21/55/5 24/56/5 20/46/5
s 9
f 373/57/15 374/58/15 375/59/15
f 375/59/15 376/60/15 373/57/15
s 2
f 22/52/2 23/51/2 27/61/2
f 27/61/2 26/62/2 22/52/2
s 3
f 23/54/14 24/53/14 28/63/16
f 28/63/16 27/64/16 23/54/14
s 4
f 24/56/5 21/55/5 25/65/5
f 25/65/5 28/66/5 24/56/5
s 10
f 377/67/17 378/68/17 379/69/17
f 379/69/17 380/70/17 377/67/17
s 2
f 26/62/2 27/61/2 31/71/2
f 31/71/2 30/72/2 26/62/2
s 3
f 27/64/16 28/63/16 32/73/18
f 32/73/18 31/74/18 27/64/16
s 4
f 28/66/5 25/65/5 29/75/5
f 29/75/5 32/76/5 28/66/5
s 11
f 381/77/19 382/78/19 383/79/19
f 383/79/19 384/80/19 381/77/19
s 2
f 30/72/2 31/71/2 35/81/2
f 35/81/2 34/82/2 30/72/2
s 3
f 31/74/18 32/73/18 36/83/20
f 36/83/20 35/84/20 31/74/18
s 4
f 32/76/5 29/75/5 33/85/5
f 33/85/5 36/86/5 32/76/5
s 12
f 385/87/21 386/88/21 387/89/21
f 387/89/21 388/90/21 385/87/21
s 2
f 34/82/2 35/81/2 39/91/2
f 39/91/2 38/92/2 34/82/2
s 3
f 35/84/20 36/83/20 40/93/22
f 40/93/22 39/94/22 35/84/20
s 4
f 36/86/5 33/85/5 37/95/5
f 37/95/5 40/96/5 36/86/5
s 13
f 389/97/23 390/98/23 391/99/23
f 391/99/23 392/100/23 389/97/23
s 2
f 38/92/2 39/91/2 43/101/2
f 43/101/2 42/102/2 38/92/2
s 3
f 39/94/22 40/93/22 44/103/24
f 44/103/24 43/104/24 39/94/22
s 4
f 40/96/5 37/95/5 41/105/5
f 41/105/5 44/106/5 40/96/5
s 14
f 393/107/25 394/108/25 395/109/25
f 395/109/25 396/110/25 393/107/25
s 2
f 42/102/2 43/101/2 47/111/2
f 47/111/2 46/112/2 42/102/2
s 3
f 43/104/24 44/103/24 48/113/26
f 48/113/26 47/114/26 43/104/24
s 4
f 44/106/5 41/105/5 45/115/5
f 45/115/5 48/116/5 44/106/5
s 15
f 397/117/27 398/118/27 399/119/27
f 399/119/27 400/120/27 397/117/27
s 2
f 46/112/2 47/111/2 51/121/2
f 51/121/2 50/122/2 46/112/2
s 3
f 47/114/26 48/113/26 52/123/28
f 52/123/28 51/124/28 47/114/26
s 4
f 48/116/5 45/115/5 49/125/5
f 49/125/5 52/126/5 48/116/5
s 16
f 401/127/29 402/128/29 403/129/29
f 403/129/29 404/130/29 401/127/29
s 2
f 50/122/2 51/121/2 55/131/2
f 55/131/2 54/132/2 50/122/2
s 3
f 51/124/28 52/123/28 56/133/30
f 56/133/30 55/134/30 51/124/28
s 4
f 52/126/5 49/125/5 53/135/5
f 53/135/5 56/136/5 52/126/5
s 17
f 405/137/31 406/138/31 407/139/31
f 407/139/31 408/140/31 405/137/31
s 2
f 54/132/2 55/131/2 59/141/2
f 59/141/2 58/142/2 54/132/2
s 3
f 55/134/30 56/133/30 60/143/32
f 60/143/32 59/144/32 55/134/30
s 4
f 56/136/5 53/135/5 57/145/5
f 57/145/5 60/146/5 56/136/5
s 18
f 409/147/33 410/148/33 411/149/33
f 411/149/33 412/150/33 409/147/33
s 2
f 58/142/2 59/141/2 63/151/2
f 63/151/2 62/152/2 58/142/2
s 3
f 59/144/32 60/143/32 64/153/34
f 64/153/34 63/154/34 59/144/32
s 4
f 60/146/5 57/145/5 61/155/5
f 61/155/5 64/156/5 60/146/5
s 19
f 413/157/35 414/158/35 415/159/35
f 415/159/35 416/160/35 413/157/35
s 2
f 62/152/2 63/151/2 67/161/2
f 67/161/2 66/162/2 62/152/2
s 3
f 63/154/34 64/153/34 68/163/36
f 68/163/36 67/164/36 63/154/34
s 4
f 64/156/5 61/155/5 65/165/5
f 65/165/5 68/166/5 64/156/5
s 20
f 417/167/37 418/168/37 419/169/37
f 419/169/37 420/170/37 417/167/37
s 2
f 66/162/2 67/161/2 71/171/2
f 71/171/2 70/172/2 66/162/2
s 3
f 67/164/36 68/163/36 72/173/38
f 72/173/38 71/174/38 67/164/36
s 4
f 68/166/5 65/165/5 69/175/5
f 69/175/5 72/176/5 68/166/5
s 21
f 421/177/39 422/178/39 423/179/39
f 423/179/39 424/180/39 421/177/39
s 2
f 70/172/2 71/171/2 75/181/2
f 75/181/2 74/182/2 70/172/2
s 3
f 71/174/38 72/173/38 76/183/40
f 76/183/40 75/184/40 71/174/38
s 4
f 72/176/5 69/175/5 73/185/5
f 73/185/5 76/186/5 72/176/5
s 22
f 425/187/41 426/188/41 427/189/41
f 427/189/41 428/190/42 425/187/41
s 2
f 74/182/2 75/181/2 79/191/2
f 79/191/2 78/192/2 74/182/2
s 3
f 75/184/40 76/183/40 80/193/43
f 80/193/43 79/194/43 75/184/40
s 4
f 76/186/5 73/185/5 77/195/5
f 77/195/5 80/196/5 76/186/5
s 23
f 429/197/44 430/198/44 431/199/44
f 431/199/44 432/200/44 429/197/44
s 2
f 78/192/2 79/191/2 83/201/2
f 83/201/2 82/202/2 78/192/2
s 3
f 79/194/43 80/193/43 84/203/45
f 84/203/45 83/204/45 79/194/43
s 4
f 80/196/5 77/195/5 81/205/5
f 81/205/5 84/206/5 80/196/5
s 24
f 433/207/46 434/208/46 435/209/46
f 435/209/46 436/210/46 433/207/46
s 2
f 82/202/2 83/201/2 87/211/2
f 87/211/2 86/212/2 82/202/2
s 3
f 83/204/45 84/203/45 88/213/47
f 88/213/47 87/214/47 83/204/45
s 4
f 84/206/5 81/205/5 85/215/5
f 85/215/5 88/216/5 84/206/5
s 25
f 437/217/48 438/218/48 439/219/48
f 439/219/48 440/220/48 437/217/48
s 2
f 86/212/2 87/211/2 91/221/2
f 91/221/2 90/222/2 86/212/2
s 3
f 87/214/47 88/213/47 92/223/49
f 92/223/49 91/224/49 87/214/47
s 4
f 88/216/5 85/215/5 89/225/5
f 89/225/5 92/226/5 88/216/5
s 26
f 441/227/50 442/228/50 443/229/50
f 443/229/50 444/230/50 441/227/50
s 2
f 90/222/2 91/221/2 95/231/2
f 95/231/2 94/232/2 90/222/2
s 3
f 91/233/49 92/234/49 96/235/51
f 96/235/51 95/236/51 91/233/49
s 4
f 92/226/5 89/225/5 93/237/5
f 93/237/5 96/238/5 92/226/5
s 27
f 445/239/52 446/240/52 447/241/52
f 447/241/52 448/242/52 445/239/52
s 2
f 94/232/2 95/231/2 99/243/2
f 99/243/2 98/244/2 94/232/2
s 3
f 95/236/51 96/235/51 100/245/53
f 100/245/53 99/246/53 95/236/51
s 4
f 96/238/5 93/237/5 97/247/5
f 97/247/5 100/248/5 96/238/5
s 28
f 449/249/54 450/250/54 451/251/54
f 451/251/54 452/252/54 449/249/54
s 2
f 98/244/2 99/243/2 103/253/2
f 103/253/2 102/254/2 98/244/2
s 3
f 99/246/53 100/245/53 104/255/55
f 104/255/55 103/256/56 99/246/53
s 4
f 100/248/5 97/247/5 101/257/5
f 101/257/5 104/258/5 100/248/5
s 29
f 453/259/57 454/260/57 455/261/57
f 455/261/57 456/262/57 453/259/57
s 2
f 102/254/2 103/253/2 107/263/2
f 107/263/2 106/264/2 102/254/2
s 3
f 103/256/56 104/255/55 108/265/58
f 108/265/58 107/266/58 103/256/56
s 4
f 104/258/5 101/257/5 105/267/5
f 105/267/5 108/268/5 104/258/5
s 30
f 457/269/59 458/270/59 459/271/59
f 459/271/59 460/272/59 457/269/59
s 2
f 106/264/2 107/263/2 111/273/2
f 111/273/2 110/274/2 106/264/2
s 3
f 107/266/58 108/265/58 112/275/60
f 112/275/60 111/276/60 107/266/58
s 4
f 108/268/5 105/267/5 109/277/5
f 109/277/5 112/278/5 108/268/5
s 31
f 461/279/61 462/280/61 463/281/61
f 463/281/61 464/282/61 461/279/61
s 2
f 110/274/2 111/273/2 115/283/2
f 115/283/2 114/284/2 110/274/2
s 3
f 111/276/60 112/275/60 116/285/62
f 116/285/62 115/286/62 111/276/60
s 4
f 112/278/5 109/277/5 113/287/5
f 113/287/5 116/288/5 112/278/5
s 32
f 465/289/63 466/290/63 467/291/63
f 467/291/63 468/292/63 465/289/63
s 2
f 114/284/2 115/283/2 119/293/2
f 119/293/2 118/294/2 114/284/2
s 3
f 115/286/62 116/285/62 120/295/64
f 120/295/64 119/296/64 115/286/62
s 4
f 116/288/5 113/287/5 117/297/5
f 117/297/5 120/298/5 116/288/5
s 33
f 469/299/65 470/300/65 471/301/65
f 471/301/65 472/302/65 469/299/65
s 2
f 118/294/2 119/293/2 123/303/2
f 123/303/2 122/304/2 118/294/2
s 3
f 119/296/64 120/295/64 124/305/66
f 124/305/66 123/306/66 119/296/64
s 4
f 120/298/5 117/297/5 121/307/5
f 121/307/5 124/308/5 120/298/5
s 34
f 473/309/67 474/310/67 475/311/67
f 475/311/67 476/312/67 473/309/67
s 2
f 122/304/2 123/303/2 127/313/2
f 127/313/2 126/314/2 122/304/2
s 3
f 123/306/66 124/305/66 128/315/68
f 128/315/68 127/316/68 123/306/66
s 4
f 124/308/5 121/307/5 125/317/5
f 125/317/5 128/318/5 124/308/5
s 35
f 477/319/69 478/320/69 479/321/69
f 479/321/69 480/322/69 477/319/69
s 2
f 126/314/2 127/313/2 131/323/2
f 131/323/2 130/324/2 126/314/2
s 3
f 127/316/68 128/315/68 132/325/70
f 132/325/70 131/326/70 127/316/68
s 4
f 128/318/5 125/317/5 129/327/5
f 129/327/5 132/328/5 128/318/5
s 36
f 481/329/71 482/330/71 483/331/71
f 483/331/71 484/332/71 481/329/71
s 2
f 130/324/2 131/323/2 135/333/2
f 135/333/2 134/334/2 130/324/2
s 3
f 131/326/70 132/325/70 136/335/72
f 136/335/72 135/336/72 131/326/70
s 4
f 132/328/5 129/327/5 133/337/5
f 133/337/5 136/338/5 132/328/5
s 37
f 485/339/73 486/340/73 487/341/73
f 487/341/73 488/342/73 485/339/73
s 2
f 134/334/2 135/333/2 139/343/2
f 139/343/2 138/344/2 134/334/2
s 3
f 135/336/72 136/335/72 140/345/74
f 140/345/74 139/346/74 135/336/72
s 4
f 136/338/5 133/337/5 137/347/5
f 137/347/5 140/348/5 136/338/5
s 38
f 489/349/75 490/350/75 491/351/75
f 491/351/75 492/352/75 489/349/75
s 2
f 138/344/2 139/343/2 143/353/2
f 143/353/2 142/354/2 138/344/2
s 3
f 139/346/74 140/345/74 144/355/76
f 144/355/76 143/356/76 139/346/74
s 4
f 140/348/5 137/347/5 141/357/5
f 141/357/5 144/358/5 140/348/5
s 39
f 493/359/77 494/360/77 495/361/77
f 495/361/77 496/362/77 493/359/77
s 2
f 142/354/2 143/353/2 147/363/2
f 147/363/2 146/364/2 142/354/2
s 3
f 143/356/76 144/355/76 148/365/78
f 148/365/78 147/366/78 143/356/76
s 4
f 144/358/5 141/357/5 145/367/5
f 145/367/5 148/368/5 144/358/5
s 40
f 497/369/79 498/370/79 499/371/79
f 499/371/79 500/372/79 497/369/79
s 2
f 146/364/2 147/363/2 151/373/2
f 151/373/2 150/374/2 146/364/2
s 3
f 147/366/78 148/365/78 152/375/80
f 152/375/80 151/376/80 147/366/78
s 4
f 148/368/5 145/367/5 149/377/5
f 149/377/5 152/378/5 148/368/5
s 41
f 501/379/81 502/380/81 503/381/81
f 503/381/81 504/382/81 501/379/81
s 2
f 150/374/2 151/373/2 155/383/2
f 155/383/2 154/384/2 150/374/2
s 3
f 151/376/80 152/375/80 156/385/82
f 156/385/82 155/386/82 151/376/80
s 4
f 152/378/5 149/377/5 153/387/5
f 153/387/5 156/388/5 152/378/5
s 42
f 505/389/83 506/390/83 507/391/83
f 507/391/83 508/392/83 505/389/83
s 2
f 154/384/2 155/383/2 159/393/2
f 159/393/2 158/394/2 154/384/2
s 3
f 155/386/82 156/385/82 160/395/84
f 160/395/84 159/396/84 155/386/82
s 4
f 156/388/5 153/387/5 157/397/5
f 157/397/5 160/398/5 156/388/5
s 43
f 509/399/85 510/400/85 511/401/85
f 511/401/85 512/402/85 509/399/85
s 2
f 158/394/2 159/393/2 163/403/2
f 163/403/2 162/404/2 158/394/2
s 3
f 159/396/84 160/395/84 164/405/86
f 164/405/86 163/406/86 159/396/84
s 4
f 160/398/5 157/397/5 161/407/5
f 161/407/5 164/408/5 160/398/5
s 44
f 513/409/87 514/410/87 515/411/87
f 515/411/87 516/412/87 513/409/87
s 2
f 162/404/2 163/403/2 167/413/2
f 167/413/2 166/414/2 162/404/2
s 3
f 163/406/86 164/405/86 168/415/88
f 168/415/88 167/416/88 163/406/86
s 4
f 164/408/5 161/407/5 165/417/5
f 165/417/5 168/418/5 164/408/5
s 45
f 517/419/89 518/420/89 519/421/89
f 519/421/89 520/422/89 517/419/89
s 2
f 166/414/2 167/413/2 171/423/2
f 171/423/2 170/424/2 166/414/2
s 3
f 167/416/88 168/415/88 172/425/90
f 172/425/90 171/426/90 167/416/88
s 4
f 168/418/5 165/417/5 169/427/5
f 169/427/5 172/428/5 168/418/5
s 46
f 521/429/91 522/430/91 523/431/91
f 523/431/91 524/432/91 521/429/91
s 2
f 170/424/2 171/423/2 175/433/2
f 175/433/2 174/434/2 170/424/2
s 3
f 171/426/90 172/425/90 176/435/92
f 176/435/92 175/436/92 171/426/90
s 4
f 172/428/5 169/427/5 173/437/5
f 173/437/5 176/438/5 172/428/5
s 47
f 525/439/93 526/440/93 527/441/93
f 527/441/93 528/442/93 525/439/93
s 2
f 174/434/2 175/433/2 179/443/2
f 179/443/2 178/444/2 174/434/2
s 3
f 175/436/92 176/435/92 180/445/94
f 180/445/94 179/446/94 175/436/92
s 4
f 176/438/5 173/437/5 177/447/5
f 177/447/5 180/448/5 176/438/5
s 48
f 529/449/95 530/450/95 531/451/95
f 531/451/95 532/452/95 529/449/95
s 2
f 178/444/2 179/443/2 183/453/2
f 183/453/2 182/454/2 178/444/2
s 3
f 179/446/94 180/445/94 184/455/96
f 184/455/96 183/456/96 179/446/94
s 4
f 180/448/5 177/447/5 181/457/5
f 181/457/5 184/458/5 180/448/5
s 49
f 533/459/97 534/460/97 535/461/97
f 535/461/97 536/462/97 533/459/97
s 2
f 182/454/2 183/453/2 187/463/2
f 187/463/2 186/464/2 182/454/2
s 3
f 183/456/96 184/455/96 188/465/98
f 188/465/98 187/466/99 183/456/96
s 4
f 184/458/5 181/457/5 185/467/5
f 185/467/5 188/468/5 184/458/5
s 50
f 537/469/100 538/470/100 539/471/100
f 539/471/100 540/472/100 537/469/100
s 2
f 186/464/2 187/463/2 191/473/2
f 191/473/2 190/474/2 186/464/2
s 3
f 187/466/99 188/465/98 192/475/101
f 192/475/101 191/476/101 187/466/99
s 4
f 188/468/5 185/467/5 189/477/5
f 189/477/5 192/478/5 188/468/5
s 51
f 541/479/102 542/480/102 543/481/102
f 543/481/102 544/482/102 541/479/102
s 2
f 190/474/2 191/473/2 195/483/2
f 195/483/2 194/484/2 190/474/2
s 3
f 191/476/101 192/475/101 196/485/103
f 196/485/103 195/486/103 191/476/101
s 4
f 192/478/5 189/477/5 193/487/5
f 193/487/5 196/488/5 192/478/5
s 52
f 545/489/104 546/490/104 547/491/104
f 547/491/104 548/492/104 545/489/104
s 2
f 194/484/2 195/483/2 199/493/2
f 199/493/2 198/494/2 194/484/2
s 3
f 195/486/103 196/485/103 200/495/105
f 200/495/105 199/496/105 195/486/103
s 4
f 196/488/5 193/487/5 197/497/5
f 197/497/5 200/498/5 196/488/5
s 53
f 549/499/106 550/500/106 551/501/106
f 551/501/106 552/502/106 549/499/106
s 2
f 198/494/2 199/493/2 203/503/2
f 203/503/2 202/504/2 198/494/2
s 3
f 199/496/105 200/495/105 204/505/107
f 204/505/107 203/506/107 199/496/105
s 4
f 200/498/5 197/497/5 201/507/5
f 201/507/5 204/508/5 200/498/5
s 54
f 553/509/108 554/510/108 555/511/108
f 555/511/108 556/512/108 553/509/108
s 2
f 202/504/2 203/503/2 207/513/2
f 207/513/2 206/514/2 202/504/2
s 3
f 203/506/107 204/505/107 208/515/109
f 208/515/109 207/516/109 203/506/107
s 4
f 204/508/5 201/507/5 205/517/5
f 205/517/5 208/518/5 204/508/5
s 55
f 557/519/110 558/520/110 559/521/110
f 559/521/110 560/522/110 557/519/110
s 2
f 206/514/2 207/513/2 211/523/2
f 211/523/2 210/524/2 206/514/2
s 3
f 207/516/109 208/515/109 212/525/111
f 212/525/111 211/526/111 207/516/109
s 4
f 208/518/5 205/517/5 209/527/5
f 209/527/5 212/528/5 208/518/5
s 56
f 561/529/112 562/530/112 563/531/112
f 563/531/112 564/532/112 561/529/112
s 2
f 210/524/2 211/523/2 215/533/2
f 215/533/2 214/534/2 210/524/2
s 3
f 211/526/111 212/525/111 216/535/113
f 216/535/113 215/536/113 211/526/111
s 4
f 212/528/5 209/527/5 213/537/5
f 213/537/5 216/538/5 212/528/5
s 57
f 565/539/114 566/540/114 567/541/114
f 567/541/114 568/542/114 565/539/114
s 2
f 214/534/2 215/533/2 219/543/2
f 219/543/2 218/544/2 214/534/2
s 3
f 215/536/113 216/535/113 220/545/115
f 220/545/115 219/546/115 215/536/113
s 4
f 216/538/5 213/537/5 217/547/5
f 217/547/5 220/548/5 216/538/5
s 58
f 569/549/116 570/550/116 571/551/116
f 571/551/116 572/552/116 569/549/116
s 2
f 218/544/2 219/543/2 223/553/2
f 223/553/2 222/554/2 218/544/2
s 3
f 219/546/115 220/545/115 224/555/117
f 224/555/117 223/556/117 219/546/115
s 4
f 220/548/5 217/547/5 221/557/5
f 221/557/5 224/558/5 220/548/5
s 59
f 573/559/118 574/560/118 575/561/118
f 575/561/118 576/562/118 573/559/118
s 2
f 222/554/2 223/553/2 227/563/2
f 227/563/2 226/564/2 222/554/2
s 3
f 223/556/117 224/555/117 228/565/119
f 228/565/119 227/566/119 223/556/117
s 4
f 224/558/5 221/557/5 225/567/5
f 225/567/5 228/568/5 224/558/5
s 60
f 577/569/120 578/570/120 579/571/120
f 579/571/120 580/572/120 577/569/120
s 2
f 226/564/2 227/563/2 231/573/2
f 231/573/2 230/574/2 226/564/2
s 3
f 227/566/119 228/565/119 232/575/121
f 232/575/121 231/576/121 227/566/119
s 4
f 228/568/5 225/567/5 229/577/5
f 229/577/5 232/578/5 228/568/5
s 61
f 581/579/122 582/580/122 583/581/122
f 583/581/122 584/582/122 581/579/122
s 2
f 230/574/2 231/573/2 235/583/2
f 235/583/2 234/584/2 230/574/2
s 3
f 231/576/121 232/575/121 236/585/123
f 236/585/123 235/586/123 231/576/121
s 4
f 232/578/5 229/577/5 233/587/5
f 233/587/5 236/588/5 232/578/5
s 62
f 585/589/124 586/590/125 587/591/124
f 587/591/124 588/592/124 585/589/124
s 2
f 234/584/2 235/583/2 239/593/2
f 239/593/2 238/594/2 234/584/2
s 3
f 235/586/123 236/585/123 240/595/126
f 240/595/126 239/596/126 235/586/123
s 4
f 236/588/5 233/587/5 237/597/5
f 237/597/5 240/598/5 236/588/5
s 63
f 589/599/127 590/600/127 591/601/127
f 591/601/127 592/602/127 589/599/127
s 2
f 238/594/2 239/593/2 243/603/2
f 243/603/2 242/604/2 238/594/2
s 3
f 239/596/126 240/595/126 244/605/128
f 244/605/128 243/606/128 239/596/126
s 4
f 240/598/5 237/597/5 241/607/5
f 241/607/5 244/608/5 240/598/5
s 64
f 593/609/129 594/610/129 595/611/129
f 595/611/129 596/612/129 593/609/129
s 2
f 242/604/2 243/603/2 247/613/2
f 247/613/2 246/614/2 242/604/2
s 3
f 243/606/128 244/605/128 248/615/130
f 248/615/130 247/616/130 243/606/128
s 4
f 244/608/5 241/607/5 245/617/5
f 245/617/5 248/618/5 244/608/5
s 65
f 597/619/131 598/620/131 599/621/131
f 599/621/131 600/622/131 597/619/131
s 2
f 246/614/2 247/613/2 251/623/2
f 251/623/2 250/624/2 246/614/2
s 3
f 247/616/130 248/615/130 252/625/132
f 252/625/132 251/626/132 247/616/130
s 4
f 248/618/5 245/617/5 249/627/5
f 249/627/5 252/628/5 248/618/5
s 66
f 601/629/133 602/630/133 603/631/133
f 603/631/133 604/632/133 601/629/133
s 2
f 250/624/2 251/623/2 255/633/2
f 255/633/2 254/634/2 250/624/2
s 3
f 251/626/132 252/625/132 256/635/134
f 256/635/134 255/636/134 251/626/132
s 4
f 252/628/5 249/627/5 253/637/5
f 253/637/5 256/638/5 252/628/5
s 67
f 605/639/135 606/640/135 607/641/135
f 607/641/135 608/642/136 605/639/135
s 2
f 254/634/2 255/633/2 259/643/2
f 259/643/2 258/644/2 254/634/2
s 3
f 255/636/134 256/635/134 260/645/137
f 260/645/137 259/646/137 255/636/134
s 4
f 256/638/5 253/637/5 257/647/5
f 257/647/5 260/648/5 256/638/5
s 68
f 609/649/138 610/650/138 611/651/138
f 611/651/138 612/652/138 609/649/138
s 2
f 258/644/2 259/643/2 263/653/2
f 263/653/2 262/654/2 258/644/2
s 3
f 259/646/137 260/645/137 264/655/139
f 264/655/139 263/656/139 259/646/137
s 4
f 260/648/5 257/647/5 261/657/5
f 261/657/5 264/658/5 260/648/5
s 69
f 613/659/140 614/660/140 615/661/140
f 615/661/140 616/662/140 613/659/140
s 2
f 262/654/2 263/653/2 267/663/2
f 267/663/2 266/664/2 262/654/2
s 3
f 263/665/139 264/666/139 268/667/141
f 268/667/141 267/668/141 263/665/139
s 4
f 264/658/5 261/657/5 265/669/5
f 265/669/5 268/670/5 264/658/5
s 70
f 617/671/142 618/672/142 619/673/142
f 619/673/142 620/674/142 617/671/142
s 2
f 266/664/2 267/663/2 271/675/2
f 271/675/2 270/676/2 266/664/2
s 3
f 267/668/141 268/667/141 272/677/143
f 272/677/143 271/678/143 267/668/141
s 4
f 268/670/5 265/669/5 269/679/5
f 269/679/5 272/680/5 268/670/5
s 71
f 621/681/144 622/682/144 623/683/144
f 623/683/144 624/684/144 621/681/144
s 2
f 270/676/2 271/675/2 275/685/2
f 275/685/2 274/686/2 270/676/2
s 3
f 271/678/143 272/677/143 276/687/145
f 276/687/145 275/688/145 271/678/143
s 4
f 272/680/5 269/679/5 273/689/5
f 273/689/5 276/690/5 272/680/5
s 72
f 625/691/146 626/692/147 627/693/147
f 627/693/147 628/694/146 625/691/146
s 2
f 274/686/2 275/685/2 279/695/2
f 279/695/2 278/696/2 274/686/2
s 3
f 275/688/145 276/687/145 280/697/148
f 280/697/148 279/698/148 275/688/145
s 4
f 276/690/5 273/689/5 277/699/5
f 277/699/5 280/700/5 276/690/5
s 73
f 629/701/149 630/702/149 631/703/149
f 631/703/149 632/704/149 629/701/149
s 2
f 278/696/2 279/695/2 283/705/2
f 283/705/2 282/706/2 278/696/2
s 3
f 279/698/148 280/697/148 284/707/150
f 284/707/150 283/708/150 279/698/148
s 4
f 280/700/5 277/699/5 281/709/5
f 281/709/5 284/710/5 280/700/5
s 74
f 633/711/151 634/712/151 635/713/151
f 635/713/151 636/714/151 633/711/151
s 2
f 282/706/2 283/705/2 287/715/2
f 287/715/2 286/716/2 282/706/2
s 3
f 283/708/150 284/707/150 288/717/152
f 288/717/152 287/718/152 283/708/150
s 4
f 284/710/5 281/709/5 285/719/5
f 285/719/5 288/720/5 284/710/5
s 75
f 637/721/153 638/722/153 639/723/153
f 639/723/153 640/724/153 637/721/153
s 2
f 286/716/2 287/715/2 291/725/2
f 291/725/2 290/726/2 286/716/2
s 3
f 287/718/152 288/717/152 292/727/154
f 292/727/154 291/728/154 287/718/152
s 4
f 288/720/5 285/719/5 289/729/5
f 289/729/5 292/730/5 288/720/5
s 76
f 641/731/155 642/732/155 643/733/155
f 643/733/155 644/734/155 641/731/155
s 2
f 290/726/2 291/725/2 295/735/2
f 295/735/2 294/736/2 290/726/2
s 3
f 291/728/154 292/727/154 296/737/156
f 296/737/156 295/738/156 291/728/154
s 4
f 292/730/5 289/729/5 293/739/5
f 293/739/5 296/740/5 292/730/5
s 77
f 645/741/157 646/742/157 647/743/157
f 647/743/157 648/744/157 645/741/157
s 2
f 294/736/2 295/735/2 299/745/2
f 299/745/2 298/746/2 294/736/2
s 3
f 295/738/156 296/737/156 300/747/158
f 300/747/158 299/748/158 295/738/156
s 4
f 296/740/5 293/739/5 297/749/5
f 297/749/5 300/750/5 296/740/5
s 78
f 649/751/159 650/752/159 651/753/159
f 651/753/159 652/754/159 649/751/159
s 2
f 298/746/2 299/745/2 303/755/2
f 303/755/2 302/756/2 298/746/2
s 3
f 299/748/158 300/747/158 304/757/160
f 304/757/160 303/758/160 299/748/158
s 4
f 300/750/5 297/749/5 301/759/5
f 301/759/5 304/760/5 300/750/5
s 79
f 653/761/161 654/762/161 655/763/161
f 655/763/161 656/764/161 653/761/161
s 2
f 302/756/2 303/755/2 307/765/2
f 307/765/2 306/766/2 302/756/2
s 3
f 303/758/160 304/757/160 308/767/162
f 308/767/162 307/768/162 303/758/160
s 4
f 304/760/5 301/759/5 305/769/5
f 305/769/5 308/770/5 304/760/5
s 80
f 657/771/163 658/772/163 659/773/163
f 659/773/163 660/774/163 657/771/163
s 2
f 306/766/2 307/765/2 311/775/2
f 311/775/2 310/776/2 306/766/2
s 3
f 307/768/162 308/767/162 312/777/164
f 312/777/164 311/778/164 307/768/162
s 4
f 308/770/5 305/769/5 309/779/5
f 309/779/5 312/780/5 308/770/5
s 81
f 661/781/165 662/782/165 663/783/165
f 663/783/165 664/784/165 661/781/165
s 2
f 310/776/2 311/775/2 315/785/2
f 315/785/2 314/786/2 310/776/2
s 3
f 311/778/164 312/777/164 316/787/166
f 316/787/166 315/788/166 311/778/164
s 4
f 312/780/5 309/779/5 313/789/5
f 313/789/5 316/790/5 312/780/5
s 82
f 665/791/167 666/792/168 667/793/168
f 667/793/168 668/794/167 665/791/167
s 2
f 314/786/2 315/785/2 319/795/2
f 319/795/2 318/796/2 314/786/2
s 3
f 315/788/166 316/787/166 320/797/169
f 320/797/169 319/798/169 315/788/166
s 4
f 316/790/5 313/789/5 317/799/5
f 317/799/5 320/800/5 316/790/5
s 83
f 669/801/170 670/802/171 671/803/171
f 671/803/171 672/804/170 669/801/170
s 2
f 318/796/2 319/795/2 323/805/2
f 323/805/2 322/806/2 318/796/2
s 3
f 319/798/169 320/797/169 324/807/172
f 324/807/172 323/808/172 319/798/169
s 4
f 320/800/5 317/799/5 321/809/5
f 321/809/5 324/810/5 320/800/5
s 84
f 673/811/173 674/812/173 675/813/173
f 675/813/173 676/814/173 673/811/173
s 2
f 322/806/2 323/805/2 327/815/2
f 327/815/2 326/816/2 322/806/2
s 3
f 323/808/172 324/807/172 328/817/174
f 328/817/174 327/818/174 323/808/172
s 4
f 324/810/5 321/809/5 325/819/5
f 325/819/5 328/820/5 324/810/5
s 85
f 677/821/175 678/822/175 679/823/175
f 679/823/175 680/824/175 677/821/175
s 2
f 326/816/2 327/815/2 331/825/2
f 331/825/2 330/826/2 326/816/2
s 3
f 327/818/174 328/817/174 332/827/176
f 332/827/176 331/828/176 327/818/174
s 4
f 328/820/5 325/819/5 329/829/5
f 329/829/5 332/830/5 328/820/5
s 86
f 681/831/177 682/832/177 683/833/177
f 683/833/177 684/834/177 681/831/177
s 2
f 330/826/2 331/825/2 335/835/2
f 335/835/2 334/836/2 330/826/2
s 3
f 331/828/176 332/827/176 336/837/178
f 336/837/178 335/838/178 331/828/176
s 4
f 332/830/5 329/829/5 333/839/5
f 333/839/5 336/840/5 332/830/5
s 87
f 685/841/179 686/842/180 687/843/179
f 687/843/179 688/844/179 685/841/179
s 2
f 334/836/2 335/835/2 339/845/2
f 339/845/2 338/846/2 334/836/2
s 3
f 335/838/178 336/837/178 340/847/181
f 340/847/181 339/848/181 335/838/178
s 4
f 336/840/5 333/839/5 337/849/5
f 337/849/5 340/850/5 336/840/5
s 88
f 689/851/182 690/852/183 691/853/182
f 691/853/182 692/854/182 689/851/182
s 2
f 338/846/2 339/845/2 343/855/2
f 343/855/2 342/856/2 338/846/2
s 3
f 339/848/181 340/847/181 344/857/184
f 344/857/184 343/858/184 339/848/181
s 4
f 340/850/5 337/849/5 341/859/5
f 341/859/5 344/860/5 340/850/5
s 89
f 693/861/185 694/862/185 695/863/185
f 695/863/185 696/864/185 693/861/185
s 2
f 342/856/2 343/855/2 347/865/2
f 347/865/2 346/866/2 342/856/2
s 3
f 343/858/184 344/857/184 348/867/186
f 348/867/186 347/868/186 343/858/184
s 4
f 344/860/5 341/859/5 345/869/5
f 345/869/5 348/870/5 344/860/5
s 90
f 697/871/187 698/872/187 699/873/187
f 699/873/187 700/874/188 697/871/187
s 2
f 346/866/2 347/865/2 351/875/2
f 351/875/2 350/876/2 346/866/2
s 3
f 347/868/186 348/867/186 352/877/189
f 352/877/189 351/878/189 347/868/186
s 4
f 348/870/5 345/869/5 349/879/5
f 349/879/5 352/880/5 348/870/5
s 91
f 3/881/190 2/882/190 1/883/190
f 1/883/190 4/884/190 3/881/190
s 92
f 349/885/190 350/886/190 351/887/190
f 351/887/190 352/888/190 349/885/190
s 93
f 1/883/191 2/882/191 354/889/191
f 354/889/191 353/890/191 1/883/191
s 94
f 2/5/192 6/8/192 355/891/192
f 355/891/192 354/892/192 2/5/192
s 95
f 6/893/193 5/894/193 356/895/193
f 356/895/193 355/896/193 6/893/193
s 96
f 5/15/194 1/14/194 353/897/194
f 353/897/194 356/898/194 5/15/194
s 97
f 5/899/195 6/900/195 358/901/195
f 358/901/195 357/902/195 5/899/195
s 98
f 6/8/196 10/22/196 359/903/196
f 359/903/196 358/904/196 6/8/196
s 99
f 10/905/197 9/906/197 360/907/197
f 360/907/197 359/908/197 10/905/197
s 100
f 9/25/198 5/15/198 357/909/198
f 357/909/198 360/910/198 9/25/198
s 101
f 9/911/199 10/912/199 362/913/199
f 362/913/199 361/914/199 9/911/199
s 102
f 10/22/200 14/32/200 363/915/200
f 363/915/200 362/916/200 10/22/200
s 103
f 14/917/201 13/918/201 364/919/201
f 364/919/201 363/920/201 14/917/201
s 104
f 13/35/202 9/25/202 361/921/202
f 361/921/202 364/922/202 13/35/202
s 105
f 13/923/203 14/924/203 366/925/203
f 366/925/203 365/926/203 13/923/203
s 106
f 14/32/204 18/42/204 367/927/204
f 367/927/204 366/928/204 14/32/204
s 107
f 18/929/205 17/930/205 368/931/205
f 368/931/205 367/932/205 18/929/205
s 108
f 17/45/206 13/35/206 365/933/206
f 365/933/206 368/934/206 17/45/206
s 109
f 17/935/207 18/936/207 370/937/207
f 370/937/207 369/938/207 17/935/207
s 110
f 18/42/208 22/52/208 371/939/208
f 371/939/208 370/940/208 18/42/208
s 111
f 22/941/209 21/942/209 372/943/209
f 372/943/209 371/944/209 22/941/209
s 112
f 21/55/210 17/45/210 369/945/210
f 369/945/210 372/946/210 21/55/210
s 113
f 21/947/211 22/948/211 374/949/211
f 374/949/211 373/950/211 21/947/211
s 114
f 22/52/212 26/62/212 375/951/212
f 375/951/212 374/952/212 22/52/212
s 115
f 26/953/213 25/954/213 376/955/213
f 376/955/213 375/956/213 26/953/213
s 116
f 25/65/214 21/55/214 373/957/214
f 373/957/214 376/958/214 25/65/214
s 117
f 25/959/215 26/960/215 378/961/215
f 378/961/215 377/962/215 25/959/215
s 118
f 26/62/216 30/72/216 379/963/216
f 379/963/216 378/964/216 26/62/216
s 119
f 30/965/217 29/966/217 380/967/217
f 380/967/217 379/968/217 30/965/217
s 120
f 29/75/218 25/65/218 377/969/218
f 377/969/218 380/970/218 29/75/218
s 121
f 29/971/219 30/972/219 382/973/219
f 382/973/219 381/974/219 29/971/219
s 122
f 30/72/220 34/82/220 383/975/220
f 383/975/220 382/976/220 30/72/220
s 123
f 34/977/221 33/978/221 384/979/221
f 384/979/221 383/980/221 34/977/221
s 124
f 33/85/222 29/75/222 381/981/222
f 381/981/222 384/982/222 33/85/222
s 125
f 33/983/223 34/984/223 386/985/223
f 386/985/223 385/986/223 33/983/223
s 126
f 34/82/224 38/92/224 387/987/224
f 387/987/224 386/988/224 34/82/224
s 127
f 38/989/225 37/990/225 388/991/225
f 388/991/225 387/992/225 38/989/225
s 128
f 37/95/226 33/85/226 385/993/226
f 385/993/226 388/994/226 37/95/226
s 129
f 37/995/227 38/996/227 390/997/227
f 390/997/227 389/998/227 37/995/227
s 130
f 38/92/228 42/102/228 391/999/228
f 391/999/228 390/1000/228 38/92/228
s 131
f 42/1001/229 41/1002/229 392/1003/229
f 392/1003/229 391/1004/229 42/1001/229
s 132
f 41/105/230 37/95/230 389/1005/230
f 389/1005/230 392/1006/230 41/105/230
s 133
f 41/1007/231 42/1008/231 394/1009/231
f 394/1009/231 393/1010/231 41/1007/231
s 134
f 42/102/232 46/112/232 395/1011/232
f 395/1011/232 394/1012/232 42/102/232
s 135
f 46/1013/233 45/1014/233 396/1015/233
f 396/1015/233 395/1016/233 46/1013/233
s 136
f 45/115/234 41/105/234 393/1017/234
f 393/1017/234 396/1018/234 45/115/234
s 137
f 45/1019/235 46/1020/235 398/1021/235
f 398/1021/235 397/1022/235 45/1019/235
s 138
f 46/112/236 50/122/236 399/1023/236
f 399/1023/236 398/1024/236 46/112/236
s 139
f 50/1025/237 49/1026/237 400/1027/237
f 400/1027/237 399/1028/237 50/1025/237
s 140
f 49/125/238 45/115/238 397/1029/238
f 397/1029/238 400/1030/238 49/125/238
s 141
f 49/1031/239 50/1032/239 402/1033/239
f 402/1033/239 401/1034/239 49/1031/239
s 142
f 50/122/240 54/132/240 403/1035/240
f 403/1035/240 402/1036/240 50/122/240
s 143
f 54/1037/241 53/1038/241 404/1039/241
f 404/1039/241 403/1040/241 54/1037/241
s 144
f 53/135/242 49/125/242 401/1041/242
f 401/1041/242 404/1042/242 53/135/242
s 145
f 53/1043/243 54/1044/243 406/1045/243
f 406/1045/243 405/1046/243 53/1043/243
s 146
f 54/132/244 58/142/244 407/1047/244
f 407/1047/244 406/1048/244 54/132/244
s 147
f 58/1049/245 57/1050/245 408/1051/245
f 408/1051/245 407/1052/245 58/1049/245
s 148
f 57/145/246 53/135/246 405/1053/246
f 405/1053/246 408/1054/246 57/145/246
s 149
f 57/1055/247 58/1056/247 410/1057/247
f 410/1057/247 409/1058/247 57/1055/247
s 150
f 58/142/248 62/152/248 411/1059/248
f 411/1059/248 410/1060/248 58/142/248
s 151
f 62/1061/249 61/1062/249 412/1063/249
f 412/1063/249 411/1064/249 62/1061/249
s 152
f 61/155/250 57/145/250 409/1065/250
f 409/1065/250 412/1066/250 61/155/250
s 153
f 61/1067/251 62/1068/251 414/1069/251
f 414/1069/251 413/1070/251 61/1067/251
s 154
f 62/152/252 66/162/252 415/1071/252
f 415/1071/252 414/1072/252 62/152/252
s 155
f 66/1073/253 65/1074/253 416/1075/253
f 416/1075/253 415/1076/253 66/1073/253
s 156
f 65/165/254 61/155/254 413/1077/254
f 413/1077/254 416/1078/254 65/165/254
s 157
f 65/1079/255 66/1080/255 418/1081/255
f 418/1081/255 417/1082/255 65/1079/255
s 158
f 66/162/256 70/172/256 419/1083/256
f 419/1083/256 418/1084/256 66/162/256
s 159
f 70/1085/257 69/1086/257 420/1087/257
f 420/1087/257 419/1088/257 70/1085/257
s 160
f 69/175/258 65/165/258 417/1089/258
f 417/1089/258 420/1090/258 69/175/258
s 161
f 69/1091/259 70/1092/259 422/1093/259
f 422/1093/259 421/1094/259 69/1091/259
s 162
f 70/172/260 74/182/260 423/1095/260
f 423/1095/260 422/1096/260 70/172/260
s 163
f 74/1097/261 73/1098/261 424/1099/261
f 424/1099/261 423/1100/261 74/1097/261
s 164
f 73/185/262 69/175/262 421/1101/262
f 421/1101/262 424/1102/262 73/185/262
s 165
f 73/1103/263 74/1104/263 426/1105/263
f 426/1105/263 425/1106/263 73/1103/263
s 166
f 74/182/264 78/192/264 427/1107/264
f 427/1107/264 426/1108/264 74/182/264
s 167
f 78/1109/265 77/1110/265 428/1111/265
f 428/1111/265 427/1112/265 78/1109/265
s 168
f 77/195/266 73/185/266 425/1113/266
f 425/1113/266 428/1114/266 77/195/266
s 169
f 77/1115/267 78/1116/267 430/1117/267
f 430/1117/267 429/1118/267 77/1115/267
s 170
f 78/192/268 82/202/268 431/1119/268
f 431/1119/268 430/1120/268 78/192/268
s 171
f 82/1121/269 81/1122/269 432/1123/269
f 432/1123/269 431/1124/269 82/1121/269
s 172
f 81/205/270 77/195/270 429/1125/270
f 429/1125/270 432/1126/270 81/205/270
s 173
f 81/1127/271 82/1128/271 434/1129/271
f 434/1129/271 433/1130/271 81/1127/271
s 174
f 82/202/272 86/212/272 435/1131/272
f 435/1131/272 434/1132/272 82/202/272
s 175
f 86/1133/273 85/1134/273 436/1135/273
f 436/1135/273 435/1136/273 86/1133/273
s 176
f 85/215/274 81/205/274 433/1137/274
f 433/1137/274 436/1138/274 85/215/274
s 177
f 85/1139/275 86/1140/275 438/1141/275
f 438/1141/275 437/1142/275 85/1139/275
s 178
f 86/212/276 90/222/276 439/1143/276
f 439/1143/276 438/1144/276 86/212/276
s 179
f 90/1145/277 89/1146/277 440/1147/277
f 440/1147/277 439/1148/277 90/1145/277
s 180
f 89/225/278 85/215/278 437/1149/278
f 437/1149/278 440/1150/278 89/225/278
s 181
f 89/1151/279 90/1152/279 442/1153/279
f 442/1153/279 441/1154/279 89/1151/279
s 182
f 90/222/280 94/232/280 443/1155/280
f 443/1155/280 442/1156/280 90/222/280
s 183
f 94/1157/281 93/1158/281 444/1159/281
f 444/1159/281 443/1160/281 94/1157/281
s 184
f 93/237/282 89/225/282 441/1161/282
f 441/1161/282 444/1162/282 93/237/282
s 185
f 93/1163/283 94/1164/283 446/1165/283
f 446/1165/283 445/1166/283 93/1163/283
s 186
f 94/232/284 98/244/284 447/1167/284
f 447/1167/284 446/1168/284 94/232/284
s 187
f 98/1169/285 97/1170/285 448/1171/285
f 448/1171/285 447/1172/285 98/1169/285
s 188
f 97/247/286 93/237/286 445/1173/286
f 445/1173/286 448/1174/286 97/247/286
s 189
f 97/1175/287 98/1176/287 450/1177/287
f 450/1177/287 449/1178/287 97/1175/287
s 190
f 98/244/288 102/254/288 451/1179/288
f 451/1179/288 450/1180/288 98/244/288
s 191
f 102/1181/289 101/1182/289 452/1183/289
f 452/1183/289 451/1184/289 102/1181/289
s 192
f 101/257/290 97/247/290 449/1185/290
f 449/1185/290 452/1186/290 101/257/290
s 193
f 101/1187/291 102/1188/291 454/1189/291
f 454/1189/291 453/1190/291 101/1187/291
s 194
f 102/254/292 106/264/292 455/1191/293
f 455/1191/293 454/1192/293 102/254/292
s 195
f 106/1193/294 105/1194/294 456/1195/294
f 456/1195/294 455/1196/294 106/1193/294
s 196
f 105/267/295 101/257/295 453/1197/295
f 453/1197/295 456/1198/295 105/267/295
s 197
f 105/1199/296 106/1200/296 458/1201/296
f 458/1201/296 457/1202/296 105/1199/296
s 198
f 106/264/297 110/274/297 459/1203/297
f 459/1203/297 458/1204/297 106/264/297
s 199
f 110/1205/298 109/1206/298 460/1207/298
f 460/1207/298 459/1208/298 110/1205/298
s 200
f 109/277/299 105/267/299 457/1209/299
f 457/1209/299 460/1210/299 109/277/299
s 201
f 109/1211/300 110/1212/300 462/1213/300
f 462/1213/300 461/1214/300 109/1211/300
s 202
f 110/274/301 114/284/301 463/1215/301
f 463/1215/301 462/1216/301 110/274/301
s 203
f 114/1217/302 113/1218/302 464/1219/302
f 464/1219/302 463/1220/302 114/1217/302
s 204
f 113/287/303 109/277/303 461/1221/303
f 461/1221/303 464/1222/303 113/287/303
s 205
f 113/1223/304 114/1224/304 466/1225/304
f 466/1225/304 465/1226/304 113/1223/304
s 206
f 114/284/305 118/294/305 467/1227/305
f 467/1227/305 466/1228/305 114/284/305
s 207
f 118/1229/306 117/1230/306 468/1231/306
f 468/1231/306 467/1232/306 118/1229/306
s 208
f 117/297/307 113/287/307 465/1233/307
f 465/1233/307 468/1234/307 117/297/307
s 209
f 117/1235/308 118/1236/308 470/1237/308
f 470/1237/308 469/1238/308 117/1235/308
s 210
f 118/294/309 122/304/309 471/1239/309
f 471/1239/309 470/1240/309 118/294/309
s 211
f 122/1241/310 121/1242/310 472/1243/310
f 472/1243/310 471/1244/310 122/1241/310
s 212
f 121/307/311 117/297/311 469/1245/311
f 469/1245/311 472/1246/311 121/307/311
s 213
f 121/1247/312 122/1248/312 474/1249/312
f 474/1249/312 473/1250/312 121/1247/312
s 214
f 122/304/313 126/314/313 475/1251/313
f 475/1251/313 474/1252/313 122/304/313
s 215
f 126/1253/314 125/1254/314 476/1255/314
f 476/1255/314 475/1256/314 126/1253/314
s 216
f 125/317/315 121/307/315 473/1257/315
f 473/1257/315 476/1258/315 125/317/315
s 217
f 125/1259/316 126/1260/316 478/1261/316
f 478/1261/316 477/1262/316 125/1259/316
s 218
f 126/314/317 130/324/317 479/1263/317
f 479/1263/317 478/1264/317 126/314/317
s 219
f 130/1265/318 129/1266/318 480/1267/318
f 480/1267/318 479/1268/318 130/1265/318
s 220
f 129/327/319 125/317/319 477/1269/319
f 477/1269/319 480/1270/319 129/327/319
s 221
f 129/1271/320 130/1272/320 482/1273/320
f 482/1273/320 481/1274/320 129/1271/320
s 222
f 130/324/321 134/334/321 483/1275/321
f 483/1275/321 482/1276/321 130/324/321
s 223
f 134/1277/322 133/1278/322 484/1279/322
f 484/1279/322 483/1280/322 134/1277/322
s 224
f 133/337/323 129/327/323 481/1281/323
f 481/1281/323 484/1282/323 133/337/323
s 225
f 133/1283/324 134/1284/324 486/1285/324
f 486/1285/324 485/1286/324 133/1283/324
s 226
f 134/334/325 138/344/325 487/1287/325
f 487/1287/325 486/1288/325 134/334/325
s 227
f 138/1289/326 137/1290/326 488/1291/326
f 488/1291/326 487/1292/326 138/1289/326
s 228
f 137/347/327 133/337/327 485/1293/327
f 485/1293/327 488/1294/327 137/347/327
s 229
f 137/1295/328 138/1296/328 490/1297/328
f 490/1297/328 489/1298/328 137/1295/328
s 230
f 138/344/329 142/354/329 491/1299/329
f 491/1299/329 490/1300/329 138/344/329
s 231
f 142/1301/330 141/1302/330 492/1303/330
f 492/1303/330 491/1304/330 142/1301/330
s 232
f 141/357/331 137/347/331 489/1305/331
f 489/1305/331 492/1306/331 141/357/331
s 233
f 141/1307/332 142/1308/332 494/1309/332
f 494/1309/332 493/1310/332 141/1307/332
s 234
f 142/354/333 146/364/333 495/1311/333
f 495/1311/333 494/1312/333 142/354/333
s 235
f 146/1313/334 145/1314/334 496/1315/334
f 496/1315/334 495/1316/334 146/1313/334
s 236
f 145/367/335 141/357/335 493/1317/335
f 493/1317/335 496/1318/335 145/367/335
s 237
f 145/1319/336 146/1320/336 498/1321/336
f 498/1321/336 497/1322/336 145/1319/336
s 238
f 146/364/337 150/374/337 499/1323/337
f 499/1323/337 498/1324/337 146/364/337
s 239
f 150/1325/338 149/1326/338 500/1327/338
f 500/1327/338 499/1328/338 150/1325/338
s 240
f 149/377/339 145/367/339 497/1329/339
f 497/1329/339 500/1330/339 149/377/339
s 241
f 149/1331/340 150/1332/340 502/1333/340
f 502/1333/340 501/1334/340 149/1331/340
s 242
f 150/374/341 154/384/341 503/1335/341
f 503/1335/341 502/1336/341 150/374/341
s 243
f 154/1337/342 153/1338/342 504/1339/342
f 504/1339/342 503/1340/342 154/1337/342
s 244
f 153/387/343 149/377/343 501/1341/343
f 501/1341/343 504/1342/343 153/387/343
s 245
f 153/1343/344 154/1344/344 506/1345/344
f 506/1345/344 505/1346/344 153/1343/344
s 246
f 154/384/345 158/394/345 507/1347/345
f 507/1347/345 506/1348/345 154/384/345
s 247
f 158/1349/346 157/1350/346 508/1351/346
f 508/1351/346 507/1352/346 158/1349/346
s 248
f 157/397/347 153/387/347 505/1353/347
f 505/1353/347 508/1354/347 157/397/347
s 249
f 157/1355/348 158/1356/348 510/1357/348
f 510/1357/348 509/1358/348 157/1355/348
s 250
f 158/394/349 162/404/349 511/1359/349
f 511/1359/349 510/1360/349 158/394/349
s 251
f 162/1361/350 161/1362/350 512/1363/350
f 512/1363/350 511/1364/350 162/1361/350
s 252
f 161/407/351 157/397/351 509/1365/351
f 509/1365/351 512/1366/351 161/407/351
s 253
f 161/1367/352 162/1368/352 514/1369/352
f 514/1369/352 513/1370/352 161/1367/352
s 254
f 162/404/353 166/414/353 515/1371/353
f 515/1371/353 514/1372/353 162/404/353
s 255
f 166/1373/354 165/1374/354 516/1375/354
f 516/1375/354 515/1376/354 166/1373/354
s 256
f 165/417/355 161/407/355 513/1377/355
f 513/1377/355 516/1378/355 165/417/355
s 257
f 165/1379/356 166/1380/356 518/1381/356
f 518/1381/356 517/1382/356 165/1379/356
s 258
f 166/414/357 170/424/357 519/1383/357
f 519/1383/357 518/1384/357 166/414/357
s 259
f 170/1385/358 169/1386/358 520/1387/358
f 520/1387/358 519/1388/358 170/1385/358
s 260
f 169/427/359 165/417/359 517/1389/359
f 517/1389/359 520/1390/359 169/427/359
s 261
f 169/1391/360 170/1392/360 522/1393/360
f 522/1393/360 521/1394/360 169/1391/360
s 262
f 170/424/361 174/434/361 523/1395/361
f 523/1395/361 522/1396/361 170/424/361
s 263
f 174/1397/362 173/1398/362 524/1399/362
f 524/1399/362 523/1400/362 174/1397/362
s 264
f 173/437/363 169/427/363 521/1401/363
f 521/1401/363 524/1402/363 173/437/363
s 265
f 173/1403/364 174/1404/364 526/1405/364
f 526/1405/364 525/1406/364 173/1403/364
s 266
f 174/434/365 178/444/365 527/1407/365
f 527/1407/365 526/1408/365 174/434/365
s 267
f 178/1409/366 177/1410/366 528/1411/366
f 528/1411/366 527/1412/366 178/1409/366
s 268
f 177/447/367 173/437/367 525/1413/367
f 525/1413/367 528/1414/367 177/447/367
s 269
f 177/1415/368 178/1416/368 530/1417/368
f 530/1417/368 529/1418/368 177/1415/368
s 270
f 178/444/369 182/454/369 531/1419/369
f 531/1419/369 530/1420/369 178/444/369
s 271
f 182/1421/370 181/1422/370 532/1423/370
f 532/1423/370 531/1424/370 182/1421/370
s 272
f 181/457/371 177/447/371 529/1425/371
f 529/1425/371 532/1426/371 181/457/371
s 273
f 181/1427/372 182/1428/372 534/1429/372
f 534/1429/372 533/1430/372 181/1427/372
s 274
f 182/454/373 186/464/373 535/1431/373
f 535/1431/373 534/1432/373 182/454/373
s 275
f 186/1433/374 185/1434/374 536/1435/374
f 536/1435/374 535/1436/374 186/1433/374
s 276
f 185/467/375 181/457/375 533/1437/375
f 533/1437/375 536/1438/375 185/467/375
s 277
f 185/1439/376 186/1440/376 538/1441/376
f 538/1441/376 537/1442/376 185/1439/376
s 278
f 186/464/377 190/474/377 539/1443/377
f 539/1443/377 538/1444/377 186/464/377
s 279
f 190/1445/378 189/1446/378 540/1447/378
f 540/1447/378 539/1448/378 190/1445/378
s 280
f 189/477/379 185/467/379 537/1449/379
f 537/1449/379 540/1450/379 189/477/379
s 281
f 189/1451/380 190/1452/380 542/1453/380
f 542/1453/380 541/1454/380 189/1451/380
s 282
f 190/474/381 194/484/381 543/1455/381
f 543/1455/381 542/1456/381 190/474/381
s 283
f 194/1457/382 193/1458/382 544/1459/382
f 544/1459/382 543/1460/382 194/1457/382
s 284
f 193/487/383 189/477/383 541/1461/383
f 541/1461/383 544/1462/383 193/487/383
s 285
f 193/1463/384 194/1464/384 546/1465/384
f 546/1465/384 545/1466/384 193/1463/384
s 286
f 194/484/385 198/494/385 547/1467/385
f 547/1467/385 546/1468/385 194/484/385
s 287
f 198/1469/386 197/1470/386 548/1471/386
f 548/1471/386 547/1472/386 198/1469/386
s 288
f 197/497/387 193/487/387 545/1473/387
f 545/1473/387 548/1474/387 197/497/387
s 289
f 197/1475/388 198/1476/388 550/1477/388
f 550/1477/388 549/1478/388 197/1475/388
s 290
f 198/494/389 202/504/389 551/1479/389
f 551/1479/389 550/1480/389 198/494/389
s 291
f 202/1481/390 201/1482/390 552/1483/390
f 552/1483/390 551/1484/390 202/1481/390
s 292
f 201/507/391 197/497/391 549/1485/391
f 549/1485/391 552/1486/391 201/507/391
s 293
f 201/1487/392 202/1488/392 554/1489/392
f 554/1489/392 553/1490/392 201/1487/392
s 294
f 202/504/393 206/514/393 555/1491/393
f 555/1491/393 554/1492/393 202/504/393
s 295
f 206/1493/394 205/1494/394 556/1495/394
f 556/1495/394 555/1496/394 206/1493/394
s 296
f 205/517/395 201/507/395 553/1497/395
f 553/1497/395 556/1498/395 205/517/395
s 297
f 205/1499/396 206/1500/396 558/1501/396
f 558/1501/396 557/1502/396 205/1499/396
s 298
f 206/514/397 210/524/397 559/1503/397
f 559/1503/397 558/1504/397 206/514/397
s 299
f 210/1505/398 209/1506/398 560/1507/398
f 560/1507/398 559/1508/398 210/1505/398
s 300
f 209/527/399 205/517/399 557/1509/399
f 557/1509/399 560/1510/399 209/527/399
s 301
f 209/1511/400 210/1512/400 562/1513/400
f 562/1513/400 561/1514/400 209/1511/400
s 302
f 210/524/401 214/534/401 563/1515/401
f 563/1515/401 562/1516/401 210/524/401
s 303
f 214/1517/402 213/1518/402 564/1519/402
f 564/1519/402 563/1520/402 214/1517/402
s 304
f 213/537/403 209/527/403 561/1521/403
f 561/1521/403 564/1522/403 213/537/403
s 305
f 213/1523/404 214/1524/404 566/1525/404
f 566/1525/404 565/1526/404 213/1523/404
s 306
f 214/534/405 218/544/405 567/1527/405
f 567/1527/405 566/1528/405 214/534/405
s 307
f 218/1529/406 217/1530/406 568/1531/406
f 568/1531/406 567/1532/406 218/1529/406
s 308
f 217/547/407 213/537/407 565/1533/407
f 565/1533/407 568/1534/407 217/547/407
s 309
f 217/1535/408 218/1536/408 570/1537/408
f 570/1537/408 569/1538/408 217/1535/408
s 310
f 218/544/409 222/554/409 571/1539/409
f 571/1539/409 570/1540/409 218/544/409
s 311
f 222/1541/410 221/1542/410 572/1543/410
f 572/1543/410 571/1544/410 222/1541/410
s 312
f 221/557/411 217/547/411 569/1545/411
f 569/1545/411 572/1546/411 221/557/411
s 313
f 221/1547/412 222/1548/412 574/1549/412
f 574/1549/412 573/1550/412 221/1547/412
s 314
f 222/554/413 226/564/413 575/1551/413
f 575/1551/413 574/1552/413 222/554/413
s 315
f 226/1553/414 225/1554/414 576/1555/414
f 576/1555/414 575/1556/414 226/1553/414
s 316
f 225/567/415 221/557/415 573/1557/415
f 573/1557/415 576/1558/415 225/567/415
s 317
f 225/1559/416 226/1560/416 578/1561/416
f 578/1561/416 577/1562/416 225/1559/416
s 318
f 226/564/417 230/574/417 579/1563/417
f 579/1563/417 578/1564/417 226/564/417
s 319
f 230/1565/418 229/1566/418 580/1567/418
f 580/1567/418 579/1568/418 230/1565/418
s 320
f 229/577/419 225/567/419 577/1569/419
f 577/1569/419 580/1570/419 229/577/419
s 321
f 229/1571/420 230/1572/420 582/1573/420
f 582/1573/420 581/1574/420 229/1571/420
s 322
f 230/574/421 234/584/421 583/1575/421
f 583/1575/421 582/1576/421 230/574/421
s 323
f 234/1577/422 233/1578/422 584/1579/422
f 584/1579/422 583/1580/422 234/1577/422
s 324
f 233/587/423 229/577/423 581/1581/423
f 581/1581/423 584/1582/423 233/587/423
s 325
f 233/1583/424 234/1584/424 586/1585/424
f 586/1585/424 585/1586/424 233/1583/424
s 326
f 234/584/425 238/594/425 587/1587/425
f 587/1587/425 586/1588/425 234/584/425
s 327
f 238/1589/426 237/1590/426 588/1591/426
f 588/1591/426 587/1592/426 238/1589/426
s 328
f 237/597/427 233/587/427 585/1593/427
f 585/1593/427 588/1594/427 237/597/427
s 329
f 237/1595/428 238/1596/428 590/1597/428
f 590/1597/428 589/1598/428 237/1595/428
s 330
f 238/594/429 242/604/429 591/1599/429
f 591/1599/429 590/1600/429 238/594/429
s 331
f 242/1601/430 241/1602/430 592/1603/430
f 592/1603/430 591/1604/430 242/1601/430
s 332
f 241/607/431 237/597/431 589/1605/431
f 589/1605/431 592/1606/431 241/607/431
s 333
f 241/1607/432 242/1608/432 594/1609/432
f 594/1609/432 593/1610/432 241/1607/432
s 334
f 242/604/433 246/614/433 595/1611/433
f 595/1611/433 594/1612/433 242/604/433
s 335
f 246/1613/434 245/1614/434 596/1615/434
f 596/1615/434 595/1616/434 246/1613/434
s 336
f 245/617/435 241/607/435 593/1617/435
f 593/1617/435 596/1618/435 245/617/435
s 337
f 245/1619/436 246/1620/436 598/1621/436
f 598/1621/436 597/1622/436 245/1619/436
s 338
f 246/614/437 250/624/437 599/1623/437
f 599/1623/437 598/1624/437 246/614/437
s 339
f 250/1625/438 249/1626/438 600/1627/438
f 600/1627/438 599/1628/438 250/1625/438
s 340
f 249/627/439 245/617/439 597/1629/439
f 597/1629/439 600/1630/439 249/627/439
s 341
f 249/1631/440 250/1632/440 602/1633/440
f 602/1633/440 601/1634/440 249/1631/440
s 342
f 250/624/441 254/634/441 603/1635/441
f 603/1635/441 602/1636/441 250/624/441
s 343
f 254/1637/442 253/1638/442 604/1639/442
f 604/1639/442 603/1640/442 254/1637/442
s 344
f 253/637/443 249/627/443 601/1641/443
f 601/1641/443 604/1642/443 253/637/443
s 345
f 253/1643/444 254/1644/444 606/1645/444
f 606/1645/444 605/1646/444 253/1643/444
s 346
f 254/634/445 258/644/445 607/1647/445
f 607/1647/445 606/1648/445 254/634/445
s 347
f 258/1649/446 257/1650/446 608/1651/446
f 608/1651/446 607/1652/446 258/1649/446
s 348
f 257/647/447 253/637/447 605/1653/447
f 605/1653/447 608/1654/447 257/647/447
s 349
f 257/1655/448 258/1656/448 610/1657/448
f 610/1657/448 609/1658/448 257/1655/448
s 350
f 258/644/449 262/654/449 611/1659/449
f 611/1659/449 610/1660/449 258/644/449
s 351
f 262/1661/450 261/1662/450 612/1663/450
f 612/1663/450 611/1664/450 262/1661/450
s 352
f 261/657/451 257/647/451 609/1665/451
f 609/1665/451 612/1666/451 261/657/451
s 353
f 261/1667/452 262/1668/452 614/1669/452
f 614/1669/452 613/1670/452 261/1667/452
s 354
f 262/654/453 266/664/453 615/1671/453
f 615/1671/453 614/1672/453 262/654/453
s 355
f 266/1673/454 265/1674/454 616/1675/454
f 616/1675/454 615/1676/454 266/1673/454
s 356
f 265/669/455 261/657/455 613/1677/455
f 613/1677/455 616/1678/455 265/669/455
s 357
f 265/1679/456 266/1680/456 618/1681/456
f 618/1681/456 617/1682/456 265/1679/456
s 358
f 266/664/457 270/676/457 619/1683/457
f 619/1683/457 618/1684/457 266/664/457
s 359
f 270/1685/458 269/1686/458 620/1687/458
f 620/1687/458 619/1688/458 270/1685/458
s 360
f 269/679/459 265/669/459 617/1689/459
f 617/1689/459 620/1690/459 269/679/459
s 361
f 269/1691/460 270/1692/460 622/1693/460
f 622/1693/460 621/1694/460 269/1691/460
s 362
f 270/676/461 274/686/461 623/1695/461
f 623/1695/461 622/1696/461 270/676/461
s 363
f 274/1697/462 273/1698/462 624/1699/462
f 624/1699/462 623/1700/462 274/1697/462
s 364
f 273/689/463 269/679/463 621/1701/463
f 621/1701/463 624/1702/463 273/689/463
s 365
f 273/1703/464 274/1704/464 626/1705/464
f 626/1705/464 625/1706/464 273/1703/464
s 366
f 274/686/465 278/696/465 627/1707/465
f 627/1707/465 626/1708/465 274/686/465
s 367
f 278/1709/466 277/1710/466 628/1711/466
f 628/1711/466 627/1712/466 278/1709/466
s 368
f 277/699/467 273/689/467 625/1713/467
f 625/1713/467 628/1714/468 277/699/467
s 369
f 277/1715/469 278/1716/469 630/1717/469
f 630/1717/469 629/1718/469 277/1715/469
s 370
f 278/696/470 282/706/470 631/1719/470
f 631/1719/470 630/1720/470 278/696/470
s 371
f 282/1721/471 281/1722/471 632/1723/471
f 632/1723/471 631/1724/471 282/1721/471
s 372
f 281/709/472 277/699/472 629/1725/472
f 629/1725/472 632/1726/472 281/709/472
s 373
f 281/1727/473 282/1728/473 634/1729/473
f 634/1729/473 633/1730/473 281/1727/473
s 374
f 282/706/474 286/716/474 635/1731/474
f 635/1731/474 634/1732/474 282/706/474
s 375
f 286/1733/475 285/1734/475 636/1735/475
f 636/1735/475 635/1736/475 286/1733/475
s 376
f 285/719/476 281/709/476 633/1737/476
f 633/1737/476 636/1738/476 285/719/476
s 377
f 285/1739/477 286/1740/477 638/1741/477
f 638/1741/477 637/1742/477 285/1739/477
s 378
f 286/716/478 290/726/478 639/1743/478
f 639/1743/478 638/1744/478 286/716/478
s 379
f 290/1745/479 289/1746/479 640/1747/479
f 640/1747/479 639/1748/479 290/1745/479
s 380
f 289/729/480 285/719/480 637/1749/480
f 637/1749/480 640/1750/480 289/729/480
s 381
f 289/1751/481 290/1752/481 642/1753/481
f 642/1753/481 641/1754/481 289/1751/481
s 382
f 290/726/482 294/736/482 643/1755/482
f 643/1755/482 642/1756/482 290/726/482
s 383
f 294/1757/483 293/1758/483 644/1759/483
f 644/1759/483 643/1760/483 294/1757/483
s 384
f 293/739/484 289/729/484 641/1761/484
f 641/1761/484 644/1762/484 293/739/484
s 385
f 293/1763/485 294/1764/485 646/1765/485
f 646/1765/485 645/1766/485 293/1763/485
s 386
f 294/736/486 298/746/486 647/1767/486
f 647/1767/486 646/1768/486 294/736/486
s 387
f 298/1769/487 297/1770/487 648/1771/487
f 648/1771/487 647/1772/487 298/1769/487
s 388
f 297/749/488 293/739/488 645/1773/488
f 645/1773/488 648/1774/488 297/749/488
s 389
f 297/1775/489 298/1776/489 650/1777/489
f 650/1777/489 649/1778/489 297/1775/489
s 390
f 298/746/490 302/756/490 651/1779/490
f 651/1779/490 650/1780/490 298/746/490
s 391
f 302/1781/491 301/1782/491 652/1783/491
f 652/1783/491 651/1784/491 302/1781/491
s 392
f 301/759/492 297/749/492 649/1785/492
f 649/1785/492 652/1786/492 301/759/492
s 393
f 301/1787/493 302/1788/493 654/1789/493
f 654/1789/493 653/1790/493 301/1787/493
s 394
f 302/756/494 306/766/494 655/1791/494
f 655/1791/494 654/1792/494 302/756/494
s 395
f 306/1793/495 305/1794/495 656/1795/495
f 656/1795/495 655/1796/495 306/1793/495
s 396
f 305/769/496 301/759/496 653/1797/496
f 653/1797/496 656/1798/496 305/769/496
s 397
f 305/1799/497 306/1800/497 658/1801/497
f 658/1801/497 657/1802/497 305/1799/497
s 398
f 306/766/498 310/776/498 659/1803/498
f 659/1803/498 658/1804/498 306/766/498
s 399
f 310/1805/499 309/1806/499 660/1807/499
f 660/1807/499 659/1808/499 310/1805/499
s 400
f 309/779/500 305/769/500 657/1809/500
f 657/1809/500 660/1810/500 309/779/500
s 401
f 309/1811/501 310/1812/501 662/1813/501
f 662/1813/501 661/1814/501 309/1811/501
s 402
f 310/776/502 314/786/502 663/1815/502
f 663/1815/502 662/1816/502 310/776/502
s 403
f 314/1817/503 313/1818/503 664/1819/503
f 664/1819/503 663/1820/503 314/1817/503
s 404
f 313/789/504 309/779/504 661/1821/504
f 661/1821/504 664/1822/504 313/789/504
s 405
f 313/1823/505 314/1824/505 666/1825/505
f 666/1825/505 665/1826/505 313/1823/505
s 406
f 314/786/506 318/796/506 667/1827/506
f 667/1827/506 666/1828/506 314/786/506
s 407
f 318/1829/507 317/1830/507 668/1831/507
f 668/1831/507 667/1832/507 318/1829/507
s 408
f 317/799/508 313/789/508 665/1833/508
f 665/1833/508 668/1834/508 317/799/508
s 409
f 317/1835/509 318/1836/509 670/1837/509
f 670/1837/509 669/1838/509 317/1835/509
s 410
f 318/796/510 322/806/510 671/1839/510
f 671/1839/510 670/1840/510 318/796/510
s 411
f 322/1841/511 321/1842/511 672/1843/511
f 672/1843/511 671/1844/511 322/1841/511
s 412
f 321/809/512 317/799/512 669/1845/512
f 669/1845/512 672/1846/512 321/809/512
s 413
f 321/1847/513 322/1848/513 674/1849/513
f 674/1849/513 673/1850/513 321/1847/513
s 414
f 322/806/514 326/816/514 675/1851/514
f 675/1851/514 674/1852/514 322/806/514
s 415
f 326/1853/515 325/1854/515 676/1855/515
f 676/1855/515 675/1856/515 326/1853/515
s 416
f 325/819/516 321/809/516 673/1857/516
f 673/1857/516 676/1858/516 325/819/516
s 417
f 325/1859/517 326/1860/517 678/1861/517
f 678/1861/517 677/1862/517 325/1859/517
s 418
f 326/816/518 330/826/518 679/1863/518
f 679/1863/518 678/1864/518 326/816/518
s 419
f 330/1865/519 329/1866/519 680/1867/519
f 680/1867/519 679/1868/519 330/1865/519
s 420
f 329/829/520 325/819/520 677/1869/520
f 677/1869/520 680/1870/520 329/829/520
s 421
f 329/1871/521 330/1872/521 682/1873/521
f 682/1873/521 681/1874/521 329/1871/521
s 422
f 330/826/522 334/836/522 683/1875/522
f 683/1875/522 682/1876/522 330/826/522
s 423
f 334/1877/523 333/1878/523 684/1879/523
f 684/1879/523 683/1880/523 334/1877/523
s 424
f 333/839/524 329/829/524 681/1881/524
f 681/1881/524 684/1882/524 333/839/524
s 425
f 333/1883/525 334/1884/525 686/1885/525
f 686/1885/525 685/1886/525 333/1883/525
s 426
f 334/836/526 338/846/526 687/1887/526
f 687/1887/526 686/1888/526 334/836/526
s 427
f 338/1889/527 337/1890/527 688/1891/527
f 688/1891/527 687/1892/527 338/1889/527
s 428
f 337/849/528 333/839/528 685/1893/528
f 685/1893/528 688/1894/528 337/849/528
s 429
f 337/1895/529 338/1896/529 690/1897/529
f 690/1897/529 689/1898/529 337/1895/529
s 430
f 338/846/530 342/856/530 691/1899/530
f 691/1899/530 690/1900/530 338/846/530
s 431
f 342/1901/531 341/1902/531 692/1903/531
f 692/1903/531 691/1904/531 342/1901/531
s 432
f 341/859/532 337/849/532 689/1905/532
f 689/1905/532 692/1906/532 341/859/532
s 433
f 341/1907/533 342/1908/533 694/1909/533
f 694/1909/533 693/1910/533 341/1907/533
s 434
f 342/856/534 346/866/534 695/1911/534
f 695/1911/534 694/1912/534 342/856/534
s 435
f 346/1913/535 345/1914/535 696/1915/535
f 696/1915/535 695/1916/535 346/1913/535
s 436
f 345/869/536 341/859/536 693/1917/536
f 693/1917/536 696/1918/536 345/869/536
s 437
f 345/1919/537 346/1920/537 698/1921/537
f 698/1921/537 697/1922/537 345/1919/537
s 438
f 346/866/538 350/876/538 699/1923/538
f 699/1923/538 698/1924/538 346/866/538
s 439
f 350/886/539 349/885/539 700/1925/539
f 700/1925/539 699/1926/539 350/886/539
s 440
f 349/879/540 345/869/540 697/1927/540
f 697/1927/540 700/1928/540 349/879/540
s 441
f 701/1929/1 702/1930/1 706/1931/541
f 706/1931/541 705/1932/541 701/1929/1
s 442
f 702/1933/2 703/1934/2 707/1935/2
f 707/1935/2 706/1936/2 702/1933/2
s 443
f 703/1937/3 704/1938/3 708/1939/4
f 708/1939/4 707/1940/4 703/1937/3
s 444
f 704/1941/5 701/1942/5 705/1943/5
f 705/1943/5 708/1944/5 704/1941/5
s 441
f 705/1932/541 706/1931/541 710/1945/542
f 710/1945/542 709/1946/542 705/1932/541
s 442
f 706/1936/2 707/1935/2 711/1947/2
f 711/1947/2 710/1948/2 706/1936/2
s 443
f 707/1940/4 708/1939/4 712/1949/7
f 712/1949/7 711/1950/7 707/1940/4
s 444
f 708/1944/5 705/1943/5 709/1951/5
f 709/1951/5 712/1952/5 708/1944/5
s 441
f 709/1946/542 710/1945/542 714/1953/543
f 714/1953/543 713/1954/543 709/1946/542
s 442
f 710/1948/2 711/1947/2 715/1955/2
f 715/1955/2 714/1956/2 710/1948/2
s 443
f 711/1950/7 712/1949/7 716/1957/9
f 716/1957/9 715/1958/9 711/1950/7
s 444
f 712/1952/5 709/1951/5 713/1959/5
f 713/1959/5 716/1960/5 712/1952/5
s 441
f 713/1954/543 714/1953/543 718/1961/544
f 718/1961/544 717/1962/544 713/1954/543
s 442
f 714/1956/2 715/1955/2 719/1963/2
f 719/1963/2 718/1964/2 714/1956/2
s 443
f 715/1958/9 716/1957/9 720/1965/12
f 720/1965/12 719/1966/12 715/1958/9
s 444
f 716/1960/5 713/1959/5 717/1967/5
f 717/1967/5 720/1968/5 716/1960/5
s 441
f 717/1962/544 718/1961/544 722/1969/545
f 722/1969/545 721/1970/545 717/1962/544
s 442
f 718/1964/2 719/1963/2 723/1971/2
f 723/1971/2 722/1972/2 718/1964/2
s 443
f 719/1966/12 720/1965/12 724/1973/14
f 724/1973/14 723/1974/14 719/1966/12
s 444
f 720/1968/5 717/1967/5 721/1975/5
f 721/1975/5 724/1976/5 720/1968/5
s 441
f 721/1970/545 722/1969/545 726/1977/546
f 726/1977/546 725/1978/546 721/1970/545
s 442
f 722/1972/2 723/1971/2 727/1979/2
f 727/1979/2 726/1980/2 722/1972/2
s 443
f 723/1974/14 724/1973/14 728/1981/16
f 728/1981/16 727/1982/16 723/1974/14
s 444
f 724/1976/5 721/1975/5 725/1983/5
f 725/1983/5 728/1984/5 724/1976/5
s 441
f 725/1978/546 726/1977/546 730/1985/547
f 730/1985/547 729/1986/547 725/1978/546
s 442
f 726/1980/2 727/1979/2 731/1987/2
f 731/1987/2 730/1988/2 726/1980/2
s 443
f 727/1982/16 728/1981/16 732/1989/18
f 732/1989/18 731/1990/18 727/1982/16
s 444
f 728/1984/5 725/1983/5 729/1991/5
f 729/1991/5 732/1992/5 728/1984/5
s 441
f 729/1986/547 730/1985/547 734/1993/548
f 734/1993/548 733/1994/548 729/1986/547
s 442
f 730/1988/2 731/1987/2 735/1995/2
f 735/1995/2 734/1996/2 730/1988/2
s 443
f 731/1990/18 732/1989/18 736/1997/20
f 736/1997/20 735/1998/20 731/1990/18
s 444
f 732/1992/5 729/1991/5 733/1999/5
f 733/1999/5 736/2000/5 732/1992/5
s 441
f 733/1994/548 734/1993/548 738/2001/549
f 738/2001/549 737/2002/549 733/1994/548
s 442
f 734/1996/2 735/1995/2 739/2003/2
f 739/2003/2 738/2004/2 734/1996/2
s 443
f 735/1998/20 736/1997/20 740/2005/22
f 740/2005/22 739/2006/22 735/1998/20
s 444
f 736/2000/5 733/1999/5 737/2007/5
f 737/2007/5 740/2008/5 736/2000/5
s 441
f 737/2002/549 738/2001/549 742/2009/550
f 742/2009/550 741/2010/550 737/2002/549
s 442
f 738/2004/2 739/2003/2 743/2011/2
f 743/2011/2 742/2012/2 738/2004/2
s 443
f 739/2006/22 740/2005/22 744/2013/24
f 744/2013/24 743/2014/24 739/2006/22
s 444
f 740/2008/5 737/2007/5 741/2015/5
f 741/2015/5 744/2016/5 740/2008/5
s 441
f 741/2010/550 742/2009/550 746/2017/551
f 746/2017/551 745/2018/551 741/2010/550
s 442
f 742/2012/2 743/2011/2 747/2019/2
f 747/2019/2 746/2020/2 742/2012/2
s 443
f 743/2014/24 744/2013/24 748/2021/26
f 748/2021/26 747/2022/552 743/2014/24
s 444
f 744/2016/5 741/2015/5 745/2023/5
f 745/2023/5 748/2024/5 744/2016/5
s 441
f 745/2018/551 746/2017/551 750/2025/553
f 750/2025/553 749/2026/553 745/2018/551
s 442
f 746/2020/2 747/2019/2 751/2027/2
f 751/2027/2 750/2028/2 746/2020/2
s 443
f 747/2022/552 748/2021/26 752/2029/28
f 752/2029/28 751/2030/28 747/2022/552
s 444
f 748/2024/5 745/2023/5 749/2031/5
f 749/2031/5 752/2032/5 748/2024/5
s 441
f 749/2026/553 750/2025/553 754/2033/554
f 754/2033/554 753/2034/554 749/2026/553
s 442
f 750/2028/2 751/2027/2 755/2035/2
f 755/2035/2 754/2036/2 750/2028/2
s 443
f 751/2030/28 752/2029/28 756/2037/30
f 756/2037/30 755/2038/30 751/2030/28
s 444
f 752/2032/5 749/2031/5 753/2039/5
f 753/2039/5 756/2040/5 752/2032/5
s 441
f 753/2034/554 754/2033/554 758/2041/555
f 758/2041/555 757/2042/555 753/2034/554
s 442
f 754/2036/2 755/2035/2 759/2043/2
f 759/2043/2 758/2044/2 754/2036/2
s 443
f 755/2038/30 756/2037/30 760/2045/32
f 760/2045/32 759/2046/32 755/2038/30
s 444
f 756/2040/5 753/2039/5 757/2047/5
f 757/2047/5 760/2048/5 756/2040/5
s 441
f 757/2042/555 758/2041/555 762/2049/556
f 762/2049/556 761/2050/556 757/2042/555
s 442
f 758/2044/2 759/2043/2 763/2051/2
f 763/2051/2 762/2052/2 758/2044/2
s 443
f 759/2046/32 760/2045/32 764/2053/34
f 764/2053/34 763/2054/34 759/2046/32
s 444
f 760/2048/5 757/2047/5 761/2055/5
f 761/2055/5 764/2056/5 760/2048/5
s 441
f 761/2050/556 762/2049/556 766/2057/557
f 766/2057/557 765/2058/557 761/2050/556
s 442
f 762/2052/2 763/2051/2 767/2059/2
f 767/2059/2 766/2060/2 762/2052/2
s 443
f 763/2054/34 764/2053/34 768/2061/36
f 768/2061/36 767/2062/558 763/2054/34
s 444
f 764/2056/5 761/2055/5 765/2063/5
f 765/2063/5 768/2064/5 764/2056/5
s 441
f 765/2058/557 766/2057/557 770/2065/559
f 770/2065/559 769/2066/559 765/2058/557
s 442
f 766/2060/2 767/2059/2 771/2067/2
f 771/2067/2 770/2068/2 766/2060/2
s 443
f 767/2062/558 768/2061/36 772/2069/38
f 772/2069/38 771/2070/38 767/2062/558
s 444
f 768/2064/5 765/2063/5 769/2071/5
f 769/2071/5 772/2072/5 768/2064/5
s 441
f 769/2066/559 770/2065/559 774/2073/560
f 774/2073/560 773/2074/560 769/2066/559
s 442
f 770/2068/2 771/2067/2 775/2075/2
f 775/2075/2 774/2076/2 770/2068/2
s 443
f 771/2070/38 772/2069/38 776/2077/40
f 776/2077/40 775/2078/40 771/2070/38
s 444
f 772/2072/5 769/2071/5 773/2079/5
f 773/2079/5 776/2080/5 772/2072/5
s 441
f 773/2074/560 774/2073/560 778/2081/561
f 778/2081/561 777/2082/561 773/2074/560
s 442
f 774/2076/2 775/2075/2 779/2083/2
f 779/2083/2 778/2084/2 774/2076/2
s 443
f 775/2078/40 776/2077/40 780/2085/43
f 780/2085/43 779/2086/43 775/2078/40
s 444
f 776/2080/5 773/2079/5 777/2087/5
f 777/2087/5 780/2088/5 776/2080/5
s 441
f 777/2082/561 778/2081/561 782/2089/562
f 782/2089/562 781/2090/562 777/2082/561
s 442
f 778/2084/2 779/2083/2 783/2091/2
f 783/2091/2 782/2092/2 778/2084/2
s 443
f 779/2086/43 780/2085/43 784/2093/563
f 784/2093/563 783/2094/45 779/2086/43
s 444
f 780/2088/5 777/2087/5 781/2095/5
f 781/2095/5 784/2096/5 780/2088/5
s 441
f 781/2090/562 782/2089/562 786/2097/564
f 786/2097/564 785/2098/564 781/2090/562
s 442
f 782/2092/2 783/2091/2 787/2099/2
f 787/2099/2 786/2100/2 782/2092/2
s 443
f 783/2094/45 784/2093/563 788/2101/47
f 788/2101/47 787/2102/47 783/2094/45
s 444
f 784/2096/5 781/2095/5 785/2103/5
f 785/2103/5 788/2104/5 784/2096/5
s 441
f 785/2098/564 786/2097/564 790/2105/565
f 790/2105/565 789/2106/565 785/2098/564
s 442
f 786/2100/2 787/2099/2 791/2107/2
f 791/2107/2 790/2108/2 786/2100/2
s 443
f 787/2102/47 788/2101/47 792/2109/49
f 792/2109/49 791/2110/49 787/2102/47
s 444
f 788/2104/5 785/2103/5 789/2111/5
f 789/2111/5 792/2112/5 788/2104/5
s 441
f 789/2113/565 790/2114/565 794/2115/566
f 794/2115/566 793/2116/566 789/2113/565
s 442
f 790/2108/2 791/2107/2 795/2117/2
f 795/2117/2 794/2118/2 790/2108/2
s 443
f 791/2119/49 792/2120/49 796/2121/51
f 796/2121/51 795/2122/51 791/2119/49
s 444
f 792/2112/5 789/2111/5 793/2123/5
f 793/2123/5 796/2124/5 792/2112/5
s 441
f 793/2116/566 794/2115/566 798/2125/567
f 798/2125/567 797/2126/567 793/2116/566
s 442
f 794/2118/2 795/2117/2 799/2127/2
f 799/2127/2 798/2128/2 794/2118/2
s 443
f 795/2122/51 796/2121/51 800/2129/53
f 800/2129/53 799/2130/53 795/2122/51
s 444
f 796/2124/5 793/2123/5 797/2131/5
f 797/2131/5 800/2132/5 796/2124/5
s 441
f 797/2126/567 798/2125/567 802/2133/568
f 802/2133/568 801/2134/568 797/2126/567
s 442
f 798/2128/2 799/2127/2 803/2135/2
f 803/2135/2 802/2136/2 798/2128/2
s 443
f 799/2130/53 800/2129/53 804/2137/56
f 804/2137/56 803/2138/56 799/2130/53
s 444
f 800/2132/5 797/2131/5 801/2139/5
f 801/2139/5 804/2140/5 800/2132/5
s 441
f 801/2134/568 802/2133/568 806/2141/569
f 806/2141/569 805/2142/569 801/2134/568
s 442
f 802/2136/2 803/2135/2 807/2143/2
f 807/2143/2 806/2144/2 802/2136/2
s 443
f 803/2138/56 804/2137/56 808/2145/58
f 808/2145/58 807/2146/58 803/2138/56
s 444
f 804/2140/5 801/2139/5 805/2147/5
f 805/2147/5 808/2148/5 804/2140/5
s 441
f 805/2142/569 806/2141/569 810/2149/570
f 810/2149/570 809/2150/570 805/2142/569
s 442
f 806/2144/2 807/2143/2 811/2151/2
f 811/2151/2 810/2152/2 806/2144/2
s 443
f 807/2146/58 808/2145/58 812/2153/60
f 812/2153/60 811/2154/60 807/2146/58
s 444
f 808/2148/5 805/2147/5 809/2155/5
f 809/2155/5 812/2156/5 808/2148/5
s 441
f 809/2150/570 810/2149/570 814/2157/571
f 814/2157/571 813/2158/571 809/2150/570
s 442
f 810/2152/2 811/2151/2 815/2159/2
f 815/2159/2 814/2160/2 810/2152/2
s 443
f 811/2154/60 812/2153/60 816/2161/62
f 816/2161/62 815/2162/62 811/2154/60
s 444
f 812/2156/5 809/2155/5 813/2163/5
f 813/2163/5 816/2164/5 812/2156/5
s 441
f 813/2158/571 814/2157/571 818/2165/572
f 818/2165/572 817/2166/572 813/2158/571
s 442
f 814/2160/2 815/2159/2 819/2167/2
f 819/2167/2 818/2168/2 814/2160/2
s 443
f 815/2162/62 816/2161/62 820/2169/64
f 820/2169/64 819/2170/64 815/2162/62
s 444
f 816/2164/5 813/2163/5 817/2171/5
f 817/2171/5 820/2172/5 816/2164/5
s 441
f 817/2166/572 818/2165/572 822/2173/573
f 822/2173/573 821/2174/573 817/2166/572
s 442
f 818/2168/2 819/2167/2 823/2175/2
f 823/2175/2 822/2176/2 818/2168/2
s 443
f 819/2170/64 820/2169/64 824/2177/66
f 824/2177/66 823/2178/66 819/2170/64
s 444
f 820/2172/5 817/2171/5 821/2179/5
f 821/2179/5 824/2180/5 820/2172/5
s 441
f 821/2174/573 822/2173/573 826/2181/574
f 826/2181/574 825/2182/574 821/2174/573
s 442
f 822/2176/2 823/2175/2 827/2183/2
f 827/2183/2 826/2184/2 822/2176/2
s 443
f 823/2178/66 824/2177/66 828/2185/68
f 828/2185/68 827/2186/68 823/2178/66
s 444
f 824/2180/5 821/2179/5 825/2187/5
f 825/2187/5 828/2188/5 824/2180/5
s 441
f 825/2182/574 826/2181/574 830/2189/575
f 830/2189/575 829/2190/575 825/2182/574
s 442
f 826/2184/2 827/2183/2 831/2191/2
f 831/2191/2 830/2192/2 826/2184/2
s 443
f 827/2186/68 828/2185/68 832/2193/70
f 832/2193/70 831/2194/70 827/2186/68
s 444
f 828/2188/5 825/2187/5 829/2195/5
f 829/2195/5 832/2196/5 828/2188/5
s 441
f 829/2190/575 830/2189/575 834/2197/576
f 834/2197/576 833/2198/576 829/2190/575
s 442
f 830/2192/2 831/2191/2 835/2199/2
f 835/2199/2 834/2200/2 830/2192/2
s 443
f 831/2194/70 832/2193/70 836/2201/72
f 836/2201/72 835/2202/72 831/2194/70
s 444
f 832/2196/5 829/2195/5 833/2203/5
f 833/2203/5 836/2204/5 832/2196/5
s 441
f 833/2198/576 834/2197/576 838/2205/577
f 838/2205/577 837/2206/577 833/2198/576
s 442
f 834/2200/2 835/2199/2 839/2207/2
f 839/2207/2 838/2208/2 834/2200/2
s 443
f 835/2202/72 836/2201/72 840/2209/74
f 840/2209/74 839/2210/74 835/2202/72
s 444
f 836/2204/5 833/2203/5 837/2211/5
f 837/2211/5 840/2212/5 836/2204/5
s 441
f 837/2206/577 838/2205/577 842/2213/578
f 842/2213/578 841/2214/578 837/2206/577
s 442
f 838/2208/2 839/2207/2 843/2215/2
f 843/2215/2 842/2216/2 838/2208/2
s 443
f 839/2210/74 840/2209/74 844/2217/76
f 844/2217/76 843/2218/76 839/2210/74
s 444
f 840/2212/5 837/2211/5 841/2219/5
f 841/2219/5 844/2220/5 840/2212/5
s 441
f 841/2214/578 842/2213/578 846/2221/579
f 846/2221/579 845/2222/580 841/2214/578
s 442
f 842/2216/2 843/2215/2 847/2223/2
f 847/2223/2 846/2224/2 842/2216/2
s 443
f 843/2218/76 844/2217/76 848/2225/581
f 848/2225/581 847/2226/581 843/2218/76
s 444
f 844/2220/5 841/2219/5 845/2227/5
f 845/2227/5 848/2228/5 844/2220/5
s 441
f 845/2222/580 846/2221/579 850/2229/582
f 850/2229/582 849/2230/582 845/2222/580
s 442
f 846/2224/2 847/2223/2 851/2231/2
f 851/2231/2 850/2232/2 846/2224/2
s 443
f 847/2226/581 848/2225/581 852/2233/80
f 852/2233/80 851/2234/80 847/2226/581
s 444
f 848/2228/5 845/2227/5 849/2235/5
f 849/2235/5 852/2236/5 848/2228/5
s 441
f 849/2230/582 850/2229/582 854/2237/583
f 854/2237/583 853/2238/583 849/2230/582
s 442
f 850/2232/2 851/2231/2 855/2239/2
f 855/2239/2 854/2240/2 850/2232/2
s 443
f 851/2234/80 852/2233/80 856/2241/82
f 856/2241/82 855/2242/82 851/2234/80
s 444
f 852/2236/5 849/2235/5 853/2243/5
f 853/2243/5 856/2244/5 852/2236/5
s 441
f 853/2238/583 854/2237/583 858/2245/584
f 858/2245/584 857/2246/584 853/2238/583
s 442
f 854/2240/2 855/2239/2 859/2247/2
f 859/2247/2 858/2248/2 854/2240/2
s 443
f 855/2242/82 856/2241/82 860/2249/84
f 860/2249/84 859/2250/84 855/2242/82
s 444
f 856/2244/5 853/2243/5 857/2251/5
f 857/2251/5 860/2252/5 856/2244/5
s 441
f 857/2246/584 858/2245/584 862/2253/585
f 862/2253/585 861/2254/586 857/2246/584
s 442
f 858/2248/2 859/2247/2 863/2255/2
f 863/2255/2 862/2256/2 858/2248/2
s 443
f 859/2250/84 860/2249/84 864/2257/587
f 864/2257/587 863/2258/587 859/2250/84
s 444
f 860/2252/5 857/2251/5 861/2259/5
f 861/2259/5 864/2260/5 860/2252/5
s 441
f 861/2254/586 862/2253/585 866/2261/588
f 866/2261/588 865/2262/588 861/2254/586
s 442
f 862/2256/2 863/2255/2 867/2263/2
f 867/2263/2 866/2264/2 862/2256/2
s 443
f 863/2258/587 864/2257/587 868/2265/88
f 868/2265/88 867/2266/88 863/2258/587
s 444
f 864/2260/5 861/2259/5 865/2267/5
f 865/2267/5 868/2268/5 864/2260/5
s 441
f 865/2262/588 866/2261/588 870/2269/589
f 870/2269/589 869/2270/589 865/2262/588
s 442
f 866/2264/2 867/2263/2 871/2271/2
f 871/2271/2 870/2272/2 866/2264/2
s 443
f 867/2266/88 868/2265/88 872/2273/90
f 872/2273/90 871/2274/90 867/2266/88
s 444
f 868/2268/5 865/2267/5 869/2275/5
f 869/2275/5 872/2276/5 868/2268/5
s 441
f 869/2270/589 870/2269/589 874/2277/590
f 874/2277/590 873/2278/590 869/2270/589
s 442
f 870/2272/2 871/2271/2 875/2279/2
f 875/2279/2 874/2280/2 870/2272/2
s 443
f 871/2274/90 872/2273/90 876/2281/92
f 876/2281/92 875/2282/92 871/2274/90
s 444
f 872/2276/5 869/2275/5 873/2283/5
f 873/2283/5 876/2284/5 872/2276/5
s 441
f 873/2278/590 874/2277/590 878/2285/591
f 878/2285/591 877/2286/591 873/2278/590
s 442
f 874/2280/2 875/2279/2 879/2287/2
f 879/2287/2 878/2288/2 874/2280/2
s 443
f 875/2282/92 876/2281/92 880/2289/94
f 880/2289/94 879/2290/94 875/2282/92
s 444
f 876/2284/5 873/2283/5 877/2291/5
f 877/2291/5 880/2292/5 876/2284/5
s 441
f 877/2286/591 878/2285/591 882/2293/592
f 882/2293/592 881/2294/592 877/2286/591
s 442
f 878/2288/2 879/2287/2 883/2295/2
f 883/2295/2 882/2296/2 878/2288/2
s 443
f 879/2290/94 880/2289/94 884/2297/96
f 884/2297/96 883/2298/96 879/2290/94
s 444
f 880/2292/5 877/2291/5 881/2299/5
f 881/2299/5 884/2300/5 880/2292/5
s 441
f 881/2294/592 882/2293/592 886/2301/593
f 886/2301/593 885/2302/593 881/2294/592
s 442
f 882/2296/2 883/2295/2 887/2303/2
f 887/2303/2 886/2304/2 882/2296/2
s 443
f 883/2298/96 884/2297/96 888/2305/99
f 888/2305/99 887/2306/99 883/2298/96
s 444
f 884/2300/5 881/2299/5 885/2307/5
f 885/2307/5 888/2308/5 884/2300/5
s 441
f 885/2302/593 886/2301/593 890/2309/594
f 890/2309/594 889/2310/595 885/2302/593
s 442
f 886/2304/2 887/2303/2 891/2311/2
f 891/2311/2 890/2312/2 886/2304/2
s 443
f 887/2306/99 888/2305/99 892/2313/101
f 892/2313/101 891/2314/101 887/2306/99
s 444
f 888/2308/5 885/2307/5 889/2315/5
f 889/2315/5 892/2316/5 888/2308/5
s 441
f 889/2310/595 890/2309/594 894/2317/596
f 894/2317/596 893/2318/596 889/2310/595
s 442
f 890/2312/2 891/2311/2 895/2319/2
f 895/2319/2 894/2320/2 890/2312/2
s 443
f 891/2314/101 892/2313/101 896/2321/103
f 896/2321/103 895/2322/103 891/2314/101
s 444
f 892/2316/5 889/2315/5 893/2323/5
f 893/2323/5 896/2324/5 892/2316/5
s 441
f 893/2318/596 894/2317/596 898/2325/597
f 898/2325/597 897/2326/597 893/2318/596
s 442
f 894/2320/2 895/2319/2 899/2327/2
f 899/2327/2 898/2328/2 894/2320/2
s 443
f 895/2322/103 896/2321/103 900/2329/105
f 900/2329/105 899/2330/105 895/2322/103
s 444
f 896/2324/5 893/2323/5 897/2331/5
f 897/2331/5 900/2332/5 896/2324/5
s 441
f 897/2326/597 898/2325/597 902/2333/598
f 902/2333/598 901/2334/598 897/2326/597
s 442
f 898/2328/2 899/2327/2 903/2335/2
f 903/2335/2 902/2336/2 898/2328/2
s 443
f 899/2330/105 900/2329/105 904/2337/107
f 904/2337/107 903/2338/107 899/2330/105
s 444
f 900/2332/5 897/2331/5 901/2339/5
f 901/2339/5 904/2340/5 900/2332/5
s 441
f 901/2334/598 902/2333/598 906/2341/599
f 906/2341/599 905/2342/599 901/2334/598
s 442
f 902/2336/2 903/2335/2 907/2343/2
f 907/2343/2 906/2344/2 902/2336/2
s 443
f 903/2338/107 904/2337/107 908/2345/600
f 908/2345/600 907/2346/109 903/2338/107
s 444
f 904/2340/5 901/2339/5 905/2347/5
f 905/2347/5 908/2348/5 904/2340/5
s 441
f 905/2342/599 906/2341/599 910/2349/601
f 910/2349/601 909/2350/601 905/2342/599
s 442
f 906/2344/2 907/2343/2 911/2351/2
f 911/2351/2 910/2352/2 906/2344/2
s 443
f 907/2346/109 908/2345/600 912/2353/111
f 912/2353/111 911/2354/111 907/2346/109
s 444
f 908/2348/5 905/2347/5 909/2355/5
f 909/2355/5 912/2356/5 908/2348/5
s 441
f 909/2350/601 910/2349/601 914/2357/602
f 914/2357/602 913/2358/602 909/2350/601
s 442
f 910/2352/2 911/2351/2 915/2359/2
f 915/2359/2 914/2360/2 910/2352/2
s 443
f 911/2354/111 912/2353/111 916/2361/113
f 916/2361/113 915/2362/113 911/2354/111
s 444
f 912/2356/5 909/2355/5 913/2363/5
f 913/2363/5 916/2364/5 912/2356/5
s 441
f 913/2358/602 914/2357/602 918/2365/603
f 918/2365/603 917/2366/603 913/2358/602
s 442
f 914/2360/2 915/2359/2 919/2367/2
f 919/2367/2 918/2368/2 914/2360/2
s 443
f 915/2362/113 916/2361/113 920/2369/115
f 920/2369/115 919/2370/115 915/2362/113
s 444
f 916/2364/5 913/2363/5 917/2371/5
f 917/2371/5 920/2372/5 916/2364/5
s 441
f 917/2366/603 918/2365/603 922/2373/604
f 922/2373/604 921/2374/604 917/2366/603
s 442
f 918/2368/2 919/2367/2 923/2375/2
f 923/2375/2 922/2376/2 918/2368/2
s 443
f 919/2370/115 920/2369/115 924/2377/117
f 924/2377/117 923/2378/117 919/2370/115
s 444
f 920/2372/5 917/2371/5 921/2379/5
f 921/2379/5 924/2380/5 920/2372/5
s 441
f 921/2374/604 922/2373/604 926/2381/605
f 926/2381/605 925/2382/605 921/2374/604
s 442
f 922/2376/2 923/2375/2 927/2383/2
f 927/2383/2 926/2384/2 922/2376/2
s 443
f 923/2378/117 924/2377/117 928/2385/119
f 928/2385/119 927/2386/119 923/2378/117
s 444
f 924/2380/5 921/2379/5 925/2387/5
f 925/2387/5 928/2388/5 924/2380/5
s 441
f 925/2382/605 926/2381/605 930/2389/606
f 930/2389/606 929/2390/606 925/2382/605
s 442
f 926/2384/2 927/2383/2 931/2391/2
f 931/2391/2 930/2392/2 926/2384/2
s 443
f 927/2386/119 928/2385/119 932/2393/121
f 932/2393/121 931/2394/121 927/2386/119
s 444
f 928/2388/5 925/2387/5 929/2395/5
f 929/2395/5 932/2396/5 928/2388/5
s 441
f 929/2390/606 930/2389/606 934/2397/607
f 934/2397/607 933/2398/607 929/2390/606
s 442
f 930/2392/2 931/2391/2 935/2399/2
f 935/2399/2 934/2400/2 930/2392/2
s 443
f 931/2394/121 932/2393/121 936/2401/123
f 936/2401/123 935/2402/123 931/2394/121
s 444
f 932/2396/5 929/2395/5 933/2403/5
f 933/2403/5 936/2404/5 932/2396/5
s 441
f 933/2398/607 934/2397/607 938/2405/608
f 938/2405/608 937/2406/608 933/2398/607
s 442
f 934/2400/2 935/2399/2 939/2407/2
f 939/2407/2 938/2408/2 934/2400/2
s 443
f 935/2402/123 936/2401/123 940/2409/126
f 940/2409/126 939/2410/126 935/2402/123
s 444
f 936/2404/5 933/2403/5 937/2411/5
f 937/2411/5 940/2412/5 936/2404/5
s 441
f 937/2406/608 938/2405/608 942/2413/609
f 942/2413/609 941/2414/609 937/2406/608
s 442
f 938/2408/2 939/2407/2 943/2415/2
f 943/2415/2 942/2416/2 938/2408/2
s 443
f 939/2410/126 940/2409/126 944/2417/128
f 944/2417/128 943/2418/128 939/2410/126
s 444
f 940/2412/5 937/2411/5 941/2419/5
f 941/2419/5 944/2420/5 940/2412/5
s 441
f 941/2414/609 942/2413/609 946/2421/610
f 946/2421/610 945/2422/610 941/2414/609
s 442
f 942/2416/2 943/2415/2 947/2423/2
f 947/2423/2 946/2424/2 942/2416/2
s 443
f 943/2418/128 944/2417/128 948/2425/130
f 948/2425/130 947/2426/130 943/2418/128
s 444
f 944/2420/5 941/2419/5 945/2427/5
f 945/2427/5 948/2428/5 944/2420/5
s 441
f 945/2422/610 946/2421/610 950/2429/611
f 950/2429/611 949/2430/611 945/2422/610
s 442
f 946/2424/2 947/2423/2 951/2431/2
f 951/2431/2 950/2432/2 946/2424/2
s 443
f 947/2426/130 948/2425/130 952/2433/132
f 952/2433/132 951/2434/132 947/2426/130
s 444
f 948/2428/5 945/2427/5 949/2435/5
f 949/2435/5 952/2436/5 948/2428/5
s 441
f 949/2430/611 950/2429/611 954/2437/612
f 954/2437/612 953/2438/612 949/2430/611
s 442
f 950/2432/2 951/2431/2 955/2439/2
f 955/2439/2 954/2440/2 950/2432/2
s 443
f 951/2434/132 952/2433/132 956/2441/134
f 956/2441/134 955/2442/134 951/2434/132
s 444
f 952/2436/5 949/2435/5 953/2443/5
f 953/2443/5 956/2444/5 952/2436/5
s 441
f 953/2438/612 954/2437/612 958/2445/613
f 958/2445/613 957/2446/613 953/2438/612
s 442
f 954/2440/2 955/2439/2 959/2447/2
f 959/2447/2 958/2448/2 954/2440/2
s 443
f 955/2442/134 956/2441/134 960/2449/137
f 960/2449/137 959/2450/137 955/2442/134
s 444
f 956/2444/5 953/2443/5 957/2451/5
f 957/2451/5 960/2452/5 956/2444/5
s 441
f 957/2446/613 958/2445/613 962/2453/614
f 962/2453/614 961/2454/614 957/2446/613
s 442
f 958/2448/2 959/2447/2 963/2455/2
f 963/2455/2 962/2456/2 958/2448/2
s 443
f 959/2450/137 960/2449/137 964/2457/139
f 964/2457/139 963/2458/139 959/2450/137
s 444
f 960/2452/5 957/2451/5 961/2459/5
f 961/2459/5 964/2460/5 960/2452/5
s 441
f 961/2461/614 962/2462/614 966/2463/615
f 966/2463/615 965/2464/615 961/2461/614
s 442
f 962/2456/2 963/2455/2 967/2465/2
f 967/2465/2 966/2466/2 962/2456/2
s 443
f 963/2467/139 964/2468/139 968/2469/141
f 968/2469/141 967/2470/141 963/2467/139
s 444
f 964/2460/5 961/2459/5 965/2471/5
f 965/2471/5 968/2472/5 964/2460/5
s 441
f 965/2464/615 966/2463/615 970/2473/616
f 970/2473/616 969/2474/616 965/2464/615
s 442
f 966/2466/2 967/2465/2 971/2475/2
f 971/2475/2 970/2476/2 966/2466/2
s 443
f 967/2470/141 968/2469/141 972/2477/617
f 972/2477/617 971/2478/143 967/2470/141
s 444
f 968/2472/5 965/2471/5 969/2479/5
f 969/2479/5 972/2480/5 968/2472/5
s 441
f 969/2474/616 970/2473/616 974/2481/618
f 974/2481/618 973/2482/618 969/2474/616
s 442
f 970/2476/2 971/2475/2 975/2483/2
f 975/2483/2 974/2484/2 970/2476/2
s 443
f 971/2478/143 972/2477/617 976/2485/145
f 976/2485/145 975/2486/145 971/2478/143
s 444
f 972/2480/5 969/2479/5 973/2487/5
f 973/2487/5 976/2488/5 972/2480/5
s 441
f 973/2482/618 974/2481/618 978/2489/619
f 978/2489/619 977/2490/619 973/2482/618
s 442
f 974/2484/2 975/2483/2 979/2491/2
f 979/2491/2 978/2492/2 974/2484/2
s 443
f 975/2486/145 976/2485/145 980/2493/148
f 980/2493/148 979/2494/148 975/2486/145
s 444
f 976/2488/5 973/2487/5 977/2495/5
f 977/2495/5 980/2496/5 976/2488/5
s 441
f 977/2490/619 978/2489/619 982/2497/620
f 982/2497/620 981/2498/620 977/2490/619
s 442
f 978/2492/2 979/2491/2 983/2499/2
f 983/2499/2 982/2500/2 978/2492/2
s 443
f 979/2494/148 980/2493/148 984/2501/150
f 984/2501/150 983/2502/150 979/2494/148
s 444
f 980/2496/5 977/2495/5 981/2503/5
f 981/2503/5 984/2504/5 980/2496/5
s 441
f 981/2498/620 982/2497/620 986/2505/621
f 986/2505/621 985/2506/621 981/2498/620
s 442
f 982/2500/2 983/2499/2 987/2507/2
f 987/2507/2 986/2508/2 982/2500/2
s 443
f 983/2502/150 984/2501/150 988/2509/152
f 988/2509/152 987/2510/152 983/2502/150
s 444
f 984/2504/5 981/2503/5 985/2511/5
f 985/2511/5 988/2512/5 984/2504/5
s 441
f 985/2506/621 986/2505/621 990/2513/622
f 990/2513/622 989/2514/622 985/2506/621
s 442
f 986/2508/2 987/2507/2 991/2515/2
f 991/2515/2 990/2516/2 986/2508/2
s 443
f 987/2510/152 988/2509/152 992/2517/154
f 992/2517/154 991/2518/154 987/2510/152
s 444
f 988/2512/5 985/2511/5 989/2519/5
f 989/2519/5 992/2520/5 988/2512/5
s 441
f 989/2514/622 990/2513/622 994/2521/623
f 994/2521/623 993/2522/623 989/2514/622
s 442
f 990/2516/2 991/2515/2 995/2523/2
f 995/2523/2 994/2524/2 990/2516/2
s 443
f 991/2518/154 992/2517/154 996/2525/156
f 996/2525/156 995/2526/156 991/2518/154
s 444
f 992/2520/5 989/2519/5 993/2527/5
f 993/2527/5 996/2528/5 992/2520/5
s 441
f 993/2522/623 994/2521/623 998/2529/624
f 998/2529/624 997/2530/624 993/2522/623
s 442
f 994/2524/2 995/2523/2 999/2531/2
f 999/2531/2 998/2532/2 994/2524/2
s 443
f 995/2526/156 996/2525/156 1000/2533/158
f 1000/2533/158 999/2534/158 995/2526/156
s 444
f 996/2528/5 993/2527/5 997/2535/5
f 997/2535/5 1000/2536/5 996/2528/5
s 441
f 997/2530/624 998/2529/624 1002/2537/625
f 1002/2537/625 1001/2538/625 997/2530/624
s 442
f 998/2532/2 999/2531/2 1003/2539/2
f 1003/2539/2 1002/2540/2 998/2532/2
s 443
f 999/2534/158 1000/2533/158 1004/2541/160
f 1004/2541/160 1003/2542/160 999/2534/158
s 444
f 1000/2536/5 997/2535/5 1001/2543/5
f 1001/2543/5 1004/2544/5 1000/2536/5
s 441
f 1001/2538/625 1002/2537/625 1006/2545/626
f 1006/2545/626 1005/2546/626 1001/2538/625
s 442
f 1002/2540/2 1003/2539/2 1007/2547/2
f 1007/2547/2 1006/2548/2 1002/2540/2
s 443
f 1003/2542/160 1004/2541/160 1008/2549/162
f 1008/2549/162 1007/2550/162 1003/2542/160
s 444
f 1004/2544/5 1001/2543/5 1005/2551/5
f 1005/2551/5 1008/2552/5 1004/2544/5
s 441
f 1005/2546/626 1006/2545/626 1010/2553/627
f 1010/2553/627 1009/2554/627 1005/2546/626
s 442
f 1006/2548/2 1007/2547/2 1011/2555/2
f 1011/2555/2 1010/2556/2 1006/2548/2
s 443
f 1007/2550/162 1008/2549/162 1012/2557/164
f 1012/2557/164 1011/2558/164 1007/2550/162
s 444
f 1008/2552/5 1005/2551/5 1009/2559/5
f 1009/2559/5 1012/2560/5 1008/2552/5
s 441
f 1009/2554/627 1010/2553/627 1014/2561/628
f 1014/2561/628 1013/2562/628 1009/2554/627
s 442
f 1010/2556/2 1011/2555/2 1015/2563/2
f 1015/2563/2 1014/2564/2 1010/2556/2
s 443
f 1011/2558/164 1012/2557/164 1016/2565/166
f 1016/2565/166 1015/2566/166 1011/2558/164
s 444
f 1012/2560/5 1009/2559/5 1013/2567/5
f 1013/2567/5 1016/2568/5 1012/2560/5
s 441
f 1013/2562/628 1014/2561/628 1018/2569/629
f 1018/2569/629 1017/2570/629 1013/2562/628
s 442
f 1014/2564/2 1015/2563/2 1019/2571/2
f 1019/2571/2 1018/2572/2 1014/2564/2
s 443
f 1015/2566/166 1016/2565/166 1020/2573/169
f 1020/2573/169 1019/2574/169 1015/2566/166
s 444
f 1016/2568/5 1013/2567/5 1017/2575/5
f 1017/2575/5 1020/2576/5 1016/2568/5
s 441
f 1017/2570/629 1018/2569/629 1022/2577/630
f 1022/2577/630 1021/2578/630 1017/2570/629
s 442
f 1018/2572/2 1019/2571/2 1023/2579/2
f 1023/2579/2 1022/2580/2 1018/2572/2
s 443
f 1019/2574/169 1020/2573/169 1024/2581/172
f 1024/2581/172 1023/2582/172 1019/2574/169
s 444
f 1020/2576/5 1017/2575/5 1021/2583/5
f 1021/2583/5 1024/2584/5 1020/2576/5
s 441
f 1021/2578/630 1022/2577/630 1026/2585/631
f 1026/2585/631 1025/2586/631 1021/2578/630
s 442
f 1022/2580/2 1023/2579/2 1027/2587/2
f 1027/2587/2 1026/2588/2 1022/2580/2
s 443
f 1023/2582/172 1024/2581/172 1028/2589/174
f 1028/2589/174 1027/2590/174 1023/2582/172
s 444
f 1024/2584/5 1021/2583/5 1025/2591/5
f 1025/2591/5 1028/2592/5 1024/2584/5
s 441
f 1025/2586/631 1026/2585/631 1030/2593/632
f 1030/2593/632 1029/2594/632 1025/2586/631
s 442
f 1026/2588/2 1027/2587/2 1031/2595/2
f 1031/2595/2 1030/2596/2 1026/2588/2
s 443
f 1027/2590/174 1028/2589/174 1032/2597/176
f 1032/2597/176 1031/2598/176 1027/2590/174
s 444
f 1028/2592/5 1025/2591/5 1029/2599/5
f 1029/2599/5 1032/2600/5 1028/2592/5
s 441
f 1029/2594/632 1030/2593/632 1034/2601/633
f 1034/2601/633 1033/2602/633 1029/2594/632
s 442
f 1030/2596/2 1031/2595/2 1035/2603/2
f 1035/2603/2 1034/2604/2 1030/2596/2
s 443
f 1031/2598/176 1032/2597/176 1036/2605/178
f 1036/2605/178 1035/2606/178 1031/2598/176
s 444
f 1032/2600/5 1029/2599/5 1033/2607/5
f 1033/2607/5 1036/2608/5 1032/2600/5
s 441
f 1033/2602/633 1034/2601/633 1038/2609/634
f 1038/2609/634 1037/2610/634 1033/2602/633
s 442
f 1034/2604/2 1035/2603/2 1039/2611/2
f 1039/2611/2 1038/2612/2 1034/2604/2
s 443
f 1035/2606/178 1036/2605/178 1040/2613/181
f 1040/2613/181 1039/2614/181 1035/2606/178
s 444
f 1036/2608/5 1033/2607/5 1037/2615/5
f 1037/2615/5 1040/2616/5 1036/2608/5
s 441
f 1037/2610/634 1038/2609/634 1042/2617/635
f 1042/2617/635 1041/2618/635 1037/2610/634
s 442
f 1038/2612/2 1039/2611/2 1043/2619/2
f 1043/2619/2 1042/2620/2 1038/2612/2
s 443
f 1039/2614/181 1040/2613/181 1044/2621/184
f 1044/2621/184 1043/2622/184 1039/2614/181
s 444
f 1040/2616/5 1037/2615/5 1041/2623/5
f 1041/2623/5 1044/2624/5 1040/2616/5
s 441
f 1041/2618/635 1042/2617/635 1046/2625/636
f 1046/2625/636 1045/2626/636 1041/2618/635
s 442
f 1042/2620/2 1043/2619/2 1047/2627/2
f 1047/2627/2 1046/2628/2 1042/2620/2
s 443
f 1043/2622/184 1044/2621/184 1048/2629/186
f 1048/2629/186 1047/2630/186 1043/2622/184
s 444
f 1044/2624/5 1041/2623/5 1045/2631/5
f 1045/2631/5 1048/2632/5 1044/2624/5
s 441
f 1045/2626/636 1046/2625/636 1050/2633/187
f 1050/2633/187 1049/2634/187 1045/2626/636
s 442
f 1046/2628/2 1047/2627/2 1051/2635/2
f 1051/2635/2 1050/2636/2 1046/2628/2
s 443
f 1047/2630/186 1048/2629/186 1052/2637/189
f 1052/2637/189 1051/2638/189 1047/2630/186
s 444
f 1048/2632/5 1045/2631/5 1049/2639/5
f 1049/2639/5 1052/2640/5 1048/2632/5
s 445
f 703/2641/190 702/2642/190 701/2643/190
f 701/2643/190 704/2644/190 703/2641/190
s 446
f 1049/2645/190 1050/2646/190 1051/2647/190
f 1051/2647/190 1052/2648/190 1049/2645/190
