# Blender 5.0.1
# www.blender.org
mtllib carro_cuerpo.mtl
o Cuerpo
v 0.736403 0.915724 -0.706231
v -1.036403 0.915724 -0.706230
v 0.700000 -0.400000 -0.689639
v -1.563597 0.419344 -0.802883
v -2.300000 0.276936 -0.860000
v 1.263597 0.419344 -0.802883
v 0.700000 0.368938 -0.871823
v -1.000000 0.385069 -0.860000
v 0.700000 -0.013581 -0.968001
v -1.600000 -0.013581 -0.968001
v -2.240000 -0.130439 -0.968001
v 1.300000 0.006790 -0.968001
v -1.000000 0.237375 -0.968001
v 0.700000 0.237375 -0.968001
v -1.600000 0.237375 -0.968001
v -2.300000 0.128313 -0.968001
v 1.300000 0.237375 -0.968001
v 0.700000 -0.400000 -0.968001
v -1.600000 -0.400000 -0.968001
v 1.300000 -0.400000 -0.968001
v 0.020000 0.900922 -0.759556
v 0.020000 0.434147 -0.850444
v -0.030000 -0.400000 -0.968001
v 1.690000 0.385070 -0.860000
v 1.690000 0.237375 -0.968001
v 2.299907 -0.400000 -0.968001
v -2.034101 -0.400000 -0.968001
v -1.950000 0.346289 -0.860000
v -1.950000 -0.052361 -0.968001
v -1.950000 0.198942 -0.968001
v -1.950000 -0.400000 -0.968001
v 2.400000 0.128312 -0.968001
v 2.400000 -0.067945 -0.968001
v 2.400000 0.276936 -0.860000
v 2.400000 -0.299907 -0.968001
v 0.679896 0.900922 -0.759556
v 1.175646 0.434147 -0.850444
v -1.000000 0.950000 -0.750000
v -1.475646 0.434147 -0.850444
v -0.080000 0.900922 -0.759556
v 0.700000 0.950000 -0.750000
v -0.080000 0.434147 -0.850444
v 0.700000 0.434147 -0.850444
v 1.300000 0.385069 -0.860000
v -0.979896 0.900922 -0.759556
v -1.600000 0.385069 -0.860000
v -1.000000 0.434147 -0.850444
v -0.030000 0.950000 -0.750000
v -0.020001 0.368938 -0.871823
v 0.679896 0.893162 -0.719707
v 0.700000 0.426388 -0.810595
v -0.979896 0.893163 -0.719707
v -1.000000 0.426388 -0.810595
v 0.708573 0.886167 -0.706231
v 1.235767 0.389787 -0.802883
v -1.008573 0.886167 -0.706230
v -1.535767 0.389787 -0.802883
v 0.020000 0.893162 -0.719707
v 0.020000 0.426388 -0.810595
v 1.175646 0.426388 -0.810595
v -1.475646 0.426388 -0.810595
v -0.080000 0.893162 -0.719707
v -0.080000 0.426388 -0.810595
v -0.984906 0.098099 -0.968001
v -1.047986 0.237375 -0.968001
v 1.016932 0.237375 -0.968001
v 0.700000 -0.266217 -0.968001
v -1.041947 0.368938 -0.871823
v 1.016932 -0.012877 -0.968001
v -0.823606 -0.013581 -0.968001
v -0.020001 -0.266217 -0.968001
v 0.959754 0.368938 -0.871823
v -0.863603 0.045198 -0.968001
v -1.021745 0.180441 -0.968001
v 1.006316 -0.163411 -0.968001
v 0.983731 -0.236544 -0.968001
v 0.948461 -0.261604 -0.968001
v 0.802021 -0.266217 -0.968001
v -0.595380 -0.266217 -0.968001
v -0.643229 -0.249885 -0.968001
v -0.674846 -0.204716 -0.968001
v -0.745662 -0.051776 -0.968001
v 1.007906 0.318798 -0.908574
v -0.040001 0.368938 -0.871823
v 0.700000 0.385069 -0.860000
v -0.020001 0.237375 -0.968001
v -0.020001 -0.013581 -0.968001
v -0.040001 -0.266217 -0.968001
v 0.969561 0.385069 -0.860000
v 0.700000 -0.286217 -0.968001
v 1.036932 -0.013581 -0.968001
v 1.026105 -0.167114 -0.968001
v 1.000841 -0.248922 -0.968001
v 0.955124 -0.281404 -0.968001
v 0.802336 -0.286217 -0.968001
v 1.036932 0.237375 -0.968001
v 1.027308 0.324938 -0.904074
v -1.063747 0.385069 -0.860000
v -1.000000 0.368938 -0.871823
v -0.030001 0.385069 -0.860000
v -0.040001 0.237375 -0.968001
v -0.040001 -0.013581 -0.968001
v -0.030001 -0.286217 -0.968001
v -0.810904 0.001868 -0.968001
v -0.874152 0.027979 -0.968001
v -1.000000 0.082862 -0.968001
v -1.028060 0.237375 -0.968001
v -1.041295 0.175164 -0.968001
v -0.598700 -0.286217 -0.968001
v -0.655869 -0.266703 -0.968001
v -0.692249 -0.214731 -0.968001
v -0.761892 -0.064324 -0.968001
v -0.030002 0.383880 -0.853914
v 0.699998 0.383880 -0.853914
v -1.063749 0.383880 -0.853914
v -1.000002 0.383880 -0.853914
v -0.030002 0.237375 -0.961914
v -0.030002 -0.014770 -0.961914
v -0.030002 -0.287406 -0.961914
v 0.969559 0.383880 -0.853914
v 0.699998 -0.287406 -0.961914
v -0.823609 -0.014770 -0.961914
v -0.874154 0.026790 -0.961914
v -1.000002 0.081673 -0.961914
v -1.047988 0.237375 -0.961914
v -1.041297 0.173975 -0.961914
v 1.036930 -0.014770 -0.961914
v 1.026103 -0.168303 -0.961914
v 1.000838 -0.250111 -0.961914
v 0.955122 -0.282593 -0.961914
v 0.802333 -0.287406 -0.961914
v 1.036930 0.237375 -0.961914
v -0.598702 -0.287406 -0.961914
v -0.655871 -0.267892 -0.961914
v -0.692252 -0.215920 -0.961914
v -0.761894 -0.065512 -0.961914
v 1.027305 0.323749 -0.897988
v -0.020002 0.367749 -0.865738
v 0.699998 0.367749 -0.865738
v -0.020002 0.237375 -0.961914
v -0.020002 -0.014770 -0.961914
v -0.020002 -0.267406 -0.961914
v 0.959752 0.367749 -0.865738
v 0.699998 -0.267406 -0.961914
v 1.016930 -0.014066 -0.961914
v 1.006314 -0.164600 -0.961914
v 0.983729 -0.237733 -0.961914
v 0.948459 -0.262793 -0.961914
v 0.802018 -0.267406 -0.961914
v 1.016930 0.237375 -0.962440
v 1.007904 0.317609 -0.902489
v -1.041949 0.367749 -0.865738
v -1.000002 0.367749 -0.865738
v -0.040002 0.367749 -0.865738
v -0.040002 0.237375 -0.961914
v -0.040002 -0.014770 -0.961914
v -0.040002 -0.267406 -0.961914
v -0.810907 0.000679 -0.961914
v -0.863605 0.044009 -0.961914
v -0.984909 0.096910 -0.961914
v -1.028062 0.237375 -0.961406
v -1.021747 0.179252 -0.961914
v -0.595383 -0.267406 -0.961914
v -0.643231 -0.251073 -0.961914
v -0.674849 -0.205905 -0.961914
v -0.745664 -0.052965 -0.961914
v 1.690000 0.323749 -0.904945
v 2.400000 0.208104 -0.910018
v 1.300000 0.323749 -0.904945
v -2.087050 -0.330680 -0.968001
v 2.369227 -0.330680 -0.968001
v -1.600000 -0.330680 -0.968001
v 0.700000 -0.330680 -0.968001
v -1.950000 -0.330680 -0.968001
v 1.285009 -0.330680 -0.968001
v -0.030000 -0.330680 -0.968001
v 1.832020 0.012876 -0.689639
v 1.952426 -0.067574 -0.689639
v 2.032876 -0.187976 -0.689639
v 1.547976 0.012876 -0.689639
v 1.427574 -0.067574 -0.689639
v -1.517968 -0.330000 -0.689639
v -1.489718 -0.187976 -0.689639
v -1.409268 -0.067574 -0.689639
v -1.288866 0.012876 -0.689639
v -1.146842 0.041127 -0.689639
v -1.004818 0.012876 -0.689639
v -0.803966 -0.187976 -0.689639
v 1.690000 0.041126 -0.968001
v 1.347124 0.237375 -0.968001
v 1.952426 -0.067574 -0.968001
v 1.547976 0.323749 -0.904945
v 1.547976 0.012876 -0.968001
v 1.300000 -0.400000 -0.689639
v -0.030000 -0.400000 -0.689639
v 1.347124 0.007946 -0.968001
v 1.427574 -0.067574 -0.968001
v -0.789639 -0.400000 -0.968001
v 1.832020 0.012876 -0.968001
v 1.347124 0.385069 -0.860000
v -1.004818 0.012876 -0.968001
v -0.775715 -0.330000 -0.968001
v -1.288866 0.012876 -0.968001
v -1.489718 -0.187976 -0.968001
v -1.409268 -0.067574 -0.968001
v 1.347124 -0.187976 -0.968001
v 1.347124 0.323749 -0.904945
v 1.347124 -0.187976 -0.689639
v 1.427574 0.237375 -0.968001
v 1.427574 0.385069 -0.860000
v 1.427574 0.009921 -0.968001
v 1.427574 0.323749 -0.904945
v 1.547976 0.237375 -0.968001
v 1.547976 0.385069 -0.860000
v 1.832020 0.372711 -0.860000
v 1.832019 0.303479 -0.910586
v 1.832020 0.224853 -0.968001
v 1.952426 0.360815 -0.860000
v 1.952426 0.284479 -0.915873
v 1.952426 0.213216 -0.968001
v 2.400000 -0.187976 -0.968001
v 1.291509 -0.184362 -0.968001
v 1.318873 -0.330000 -0.689639
v 2.047203 -0.400000 -0.968001
v -1.146842 0.041127 -0.968001
v 2.061126 -0.330000 -0.968001
v 1.332797 -0.400000 -0.968001
v -0.789639 -0.400000 -0.689639
v -0.775715 -0.330000 -0.689639
v -0.803966 -0.187976 -0.968001
v 1.332797 -0.400000 -0.689639
v 1.318873 -0.330000 -0.968001
v 2.047203 -0.400000 -0.689639
v -1.504044 -0.400000 -0.689639
v 2.032876 -0.187976 -0.968001
v 2.061126 -0.330000 -0.689639
v -1.504044 -0.400000 -0.968001
v -1.517968 -0.330000 -0.968001
v -0.884416 -0.067574 -0.968001
v -0.884416 -0.067574 -0.689639
v 1.690000 0.041126 -0.689639
v 1.928634 -0.091367 -0.689639
v 1.928634 -0.091367 -0.968001
v 1.819144 -0.018211 -0.689639
v 1.819144 -0.018211 -0.968001
v 1.560852 -0.018211 -0.689639
v 1.560852 -0.018211 -0.968001
v 2.027478 -0.330000 -0.689639
v 2.027478 -0.330000 -0.968001
v 2.001790 -0.200853 -0.689639
v 2.001790 -0.200853 -0.968001
v 1.451367 -0.091367 -0.689639
v 1.451367 -0.091367 -0.968001
v 1.352521 -0.330000 -0.689639
v 1.352521 -0.330000 -0.968001
v 1.378211 -0.200853 -0.689639
v 1.378211 -0.200853 -0.968001
v 1.690000 0.007478 -0.689639
v 1.365799 -0.393436 -0.968001
v 1.365799 -0.393436 -0.689639
v 1.690000 0.007478 -0.968001
v 2.014201 -0.393436 -0.968001
v 2.014201 -0.393436 -0.689639
v -1.484320 -0.330000 -0.968001
v -1.458631 -0.200852 -0.968001
v -1.484320 -0.330000 -0.689639
v -1.017694 -0.018210 -0.968001
v -0.908209 -0.091367 -0.968001
v -1.146842 0.007479 -0.689639
v -1.017694 -0.018210 -0.689639
v -1.275989 -0.018210 -0.689639
v -1.275989 -0.018210 -0.968001
v -1.146842 0.007479 -0.968001
v -0.822641 -0.393436 -0.689639
v -0.822641 -0.393436 -0.968001
v -1.385475 -0.091367 -0.689639
v -1.458631 -0.200852 -0.689639
v -0.809363 -0.330000 -0.968001
v -0.835052 -0.200852 -0.968001
v -1.385475 -0.091367 -0.968001
v -0.835052 -0.200852 -0.689639
v -0.809363 -0.330000 -0.689639
v -1.471043 -0.393435 -0.689639
v -0.908209 -0.091367 -0.689639
v -1.471043 -0.393435 -0.968001
v 2.371637 -0.048829 -0.831076
v 2.371637 0.181171 -0.831076
v 2.371637 0.181171 -0.390538
v 2.371637 -0.048829 -0.390538
v 2.362804 -0.048829 -0.831076
v 2.371637 -0.070000 -0.390538
v 2.371637 0.240000 -0.390538
v 2.362804 -0.048829 -0.390538
v 2.362804 0.181171 -0.831076
v 2.362804 0.181171 -0.390538
v 2.371637 0.181171 -0.676888
v 2.371637 -0.048829 -0.676888
v 2.362804 -0.048829 -0.676888
v 2.362804 0.181171 -0.676888
v 2.406799 0.181171 -0.831076
v 2.406799 -0.048829 -0.831076
v 2.406799 -0.048829 -0.676888
v 2.406799 -0.048829 -0.390538
v 2.406799 0.181171 -0.676888
v 2.406799 0.181171 -0.390538
v 2.415632 0.240000 -0.390538
v 2.415632 -0.070000 -0.390538
v 2.371637 0.205555 -0.390538
v 2.371637 0.171111 -0.390538
v 2.371637 0.136666 -0.390538
v 2.371637 0.102222 -0.390538
v 2.371637 0.067778 -0.390538
v 2.371637 0.033333 -0.390538
v 2.371637 -0.001111 -0.390538
v 2.371637 -0.035556 -0.390538
v 2.371637 0.155616 -0.390538
v 2.371637 0.130060 -0.390538
v 2.371637 0.104504 -0.390538
v 2.371637 0.078949 -0.390538
v 2.371637 0.053393 -0.390538
v 2.371637 0.027838 -0.390538
v 2.371637 0.002282 -0.390538
v 2.371637 -0.023273 -0.390538
v 2.415632 0.205555 -0.390538
v 2.415632 0.171111 -0.390538
v 2.415632 0.136666 -0.390538
v 2.415632 0.102222 -0.390538
v 2.415632 0.067778 -0.390538
v 2.415632 0.033333 -0.390538
v 2.415632 -0.001111 -0.390538
v 2.415632 -0.035556 -0.390538
v 2.371637 0.240000 -0.377411
v 2.415632 -0.070000 -0.377411
v 2.371637 -0.070000 -0.377411
v 2.415632 0.240000 -0.377411
v 2.415632 0.171111 -0.377411
v 2.415632 0.102222 -0.377411
v 2.415632 0.033333 -0.377411
v 2.415632 -0.001111 -0.377411
v 2.415632 -0.035556 -0.377411
v 2.402999 0.171111 -0.377411
v 2.402999 0.102222 -0.377411
v 2.402999 0.033333 -0.377411
v 2.402999 -0.001111 -0.377411
v 2.402999 -0.035556 -0.377411
v -2.209395 -0.030000 -0.400000
v -2.239395 0.160000 -0.400000
v -2.299445 -0.019810 -0.411009
v -2.326011 0.148442 -0.411009
v -2.209395 -0.030000 -0.800000
v -2.239395 0.160000 -0.800000
v -2.299445 -0.019810 -0.788991
v -2.326011 0.148442 -0.788991
v -2.224395 0.065000 -0.400000
v -2.314445 0.075190 -0.411009
v -2.314445 0.075190 -0.788991
v -2.224395 0.065000 -0.800000
v -2.299445 -0.019810 -0.616402
v -2.322304 0.153086 -0.605393
v -2.209395 -0.030000 -0.605393
v -2.239395 0.160000 -0.605393
v -2.309487 0.071915 -0.605393
v -2.323395 0.160000 -0.605393
v -2.323395 0.160000 -0.800000
v -2.323395 0.160000 -0.400000
v -2.311011 0.053442 -0.411009
v -2.311011 0.053442 -0.788991
v -2.311011 0.053442 -0.616402
v -2.308395 0.065000 -0.800000
v -2.293395 -0.030000 -0.800000
v -2.311011 0.053442 -0.594384
v -2.299445 -0.019810 -0.594384
v -2.308395 0.065000 -0.400000
v -2.293395 -0.030000 -0.400000
v -2.293395 -0.030000 -0.605393
v -2.308395 0.065000 -0.605393
v -2.326011 0.148442 -0.605393
v -2.322304 0.153086 -0.793000
v -2.322304 0.153086 -0.407000
v -2.309487 0.071915 -0.407000
v -2.309487 0.071915 -0.793000
v -2.314445 0.075190 -0.605393
v -2.307303 0.058086 -0.793000
v -2.294487 -0.023085 -0.793000
v -2.307303 0.058086 -0.612393
v -2.294487 -0.023085 -0.612393
v -2.307303 0.058086 -0.407000
v -2.294487 -0.023085 -0.407000
v -2.294487 -0.023085 -0.598393
v -2.307303 0.058086 -0.598393
v -2.379892 -0.156972 0.991847
v -2.302737 -0.270000 0.991847
v -2.007171 -0.245618 0.991847
v -2.009544 -0.262859 -0.991847
v -2.039094 -0.137079 0.991847
v -2.088649 -0.100000 -0.991847
v -2.039094 -0.137079 -0.991847
v -2.005235 -0.359768 -0.390000
v -2.005604 -0.357361 -0.402511
v -2.006648 -0.350558 -0.413039
v -2.008193 -0.340489 -0.419995
v -2.010000 -0.328711 -0.422418
v -2.011808 -0.316932 -0.419995
v -2.013353 -0.306864 -0.413039
v -2.014397 -0.300061 -0.402511
v -2.014766 -0.297654 -0.390000
v -2.014397 -0.300061 -0.377489
v -2.013353 -0.306864 -0.366961
v -2.011808 -0.316932 -0.360004
v -2.010000 -0.328711 -0.357582
v -2.008193 -0.340489 -0.360004
v -2.006648 -0.350558 -0.366961
v -2.005604 -0.357361 -0.377489
v -2.301950 -0.356283 -0.402588
v -2.306712 -0.339974 -0.420022
v -2.313288 -0.317448 -0.420022
v -2.316120 -0.307750 -0.413123
v -2.318050 -0.301139 -0.402588
v -2.318737 -0.298787 -0.390000
v -2.316120 -0.307750 -0.366877
v -2.310000 -0.328711 -0.357592
v -2.301263 -0.358635 -0.390000
v -2.303880 -0.349672 -0.413123
v -2.310000 -0.328711 -0.422408
v -2.318050 -0.301139 -0.377412
v -2.313288 -0.317448 -0.359978
v -2.306712 -0.339974 -0.359978
v -2.303880 -0.349672 -0.366877
v -2.301950 -0.356283 -0.377412
v -2.003661 -0.370022 -0.390000
v -2.004144 -0.366877 -0.406347
v -2.005518 -0.357922 -0.420205
v -2.007574 -0.344520 -0.429465
v -2.010000 -0.328711 -0.432716
v -2.012426 -0.312902 -0.429465
v -2.014483 -0.299500 -0.420205
v -2.318283 -0.300342 -0.420205
v -2.314483 -0.313358 -0.429465
v -2.015857 -0.290545 -0.406347
v -2.320822 -0.291645 -0.406347
v -2.016340 -0.287400 -0.390000
v -2.321713 -0.288591 -0.390000
v -2.015857 -0.290545 -0.373653
v -2.014483 -0.299500 -0.359795
v -2.012426 -0.312902 -0.350535
v -2.010000 -0.328711 -0.347283
v -2.007574 -0.344520 -0.350535
v -2.005518 -0.357922 -0.359795
v -2.004144 -0.366877 -0.373653
v -2.301717 -0.357080 -0.359795
v -2.305517 -0.344064 -0.350535
v -2.299178 -0.365777 -0.373653
v -2.298287 -0.368831 -0.390000
v -2.299178 -0.365777 -0.406347
v -2.301717 -0.357080 -0.420205
v -2.305517 -0.344064 -0.429465
v -2.310000 -0.328711 -0.432716
v -2.320822 -0.291645 -0.373653
v -2.318283 -0.300342 -0.359795
v -2.314483 -0.313358 -0.350535
v -2.310000 -0.328711 -0.347283
v -2.160000 -0.328711 -0.422413
v -2.157452 -0.340232 -0.420009
v -2.155264 -0.350115 -0.413081
v -2.153777 -0.356822 -0.402550
v -2.153249 -0.359201 -0.390000
v -2.153777 -0.356822 -0.377450
v -2.155264 -0.350115 -0.366919
v -2.157452 -0.340232 -0.359991
v -2.160000 -0.328711 -0.357587
v -2.162548 -0.317190 -0.359991
v -2.164736 -0.307307 -0.366919
v -2.166223 -0.300600 -0.377450
v -2.166751 -0.298221 -0.390000
v -2.166223 -0.300600 -0.402550
v -2.164736 -0.307307 -0.413081
v -2.162548 -0.317190 -0.420009
v -2.160000 -0.328711 -0.390000
v 0.736403 0.915724 0.706230
v -1.036403 0.915724 0.706231
v 0.700000 -0.400000 0.689639
v -1.563597 0.419344 0.802883
v -2.300000 0.276936 0.860000
v 1.263597 0.419344 0.802883
v 0.700000 0.368938 0.871823
v -1.000000 0.385069 0.860000
v 0.700000 -0.013581 0.968001
v -1.600000 -0.013581 0.968001
v -2.240000 -0.130439 0.968001
v 1.300000 0.006790 0.968001
v -1.000000 0.237375 0.968001
v 0.700000 0.237375 0.968001
v -1.600000 0.237375 0.968001
v -2.300000 0.128313 0.968001
v 1.300000 0.237375 0.968001
v 0.700000 -0.400000 0.968001
v -1.600000 -0.400000 0.968001
v 1.300000 -0.400000 0.968001
v 0.020000 0.900922 0.759556
v 0.020000 0.434147 0.850444
v -0.030000 -0.400000 0.968001
v 1.690000 0.385070 0.860000
v 1.690000 0.237375 0.968001
v 2.299907 -0.400000 0.968001
v -2.034101 -0.400000 0.968001
v -1.950000 0.346289 0.860000
v -1.950000 -0.052361 0.968001
v -1.950000 0.198942 0.968001
v -1.950000 -0.400000 0.968001
v 2.400000 0.128312 0.968001
v 2.400000 -0.067945 0.968001
v 2.400000 0.276936 0.860000
v 2.400000 -0.299907 0.968001
v 0.679896 0.900922 0.759556
v 1.175647 0.434147 0.850444
v -1.000000 0.950000 0.750000
v -1.475646 0.434147 0.850444
v -0.080000 0.900922 0.759556
v 0.700000 0.950000 0.750000
v -0.080000 0.434147 0.850444
v 0.700000 0.434147 0.850444
v 1.300000 0.385069 0.860000
v -0.979896 0.900922 0.759556
v -1.600000 0.385069 0.860000
v -1.000000 0.434147 0.850444
v -0.030000 0.950000 0.750000
v -0.020001 0.368938 0.871823
v 0.679896 0.893162 0.719707
v 0.700000 0.426388 0.810595
v -0.979896 0.893163 0.719707
v -1.000000 0.426388 0.810595
v 0.708573 0.886167 0.706230
v 1.235767 0.389787 0.802883
v -1.008573 0.886167 0.706231
v -1.535767 0.389787 0.802883
v 0.020000 0.893162 0.719707
v 0.020000 0.426388 0.810595
v 1.175647 0.426388 0.810595
v -1.475646 0.426388 0.810595
v -0.080000 0.893162 0.719707
v -0.080000 0.426388 0.810595
v -0.984906 0.098099 0.968001
v -1.047986 0.237375 0.968001
v 1.016932 0.237375 0.968001
v 0.700000 -0.266217 0.968001
v -1.041947 0.368938 0.871823
v 1.016932 -0.012877 0.968001
v -0.823606 -0.013581 0.968001
v -0.020001 -0.266217 0.968001
v 0.959755 0.368938 0.871823
v -0.863603 0.045198 0.968001
v -1.021745 0.180441 0.968001
v 1.006316 -0.163411 0.968001
v 0.983731 -0.236544 0.968001
v 0.948461 -0.261604 0.968001
v 0.802021 -0.266217 0.968001
v -0.595380 -0.266217 0.968001
v -0.643229 -0.249885 0.968001
v -0.674846 -0.204716 0.968001
v -0.745662 -0.051776 0.968001
v 1.007906 0.318798 0.908574
v -0.040001 0.368938 0.871823
v 0.700000 0.385069 0.860000
v -0.020001 0.237375 0.968001
v -0.020001 -0.013581 0.968001
v -0.040001 -0.266217 0.968001
v 0.969561 0.385069 0.860000
v 0.700000 -0.286217 0.968001
v 1.036932 -0.013581 0.968001
v 1.026105 -0.167114 0.968001
v 1.000841 -0.248922 0.968001
v 0.955124 -0.281404 0.968001
v 0.802336 -0.286217 0.968001
v 1.036932 0.237375 0.968001
v 1.027308 0.324938 0.904074
v -1.063747 0.385069 0.860000
v -1.000000 0.368938 0.871823
v -0.030001 0.385069 0.860000
v -0.040001 0.237375 0.968001
v -0.040001 -0.013581 0.968001
v -0.030001 -0.286217 0.968001
v -0.810904 0.001868 0.968001
v -0.874152 0.027979 0.968001
v -1.000000 0.082862 0.968001
v -1.028060 0.237375 0.968001
v -1.041295 0.175164 0.968001
v -0.598700 -0.286217 0.968001
v -0.655869 -0.266703 0.968001
v -0.692249 -0.214731 0.968001
v -0.761892 -0.064324 0.968001
v -0.030002 0.383880 0.853914
v 0.699998 0.383880 0.853914
v -1.063749 0.383880 0.853914
v -1.000002 0.383880 0.853914
v -0.030002 0.237375 0.961914
v -0.030002 -0.014770 0.961914
v -0.030002 -0.287406 0.961914
v 0.969559 0.383880 0.853914
v 0.699998 -0.287406 0.961914
v -0.823609 -0.014770 0.961914
v -0.874154 0.026790 0.961914
v -1.000002 0.081673 0.961914
v -1.047988 0.237375 0.961914
v -1.041297 0.173975 0.961914
v 1.036930 -0.014770 0.961914
v 1.026103 -0.168303 0.961914
v 1.000838 -0.250111 0.961914
v 0.955122 -0.282593 0.961914
v 0.802333 -0.287406 0.961914
v 1.036930 0.237375 0.961914
v -0.598702 -0.287406 0.961914
v -0.655871 -0.267892 0.961914
v -0.692252 -0.215920 0.961914
v -0.761894 -0.065512 0.961914
v 1.027305 0.323749 0.897988
v -0.020002 0.367749 0.865738
v 0.699998 0.367749 0.865738
v -0.020002 0.237375 0.961914
v -0.020002 -0.014770 0.961914
v -0.020002 -0.267406 0.961914
v 0.959752 0.367749 0.865738
v 0.699998 -0.267406 0.961914
v 1.016930 -0.014066 0.961914
v 1.006314 -0.164600 0.961914
v 0.983729 -0.237733 0.961914
v 0.948459 -0.262793 0.961914
v 0.802018 -0.267406 0.961914
v 1.016930 0.237375 0.962439
v 1.007904 0.317609 0.902488
v -1.041949 0.367749 0.865738
v -1.000002 0.367749 0.865738
v -0.040002 0.367749 0.865738
v -0.040002 0.237375 0.961914
v -0.040002 -0.014770 0.961914
v -0.040002 -0.267406 0.961914
v -0.810907 0.000679 0.961914
v -0.863605 0.044009 0.961914
v -0.984909 0.096910 0.961914
v -1.028062 0.237375 0.961406
v -1.021747 0.179252 0.961914
v -0.595383 -0.267406 0.961914
v -0.643231 -0.251073 0.961914
v -0.674849 -0.205905 0.961914
v -0.745664 -0.052965 0.961914
v 1.690000 0.323749 0.904945
v 2.400000 0.208104 0.910018
v 1.300000 0.323749 0.904945
v -2.087050 -0.330680 0.968001
v 2.369227 -0.330680 0.968001
v -1.600000 -0.330680 0.968001
v 0.700000 -0.330680 0.968001
v -1.950000 -0.330680 0.968001
v 1.285010 -0.330680 0.968001
v -0.030000 -0.330680 0.968001
v 1.832020 0.012876 0.689639
v 1.952426 -0.067574 0.689639
v 2.032876 -0.187976 0.689639
v 1.547976 0.012876 0.689639
v 1.427574 -0.067574 0.689639
v -1.517968 -0.330000 0.689639
v -1.489718 -0.187976 0.689639
v -1.409268 -0.067574 0.689639
v -1.288866 0.012876 0.689639
v -1.146842 0.041127 0.689639
v -1.004818 0.012876 0.689639
v -0.803966 -0.187976 0.689639
v 1.690000 0.041126 0.968001
v 1.347124 0.237375 0.968001
v 1.952426 -0.067574 0.968001
v 1.547976 0.323749 0.904945
v 1.547976 0.012876 0.968001
v 1.300000 -0.400000 0.689639
v -0.030000 -0.400000 0.689639
v 1.347124 0.007946 0.968001
v 1.427574 -0.067574 0.968001
v -0.789639 -0.400000 0.968001
v 1.832020 0.012876 0.968001
v 1.347124 0.385069 0.860000
v -1.004818 0.012876 0.968001
v -0.775715 -0.330000 0.968001
v -1.288866 0.012876 0.968001
v -1.489718 -0.187976 0.968001
v -1.409268 -0.067574 0.968001
v 1.347124 -0.187976 0.968001
v 1.347124 0.323749 0.904945
v 1.347124 -0.187976 0.689639
v 1.427574 0.237375 0.968001
v 1.427574 0.385069 0.860000
v 1.427574 0.009921 0.968001
v 1.427574 0.323749 0.904945
v 1.547976 0.237375 0.968001
v 1.547976 0.385069 0.860000
v 1.832020 0.372711 0.860000
v 1.832020 0.303479 0.910586
v 1.832020 0.224853 0.968001
v 1.952426 0.360815 0.860000
v 1.952426 0.284479 0.915873
v 1.952426 0.213216 0.968001
v 2.400000 -0.187976 0.968001
v 1.291509 -0.184362 0.968001
v 1.318873 -0.330000 0.689639
v 2.047203 -0.400000 0.968001
v -1.146842 0.041127 0.968001
v 2.061126 -0.330000 0.968001
v 1.332797 -0.400000 0.968001
v -0.789639 -0.400000 0.689639
v -0.775715 -0.330000 0.689639
v -0.803966 -0.187976 0.968001
v 1.332797 -0.400000 0.689639
v 1.318874 -0.330000 0.968001
v 2.047203 -0.400000 0.689639
v -1.504044 -0.400000 0.689639
v 2.032876 -0.187976 0.968001
v 2.061126 -0.330000 0.689639
v -1.504044 -0.400000 0.968001
v -1.517968 -0.330000 0.968001
v -0.884416 -0.067574 0.968001
v -0.884416 -0.067574 0.689639
v 1.690000 0.041126 0.689639
v 1.928634 -0.091367 0.689639
v 1.928634 -0.091367 0.968001
v 1.819144 -0.018211 0.689639
v 1.819144 -0.018211 0.968001
v 1.560852 -0.018211 0.689639
v 1.560852 -0.018211 0.968001
v 2.027478 -0.330000 0.689639
v 2.027478 -0.330000 0.968001
v 2.001790 -0.200853 0.689639
v 2.001790 -0.200853 0.968001
v 1.451367 -0.091367 0.689639
v 1.451367 -0.091367 0.968001
v 1.352521 -0.330000 0.689639
v 1.352521 -0.330000 0.968001
v 1.378211 -0.200853 0.689639
v 1.378211 -0.200853 0.968001
v 1.690000 0.007478 0.689639
v 1.365799 -0.393436 0.968001
v 1.365799 -0.393436 0.689639
v 1.690000 0.007478 0.968001
v 2.014201 -0.393436 0.968001
v 2.014201 -0.393436 0.689639
v -1.484320 -0.330000 0.968001
v -1.458631 -0.200852 0.968001
v -1.484320 -0.330000 0.689639
v -1.017694 -0.018210 0.968001
v -0.908208 -0.091367 0.968001
v -1.146842 0.007479 0.689639
v -1.017694 -0.018210 0.689639
v -1.275989 -0.018210 0.689639
v -1.275989 -0.018210 0.968001
v -1.146842 0.007479 0.968001
v -0.822641 -0.393436 0.689639
v -0.822641 -0.393436 0.968001
v -1.385475 -0.091367 0.689639
v -1.458631 -0.200852 0.689639
v -0.809363 -0.330000 0.968001
v -0.835052 -0.200852 0.968001
v -1.385475 -0.091367 0.968001
v -0.835052 -0.200852 0.689639
v -0.809363 -0.330000 0.689639
v -1.471043 -0.393435 0.689639
v -0.908208 -0.091367 0.689639
v -1.471043 -0.393435 0.968001
v 2.371637 -0.048829 0.831076
v 2.371637 0.181171 0.831076
v 2.371637 0.181171 0.390538
v 2.371637 -0.048829 0.390538
v 2.371637 -0.070000 -0.000000
v 2.362804 -0.048829 0.831076
v 2.415632 0.240000 -0.000000
v 2.371637 -0.070000 0.390538
v 2.371637 0.240000 0.390538
v 2.362804 -0.048829 0.390538
v 2.371637 0.240000 -0.000000
v 2.362804 0.181171 0.831076
v 2.362804 0.181171 0.390538
v 2.371637 0.181171 0.676888
v 2.371637 -0.048829 0.676888
v 2.362804 -0.048829 0.676888
v 2.362804 0.181171 0.676888
v 2.406799 0.181171 0.831076
v 2.406799 -0.048829 0.831076
v 2.406799 -0.048829 0.676888
v 2.406799 -0.048829 0.390538
v 2.406799 0.181171 0.676888
v 2.406799 0.181171 0.390538
v 2.415632 0.240000 0.390538
v 2.415632 -0.070000 0.390538
v 2.415632 -0.070000 -0.000000
v 2.371637 0.205555 0.390538
v 2.371637 0.171111 0.390538
v 2.371637 0.136666 0.390538
v 2.371637 0.102222 0.390538
v 2.371637 0.067778 0.390538
v 2.371637 0.033333 0.390538
v 2.371637 -0.001111 0.390538
v 2.371637 -0.035556 0.390538
v 2.371637 0.155616 0.390538
v 2.371637 0.130060 0.390538
v 2.371637 0.104504 0.390538
v 2.371637 0.078949 0.390538
v 2.371637 0.053393 0.390538
v 2.371637 0.027838 0.390538
v 2.371637 0.002282 0.390538
v 2.371637 -0.023273 0.390538
v 2.415632 0.205555 0.390538
v 2.415632 0.171111 0.390538
v 2.415632 0.136666 0.390538
v 2.415632 0.102222 0.390538
v 2.415632 -0.035556 0.390538
v 2.415632 -0.035556 -0.000000
v 2.415632 -0.001111 -0.000000
v 2.415632 0.033333 -0.000000
v 2.415632 0.102222 -0.000000
v 2.415632 0.171111 -0.000000
v 2.371637 0.240000 0.377411
v 2.415632 -0.070000 0.377411
v 2.371637 -0.070000 0.377411
v 2.415632 0.240000 0.377411
v 2.415632 0.205555 0.377411
v 2.415632 0.171111 0.377411
v 2.415632 0.136666 0.377411
v 2.415632 0.102222 0.377411
v 2.415632 0.067778 0.377411
v 2.415632 0.033333 0.377411
v 2.415632 -0.001111 0.377411
v 2.415632 -0.035556 0.377411
v 2.402999 -0.035556 -0.000000
v 2.402999 -0.001111 -0.000000
v 2.402999 0.033333 -0.000000
v 2.402999 0.102222 -0.000000
v 2.402999 0.171111 -0.000000
v 2.402999 0.205555 0.377411
v 2.402999 0.171111 0.377411
v 2.402999 0.136666 0.377411
v 2.402999 0.102222 0.377411
v 2.402999 0.067778 0.377411
v 2.402999 0.033333 0.377411
v 2.402999 -0.001111 0.377411
v 2.402999 -0.035556 0.377411
v -2.209395 -0.030000 0.400000
v -2.239395 0.160000 0.400000
v -2.299445 -0.019810 0.411009
v -2.326011 0.148442 0.411009
v -2.209395 -0.030000 0.800000
v -2.239395 0.160000 0.800000
v -2.299445 -0.019810 0.788991
v -2.326011 0.148442 0.788991
v -2.224395 0.065000 0.400000
v -2.314445 0.075190 0.411009
v -2.314445 0.075190 0.788991
v -2.224395 0.065000 0.800000
v -2.299445 -0.019810 0.616402
v -2.322304 0.153086 0.605393
v -2.209395 -0.030000 0.605393
v -2.239395 0.160000 0.605393
v -2.309487 0.071915 0.605393
v -2.323395 0.160000 0.605393
v -2.323395 0.160000 0.800000
v -2.323395 0.160000 0.400000
v -2.311011 0.053442 0.411009
v -2.311011 0.053442 0.788991
v -2.311011 0.053442 0.616402
v -2.308395 0.065000 0.800000
v -2.293395 -0.030000 0.800000
v -2.311011 0.053442 0.594385
v -2.299445 -0.019810 0.594385
v -2.308395 0.065000 0.400000
v -2.293395 -0.030000 0.400000
v -2.293395 -0.030000 0.605393
v -2.308395 0.065000 0.605393
v -2.326011 0.148442 0.605393
v -2.322304 0.153086 0.793000
v -2.322304 0.153086 0.407000
v -2.309487 0.071915 0.407000
v -2.309487 0.071915 0.793000
v -2.314445 0.075190 0.605393
v -2.307303 0.058086 0.793000
v -2.294487 -0.023085 0.793000
v -2.307303 0.058086 0.612393
v -2.294487 -0.023085 0.612393
v -2.307303 0.058086 0.407000
v -2.294487 -0.023085 0.407000
v -2.294487 -0.023085 0.598393
v -2.307303 0.058086 0.598393
v -2.379892 -0.156972 -0.991847
v -2.339583 -0.100000 -0.991847
v -2.376415 -0.116687 -0.991847
v -2.339583 -0.100000 0.991847
v -2.376415 -0.116687 0.991847
v -2.302737 -0.270000 -0.991847
v -2.352401 -0.234861 -0.991847
v -2.332718 -0.259708 -0.991847
v -2.352401 -0.234861 0.991847
v -2.332718 -0.259708 0.991847
v -2.007171 -0.245618 -0.991847
v -2.025414 -0.270000 -0.991847
v -2.025414 -0.270000 0.991847
v -2.009544 -0.262859 0.991847
v -2.058126 -0.110860 -0.991847
v -2.088649 -0.100000 0.991847
v -2.058126 -0.110860 0.991847
v 0.190856 0.125043 -0.929133
v 0.205138 0.139325 -0.929133
v 0.200955 0.129226 -0.929133
v 0.205138 0.182761 -0.929133
v 0.190856 0.197043 -0.929133
v 0.200955 0.192860 -0.929133
v 0.020000 0.139325 -0.929133
v 0.034282 0.125043 -0.929133
v 0.024183 0.129226 -0.929133
v 0.034282 0.197043 -0.929133
v 0.020000 0.182761 -0.929133
v 0.024183 0.192860 -0.929133
v 0.196253 0.141092 -0.983505
v 0.189089 0.133927 -0.983505
v 0.194155 0.136026 -0.983505
v 0.189089 0.188158 -0.983505
v 0.196253 0.180994 -0.983505
v 0.194155 0.186060 -0.983505
v 0.036049 0.133927 -0.983505
v 0.028885 0.141092 -0.983505
v 0.030983 0.136026 -0.983505
v 0.028885 0.180994 -0.983505
v 0.036049 0.188158 -0.983505
v 0.030983 0.186060 -0.983505
v 0.024183 0.129226 -0.983505
v 0.034282 0.125043 -0.983505
v 0.020000 0.139325 -0.983505
v 0.034282 0.197043 -0.983505
v 0.024183 0.192860 -0.983505
v 0.020000 0.182761 -0.983505
v 0.190856 0.125043 -0.983505
v 0.200955 0.129226 -0.983505
v 0.205138 0.139325 -0.983505
v 0.200955 0.192860 -0.983505
v 0.190856 0.197043 -0.983505
v 0.205138 0.182761 -0.983505
v 0.035492 0.140535 -0.977522
v 0.037221 0.139819 -0.977522
v 0.034776 0.142264 -0.977522
v 0.037221 0.182267 -0.977522
v 0.035492 0.181551 -0.977522
v 0.034776 0.179822 -0.977522
v 0.187917 0.139819 -0.977522
v 0.189646 0.140535 -0.977522
v 0.190362 0.142264 -0.977522
v 0.189646 0.181551 -0.977522
v 0.187917 0.182267 -0.977522
v 0.190362 0.179822 -0.977522
v 0.030983 0.136026 -0.977522
v 0.036049 0.133927 -0.977522
v 0.028885 0.141092 -0.977522
v 0.036049 0.188158 -0.977522
v 0.030983 0.186060 -0.977522
v 0.028885 0.180994 -0.977522
v 0.189089 0.133927 -0.977522
v 0.194155 0.136026 -0.977522
v 0.196253 0.141092 -0.977522
v 0.194155 0.186060 -0.977522
v 0.189089 0.188158 -0.977522
v 0.196253 0.180994 -0.977522
v 0.037221 0.182267 -0.983020
v 0.035492 0.181551 -0.983020
v 0.034776 0.179822 -0.983020
v 0.189646 0.181551 -0.983020
v 0.187917 0.182267 -0.983020
v 0.190362 0.179822 -0.983020
v 0.205138 0.155135 -0.983505
v 0.205138 0.155135 -0.929133
v 0.020000 0.161043 -0.929133
v 0.020000 0.161043 -0.983505
v 0.196253 0.155135 -0.983505
v 0.028885 0.155135 -0.983505
v 0.196253 0.155135 -0.977522
v 0.028885 0.155135 -0.977522
v 0.190362 0.155135 -0.977522
v 0.034776 0.155135 -0.977522
v 0.190362 0.155135 -0.983020
v 0.034776 0.155135 -0.983020
v 0.037221 0.155135 -0.977522
v 0.037221 0.155135 -0.983020
v 0.187917 0.155135 -0.983020
v 0.187917 0.155135 -0.977522
v 0.037221 0.142264 -0.977522
v 0.187917 0.142264 -0.977522
v 0.190856 0.125043 0.929133
v 0.205138 0.139325 0.929133
v 0.200955 0.129226 0.929133
v 0.205138 0.182761 0.929133
v 0.190856 0.197043 0.929133
v 0.200955 0.192860 0.929133
v 0.020000 0.139325 0.929133
v 0.034282 0.125043 0.929133
v 0.024183 0.129226 0.929133
v 0.034282 0.197043 0.929133
v 0.020000 0.182761 0.929133
v 0.024183 0.192860 0.929133
v 0.196253 0.141092 0.983505
v 0.189089 0.133927 0.983505
v 0.194155 0.136026 0.983505
v 0.189089 0.188158 0.983505
v 0.196253 0.180994 0.983505
v 0.194155 0.186060 0.983505
v 0.036049 0.133927 0.983505
v 0.028885 0.141092 0.983505
v 0.030983 0.136026 0.983505
v 0.028885 0.180994 0.983505
v 0.036049 0.188158 0.983505
v 0.030983 0.186060 0.983505
v 0.024183 0.129226 0.983505
v 0.034282 0.125043 0.983505
v 0.020000 0.139325 0.983505
v 0.034282 0.197043 0.983505
v 0.024183 0.192860 0.983505
v 0.020000 0.182761 0.983505
v 0.190856 0.125043 0.983505
v 0.200955 0.129226 0.983505
v 0.205138 0.139325 0.983505
v 0.200955 0.192860 0.983505
v 0.190856 0.197043 0.983505
v 0.205138 0.182761 0.983505
v 0.035492 0.140535 0.977522
v 0.037221 0.139819 0.977522
v 0.034776 0.142264 0.977522
v 0.037221 0.182267 0.977522
v 0.035492 0.181551 0.977522
v 0.034776 0.179822 0.977522
v 0.187917 0.139819 0.977522
v 0.189646 0.140535 0.977522
v 0.190362 0.142264 0.977522
v 0.189646 0.181551 0.977522
v 0.187917 0.182267 0.977522
v 0.190362 0.179822 0.977522
v 0.030983 0.136026 0.977522
v 0.036049 0.133927 0.977522
v 0.028885 0.141092 0.977522
v 0.036049 0.188158 0.977522
v 0.030983 0.186060 0.977522
v 0.028885 0.180994 0.977522
v 0.189089 0.133927 0.977522
v 0.194155 0.136026 0.977522
v 0.196253 0.141092 0.977522
v 0.194155 0.186060 0.977522
v 0.189089 0.188158 0.977522
v 0.196253 0.180994 0.977522
v 0.037221 0.182267 0.983020
v 0.035492 0.181551 0.983020
v 0.034776 0.179822 0.983020
v 0.189646 0.181551 0.983020
v 0.187917 0.182267 0.983020
v 0.190362 0.179822 0.983020
v 0.205138 0.155135 0.983505
v 0.205138 0.155135 0.929133
v 0.020000 0.161043 0.929133
v 0.020000 0.161043 0.983505
v 0.196253 0.155135 0.983505
v 0.028885 0.155135 0.983505
v 0.196253 0.155135 0.977522
v 0.028885 0.155135 0.977522
v 0.190362 0.155135 0.977522
v 0.034776 0.155135 0.977522
v 0.190362 0.155135 0.983020
v 0.034776 0.155135 0.983020
v 0.037221 0.155135 0.977522
v 0.037221 0.155135 0.983020
v 0.187917 0.155135 0.983020
v 0.187917 0.155135 0.977522
v 0.037221 0.142264 0.977522
v 0.187917 0.142264 0.977522
v -0.927653 0.125043 -0.929133
v -0.941935 0.139325 -0.929133
v -0.937752 0.129226 -0.929133
v -0.941935 0.182761 -0.929133
v -0.927653 0.197043 -0.929133
v -0.937752 0.192860 -0.929133
v -0.756797 0.139325 -0.929133
v -0.771079 0.125043 -0.929133
v -0.760980 0.129226 -0.929133
v -0.771079 0.197043 -0.929133
v -0.756797 0.182761 -0.929133
v -0.760980 0.192860 -0.929133
v -0.933051 0.141092 -0.983505
v -0.925886 0.133928 -0.983505
v -0.930952 0.136026 -0.983505
v -0.925886 0.188158 -0.983505
v -0.933051 0.180994 -0.983505
v -0.930952 0.186060 -0.983505
v -0.772846 0.133928 -0.983505
v -0.765682 0.141092 -0.983505
v -0.767780 0.136026 -0.983505
v -0.765682 0.180994 -0.983505
v -0.772846 0.188158 -0.983505
v -0.767780 0.186060 -0.983505
v -0.760980 0.129226 -0.983505
v -0.771079 0.125043 -0.983505
v -0.756797 0.139325 -0.983505
v -0.771079 0.197043 -0.983505
v -0.760980 0.192860 -0.983505
v -0.756797 0.182761 -0.983505
v -0.927653 0.125043 -0.983505
v -0.937752 0.129226 -0.983505
v -0.941935 0.139325 -0.983505
v -0.937752 0.192860 -0.983505
v -0.927653 0.197043 -0.983505
v -0.941935 0.182761 -0.983505
v -0.772289 0.140535 -0.977522
v -0.774018 0.139819 -0.977522
v -0.771573 0.142264 -0.977522
v -0.774018 0.182267 -0.977522
v -0.772289 0.181551 -0.977522
v -0.771573 0.179822 -0.977522
v -0.924714 0.139819 -0.977522
v -0.926443 0.140535 -0.977522
v -0.927159 0.142264 -0.977522
v -0.926443 0.181551 -0.977522
v -0.924714 0.182267 -0.977522
v -0.927159 0.179822 -0.977522
v -0.767780 0.136026 -0.977522
v -0.772846 0.133928 -0.977522
v -0.765682 0.141092 -0.977522
v -0.772846 0.188158 -0.977522
v -0.767780 0.186060 -0.977522
v -0.765682 0.180994 -0.977522
v -0.925886 0.133928 -0.977522
v -0.930952 0.136026 -0.977522
v -0.933051 0.141092 -0.977522
v -0.930952 0.186060 -0.977522
v -0.925886 0.188158 -0.977522
v -0.933051 0.180994 -0.977522
v -0.774018 0.182267 -0.983019
v -0.772289 0.181551 -0.983019
v -0.771573 0.179822 -0.983019
v -0.926443 0.181551 -0.983019
v -0.924714 0.182267 -0.983019
v -0.927159 0.179822 -0.983019
v -0.941935 0.155135 -0.983505
v -0.941935 0.155135 -0.929133
v -0.756797 0.161043 -0.929133
v -0.756797 0.161043 -0.983505
v -0.933051 0.155135 -0.983505
v -0.765682 0.155135 -0.983505
v -0.933051 0.155135 -0.977522
v -0.765682 0.155135 -0.977522
v -0.927159 0.155135 -0.977522
v -0.771573 0.155135 -0.977522
v -0.927159 0.155135 -0.983019
v -0.771573 0.155135 -0.983019
v -0.774018 0.155135 -0.977522
v -0.774018 0.155135 -0.983019
v -0.924714 0.155135 -0.983019
v -0.924714 0.155135 -0.977522
v -0.774018 0.142264 -0.977522
v -0.924714 0.142264 -0.977522
v -0.927653 0.125043 0.929133
v -0.941935 0.139325 0.929133
v -0.937752 0.129226 0.929133
v -0.941935 0.182761 0.929133
v -0.927653 0.197043 0.929133
v -0.937752 0.192860 0.929133
v -0.756797 0.139325 0.929133
v -0.771079 0.125043 0.929133
v -0.760980 0.129226 0.929133
v -0.771079 0.197043 0.929133
v -0.756797 0.182761 0.929133
v -0.760980 0.192860 0.929133
v -0.933050 0.141092 0.983505
v -0.925886 0.133928 0.983505
v -0.930952 0.136026 0.983505
v -0.925886 0.188158 0.983505
v -0.933050 0.180994 0.983505
v -0.930952 0.186060 0.983505
v -0.772846 0.133928 0.983505
v -0.765681 0.141092 0.983505
v -0.767780 0.136026 0.983505
v -0.765682 0.180994 0.983505
v -0.772846 0.188158 0.983505
v -0.767780 0.186060 0.983505
v -0.760980 0.129226 0.983505
v -0.771079 0.125043 0.983505
v -0.756797 0.139325 0.983505
v -0.771079 0.197043 0.983505
v -0.760980 0.192860 0.983505
v -0.756797 0.182761 0.983505
v -0.927653 0.125043 0.983505
v -0.937752 0.129226 0.983505
v -0.941935 0.139325 0.983505
v -0.937752 0.192860 0.983505
v -0.927653 0.197043 0.983505
v -0.941935 0.182761 0.983505
v -0.772289 0.140535 0.977522
v -0.774018 0.139819 0.977522
v -0.771573 0.142264 0.977522
v -0.774018 0.182267 0.977522
v -0.772289 0.181551 0.977522
v -0.771573 0.179822 0.977522
v -0.924714 0.139819 0.977522
v -0.926443 0.140535 0.977522
v -0.927159 0.142264 0.977522
v -0.926443 0.181551 0.977522
v -0.924714 0.182267 0.977522
v -0.927159 0.179822 0.977522
v -0.767780 0.136026 0.977522
v -0.772846 0.133928 0.977522
v -0.765681 0.141092 0.977522
v -0.772846 0.188158 0.977522
v -0.767780 0.186060 0.977522
v -0.765682 0.180994 0.977522
v -0.925886 0.133928 0.977522
v -0.930952 0.136026 0.977522
v -0.933050 0.141092 0.977522
v -0.930952 0.186060 0.977522
v -0.925886 0.188158 0.977522
v -0.933050 0.180994 0.977522
v -0.774018 0.182267 0.983020
v -0.772289 0.181551 0.983020
v -0.771573 0.179822 0.983020
v -0.926443 0.181551 0.983020
v -0.924714 0.182267 0.983020
v -0.927159 0.179822 0.983020
v -0.941935 0.155135 0.983505
v -0.941935 0.155135 0.929133
v -0.756797 0.161043 0.929133
v -0.756797 0.161043 0.983505
v -0.933050 0.155135 0.983505
v -0.765681 0.155135 0.983505
v -0.933050 0.155135 0.977522
v -0.765681 0.155135 0.977522
v -0.927159 0.155135 0.977522
v -0.771573 0.155135 0.977522
v -0.927159 0.155135 0.983020
v -0.771573 0.155135 0.983020
v -0.774018 0.155135 0.977522
v -0.774018 0.155135 0.983020
v -0.924714 0.155135 0.983020
v -0.924714 0.155135 0.977522
v -0.774018 0.142264 0.977522
v -0.924714 0.142264 0.977522
v 0.870000 0.383535 -0.893535
v 0.940000 0.380000 -0.890000
v 0.940000 0.456543 -0.890000
v 0.870000 0.430000 -0.893535
v 0.870000 0.430000 -1.046465
v 0.940000 0.430000 -1.050000
v 0.940000 0.430000 -0.890000
v 0.870000 0.455899 -1.046465
v 0.940000 0.456543 -1.050000
v 0.940000 0.480000 -0.911914
v 0.940000 0.473581 -0.896418
v 0.870000 0.455899 -0.893535
v 0.870000 0.476465 -0.912617
v 0.870000 0.470902 -0.899186
v 0.940000 0.380000 -1.028086
v 0.940000 0.401914 -1.050000
v 0.940000 0.386418 -1.043581
v 0.940000 0.480000 -1.028086
v 0.940000 0.473581 -1.043581
v 0.870000 0.402617 -1.046465
v 0.870000 0.383535 -1.027383
v 0.870000 0.389124 -1.040876
v 0.870000 0.476465 -1.027383
v 0.870000 0.470902 -1.040814
v 0.870000 0.430000 -0.890000
v 0.870000 0.380000 -0.890000
v 0.870000 0.456543 -1.050000
v 0.870000 0.430000 -1.050000
v 0.870000 0.480000 -0.911914
v 0.870000 0.473581 -0.896418
v 0.870000 0.456543 -0.890000
v 0.870000 0.380000 -1.028086
v 0.870000 0.386418 -1.043581
v 0.870000 0.401914 -1.050000
v 0.870000 0.473581 -1.043581
v 0.870000 0.480000 -1.028086
v 0.886271 0.430000 -0.893535
v 0.886271 0.430000 -1.046465
v 0.886271 0.455899 -0.893535
v 0.886271 0.455899 -1.046465
v 0.886271 0.383535 -0.893535
v 0.886271 0.476465 -0.912617
v 0.886271 0.470902 -0.899186
v 0.886271 0.383535 -1.027383
v 0.886271 0.389124 -1.040876
v 0.886271 0.402617 -1.046465
v 0.886271 0.470902 -1.040814
v 0.886271 0.476465 -1.027383
v 0.889364 0.380000 -0.840000
v 0.889364 0.380000 -0.890000
v 0.920636 0.380000 -0.840000
v 0.920636 0.380000 -0.890000
v 0.889364 0.430000 -0.890000
v 0.889364 0.430000 -0.840000
v 0.920636 0.430000 -0.840000
v 0.920636 0.430000 -0.890000
v 0.870000 0.383535 0.893535
v 0.940000 0.380000 0.890000
v 0.940000 0.456543 0.890000
v 0.870000 0.430000 0.893535
v 0.870000 0.430000 1.046465
v 0.940000 0.430000 1.050000
v 0.940000 0.430000 0.890000
v 0.870000 0.455899 1.046465
v 0.940000 0.456543 1.050000
v 0.940000 0.480000 0.911914
v 0.940000 0.473581 0.896418
v 0.870000 0.455899 0.893535
v 0.870000 0.476465 0.912617
v 0.870000 0.470902 0.899186
v 0.940000 0.380000 1.028086
v 0.940000 0.401914 1.050000
v 0.940000 0.386418 1.043581
v 0.940000 0.480000 1.028086
v 0.940000 0.473581 1.043581
v 0.870000 0.402617 1.046465
v 0.870000 0.383535 1.027383
v 0.870000 0.389124 1.040876
v 0.870000 0.476465 1.027383
v 0.870000 0.470902 1.040814
v 0.870000 0.430000 0.890000
v 0.870000 0.380000 0.890000
v 0.870000 0.456543 1.050000
v 0.870000 0.430000 1.050000
v 0.870000 0.480000 0.911914
v 0.870000 0.473581 0.896418
v 0.870000 0.456543 0.890000
v 0.870000 0.380000 1.028086
v 0.870000 0.386418 1.043581
v 0.870000 0.401914 1.050000
v 0.870000 0.473581 1.043581
v 0.870000 0.480000 1.028086
v 0.886271 0.430000 0.893535
v 0.886271 0.430000 1.046465
v 0.886271 0.455899 0.893535
v 0.886271 0.455899 1.046465
v 0.886271 0.383535 0.893535
v 0.886271 0.476465 0.912617
v 0.886271 0.470902 0.899186
v 0.886271 0.383535 1.027383
v 0.886271 0.389124 1.040876
v 0.886271 0.402617 1.046465
v 0.886271 0.470902 1.040814
v 0.886271 0.476465 1.027383
v 0.889364 0.380000 0.840000
v 0.889364 0.380000 0.890000
v 0.920636 0.380000 0.840000
v 0.920636 0.380000 0.890000
v 0.889364 0.430000 0.890000
v 0.889364 0.430000 0.840000
v 0.920636 0.430000 0.840000
v 0.920636 0.430000 0.890000
v 2.429892 -0.156973 0.991847
v 2.389583 -0.100000 0.991847
v 2.426415 -0.116687 0.991847
v 2.429892 -0.156973 -0.991847
v 2.389583 -0.100000 -0.991847
v 2.426415 -0.116687 -0.991847
v 2.352737 -0.270000 0.991847
v 2.402402 -0.234862 0.991847
v 2.382718 -0.259708 0.991847
v 2.352737 -0.270000 -0.991847
v 2.402402 -0.234862 -0.991847
v 2.382718 -0.259708 -0.991847
v 2.057171 -0.245618 0.991847
v 2.075415 -0.270000 0.991847
v 2.059544 -0.262859 0.991847
v 2.057171 -0.245618 -0.991847
v 2.075415 -0.270000 -0.991847
v 2.059544 -0.262859 -0.991847
v 2.138649 -0.100000 0.991847
v 2.089094 -0.137079 0.991847
v 2.108126 -0.110860 0.991847
v 2.138649 -0.100000 -0.991847
v 2.089094 -0.137079 -0.991847
v 2.108126 -0.110860 -0.991847
v -1.635413 0.109642 0.953454
v -1.655805 0.130034 0.953454
v -1.649833 0.115615 0.953454
v -1.655805 0.192052 0.953454
v -1.635413 0.212444 0.953454
v -1.649833 0.206471 0.953454
v -1.544195 0.130034 0.953454
v -1.564586 0.109642 0.953454
v -1.550167 0.115615 0.953454
v -1.564586 0.212444 0.953454
v -1.544195 0.192052 0.953454
v -1.550167 0.206471 0.953454
v -1.643120 0.132557 0.981137
v -1.632890 0.122328 0.981137
v -1.640124 0.125324 0.981137
v -1.632890 0.199759 0.981137
v -1.643120 0.189529 0.981137
v -1.640124 0.196762 0.981137
v -1.567110 0.122328 0.981137
v -1.556880 0.132557 0.981137
v -1.559876 0.125324 0.981137
v -1.556880 0.189529 0.981137
v -1.567110 0.199759 0.981137
v -1.559876 0.196762 0.981137
v -1.550167 0.115615 0.981137
v -1.564586 0.109642 0.981137
v -1.544195 0.130034 0.981137
v -1.564586 0.212444 0.981137
v -1.550167 0.206471 0.981137
v -1.544195 0.192052 0.981137
v -1.635413 0.109642 0.981137
v -1.649833 0.115615 0.981137
v -1.655805 0.130034 0.981137
v -1.649833 0.206471 0.981137
v -1.635413 0.212444 0.981137
v -1.655805 0.192052 0.981137
v -1.566314 0.131762 0.975154
v -1.568783 0.130739 0.975154
v -1.565292 0.134230 0.975154
v -1.568783 0.191347 0.975154
v -1.566314 0.190324 0.975154
v -1.565292 0.187856 0.975154
v -1.631217 0.130739 0.975154
v -1.633685 0.131762 0.975154
v -1.634708 0.134230 0.975154
v -1.633685 0.190324 0.975154
v -1.631217 0.191347 0.975154
v -1.634708 0.187856 0.975154
v -1.559876 0.125324 0.975154
v -1.567110 0.122328 0.975154
v -1.556880 0.132557 0.975154
v -1.567110 0.199759 0.975154
v -1.559876 0.196762 0.975154
v -1.556880 0.189529 0.975154
v -1.632890 0.122328 0.975154
v -1.640124 0.125324 0.975154
v -1.643120 0.132557 0.975154
v -1.640124 0.196762 0.975154
v -1.632890 0.199759 0.975154
v -1.643120 0.189529 0.975154
v -1.566314 0.131762 0.980652
v -1.568783 0.130739 0.980652
v -1.565292 0.134230 0.980652
v -1.568783 0.191347 0.980652
v -1.566314 0.190324 0.980652
v -1.565292 0.187856 0.980652
v -1.631217 0.130739 0.980652
v -1.633685 0.131762 0.980652
v -1.634708 0.134230 0.980652
v -1.633685 0.190324 0.980652
v -1.631217 0.191347 0.980652
v -1.634708 0.187856 0.980652
vn -0.6922 -0.7084 -0.1379
vn -0.0000 -0.0000 -1.0000
vn -0.0000 0.5207 -0.8537
vn -0.0000 0.5906 -0.8070
vn -0.0000 0.2859 -0.9583
vn -0.0000 -1.0000 -0.0000
vn -0.0000 0.5902 -0.8073
vn 0.6855 0.7281 -0.0000
vn -0.0928 0.5881 -0.8034
vn -0.1171 0.5855 -0.8022
vn -0.0890 0.5878 -0.8041
vn -0.0490 -0.9988 -0.0000
vn -0.0980 -0.9952 -0.0000
vn -0.0000 0.9816 0.1911
vn 0.0859 0.5875 -0.8047
vn 0.1104 0.5856 -0.8030
vn 0.1108 0.5849 -0.8035
vn 0.0259 0.5901 -0.8069
vn -0.0000 0.5912 -0.8065
vn 0.0251 0.5910 -0.8063
vn -0.0000 1.0000 -0.0000
vn -0.1524 0.9883 -0.0000
vn -0.1101 0.9939 -0.0000
vn 0.0489 -0.9988 -0.0000
vn 0.0980 -0.9952 -0.0000
vn -0.0000 0.5901 -0.8073
vn -0.0335 0.5901 -0.8067
vn -0.0257 0.5180 -0.8550
vn 0.7281 -0.6855 -0.0000
vn -0.0000 0.1911 -0.9816
vn 0.6922 -0.7084 -0.1379
vn -0.7947 -0.6070 -0.0000
vn -0.0000 0.3362 -0.9418
vn 0.0963 -0.0907 0.9912
vn -0.0963 -0.0907 0.9912
vn 1.0000 -0.0000 -0.0000
vn -0.0000 -0.9816 -0.1911
vn -1.0000 -0.0000 -0.0000
vn -0.0003 0.5902 -0.8073
vn -0.0000 0.5895 -0.8077
vn -0.8674 -0.4883 -0.0957
vn -0.7991 -0.5901 -0.1155
vn -0.7723 -0.6234 -0.1221
vn -0.9539 0.2946 0.0572
vn -0.9796 0.1973 0.0382
vn -0.9849 0.1702 0.0329
vn -0.8141 -0.5699 -0.1116
vn -0.8578 -0.5043 -0.0988
vn -0.9992 0.0395 0.0073
vn -0.9995 0.0309 0.0056
vn 0.9946 0.1030 0.0109
vn 0.9982 0.0603 0.0065
vn 0.9992 0.0387 0.0043
vn -0.1640 -0.9682 -0.1892
vn -0.3176 -0.9306 -0.1819
vn 0.9694 0.2421 0.0418
vn 0.9946 0.1034 0.0105
vn 0.9947 0.1020 0.0103
vn 0.9594 0.2777 0.0500
vn 0.7598 0.6381 0.1249
vn 0.7598 0.6381 0.1250
vn -0.0000 -0.9815 -0.1917
vn -0.1577 -0.9692 -0.1894
vn 0.9099 0.4071 0.0799
vn 0.9995 -0.0309 -0.0057
vn 0.9992 -0.0395 -0.0074
vn -0.9689 -0.2438 -0.0417
vn -0.9946 -0.1029 -0.0100
vn -0.9944 -0.1051 -0.0102
vn 0.9950 0.0992 0.0101
vn 0.0154 -0.9813 -0.1917
vn -0.9099 -0.4071 -0.0799
vn -0.9591 -0.2786 -0.0497
vn 0.5080 0.8454 0.1653
vn 0.3935 0.9023 0.1764
vn 0.5229 0.8365 0.1636
vn 0.0155 -0.9813 -0.1917
vn 0.0309 -0.9810 -0.1916
vn -0.9951 -0.0985 -0.0095
vn -0.9951 -0.0985 -0.0096
vn 0.6280 0.7638 0.1494
vn 0.5720 -0.8051 -0.1571
vn -0.5080 -0.8454 -0.1653
vn -0.3935 -0.9023 -0.1764
vn -0.0000 0.9815 0.1917
vn 0.9539 -0.2946 -0.0572
vn 0.9796 -0.1973 -0.0382
vn -0.6280 -0.7638 -0.1494
vn -0.5229 -0.8365 -0.1636
vn -0.0000 -0.9814 -0.1917
vn 0.9849 -0.1702 -0.0329
vn 1.0000 -0.0000 0.0002
vn 1.0000 -0.0001 0.0002
vn 0.0018 0.5925 -0.8056
vn -0.0000 0.5912 -0.8066
vn -0.0000 0.5936 -0.8047
vn -0.0000 0.5918 -0.8061
vn 0.0065 -0.0005 -1.0000
vn 0.0066 -0.0005 -1.0000
vn 0.0131 -0.0010 -0.9999
vn 0.0046 0.5942 -0.8043
vn 0.0045 0.5942 -0.8043
vn 0.0092 0.5973 -0.8020
vn 0.0055 0.5922 -0.8057
vn -0.0016 0.5925 -0.8056
vn -0.0029 0.5935 -0.8048
vn 0.0111 0.5933 -0.8049
vn 0.0061 0.0027 -1.0000
vn 0.0122 0.0055 -0.9999
vn -0.5720 0.8051 0.1570
vn -0.0155 0.9813 0.1917
vn -0.0309 0.9810 0.1916
vn -0.0154 0.9813 0.1917
vn -0.9982 -0.0599 -0.0062
vn -0.9992 -0.0385 -0.0040
vn 0.1640 0.9682 0.1892
vn 0.3176 0.9306 0.1819
vn 0.1577 0.9692 0.1894
vn 0.8141 0.5699 0.1116
vn 0.8578 0.5043 0.0988
vn 0.8674 0.4883 0.0957
vn 0.7991 0.5901 0.1156
vn 0.7723 0.6234 0.1221
vn -0.7598 -0.6381 -0.1249
vn -0.0000 0.9814 0.1917
vn -1.0000 -0.0000 -0.0002
vn -1.0000 0.0001 -0.0002
vn 0.0549 0.5890 -0.8062
vn 0.0266 0.5894 -0.8074
vn -0.0000 0.5904 -0.8071
vn -0.0000 0.5896 -0.8077
vn -0.9947 -0.1024 -0.0104
vn -0.7281 0.6855 -0.0000
vn -0.6855 0.7281 -0.0000
vn 0.7281 0.6855 -0.0000
vn 0.7071 -0.7071 -0.0000
vn 0.1101 0.5855 -0.8031
vn 0.0839 0.5883 -0.8043
vn 0.0821 0.5881 -0.8046
vn 0.0547 0.5895 -0.8059
vn 0.0547 0.5890 -0.8063
vn -0.0002 0.5904 -0.8071
vn -0.0000 -0.0000 1.0000
vn 0.1951 -0.9808 -0.0000
vn 1.0000 0.0050 -0.0000
vn 0.9239 -0.3827 -0.0000
vn 0.3827 -0.9239 -0.0000
vn -0.3827 -0.9239 -0.0000
vn -0.7071 -0.7071 -0.0000
vn -0.9239 -0.3827 -0.0000
vn -1.0000 0.0050 -0.0000
vn -0.9788 0.2049 -0.0000
vn 0.9788 0.2049 -0.0000
vn -0.1951 -0.9808 -0.0000
vn -0.9899 -0.1420 -0.0000
vn -0.9047 -0.4260 -0.0000
vn -0.1944 0.9809 -0.0000
vn -0.7281 -0.6855 -0.0000
vn 0.0001 -1.0000 -0.0000
vn -0.2706 -0.2706 0.9239
vn -0.0000 1.0000 0.0001
vn -0.0001 1.0000 -0.0000
vn -0.9878 -0.1560 -0.0000
vn -0.7815 0.6239 -0.0000
vn -0.6663 -0.1052 0.7382
vn -0.6663 -0.1052 -0.7382
vn -0.5512 -0.8344 -0.0000
vn -0.6664 -0.1052 0.7382
vn -0.6664 -0.1052 -0.7382
vn -0.3247 -0.9458 -0.0000
vn -0.1646 -0.9864 -0.0000
vn -0.9920 -0.1263 -0.0000
vn -0.9963 0.0860 -0.0000
vn 0.1701 0.9854 -0.0000
vn -0.2111 0.9775 -0.0000
vn 0.4103 -0.9119 -0.0000
vn 0.2098 -0.9777 -0.0000
vn 0.3352 0.9421 -0.0000
vn 0.9972 0.0746 -0.0000
vn 0.8974 0.4412 -0.0000
vn 0.9907 -0.1364 -0.0000
vn -0.8754 -0.4835 -0.0000
vn 0.8093 0.5874 -0.0000
vn -0.0034 -0.9323 0.3618
vn -0.0037 -1.0000 -0.0000
vn -0.0040 -1.0000 -0.0000
vn -0.0021 -0.7321 0.6811
vn -0.0033 -0.9252 0.3794
vn -0.0008 -0.4141 0.9102
vn -0.0020 -0.7059 0.7083
vn -0.0002 -0.0197 0.9998
vn -0.0006 -0.3667 0.9303
vn -0.0007 0.3809 0.9246
vn -0.0002 0.0370 0.9993
vn -0.0020 0.7135 0.7006
vn -0.0008 0.4280 0.9038
vn -0.0032 0.9271 0.3747
vn -0.0021 0.7394 0.6733
vn -0.0036 1.0000 -0.0000
vn -0.0033 0.9343 0.3565
vn -0.0033 0.9343 -0.3565
vn -0.0032 0.9271 -0.3747
vn -0.0021 0.7394 -0.6732
vn -0.0020 0.7135 -0.7006
vn -0.0008 0.4279 -0.9038
vn -0.0007 0.3809 -0.9246
vn -0.0002 0.0373 -0.9993
vn -0.0002 -0.0197 -0.9998
vn -0.0006 -0.3667 -0.9303
vn -0.0008 -0.4141 -0.9102
vn -0.0020 -0.7059 -0.7083
vn -0.0021 -0.7321 -0.6811
vn -0.0033 -0.9252 -0.3796
vn -0.0034 -0.9324 -0.3615
vn 0.9884 0.1517 -0.0000
vn -0.9599 -0.2803 -0.0000
vn -0.9599 -0.2802 -0.0000
vn 0.0002 0.0284 0.9996
vn 0.0006 0.3693 0.9293
vn 0.0008 0.4235 0.9059
vn 0.0019 0.7084 0.7058
vn 0.0020 0.7384 0.6743
vn 0.0031 0.9262 0.3769
vn 0.0032 0.9343 0.3566
vn 0.0036 1.0000 -0.0000
vn 0.0038 1.0000 -0.0000
vn 0.0032 0.9343 -0.3564
vn 0.0032 0.9261 -0.3772
vn 0.0020 0.7384 -0.6743
vn 0.0019 0.7084 -0.7058
vn 0.0008 0.4236 -0.9059
vn 0.0006 0.3690 -0.9294
vn 0.0002 0.0284 -0.9996
vn 0.0002 -0.0374 -0.9993
vn 0.0005 -0.3753 -0.9269
vn 0.0008 -0.4303 -0.9027
vn 0.0019 -0.7120 -0.7021
vn 0.0020 -0.7416 -0.6708
vn 0.0031 -0.9270 -0.3752
vn 0.0032 -0.9352 -0.3540
vn 0.0035 -1.0000 -0.0000
vn 0.0032 -0.9351 0.3543
vn 0.0031 -0.9269 0.3753
vn 0.0020 -0.7416 0.6708
vn 0.0018 -0.7119 0.7023
vn 0.0008 -0.4303 0.9027
vn 0.0005 -0.3751 0.9270
vn 0.0002 -0.0374 0.9993
vn 0.0006 -0.3788 0.9255
vn 0.0007 -0.4184 0.9083
vn 0.0002 -0.0281 0.9996
vn 0.0002 0.0197 0.9998
vn 0.0019 -0.7112 0.7030
vn 0.0020 -0.7331 0.6801
vn 0.0031 -0.9263 0.3768
vn 0.0031 -0.9324 0.3615
vn 0.0036 -1.0000 -0.0000
vn 0.0031 -0.9263 -0.3768
vn 0.0031 -0.9324 -0.3615
vn 0.0019 -0.7112 -0.7030
vn 0.0020 -0.7331 -0.6801
vn 0.0006 -0.3788 -0.9255
vn 0.0007 -0.4184 -0.9083
vn 0.0002 0.0197 -0.9998
vn 0.0002 -0.0281 -0.9996
vn 0.0007 0.4118 -0.9113
vn 0.0006 0.3716 -0.9284
vn 0.0020 0.7298 -0.6836
vn 0.0019 0.7073 -0.7069
vn 0.0032 0.9315 -0.3636
vn 0.0032 0.9252 -0.3794
vn 0.0037 1.0000 -0.0000
vn 0.0032 0.9315 0.3636
vn 0.0032 0.9252 0.3794
vn 0.0020 0.7298 0.6836
vn 0.0019 0.7073 0.7069
vn 0.0007 0.4118 0.9113
vn 0.0006 0.3716 0.9284
vn -0.9764 -0.2159 -0.0000
vn -0.9764 -0.2161 -0.0000
vn -0.9764 -0.2160 -0.0000
vn -0.9764 -0.2162 -0.0001
vn -0.9763 -0.2162 -0.0001
vn -0.9764 -0.2162 -0.0000
vn -0.9763 -0.2162 0.0001
vn -0.9764 -0.2162 0.0001
vn -0.6922 -0.7084 0.1379
vn -0.0000 0.5207 0.8537
vn -0.0000 0.5906 0.8070
vn -0.0000 0.5904 0.8071
vn -0.0000 0.5902 0.8073
vn -0.1171 0.5855 0.8022
vn -0.0928 0.5881 0.8034
vn -0.0890 0.5878 0.8041
vn -0.0000 0.9816 -0.1911
vn 0.0857 0.5880 0.8043
vn 0.1104 0.5856 0.8030
vn 0.0839 0.5883 0.8043
vn -0.0000 0.5912 0.8065
vn 0.0259 0.5901 0.8069
vn 0.0251 0.5910 0.8063
vn -0.0000 0.5901 0.8073
vn -0.0335 0.5901 0.8067
vn -0.0257 0.5180 0.8550
vn -0.0000 0.1911 0.9816
vn -0.0000 0.2859 0.9583
vn 0.6922 -0.7084 0.1379
vn -0.0000 0.3362 0.9418
vn 0.0963 -0.0907 -0.9912
vn -0.0963 -0.0907 -0.9912
vn -0.0000 -0.9816 0.1911
vn -0.0000 0.5903 0.8072
vn -0.0003 0.5902 0.8073
vn -0.0000 0.5895 0.8077
vn -0.7990 -0.5901 0.1156
vn -0.8674 -0.4883 0.0957
vn -0.7723 -0.6234 0.1221
vn -0.9796 0.1973 -0.0382
vn -0.9539 0.2946 -0.0572
vn -0.9849 0.1702 -0.0329
vn -0.8578 -0.5043 0.0988
vn -0.8141 -0.5699 0.1116
vn -0.9992 0.0395 -0.0073
vn -0.9995 0.0309 -0.0057
vn 0.9982 0.0602 -0.0066
vn 0.9946 0.1030 -0.0109
vn 0.9992 0.0387 -0.0043
vn -0.3176 -0.9306 0.1819
vn -0.1640 -0.9682 0.1892
vn 0.9694 0.2421 -0.0418
vn 0.9947 0.1020 -0.0103
vn 0.9946 0.1034 -0.0105
vn 0.7598 0.6381 -0.1250
vn 0.7598 0.6381 -0.1249
vn -0.0000 -0.9815 0.1917
vn 0.9099 0.4071 -0.0799
vn 0.9594 0.2777 -0.0500
vn 0.9995 -0.0309 0.0057
vn -0.9946 -0.1029 0.0100
vn -0.9689 -0.2438 0.0417
vn -0.9944 -0.1051 0.0102
vn 0.9950 0.0992 -0.0101
vn 0.0154 -0.9813 0.1917
vn 0.0155 -0.9813 0.1917
vn -0.9591 -0.2786 0.0498
vn -0.9099 -0.4071 0.0799
vn 0.5080 0.8454 -0.1653
vn 0.3935 0.9023 -0.1764
vn 0.0309 -0.9810 0.1916
vn -0.9951 -0.0985 0.0095
vn 0.6280 0.7638 -0.1494
vn 0.5229 0.8365 -0.1636
vn 0.5720 -0.8051 0.1571
vn -0.3935 -0.9023 0.1764
vn -0.5080 -0.8454 0.1653
vn -0.0000 0.9815 -0.1917
vn 0.9539 -0.2946 0.0572
vn 0.9796 -0.1973 0.0382
vn 0.9849 -0.1702 0.0329
vn -0.5229 -0.8365 0.1636
vn -0.6280 -0.7638 0.1494
vn -0.0000 -0.9814 0.1917
vn 0.9992 -0.0395 0.0074
vn 1.0000 -0.0000 -0.0002
vn 1.0000 -0.0001 -0.0002
vn -0.0000 0.5912 0.8066
vn 0.0016 0.5925 0.8056
vn -0.0000 0.5936 0.8047
vn 0.0029 0.5935 0.8048
vn 0.0065 -0.0005 1.0000
vn 0.0066 -0.0005 1.0000
vn 0.0131 -0.0010 0.9999
vn 0.0046 0.5942 0.8043
vn 0.0046 0.5943 0.8043
vn 0.0092 0.5973 0.8020
vn 0.0055 0.5922 0.8057
vn -0.0016 0.5925 0.8056
vn -0.0029 0.5935 0.8048
vn 0.0111 0.5933 0.8049
vn 0.0061 0.0027 1.0000
vn 0.0122 0.0055 0.9999
vn 0.0121 0.0055 0.9999
vn -0.5720 0.8051 -0.1570
vn -0.0309 0.9810 -0.1916
vn -0.0155 0.9813 -0.1917
vn -0.0154 0.9813 -0.1917
vn -0.9982 -0.0599 0.0062
vn -0.9993 -0.0385 0.0041
vn 0.1640 0.9682 -0.1892
vn 0.3176 0.9306 -0.1819
vn 0.8141 0.5699 -0.1116
vn 0.8578 0.5043 -0.0988
vn 0.8674 0.4883 -0.0957
vn 0.7991 0.5901 -0.1156
vn 0.7723 0.6234 -0.1221
vn -0.7598 -0.6381 0.1249
vn -0.0000 0.9814 -0.1917
vn -1.0000 0.0001 0.0002
vn -1.0000 -0.0000 0.0002
vn 0.0266 0.5894 0.8074
vn 0.0549 0.5890 0.8062
vn -0.0000 0.5896 0.8077
vn -0.9947 -0.1024 0.0104
vn 0.1102 0.5846 0.8038
vn 0.0546 0.5897 0.8058
vn 0.0547 0.5890 0.8063
vn 0.0821 0.5881 0.8046
vn -0.0002 0.5904 0.8071
vn -0.2706 0.2706 -0.9239
vn -0.0001 -1.0000 -0.0000
vn 0.0001 1.0000 -0.0000
vn -0.0000 -1.0000 -0.0001
vn -0.9239 -0.2706 -0.2706
vn -0.4127 0.9109 -0.0000
vn -0.7838 -0.6210 -0.0000
vn 0.9239 0.3827 -0.0000
vn 0.9808 0.1951 -0.0000
vn -0.1951 0.9808 -0.0000
vn 0.1951 0.9808 -0.0000
vn -0.9808 0.1951 -0.0000
vn -0.9808 -0.1951 -0.0000
vn -0.3827 0.9239 -0.0000
vn -0.9239 0.3827 -0.0000
vn 0.9808 -0.1951 -0.0000
vn 0.3827 0.9239 -0.0000
vn -0.0000 -0.0001 -1.0000
vn -0.0000 0.0001 -1.0000
vn -0.0000 -0.0001 1.0000
vn -0.0000 0.0001 1.0000
vn -0.0000 0.1254 -0.9921
vn -0.0000 -0.1951 -0.9808
vn -0.0000 0.1792 0.9838
vn -0.0000 0.1792 -0.9838
vn -0.0000 -0.9808 -0.1951
vn -0.0000 -0.9239 -0.3827
vn -0.0000 0.3827 0.9239
vn -0.0000 0.1951 0.9808
vn -0.0000 0.9808 0.1951
vn -0.0000 0.9239 0.3827
vn -0.0000 0.3525 0.9358
vn -0.0000 -0.3827 -0.9239
vn -0.0000 0.9808 -0.1951
vn -0.0000 0.9239 -0.3827
vn -0.0000 0.3525 -0.9358
vn -0.0000 -0.9808 0.1951
vn -0.0000 -0.9239 0.3827
vn -0.0000 -0.3525 -0.9358
vn -0.0000 -0.1792 -0.9838
vn -0.0000 -0.3525 0.9358
vn -0.0000 -0.1792 0.9838
vn -0.0000 0.2447 -0.9696
vn -0.0000 0.1254 0.9921
vn -0.0000 -0.1951 0.9808
vn -0.0000 -0.0007 -1.0000
vn -0.0000 0.1411 -0.9900
vn -0.0000 0.1951 -0.9808
vn -0.0000 0.3827 -0.9239
vn -0.0000 -0.3827 0.9239
vn -0.0000 0.2447 0.9696
vn 0.1646 -0.9864 -0.0000
vn 0.3247 -0.9458 -0.0000
vn 0.9963 0.0860 -0.0000
vn 0.9920 -0.1263 -0.0000
vn -0.1701 0.9854 -0.0000
vn 0.7838 -0.6210 -0.0000
vn 0.8754 -0.4835 -0.0000
vn -0.2098 -0.9777 -0.0000
vn -0.4103 -0.9119 -0.0000
vn -0.3352 0.9421 -0.0000
vn -0.8974 0.4412 -0.0000
vn -0.9972 0.0746 -0.0000
vn -0.9907 -0.1363 -0.0000
vn -0.8093 0.5874 -0.0000
vn 0.9239 0.3826 -0.0000
vn 0.9239 -0.3826 -0.0000
vn -0.0000 0.0002 1.0000
vn -0.1172 0.5852 -0.8024
vn -0.0000 0.5903 -0.8072
vn 0.0028 0.5935 -0.8048
vn -0.0039 1.0000 -0.0000
vn 0.0037 -1.0000 -0.0000
vn 0.1108 0.5848 0.8036
vn -0.1577 -0.9692 0.1894
vn -0.9951 -0.0985 0.0096
vn -0.0000 0.5918 0.8061
vn 0.1577 0.9692 -0.1894
vn 0.4127 0.9109 -0.0000
vt 0.416747 0.657145
vt 0.389809 0.583824
vt 0.391964 0.582294
vt 0.351723 0.615689
vt 0.327972 0.646961
vt 0.331128 0.616024
vt 0.272255 0.652862
vt 0.275553 0.661131
vt 0.270243 0.654984
vt 0.443250 0.703663
vt 0.377192 0.641692
vt 0.380567 0.630065
vt 0.312623 0.566749
vt 0.287459 0.469179
vt 0.314527 0.501184
vt 0.344104 0.551454
vt 0.347309 0.552199
vt 0.344062 0.552009
vt 0.403151 0.486694
vt 0.397087 0.579787
vt 0.393748 0.580913
vt 0.339113 0.527825
vt 0.339839 0.540952
vt 0.338154 0.543542
vt 0.351053 0.574359
vt 0.443783 0.413386
vt 0.454110 0.372384
vt 0.338867 0.543873
vt 0.338257 0.543621
vt 0.342767 0.540905
vt 0.342409 0.538999
vt 0.343887 0.540134
vt 0.339990 0.541025
vt 0.338909 0.543254
vt 0.320787 0.572865
vt 0.329864 0.548821
vt 0.330497 0.553968
vt 0.302717 0.608016
vt 0.244072 0.643970
vt 0.285884 0.595632
vt 0.341233 0.541254
vt 0.341834 0.539506
vt 0.354538 0.574464
vt 0.369871 0.607139
vt 0.367896 0.609248
vt 0.278767 0.658167
vt 0.345120 0.576787
vt 0.335434 0.576637
vt 0.216275 0.889068
vt 0.026377 0.961213
vt 0.013611 0.915822
vt 0.344541 0.862988
vt 0.416323 0.826933
vt 0.373006 0.887916
vt 0.373782 0.509706
vt 0.344832 0.531298
vt 0.345925 0.542894
vt 0.240099 0.647468
vt 0.323252 0.573816
vt 0.340816 0.548997
vt 0.342994 0.550972
vt 0.341245 0.551623
vt 0.332041 0.554589
vt 0.339869 0.551317
vt 0.339679 0.553615
vt 0.338674 0.554586
vt 0.350882 0.575720
vt 0.364165 0.611720
vt 0.284789 0.744309
vt 0.364922 0.747577
vt 0.344818 0.786288
vt 0.105102 0.740244
vt 0.031613 0.734775
vt 0.042946 0.729483
vt 0.301066 0.630354
vt 0.307012 0.610170
vt 0.306575 0.617952
vt 0.258449 0.780382
vt 0.261357 0.866402
vt 0.214091 0.800994
vt 0.341532 0.543901
vt 0.343971 0.543651
vt 0.338214 0.528248
vt 0.340182 0.540327
vt 0.340975 0.539850
vt 0.129502 0.679070
vt 0.068203 0.301489
vt 0.123172 0.349075
vt 0.399762 0.578172
vt 0.406205 0.487402
vt 0.410190 0.488672
vt 0.437310 0.665745
vt 0.104465 0.725819
vt 0.065029 0.720424
vt 0.369394 0.563158
vt 0.365873 0.610503
vt 0.352081 0.574250
vt 0.369449 0.560291
vt 0.349441 0.550765
vt 0.347705 0.544438
vt 0.355772 0.546100
vt 0.346862 0.543725
vt 0.356315 0.545341
vt 0.367627 0.560031
vt 0.356768 0.544569
vt 0.353020 0.571289
vt 0.348075 0.551592
vt 0.348594 0.551267
vt 0.356533 0.574438
vt 0.340769 0.530897
vt 0.340969 0.531046
vt 0.405829 0.639362
vt 0.337560 0.543686
vt 0.347646 0.550692
vt 0.353505 0.568713
vt 0.430447 0.641585
vt 0.346329 0.542120
vt 0.355848 0.543736
vt 0.356339 0.544110
vt 0.366425 0.559740
vt 0.369558 0.565517
vt 0.311581 0.611826
vt 0.340159 0.553864
vt 0.341668 0.551993
vt 0.343111 0.551488
vt 0.311307 0.640440
vt 0.363071 0.650389
vt 0.318669 0.693673
vt 0.327317 0.650743
vt 0.335620 0.575679
vt 0.326500 0.573925
vt 0.332305 0.558805
vt 0.373913 0.638946
vt 0.361841 0.645708
vt 0.334140 0.557364
vt 0.337604 0.556144
vt 0.337667 0.556235
vt 0.301960 0.636283
vt 0.309544 0.642816
vt 0.309297 0.643425
vt 0.332987 0.557903
vt 0.334070 0.557296
vt 0.327282 0.650008
vt 0.362326 0.646411
vt 0.396142 0.522508
vt 0.344166 0.550839
vt 0.344182 0.550935
vt 0.343000 0.551066
vt 0.376839 0.630415
vt 0.374692 0.639286
vt 0.326138 0.574042
vt 0.332163 0.558809
vt 0.341325 0.551692
vt 0.327719 0.647627
vt 0.344163 0.551314
vt 0.308453 0.618693
vt 0.311117 0.611713
vt 0.343064 0.551389
vt 0.339768 0.553660
vt 0.308910 0.618846
vt 0.303687 0.630627
vt 0.347142 0.551386
vt 0.347258 0.551228
vt 0.338744 0.554660
vt 0.304263 0.630728
vt 0.304583 0.634892
vt 0.341570 0.551951
vt 0.324898 0.574286
vt 0.310013 0.611356
vt 0.309618 0.611259
vt 0.339111 0.554973
vt 0.340055 0.553856
vt 0.379799 0.629990
vt 0.365510 0.610824
vt 0.310803 0.640920
vt 0.326337 0.574714
vt 0.326059 0.574621
vt 0.345171 0.575788
vt 0.345078 0.575545
vt 0.351137 0.575284
vt 0.364549 0.611430
vt 0.345196 0.576541
vt 0.335481 0.576147
vt 0.345181 0.576173
vt 0.351878 0.574551
vt 0.335433 0.576424
vt 0.377448 0.630286
vt 0.325225 0.574212
vt 0.302507 0.635913
vt 0.301747 0.630403
vt 0.307067 0.618137
vt 0.363082 0.649460
vt 0.376777 0.640912
vt 0.347909 0.551790
vt 0.347516 0.552037
vt 0.351251 0.574418
vt 0.335526 0.575873
vt 0.339022 0.554925
vt 0.347540 0.550844
vt 0.331719 0.558647
vt 0.332884 0.557842
vt 0.332594 0.557510
vt 0.333931 0.556952
vt 0.337407 0.555772
vt 0.331525 0.558618
vt 0.332525 0.557432
vt 0.333932 0.556887
vt 0.337378 0.555674
vt 0.287455 0.901727
vt 0.309220 0.830488
vt 0.410720 0.726703
vt 0.374142 0.708742
vt 0.410833 0.708225
vt 0.438425 0.431318
vt 0.284662 0.680507
vt 0.291269 0.673846
vt 0.347465 0.528944
vt 0.347137 0.528275
vt 0.340440 0.545567
vt 0.339703 0.544506
vt 0.339941 0.540545
vt 0.333774 0.548517
vt 0.337316 0.544270
vt 0.337501 0.545189
vt 0.346663 0.541217
vt 0.347791 0.529761
vt 0.331567 0.548434
vt 0.044411 0.290896
vt 0.038200 1.000000
vt 0.234018 0.924696
vt 0.255410 0.966676
vt 0.228312 0.703535
vt 0.216416 0.713052
vt 0.201177 0.716595
vt 0.238044 0.658022
vt 0.236907 0.675487
vt 0.146367 0.688876
vt 0.183927 0.713480
vt 0.165625 0.704282
vt 0.234807 0.690739
vt 0.337636 0.545957
vt 0.335323 0.548463
vt 0.124999 0.772902
vt -0.000000 0.824579
vt 0.000335 0.772055
vt 0.337587 0.546715
vt 0.336445 0.548105
vt 0.109632 0.524017
vt 0.236290 0.408717
vt 0.371851 0.722308
vt 0.314720 0.702710
vt 0.290540 0.707775
vt 0.444741 0.727336
vt 0.383624 0.809056
vt 0.305169 0.719060
vt 0.404344 0.759429
vt 0.439183 0.768368
vt 0.164032 0.799469
vt 0.313730 0.936578
vt 0.337805 0.553227
vt 0.334992 0.554460
vt 0.340817 0.546928
vt 0.305207 0.634687
vt 0.201339 0.720614
vt 0.182205 0.718740
vt 0.340401 0.547057
vt 0.340088 0.545701
vt 0.271617 0.664055
vt 0.336577 0.548343
vt 0.335369 0.548751
vt 0.340296 0.548914
vt 0.268119 0.657776
vt 0.338712 0.544126
vt 0.338361 0.543852
vt 0.337213 0.547475
vt 0.337823 0.546736
vt 0.337443 0.547621
vt 0.218460 0.717277
vt 0.167449 0.788395
vt 0.211969 0.790137
vt 0.231446 0.706001
vt 0.337505 0.544175
vt 0.337750 0.545087
vt 0.337623 0.543852
vt 0.238096 0.691820
vt 0.279408 0.682113
vt 0.333768 0.548959
vt 0.131875 0.766254
vt 0.334900 0.553812
vt 0.242034 0.658808
vt 0.240979 0.675965
vt 0.283399 0.707619
vt 0.276251 0.740471
vt 0.251625 0.771834
vt 0.162622 0.708972
vt 0.143372 0.694945
vt 0.112347 0.737680
vt 0.109060 0.726114
vt 0.132256 0.689552
vt 0.244194 0.652372
vt 0.332259 0.553908
vt 0.331650 0.549021
vt 0.339364 0.551006
vt 0.337478 0.552698
vt 0.337854 0.545907
vt 0.339434 0.544742
vt 0.330675 0.549317
vt 0.330945 0.553536
vt 0.330347 0.521678
vt 0.241019 0.412814
vt 0.358662 0.526312
vt 0.034465 0.284827
vt 0.341788 0.531544
vt 0.342680 0.531889
vt -0.000000 0.240839
vt 0.357824 0.527017
vt 0.343184 0.532442
vt 0.340627 0.530548
vt 0.357306 0.527444
vt 0.506104 0.094676
vt 0.506104 0.090677
vt 0.511212 0.090677
vt 0.511212 0.094676
vt 0.506104 0.126665
vt 0.511212 0.128189
vt 0.506104 0.128189
vt 0.506104 0.045338
vt 0.511212 0.089153
vt 0.506104 0.089153
vt 0.112538 0.521191
vt 0.506104 0.299185
vt 0.506104 0.272484
vt 0.511212 0.272484
vt 0.511212 0.299186
vt 0.511212 0.254584
vt 0.506104 0.254584
vt 0.506104 0.317086
vt 0.511212 0.317086
vt 0.506104 0.350329
vt 0.511212 0.350329
vt 0.511212 0.221341
vt 0.506104 0.221341
vt 0.514145 0.266232
vt 0.515612 0.310046
vt 0.514145 0.310046
vt 0.514145 0.172802
vt 0.512679 0.128987
vt 0.514145 0.128987
vt 0.506104 0.122667
vt 0.511212 0.122667
vt 0.511212 0.126666
vt 0.506104 0.118668
vt 0.511212 0.118668
vt 0.506104 0.114669
vt 0.511212 0.114669
vt 0.506104 0.110671
vt 0.511212 0.110671
vt 0.506104 0.106672
vt 0.511212 0.106672
vt 0.506104 0.102673
vt 0.511212 0.102673
vt 0.506104 0.098674
vt 0.511212 0.098674
vt 0.511212 0.172004
vt 0.506104 0.172004
vt 0.512679 0.220615
vt 0.514145 0.264430
vt 0.512679 0.264430
vt 0.511212 0.128987
vt 0.512679 0.172802
vt 0.511212 0.172802
vt 0.511212 0.220615
vt 0.512679 0.264430
vt 0.511212 0.264430
vt 0.556598 0.207388
vt 0.540120 0.213233
vt 0.540629 0.200325
vt 0.545147 0.235544
vt 0.533653 0.251712
vt 0.536608 0.233952
vt 0.532099 0.253048
vt 0.547352 0.266232
vt 0.527644 0.265637
vt 0.523021 0.250690
vt 0.514145 0.229776
vt 0.525453 0.231718
vt 0.548700 0.216266
vt 0.559092 0.238039
vt 0.546387 0.235808
vt 0.514145 0.255738
vt 0.533884 0.234694
vt 0.524411 0.249745
vt 0.526513 0.233297
vt 0.531170 0.211980
vt 0.523507 0.203502
vt 0.538479 0.214197
vt 0.527081 0.230669
vt 0.532118 0.213519
vt 0.540862 0.253328
vt 0.547395 0.217061
vt 0.541047 0.214906
vt 0.540415 0.252703
vt 0.547986 0.216707
vt 0.532986 0.252248
vt 0.535329 0.233696
vt 0.535985 0.233827
vt 0.545750 0.235672
vt 0.540623 0.214123
vt 0.531528 0.252060
vt 0.523746 0.250199
vt 0.534527 0.234243
vt 0.526034 0.232563
vt 0.531660 0.212720
vt 0.539286 0.213783
vt 0.534817 0.232898
vt 0.526337 0.231162
vt 0.540029 0.252171
vt 0.737607 0.528320
vt 0.531038 0.251376
vt 0.767061 0.528320
vt 0.538479 0.214196
vt 0.207440 0.528320
vt 0.534389 0.232230
vt 0.501794 0.007328
vt 0.506104 0.350370
vt 0.506104 0.009539
vt 0.496946 0.002960
vt 0.490858 0.366443
vt 0.496262 0.362309
vt 0.500013 0.007158
vt 0.486292 0.357421
vt 0.487728 -0.000000
vt 0.485315 0.012329
vt 0.489609 0.011643
vt 0.486024 0.346624
vt 0.490753 0.347197
vt 0.490717 0.348670
vt 0.496142 0.347506
vt 0.494997 0.350009
vt 0.499499 0.350741
vt 0.495777 0.007891
vt 0.491766 0.009283
vt 0.498835 0.010928
vt 0.492230 0.000581
vt 0.496931 0.005655
vt 0.496928 0.357295
vt 0.467831 0.377516
vt 0.467838 0.377749
vt 0.467827 0.377517
vt 0.467835 0.377513
vt 0.467964 0.377646
vt 0.467839 0.377510
vt 0.468059 0.377517
vt 0.467843 0.377505
vt 0.468122 0.377374
vt 0.467845 0.377499
vt 0.468156 0.377221
vt 0.467846 0.377492
vt 0.468163 0.377064
vt 0.467845 0.377485
vt 0.468146 0.376912
vt 0.483555 0.424833
vt 0.552542 0.469711
vt 0.485951 0.421045
vt 0.547233 0.476973
vt 0.480652 0.428289
vt 0.524607 0.509937
vt 0.476126 0.430570
vt 0.486457 0.522067
vt 0.471099 0.430783
vt 0.463320 0.516957
vt 0.466441 0.429911
vt 0.467480 0.377593
vt 0.467808 0.377507
vt 0.467812 0.377512
vt 0.467547 0.377800
vt 0.467817 0.377515
vt 0.467692 0.377814
vt 0.467822 0.377517
vt 0.107800 0.523253
vt 0.471212 0.427549
vt 0.467572 0.427201
vt 0.475279 0.427414
vt 0.467546 0.376703
vt 0.467561 0.377089
vt 0.467377 0.377014
vt 0.478784 0.425826
vt 0.467781 0.376657
vt 0.467680 0.376881
vt 0.481314 0.423163
vt 0.467987 0.376652
vt 0.467826 0.376796
vt 0.483171 0.420034
vt 0.467840 0.377493
vt 0.467836 0.377487
vt 0.467841 0.377498
vt 0.467840 0.377503
vt 0.467837 0.377508
vt 0.468176 0.377569
vt 0.468241 0.377404
vt 0.468069 0.377728
vt 0.467909 0.377869
vt 0.467690 0.377975
vt 0.467380 0.378019
vt 0.467279 0.377629
vt 0.467491 0.377339
vt 0.467295 0.377311
vt 0.468093 0.376787
vt 0.467971 0.376771
vt 0.468214 0.376647
vt 0.468258 0.376876
vt 0.468277 0.377065
vt 0.468273 0.377237
vt 0.471898 0.383443
vt 0.471744 0.382533
vt 0.471722 0.381771
vt 0.471776 0.381144
vt 0.471873 0.380629
vt 0.471997 0.380198
vt 0.472142 0.379825
vt 0.472319 0.379486
vt 0.472845 0.378840
vt 0.472545 0.379162
vt 0.472949 0.378430
vt 0.476588 0.383449
vt 0.474227 0.383828
vt 0.463958 0.427097
vt 0.473485 0.380348
vt 0.477474 0.382034
vt 0.477758 0.380348
vt 0.016680 0.518602
vt 0.491282 0.366765
vt 0.489834 0.370089
vt 0.489834 0.366443
vt 0.401168 0.485303
vt 0.417430 0.428792
vt 0.426966 0.413917
vt 0.334187 0.416193
vt 0.357760 0.450693
vt 0.335953 0.449338
vt 0.274505 0.405028
vt 0.278794 0.396260
vt 0.282091 0.399780
vt 0.385524 0.425332
vt 0.424109 0.362814
vt 0.349127 0.518431
vt 0.345579 0.519138
vt 0.345562 0.518544
vt 0.354613 0.494483
vt 0.348310 0.493164
vt 0.339784 0.527434
vt 0.339232 0.527757
vt 0.343722 0.530482
vt 0.340814 0.530384
vt 0.323091 0.495250
vt 0.331494 0.516248
vt 0.305808 0.456545
vt 0.342154 0.530097
vt 0.376992 0.460159
vt 0.358268 0.493993
vt 0.374752 0.457849
vt 0.348373 0.491915
vt 0.338120 0.491547
vt 0.246800 0.142986
vt 0.052479 0.040215
vt 0.270971 0.107383
vt 0.450253 0.241194
vt 0.379977 0.190571
vt 0.414526 0.168598
vt 0.272392 0.402513
vt 0.325579 0.494294
vt 0.342002 0.521732
vt 0.344378 0.519642
vt 0.345580 0.519788
vt 0.333022 0.515599
vt 0.341105 0.519212
vt 0.339990 0.515660
vt 0.340995 0.516693
vt 0.354416 0.493239
vt 0.370838 0.455312
vt 0.298336 0.307598
vt 0.383386 0.315687
vt 0.316800 0.337275
vt 0.108529 0.284765
vt 0.310342 0.454474
vt 0.304714 0.432154
vt 0.310101 0.446063
vt 0.275514 0.265279
vt 0.291610 0.173947
vt 0.337170 0.219584
vt 0.342534 0.527285
vt 0.345104 0.527534
vt 0.104348 0.300031
vt 0.373605 0.506616
vt 0.372662 0.456489
vt 0.388652 0.437423
vt 0.355625 0.494349
vt 0.351329 0.519537
vt 0.357885 0.525141
vt 0.349116 0.526489
vt 0.348187 0.527310
vt 0.358247 0.525669
vt 0.371756 0.509891
vt 0.349798 0.518832
vt 0.356390 0.497493
vt 0.350407 0.519104
vt 0.360419 0.493860
vt 0.397754 0.483829
vt 0.373612 0.504102
vt 0.349357 0.519913
vt 0.356697 0.500260
vt 0.370213 0.510082
vt 0.315059 0.452840
vt 0.328404 0.493014
vt 0.341498 0.516338
vt 0.343004 0.518465
vt 0.344520 0.519072
vt 0.315855 0.422394
vt 0.328496 0.365963
vt 0.371296 0.415324
vt 0.333523 0.411851
vt 0.338270 0.492751
vt 0.333488 0.510830
vt 0.328535 0.494275
vt 0.382091 0.427666
vt 0.369867 0.419803
vt 0.338948 0.513974
vt 0.335350 0.512482
vt 0.339029 0.513861
vt 0.335276 0.512593
vt 0.334163 0.511883
vt 0.333515 0.412715
vt 0.313498 0.418790
vt 0.370375 0.419214
vt 0.334054 0.511971
vt 0.345620 0.519690
vt 0.382886 0.427464
vt 0.384751 0.436685
vt 0.328242 0.494077
vt 0.342561 0.518921
vt 0.342642 0.518823
vt 0.344388 0.519533
vt 0.345624 0.519288
vt 0.312072 0.445357
vt 0.312535 0.445214
vt 0.344466 0.519183
vt 0.307608 0.432172
vt 0.308232 0.432142
vt 0.348890 0.519246
vt 0.341089 0.516614
vt 0.308879 0.427777
vt 0.309528 0.428073
vt 0.342906 0.518532
vt 0.313490 0.453284
vt 0.327191 0.493804
vt 0.313129 0.453384
vt 0.315287 0.421770
vt 0.341396 0.516380
vt 0.340457 0.515184
vt 0.387823 0.437396
vt 0.333894 0.415382
vt 0.338178 0.492493
vt 0.314623 0.452943
vt 0.348415 0.492930
vt 0.372265 0.456199
vt 0.354677 0.493554
vt 0.371255 0.455576
vt 0.348453 0.492169
vt 0.338142 0.492152
vt 0.338106 0.491813
vt 0.348432 0.492544
vt 0.328192 0.493259
vt 0.385390 0.436913
vt 0.313886 0.419630
vt 0.305449 0.432225
vt 0.310599 0.445888
vt 0.371313 0.416189
vt 0.385093 0.426001
vt 0.349689 0.518727
vt 0.348998 0.519378
vt 0.349296 0.518535
vt 0.354796 0.494383
vt 0.340361 0.515262
vt 0.332897 0.511048
vt 0.333355 0.510863
vt 0.335112 0.512994
vt 0.338722 0.514376
vt 0.306900 0.426536
vt 0.306340 0.426104
vt 0.327382 0.493799
vt 0.332727 0.511103
vt 0.333729 0.512337
vt 0.333652 0.512451
vt 0.335103 0.513108
vt 0.338680 0.514502
vt 0.340065 0.515557
vt 0.355446 0.494207
vt 0.324940 0.140084
vt 0.387602 0.357167
vt 0.426894 0.344270
vt 0.290552 0.376121
vt 0.297142 0.384017
vt 0.341442 0.525506
vt 0.341912 0.523952
vt 0.339822 0.528036
vt 0.337970 0.527357
vt 0.334441 0.522057
vt 0.338173 0.526123
vt 0.332086 0.522080
vt 0.070432 0.000000
vt 0.230691 0.342837
vt 0.203076 0.323694
vt 0.219171 0.330345
vt 0.234848 0.396039
vt 0.140562 0.341641
vt 0.235952 0.375649
vt 0.183755 0.323842
vt 0.235889 0.358097
vt 0.338326 0.525098
vt 0.336077 0.522162
vt 0.006204 0.183723
vt 0.133934 0.253350
vt 0.338313 0.524183
vt 0.337277 0.522599
vt 0.387021 0.342895
vt 0.299832 0.347522
vt 0.325109 0.355829
vt 0.460654 0.349772
vt 0.412650 0.254313
vt 0.425911 0.309713
vt 0.463320 0.306907
vt 0.368121 0.272015
vt 0.231451 0.236625
vt 0.358594 0.106645
vt 0.300066 0.065257
vt 0.178282 0.230914
vt 0.032601 0.087303
vt 0.339030 0.517111
vt 0.336161 0.515735
vt 0.340658 0.526680
vt 0.182888 0.317940
vt 0.203979 0.319419
vt 0.341484 0.523842
vt 0.274710 0.392680
vt 0.336154 0.521835
vt 0.337437 0.522340
vt 0.341450 0.521829
vt 0.127493 0.338669
vt 0.138396 0.336411
vt 0.339623 0.527205
vt 0.338033 0.523345
vt 0.338301 0.523194
vt 0.338548 0.524167
vt 0.338325 0.524192
vt 0.222146 0.326135
vt 0.180314 0.242969
vt 0.234538 0.340702
vt 0.338340 0.527845
vt 0.239721 0.357464
vt 0.284971 0.373801
vt 0.334468 0.521568
vt 0.140336 0.261224
vt 0.336024 0.516450
vt 0.239600 0.395546
vt 0.240661 0.375741
vt 0.292159 0.346706
vt 0.288724 0.310415
vt 0.266929 0.273272
vt 0.227489 0.247753
vt 0.160163 0.324713
vt 0.241513 0.403225
vt 0.270256 0.399209
vt 0.332201 0.521437
vt 0.340572 0.519552
vt 0.338650 0.517691
vt 0.338627 0.525152
vt 0.340402 0.526450
vt 0.341090 0.525370
vt 0.338227 0.527387
vt 0.338447 0.526212
vt 0.339294 0.527538
vt 0.333212 0.516337
vt 0.331206 0.521129
vt 0.331862 0.516699
vt 0.116240 0.288584
vt 0.162432 0.330058
vt 0.108926 0.300737
vt 0.506104 0.354327
vt 0.511212 0.350329
vt 0.511212 0.354327
vt 0.506104 0.215818
vt 0.511212 0.215818
vt 0.511212 0.217342
vt 0.506104 0.217342
vt 0.511212 0.001524
vt 0.506104 0.001524
vt 0.511212 0.051143
vt 0.516319 0.077844
vt 0.511212 0.077844
vt 0.516319 0.095744
vt 0.511212 0.095744
vt 0.516319 0.051143
vt 0.511212 0.033243
vt 0.516319 0.033243
vt 0.511212 0.000000
vt 0.516319 0.000000
vt 0.516319 0.128987
vt 0.514145 0.308244
vt 0.512679 0.312243
vt 0.512679 0.308244
vt 0.512679 0.216616
vt 0.514145 0.216616
vt 0.489823 0.370467
vt 0.489823 0.366443
vt 0.489834 0.367085
vt 0.489830 0.370070
vt 0.506104 0.221341
vt 0.511212 0.370322
vt 0.506104 0.366324
vt 0.511212 0.366324
vt 0.511212 0.362325
vt 0.506104 0.362325
vt 0.511212 0.358326
vt 0.506104 0.358326
vt 0.511212 -0.000000
vt 0.506104 -0.000000
vt 0.512679 0.220615
vt 0.514145 0.220615
vt 0.511212 0.308244
vt 0.512679 0.312243
vt 0.511212 0.312243
vt 0.511212 0.216616
vt 0.511212 0.220615
vt 0.535444 0.188212
vt 0.549380 0.198163
vt 0.531712 0.200325
vt 0.538287 0.146249
vt 0.546285 0.167426
vt 0.537329 0.166418
vt 0.111328 0.528320
vt 0.514145 0.165438
vt 0.526531 0.146102
vt 0.525253 0.166124
vt 0.559259 0.169927
vt 0.544296 0.187436
vt 0.547666 0.167553
vt 0.530890 0.133830
vt 0.536892 0.144718
vt 0.527801 0.147312
vt 0.534626 0.164980
vt 0.526665 0.164741
vt 0.526446 0.185546
vt 0.516960 0.191592
vt 0.526471 0.167495
vt 0.534172 0.186091
vt 0.527408 0.184366
vt 0.559259 0.144526
vt 0.548301 0.144926
vt 0.543280 0.186360
vt 0.536848 0.186678
vt 0.547455 0.145742
vt 0.546958 0.167485
vt 0.536239 0.187299
vt 0.543751 0.186854
vt 0.537646 0.145518
vt 0.535935 0.166364
vt 0.536648 0.166391
vt 0.536040 0.145755
vt 0.527194 0.146727
vt 0.535206 0.165602
vt 0.526022 0.165389
vt 0.527093 0.185020
vt 0.534790 0.187380
vt 0.525919 0.166846
vt 0.535205 0.167068
vt 0.546766 0.146386
vt 0.535346 0.146447
vt 0.527095 0.185019
vt 0.534553 0.167673
vt 0.502194 0.353931
vt 0.473071 0.529447
vt 0.473707 0.529484
vt 0.473666 0.530178
vt 0.473030 0.530140
vt 0.529798 0.312243
vt 0.524315 0.330413
vt 0.522955 0.312545
vt 0.523738 0.332642
vt 0.529234 0.336851
vt 0.523166 0.335725
vt 0.478966 0.522437
vt 0.476079 0.528590
vt 0.476449 0.522289
vt 0.392061 0.518236
vt 0.486257 0.372812
vt 0.485315 0.366443
vt 0.486582 0.366508
vt 0.522632 0.127347
vt 0.516319 0.128616
vt 0.516319 0.127347
vt 0.530251 0.331186
vt 0.524279 0.331513
vt 0.530033 0.332548
vt 0.522632 0.109170
vt 0.516319 0.109170
vt 0.491493 0.371645
vt 0.491359 0.372969
vt 0.490461 0.372072
vt 0.486631 0.373864
vt 0.485315 0.373662
vt 0.523218 0.331207
vt 0.523663 0.109375
vt 0.522710 0.332655
vt 0.522174 0.335541
vt 0.521883 0.312844
vt 0.523277 0.330494
vt 0.475334 0.529580
vt 0.473562 0.528443
vt 0.524358 0.127141
vt 0.523663 0.127141
vt 0.478966 0.529793
vt 0.478290 0.530449
vt 0.478331 0.529756
vt 0.475293 0.530273
vt 0.488728 0.373057
vt 0.488728 0.373826
vt 0.488163 0.373534
vt 0.364656 0.519617
vt 0.490753 0.370089
vt 0.490971 0.370089
vt 0.491107 0.370773
vt 0.490470 0.370773
vt 0.525042 0.127005
vt 0.524358 0.109375
vt 0.525042 0.109511
vt 0.489139 0.366443
vt 0.489823 0.369309
vt 0.489139 0.369309
vt 0.536412 0.109306
vt 0.537096 0.126936
vt 0.536412 0.126800
vt 0.473762 0.530868
vt 0.475253 0.530956
vt 0.535774 0.109306
vt 0.535490 0.127084
vt 0.532624 0.126800
vt 0.535774 0.126800
vt 0.478596 0.528738
vt 0.473932 0.522141
vt 0.528907 0.338616
vt 0.522838 0.337490
vt 0.532624 0.109306
vt 0.526820 0.109511
vt 0.525325 0.127005
vt 0.525325 0.109511
vt 0.528502 0.085292
vt 0.528119 0.085703
vt 0.527693 0.085515
vt 0.527953 0.084986
vt 0.521769 0.098444
vt 0.516319 0.077851
vt 0.522257 0.085219
vt 0.527107 0.109170
vt 0.523481 0.099871
vt 0.526066 0.100078
vt 0.526169 0.083894
vt 0.520742 0.075295
vt 0.526259 0.074859
vt 0.529105 0.084585
vt 0.535201 0.078685
vt 0.529725 0.085493
vt 0.528190 0.084155
vt 0.533253 0.077418
vt 0.518372 0.076456
vt 0.522984 0.084362
vt 0.532994 0.107328
vt 0.529163 0.098791
vt 0.534990 0.105963
vt 0.530689 0.108468
vt 0.528455 0.099630
vt 0.522447 0.099415
vt 0.516319 0.105385
vt 0.518295 0.106641
vt 0.528870 0.085806
vt 0.523523 0.085139
vt 0.523106 0.085611
vt 0.523944 0.084033
vt 0.524080 0.084911
vt 0.527906 0.098893
vt 0.528320 0.098416
vt 0.527564 0.099953
vt 0.527398 0.099154
vt 0.523063 0.098642
vt 0.522646 0.098088
vt 0.523696 0.098965
vt 0.526071 0.099246
vt 0.526727 0.084769
vt 0.527836 0.098123
vt 0.526064 0.098729
vt 0.523599 0.085905
vt 0.528361 0.086042
vt 0.523436 0.098188
vt 0.488728 0.373826
vt 0.488728 0.373057
vt 0.488921 0.373727
vt 0.527330 0.098142
vt 0.527241 0.098634
vt 0.527185 0.098215
vt 0.527367 0.097979
vt 0.527913 0.086185
vt 0.524767 0.098317
vt 0.526053 0.098161
vt 0.523165 0.097832
vt 0.524136 0.086095
vt 0.523638 0.097612
vt 0.526639 0.085455
vt 0.527705 0.086021
vt 0.526574 0.085979
vt 0.524529 0.086415
vt 0.526208 0.086264
vt 0.524447 0.085813
vt 0.525691 0.097747
vt 0.524175 0.097633
vt 0.524063 0.097466
vt 0.526109 0.097946
vt 0.526246 0.086430
vt 0.526668 0.086230
vt 0.523999 0.098359
vt 0.531282 0.076471
vt 0.527171 0.097996
vt 0.524683 0.086268
vt 0.527719 0.086197
vt 0.515051 0.314056
vt 0.521809 0.330870
vt 0.515437 0.331119
vt 0.521779 0.364365
vt 0.515201 0.367390
vt 0.515329 0.364113
vt 0.515468 0.336144
vt 0.521883 0.333582
vt 0.521883 0.336144
vt 0.515468 0.339997
vt 0.521883 0.341286
vt 0.515468 0.341286
vt 0.515468 0.338707
vt 0.521883 0.339997
vt 0.521859 0.332150
vt 0.515728 0.332356
vt 0.521883 0.361050
vt 0.515468 0.359760
vt 0.521883 0.359760
vt 0.521852 0.362490
vt 0.515712 0.361015
vt 0.514798 0.312890
vt 0.520886 0.313279
vt 0.514172 0.340897
vt 0.514420 0.341495
vt 0.513902 0.313563
vt 0.514084 0.314174
vt 0.514420 0.359552
vt 0.514155 0.367139
vt 0.514275 0.364071
vt 0.514399 0.330935
vt 0.514420 0.336842
vt 0.514420 0.338498
vt 0.513714 0.359552
vt 0.514341 0.362406
vt 0.513631 0.362378
vt 0.513656 0.361728
vt 0.514366 0.361755
vt 0.513566 0.364044
vt 0.514391 0.361105
vt 0.513714 0.341495
vt 0.513019 0.359413
vt 0.513019 0.341633
vt 0.534723 0.312391
vt 0.534039 0.330021
vt 0.534039 0.312527
vt 0.533400 0.330021
vt 0.489139 0.373669
vt 0.489778 0.370803
vt 0.489778 0.373669
vt 0.534039 0.330238
vt 0.533400 0.330238
vt 0.530251 0.312527
vt 0.533117 0.312243
vt 0.533400 0.312527
vt 0.490461 0.373669
vt 0.513446 0.367111
vt 0.514420 0.333791
vt 0.521883 0.338707
vt 0.515403 0.362237
vt 0.530251 0.330021
vt 0.512730 0.341345
vt 0.512730 0.341633
vt 0.512730 0.359413
vt 0.511212 0.341633
vt 0.516319 0.071742
vt 0.521682 0.051292
vt 0.522240 0.064618
vt 0.523444 0.049957
vt 0.527309 0.040508
vt 0.526034 0.049705
vt 0.520589 0.074298
vt 0.525972 0.065948
vt 0.525880 0.074859
vt 0.534764 0.071444
vt 0.528927 0.065475
vt 0.529574 0.064585
vt 0.532800 0.072628
vt 0.527995 0.065856
vt 0.518302 0.073130
vt 0.522958 0.065490
vt 0.523908 0.065827
vt 0.529233 0.051082
vt 0.533284 0.042485
vt 0.535287 0.043911
vt 0.528545 0.050216
vt 0.530959 0.041284
vt 0.516319 0.044202
vt 0.522401 0.050363
vt 0.518341 0.042969
vt 0.528366 0.064771
vt 0.527829 0.065021
vt 0.523509 0.064733
vt 0.523098 0.064239
vt 0.527979 0.050963
vt 0.528365 0.051443
vt 0.527629 0.049858
vt 0.522989 0.051157
vt 0.523630 0.050905
vt 0.528720 0.064261
vt 0.526024 0.050558
vt 0.522537 0.051670
vt 0.526528 0.065089
vt 0.527862 0.051709
vt 0.523855 0.064291
vt 0.523037 0.051950
vt 0.523602 0.063930
vt 0.524063 0.064987
vt 0.526531 0.064549
vt 0.527666 0.064063
vt 0.527651 0.064549
vt 0.527505 0.064079
vt 0.524231 0.063876
vt 0.524237 0.064481
vt 0.527341 0.051717
vt 0.527410 0.051853
vt 0.527197 0.051667
vt 0.527276 0.051208
vt 0.527650 0.051359
vt 0.492041 0.370017
vt 0.492041 0.370786
vt 0.491476 0.370494
vt 0.528199 0.064012
vt 0.527752 0.063917
vt 0.524232 0.051770
vt 0.526005 0.051147
vt 0.526026 0.051757
vt 0.524094 0.063727
vt 0.523441 0.052124
vt 0.526566 0.064006
vt 0.524472 0.063410
vt 0.524642 0.063582
vt 0.524520 0.063526
vt 0.524231 0.063876
vt 0.524122 0.052078
vt 0.525746 0.052223
vt 0.523897 0.052259
vt 0.523978 0.052125
vt 0.526170 0.063545
vt 0.526137 0.051996
vt 0.526638 0.063791
vt 0.524388 0.063995
vt 0.523870 0.051490
vt 0.527450 0.050685
vt 0.530829 0.073493
vt 0.527213 0.051868
vt 0.527505 0.064078
vt 0.527535 0.063880
vt 0.527663 0.293607
vt 0.525706 0.286882
vt 0.528894 0.292973
vt 0.530081 0.289671
vt 0.530077 0.291671
vt 0.390600 0.524282
vt 0.544497 0.296719
vt 0.537799 0.303882
vt 0.526689 0.293624
vt 0.523921 0.288599
vt 0.524038 0.287936
vt 0.529644 0.306316
vt 0.545825 0.285069
vt 0.527054 0.286370
vt 0.527244 0.286395
vt 0.519884 0.284924
vt 0.518945 0.286539
vt 0.516796 0.286074
vt 0.515612 0.281387
vt 0.527541 0.286053
vt 0.545116 0.282349
vt 0.545492 0.284678
vt 0.519424 0.286699
vt 0.530465 0.290682
vt 0.545955 0.291263
vt 0.526123 0.293106
vt 0.524412 0.305981
vt 0.520359 0.304519
vt 0.524204 0.283887
vt 0.524296 0.283595
vt 0.491693 0.366620
vt 0.491282 0.368556
vt 0.491282 0.366443
vt 0.519765 0.304511
vt 0.545231 0.297742
vt 0.521550 0.283693
vt 0.521730 0.284092
vt 0.516620 0.304628
vt 0.515612 0.307063
vt 0.520983 0.281113
vt 0.544535 0.270648
vt 0.524935 0.281964
vt 0.265344 0.526509
vt 0.528050 0.284635
vt 0.524713 0.287367
vt 0.541556 0.266232
vt 0.532624 0.112800
vt 0.526820 0.109170
vt 0.532624 0.109170
vt 0.532624 0.128040
vt 0.526820 0.122235
vt 0.532624 0.122235
vt 0.526820 0.118605
vt 0.532624 0.118605
vt 0.526820 0.112800
vt 0.524907 0.016412
vt 0.530294 0.022540
vt 0.529102 0.023432
vt 0.525326 0.023113
vt 0.527355 0.024051
vt 0.526174 0.024005
vt 0.527580 0.039136
vt 0.536987 0.035645
vt 0.530814 0.021591
vt 0.527744 0.016443
vt 0.530679 0.020759
vt 0.541333 0.027853
vt 0.522925 0.016991
vt 0.517081 0.036126
vt 0.518610 0.012689
vt 0.529243 0.011844
vt 0.529349 0.013336
vt 0.528450 0.012745
vt 0.527118 0.016081
vt 0.529226 0.013551
vt 0.522066 0.038274
vt 0.541498 0.022839
vt 0.540582 0.019522
vt 0.524891 0.010668
vt 0.517977 0.012212
vt 0.524949 0.010238
vt 0.542489 0.028167
vt 0.537866 0.036679
vt 0.521609 0.039716
vt 0.516319 0.036786
vt 0.527701 0.040508
vt 0.542586 0.022694
vt 0.541047 0.019198
vt 0.527401 0.011780
vt 0.543286 0.016984
vt 0.529961 0.012517
vt 0.547617 0.009859
vt 0.528447 0.010618
vt 0.525971 0.008146
vt 0.516319 0.007536
vt 0.526195 0.016116
vt 0.543034 0.000000
vt 0.546933 0.014508
vt 0.526955 0.364556
vt 0.521883 0.357348
vt 0.531462 0.358249
vt 0.526663 0.365010
vt 0.531462 0.371884
vt 0.526390 0.364677
vt 0.521883 0.370984
vt 0.526682 0.364222
vt 0.463320 0.362941
vt 0.467444 0.015123
vt 0.463320 0.015958
vt 0.475055 0.012907
vt 0.466950 0.370021
vt 0.469770 0.373071
vt 0.484668 0.373933
vt 0.464834 0.008158
vt 0.478487 0.013115
vt 0.466270 0.364683
vt 0.471840 0.014792
vt 0.483631 0.013192
vt 0.480486 0.360436
vt 0.485315 0.359646
vt 0.480772 0.362656
vt 0.476312 0.364444
vt 0.470134 -0.000000
vt 0.478295 0.010834
vt 0.471543 0.365588
vt 0.469381 0.366730
vt 0.475880 0.003713
vt 0.474937 0.361018
vt 0.471756 0.008510
vt 0.471078 0.013878
vt 0.389936 0.520362
vt 0.521883 0.353234
vt 0.525807 0.344472
vt 0.525666 0.351431
vt 0.534205 0.342379
vt 0.526446 0.338710
vt 0.536074 0.338867
vt 0.526037 0.357348
vt 0.534294 0.354001
vt 0.535806 0.357348
vt 0.539925 0.353828
vt 0.535712 0.353249
vt 0.536457 0.351847
vt 0.538088 0.356014
vt 0.523514 0.355750
vt 0.527836 0.353565
vt 0.536319 0.344380
vt 0.538340 0.340555
vt 0.539843 0.342804
vt 0.535565 0.343030
vt 0.522310 0.342405
vt 0.526556 0.343066
vt 0.524113 0.340163
vt 0.527956 0.342298
vt 0.534758 0.352298
vt 0.533986 0.352629
vt 0.527406 0.351838
vt 0.526983 0.351069
vt 0.526463 0.352790
vt 0.534671 0.343952
vt 0.527540 0.344051
vt 0.528318 0.343603
vt 0.535098 0.351522
vt 0.533919 0.343670
vt 0.527102 0.344862
vt 0.528200 0.352216
vt 0.394186 0.516110
vt 0.528497 0.344120
vt 0.527490 0.350890
vt 0.328976 0.513034
vt 0.470238 0.530645
vt 0.470145 0.531740
vt 0.469951 0.530764
vt 0.528358 0.350952
vt 0.528278 0.350707
vt 0.470995 0.529720
vt 0.471971 0.522278
vt 0.471971 0.529914
vt 0.488163 0.366637
vt 0.489139 0.373057
vt 0.488163 0.372862
vt 0.463726 0.530764
vt 0.463531 0.531740
vt 0.487524 0.366443
vt 0.488163 0.373691
vt 0.487524 0.373691
vt 0.469951 0.530125
vt 0.470356 0.522472
vt 0.470995 0.522472
vt 0.463726 0.530125
vt 0.469951 0.522067
vt 0.463439 0.522186
vt 0.463726 0.522067
vt 0.470356 0.529720
vt 0.470238 0.522186
vt 0.470238 0.530007
vt 0.511212 0.045338
vt 0.515612 0.266232
vt 0.512679 0.220615
vt 0.112451 0.524803
vt 0.550080 0.473483
vt 0.467813 0.377479
vt 0.467808 0.377488
vt 0.467806 0.377498
vt 0.467938 0.374089
vt 0.349270 0.519764
vt 0.306928 0.426551
vt 0.514145 0.312243
vt 0.512679 0.308244
vt 0.544275 0.128987
vt 0.518899 0.140846
vt 0.472666 0.522067
vt 0.487524 0.372877
vt 0.490461 0.370803
vt 0.532624 0.127084
vt 0.526820 0.127005
vt 0.520285 0.107583
vt 0.490470 0.370783
vt 0.489834 0.370783
vt 0.489834 0.370089
vt 0.523821 0.085537
vt 0.523166 0.097833
vt 0.527560 0.098504
vt 0.527841 0.086058
vt 0.524259 0.085921
vt 0.527330 0.098142
vt 0.523726 0.097765
vt 0.524000 0.098358
vt 0.527693 0.085515
vt 0.525325 0.097834
vt 0.521650 0.367642
vt 0.521599 0.368939
vt 0.514420 0.339562
vt 0.514616 0.332369
vt 0.514594 0.360984
vt 0.515468 0.333582
vt 0.511212 0.359413
vt 0.520369 0.042056
vt 0.527849 0.064192
vt 0.525703 0.052078
vt 0.526567 0.064006
vt 0.520234 0.285216
vt 0.538701 0.304725
vt 0.524787 0.307025
vt 0.547207 0.282011
vt 0.528296 0.012973
vt 0.527192 0.012071
vt 0.545385 0.016766
vt 0.535018 0.344702
vt 0.472666 0.529914
vt 0.527679 0.345065
vt 0.527794 0.351463
vt 0.463439 0.530645
vt 0.492333 0.372072
vt 0.492333 0.373129
vt 0.491493 0.372781
vt 0.491693 0.367500
vt 0.491693 0.366443
vt 0.492532 0.366790
vt 0.489139 0.366443
vt 0.463439 0.530007
vt 0.463320 0.529720
vt 0.488163 0.366443
vt 0.529806 0.333768
vt 0.522612 0.338710
vt 0.492524 0.371645
vt 0.491493 0.372072
vt 0.491493 0.370803
vt 0.491282 0.368556
vt 0.491775 0.368959
vt 0.491282 0.369888
vt 0.488921 0.373057
vt 0.489127 0.373661
vt 0.488921 0.373731
vt 0.537096 0.109170
vt 0.521883 0.337108
vt 0.530166 0.307343
vt 0.547249 0.290695
vt 0.512679 0.172802
vt 0.463414 0.378207
vt 0.466805 0.373933
vt 0.463320 0.375559
vt 0.511212 0.221341
vt 0.491156 0.373878
vt 0.491156 0.373138
vt 0.491744 0.373381
vt 0.489139 0.370803
vt 0.513701 0.312243
vt 0.534723 0.330157
vt 0.530251 0.312243
vt 0.512927 0.362490
vt 0.511212 0.341345
vt 0.527666 0.064062
vt 0.491282 0.369888
vt 0.523870 0.051491
vt 0.526096 0.063711
vt 0.490461 0.372969
vt 0.491156 0.372969
vt 0.491156 0.373878
s 1
g off
g Cuerpo_MT_Car
usemtl MT_Car
f 37/1/1 50/2/1 36/3/1
f 14/4/2 69/5/2 9/6/2
f 20/7/2 232/8/2 227/9/2
f 44/10/3 97/11/4 89/12/5
f 195/13/6 481/14/6 673/15/6
f 107/16/7 99/17/7 13/18/7
f 519/19/8 1/20/8 41/21/8
f 497/22/6 31/23/6 19/24/6
f 84/25/7 13/18/7 99/17/7
f 44/10/8 484/26/8 522/27/8
f 19/24/2 238/28/2 237/29/2
f 30/30/9 5/31/10 28/32/11
f 19/24/2 174/33/2 172/34/2
f 23/35/6 228/36/12 198/37/13
f 18/38/6 194/39/6 3/40/6
f 29/41/2 16/42/2 30/30/2
f 22/43/14 51/44/14 43/45/14
f 18/38/2 175/46/2 20/7/2
f 86/47/2 9/6/2 87/48/2
f 220/49/15 168/50/16 32/51/17
f 167/52/18 214/53/19 24/54/20
f 41/21/21 526/55/21 519/19/21
f 506/56/22 46/57/23 28/32/22
f 231/58/24 20/7/6 227/9/25
f 176/59/2 18/38/2 23/35/2
f 225/60/2 108/61/2 106/62/2
f 202/63/2 23/35/2 198/37/2
f 201/64/2 105/65/2 70/66/2
f 14/4/26 49/67/7 7/68/7
f 193/69/2 209/70/2 213/71/2
f 226/72/2 35/73/2 171/74/2
f 94/75/2 173/76/2 95/77/2
f 189/78/2 217/79/2 199/80/2
f 10/81/2 30/30/2 15/82/2
f 15/82/27 28/32/11 46/57/28
f 19/24/6 712/83/24 497/22/6
f 29/41/2 170/84/2 11/85/2
f 233/86/12 504/87/6 711/88/12
f 54/89/29 479/90/29 532/91/29
f 6/92/8 41/21/8 1/20/8
f 224/93/13 26/94/6 233/86/12
f 21/95/30 41/21/30 36/3/30
f 22/43/30 85/96/30 100/97/30
f 37/1/30 41/21/30 44/10/3
f 37/1/30 44/10/3 89/12/5
f 21/95/30 100/97/30 48/98/30
f 53/99/30 61/100/30 52/101/30
f 52/101/31 39/102/31 45/103/31
f 40/104/30 38/105/30 48/98/30
f 42/106/30 8/107/30 47/108/30
f 42/106/30 48/98/30 100/97/30
f 59/109/30 50/2/30 51/44/30
f 170/84/32 505/110/32 648/111/32
f 51/44/30 50/2/30 60/112/30
f 237/29/25 234/113/24 19/24/6
f 39/102/30 98/114/33 46/57/28
f 52/101/30 63/115/30 53/99/30
f 47/108/30 8/107/30 98/114/33
f 39/102/30 38/105/30 45/103/30
f 1/20/34 55/116/34 6/92/34
f 43/45/14 60/112/14 37/1/14
f 4/117/35 56/118/35 2/119/35
f 21/95/36 59/109/36 22/43/36
f 45/103/37 62/120/37 52/101/37
f 47/108/14 63/115/14 42/106/14
f 42/106/38 62/120/38 40/104/38
f 36/3/37 58/121/37 21/95/37
f 67/122/2 87/48/2 9/6/2
f 73/123/2 64/124/2 13/18/2
f 98/114/33 15/82/27 46/57/28
f 74/125/2 13/18/2 64/124/2
f 9/6/2 75/126/2 67/122/2
f 96/127/2 12/128/2 91/129/2
f 102/130/2 88/131/2 79/132/2
f 83/133/39 66/134/40 14/4/26
f 81/135/41 166/136/42 82/137/43
f 93/138/44 128/139/45 92/140/46
f 80/141/47 165/142/48 81/135/41
f 92/140/46 127/143/49 91/129/50
f 83/133/51 150/144/52 66/134/53
f 79/145/54 164/145/55 80/145/55
f 108/61/56 65/146/57 125/147/58 126/148/59
f 72/149/60 151/150/61 83/133/61
f 79/132/54 157/151/62 163/152/63
f 106/62/64 126/148/59 124/153/64
f 69/5/65 150/144/52 145/154/66
f 74/125/67 161/155/68 107/16/69
f 98/114/70 125/147/58 65/146/57
f 67/122/62 149/156/71 144/157/62
f 64/124/72 162/158/73 74/125/67
f 105/65/74 124/153/75 123/159/76
f 78/160/77 148/161/78 149/156/71
f 68/162/79 161/155/68 152/163/80
f 70/66/81 123/159/76 122/164/81
f 77/165/82 147/166/82 148/161/82
f 73/123/83 160/167/84 64/124/84
f 103/168/85 121/169/85 90/170/85
f 76/145/86 146/145/87 147/145/86
f 104/171/88 159/172/89 73/123/83
f 85/96/90 120/173/90 114/174/90
f 75/126/91 145/154/66 146/175/87
f 88/145/92 156/145/92 157/145/92
f 71/176/62 144/157/62 142/177/62
f 84/25/93 155/178/93 101/179/93
f 138/180/94 114/174/95 139/181/95
f 140/182/2 118/183/2 117/184/2
f 138/180/94 117/184/96 113/185/97
f 142/177/2 118/183/2 141/186/2
f 143/187/19 114/174/95 120/173/19
f 142/177/2 121/169/2 119/188/2
f 146/175/2 127/143/98 128/139/2
f 147/166/2 128/139/2 129/189/2
f 147/166/2 130/190/2 148/161/2
f 148/161/2 131/191/2 149/156/2
f 149/156/2 121/169/2 144/157/2
f 145/154/99 132/192/100 127/143/98
f 143/187/19 137/193/101 151/150/102
f 151/150/102 132/192/103 150/144/103
f 152/163/104 116/194/19 153/195/19
f 154/196/105 116/194/19 113/185/97
f 155/178/2 118/183/2 156/197/2
f 154/196/105 117/184/96 155/178/106
f 157/151/2 118/183/2 119/188/2
f 158/198/2 123/159/2 159/172/2
f 160/167/2 123/159/2 124/153/2
f 152/163/104 125/147/107 115/199/104
f 160/167/2 126/148/108 162/158/108
f 162/158/108 125/147/109 161/155/109
f 157/151/2 133/200/2 163/152/2
f 164/201/2 133/200/2 134/202/2
f 164/201/2 135/203/2 165/142/2
f 165/142/2 136/204/2 166/136/2
f 158/198/2 136/204/2 122/164/2
f 94/75/110 129/189/110 93/138/110
f 82/137/43 158/198/88 104/171/88
f 95/77/111 130/190/112 94/75/112
f 90/170/85 131/191/113 95/77/111
f 91/129/50 132/192/114 96/127/115
f 109/205/116 119/188/85 103/168/85
f 109/145/116 134/145/117 133/145/118
f 110/206/119 135/203/120 134/202/119
f 111/207/121 136/204/122 135/203/120
f 98/145/90 116/145/90 115/145/90
f 112/208/123 122/164/81 136/204/122
f 89/12/124 137/193/124 120/173/124
f 49/67/125 139/181/125 7/68/125
f 8/107/90 113/185/90 116/194/90
f 100/97/90 114/174/90 113/185/90
f 87/48/126 140/182/127 86/47/127
f 68/162/125 153/195/125 99/17/125
f 49/67/127 140/182/127 138/180/127
f 99/17/125 154/196/125 84/25/125
f 71/145/126 141/145/126 87/145/126
f 102/130/92 155/178/93 156/197/92
f 7/68/125 143/187/125 72/149/125
f 216/209/128 25/210/129 167/52/18
f 207/211/130 17/212/131 169/213/130
f 226/72/2 26/94/2 224/93/2
f 169/213/130 96/127/131 97/11/4
f 97/11/132 132/192/114 137/193/132
f 533/214/133 6/92/133 55/116/133
f 43/45/30 89/12/5 85/96/30
f 176/59/2 90/170/2 173/76/2
f 12/128/2 206/215/2 222/216/2
f 482/217/134 46/57/134 524/218/134
f 109/205/2 176/59/2 202/63/2
f 10/81/2 205/219/2 204/220/2
f 222/216/2 91/129/2 12/128/2
f 172/34/2 29/41/2 10/81/2
f 174/33/2 27/221/2 170/84/2
f 188/222/2 182/223/2 183/224/2
f 57/225/135 482/217/135 535/226/135
f 229/227/2 234/113/2 182/223/2
f 18/38/6 195/13/6 23/35/6
f 649/228/136 26/94/136 171/74/136
f 34/229/137 219/230/138 218/231/139
f 180/232/2 241/233/2 177/234/2
f 223/235/2 233/86/2 231/58/2
f 208/236/2 236/237/2 223/235/2
f 208/236/2 178/238/2 179/239/2
f 181/240/2 177/234/2 178/238/2
f 188/222/2 184/241/2 240/242/2
f 235/243/2 33/244/2 221/245/2
f 240/242/2 185/246/2 187/247/2
f 186/248/2 187/248/2 185/248/2
f 231/58/24 711/88/12 709/249/24
f 207/211/130 209/70/131 190/250/131
f 196/251/2 197/252/2 206/215/2
f 207/211/130 44/10/3 200/253/19
f 196/251/2 17/212/2 190/250/2
f 209/70/131 192/254/130 213/71/131
f 197/252/2 211/255/2 193/69/2
f 212/256/130 200/253/19 210/257/19
f 211/255/2 190/250/2 209/70/2
f 213/71/131 167/52/18 25/210/129
f 192/254/130 210/257/19 214/53/19
f 213/71/2 189/78/2 193/69/2
f 199/80/2 220/49/2 191/258/2
f 215/259/140 167/52/18 24/54/20
f 217/79/141 219/230/138 220/49/15
f 218/231/139 216/209/128 215/259/140
f 61/100/14 47/108/14 39/102/14
f 191/258/2 32/51/2 33/244/2
f 222/216/2 232/8/2 175/46/2
f 175/46/2 92/140/2 222/216/2
f 201/64/2 106/62/2 105/65/2
f 70/66/2 239/260/2 201/64/2
f 112/208/2 230/261/2 239/260/2
f 202/63/2 110/206/2 109/205/2
f 111/207/2 202/63/2 230/261/2
f 203/262/2 10/81/2 15/82/2
f 201/64/2 225/60/2 106/62/2
f 203/262/2 65/146/2 225/60/2
f 172/34/2 204/220/2 238/28/2
f 38/105/134 4/117/134 2/119/134
f 93/138/2 92/140/2 175/46/2
f 90/170/2 95/77/2 173/76/2
f 221/245/2 226/72/2 235/243/2
f 72/149/142 14/4/26 7/68/7
f 78/160/2 75/126/2 76/263/2
f 77/165/2 78/160/2 76/263/2
f 79/132/2 81/135/2 102/130/2
f 102/130/2 81/135/2 82/137/2
f 104/171/2 102/130/2 82/137/2
f 73/123/2 13/18/2 101/179/2
f 104/171/2 101/179/2 102/130/2
f 178/238/143 177/234/143 244/264/143 242/265/143
f 205/219/2 272/266/2 280/267/2
f 206/215/2 255/268/2 232/8/2
f 240/242/143 187/247/143 270/269/143 284/270/143
f 203/262/2 273/271/2 272/266/2
f 227/9/2 255/268/2 259/272/2
f 233/248/143 236/248/143 248/248/143 263/248/143
f 237/29/2 264/273/2 285/274/2
f 186/275/143 185/246/143 271/276/143 269/277/143
f 177/234/143 241/233/143 258/278/143 244/264/143
f 199/80/2 243/279/2 245/280/2
f 241/233/143 180/232/143 246/281/143 258/278/143
f 183/224/143 182/223/143 266/282/143 277/283/143
f 237/29/25 283/284/144 234/113/24
f 180/232/143 181/240/143 252/285/143 246/281/143
f 197/252/2 257/286/2 206/215/2
f 235/243/2 243/279/2 191/258/2
f 188/222/143 240/242/143 284/270/143 281/287/143
f 226/72/2 251/288/2 235/243/2
f 202/63/2 279/289/2 230/261/2
f 254/290/145 257/286/146 256/291/146
f 256/291/146 253/292/136 252/285/136
f 252/285/136 247/293/147 246/281/147
f 246/281/147 261/294/6 258/278/6
f 258/278/6 245/280/148 244/264/148
f 244/264/148 243/279/149 242/265/149
f 242/265/149 251/288/150 250/295/150
f 248/296/151 251/288/150 249/297/151
f 248/296/151 262/298/152 263/299/152
f 255/268/145 260/300/153 259/272/153
f 281/287/150 278/301/151 282/302/151
f 284/270/149 279/289/150 281/287/150
f 284/270/149 267/303/148 268/304/149
f 269/277/6 267/303/148 270/269/148
f 269/277/6 272/266/147 273/271/6
f 276/305/136 272/266/147 271/276/147
f 276/305/136 265/306/146 280/267/136
f 265/306/146 266/282/145 264/273/145
f 264/273/145 283/284/153 285/274/153
f 274/307/152 278/301/151 275/308/152
f 228/36/12 275/308/154 198/37/13
f 224/93/2 249/297/2 226/72/2
f 179/239/143 178/238/143 242/265/143 250/295/143
f 185/246/143 184/241/143 276/305/143 271/276/143
f 208/236/143 223/235/143 254/290/143 256/291/143
f 198/37/2 278/301/2 202/63/2
f 227/9/25 260/300/144 231/58/24
f 204/220/2 264/273/2 238/28/2
f 236/237/143 250/295/143 248/296/143
f 228/248/143 229/248/143 282/248/143 274/248/143
f 193/69/2 261/294/2 247/293/2
f 239/260/2 267/303/2 201/64/2
f 229/248/143 188/248/143 281/248/143 282/248/143
f 233/86/12 262/298/154 224/93/13
f 201/64/2 273/271/2 225/60/2
f 197/252/2 247/293/2 253/292/2
f 230/261/2 268/304/2 239/260/2
f 181/240/143 208/236/143 256/291/143 252/285/143
f 187/247/143 269/277/143 270/269/143
f 205/219/2 265/306/2 204/220/2
f 223/235/143 231/58/143 260/300/143 254/290/143
f 184/241/143 183/224/143 277/283/143 276/305/143
f 182/223/143 234/113/143 283/284/143 266/282/143
f 199/80/2 261/294/2 189/78/2
f 706/309/12 234/113/24 228/36/12
f 194/39/6 709/249/24 672/310/6
f 228/36/12 673/15/6 706/309/12
f 672/310/6 3/40/6 194/39/6
f 48/98/21 516/311/21 526/55/21
f 513/312/136 171/74/136 35/73/136
f 16/42/155 489/313/156 494/314/155
f 648/111/32 11/85/156 170/84/32
f 35/73/36 699/315/36 513/312/36
f 38/105/134 480/316/134 516/311/134
f 28/32/22 483/317/157 506/56/22
f 509/318/6 27/221/6 31/23/6
f 494/314/155 5/31/38 16/42/155
f 535/226/134 56/118/134 57/225/134
f 534/319/158 2/119/158 56/118/158
f 308/320/2 292/321/2 306/322/2 324/323/2
f 291/324/6 333/325/6 334/326/6
f 774/327/21 335/328/21 332/329/21
f 308/330/6 316/330/21 288/330/36 292/330/36
f 290/331/2 294/332/2 300/333/2 301/334/2
f 304/335/21 294/332/21 299/336/21
f 298/337/6 301/334/6 302/338/6
f 293/339/6 302/338/6 303/340/6
f 305/341/21 299/336/21 295/342/21
f 340/343/21 828/344/21 811/345/21
f 812/346/6 344/347/6 339/348/6
f 291/330/159 289/330/143 323/330/2 315/330/143
f 315/330/143 323/330/2 322/330/6 314/330/2
f 314/330/2 322/330/6 321/330/160 313/330/2
f 313/330/2 321/330/160 320/330/6 312/330/21
f 312/330/21 320/330/6 319/330/6 311/330/161
f 311/330/36 319/330/36 318/330/36 310/330/36
f 310/330/21 318/330/159 317/330/6 309/330/162
f 309/330/36 317/330/36 316/330/21 308/330/6
f 291/324/2 315/349/2 331/350/2 307/351/2
f 315/349/2 314/352/2 330/353/2 331/350/2
f 314/352/2 313/354/2 329/355/2 330/353/2
f 313/354/2 312/356/2 328/357/2 329/355/2
f 312/356/2 311/358/2 327/359/2 328/357/2
f 311/358/2 310/360/2 326/361/2 327/359/2
f 310/360/2 309/362/2 325/363/2 326/361/2
f 309/362/2 308/320/2 324/323/2 325/363/2
f 332/329/21 306/322/21 292/321/21
f 334/326/6 789/364/6 768/365/6
f 336/366/21 832/367/21 815/368/21
f 337/369/21 831/370/21 814/371/21
f 338/372/21 830/373/21 813/374/21
f 347/375/143 373/376/143 354/377/143
f 377/378/163 356/379/163 382/380/163
f 369/381/2 351/382/2 357/383/2
f 370/384/6 360/385/6 375/386/6
f 365/387/21 361/388/21 363/389/21
f 370/384/2 357/383/2 350/390/2
f 368/391/163 352/392/163 358/393/163
f 354/377/143 374/394/143 346/395/143
f 366/396/163 372/397/163 348/398/163
f 363/389/21 351/382/21 364/399/21
f 375/386/6 346/395/6 374/394/6
f 349/400/163 382/380/163 355/401/163
f 378/402/163 363/389/163 364/399/163
f 379/403/163 373/376/163 365/387/163
f 381/404/163 364/399/163 369/381/163
f 381/404/163 376/405/163 362/406/163
f 379/403/163 363/389/163 359/407/163
f 380/408/163 376/405/163 373/376/163
f 383/409/163 370/384/163 384/410/163
f 385/411/163 369/381/163 383/409/163
f 384/410/163 375/386/163 386/412/163
f 386/412/163 376/405/163 385/411/163
f 388/413/163 373/376/163 387/414/163
f 388/413/163 375/386/163 374/394/163
f 387/414/163 376/405/163 390/415/163
f 389/416/163 376/405/163 375/386/163
f 353/417/164 359/407/164 378/402/164
f 349/418/165 380/418/165 379/418/165
f 353/417/166 381/404/166 356/379/166
f 356/418/167 362/418/167 382/418/167
f 349/400/164 359/407/164 377/378/164
f 355/418/167 362/418/167 380/418/167
f 367/419/166 384/410/166 352/392/166
f 368/420/164 383/420/164 367/420/164
f 352/420/167 386/420/167 358/420/167
f 368/391/165 386/412/165 385/411/165
f 366/421/168 388/413/165 387/414/168
f 372/422/167 388/422/167 348/422/167
f 371/422/164 387/422/164 390/422/164
f 371/423/169 389/416/166 372/397/166
f 895/424/170 891/425/171 392/426/171
f 391/427/172 888/428/173 886/429/172
f 901/430/174 887/431/175 889/432/175
f 901/430/143 392/426/143 898/433/143
f 899/434/176 897/435/177 394/436/176
f 394/436/2 397/437/2 896/438/2
f 889/432/143 895/424/143 392/426/143
f 897/435/2 900/439/2 394/436/2
f 891/425/2 396/440/2 897/435/2
f 902/441/178 396/440/174 901/430/174
f 896/438/179 395/442/180 393/443/179
f 393/443/179 394/436/181 896/438/179
f 899/434/143 395/442/143 902/441/143
f 890/444/143 894/445/143 895/424/143
f 898/433/177 891/425/171 897/435/177
f 894/445/182 886/429/172 892/446/182
f 395/442/180 900/439/183 902/441/183
f 449/447/184 453/448/185 430/449/186
f 448/450/187 452/451/188 449/447/184
f 447/452/189 450/453/190 448/450/187
f 446/454/191 451/455/192 447/452/189
f 445/456/193 461/457/194 446/454/191
f 444/458/195 460/459/196 445/456/193
f 443/460/197 459/461/198 444/458/195
f 441/462/199 458/463/200 443/464/197
f 440/465/201 441/462/199 439/466/202
f 437/467/203 439/466/202 436/468/204
f 438/469/205 436/468/204 435/470/206
f 457/471/207 435/470/206 434/472/208
f 456/473/209 434/474/208 433/475/210
f 455/476/211 433/475/210 432/477/212
f 454/478/213 432/477/212 431/479/214
f 453/448/185 431/479/214 430/449/186
f 399/480/215 398/480/215 430/480/215 431/480/215
f 400/480/215 399/480/215 431/480/215 432/480/215
f 401/480/215 400/480/215 432/480/215 433/480/215
f 402/480/215 401/480/215 433/480/215 434/480/215
f 403/481/215 402/482/215 434/472/215 435/470/215
f 404/483/215 403/481/215 435/470/215 436/468/215
f 417/484/216 438/485/216 416/486/216
f 405/487/215 404/483/215 436/468/215 439/466/215
f 418/488/216 437/489/216 417/484/216
f 406/490/215 405/487/215 439/466/215 441/462/215
f 419/491/216 440/492/216 418/488/216
f 407/493/215 406/490/215 441/462/215 443/464/215
f 408/494/215 407/495/215 443/464/215 444/458/215
f 409/496/215 408/494/215 444/458/215 445/456/215
f 410/497/215 409/496/215 445/456/215 446/454/215
f 411/498/215 410/497/215 446/454/215 447/452/215
f 412/480/215 411/480/215 447/480/215 448/480/215
f 413/480/215 412/480/215 448/480/215 449/480/215
f 398/480/215 413/480/215 449/480/215 430/480/215
f 428/499/216 451/455/216 427/500/216
f 429/501/216 450/453/216 428/499/216
f 422/502/216 452/451/216 429/501/216
f 422/502/216 454/478/216 453/448/217
f 414/503/216 455/476/216 454/478/216
f 423/504/216 456/473/216 455/476/216
f 415/505/216 457/506/216 456/473/216
f 416/486/216 457/506/216 424/507/216
f 419/491/216 458/508/216 442/509/216
f 425/510/216 459/461/216 458/508/216
f 420/511/216 460/459/216 459/461/216
f 426/512/216 461/457/216 460/459/216
f 427/500/216 461/457/216 421/513/216
f 462/480/218 415/480/219 463/480/220
f 463/514/220 423/504/221 464/515/222
f 464/515/222 414/503/223 465/516/224
f 465/516/224 422/502/225 466/517/226
f 422/502/225 467/518/227 466/517/226
f 429/501/228 468/519/229 467/518/227
f 428/499/230 469/520/231 468/519/229
f 427/500/232 470/521/233 469/520/231
f 421/480/234 471/480/235 470/480/233
f 426/512/236 472/522/237 471/523/235
f 420/511/238 473/524/239 472/522/237
f 425/480/240 474/480/241 473/480/239
f 474/480/241 418/480/242 475/480/243
f 475/480/243 417/480/244 476/480/245
f 476/480/245 416/480/246 477/480/247
f 477/480/247 424/480/248 462/480/218
f 403/481/249 477/525/250 462/526/251 402/482/252
f 404/480/253 476/480/254 477/480/250 403/480/249
f 405/480/255 475/480/256 476/480/254 404/480/253
f 406/480/257 474/480/257 475/480/256 405/480/255
f 407/480/258 473/480/259 474/480/257 406/480/257
f 408/480/260 472/480/261 473/480/259 407/480/258
f 409/480/262 471/480/263 472/480/261 408/480/260
f 410/480/264 470/480/265 471/480/263 409/480/262
f 411/480/266 469/480/267 470/480/265 410/480/264
f 412/480/268 468/480/269 469/480/267 411/480/266
f 413/480/270 467/480/271 468/480/269 412/480/268
f 398/480/272 466/480/272 467/480/271 413/480/270
f 399/480/273 465/480/274 466/480/272 398/480/272
f 400/480/275 464/480/276 465/480/274 399/480/273
f 401/480/277 463/480/278 464/480/276 400/480/275
f 402/482/252 462/526/251 463/514/278 401/527/277
f 462/526/279 478/528/280 477/525/281
f 477/525/281 478/528/280 476/529/282
f 476/529/282 478/528/280 475/530/283
f 475/531/283 478/531/280 474/531/284
f 474/532/284 478/533/280 473/534/285
f 473/531/285 478/531/280 472/531/286
f 472/522/286 478/528/280 471/523/281
f 471/523/281 478/528/280 470/521/279
f 470/521/279 478/528/280 469/520/281
f 469/520/281 478/528/280 468/519/282
f 468/519/282 478/528/280 467/518/283
f 467/518/283 478/528/280 466/517/284
f 466/517/284 478/528/280 465/516/285
f 465/516/285 478/528/280 464/515/286
f 464/515/286 478/528/280 463/514/281
f 463/514/281 478/528/280 462/526/279
f 514/535/287 538/536/287 515/537/287
f 547/538/143 492/539/143 487/540/143
f 498/541/143 710/542/143 653/543/143
f 522/27/288 575/544/289 647/545/290
f 577/546/291 585/547/291 491/548/291
f 562/549/291 491/548/291 579/550/291
f 716/551/143 497/22/143 715/552/143
f 483/317/292 508/553/293 506/56/294
f 497/22/143 652/554/143 509/318/143
f 706/309/12 501/555/6 676/556/13
f 672/310/6 496/557/6 481/14/6
f 494/314/143 507/558/143 508/553/143
f 529/559/295 500/560/295 521/561/295
f 653/543/143 496/557/143 498/541/143
f 487/540/143 564/562/143 565/563/143
f 698/564/296 646/565/297 697/566/298
f 692/567/299 645/568/300 502/569/301
f 498/541/6 709/249/24 705/570/25
f 496/557/143 654/571/143 501/555/143
f 703/572/143 586/573/143 543/574/143
f 680/575/143 501/555/143 654/571/143
f 679/576/143 548/577/143 583/578/143
f 527/579/291 492/539/302 485/580/291
f 671/581/143 687/582/143 689/583/143
f 704/584/143 649/228/143 513/312/143
f 651/585/143 572/586/143 573/587/143
f 667/588/143 695/589/143 503/590/143
f 508/553/143 488/591/143 493/592/143
f 506/56/294 493/592/303 524/218/304
f 507/558/143 648/111/143 652/554/143
f 519/19/8 484/26/8 479/90/8
f 702/593/13 711/88/12 504/87/6
f 519/19/305 499/594/305 514/535/305
f 500/560/305 563/595/305 521/561/305
f 515/537/305 519/19/305 514/535/305
f 515/537/305 567/596/306 522/27/288
f 499/594/305 578/597/305 500/560/305
f 531/598/305 530/599/305 539/600/305
f 517/601/307 530/599/307 523/602/307
f 518/603/305 516/311/305 523/602/305
f 486/604/305 520/605/305 525/606/305
f 520/605/305 526/55/305 518/603/305
f 537/607/305 528/608/305 536/609/305
f 529/559/305 538/536/305 528/608/305
f 715/552/25 497/22/6 712/83/24
f 517/601/305 576/610/308 525/606/305
f 541/611/305 530/599/305 531/598/305
f 525/606/305 576/610/308 486/604/305
f 516/311/305 517/601/305 523/602/305
f 533/214/309 479/90/309 484/26/309
f 538/536/295 521/561/295 515/537/295
f 534/319/310 482/217/310 480/316/310
f 537/607/36 499/594/36 500/560/36
f 530/599/311 518/603/311 523/602/311
f 541/611/295 525/606/295 520/605/295
f 540/612/38 520/605/38 518/603/38
f 536/609/311 514/535/311 499/594/311
f 545/613/143 565/563/143 549/614/143
f 551/615/143 491/548/143 542/616/143
f 576/610/308 493/592/303 543/574/312
f 491/548/143 552/617/143 542/616/143
f 553/618/143 487/540/143 545/613/143
f 490/619/143 574/620/143 569/621/143
f 580/622/143 557/623/143 566/624/143
f 561/625/313 492/539/302 544/626/314
f 644/627/315 559/628/316 560/629/317
f 606/145/318 571/145/319 570/145/320
f 643/630/321 558/631/322 559/628/316
f 605/632/323 570/633/320 569/621/324
f 628/634/325 561/625/326 544/626/327
f 642/635/328 557/623/329 558/631/328
f 586/573/330 603/636/331 543/574/332
f 629/637/333 550/638/334 561/625/333
f 557/623/329 635/639/335 566/624/335
f 584/640/336 602/641/336 604/642/337 586/573/330
f 547/538/338 628/634/325 544/626/327
f 639/643/339 552/617/340 585/547/341
f 603/636/331 576/610/342 543/574/332
f 545/613/335 627/644/343 556/645/344
f 640/646/345 542/616/346 552/617/340
f 583/578/347 602/641/348 584/640/348
f 556/645/344 626/647/349 555/648/349
f 546/649/350 639/643/339 585/547/341
f 548/577/351 601/650/352 583/578/347
f 555/648/353 625/651/353 554/652/353
f 638/653/354 551/615/355 542/616/354
f 599/654/356 581/655/356 568/656/356
f 554/652/357 624/657/358 553/618/359
f 637/658/360 582/659/361 551/615/355
f 563/595/362 598/660/362 567/596/362
f 553/618/359 623/661/363 547/538/338
f 566/624/364 634/662/364 580/622/364
f 549/614/335 622/663/335 545/613/335
f 633/664/365 562/549/365 579/550/365
f 592/665/366 616/666/367 617/667/366
f 618/668/143 596/669/143 619/670/143
f 616/666/367 595/671/368 618/668/369
f 596/669/143 620/672/143 619/670/143
f 621/673/299 592/665/366 617/667/366
f 620/672/143 599/654/143 622/663/143
f 624/657/143 605/632/370 623/661/371
f 625/651/143 606/674/143 624/657/143
f 608/675/143 625/651/143 626/647/143
f 609/676/143 626/647/143 627/644/143
f 599/654/143 627/644/143 622/663/143
f 623/661/371 610/677/372 628/634/372
f 615/678/373 621/673/299 629/637/374
f 610/677/375 629/637/374 628/634/375
f 594/679/299 630/680/376 631/681/299
f 632/682/377 594/679/299 631/681/299
f 596/669/143 633/664/143 634/662/143
f 595/671/368 632/682/377 633/664/378
f 635/639/143 596/669/143 634/662/143
f 601/650/143 636/683/143 637/658/143
f 638/653/143 601/650/143 637/658/143
f 630/680/376 603/636/379 639/643/379
f 604/642/380 638/653/143 640/646/380
f 603/636/381 640/646/380 639/643/382
f 611/684/143 635/639/143 641/685/143
f 642/635/143 611/684/143 641/685/143
f 613/686/143 642/635/143 643/630/143
f 614/687/143 643/630/143 644/627/143
f 636/683/143 614/687/143 644/627/143
f 607/688/383 572/586/383 571/689/383
f 636/683/361 560/629/317 582/659/361
f 608/675/384 573/587/385 572/586/384
f 609/676/386 568/656/356 573/587/385
f 610/677/387 569/621/324 574/620/388
f 597/690/356 587/691/389 581/655/356
f 587/691/389 612/692/390 588/693/390
f 588/693/391 613/686/392 589/694/393
f 589/694/393 614/687/394 590/695/395
f 576/610/362 594/679/362 486/604/362
f 590/695/395 600/696/351 548/577/351
f 567/596/396 615/678/396 575/544/396
f 617/667/397 527/579/397 485/580/397
f 486/604/362 591/697/362 578/597/362
f 578/597/362 592/665/362 563/595/362
f 618/668/398 565/563/399 564/562/398
f 631/145/397 546/145/397 577/145/397
f 527/579/398 618/668/398 564/562/398
f 632/682/397 577/546/397 562/549/397
f 619/670/399 549/614/399 565/563/399
f 580/622/364 633/664/365 579/550/365
f 621/673/397 485/580/397 550/638/397
f 503/590/400 694/698/401 645/568/300
f 495/699/402 685/700/290 647/545/290
f 704/584/143 504/87/143 649/228/143
f 574/620/402 647/545/290 575/544/289
f 610/677/387 575/544/403 615/678/403
f 521/561/305 567/596/306 515/537/305
f 568/656/143 654/571/143 651/585/143
f 684/701/143 490/619/143 700/702/143
f 654/571/143 587/691/143 680/575/143
f 488/591/143 683/703/143 681/704/143
f 700/702/143 569/621/143 570/633/143
f 650/705/143 507/558/143 652/554/143
f 505/110/143 652/554/143 648/111/143
f 660/706/143 666/707/143 661/708/143
f 712/83/143 707/709/143 660/706/143
f 673/15/6 496/557/6 501/555/6
f 512/710/404 697/566/298 646/565/297
f 658/711/143 655/712/143 719/713/143
f 711/88/143 701/714/143 709/249/143
f 714/715/143 686/716/143 701/714/143
f 686/716/143 656/717/143 659/718/143
f 659/718/143 655/712/143 658/711/143
f 662/719/143 666/707/143 718/720/143
f 511/721/143 713/722/143 699/315/143
f 663/723/143 718/720/143 665/724/143
f 664/248/143 663/248/143 665/248/143
f 687/582/402 685/700/290 668/725/402
f 675/726/143 674/727/143 684/701/143
f 522/27/288 685/700/290 678/728/299
f 495/699/143 674/727/143 668/725/143
f 687/582/402 670/729/290 690/730/290
f 675/726/143 671/581/143 689/583/143
f 678/728/299 690/730/290 688/731/299
f 668/725/143 689/583/143 687/582/143
f 691/732/402 645/568/300 670/729/290
f 688/731/299 670/729/290 692/567/299
f 691/732/143 667/588/143 503/590/143
f 677/733/143 698/564/143 695/589/143
f 693/734/405 645/568/300 694/698/401
f 695/589/406 697/566/298 694/698/401
f 696/735/407 694/698/401 697/566/298
f 525/606/295 539/600/295 517/601/295
f 669/736/143 510/737/143 698/564/143
f 710/542/143 700/702/143 653/543/143
f 653/543/143 700/702/143 570/633/143
f 679/576/143 583/578/143 584/640/143
f 717/738/143 548/577/143 679/576/143
f 708/739/143 590/695/143 717/738/143
f 680/575/143 587/691/143 588/693/143
f 680/575/143 589/694/143 708/739/143
f 681/704/143 493/592/143 488/591/143
f 679/576/143 584/640/143 703/572/143
f 543/574/143 681/704/143 703/572/143
f 650/705/143 682/740/143 488/591/143
f 482/217/134 516/311/134 480/316/134
f 653/543/143 570/633/143 571/689/143
f 568/656/143 651/585/143 573/587/143
f 704/584/143 699/315/143 713/722/143
f 550/638/408 492/539/302 561/625/313
f 556/645/143 553/618/143 545/613/143
f 555/648/143 554/652/143 556/645/143
f 559/628/143 557/623/143 580/622/143
f 580/622/143 560/629/143 559/628/143
f 582/659/143 560/629/143 580/622/143
f 551/615/143 579/550/143 491/548/143
f 582/659/143 579/550/143 551/615/143
f 656/717/2 720/741/2 722/742/2 655/712/2
f 683/703/143 750/743/143 681/704/143
f 733/744/143 684/701/143 710/542/143
f 718/720/2 762/745/2 748/746/2 665/724/2
f 681/704/143 751/747/143 703/572/143
f 705/570/143 733/744/143 710/542/143
f 711/88/2 741/748/2 726/749/2 714/715/2
f 715/552/143 742/750/143 716/551/143
f 664/751/2 747/752/2 749/753/2 663/754/2
f 655/712/2 722/742/2 736/755/2 719/713/2
f 677/733/143 721/756/143 669/736/143
f 719/713/2 736/755/2 724/757/2 658/711/2
f 661/248/2 755/248/2 744/248/2 660/248/2
f 761/758/144 715/552/25 712/83/24
f 658/711/2 724/757/2 730/759/2 659/718/2
f 735/760/143 675/726/143 684/701/143
f 721/756/143 713/722/143 669/736/143
f 666/707/2 759/761/2 762/745/2 718/720/2
f 729/762/143 704/584/143 713/722/143
f 757/763/143 680/575/143 708/739/143
f 735/760/146 732/764/145 734/765/146
f 731/766/136 734/765/146 730/759/136
f 725/767/147 730/759/136 724/757/147
f 739/768/6 724/757/147 736/755/6
f 723/769/148 736/755/6 722/742/148
f 721/756/149 722/742/148 720/741/149
f 729/762/150 720/741/149 728/770/150
f 726/749/151 729/762/150 728/770/150
f 740/248/152 726/248/151 741/248/152
f 738/771/153 733/744/145 737/772/153
f 760/773/151 757/763/150 759/761/150
f 757/763/150 762/745/149 759/761/150
f 745/774/148 762/745/149 746/775/149
f 745/774/148 747/752/6 748/746/148
f 750/743/147 747/752/6 751/747/6
f 750/743/147 754/776/136 749/753/147
f 743/777/146 754/776/136 758/778/136
f 743/777/146 744/779/145 755/780/146
f 761/758/153 742/750/145 763/781/153
f 756/782/151 752/783/152 753/784/152
f 753/784/154 706/309/12 676/556/13
f 727/785/143 702/593/143 704/584/143
f 657/786/2 728/770/2 720/741/2 656/717/2
f 663/248/2 749/248/2 754/248/2 662/248/2
f 686/716/2 734/765/2 732/764/2 701/714/2
f 756/782/143 676/556/143 680/575/143
f 738/771/144 705/570/25 709/249/24
f 742/750/143 682/740/143 716/551/143
f 714/715/2 728/770/2 657/786/2
f 706/248/2 752/248/2 760/248/2 707/248/2
f 671/581/143 739/768/143 667/588/143
f 745/774/143 717/738/143 679/576/143
f 707/248/2 760/248/2 759/248/2 666/248/2
f 740/787/154 711/88/12 702/593/13
f 751/747/143 679/576/143 703/572/143
f 675/726/143 725/767/143 671/581/143
f 746/775/143 708/739/143 717/738/143
f 659/718/2 734/765/2 686/716/2
f 665/724/2 748/746/2 747/752/2 664/751/2
f 743/777/143 683/703/143 682/740/143
f 701/714/2 732/764/2 738/771/2 709/249/2
f 662/248/2 754/248/2 755/248/2 661/248/2
f 660/248/2 744/248/2 761/248/2 712/248/2
f 739/768/143 677/733/143 667/588/143
f 806/788/143 772/789/143 790/790/143
f 818/791/6 817/792/6 788/793/6 771/794/6
f 819/795/21 774/327/21 816/796/21
f 790/330/6 772/330/162 766/330/21 798/330/409
f 769/797/143 781/798/143 775/799/143
f 775/799/21 785/800/21 780/801/21
f 782/802/6 779/803/6 783/804/6
f 783/804/6 773/805/6 784/806/6
f 780/801/21 786/807/21 776/369/21
f 834/808/2 820/809/2 821/810/2
f 839/811/6 812/346/6 826/812/6
f 771/330/410 797/330/2 805/330/411 767/330/2
f 797/330/36 796/330/21 804/330/161 805/330/21
f 796/813/412 795/814/413 803/815/21 804/816/21
f 795/330/413 794/330/161 802/330/21 803/330/21
f 794/330/6 793/330/161 801/330/21 802/330/412
f 793/330/36 792/330/36 800/330/36 801/330/36
f 792/330/6 791/330/411 799/330/21 800/330/410
f 791/330/6 790/330/6 798/330/409 799/330/159
f 788/793/143 797/817/143 771/794/143
f 794/818/143 809/819/143 793/820/143
f 809/819/143 792/821/143 793/820/143
f 808/822/143 791/823/143 792/821/143
f 807/824/143 790/790/143 791/823/143
f 787/825/21 816/796/21 772/826/21
f 789/364/6 818/791/6 768/365/6
f 840/827/2 826/812/2 827/828/2
f 832/367/21 821/810/21 815/368/21
f 825/829/2 837/830/2 824/831/2
f 831/370/21 823/832/21 814/371/21
f 836/811/2 822/833/2 823/832/2
f 830/373/21 825/829/21 813/374/21
f 868/834/2 842/835/2 849/836/2
f 851/837/163 872/838/163 877/839/163
f 864/840/143 846/840/143 859/840/143
f 855/841/6 865/842/6 870/843/6
f 856/844/21 860/845/21 858/846/21
f 865/842/143 852/847/143 864/848/143
f 847/849/163 863/850/163 853/851/163
f 869/852/2 849/836/2 841/853/2
f 867/854/163 861/855/163 843/856/163
f 846/857/21 858/846/21 859/858/21
f 841/853/6 870/843/6 869/852/6
f 877/839/163 844/859/163 850/860/163
f 873/861/163 858/846/163 854/862/163
f 860/845/163 875/863/163 874/864/163
f 864/848/163 873/861/163 876/865/163
f 871/866/163 876/865/163 857/867/163
f 858/846/163 874/864/163 854/862/163
f 875/863/163 871/866/163 857/867/163
f 865/842/163 878/868/163 879/869/163
f 864/848/163 880/870/163 878/868/163
f 870/843/163 879/869/163 881/871/163
f 871/866/163 881/871/163 880/870/163
f 868/834/163 883/872/163 882/873/163
f 883/872/163 870/843/163 884/874/163
f 871/866/163 882/873/163 885/875/163
f 884/874/163 871/866/163 885/875/163
f 848/876/164 854/862/164 872/838/164
f 844/859/166 875/863/166 850/860/166
f 876/418/165 848/418/165 851/418/165
f 857/418/167 851/418/167 877/418/167
f 854/862/164 844/859/164 872/838/164
f 850/418/167 857/418/167 877/418/167
f 879/869/165 862/877/168 847/849/165
f 878/868/164 863/850/164 862/877/164
f 881/420/167 847/420/167 853/420/167
f 863/850/166 881/871/166 853/851/166
f 861/855/169 883/878/166 843/856/166
f 883/422/167 867/422/167 843/422/167
f 885/875/164 861/855/164 866/879/164
f 884/874/165 866/879/168 867/854/165
f 889/432/175 888/428/414 890/444/414
f 895/424/415 892/446/182 893/880/415
f 893/880/2 887/431/2 891/425/2
f 898/433/143 902/441/143 901/430/143
f 892/446/2 888/428/2 893/880/2
f 923/881/416 922/882/417 953/883/417 951/884/416
f 912/885/418 937/886/419 930/887/418
f 938/888/417 970/889/36 969/890/36
f 913/891/420 972/892/38 971/893/38
f 910/894/154 927/894/148 928/894/154
f 911/894/150 929/894/421 927/894/150
f 930/894/418 914/894/422 912/894/418
f 931/895/423 913/896/420 914/897/423
f 933/898/144 905/899/147 903/900/144
f 934/894/146 904/894/424 905/894/146
f 907/901/419 936/902/425 937/886/419
f 908/903/416 938/888/417 936/902/416
f 928/904/154 903/900/144 910/905/154
f 923/906/2 928/907/2 927/908/2
f 923/894/2 929/894/2 922/894/2
f 926/894/2 930/894/2 925/894/2
f 926/909/2 932/910/2 931/895/2
f 917/894/2 933/894/2 916/894/2
f 917/894/2 935/894/2 934/894/2
f 920/911/2 937/886/2 936/902/2
f 920/894/2 938/894/2 919/894/2
f 921/912/2 933/898/2 928/904/2
f 919/913/2 969/890/2 973/914/2
f 925/915/2 937/886/2 918/916/2
f 974/917/2 929/918/2 972/892/2
f 948/894/425 967/894/419 949/894/419
f 921/912/419 957/919/418 916/920/418
f 917/894/423 959/894/420 915/894/420
f 925/894/144 955/894/147 926/894/147
f 915/894/420 975/894/38 973/894/38
f 920/894/148 961/894/154 918/894/154
f 926/921/146 956/922/424 924/923/424
f 918/894/154 954/894/144 925/894/144
f 923/894/425 952/894/419 921/894/419
f 920/894/150 919/894/421 962/894/421 960/894/150
f 916/894/418 958/894/422 917/894/422
f 974/917/36 924/923/424 956/922/424 976/924/36
f 939/925/426 952/926/2 951/927/2
f 939/928/426 953/928/2 941/928/2
f 943/928/2 954/928/2 942/928/2
f 943/928/2 956/928/2 955/928/2
f 946/928/426 957/928/2 945/928/2
f 946/929/426 947/930/2 959/931/2 958/932/2
f 948/928/2 949/928/2 961/928/2 960/928/2
f 948/928/2 962/928/2 950/928/2
f 945/933/2 952/934/2 940/935/2
f 950/936/2 975/937/2 977/938/2
f 942/939/2 961/940/2 949/941/2
f 941/942/2 976/924/2 978/943/2
f 963/894/2 965/894/2 964/894/427
f 944/894/420 943/894/423 964/894/423 965/894/420
f 949/941/419 963/944/418 942/939/418
f 948/894/416 950/894/417 968/894/417 966/894/416
f 944/894/420 980/894/38 978/894/38
f 943/894/422 942/894/418 963/894/418 964/894/422
f 968/945/2 983/946/2 967/947/2
f 967/894/2 966/894/2 968/894/2
f 982/894/6 984/894/6 981/894/6
f 977/894/36 968/894/417 950/894/417
f 980/894/6 981/894/6 978/894/6
f 944/928/2 976/928/2 956/928/2
f 947/928/2 975/928/2 959/928/2
f 922/882/417 974/917/36 976/924/36 953/883/417
f 973/894/38 962/894/421 919/894/421
f 924/923/2 972/892/2 932/948/2
f 915/894/2 969/894/2 935/894/2
f 971/893/38 929/918/421 909/949/421
f 969/890/36 904/950/424 935/951/424
f 984/928/2 947/928/2 986/928/2
f 947/928/2 946/928/426 945/928/2
f 939/928/426 941/928/2 940/928/2
f 986/928/2 947/928/2 945/928/2
f 982/894/2 965/894/2 963/894/2
f 984/894/6 983/894/6 979/894/6 977/894/6
f 982/952/2 967/947/2 983/946/2
f 978/928/2 985/928/2 941/928/2
f 941/928/2 985/928/2 940/928/2
f 981/953/2 986/954/2 985/955/2
f 986/954/2 940/935/2 985/955/2
f 1007/956/416 1035/957/416 1037/958/417 1006/959/417
f 1021/960/419 996/961/418 1014/962/418
f 1054/963/36 1022/964/417 1053/965/36
f 1056/966/38 997/967/420 1055/968/38
f 1011/969/148 994/970/154 1012/971/154
f 1013/972/421 995/973/150 1011/969/150
f 998/974/422 1014/962/418 996/961/418
f 997/967/420 1015/975/423 998/974/423
f 989/976/147 1017/977/144 987/978/144
f 988/979/424 1018/980/146 989/976/146
f 1020/981/425 991/982/419 1021/960/419
f 1022/964/417 992/983/416 1020/981/416
f 987/978/144 1012/971/154 994/970/154
f 1007/956/143 1012/971/143 1005/984/143
f 1013/972/143 1007/956/143 1006/959/143
f 1014/962/143 1010/985/143 1009/986/143
f 1010/985/143 1016/987/143 1008/988/143
f 1017/977/143 1001/989/143 1000/990/143
f 1001/989/143 1019/991/143 999/992/143
f 1004/993/143 1021/960/143 1002/994/143
f 1022/964/143 1004/993/143 1003/995/143
f 1012/971/143 1000/990/143 1005/984/143
f 1053/965/143 1003/995/143 1057/996/143
f 1021/960/143 1009/986/143 1002/994/143
f 1058/997/143 1013/972/143 1006/959/143
f 1033/894/419 1051/894/419 1050/894/425 1032/894/425
f 1041/998/418 1005/984/419 1000/990/418
f 1043/894/420 1001/894/423 999/894/420
f 1039/894/147 1009/894/144 1010/894/147
f 1059/999/38 999/992/420 1057/996/38
f 1045/894/154 1004/894/148 1002/894/154
f 1040/894/424 1010/894/146 1008/894/424
f 1038/1000/144 1002/994/154 1009/986/144
f 1036/1001/419 1007/956/425 1005/984/419
f 1044/1002/150 1003/995/421 1004/993/150
f 1042/894/422 1000/894/418 1001/894/422
f 1060/894/36 1008/894/424 1058/894/36
f 1023/928/428 1036/928/143 1024/928/143
f 1037/928/143 1023/928/428 1025/928/143
f 1038/928/143 1027/928/143 1026/928/143
f 1027/1003/143 1040/1004/143 1028/1005/143
f 1041/928/143 1030/928/428 1029/928/143
f 1030/1006/428 1043/1007/143 1031/1008/143
f 1032/928/143 1045/928/143 1033/928/143
f 1046/928/143 1032/928/143 1034/928/143
f 1036/1001/143 1029/1009/143 1024/1010/143
f 1059/999/143 1034/1011/143 1061/1012/143
f 1045/1013/143 1026/1014/143 1033/1015/143
f 1060/1016/143 1025/1017/143 1062/1018/143
f 1047/894/143 1048/894/429 1049/894/143
f 1028/894/420 1049/894/420 1048/894/423 1027/894/423
f 1047/1019/418 1033/1015/419 1026/1014/418
f 1050/894/416 1034/894/417 1032/894/416
f 1064/1020/38 1028/1021/420 1062/1018/38
f 1048/894/422 1026/894/418 1027/894/422
f 1067/1022/143 1052/1023/143 1051/1024/143
f 1051/894/143 1052/894/143 1050/894/143
f 1068/1025/6 1066/1026/6 1065/1027/6
f 1052/894/417 1061/894/36 1034/894/417
f 1064/894/6 1065/894/6 1066/894/6
f 1028/1021/143 1060/1016/143 1062/1018/143
f 1031/1008/143 1059/999/143 1061/1012/143
f 1006/894/417 1037/894/417 1060/894/36 1058/894/36
f 1046/1028/421 1057/996/38 1003/995/421
f 1008/988/143 1056/966/143 1058/997/143
f 999/992/143 1053/965/143 1057/996/143
f 1013/972/421 1055/968/38 993/1029/421
f 988/979/424 1053/965/36 1019/991/424
f 1031/1008/143 1068/1025/143 1070/1030/143
f 1031/928/143 1029/928/143 1030/928/428
f 1023/928/428 1024/928/143 1025/928/143
f 1070/1030/143 1029/1009/143 1031/1008/143
f 1049/1031/143 1066/1026/143 1047/1019/143
f 1061/1012/6 1067/1022/6 1068/1025/6
f 1051/1024/143 1066/1026/143 1067/1022/143
f 1069/1032/143 1062/1018/143 1025/1017/143
f 1025/928/143 1024/928/143 1069/928/143
f 1070/1030/143 1065/1027/143 1069/1032/143
f 1024/1010/143 1070/1030/143 1069/1032/143
f 1119/894/423 1090/894/420 1091/894/423
f 1105/1033/418 1080/1034/419 1098/1035/419
f 1138/1036/38 1106/1037/420 1137/1038/38
f 1140/1039/36 1081/1040/417 1139/1041/36
f 1095/1042/147 1078/1043/144 1096/1044/144
f 1097/1045/424 1079/1046/146 1095/1042/146
f 1082/1047/425 1098/1035/419 1080/1034/419
f 1081/1040/417 1099/1048/416 1082/1047/416
f 1073/1049/148 1101/1050/154 1071/1051/154
f 1072/1052/421 1102/1053/150 1073/1049/150
f 1104/1054/422 1075/1055/418 1105/1033/418
f 1106/894/420 1076/894/423 1104/894/423
f 1071/1051/154 1096/1044/144 1078/1043/144
f 1091/1056/2 1096/1044/2 1089/1057/2
f 1097/894/2 1091/894/2 1090/894/2
f 1098/894/2 1094/894/2 1093/894/2
f 1094/894/2 1100/894/2 1092/894/2
f 1101/894/2 1085/894/2 1084/894/2
f 1085/894/2 1103/894/2 1083/894/2
f 1088/1058/2 1105/1033/2 1086/1059/2
f 1106/894/2 1088/894/2 1087/894/2
f 1096/1044/2 1084/1060/2 1089/1057/2
f 1137/1038/2 1087/1061/2 1141/1062/2
f 1105/1033/2 1093/1063/2 1086/1059/2
f 1142/1064/2 1097/1045/2 1090/1065/2
f 1135/894/418 1116/894/422 1117/894/418
f 1125/1066/419 1089/1057/418 1084/1060/419
f 1083/1067/417 1127/1068/417 1126/1069/416 1085/1070/416
f 1094/894/148 1123/894/148 1122/894/154 1093/894/154
f 1141/1062/36 1143/1071/36 1127/1068/417 1083/1067/417
f 1129/894/144 1088/894/147 1086/894/144
f 1124/894/421 1094/894/150 1092/894/421
f 1122/894/154 1086/894/144 1093/894/154
f 1120/894/418 1091/894/422 1089/894/418
f 1128/894/146 1087/894/424 1088/894/146
f 1126/1069/425 1084/1072/419 1085/1070/425
f 1144/894/38 1092/894/421 1142/894/38
f 1107/928/2 1120/928/2 1108/928/2
f 1109/928/2 1121/928/2 1119/928/2 1107/928/2
f 1122/928/2 1111/928/2 1110/928/2
f 1111/928/2 1123/928/2 1124/928/2 1112/928/2
f 1125/928/2 1114/928/2 1113/928/2
f 1114/928/2 1127/928/2 1115/928/2
f 1116/928/2 1128/928/2 1129/928/2 1117/928/2
f 1118/928/2 1130/928/2 1128/928/2 1116/928/2
f 1120/1073/2 1113/1074/2 1108/1075/2
f 1143/928/2 1118/928/2 1145/928/2
f 1129/1076/2 1110/1077/2 1117/1078/2
f 1144/928/2 1109/928/2 1146/928/2
f 1131/894/2 1132/894/2 1133/894/2
f 1112/894/417 1133/894/417 1132/894/416 1111/894/416
f 1131/1079/419 1117/1078/418 1110/1077/419
f 1116/894/423 1134/894/423 1136/894/420 1118/894/420
f 1148/1080/36 1112/1081/417 1146/1082/36
f 1111/1083/425 1132/1084/425 1131/1079/419 1110/1077/419
f 1151/1085/2 1136/1086/2 1135/1087/2
f 1135/894/2 1136/894/2 1134/894/426
f 1152/894/6 1150/894/6 1149/894/6
f 1136/894/420 1145/894/38 1118/894/420
f 1146/894/6 1150/894/6 1148/894/6
f 1112/1081/2 1144/1088/2 1146/1082/2
f 1115/928/2 1143/928/2 1145/928/2
f 1121/894/420 1142/894/38 1090/894/420
f 1130/1089/424 1141/1062/36 1087/1061/424
f 1092/1090/2 1140/1039/2 1142/1064/2
f 1083/1067/2 1137/1038/2 1141/1062/2
f 1097/1045/424 1139/1041/36 1077/1091/424
f 1072/1052/421 1137/1038/38 1103/1092/421
f 1115/928/2 1152/928/2 1154/928/2
f 1115/928/2 1113/928/2 1114/928/2
f 1107/928/2 1108/928/2 1109/928/2
f 1154/928/2 1113/928/2 1115/928/2
f 1133/894/2 1150/894/2 1131/894/2
f 1152/894/6 1145/894/6 1147/894/6 1151/894/6
f 1135/1087/2 1150/1093/2 1151/1085/2
f 1153/928/2 1146/928/2 1109/928/2
f 1109/1094/2 1108/1075/2 1153/1095/2
f 1154/1096/2 1149/1097/2 1153/1095/2
f 1108/1075/2 1154/1096/2 1153/1095/2
f 1174/894/420 1203/894/423 1175/894/423
f 1164/1098/419 1189/1099/418 1182/1100/419
f 1190/1101/420 1222/1102/38 1221/1103/38
f 1165/1104/417 1224/1105/36 1223/1106/36
f 1162/1107/144 1179/1108/147 1180/1109/144
f 1163/1110/146 1181/1111/424 1179/1108/146
f 1182/1100/419 1166/1112/425 1164/1098/419
f 1166/1112/416 1183/1113/416 1184/1114/417 1165/1104/417
f 1185/1115/154 1157/1116/148 1155/1117/154
f 1186/1118/150 1156/1119/421 1157/1116/150
f 1159/1120/418 1188/1121/422 1189/1099/418
f 1160/1122/423 1190/1101/420 1188/1121/423
f 1180/1109/144 1155/1117/154 1162/1107/144
f 1175/1123/143 1180/1109/143 1179/1108/143
f 1175/1123/143 1181/1111/143 1174/1124/143
f 1178/1125/143 1182/1100/143 1177/1126/143
f 1178/1125/143 1184/1114/143 1183/1113/143
f 1169/1127/143 1185/1115/143 1168/1128/143
f 1169/1127/143 1187/1129/143 1186/1118/143
f 1172/1130/143 1189/1099/143 1188/1121/143
f 1172/1130/143 1190/1101/143 1171/1131/143
f 1168/1128/143 1180/1109/143 1173/1132/143
f 1171/1131/143 1221/1103/143 1225/1133/143
f 1177/1126/143 1189/1099/143 1170/1134/143
f 1226/1135/143 1181/1111/143 1224/1105/143
f 1201/894/418 1200/894/422 1218/894/422 1219/894/418
f 1173/1132/418 1209/1136/419 1168/1128/419
f 1167/894/417 1169/894/416 1210/894/416 1211/894/417
f 1177/1126/154 1207/1137/148 1178/1125/148
f 1225/894/36 1167/894/417 1211/894/417 1227/894/36
f 1172/1130/147 1213/1138/144 1170/1134/144
f 1178/894/150 1208/894/421 1176/894/421
f 1170/1134/144 1206/1139/154 1177/1126/154
f 1175/894/422 1204/894/418 1173/894/418
f 1171/894/424 1212/894/146 1172/894/146
f 1168/894/419 1210/894/425 1169/894/425
f 1176/1140/421 1228/1141/38 1226/1135/38
f 1191/928/143 1204/928/143 1203/928/143
f 1191/1142/143 1205/1143/143 1193/1144/143
f 1195/928/143 1206/928/143 1194/928/143
f 1195/1145/143 1208/1146/143 1207/1137/143
f 1198/1147/143 1209/1136/143 1197/1148/143
f 1198/1147/143 1199/1149/143 1211/1150/143 1210/1151/143
f 1200/1152/143 1213/1153/143 1212/1154/143
f 1200/928/143 1214/928/143 1202/928/143
f 1197/1148/143 1204/1155/143 1192/1156/143
f 1202/1157/143 1227/1158/143 1229/1159/143
f 1194/1160/143 1213/1138/143 1201/1161/143
f 1193/1144/143 1228/1141/143 1230/1162/143
f 1215/1163/143 1217/1164/143 1216/1165/143
f 1196/894/417 1195/894/416 1216/894/416 1217/894/417
f 1201/1161/418 1215/1163/419 1194/1160/419
f 1200/894/423 1202/894/420 1220/894/420 1218/894/423
f 1230/894/36 1196/894/417 1217/894/417 1232/894/36
f 1195/1166/425 1194/1160/419 1215/1163/419 1216/1165/425
f 1220/1167/143 1235/1168/143 1219/1169/143
f 1219/1169/143 1218/1170/428 1220/1167/143
f 1234/1171/6 1236/1172/6 1233/1173/6
f 1229/1159/38 1220/1167/420 1202/1157/420
f 1234/894/6 1230/894/6 1232/894/6
f 1196/1174/143 1228/1141/143 1208/1146/143
f 1199/1149/143 1227/1158/143 1211/1150/143
f 1226/1135/38 1205/1143/420 1174/1124/420
f 1225/1133/36 1214/1175/424 1171/1131/424
f 1176/1140/143 1224/1105/143 1184/1114/143
f 1167/1176/143 1221/1103/143 1187/1129/143
f 1223/1106/36 1181/1111/424 1161/1177/424
f 1221/1103/38 1156/1119/421 1187/1129/421
f 1236/1172/143 1199/1149/143 1238/1178/143
f 1199/928/143 1198/928/143 1197/928/143
f 1191/928/143 1193/928/143 1192/928/143
f 1238/928/143 1199/928/143 1197/928/143
f 1234/1171/143 1217/1164/143 1215/1163/143
f 1236/894/6 1235/894/6 1231/894/6 1229/894/6
f 1234/1171/143 1219/1169/143 1235/1168/143
f 1230/928/143 1237/928/143 1193/928/143
f 1193/1179/143 1237/1180/143 1192/1156/143
f 1233/1173/143 1238/1178/143 1237/1180/143
f 1238/1178/143 1192/1156/143 1237/1180/143
f 1247/1181/36 1245/1182/36 1244/1183/36
f 1253/1184/36 1254/1185/36 1244/1183/36
f 1264/1186/143 1291/1186/430 1263/1186/143
f 1244/1183/2 1272/1187/431 1266/1188/2
f 1257/1189/36 1248/1190/36 1249/1191/36
f 1269/1186/432 1245/1186/143 1241/1186/432
f 1264/1186/21 1240/1186/21 1290/1186/21 1288/1186/21
f 1247/1181/433 1266/1188/2 1265/1192/433
f 1270/1193/434 1240/1194/6 1264/1195/6
f 1252/1196/435 1251/1197/434 1280/1198/434 1281/1199/435
f 1260/1186/436 1284/1186/437 1258/1186/437
f 1239/1200/21 1282/1201/438 1259/1202/438
f 1267/1203/438 1249/1191/439 1248/1190/438
f 1268/1186/440 1241/1186/432 1249/1186/440
f 1270/1193/434 1255/1204/435 1253/1184/434
f 1271/1205/441 1254/1185/431 1255/1204/441
f 1256/1206/442 1273/1207/443 1274/1208/442
f 1257/1189/444 1265/1192/433 1273/1207/444
f 1267/1203/438 1256/1206/442 1274/1208/442
f 1239/1200/38 1263/1209/38 1242/1210/38
f 1246/1186/38 1266/1186/38 1243/1186/38
f 1252/1196/38 1267/1203/38 1251/1197/38
f 1252/1211/38 1269/1212/38 1268/1213/38
f 1260/1186/38 1270/1186/38 1259/1186/38
f 1260/1186/38 1272/1186/38 1271/1186/38
f 1262/1186/38 1274/1186/38 1273/1186/38
f 1261/1214/38 1267/1203/38 1274/1208/38
f 1239/1200/38 1270/1193/38 1264/1195/38
f 1258/1215/38 1266/1188/38 1272/1187/38
f 1250/1216/38 1263/1209/38 1269/1217/38
f 1262/1186/38 1265/1186/38 1246/1186/38
f 1281/1199/38 1280/1198/38 1286/1218/38 1285/1219/38
f 1277/1220/38 1276/1221/38 1275/1222/38
f 1282/1223/38 1284/1223/38 1283/1223/38
f 1243/1186/143 1258/1186/437 1284/1186/437 1276/1186/143
f 1261/1186/445 1262/1186/446 1285/1186/446 1286/1186/445
f 1252/1196/447 1277/1220/448 1250/1216/448
f 1250/1216/448 1275/1222/2 1242/1210/2
f 1242/1210/2 1279/1224/2 1239/1200/2
f 1261/1214/445 1280/1198/434 1251/1197/434
f 1259/1186/438 1283/1186/439 1260/1186/439
f 1262/1186/449 1246/1186/450 1278/1186/450 1285/1186/449
f 1246/1186/450 1243/1186/143 1276/1186/143 1278/1186/450
f 1257/1189/36 1241/1225/36 1247/1181/36
f 1253/1184/36 1245/1182/36 1240/1194/36
f 1282/1201/38 1275/1222/38 1276/1221/38
f 1281/1199/38 1278/1226/38 1277/1220/38
f 1291/1227/21 1293/1228/21 1294/1229/21
f 1294/1230/36 1289/1231/36 1290/1232/36
f 1290/1232/6 1287/1233/6 1288/1234/6
f 1288/1234/38 1292/1235/38 1291/1227/38
f 1240/1186/143 1245/1186/143 1294/1186/451 1290/1186/143
f 1245/1186/143 1263/1186/143 1291/1186/430 1294/1186/451
f 1301/1236/36 1303/1237/36 1300/1238/36
f 1309/1239/36 1310/1240/36 1311/1241/36
f 1347/1186/452 1320/1186/2 1319/1186/2
f 1328/1242/453 1300/1238/143 1322/1243/143
f 1313/1244/36 1304/1245/36 1312/1246/36
f 1301/1186/2 1325/1186/433 1297/1186/433
f 1320/1186/2 1344/1186/454 1346/1186/455 1296/1186/2
f 1322/1243/143 1303/1237/432 1321/1247/432
f 1296/1248/6 1326/1249/445 1320/1250/6
f 1337/1251/446 1307/1252/445 1308/1253/446
f 1340/1186/456 1316/1186/457 1314/1186/456
f 1338/1186/442 1295/1186/21 1315/1186/442
f 1305/1254/443 1323/1255/442 1304/1245/442
f 1297/1186/433 1324/1186/444 1305/1186/444
f 1311/1241/446 1326/1249/445 1309/1239/445
f 1310/1240/453 1327/1256/458 1311/1241/458
f 1329/1257/439 1312/1246/438 1330/1258/438
f 1321/1247/432 1313/1244/440 1329/1257/440
f 1312/1246/438 1323/1255/442 1330/1258/438
f 1319/1259/38 1295/1260/38 1298/1261/38
f 1322/1243/38 1302/1262/38 1299/1263/38
f 1323/1255/38 1308/1253/38 1307/1252/38
f 1308/1186/38 1325/1186/38 1306/1186/38
f 1326/1249/38 1316/1264/38 1315/1265/38
f 1316/1264/38 1328/1242/38 1314/1266/38
f 1318/1267/38 1330/1258/38 1317/1268/38
f 1317/1268/38 1323/1255/38 1307/1252/38
f 1295/1260/38 1326/1249/38 1315/1265/38
f 1314/1266/38 1322/1243/38 1299/1263/38
f 1306/1269/38 1319/1259/38 1298/1261/38
f 1321/1247/38 1318/1267/38 1302/1262/38
f 1337/1251/38 1342/1270/38 1336/1271/38
f 1332/1272/38 1333/1273/38 1331/1274/38
f 1340/1223/38 1338/1223/38 1339/1223/38
f 1332/1186/2 1314/1186/456 1299/1186/2
f 1342/1270/434 1318/1267/435 1317/1268/434
f 1333/1273/450 1308/1253/449 1306/1269/450
f 1331/1274/143 1306/1269/450 1298/1261/143
f 1335/1275/143 1298/1261/143 1295/1260/143
f 1336/1271/445 1317/1268/434 1307/1252/445
f 1339/1186/443 1315/1186/442 1316/1186/443
f 1318/1186/447 1341/1186/447 1334/1186/448 1302/1186/448
f 1334/1186/448 1299/1186/2 1302/1186/448
f 1297/1276/36 1313/1244/36 1303/1237/36
f 1301/1236/36 1309/1239/36 1296/1248/36
f 1338/1277/38 1331/1274/38 1335/1275/38
f 1334/1278/38 1337/1251/38 1333/1273/38
f 1349/1279/21 1347/1280/21 1350/1281/21
f 1345/1282/36 1350/1281/36 1346/1283/36
f 1343/1284/6 1346/1283/6 1344/1285/6
f 1348/1286/38 1344/1285/38 1347/1280/38
f 1346/1186/455 1301/1186/2 1296/1186/2
f 1301/1186/2 1350/1186/459 1347/1186/452 1319/1186/2
f 1360/1287/460 1359/1288/461 1357/1289/460
f 1353/1290/462 1354/1291/463 1356/1292/462
f 1355/1293/21 1369/1294/464 1352/1295/21
f 1359/1288/143 1352/1295/143 1357/1289/143
f 1362/1296/465 1358/1297/466 1359/1288/465
f 1364/1298/467 1368/1299/468 1367/1300/467
f 1368/1299/2 1373/1301/2 1374/1302/2
f 1358/1297/143 1353/1290/143 1359/1288/143
f 1364/1298/143 1371/1303/143 1365/1304/143
f 1360/1287/2 1372/1305/2 1355/1293/2
f 1367/1300/2 1374/1302/2 1372/1305/2
f 1362/1296/2 1355/1293/2 1356/1292/2
f 1361/1306/2 1356/1292/2 1354/1291/2
f 1372/1305/464 1371/1303/469 1369/1294/464
f 1370/1307/470 1366/1308/471 1363/1309/471
f 1365/1304/472 1366/1308/471 1368/1299/472
f 1365/1304/143 1370/1307/143 1363/1309/143
f 1357/1289/143 1369/1294/143 1364/1298/143
f 1357/1289/460 1367/1300/467 1360/1287/460
f 1351/1310/463 1361/1306/466 1354/1291/463
f 1374/1302/473 1370/1307/470 1371/1303/473
f 1394/1311/420 1423/1311/423 1395/1311/423
f 1384/1312/419 1409/1313/418 1402/1314/419
f 1407/1315/421 1378/1316/420 1376/1317/421
f 1385/1318/417 1401/1319/424 1381/1320/424
f 1382/1321/144 1399/1322/147 1400/1323/144
f 1383/1324/146 1401/1319/424 1399/1322/146
f 1402/1314/419 1386/1325/425 1384/1312/419
f 1386/1325/416 1404/1326/417 1385/1318/417
f 1405/1327/154 1377/1328/148 1375/1329/154
f 1406/1330/150 1376/1317/421 1377/1328/150
f 1379/1331/418 1408/1332/422 1409/1313/418
f 1380/1333/423 1410/1334/420 1408/1332/423
f 1400/1323/144 1375/1329/154 1382/1321/144
f 1395/1335/143 1400/1323/143 1399/1322/143
f 1395/1335/143 1401/1319/143 1394/1336/143
f 1398/1337/143 1402/1314/143 1397/1338/143
f 1398/1337/143 1404/1326/143 1403/1339/143
f 1389/1311/143 1405/1311/143 1388/1311/143
f 1389/1340/143 1407/1315/143 1406/1330/143
f 1392/1341/143 1409/1313/143 1408/1332/143
f 1392/1341/143 1410/1334/143 1391/1342/143
f 1393/1343/143 1405/1327/143 1400/1323/143
f 1391/1342/143 1407/1315/143 1387/1344/143
f 1397/1338/143 1409/1313/143 1390/1345/143
f 1394/1336/143 1404/1326/143 1396/1346/143
f 1420/1347/422 1445/1347/418 1421/1347/418
f 1393/1311/418 1429/1311/419 1388/1311/419
f 1389/1311/416 1431/1311/417 1387/1311/417
f 1397/1311/154 1427/1311/148 1398/1311/148
f 1387/1344/417 1434/1348/424 1391/1342/424
f 1392/1311/147 1433/1311/144 1390/1311/144
f 1398/1311/150 1428/1311/421 1396/1311/421
f 1390/1345/144 1426/1349/154 1397/1338/154
f 1395/1311/422 1424/1311/418 1393/1311/418
f 1391/1311/424 1432/1311/146 1392/1311/146
f 1388/1311/419 1430/1311/425 1389/1311/425
f 1396/1311/421 1425/1311/420 1394/1311/420
f 1411/1350/143 1424/1350/143 1423/1350/143
f 1411/1351/143 1425/1352/143 1413/1353/143
f 1415/1354/143 1426/1349/143 1414/1355/143
f 1415/1350/143 1428/1350/143 1427/1350/143
f 1418/1350/143 1429/1350/143 1417/1350/143
f 1418/1350/143 1431/1350/143 1430/1350/143
f 1420/1350/143 1433/1350/143 1432/1350/143
f 1420/1350/143 1434/1350/143 1422/1350/143
f 1412/1356/143 1429/1357/143 1424/1358/143
f 1422/1359/143 1431/1360/143 1419/1361/143
f 1414/1350/143 1433/1350/143 1421/1350/143
f 1416/1362/143 1425/1352/143 1428/1363/143
f 1444/1347/143 1438/1347/428 1445/1347/143
f 1415/1347/474 1440/1347/417 1416/1347/417
f 1421/1364/418 1438/1365/419 1414/1366/419
f 1411/1347/147 1436/1347/144 1412/1347/144
f 1422/1347/420 1444/1347/423 1420/1347/423
f 1417/1347/154 1442/1347/148 1418/1347/148
f 1416/1362/417 1437/1367/424 1413/1353/424
f 1413/1347/424 1435/1347/475 1411/1347/475
f 1412/1356/144 1441/1368/154 1417/1369/154
f 1418/1347/150 1443/1347/421 1419/1347/421
f 1414/1347/419 1439/1347/425 1415/1347/425
f 1419/1347/421 1446/1347/420 1422/1347/420
f 1440/1370/143 1443/1371/143 1437/1367/143
f 1440/1370/143 1444/1372/143 1446/1373/143
f 1436/1374/476 1442/1375/143 1441/1368/143
f 1437/1367/143 1442/1375/143 1435/1376/143
f 94/75/2 93/138/2 175/46/2
f 572/586/143 653/543/143 571/689/143
f 37/1/1 60/112/1 50/2/1
f 14/4/2 66/134/2 69/5/2
f 20/7/2 175/46/2 232/8/2
f 44/10/3 169/213/130 97/11/4
f 195/13/6 3/40/6 481/14/6
f 107/16/7 68/162/7 99/17/7
f 519/19/8 479/90/8 1/20/8
f 497/22/6 509/318/6 31/23/6
f 84/25/7 101/179/7 13/18/7
f 44/10/8 6/92/8 484/26/8
f 19/24/2 172/34/2 238/28/2
f 30/30/9 16/42/477 5/31/10
f 19/24/2 31/23/2 174/33/2
f 23/35/6 195/13/6 228/36/12
f 18/38/6 20/7/6 194/39/6
f 29/41/2 11/85/2 16/42/2
f 22/43/14 59/109/14 51/44/14
f 18/38/2 173/76/2 175/46/2
f 86/47/2 14/4/2 9/6/2
f 220/49/15 219/230/138 168/50/16
f 167/52/18 192/254/130 214/53/19
f 41/21/21 48/98/21 526/55/21
f 506/56/22 524/218/23 46/57/23
f 231/58/24 194/39/6 20/7/6
f 176/59/2 173/76/2 18/38/2
f 225/60/2 65/146/2 108/61/2
f 202/63/2 176/59/2 23/35/2
f 14/4/26 86/47/7 49/67/7
f 193/69/2 211/255/2 209/70/2
f 94/75/2 175/46/2 173/76/2
f 189/78/2 25/210/2 217/79/2
f 10/81/2 29/41/2 30/30/2
f 15/82/27 30/30/9 28/32/11
f 19/24/6 234/113/24 712/83/24
f 29/41/2 174/33/2 170/84/2
f 233/86/12 26/94/6 504/87/6
f 54/89/29 1/20/29 479/90/29
f 6/92/8 44/10/8 41/21/8
f 21/95/30 48/98/30 41/21/30
f 22/43/30 43/45/30 85/96/30
f 37/1/30 36/3/30 41/21/30
f 21/95/30 22/43/30 100/97/30
f 40/104/30 45/103/30 38/105/30
f 42/106/30 100/97/30 8/107/30
f 42/106/30 40/104/30 48/98/30
f 59/109/30 58/121/30 50/2/30
f 170/84/32 27/221/32 505/110/32
f 39/102/30 47/108/30 98/114/33
f 52/101/30 62/120/30 63/115/30
f 39/102/30 46/57/28 38/105/30
f 1/20/34 54/89/34 55/116/34
f 43/45/14 51/44/14 60/112/14
f 4/117/35 57/225/35 56/118/35
f 45/103/37 40/104/37 62/120/37
f 47/108/14 53/99/14 63/115/14
f 42/106/38 63/115/38 62/120/38
f 36/3/37 50/2/37 58/121/37
f 67/122/2 71/176/2 87/48/2
f 98/114/33 65/146/478 15/82/27
f 74/125/2 107/16/2 13/18/2
f 9/6/2 69/5/2 75/126/2
f 96/127/2 17/212/2 12/128/2
f 81/135/41 165/142/48 166/136/42
f 93/138/44 129/189/44 128/139/45
f 80/141/47 164/201/47 165/142/48
f 92/140/46 128/139/45 127/143/49
f 79/132/54 163/152/63 164/201/55
f 79/132/54 88/131/62 157/151/62
f 69/5/65 66/134/53 150/144/52
f 74/125/67 162/158/73 161/155/68
f 98/114/70 115/199/70 125/147/58
f 67/122/62 78/160/77 149/156/71
f 64/145/72 160/145/72 162/145/73
f 105/65/74 106/62/75 124/153/75
f 78/160/77 77/165/78 148/161/78
f 68/162/79 107/16/69 161/155/68
f 70/66/81 105/65/74 123/159/76
f 77/165/82 76/263/82 147/166/82
f 73/123/83 159/172/89 160/167/84
f 103/168/85 119/188/85 121/169/85
f 76/145/86 75/145/91 146/145/87
f 104/171/88 158/198/88 159/172/89
f 75/126/91 69/5/65 145/154/66
f 71/176/62 67/122/62 144/157/62
f 138/180/94 113/185/97 114/174/95
f 140/182/2 141/186/2 118/183/2
f 138/180/94 140/182/479 117/184/96
f 142/177/2 119/188/2 118/183/2
f 143/187/19 139/181/95 114/174/95
f 142/177/2 144/157/2 121/169/2
f 146/175/2 145/154/99 127/143/98
f 147/166/2 146/175/2 128/139/2
f 147/166/2 129/189/2 130/190/2
f 148/161/2 130/190/2 131/191/2
f 149/156/2 131/191/2 121/169/2
f 145/154/99 150/144/100 132/192/100
f 151/150/102 137/193/101 132/192/103
f 152/163/104 115/199/104 116/194/19
f 154/196/105 153/195/19 116/194/19
f 155/178/2 117/184/2 118/183/2
f 154/196/105 113/185/97 117/184/96
f 157/151/2 156/197/2 118/183/2
f 158/198/2 122/164/2 123/159/2
f 160/167/2 159/172/2 123/159/2
f 152/163/104 161/155/107 125/147/107
f 160/167/2 124/153/2 126/148/108
f 162/158/108 126/148/108 125/147/109
f 157/151/2 119/188/2 133/200/2
f 164/201/2 163/152/2 133/200/2
f 164/201/2 134/202/2 135/203/2
f 165/142/2 135/203/2 136/204/2
f 158/198/2 166/136/2 136/204/2
f 94/75/110 130/190/110 129/189/110
f 82/137/43 166/136/42 158/198/88
f 95/77/111 131/191/113 130/190/112
f 90/170/85 121/169/85 131/191/113
f 91/129/50 127/143/49 132/192/114
f 109/205/116 133/200/118 119/188/85
f 109/205/116 110/206/117 134/202/117
f 110/145/119 111/145/121 135/145/120
f 112/208/123 70/66/81 122/164/81
f 49/67/125 138/180/125 139/181/125
f 8/107/90 100/97/90 113/185/90
f 87/145/126 141/145/126 140/145/127
f 68/145/125 152/145/125 153/145/125
f 49/67/127 86/47/127 140/182/127
f 99/17/125 153/195/125 154/196/125
f 71/176/126 142/177/126 141/186/126
f 7/68/125 139/181/125 143/187/125
f 216/209/128 217/79/141 25/210/129
f 207/211/130 190/250/131 17/212/131
f 226/72/2 171/74/2 26/94/2
f 169/213/130 17/212/131 96/127/131
f 97/11/132 96/127/115 132/192/114
f 533/214/133 484/26/133 6/92/133
f 43/45/30 37/1/30 89/12/5
f 176/59/2 103/168/2 90/170/2
f 12/128/2 196/251/2 206/215/2
f 482/217/134 4/117/134 46/57/134
f 109/205/2 103/168/2 176/59/2
f 10/81/2 203/262/2 205/219/2
f 222/216/2 92/140/2 91/129/2
f 172/34/2 174/33/2 29/41/2
f 174/33/2 31/23/2 27/221/2
f 188/222/2 229/227/2 182/223/2
f 57/225/135 4/117/135 482/217/135
f 229/227/2 228/36/2 234/113/2
f 18/38/6 3/40/6 195/13/6
f 649/228/136 504/87/136 26/94/136
f 34/229/137 168/50/16 219/230/138
f 223/235/2 236/237/2 233/86/2
f 208/236/2 179/239/2 236/237/2
f 208/236/2 181/240/2 178/238/2
f 181/240/2 180/232/2 177/234/2
f 188/222/2 183/224/2 184/241/2
f 235/243/2 191/258/2 33/244/2
f 240/242/2 184/241/2 185/246/2
f 231/58/24 233/86/12 711/88/12
f 207/211/130 212/256/130 209/70/131
f 196/251/2 211/255/2 197/252/2
f 207/211/130 169/213/130 44/10/3
f 196/251/2 12/128/2 17/212/2
f 209/70/131 212/256/130 192/254/130
f 212/256/130 207/211/130 200/253/19
f 211/255/2 196/251/2 190/250/2
f 213/71/131 192/254/130 167/52/18
f 192/254/130 212/256/130 210/257/19
f 213/71/2 25/210/2 189/78/2
f 199/80/2 217/79/2 220/49/2
f 215/259/140 216/209/128 167/52/18
f 217/79/141 216/209/128 219/230/138
f 218/231/139 219/230/138 216/209/128
f 61/100/14 53/99/14 47/108/14
f 191/258/2 220/49/2 32/51/2
f 222/216/2 206/215/2 232/8/2
f 70/66/2 112/208/2 239/260/2
f 112/208/2 111/207/2 230/261/2
f 111/207/2 110/206/2 202/63/2
f 203/262/2 15/82/2 65/146/2
f 172/34/2 10/81/2 204/220/2
f 38/105/134 46/57/134 4/117/134
f 221/245/2 35/73/2 226/72/2
f 72/149/142 83/133/39 14/4/26
f 78/160/2 67/122/2 75/126/2
f 79/132/2 80/141/2 81/135/2
f 104/171/2 73/123/2 101/179/2
f 205/219/2 203/262/2 272/266/2
f 206/215/2 257/286/2 255/268/2
f 203/262/2 225/60/2 273/271/2
f 227/9/2 232/8/2 255/268/2
f 237/29/2 238/28/2 264/273/2
f 199/80/2 191/258/2 243/279/2
f 237/29/25 285/274/144 283/284/144
f 197/252/2 253/292/2 257/286/2
f 235/243/2 251/288/2 243/279/2
f 226/72/2 249/297/2 251/288/2
f 202/63/2 278/301/2 279/289/2
f 254/290/145 255/268/145 257/286/146
f 256/291/146 257/286/146 253/292/136
f 252/285/136 253/292/136 247/293/147
f 246/281/147 247/293/147 261/294/6
f 258/278/6 261/294/6 245/280/148
f 244/264/148 245/280/148 243/279/149
f 242/265/149 243/279/149 251/288/150
f 248/296/151 250/295/150 251/288/150
f 248/296/151 249/297/151 262/298/152
f 255/268/145 254/290/145 260/300/153
f 281/287/150 279/289/150 278/301/151
f 284/270/149 268/304/149 279/289/150
f 284/270/149 270/269/148 267/303/148
f 269/277/6 273/271/6 267/303/148
f 269/277/6 271/276/147 272/266/147
f 276/305/136 280/267/136 272/266/147
f 276/305/136 277/283/146 265/306/146
f 265/306/146 277/283/146 266/282/145
f 264/273/145 266/282/145 283/284/153
f 274/307/152 282/302/151 278/301/151
f 228/36/12 274/307/154 275/308/154
f 224/93/2 262/298/2 249/297/2
f 198/37/2 275/308/2 278/301/2
f 227/9/25 259/272/144 260/300/144
f 204/220/2 265/306/2 264/273/2
f 236/237/143 179/239/143 250/295/143
f 193/69/2 189/78/2 261/294/2
f 239/260/2 268/304/2 267/303/2
f 233/86/12 263/299/154 262/298/154
f 201/64/2 267/303/2 273/271/2
f 197/252/2 193/69/2 247/293/2
f 230/261/2 279/289/2 268/304/2
f 205/219/2 280/267/2 265/306/2
f 199/80/2 245/280/2 261/294/2
f 706/309/12 712/83/24 234/113/24
f 194/39/6 231/58/24 709/249/24
f 228/36/12 195/13/6 673/15/6
f 672/310/6 481/14/6 3/40/6
f 48/98/21 38/105/21 516/311/21
f 513/312/136 649/228/136 171/74/136
f 16/42/155 11/85/156 489/313/156
f 648/111/32 489/313/156 11/85/156
f 35/73/36 221/245/36 699/315/36
f 38/105/134 2/119/134 480/316/134
f 28/32/22 5/31/157 483/317/157
f 509/318/6 505/110/6 27/221/6
f 494/314/155 483/317/38 5/31/38
f 535/226/134 534/319/134 56/118/134
f 534/319/158 480/316/158 2/119/158
f 774/327/21 770/1377/21 335/328/21
f 304/335/21 300/333/21 294/332/21
f 305/341/21 304/335/21 299/336/21
f 340/343/21 345/1378/21 828/344/21
f 332/329/21 335/328/21 306/322/21
f 334/326/6 333/325/6 789/364/6
f 336/366/21 341/828/21 832/367/21
f 337/369/21 342/347/21 831/370/21
f 338/372/21 343/1379/21 830/373/21
f 347/375/143 365/387/143 373/376/143
f 377/378/163 353/417/163 356/379/163
f 369/381/2 364/399/2 351/382/2
f 370/384/6 350/390/6 360/385/6
f 365/387/21 347/375/21 361/388/21
f 370/384/2 369/381/2 357/383/2
f 368/391/163 367/419/163 352/392/163
f 354/377/143 373/376/143 374/394/143
f 366/396/163 371/423/163 372/397/163
f 363/389/21 361/388/21 351/382/21
f 375/386/6 360/385/6 346/395/6
f 349/400/163 377/378/163 382/380/163
f 378/402/163 359/407/163 363/389/163
f 379/403/163 380/408/163 373/376/163
f 381/404/163 378/402/163 364/399/163
f 381/404/163 369/381/163 376/405/163
f 379/403/163 365/387/163 363/389/163
f 380/408/163 362/406/163 376/405/163
f 383/409/163 369/381/163 370/384/163
f 385/411/163 376/405/163 369/381/163
f 384/410/163 370/384/163 375/386/163
f 386/412/163 375/386/163 376/405/163
f 388/413/163 374/394/163 373/376/163
f 388/413/163 389/416/163 375/386/163
f 387/414/163 373/376/163 376/405/163
f 389/416/163 390/415/163 376/405/163
f 353/417/164 377/378/164 359/407/164
f 349/418/165 355/418/165 380/418/165
f 353/417/166 378/402/166 381/404/166
f 356/418/167 381/418/167 362/418/167
f 349/400/164 379/403/164 359/407/164
f 355/418/167 382/418/167 362/418/167
f 367/419/166 383/409/166 384/410/166
f 368/420/164 385/420/164 383/420/164
f 352/420/167 384/420/167 386/420/167
f 368/391/165 358/393/165 386/412/165
f 366/422/168 348/422/165 388/422/165
f 372/422/167 389/422/167 388/422/167
f 371/422/164 366/422/164 387/422/164
f 371/423/169 390/415/169 389/416/166
f 895/424/170 893/880/170 891/425/171
f 391/427/172 890/444/173 888/428/173
f 901/430/174 396/440/174 887/431/175
f 901/430/143 889/432/143 392/426/143
f 899/434/176 898/433/177 897/435/177
f 394/436/2 900/439/2 397/437/2
f 889/432/143 890/444/143 895/424/143
f 897/435/2 396/440/2 900/439/2
f 891/425/2 887/431/2 396/440/2
f 902/441/178 900/439/178 396/440/174
f 896/438/179 397/437/180 395/442/180
f 393/443/179 899/434/181 394/436/181
f 899/1380/143 393/1380/143 395/1380/143
f 890/444/143 391/427/143 894/445/143
f 898/433/177 392/426/171 891/425/171
f 894/445/182 391/427/172 886/429/172
f 395/442/180 397/437/180 900/439/183
f 449/447/184 452/451/188 453/448/185
f 445/480/193 460/480/196 461/480/194
f 444/458/195 459/461/198 460/459/196
f 443/460/197 458/508/200 459/461/198
f 441/462/199 442/1381/480 458/463/200
f 440/465/201 442/1381/480 441/462/199
f 437/489/203 440/492/201 439/1382/202
f 438/485/205 437/489/203 436/1383/204
f 457/506/207 438/485/205 435/1384/206
f 456/473/209 457/506/207 434/474/208
f 455/476/211 456/473/209 433/475/210
f 454/478/213 455/476/211 432/477/212
f 453/448/185 454/478/213 431/479/214
f 417/484/216 437/489/216 438/485/216
f 418/488/216 440/492/216 437/489/216
f 419/491/216 442/509/216 440/492/216
f 428/499/216 450/453/216 451/455/216
f 429/501/216 452/451/216 450/453/216
f 422/502/216 453/448/217 452/451/216
f 422/502/216 414/503/216 454/478/216
f 414/503/216 423/504/216 455/476/216
f 423/504/216 415/505/216 456/473/216
f 415/505/216 424/507/216 457/506/216
f 416/486/216 438/485/216 457/506/216
f 419/491/216 425/510/216 458/508/216
f 425/510/216 420/511/216 459/461/216
f 420/511/216 426/512/216 460/459/216
f 426/512/216 421/513/216 461/457/216
f 427/500/216 451/455/216 461/457/216
f 463/480/220 415/480/219 423/480/221
f 464/515/222 423/504/221 414/503/223
f 465/516/224 414/503/223 422/502/225
f 422/502/225 429/501/228 467/518/227
f 429/501/228 428/499/230 468/519/229
f 428/499/230 427/500/232 469/520/231
f 427/500/232 421/513/234 470/521/233
f 421/513/234 426/512/236 471/523/235
f 426/512/236 420/511/238 472/522/237
f 420/511/238 425/510/240 473/524/239
f 425/510/240 419/491/481 474/1385/241
f 474/1385/241 419/491/481 418/488/242
f 514/535/287 528/608/287 538/536/287
f 547/538/143 544/626/143 492/539/143
f 498/541/143 705/570/143 710/542/143
f 522/27/288 567/596/306 575/544/289
f 577/546/291 546/649/291 585/547/291
f 562/549/291 577/546/291 491/548/291
f 716/551/143 650/705/143 497/22/143
f 483/317/292 494/314/292 508/553/293
f 497/22/143 650/705/143 652/554/143
f 706/309/12 673/15/6 501/555/6
f 672/310/6 498/541/6 496/557/6
f 494/314/143 489/313/143 507/558/143
f 529/559/295 537/607/295 500/560/295
f 653/543/143 651/585/143 496/557/143
f 487/540/143 492/539/143 564/562/143
f 698/564/296 510/737/482 646/565/297
f 692/567/299 670/729/290 645/568/300
f 498/541/6 672/310/6 709/249/24
f 496/557/143 651/585/143 654/571/143
f 703/572/143 584/640/143 586/573/143
f 680/575/143 676/556/143 501/555/143
f 527/579/291 564/562/291 492/539/302
f 671/581/143 691/732/143 687/582/143
f 651/585/143 653/543/143 572/586/143
f 667/588/143 677/733/143 695/589/143
f 508/553/143 507/558/143 488/591/143
f 506/56/294 508/553/293 493/592/303
f 507/558/143 489/313/143 648/111/143
f 519/19/8 522/27/8 484/26/8
f 519/19/305 526/55/305 499/594/305
f 500/560/305 578/597/305 563/595/305
f 515/537/305 522/27/288 519/19/305
f 499/594/305 526/55/305 578/597/305
f 518/603/305 526/55/305 516/311/305
f 486/604/305 578/597/305 520/605/305
f 520/605/305 578/597/305 526/55/305
f 537/607/305 529/559/305 528/608/305
f 517/601/305 524/218/304 576/610/308
f 541/611/305 540/612/305 530/599/305
f 516/311/305 524/218/304 517/601/305
f 533/214/309 532/91/309 479/90/309
f 538/536/295 529/559/295 521/561/295
f 534/319/310 535/226/310 482/217/310
f 537/607/36 536/609/36 499/594/36
f 530/599/311 540/612/311 518/603/311
f 541/611/295 531/598/295 525/606/295
f 540/612/38 541/611/38 520/605/38
f 536/609/311 528/608/311 514/535/311
f 545/613/143 487/540/143 565/563/143
f 576/610/308 524/218/304 493/592/303
f 491/548/143 585/547/143 552/617/143
f 553/618/143 547/538/143 487/540/143
f 490/619/143 495/699/143 574/620/143
f 644/627/315 643/630/321 559/628/316
f 606/145/318 607/145/319 571/145/319
f 643/630/321 642/635/322 558/631/322
f 605/632/323 606/674/318 570/633/320
f 642/635/328 641/685/483 557/623/329
f 629/637/333 621/673/334 550/638/334
f 557/623/329 641/685/483 635/639/335
f 547/538/338 623/661/363 628/634/325
f 639/643/339 640/646/345 552/617/340
f 603/636/331 593/1386/342 576/610/342
f 545/613/335 622/663/335 627/644/343
f 640/646/345 638/653/346 542/616/346
f 583/578/347 601/650/352 602/641/348
f 556/645/344 627/644/343 626/647/349
f 546/649/350 630/680/484 639/643/339
f 548/577/351 600/696/351 601/650/352
f 638/653/354 637/658/360 551/615/355
f 599/654/356 597/690/356 581/655/356
f 637/658/360 636/683/361 582/659/361
f 566/624/364 635/639/364 634/662/364
f 549/614/335 620/672/335 622/663/335
f 633/664/365 632/682/365 562/549/365
f 592/665/366 591/697/485 616/666/367
f 618/668/143 595/671/143 596/669/143
f 616/666/367 591/697/485 595/671/368
f 596/669/143 597/690/143 620/672/143
f 621/673/299 598/660/299 592/665/366
f 620/672/143 597/690/143 599/654/143
f 624/657/143 606/674/143 605/632/370
f 625/651/143 607/1387/143 606/674/143
f 608/675/143 607/1387/143 625/651/143
f 609/676/143 608/675/143 626/647/143
f 599/654/143 609/676/143 627/644/143
f 623/661/371 605/632/370 610/677/372
f 615/678/373 598/660/299 621/673/299
f 610/677/375 615/678/373 629/637/374
f 594/679/299 593/1386/376 630/680/376
f 632/682/377 591/697/485 594/679/299
f 596/669/143 595/671/143 633/664/143
f 595/671/368 591/697/485 632/682/377
f 635/639/143 597/690/143 596/669/143
f 601/650/143 600/696/143 636/683/143
f 638/653/143 602/641/143 601/650/143
f 630/680/376 593/1386/376 603/636/379
f 604/642/380 602/641/143 638/653/143
f 603/636/381 604/642/380 640/646/380
f 611/684/143 597/690/143 635/639/143
f 642/635/143 612/692/143 611/684/143
f 613/686/143 612/692/143 642/635/143
f 614/687/143 613/686/143 643/630/143
f 636/683/143 600/696/143 614/687/143
f 607/145/383 608/145/383 572/145/383
f 636/683/361 644/627/315 560/629/317
f 608/675/384 609/676/386 573/587/385
f 609/676/386 599/654/356 568/656/356
f 610/677/387 605/632/323 569/621/324
f 597/690/356 611/684/486 587/691/389
f 587/691/389 611/684/486 612/692/390
f 588/693/391 612/692/391 613/686/392
f 589/694/393 613/686/392 614/687/394
f 590/695/395 614/687/394 600/696/351
f 617/667/397 616/666/397 527/579/397
f 486/604/362 594/679/362 591/697/362
f 578/597/362 591/697/362 592/665/362
f 618/668/398 619/670/399 565/563/399
f 631/681/397 630/680/397 546/649/397
f 527/579/398 616/666/398 618/668/398
f 632/682/397 631/681/397 577/546/397
f 619/670/399 620/672/399 549/614/399
f 580/622/364 634/662/364 633/664/365
f 621/673/397 617/667/397 485/580/397
f 503/590/400 695/589/406 694/698/401
f 495/699/402 668/725/402 685/700/290
f 704/584/143 702/593/143 504/87/143
f 574/620/402 495/699/402 647/545/290
f 610/677/387 574/620/388 575/544/403
f 521/561/305 563/595/305 567/596/306
f 568/656/143 581/655/143 654/571/143
f 684/701/143 674/727/143 490/619/143
f 654/571/143 581/655/143 587/691/143
f 488/591/143 682/740/143 683/703/143
f 700/702/143 490/619/143 569/621/143
f 650/705/143 488/591/143 507/558/143
f 505/110/143 509/318/143 652/554/143
f 660/706/143 707/709/143 666/707/143
f 712/83/143 706/309/143 707/709/143
f 673/15/6 481/14/6 496/557/6
f 512/710/404 696/735/407 697/566/298
f 711/88/143 714/715/143 701/714/143
f 714/715/143 657/786/143 686/716/143
f 686/716/143 657/786/143 656/717/143
f 659/718/143 656/717/143 655/712/143
f 662/719/143 661/708/143 666/707/143
f 511/721/143 669/736/143 713/722/143
f 663/723/143 662/719/143 718/720/143
f 687/582/402 690/730/290 685/700/290
f 675/726/143 689/583/143 674/727/143
f 522/27/288 647/545/290 685/700/290
f 495/699/143 490/619/143 674/727/143
f 687/582/402 691/732/402 670/729/290
f 678/728/299 685/700/290 690/730/290
f 668/725/143 674/727/143 689/583/143
f 691/732/402 503/590/400 645/568/300
f 688/731/299 690/730/290 670/729/290
f 691/732/143 671/581/143 667/588/143
f 677/733/143 669/736/143 698/564/143
f 693/734/405 502/569/301 645/568/300
f 695/589/406 698/564/296 697/566/298
f 696/735/407 693/734/405 694/698/401
f 525/606/295 531/598/295 539/600/295
f 669/736/143 511/721/143 510/737/143
f 710/542/143 684/701/143 700/702/143
f 717/738/143 590/695/143 548/577/143
f 708/739/143 589/694/143 590/695/143
f 680/575/143 588/693/143 589/694/143
f 543/574/143 493/592/143 681/704/143
f 650/705/143 716/551/143 682/740/143
f 482/217/134 524/218/134 516/311/134
f 704/584/143 513/312/143 699/315/143
f 550/638/408 485/580/291 492/539/302
f 556/645/143 554/652/143 553/618/143
f 559/628/143 558/631/143 557/623/143
f 582/659/143 580/622/143 579/550/143
f 683/703/143 758/778/143 750/743/143
f 733/744/143 735/760/143 684/701/143
f 681/704/143 750/743/143 751/747/143
f 705/570/143 737/772/143 733/744/143
f 715/552/143 763/781/143 742/750/143
f 677/733/143 723/769/143 721/756/143
f 761/758/144 763/781/144 715/552/25
f 735/760/143 731/766/143 675/726/143
f 721/756/143 729/762/143 713/722/143
f 729/762/143 727/785/143 704/584/143
f 757/763/143 756/782/143 680/575/143
f 735/760/146 733/744/145 732/764/145
f 731/766/136 735/760/146 734/765/146
f 725/767/147 731/766/136 730/759/136
f 739/768/6 725/767/147 724/757/147
f 723/769/148 739/768/6 736/755/6
f 721/756/149 723/769/148 722/742/148
f 729/762/150 721/756/149 720/741/149
f 726/749/151 727/785/151 729/762/150
f 740/248/152 727/248/151 726/248/151
f 738/771/153 732/764/145 733/744/145
f 760/773/151 756/782/151 757/763/150
f 757/763/150 746/775/149 762/745/149
f 745/774/148 748/746/148 762/745/149
f 745/774/148 751/747/6 747/752/6
f 750/743/147 749/753/147 747/752/6
f 750/743/147 758/778/136 754/776/136
f 743/777/146 755/780/146 754/776/136
f 743/777/146 742/750/145 744/779/145
f 761/758/153 744/779/145 742/750/145
f 756/782/151 760/773/151 752/783/152
f 753/784/154 752/783/154 706/309/12
f 727/785/143 740/787/143 702/593/143
f 756/782/143 753/784/143 676/556/143
f 738/771/144 737/772/144 705/570/25
f 742/750/143 743/777/143 682/740/143
f 714/715/2 726/749/2 728/770/2
f 671/581/143 725/767/143 739/768/143
f 745/774/143 746/775/143 717/738/143
f 740/787/154 741/748/154 711/88/12
f 751/747/143 745/774/143 679/576/143
f 675/726/143 731/766/143 725/767/143
f 746/775/143 757/763/143 708/739/143
f 743/777/143 758/778/143 683/703/143
f 739/768/143 723/769/143 677/733/143
f 819/795/21 770/1377/21 774/327/21
f 775/799/21 781/798/21 785/800/21
f 780/801/21 785/800/21 786/807/21
f 834/808/2 833/1388/2 820/809/2
f 840/827/2 839/811/2 826/812/2
f 832/367/21 834/808/21 821/810/21
f 831/370/21 836/811/21 823/832/21
f 830/373/21 838/1389/21 825/829/21
f 868/834/2 860/845/2 842/835/2
f 851/837/163 848/876/163 872/838/163
f 864/848/143 852/847/143 846/1390/143
f 855/841/6 845/1391/6 865/842/6
f 856/844/21 842/835/21 860/845/21
f 865/842/143 845/1391/143 852/847/143
f 847/849/163 862/877/163 863/850/163
f 869/852/2 868/834/2 849/836/2
f 867/854/163 866/879/163 861/855/163
f 846/857/21 856/844/21 858/846/21
f 841/853/6 855/841/6 870/843/6
f 877/839/163 872/838/163 844/859/163
f 873/861/163 859/858/163 858/846/163
f 860/845/163 868/834/163 875/863/163
f 864/848/163 859/858/163 873/861/163
f 871/866/163 864/848/163 876/865/163
f 858/846/163 860/845/163 874/864/163
f 875/863/163 868/834/163 871/866/163
f 865/842/163 864/848/163 878/868/163
f 864/848/163 871/866/163 880/870/163
f 870/843/163 865/842/163 879/869/163
f 871/866/163 870/843/163 881/871/163
f 868/834/163 869/852/163 883/872/163
f 883/872/163 869/852/163 870/843/163
f 871/866/163 868/834/163 882/873/163
f 884/874/163 870/843/163 871/866/163
f 848/876/164 873/861/164 854/862/164
f 844/859/166 874/864/166 875/863/166
f 876/418/165 873/418/165 848/418/165
f 857/418/167 876/418/167 851/418/167
f 854/862/164 874/864/164 844/859/164
f 850/418/167 875/418/167 857/418/167
f 879/869/165 878/868/168 862/877/168
f 878/868/164 880/870/164 863/850/164
f 881/420/167 879/420/167 847/420/167
f 863/850/166 880/870/166 881/871/166
f 861/422/169 882/422/169 883/422/166
f 883/422/167 884/422/167 867/422/167
f 885/875/164 882/873/164 861/855/164
f 884/874/165 885/875/168 866/879/168
f 889/432/175 887/431/175 888/428/414
f 895/424/415 894/445/182 892/446/182
f 893/880/2 888/428/2 887/431/2
f 898/433/143 899/434/143 902/441/143
f 892/446/2 886/429/2 888/428/2
f 912/885/418 907/901/419 937/886/419
f 913/891/420 932/948/420 972/892/38
f 911/1392/150 909/949/421 929/918/421
f 930/1393/418 931/895/422 914/897/422
f 931/894/423 932/894/420 913/894/420
f 907/901/419 908/903/425 936/902/425
f 923/906/2 927/908/2 929/1394/2
f 926/909/2 931/895/2 930/1393/2
f 920/911/2 936/902/2 938/888/2
f 921/912/2 916/920/2 933/898/2
f 919/913/2 938/888/2 969/890/2
f 925/915/2 930/887/2 937/886/2
f 974/894/2 922/894/2 929/894/2
f 921/912/419 952/934/419 957/919/418
f 917/894/423 958/894/423 959/894/420
f 915/894/420 959/894/420 975/894/38
f 946/928/426 958/928/2 957/928/2
f 945/933/2 957/919/2 952/934/2
f 949/941/419 967/947/419 963/944/418
f 944/894/420 965/894/420 980/894/38
f 968/945/2 979/1395/2 983/946/2
f 924/923/2 974/917/2 972/892/2
f 971/893/38 972/892/38 929/918/421
f 969/890/36 970/889/36 904/950/424
f 982/952/2 963/944/2 967/947/2
f 981/953/2 984/1396/2 986/954/2
f 986/954/2 945/933/2 940/935/2
f 1021/960/419 991/982/419 996/961/418
f 1056/966/38 1016/987/420 997/967/420
f 1011/969/148 995/973/148 994/970/154
f 1013/972/421 993/1029/421 995/973/150
f 998/974/422 1015/975/422 1014/962/418
f 997/967/420 1016/987/420 1015/975/423
f 989/976/147 1018/980/147 1017/977/144
f 988/979/424 1019/991/424 1018/980/146
f 1020/981/425 992/983/425 991/982/419
f 1022/964/417 990/1397/417 992/983/416
f 987/978/144 1017/977/144 1012/971/154
f 1007/956/143 1011/969/143 1012/971/143
f 1013/972/143 1011/969/143 1007/956/143
f 1014/962/143 1015/975/143 1010/985/143
f 1010/985/143 1015/975/143 1016/987/143
f 1017/977/143 1018/980/143 1001/989/143
f 1001/989/143 1018/980/143 1019/991/143
f 1004/993/143 1020/981/143 1021/960/143
f 1022/964/143 1020/981/143 1004/993/143
f 1012/971/143 1017/977/143 1000/990/143
f 1053/965/143 1022/964/143 1003/995/143
f 1021/960/143 1014/962/143 1009/986/143
f 1058/997/143 1056/966/143 1013/972/143
f 1041/998/418 1036/1001/419 1005/984/419
f 1043/1398/420 1042/1399/423 1001/1400/423
f 1039/1401/147 1038/1000/144 1009/986/144
f 1059/999/38 1043/1007/420 999/992/420
f 1045/1402/154 1044/1002/148 1004/993/148
f 1040/894/424 1039/894/146 1010/894/146
f 1038/1000/144 1045/1013/154 1002/994/154
f 1036/1001/419 1035/957/425 1007/956/425
f 1044/894/150 1046/894/421 1003/894/421
f 1042/1403/422 1041/998/418 1000/990/418
f 1060/894/36 1040/894/424 1008/894/424
f 1023/928/428 1035/928/143 1036/928/143
f 1037/958/143 1035/957/143 1023/1404/428
f 1038/1000/143 1039/1401/143 1027/1405/143
f 1027/928/143 1039/928/143 1040/928/143
f 1041/998/143 1042/1403/143 1030/1406/428
f 1030/928/428 1042/928/143 1043/928/143
f 1032/1407/143 1044/1002/143 1045/1402/143
f 1046/1408/143 1044/1002/143 1032/1407/143
f 1036/1001/143 1041/998/143 1029/1009/143
f 1059/999/143 1046/1028/143 1034/1011/143
f 1045/1013/143 1038/1000/143 1026/1014/143
f 1060/1016/143 1037/1409/143 1025/1017/143
f 1047/1019/418 1051/1024/419 1033/1015/419
f 1050/894/416 1052/894/417 1034/894/417
f 1064/1020/38 1049/1031/420 1028/1021/420
f 1048/894/422 1047/894/418 1026/894/418
f 1067/1022/143 1063/1410/143 1052/1023/143
f 1068/1025/6 1067/1022/6 1066/1026/6
f 1052/894/417 1063/894/36 1061/894/36
f 1028/928/143 1040/928/143 1060/928/143
f 1031/1008/143 1043/1007/143 1059/999/143
f 1046/1028/421 1059/999/38 1057/996/38
f 1008/988/143 1016/987/143 1056/966/143
f 999/992/143 1019/991/143 1053/965/143
f 1013/972/421 1056/966/38 1055/968/38
f 988/979/424 1054/963/36 1053/965/36
f 1031/1008/143 1061/1012/143 1068/1025/143
f 1049/1031/143 1064/1020/143 1066/1026/143
f 1061/894/6 1063/894/6 1067/894/6
f 1051/1024/143 1047/1019/143 1066/1026/143
f 1069/1032/143 1065/1027/143 1062/1018/143
f 1070/1030/143 1068/1025/143 1065/1027/143
f 1024/1010/143 1029/1009/143 1070/1030/143
f 1105/1033/418 1075/1055/418 1080/1034/419
f 1138/1036/38 1074/1411/420 1106/1037/420
f 1082/1047/425 1099/1048/425 1098/1035/419
f 1072/1052/421 1103/1092/421 1102/1053/150
f 1104/894/422 1076/894/422 1075/894/418
f 1106/1037/420 1074/1411/420 1076/1412/423
f 1091/894/2 1095/894/2 1096/894/2
f 1097/1045/2 1095/1042/2 1091/1413/2
f 1098/1035/2 1099/1048/2 1094/1414/2
f 1101/1050/2 1102/1053/2 1085/1415/2
f 1085/1415/2 1102/1053/2 1103/1092/2
f 1088/1058/2 1104/1054/2 1105/1033/2
f 1096/1044/2 1101/1050/2 1084/1060/2
f 1137/1038/2 1106/1037/2 1087/1061/2
f 1105/1033/2 1098/1035/2 1093/1063/2
f 1142/1064/2 1140/1039/2 1097/1045/2
f 1125/1066/419 1120/1073/418 1089/1057/418
f 1120/894/418 1119/894/422 1091/894/422
f 1120/1073/2 1125/1066/2 1113/1074/2
f 1131/1079/419 1135/1087/418 1117/1078/418
f 1136/894/420 1147/894/38 1145/894/38
f 1092/1090/2 1100/1416/2 1140/1039/2
f 1083/1067/2 1103/1092/2 1137/1038/2
f 1072/1052/421 1138/1036/38 1137/1038/38
f 1133/894/2 1148/894/2 1150/894/2
f 1135/1087/2 1131/1079/2 1150/1093/2
f 1154/1096/2 1152/1417/2 1149/1097/2
f 1108/1075/2 1113/1074/2 1154/1096/2
f 1174/894/420 1205/894/420 1203/894/423
f 1164/1098/419 1159/1120/418 1189/1099/418
f 1190/1101/420 1158/1418/420 1222/1102/38
f 1182/1100/419 1183/1113/425 1166/1112/425
f 1186/1118/150 1187/1129/421 1156/1119/421
f 1159/1120/418 1160/1122/422 1188/1121/422
f 1160/1122/423 1158/1418/420 1190/1101/420
f 1175/1123/143 1173/1132/143 1180/1109/143
f 1175/1123/143 1179/1108/143 1181/1111/143
f 1178/1125/143 1183/1113/143 1182/1100/143
f 1178/1125/143 1176/1140/143 1184/1114/143
f 1169/1127/143 1186/1118/143 1185/1115/143
f 1169/1127/143 1167/1176/143 1187/1129/143
f 1172/1130/143 1170/1134/143 1189/1099/143
f 1172/1130/143 1188/1121/143 1190/1101/143
f 1168/1128/143 1185/1115/143 1180/1109/143
f 1171/1131/143 1190/1101/143 1221/1103/143
f 1177/1126/143 1182/1100/143 1189/1099/143
f 1226/1135/143 1174/1124/143 1181/1111/143
f 1173/1132/418 1204/1155/418 1209/1136/419
f 1175/894/422 1203/894/422 1204/894/418
f 1168/1128/419 1209/1136/419 1210/1151/425
f 1191/1142/143 1203/1419/143 1205/1143/143
f 1195/1145/143 1196/1174/143 1208/1146/143
f 1198/1147/143 1210/1151/143 1209/1136/143
f 1200/928/143 1201/928/143 1213/928/143
f 1197/1148/143 1209/1136/143 1204/1155/143
f 1194/1160/143 1206/1139/143 1213/1138/143
f 1193/1144/143 1205/1143/143 1228/1141/143
f 1201/1161/418 1219/1169/418 1215/1163/419
f 1220/1167/143 1231/1420/143 1235/1168/143
f 1229/1159/38 1231/1420/38 1220/1167/420
f 1196/1174/143 1230/1162/143 1228/1141/143
f 1199/1149/143 1229/1159/143 1227/1158/143
f 1225/894/36 1227/894/36 1214/894/424
f 1176/1140/143 1226/1135/143 1224/1105/143
f 1167/1176/143 1225/1133/143 1221/1103/143
f 1221/1103/38 1222/1102/38 1156/1119/421
f 1236/1172/143 1229/1159/143 1199/1149/143
f 1234/1171/143 1215/1163/143 1219/1169/143
f 1230/1421/143 1233/1173/143 1237/1180/143
f 1233/1173/143 1236/1172/143 1238/1178/143
f 1238/1178/143 1197/1148/143 1192/1156/143
f 1244/1183/2 1254/1185/431 1272/1187/431
f 1247/1181/433 1244/1183/2 1266/1188/2
f 1260/1186/436 1283/1186/436 1284/1186/437
f 1239/1200/21 1279/1224/21 1282/1201/438
f 1267/1203/438 1268/1422/439 1249/1191/439
f 1268/1186/440 1269/1186/432 1241/1186/432
f 1271/1205/441 1272/1187/431 1254/1185/431
f 1256/1206/442 1257/1189/443 1273/1207/443
f 1257/1189/444 1247/1181/433 1265/1192/433
f 1267/1203/438 1248/1190/438 1256/1206/442
f 1239/1186/38 1264/1186/38 1263/1186/38
f 1252/1186/38 1268/1186/38 1267/1186/38
f 1252/1186/38 1250/1186/38 1269/1186/38
f 1260/1186/38 1258/1186/38 1272/1186/38
f 1261/1214/38 1251/1197/38 1267/1203/38
f 1239/1200/38 1259/1202/38 1270/1193/38
f 1258/1215/38 1243/1423/38 1266/1188/38
f 1250/1216/38 1242/1210/38 1263/1209/38
f 1262/1424/38 1273/1207/38 1265/1192/38
f 1277/1220/38 1278/1226/38 1276/1221/38
f 1282/1223/38 1276/1223/38 1284/1223/38
f 1252/1196/447 1281/1199/447 1277/1220/448
f 1250/1216/448 1277/1220/448 1275/1222/2
f 1242/1210/2 1275/1222/2 1279/1224/2
f 1261/1214/445 1286/1218/445 1280/1198/434
f 1259/1202/438 1282/1201/438 1283/1425/439
f 1282/1201/38 1279/1224/38 1275/1222/38
f 1281/1223/38 1285/1223/38 1278/1223/38
f 1291/1227/21 1292/1235/21 1293/1228/21
f 1288/1234/38 1287/1233/38 1292/1235/38
f 1301/1236/36 1297/1276/36 1303/1237/36
f 1328/1242/453 1310/1240/453 1300/1238/143
f 1313/1244/36 1305/1254/36 1304/1245/36
f 1322/1243/143 1300/1238/143 1303/1237/432
f 1340/1186/456 1339/1186/457 1316/1186/457
f 1338/1186/442 1335/1186/21 1295/1186/21
f 1305/1254/443 1324/1426/443 1323/1255/442
f 1311/1241/446 1327/1256/446 1326/1249/445
f 1310/1240/453 1328/1242/453 1327/1256/458
f 1329/1257/439 1313/1244/439 1312/1246/438
f 1321/1247/432 1303/1237/432 1313/1244/440
f 1312/1246/438 1304/1245/442 1323/1255/442
f 1319/1259/38 1320/1250/38 1295/1260/38
f 1322/1243/38 1321/1247/38 1302/1262/38
f 1323/1255/38 1324/1426/38 1308/1253/38
f 1308/1186/38 1324/1186/38 1325/1186/38
f 1326/1249/38 1327/1256/38 1316/1264/38
f 1316/1264/38 1327/1256/38 1328/1242/38
f 1318/1267/38 1329/1257/38 1330/1258/38
f 1317/1268/38 1330/1258/38 1323/1255/38
f 1295/1260/38 1320/1250/38 1326/1249/38
f 1314/1266/38 1328/1242/38 1322/1243/38
f 1306/1269/38 1325/1427/38 1319/1259/38
f 1321/1247/38 1329/1257/38 1318/1267/38
f 1332/1272/38 1334/1278/38 1333/1273/38
f 1340/1223/38 1332/1223/38 1338/1223/38
f 1332/1186/2 1340/1186/456 1314/1186/456
f 1342/1186/434 1341/1186/435 1318/1186/435
f 1333/1273/450 1337/1251/449 1308/1253/449
f 1331/1274/143 1333/1273/450 1306/1269/450
f 1335/1275/143 1331/1274/143 1298/1261/143
f 1339/1186/443 1338/1186/442 1315/1186/442
f 1334/1186/448 1332/1186/2 1299/1186/2
f 1297/1276/36 1305/1254/36 1313/1244/36
f 1301/1236/36 1300/1238/36 1309/1239/36
f 1338/1277/38 1332/1272/38 1331/1274/38
f 1334/1278/38 1341/1428/38 1337/1251/38
f 1349/1279/21 1348/1286/21 1347/1280/21
f 1348/1286/38 1343/1284/38 1344/1285/38
f 1360/1287/460 1362/1296/461 1359/1288/461
f 1353/1290/462 1351/1310/463 1354/1291/463
f 1355/1293/21 1372/1305/464 1369/1294/464
f 1352/1295/487 1353/1290/487 1356/1292/487
f 1359/1288/143 1353/1290/143 1352/1295/143
f 1362/1296/465 1361/1306/466 1358/1297/466
f 1364/1298/467 1365/1304/468 1368/1299/468
f 1368/1299/2 1366/1308/2 1373/1301/2
f 1358/1297/143 1351/1310/143 1353/1290/143
f 1364/1298/143 1369/1294/143 1371/1303/143
f 1360/1287/2 1367/1300/2 1372/1305/2
f 1367/1300/2 1368/1299/2 1374/1302/2
f 1362/1296/2 1360/1287/2 1355/1293/2
f 1361/1306/2 1362/1296/2 1356/1292/2
f 1372/1305/464 1374/1302/469 1371/1303/469
f 1370/1307/470 1373/1301/470 1366/1308/471
f 1365/1304/472 1363/1309/471 1366/1308/471
f 1365/1304/143 1371/1303/143 1370/1307/143
f 1357/1289/143 1352/1295/143 1369/1294/143
f 1357/1289/460 1364/1298/467 1367/1300/467
f 1351/1310/463 1358/1297/466 1361/1306/466
f 1374/1302/473 1373/1301/470 1370/1307/470
f 1394/1311/420 1425/1311/420 1423/1311/423
f 1384/1312/419 1379/1331/418 1409/1313/418
f 1407/1315/421 1410/1334/420 1378/1316/420
f 1385/1318/417 1404/1326/417 1401/1319/424
f 1382/1321/144 1383/1324/147 1399/1322/147
f 1383/1324/146 1381/1320/424 1401/1319/424
f 1402/1314/419 1403/1339/425 1386/1325/425
f 1386/1325/416 1403/1339/416 1404/1326/417
f 1405/1327/154 1406/1330/148 1377/1328/148
f 1406/1330/150 1407/1315/421 1376/1317/421
f 1379/1331/418 1380/1333/422 1408/1332/422
f 1380/1333/423 1378/1316/420 1410/1334/420
f 1400/1323/144 1405/1327/154 1375/1329/154
f 1395/1335/143 1393/1343/143 1400/1323/143
f 1395/1335/143 1399/1322/143 1401/1319/143
f 1398/1337/143 1403/1339/143 1402/1314/143
f 1398/1337/143 1396/1346/143 1404/1326/143
f 1389/1340/143 1406/1330/143 1405/1327/143
f 1389/1340/143 1387/1344/143 1407/1315/143
f 1392/1341/143 1390/1345/143 1409/1313/143
f 1392/1341/143 1408/1332/143 1410/1334/143
f 1393/1343/143 1388/1429/143 1405/1327/143
f 1391/1342/143 1410/1334/143 1407/1315/143
f 1397/1338/143 1402/1314/143 1409/1313/143
f 1394/1336/143 1401/1319/143 1404/1326/143
f 1420/1347/422 1444/1347/422 1445/1347/418
f 1393/1430/418 1424/1358/418 1429/1357/419
f 1387/1311/417 1431/1311/417 1434/1311/424
f 1390/1345/144 1433/1431/144 1426/1349/154
f 1395/1311/422 1423/1311/422 1424/1311/418
f 1391/1311/424 1434/1311/424 1432/1311/146
f 1388/1311/419 1429/1311/419 1430/1311/425
f 1396/1311/421 1428/1311/421 1425/1311/420
f 1411/1350/143 1412/1350/143 1424/1350/143
f 1411/1350/143 1423/1350/143 1425/1350/143
f 1415/1354/143 1427/1432/143 1426/1349/143
f 1415/1433/143 1416/1362/143 1428/1363/143
f 1418/1434/143 1430/1435/143 1429/1436/143
f 1418/1350/143 1419/1350/143 1431/1350/143
f 1420/1350/143 1421/1350/143 1433/1350/143
f 1420/1437/143 1432/1438/143 1434/1439/143
f 1412/1356/143 1417/1369/143 1429/1357/143
f 1422/1359/143 1434/1440/143 1431/1360/143
f 1414/1355/143 1426/1349/143 1433/1431/143
f 1416/1362/143 1413/1353/143 1425/1352/143
f 1444/1372/143 1439/1441/143 1438/1442/428
f 1421/1364/418 1445/1443/418 1438/1365/419
f 1417/1347/154 1441/1347/154 1442/1347/148
f 1416/1362/417 1440/1370/417 1437/1367/424
f 1412/1356/144 1436/1374/144 1441/1368/154
f 1414/1347/419 1438/1347/419 1439/1347/425
f 1419/1347/421 1443/1347/421 1446/1347/420
f 1440/1370/143 1446/1373/143 1443/1371/143
f 1440/1370/143 1439/1441/143 1444/1372/143
f 1436/1374/476 1435/1376/143 1442/1375/143
f 1437/1367/143 1443/1371/143 1442/1375/143
f 21/95/36 58/121/36 59/109/36
f 83/133/51 151/150/51 150/144/52
f 72/149/60 143/187/60 151/150/61
f 85/96/90 89/12/90 120/173/90
f 143/187/19 120/173/19 137/193/101
f 100/97/90 85/96/90 114/174/90
f 938/888/417 906/1444/417 970/889/36
f 933/894/144 934/894/147 905/894/147
f 934/1445/146 935/951/424 904/950/424
f 908/903/416 906/1444/417 938/888/417
f 917/1446/2 934/1447/2 933/1448/2
f 917/1449/2 915/1450/2 935/1451/2
f 920/911/2 918/916/2 937/886/2
f 948/1452/425 966/1453/425 967/1454/419
f 942/939/2 954/1455/2 961/940/2
f 977/894/36 979/894/36 968/894/417
f 915/1456/2 973/914/2 969/890/2
f 1247/1181/36 1241/1225/36 1245/1182/36
f 1253/1184/36 1255/1204/36 1254/1185/36
f 1257/1189/36 1256/1206/36 1248/1190/36
f 1270/1193/434 1253/1184/434 1240/1194/6
f 1270/1193/434 1271/1205/435 1255/1204/435
f 1257/1189/36 1249/1191/36 1241/1225/36
f 1253/1184/36 1244/1183/36 1245/1182/36
f 1294/1186/36 1293/1186/36 1289/1186/36
f 1290/1232/6 1289/1231/6 1287/1233/6
f 628/634/325 629/637/326 561/625/326
f 554/145/357 625/145/357 624/145/358
f 563/595/362 592/665/362 598/660/362
f 553/618/359 624/657/358 623/661/363
f 567/596/396 598/660/396 615/678/396
f 1309/1239/36 1300/1238/36 1310/1240/36
f 1296/1248/6 1309/1239/445 1326/1249/445
f 1345/1282/36 1349/1279/36 1350/1281/36
f 1343/1284/6 1345/1282/6 1346/1283/6
f 950/928/2 962/928/2 975/928/2
f 973/894/38 975/894/38 962/894/421
f 1246/1457/38 1265/1192/38 1266/1188/38
f 1260/1458/38 1271/1205/38 1270/1193/38
f 1262/1186/38 1261/1186/38 1274/1186/38
f 1297/1186/433 1325/1186/433 1324/1186/444
f 52/101/31 61/100/31 39/102/31
f 106/62/64 108/61/56 126/148/59
f 88/131/92 102/130/92 156/197/92
f 84/25/93 154/196/93 155/178/93
f 111/207/121 112/208/123 136/204/122
f 98/145/90 8/145/90 116/145/90
f 89/12/124 97/11/124 137/193/124
f 102/145/92 101/145/93 155/145/93
f 187/247/143 186/275/143 269/277/143
f 291/324/6 307/351/6 333/325/6
f 298/337/6 290/331/6 301/334/6
f 293/339/6 298/337/6 302/338/6
f 812/346/6 829/1459/6 344/347/6
f 448/450/187 450/453/190 452/451/188
f 447/452/189 451/455/192 450/453/190
f 446/454/191 461/457/194 451/455/192
f 462/1460/218 424/507/248 415/505/219
f 475/1461/243 418/488/242 417/484/244
f 476/1462/245 417/484/244 416/486/246
f 477/480/247 416/480/246 424/480/248
f 517/601/307 539/600/307 530/599/307
f 586/573/330 604/642/337 603/636/331
f 555/648/353 626/647/353 625/651/353
f 576/610/362 593/1386/362 594/679/362
f 659/718/2 730/759/2 734/765/2
f 769/797/143 782/802/143 781/798/143
f 782/802/6 769/797/6 779/803/6
f 783/804/6 779/803/6 773/805/6
f 839/811/6 829/1459/6 812/346/6
f 788/793/143 810/1463/143 797/817/143
f 809/819/143 808/822/143 792/821/143
f 808/822/143 807/824/143 791/823/143
f 807/824/143 806/788/143 790/790/143
f 787/825/21 819/795/21 816/796/21
f 789/364/6 817/792/6 818/791/6
f 825/829/2 838/1389/2 837/830/2
f 836/811/2 835/827/2 822/833/2
f 910/894/154 911/894/148 927/894/148
f 928/904/154 933/898/144 903/900/144
f 923/894/2 921/894/2 928/894/2
f 926/894/2 924/894/2 932/894/2
f 925/894/144 954/894/144 955/894/147
f 920/894/148 960/894/148 961/894/154
f 926/894/146 955/894/146 956/894/424
f 918/894/154 961/894/154 954/894/144
f 939/928/426 940/928/2 952/928/2
f 939/928/426 951/928/2 953/928/2
f 943/1464/2 955/1465/2 954/1466/2
f 943/928/2 944/928/2 956/928/2
f 948/928/2 960/928/2 962/928/2
f 941/942/2 953/883/2 976/924/2
f 982/894/6 983/894/6 984/894/6
f 980/894/6 982/894/6 981/894/6
f 944/928/2 978/928/2 976/928/2
f 947/1467/2 977/938/2 975/937/2
f 984/928/2 977/928/2 947/928/2
f 982/894/2 980/894/2 965/894/2
f 978/928/2 981/928/2 985/928/2
f 1054/963/36 990/1397/417 1022/964/417
f 1064/894/6 1062/894/6 1065/894/6
f 1119/894/423 1121/894/420 1090/894/420
f 1140/1039/36 1100/1416/417 1081/1040/417
f 1095/1042/147 1079/1046/147 1078/1043/144
f 1097/1045/424 1077/1091/424 1079/1046/146
f 1081/1040/417 1100/1416/417 1099/1048/416
f 1073/1049/148 1102/1053/148 1101/1050/154
f 1071/1051/154 1101/1050/154 1096/1044/144
f 1094/1414/2 1099/1048/2 1100/1416/2
f 1106/1468/2 1104/1054/2 1088/1058/2
f 1129/894/144 1128/894/147 1088/894/147
f 1124/894/421 1123/894/150 1094/894/150
f 1122/894/154 1129/894/144 1086/894/144
f 1128/894/146 1130/894/424 1087/894/424
f 1144/894/38 1124/894/421 1092/894/421
f 1107/928/2 1119/928/2 1120/928/2
f 1122/928/2 1123/928/2 1111/928/2
f 1125/928/2 1126/928/2 1114/928/2
f 1114/928/2 1126/928/2 1127/928/2
f 1143/928/2 1130/928/2 1118/928/2
f 1129/1076/2 1122/1469/2 1110/1077/2
f 1144/928/2 1121/928/2 1109/928/2
f 1148/1080/36 1133/1467/417 1112/1081/417
f 1151/1085/2 1147/1470/2 1136/1086/2
f 1152/894/6 1151/894/6 1150/894/6
f 1146/894/6 1149/894/6 1150/894/6
f 1112/928/2 1124/928/2 1144/928/2
f 1115/1471/2 1127/1068/2 1143/1071/2
f 1121/894/420 1144/894/38 1142/894/38
f 1130/1089/424 1143/1071/36 1141/1062/36
f 1097/1045/424 1140/1039/36 1139/1041/36
f 1115/928/2 1145/928/2 1152/928/2
f 1153/1095/2 1149/1097/2 1146/1472/2
f 1165/1104/417 1184/1114/417 1224/1105/36
f 1162/1107/144 1163/1110/147 1179/1108/147
f 1163/1110/146 1161/1177/424 1181/1111/424
f 1185/1115/154 1186/1118/148 1157/1116/148
f 1180/1109/144 1185/1115/154 1155/1117/154
f 1177/1126/154 1206/1139/154 1207/1137/148
f 1172/894/147 1212/894/147 1213/894/144
f 1178/1125/150 1207/1137/150 1208/1146/421
f 1170/1134/144 1213/1138/144 1206/1139/154
f 1171/894/424 1214/894/424 1212/894/146
f 1176/1140/421 1208/1146/421 1228/1141/38
f 1191/1473/143 1192/1156/143 1204/1155/143
f 1195/1145/143 1207/1137/143 1206/1139/143
f 1200/1152/143 1212/1154/143 1214/1474/143
f 1202/1157/143 1214/1475/143 1227/1158/143
f 1234/1171/6 1235/1168/6 1236/1172/6
f 1234/1171/6 1233/1173/6 1230/1421/6
f 1226/1135/38 1228/1141/38 1205/1143/420
f 1223/1106/36 1224/1105/36 1181/1111/424
f 1234/1171/143 1232/1476/143 1217/1164/143
f 1264/1186/143 1288/1186/143 1291/1186/430
f 1269/1186/432 1263/1186/143 1245/1186/143
f 1347/1186/452 1344/1186/454 1320/1186/2
f 1301/1186/2 1319/1186/2 1325/1186/433
f 1337/1251/446 1336/1271/445 1307/1252/445
f 1337/1251/38 1341/1428/38 1342/1270/38
f 1336/1271/445 1342/1270/434 1317/1268/434
f 1346/1186/455 1350/1186/459 1301/1186/2
f 1389/1311/416 1430/1311/416 1431/1311/417
f 1397/1311/154 1426/1311/154 1427/1311/148
f 1392/1477/147 1432/1478/147 1433/1479/144
f 1398/1311/150 1427/1311/150 1428/1311/421
f 1415/1347/474 1439/1347/474 1440/1347/417
f 1411/1347/147 1435/1347/147 1436/1347/144
f 1422/1347/420 1446/1347/420 1444/1347/423
f 1413/1347/424 1437/1347/424 1435/1347/475
f 1418/1347/150 1442/1347/150 1443/1347/421
f 923/894/425 951/894/425 952/894/419
f 916/894/418 957/894/418 958/894/422
f 1135/894/418 1134/894/422 1116/894/422
f 1126/894/425 1125/894/419 1084/894/419
