# Blender 5.0.1
# www.blender.org
o Catapulta_brazo
v 2.190397 0.448661 0.185906
v 2.190396 0.448661 -0.171339
v 2.190398 0.115933 0.185906
v 2.190396 0.115933 -0.171339
v 2.218219 0.426056 0.161635
v 2.218219 0.426056 -0.147068
v 2.218220 0.138538 0.161635
v 2.218218 0.138538 -0.147068
v -2.261020 0.448661 0.185906
v -2.261021 0.448661 -0.171339
v -2.261019 0.115933 0.185906
v -2.261020 0.115933 -0.171339
v -2.621842 0.485127 0.225058
v -2.621843 0.485127 -0.210491
v -2.767675 0.079468 0.225059
v -2.215540 0.485127 -0.210491
v -2.767676 0.079468 -0.210491
v -2.215539 0.079468 -0.210491
v -2.215539 0.485127 0.225058
v -2.215538 0.079468 0.225059
v 1.295345 0.361563 0.421976
v 1.313242 0.546835 0.425536
v 1.330451 0.541513 0.428959
v 1.346312 0.532869 0.432114
v 1.360213 0.521237 0.434879
v 1.371622 0.507063 0.437148
v 1.380099 0.490892 0.438835
v 1.385320 0.473346 0.439873
v 1.387083 0.455098 0.440224
v 1.385320 0.436850 0.439873
v 1.380099 0.419304 0.438835
v 1.371622 0.403133 0.437148
v 1.360213 0.388959 0.434879
v 1.346312 0.377326 0.432114
v 1.330451 0.368683 0.428959
v 1.313242 0.363360 0.425536
v 1.312204 0.546835 0.428959
v 1.328415 0.541513 0.435674
v 1.343355 0.532869 0.441862
v 1.356449 0.521237 0.447286
v 1.367196 0.507063 0.451738
v 1.375182 0.490892 0.455046
v 1.380099 0.473346 0.457082
v 1.381760 0.455098 0.457770
v 1.380099 0.436850 0.457082
v 1.375182 0.419304 0.455046
v 1.367196 0.403133 0.451738
v 1.356449 0.388959 0.447286
v 1.343355 0.377326 0.441862
v 1.328415 0.368683 0.435674
v 1.312204 0.363360 0.428959
v 1.310517 0.546835 0.432114
v 1.325107 0.541513 0.441862
v 1.338552 0.532869 0.450846
v 1.350338 0.521237 0.458721
v 1.360010 0.507063 0.465183
v 1.367196 0.490892 0.469986
v 1.371622 0.473346 0.472943
v 1.373116 0.455098 0.473941
v 1.371622 0.436850 0.472943
v 1.367196 0.419304 0.469986
v 1.360009 0.403133 0.465183
v 1.350338 0.388959 0.458721
v 1.338552 0.377326 0.450846
v 1.325107 0.368683 0.441862
v 1.310517 0.363360 0.432114
v 1.308248 0.546835 0.434879
v 1.320655 0.541513 0.447286
v 1.332090 0.532869 0.458721
v 1.342112 0.521237 0.468743
v 1.350338 0.507063 0.476969
v 1.356449 0.490892 0.483081
v 1.360213 0.473346 0.486844
v 1.361484 0.455098 0.488115
v 1.360213 0.436850 0.486844
v 1.356449 0.419304 0.483081
v 1.350338 0.403133 0.476969
v 1.342112 0.388959 0.468743
v 1.332090 0.377326 0.458721
v 1.320655 0.368683 0.447286
v 1.308248 0.363360 0.434879
v 1.305483 0.546835 0.437148
v 1.315231 0.541513 0.451738
v 1.324215 0.532869 0.465183
v 1.332090 0.521237 0.476969
v 1.338552 0.507063 0.486641
v 1.343355 0.490892 0.493827
v 1.346312 0.473346 0.498253
v 1.347310 0.455098 0.499747
v 1.346312 0.436850 0.498253
v 1.343355 0.419304 0.493827
v 1.338552 0.403133 0.486641
v 1.332090 0.388959 0.476969
v 1.324215 0.377326 0.465183
v 1.315231 0.368683 0.451738
v 1.305483 0.363360 0.437148
v 1.302328 0.546835 0.438835
v 1.309043 0.541513 0.455046
v 1.315231 0.532869 0.469986
v 1.320655 0.521237 0.483081
v 1.325107 0.507063 0.493827
v 1.328415 0.490892 0.501813
v 1.330451 0.473346 0.506730
v 1.331139 0.455098 0.508391
v 1.330451 0.436850 0.506730
v 1.328415 0.419304 0.501813
v 1.325107 0.403133 0.493827
v 1.320655 0.388959 0.483081
v 1.315231 0.377326 0.469986
v 1.309043 0.368683 0.455046
v 1.302328 0.363360 0.438835
v 1.298905 0.546835 0.439873
v 1.302328 0.541513 0.457082
v 1.305483 0.532869 0.472943
v 1.308248 0.521237 0.486844
v 1.310517 0.507063 0.498253
v 1.312204 0.490892 0.506730
v 1.313242 0.473346 0.511951
v 1.313593 0.455098 0.513714
v 1.313242 0.436850 0.511951
v 1.312204 0.419304 0.506730
v 1.310517 0.403133 0.498253
v 1.308248 0.388959 0.486844
v 1.305483 0.377326 0.472943
v 1.302328 0.368683 0.457082
v 1.298905 0.363360 0.439873
v 1.295345 0.546835 0.440224
v 1.295345 0.541513 0.457770
v 1.295345 0.532869 0.473941
v 1.295345 0.521237 0.488115
v 1.295345 0.507063 0.499747
v 1.295345 0.490892 0.508391
v 1.295345 0.473346 0.513714
v 1.295345 0.455098 0.515511
v 1.295345 0.436850 0.513714
v 1.295345 0.419304 0.508391
v 1.295345 0.403133 0.499747
v 1.295345 0.388959 0.488115
v 1.295345 0.377326 0.473941
v 1.295345 0.368683 0.457770
v 1.295345 0.363360 0.440224
v 1.291785 0.546835 0.439873
v 1.288362 0.541513 0.457082
v 1.285207 0.532869 0.472943
v 1.282442 0.521237 0.486844
v 1.280173 0.507063 0.498253
v 1.278486 0.490892 0.506730
v 1.277448 0.473346 0.511951
v 1.277097 0.455098 0.513714
v 1.277448 0.436850 0.511951
v 1.278486 0.419304 0.506730
v 1.280173 0.403133 0.498253
v 1.282442 0.388959 0.486844
v 1.285207 0.377326 0.472943
v 1.288362 0.368683 0.457082
v 1.291785 0.363360 0.439873
v 1.288362 0.546835 0.438835
v 1.281647 0.541513 0.455046
v 1.275459 0.532869 0.469986
v 1.270035 0.521237 0.483081
v 1.265583 0.507063 0.493827
v 1.262275 0.490892 0.501813
v 1.260239 0.473346 0.506730
v 1.259551 0.455098 0.508391
v 1.260239 0.436850 0.506730
v 1.262275 0.419304 0.501813
v 1.265583 0.403133 0.493827
v 1.270035 0.388959 0.483081
v 1.275459 0.377326 0.469986
v 1.281647 0.368683 0.455046
v 1.288362 0.363360 0.438835
v 1.285207 0.546835 0.437148
v 1.275459 0.541513 0.451738
v 1.266475 0.532869 0.465183
v 1.258600 0.521237 0.476969
v 1.252138 0.507063 0.486641
v 1.247335 0.490892 0.493827
v 1.244378 0.473346 0.498253
v 1.243380 0.455098 0.499747
v 1.244378 0.436850 0.498253
v 1.247335 0.419304 0.493827
v 1.252138 0.403133 0.486641
v 1.258600 0.388959 0.476969
v 1.266475 0.377326 0.465183
v 1.275459 0.368683 0.451738
v 1.285207 0.363360 0.437148
v 1.282442 0.546835 0.434879
v 1.270035 0.541513 0.447286
v 1.258600 0.532869 0.458721
v 1.248578 0.521237 0.468743
v 1.240352 0.507063 0.476969
v 1.234240 0.490892 0.483081
v 1.230477 0.473346 0.486844
v 1.229206 0.455098 0.488115
v 1.230477 0.436850 0.486844
v 1.234240 0.419304 0.483081
v 1.240352 0.403133 0.476969
v 1.248578 0.388959 0.468743
v 1.258600 0.377326 0.458721
v 1.270035 0.368683 0.447286
v 1.282442 0.363360 0.434879
v 1.280173 0.546835 0.432114
v 1.265583 0.541513 0.441862
v 1.252138 0.532869 0.450846
v 1.240352 0.521237 0.458721
v 1.230680 0.507063 0.465183
v 1.223494 0.490892 0.469986
v 1.219068 0.473346 0.472943
v 1.217574 0.455098 0.473941
v 1.219068 0.436850 0.472943
v 1.223494 0.419304 0.469986
v 1.230680 0.403133 0.465183
v 1.240352 0.388959 0.458721
v 1.252138 0.377326 0.450846
v 1.265583 0.368683 0.441862
v 1.280173 0.363360 0.432114
v 1.278486 0.546835 0.428959
v 1.262275 0.541513 0.435674
v 1.247335 0.532869 0.441862
v 1.234240 0.521237 0.447286
v 1.223494 0.507063 0.451738
v 1.215508 0.490892 0.455046
v 1.210591 0.473346 0.457082
v 1.208930 0.455098 0.457770
v 1.210591 0.436850 0.457082
v 1.215508 0.419304 0.455046
v 1.223494 0.403133 0.451738
v 1.234240 0.388959 0.447286
v 1.247335 0.377326 0.441862
v 1.262275 0.368683 0.435674
v 1.278486 0.363360 0.428959
v 1.277448 0.546835 0.425536
v 1.260239 0.541513 0.428959
v 1.244378 0.532869 0.432114
v 1.230477 0.521237 0.434879
v 1.219068 0.507063 0.437148
v 1.210590 0.490892 0.438835
v 1.205370 0.473346 0.439873
v 1.203607 0.455098 0.440224
v 1.205370 0.436850 0.439873
v 1.210590 0.419304 0.438835
v 1.219068 0.403133 0.437148
v 1.230477 0.388959 0.434879
v 1.244378 0.377326 0.432114
v 1.260239 0.368683 0.428959
v 1.277448 0.363360 0.425536
v 1.277097 0.546835 0.421976
v 1.259551 0.541513 0.421976
v 1.243380 0.532869 0.421976
v 1.229206 0.521237 0.421976
v 1.217574 0.507063 0.421976
v 1.208930 0.490892 0.421976
v 1.203607 0.473346 0.421976
v 1.201810 0.455098 0.421976
v 1.203607 0.436850 0.421976
v 1.208930 0.419304 0.421976
v 1.217574 0.403133 0.421976
v 1.229206 0.388959 0.421976
v 1.243380 0.377326 0.421976
v 1.259551 0.368683 0.421976
v 1.277097 0.363360 0.421976
v 1.277448 0.546835 0.418416
v 1.260239 0.541513 0.414993
v 1.244378 0.532869 0.411838
v 1.230477 0.521237 0.409073
v 1.219068 0.507063 0.406804
v 1.210590 0.490892 0.405117
v 1.205370 0.473346 0.404079
v 1.203607 0.455098 0.403728
v 1.205370 0.436850 0.404079
v 1.210590 0.419304 0.405117
v 1.219068 0.403133 0.406804
v 1.230477 0.388959 0.409073
v 1.244378 0.377326 0.411838
v 1.260239 0.368683 0.414993
v 1.277448 0.363360 0.418416
v 1.295345 0.548633 0.421976
v 1.278486 0.546835 0.414993
v 1.262275 0.541513 0.408278
v 1.247335 0.532869 0.402090
v 1.234240 0.521237 0.396666
v 1.223494 0.507063 0.392214
v 1.215508 0.490892 0.388906
v 1.210591 0.473346 0.386870
v 1.208930 0.455098 0.386182
v 1.210591 0.436850 0.386870
v 1.215508 0.419304 0.388906
v 1.223494 0.403133 0.392214
v 1.234240 0.388959 0.396666
v 1.247335 0.377326 0.402090
v 1.262275 0.368683 0.408278
v 1.278486 0.363360 0.414993
v 1.280173 0.546835 0.411838
v 1.265583 0.541513 0.402090
v 1.252138 0.532869 0.393106
v 1.240352 0.521237 0.385231
v 1.230681 0.507063 0.378769
v 1.223494 0.490892 0.373966
v 1.219068 0.473346 0.371009
v 1.217574 0.455098 0.370011
v 1.219068 0.436850 0.371009
v 1.223494 0.419304 0.373966
v 1.230680 0.403133 0.378769
v 1.240352 0.388959 0.385231
v 1.252138 0.377326 0.393106
v 1.265583 0.368683 0.402090
v 1.280173 0.363360 0.411838
v 1.282442 0.546835 0.409073
v 1.270035 0.541513 0.396666
v 1.258600 0.532869 0.385231
v 1.248578 0.521237 0.375209
v 1.240352 0.507063 0.366983
v 1.234240 0.490892 0.360871
v 1.230477 0.473346 0.357108
v 1.229206 0.455098 0.355837
v 1.230477 0.436850 0.357108
v 1.234240 0.419304 0.360871
v 1.240352 0.403133 0.366983
v 1.248578 0.388959 0.375209
v 1.258600 0.377326 0.385231
v 1.270035 0.368683 0.396666
v 1.282442 0.363360 0.409073
v 1.285207 0.546835 0.406804
v 1.275459 0.541513 0.392214
v 1.266475 0.532869 0.378769
v 1.258600 0.521237 0.366983
v 1.252138 0.507063 0.357311
v 1.247335 0.490892 0.350125
v 1.244378 0.473346 0.345699
v 1.243380 0.455098 0.344205
v 1.244378 0.436850 0.345699
v 1.247335 0.419304 0.350125
v 1.252138 0.403133 0.357311
v 1.258600 0.388959 0.366983
v 1.266475 0.377326 0.378769
v 1.275459 0.368683 0.392214
v 1.285207 0.363360 0.406804
v 1.288362 0.546835 0.405117
v 1.281647 0.541513 0.388906
v 1.275459 0.532869 0.373966
v 1.270035 0.521237 0.360871
v 1.265583 0.507063 0.350125
v 1.262275 0.490892 0.342139
v 1.260239 0.473346 0.337222
v 1.259551 0.455098 0.335561
v 1.260239 0.436850 0.337222
v 1.262275 0.419304 0.342139
v 1.265583 0.403133 0.350125
v 1.270035 0.388959 0.360871
v 1.275459 0.377326 0.373966
v 1.281647 0.368683 0.388906
v 1.288362 0.363360 0.405117
v 1.291785 0.546835 0.404079
v 1.288362 0.541513 0.386870
v 1.285207 0.532869 0.371009
v 1.282442 0.521237 0.357108
v 1.280173 0.507063 0.345699
v 1.278486 0.490892 0.337222
v 1.277448 0.473346 0.332001
v 1.277097 0.455098 0.330238
v 1.277448 0.436850 0.332001
v 1.278486 0.419304 0.337222
v 1.280173 0.403133 0.345699
v 1.282442 0.388959 0.357108
v 1.285207 0.377326 0.371009
v 1.288362 0.368683 0.386870
v 1.291785 0.363360 0.404079
v 1.295345 0.546835 0.403728
v 1.295345 0.541513 0.386182
v 1.295345 0.532869 0.370011
v 1.295345 0.521237 0.355837
v 1.295345 0.507063 0.344205
v 1.295345 0.490892 0.335561
v 1.295345 0.473346 0.330238
v 1.295345 0.455098 0.328441
v 1.295345 0.436850 0.330238
v 1.295345 0.419304 0.335561
v 1.295345 0.403133 0.344205
v 1.295345 0.388959 0.355837
v 1.295345 0.377326 0.370011
v 1.295345 0.368683 0.386182
v 1.295345 0.363360 0.403728
v 1.298905 0.546835 0.404079
v 1.302328 0.541513 0.386870
v 1.305483 0.532869 0.371009
v 1.308248 0.521237 0.357108
v 1.310517 0.507063 0.345699
v 1.312204 0.490892 0.337222
v 1.313242 0.473346 0.332001
v 1.313593 0.455098 0.330238
v 1.313242 0.436850 0.332001
v 1.312204 0.419304 0.337222
v 1.310517 0.403133 0.345699
v 1.308248 0.388959 0.357108
v 1.305483 0.377326 0.371009
v 1.302328 0.368683 0.386870
v 1.298905 0.363360 0.404079
v 1.302328 0.546835 0.405117
v 1.309043 0.541513 0.388906
v 1.315231 0.532869 0.373966
v 1.320655 0.521237 0.360871
v 1.325107 0.507063 0.350125
v 1.328415 0.490892 0.342139
v 1.330451 0.473346 0.337222
v 1.331139 0.455098 0.335561
v 1.330451 0.436850 0.337222
v 1.328415 0.419304 0.342139
v 1.325107 0.403133 0.350125
v 1.320655 0.388959 0.360871
v 1.315231 0.377326 0.373966
v 1.309043 0.368683 0.388906
v 1.302328 0.363360 0.405117
v 1.305483 0.546835 0.406804
v 1.315231 0.541513 0.392214
v 1.324215 0.532869 0.378769
v 1.332090 0.521237 0.366983
v 1.338552 0.507063 0.357312
v 1.343354 0.490892 0.350125
v 1.346312 0.473346 0.345699
v 1.347310 0.455098 0.344205
v 1.346312 0.436850 0.345699
v 1.343354 0.419304 0.350125
v 1.338552 0.403133 0.357312
v 1.332090 0.388959 0.366983
v 1.324215 0.377326 0.378769
v 1.315231 0.368683 0.392214
v 1.305483 0.363360 0.406804
v 1.308248 0.546835 0.409073
v 1.320655 0.541513 0.396666
v 1.332090 0.532869 0.385231
v 1.342112 0.521237 0.375209
v 1.350338 0.507063 0.366983
v 1.356449 0.490892 0.360871
v 1.360213 0.473346 0.357108
v 1.361484 0.455098 0.355837
v 1.360213 0.436850 0.357108
v 1.356449 0.419304 0.360871
v 1.350338 0.403133 0.366983
v 1.342112 0.388959 0.375209
v 1.332090 0.377326 0.385231
v 1.320655 0.368683 0.396666
v 1.308248 0.363360 0.409073
v 1.310517 0.546835 0.411838
v 1.325107 0.541513 0.402090
v 1.338552 0.532869 0.393106
v 1.350338 0.521237 0.385231
v 1.360009 0.507063 0.378769
v 1.367196 0.490892 0.373966
v 1.371622 0.473346 0.371009
v 1.373116 0.455098 0.370011
v 1.371622 0.436850 0.371009
v 1.367196 0.419304 0.373966
v 1.360009 0.403133 0.378769
v 1.350338 0.388959 0.385231
v 1.338552 0.377326 0.393106
v 1.325107 0.368683 0.402090
v 1.310517 0.363360 0.411838
v 1.312204 0.546835 0.414993
v 1.328415 0.541513 0.408278
v 1.343354 0.532869 0.402090
v 1.356449 0.521237 0.396666
v 1.367196 0.507063 0.392214
v 1.375182 0.490892 0.388906
v 1.380099 0.473346 0.386870
v 1.381760 0.455098 0.386182
v 1.380099 0.436850 0.386870
v 1.375182 0.419304 0.388906
v 1.367196 0.403133 0.392214
v 1.356449 0.388959 0.396666
v 1.343354 0.377326 0.402090
v 1.328415 0.368683 0.408278
v 1.312204 0.363360 0.414993
v 1.313242 0.546835 0.418416
v 1.330451 0.541513 0.414993
v 1.346312 0.532869 0.411838
v 1.360213 0.521237 0.409073
v 1.371622 0.507063 0.406804
v 1.380099 0.490892 0.405117
v 1.385320 0.473346 0.404079
v 1.387083 0.455098 0.403728
v 1.385320 0.436850 0.404079
v 1.380099 0.419304 0.405117
v 1.371622 0.403133 0.406804
v 1.360213 0.388959 0.409073
v 1.346312 0.377326 0.411838
v 1.330451 0.368683 0.414993
v 1.313242 0.363360 0.418416
v 1.313593 0.546835 0.421976
v 1.331139 0.541513 0.421976
v 1.347310 0.532869 0.421976
v 1.361484 0.521237 0.421976
v 1.373116 0.507063 0.421976
v 1.381760 0.490892 0.421976
v 1.387082 0.473346 0.421976
v 1.388880 0.455098 0.421976
v 1.387082 0.436850 0.421976
v 1.381760 0.419304 0.421976
v 1.373116 0.403133 0.421976
v 1.361484 0.388959 0.421976
v 1.347310 0.377326 0.421976
v 1.331139 0.368683 0.421976
v 1.313593 0.363360 0.421976
v 1.662009 0.361563 0.421976
v 1.679906 0.546835 0.425536
v 1.697115 0.541513 0.428959
v 1.712976 0.532869 0.432114
v 1.726877 0.521237 0.434879
v 1.738286 0.507063 0.437148
v 1.746763 0.490892 0.438835
v 1.751984 0.473346 0.439873
v 1.753746 0.455098 0.440224
v 1.751984 0.436850 0.439873
v 1.746763 0.419304 0.438835
v 1.738286 0.403133 0.437148
v 1.726877 0.388959 0.434879
v 1.712976 0.377326 0.432114
v 1.697115 0.368683 0.428959
v 1.679906 0.363360 0.425536
v 1.678868 0.546835 0.428959
v 1.695078 0.541513 0.435674
v 1.710019 0.532869 0.441862
v 1.723113 0.521237 0.447286
v 1.733860 0.507063 0.451738
v 1.741846 0.490892 0.455046
v 1.746763 0.473346 0.457082
v 1.748424 0.455098 0.457770
v 1.746763 0.436850 0.457082
v 1.741846 0.419304 0.455046
v 1.733860 0.403133 0.451738
v 1.723113 0.388959 0.447286
v 1.710019 0.377326 0.441862
v 1.695078 0.368683 0.435674
v 1.678868 0.363360 0.428959
v 1.677181 0.546835 0.432114
v 1.691771 0.541513 0.441862
v 1.705216 0.532869 0.450846
v 1.717002 0.521237 0.458721
v 1.726673 0.507063 0.465183
v 1.733860 0.490892 0.469986
v 1.738286 0.473346 0.472943
v 1.739780 0.455098 0.473941
v 1.738286 0.436850 0.472943
v 1.733860 0.419304 0.469986
v 1.726673 0.403133 0.465183
v 1.717001 0.388959 0.458721
v 1.705216 0.377326 0.450846
v 1.691771 0.368683 0.441862
v 1.677181 0.363360 0.432114
v 1.674912 0.546835 0.434879
v 1.687319 0.541513 0.447286
v 1.698754 0.532869 0.458721
v 1.708776 0.521237 0.468743
v 1.717002 0.507063 0.476969
v 1.723113 0.490892 0.483081
v 1.726877 0.473346 0.486844
v 1.728148 0.455098 0.488115
v 1.726877 0.436850 0.486844
v 1.723113 0.419304 0.483081
v 1.717001 0.403133 0.476969
v 1.708776 0.388959 0.468743
v 1.698754 0.377326 0.458721
v 1.687319 0.368683 0.447286
v 1.674912 0.363360 0.434879
v 1.672147 0.546835 0.437148
v 1.681895 0.541513 0.451738
v 1.690879 0.532869 0.465183
v 1.698754 0.521237 0.476969
v 1.705216 0.507063 0.486641
v 1.710019 0.490892 0.493827
v 1.712976 0.473346 0.498253
v 1.713974 0.455098 0.499747
v 1.712976 0.436850 0.498253
v 1.710019 0.419304 0.493827
v 1.705216 0.403133 0.486641
v 1.698754 0.388959 0.476969
v 1.690879 0.377326 0.465183
v 1.681895 0.368683 0.451738
v 1.672147 0.363360 0.437148
v 1.668992 0.546835 0.438835
v 1.675707 0.541513 0.455046
v 1.681895 0.532869 0.469986
v 1.687319 0.521237 0.483081
v 1.691771 0.507063 0.493827
v 1.695078 0.490892 0.501813
v 1.697115 0.473346 0.506730
v 1.697803 0.455098 0.508391
v 1.697115 0.436850 0.506730
v 1.695078 0.419304 0.501813
v 1.691771 0.403133 0.493827
v 1.687319 0.388959 0.483081
v 1.681895 0.377326 0.469986
v 1.675707 0.368683 0.455046
v 1.668992 0.363360 0.438835
v 1.665569 0.546835 0.439873
v 1.668992 0.541513 0.457082
v 1.672147 0.532869 0.472943
v 1.674912 0.521237 0.486844
v 1.677181 0.507063 0.498253
v 1.678868 0.490892 0.506730
v 1.679906 0.473346 0.511951
v 1.680257 0.455098 0.513714
v 1.679906 0.436850 0.511951
v 1.678868 0.419304 0.506730
v 1.677181 0.403133 0.498253
v 1.674912 0.388959 0.486844
v 1.672147 0.377326 0.472943
v 1.668992 0.368683 0.457082
v 1.665569 0.363360 0.439873
v 1.662009 0.546835 0.440224
v 1.662009 0.541513 0.457770
v 1.662009 0.532869 0.473941
v 1.662009 0.521237 0.488115
v 1.662009 0.507063 0.499747
v 1.662009 0.490892 0.508391
v 1.662009 0.473346 0.513714
v 1.662009 0.455098 0.515511
v 1.662009 0.436850 0.513714
v 1.662009 0.419304 0.508391
v 1.662009 0.403133 0.499747
v 1.662009 0.388959 0.488115
v 1.662009 0.377326 0.473941
v 1.662009 0.368683 0.457770
v 1.662009 0.363360 0.440224
v 1.658449 0.546835 0.439873
v 1.655026 0.541513 0.457082
v 1.651871 0.532869 0.472943
v 1.649106 0.521237 0.486844
v 1.646837 0.507063 0.498253
v 1.645150 0.490892 0.506730
v 1.644112 0.473346 0.511951
v 1.643761 0.455098 0.513714
v 1.644112 0.436850 0.511951
v 1.645150 0.419304 0.506730
v 1.646837 0.403133 0.498253
v 1.649106 0.388959 0.486844
v 1.651871 0.377326 0.472943
v 1.655026 0.368683 0.457082
v 1.658449 0.363360 0.439873
v 1.655026 0.546835 0.438835
v 1.648311 0.541513 0.455046
v 1.642123 0.532869 0.469986
v 1.636698 0.521237 0.483081
v 1.632247 0.507063 0.493827
v 1.628939 0.490892 0.501813
v 1.626902 0.473346 0.506730
v 1.626215 0.455098 0.508391
v 1.626902 0.436850 0.506730
v 1.628939 0.419304 0.501813
v 1.632247 0.403133 0.493827
v 1.636698 0.388959 0.483081
v 1.642123 0.377326 0.469986
v 1.648311 0.368683 0.455046
v 1.655026 0.363360 0.438835
v 1.651871 0.546835 0.437148
v 1.642123 0.541513 0.451738
v 1.633139 0.532869 0.465183
v 1.625264 0.521237 0.476969
v 1.618801 0.507063 0.486641
v 1.613999 0.490892 0.493827
v 1.611042 0.473346 0.498253
v 1.610044 0.455098 0.499747
v 1.611042 0.436850 0.498253
v 1.613999 0.419304 0.493827
v 1.618801 0.403133 0.486641
v 1.625264 0.388959 0.476969
v 1.633139 0.377326 0.465183
v 1.642123 0.368683 0.451738
v 1.651871 0.363360 0.437148
v 1.649106 0.546835 0.434879
v 1.636698 0.541513 0.447286
v 1.625264 0.532869 0.458721
v 1.615241 0.521237 0.468743
v 1.607016 0.507063 0.476969
v 1.600904 0.490892 0.483081
v 1.597141 0.473346 0.486844
v 1.595870 0.455098 0.488115
v 1.597141 0.436850 0.486844
v 1.600904 0.419304 0.483081
v 1.607016 0.403133 0.476969
v 1.615241 0.388959 0.468743
v 1.625264 0.377326 0.458721
v 1.636698 0.368683 0.447286
v 1.649106 0.363360 0.434879
v 1.646837 0.546835 0.432114
v 1.632247 0.541513 0.441862
v 1.618801 0.532869 0.450846
v 1.607016 0.521237 0.458721
v 1.597344 0.507063 0.465183
v 1.590158 0.490892 0.469986
v 1.585732 0.473346 0.472943
v 1.584237 0.455098 0.473941
v 1.585732 0.436850 0.472943
v 1.590158 0.419304 0.469986
v 1.597344 0.403133 0.465183
v 1.607016 0.388959 0.458721
v 1.618801 0.377326 0.450846
v 1.632247 0.368683 0.441862
v 1.646837 0.363360 0.432114
v 1.645150 0.546835 0.428959
v 1.628939 0.541513 0.435674
v 1.613999 0.532869 0.441862
v 1.600904 0.521237 0.447286
v 1.590158 0.507063 0.451738
v 1.582172 0.490892 0.455046
v 1.577255 0.473346 0.457082
v 1.575594 0.455098 0.457770
v 1.577255 0.436850 0.457082
v 1.582172 0.419304 0.455046
v 1.590158 0.403133 0.451738
v 1.600904 0.388959 0.447286
v 1.613999 0.377326 0.441862
v 1.628939 0.368683 0.435674
v 1.645150 0.363360 0.428959
v 1.644112 0.546835 0.425536
v 1.626902 0.541513 0.428959
v 1.611042 0.532869 0.432114
v 1.597141 0.521237 0.434879
v 1.585732 0.507063 0.437148
v 1.577254 0.490892 0.438835
v 1.572034 0.473346 0.439873
v 1.570271 0.455098 0.440224
v 1.572034 0.436850 0.439873
v 1.577254 0.419304 0.438835
v 1.585732 0.403133 0.437148
v 1.597141 0.388959 0.434879
v 1.611042 0.377326 0.432114
v 1.626902 0.368683 0.428959
v 1.644112 0.363360 0.425536
v 1.643761 0.546835 0.421976
v 1.626215 0.541513 0.421976
v 1.610044 0.532869 0.421976
v 1.595870 0.521237 0.421976
v 1.584238 0.507063 0.421976
v 1.575594 0.490892 0.421976
v 1.570271 0.473346 0.421976
v 1.568474 0.455098 0.421976
v 1.570271 0.436850 0.421976
v 1.575594 0.419304 0.421976
v 1.584237 0.403133 0.421976
v 1.595870 0.388959 0.421976
v 1.610044 0.377326 0.421976
v 1.626215 0.368683 0.421976
v 1.643761 0.363360 0.421976
v 1.644112 0.546835 0.418416
v 1.626902 0.541513 0.414993
v 1.611042 0.532869 0.411838
v 1.597141 0.521237 0.409073
v 1.585732 0.507063 0.406804
v 1.577254 0.490892 0.405117
v 1.572034 0.473346 0.404079
v 1.570271 0.455098 0.403728
v 1.572034 0.436850 0.404079
v 1.577254 0.419304 0.405117
v 1.585732 0.403133 0.406804
v 1.597141 0.388959 0.409073
v 1.611042 0.377326 0.411838
v 1.626902 0.368683 0.414993
v 1.644112 0.363360 0.418416
v 1.662009 0.548633 0.421976
v 1.645150 0.546835 0.414993
v 1.628939 0.541513 0.408278
v 1.613999 0.532869 0.402090
v 1.600904 0.521237 0.396666
v 1.590158 0.507063 0.392214
v 1.582172 0.490892 0.388906
v 1.577255 0.473346 0.386870
v 1.575594 0.455098 0.386182
v 1.577255 0.436850 0.386870
v 1.582172 0.419304 0.388906
v 1.590158 0.403133 0.392214
v 1.600904 0.388959 0.396666
v 1.613999 0.377326 0.402090
v 1.628939 0.368683 0.408278
v 1.645150 0.363360 0.414993
v 1.646837 0.546835 0.411838
v 1.632247 0.541513 0.402090
v 1.618801 0.532869 0.393106
v 1.607016 0.521237 0.385231
v 1.597344 0.507063 0.378769
v 1.590158 0.490892 0.373966
v 1.585732 0.473346 0.371009
v 1.584237 0.455098 0.370011
v 1.585732 0.436850 0.371009
v 1.590158 0.419304 0.373966
v 1.597344 0.403133 0.378769
v 1.607016 0.388959 0.385231
v 1.618801 0.377326 0.393106
v 1.632247 0.368683 0.402090
v 1.646837 0.363360 0.411838
v 1.649106 0.546835 0.409073
v 1.636698 0.541513 0.396666
v 1.625264 0.532869 0.385231
v 1.615241 0.521237 0.375209
v 1.607016 0.507063 0.366983
v 1.600904 0.490892 0.360871
v 1.597141 0.473346 0.357108
v 1.595870 0.455098 0.355837
v 1.597141 0.436850 0.357108
v 1.600904 0.419304 0.360871
v 1.607016 0.403133 0.366983
v 1.615241 0.388959 0.375209
v 1.625264 0.377326 0.385231
v 1.636698 0.368683 0.396666
v 1.649106 0.363360 0.409073
v 1.651871 0.546835 0.406804
v 1.642123 0.541513 0.392214
v 1.633139 0.532869 0.378769
v 1.625264 0.521237 0.366983
v 1.618801 0.507063 0.357311
v 1.613999 0.490892 0.350125
v 1.611042 0.473346 0.345699
v 1.610044 0.455098 0.344205
v 1.611042 0.436850 0.345699
v 1.613999 0.419304 0.350125
v 1.618801 0.403133 0.357311
v 1.625264 0.388959 0.366983
v 1.633139 0.377326 0.378769
v 1.642123 0.368683 0.392214
v 1.651871 0.363360 0.406804
v 1.655026 0.546835 0.405117
v 1.648311 0.541513 0.388906
v 1.642123 0.532869 0.373966
v 1.636698 0.521237 0.360871
v 1.632247 0.507063 0.350125
v 1.628939 0.490892 0.342139
v 1.626902 0.473346 0.337222
v 1.626215 0.455098 0.335561
v 1.626902 0.436850 0.337222
v 1.628939 0.419304 0.342139
v 1.632247 0.403133 0.350125
v 1.636698 0.388959 0.360871
v 1.642123 0.377326 0.373966
v 1.648311 0.368683 0.388906
v 1.655026 0.363360 0.405117
v 1.658449 0.546835 0.404079
v 1.655026 0.541513 0.386870
v 1.651871 0.532869 0.371009
v 1.649106 0.521237 0.357108
v 1.646837 0.507063 0.345699
v 1.645150 0.490892 0.337222
v 1.644112 0.473346 0.332001
v 1.643761 0.455098 0.330238
v 1.644112 0.436850 0.332001
v 1.645150 0.419304 0.337222
v 1.646837 0.403133 0.345699
v 1.649106 0.388959 0.357108
v 1.651871 0.377326 0.371009
v 1.655026 0.368683 0.386870
v 1.658449 0.363360 0.404079
v 1.662009 0.546835 0.403728
v 1.662009 0.541513 0.386182
v 1.662009 0.532869 0.370011
v 1.662009 0.521237 0.355837
v 1.662009 0.507063 0.344205
v 1.662009 0.490892 0.335561
v 1.662009 0.473346 0.330238
v 1.662009 0.455098 0.328441
v 1.662009 0.436850 0.330238
v 1.662009 0.419304 0.335561
v 1.662009 0.403133 0.344205
v 1.662009 0.388959 0.355837
v 1.662009 0.377326 0.370011
v 1.662009 0.368683 0.386182
v 1.662009 0.363360 0.403728
v 1.665569 0.546835 0.404079
v 1.668992 0.541513 0.386870
v 1.672147 0.532869 0.371009
v 1.674912 0.521237 0.357108
v 1.677181 0.507063 0.345699
v 1.678868 0.490892 0.337222
v 1.679906 0.473346 0.332001
v 1.680257 0.455098 0.330238
v 1.679906 0.436850 0.332001
v 1.678868 0.419304 0.337222
v 1.677181 0.403133 0.345699
v 1.674912 0.388959 0.357108
v 1.672147 0.377326 0.371009
v 1.668992 0.368683 0.386870
v 1.665569 0.363360 0.404079
v 1.668992 0.546835 0.405117
v 1.675707 0.541513 0.388906
v 1.681895 0.532869 0.373966
v 1.687319 0.521237 0.360871
v 1.691771 0.507063 0.350125
v 1.695078 0.490892 0.342139
v 1.697115 0.473346 0.337222
v 1.697803 0.455098 0.335561
v 1.697115 0.436850 0.337222
v 1.695078 0.419304 0.342139
v 1.691771 0.403133 0.350125
v 1.687319 0.388959 0.360871
v 1.681895 0.377326 0.373966
v 1.675707 0.368683 0.388906
v 1.668992 0.363360 0.405117
v 1.672147 0.546835 0.406804
v 1.681895 0.541513 0.392214
v 1.690879 0.532869 0.378769
v 1.698754 0.521237 0.366983
v 1.705216 0.507063 0.357312
v 1.710018 0.490892 0.350125
v 1.712976 0.473346 0.345699
v 1.713974 0.455098 0.344205
v 1.712976 0.436850 0.345699
v 1.710018 0.419304 0.350125
v 1.705216 0.403133 0.357312
v 1.698754 0.388959 0.366983
v 1.690879 0.377326 0.378769
v 1.681895 0.368683 0.392214
v 1.672147 0.363360 0.406804
v 1.674912 0.546835 0.409073
v 1.687319 0.541513 0.396666
v 1.698754 0.532869 0.385231
v 1.708776 0.521237 0.375209
v 1.717001 0.507063 0.366983
v 1.723113 0.490892 0.360871
v 1.726877 0.473346 0.357108
v 1.728148 0.455098 0.355837
v 1.726877 0.436850 0.357108
v 1.723113 0.419304 0.360871
v 1.717001 0.403133 0.366983
v 1.708776 0.388959 0.375209
v 1.698754 0.377326 0.385231
v 1.687319 0.368683 0.396666
v 1.674912 0.363360 0.409073
v 1.677181 0.546835 0.411838
v 1.691771 0.541513 0.402090
v 1.705216 0.532869 0.393106
v 1.717001 0.521237 0.385231
v 1.726673 0.507063 0.378769
v 1.733860 0.490892 0.373966
v 1.738286 0.473346 0.371009
v 1.739780 0.455098 0.370011
v 1.738286 0.436850 0.371009
v 1.733860 0.419304 0.373966
v 1.726673 0.403133 0.378769
v 1.717001 0.388959 0.385231
v 1.705216 0.377326 0.393106
v 1.691771 0.368683 0.402090
v 1.677181 0.363360 0.411838
v 1.678868 0.546835 0.414993
v 1.695078 0.541513 0.408278
v 1.710018 0.532869 0.402090
v 1.723113 0.521237 0.396666
v 1.733860 0.507063 0.392214
v 1.741846 0.490892 0.388906
v 1.746763 0.473346 0.386870
v 1.748424 0.455098 0.386182
v 1.746763 0.436850 0.386870
v 1.741846 0.419304 0.388906
v 1.733860 0.403133 0.392214
v 1.723113 0.388959 0.396666
v 1.710018 0.377326 0.402090
v 1.695078 0.368683 0.408278
v 1.678868 0.363360 0.414993
v 1.679906 0.546835 0.418416
v 1.697115 0.541513 0.414993
v 1.712976 0.532869 0.411838
v 1.726877 0.521237 0.409073
v 1.738286 0.507063 0.406804
v 1.746763 0.490892 0.405117
v 1.751984 0.473346 0.404079
v 1.753746 0.455098 0.403728
v 1.751984 0.436850 0.404079
v 1.746763 0.419304 0.405117
v 1.738286 0.403133 0.406804
v 1.726877 0.388959 0.409073
v 1.712976 0.377326 0.411838
v 1.697115 0.368683 0.414993
v 1.679906 0.363360 0.418416
v 1.680257 0.546835 0.421976
v 1.697803 0.541513 0.421976
v 1.713974 0.532869 0.421976
v 1.728148 0.521237 0.421976
v 1.739780 0.507063 0.421976
v 1.748424 0.490892 0.421976
v 1.753746 0.473346 0.421976
v 1.755544 0.455098 0.421976
v 1.753746 0.436850 0.421976
v 1.748424 0.419304 0.421976
v 1.739780 0.403133 0.421976
v 1.728148 0.388959 0.421976
v 1.713974 0.377326 0.421976
v 1.697803 0.368683 0.421976
v 1.680257 0.363360 0.421976
v 2.025480 0.361563 0.421976
v 2.043377 0.546835 0.425536
v 2.060586 0.541513 0.428959
v 2.076447 0.532869 0.432114
v 2.090348 0.521237 0.434879
v 2.101757 0.507063 0.437148
v 2.110235 0.490892 0.438835
v 2.115455 0.473346 0.439873
v 2.117218 0.455098 0.440224
v 2.115455 0.436850 0.439873
v 2.110235 0.419304 0.438835
v 2.101757 0.403133 0.437148
v 2.090348 0.388959 0.434879
v 2.076447 0.377326 0.432114
v 2.060586 0.368683 0.428959
v 2.043377 0.363360 0.425536
v 2.042339 0.546835 0.428959
v 2.058549 0.541513 0.435674
v 2.073489 0.532869 0.441862
v 2.086584 0.521237 0.447286
v 2.097331 0.507063 0.451738
v 2.105317 0.490892 0.455046
v 2.110235 0.473346 0.457082
v 2.111895 0.455098 0.457770
v 2.110235 0.436850 0.457082
v 2.105317 0.419304 0.455046
v 2.097331 0.403133 0.451738
v 2.086584 0.388959 0.447286
v 2.073489 0.377326 0.441862
v 2.058549 0.368683 0.435674
v 2.042338 0.363360 0.428959
v 2.040652 0.546835 0.432114
v 2.055242 0.541513 0.441862
v 2.068688 0.532869 0.450846
v 2.080473 0.521237 0.458721
v 2.090144 0.507063 0.465183
v 2.097331 0.490892 0.469986
v 2.101757 0.473346 0.472943
v 2.103251 0.455098 0.473941
v 2.101757 0.436850 0.472943
v 2.097331 0.419304 0.469986
v 2.090144 0.403133 0.465183
v 2.080473 0.388959 0.458721
v 2.068688 0.377326 0.450846
v 2.055242 0.368683 0.441862
v 2.040652 0.363360 0.432114
v 2.038383 0.546835 0.434879
v 2.050790 0.541513 0.447286
v 2.062225 0.532869 0.458721
v 2.072247 0.521237 0.468743
v 2.080473 0.507063 0.476969
v 2.086584 0.490892 0.483081
v 2.090348 0.473346 0.486844
v 2.091619 0.455098 0.488115
v 2.090348 0.436850 0.486844
v 2.086584 0.419304 0.483081
v 2.080473 0.403133 0.476969
v 2.072247 0.388959 0.468743
v 2.062225 0.377326 0.458721
v 2.050790 0.368683 0.447286
v 2.038383 0.363360 0.434879
v 2.035618 0.546835 0.437149
v 2.045366 0.541513 0.451738
v 2.054350 0.532869 0.465183
v 2.062225 0.521237 0.476969
v 2.068688 0.507063 0.486641
v 2.073489 0.490892 0.493827
v 2.076447 0.473346 0.498253
v 2.077445 0.455098 0.499747
v 2.076447 0.436850 0.498253
v 2.073489 0.419304 0.493827
v 2.068688 0.403133 0.486641
v 2.062225 0.388959 0.476969
v 2.054350 0.377326 0.465183
v 2.045366 0.368683 0.451738
v 2.035618 0.363360 0.437148
v 2.032463 0.546835 0.438835
v 2.039178 0.541513 0.455046
v 2.045366 0.532869 0.469986
v 2.050790 0.521237 0.483081
v 2.055242 0.507063 0.493827
v 2.058549 0.490892 0.501813
v 2.060586 0.473346 0.506731
v 2.061274 0.455098 0.508391
v 2.060586 0.436850 0.506731
v 2.058549 0.419304 0.501813
v 2.055242 0.403133 0.493827
v 2.050790 0.388959 0.483081
v 2.045366 0.377326 0.469986
v 2.039178 0.368683 0.455046
v 2.032463 0.363360 0.438835
v 2.029040 0.546835 0.439873
v 2.032463 0.541513 0.457082
v 2.035618 0.532869 0.472943
v 2.038383 0.521237 0.486844
v 2.040652 0.507063 0.498253
v 2.042338 0.490892 0.506730
v 2.043377 0.473346 0.511951
v 2.043728 0.455098 0.513714
v 2.043377 0.436850 0.511951
v 2.042338 0.419304 0.506730
v 2.040652 0.403133 0.498253
v 2.038383 0.388959 0.486844
v 2.035618 0.377326 0.472943
v 2.032463 0.368683 0.457082
v 2.029040 0.363360 0.439873
v 2.025480 0.546835 0.440224
v 2.025480 0.541513 0.457770
v 2.025480 0.532869 0.473941
v 2.025480 0.521237 0.488115
v 2.025480 0.507063 0.499747
v 2.025480 0.490892 0.508391
v 2.025480 0.473346 0.513714
v 2.025480 0.455098 0.515511
v 2.025480 0.436850 0.513714
v 2.025480 0.419304 0.508391
v 2.025480 0.403133 0.499747
v 2.025480 0.388959 0.488115
v 2.025480 0.377326 0.473941
v 2.025480 0.368683 0.457770
v 2.025480 0.363360 0.440224
v 2.021920 0.546835 0.439873
v 2.018497 0.541513 0.457082
v 2.015342 0.532869 0.472943
v 2.012577 0.521237 0.486844
v 2.010308 0.507063 0.498253
v 2.008621 0.490892 0.506730
v 2.007583 0.473346 0.511951
v 2.007232 0.455098 0.513714
v 2.007583 0.436850 0.511951
v 2.008621 0.419304 0.506730
v 2.010308 0.403133 0.498253
v 2.012577 0.388959 0.486844
v 2.015342 0.377326 0.472943
v 2.018497 0.368683 0.457082
v 2.021920 0.363360 0.439873
v 2.018497 0.546835 0.438835
v 2.011782 0.541513 0.455046
v 2.005594 0.532869 0.469986
v 2.000170 0.521237 0.483081
v 1.995718 0.507063 0.493827
v 1.992411 0.490892 0.501813
v 1.990374 0.473346 0.506730
v 1.989686 0.455098 0.508391
v 1.990374 0.436850 0.506730
v 1.992411 0.419304 0.501813
v 1.995718 0.403133 0.493827
v 2.000170 0.388959 0.483081
v 2.005594 0.377326 0.469986
v 2.011782 0.368683 0.455046
v 2.018497 0.363360 0.438835
v 2.015342 0.546835 0.437148
v 2.005594 0.541513 0.451738
v 1.996610 0.532869 0.465183
v 1.988735 0.521237 0.476969
v 1.982273 0.507063 0.486641
v 1.977470 0.490892 0.493827
v 1.974513 0.473346 0.498253
v 1.973515 0.455098 0.499747
v 1.974513 0.436850 0.498253
v 1.977470 0.419304 0.493827
v 1.982273 0.403133 0.486641
v 1.988735 0.388959 0.476969
v 1.996610 0.377326 0.465183
v 2.005594 0.368683 0.451738
v 2.015342 0.363360 0.437148
v 2.012577 0.546835 0.434879
v 2.000170 0.541513 0.447286
v 1.988735 0.532869 0.458721
v 1.978713 0.521237 0.468743
v 1.970487 0.507063 0.476969
v 1.964375 0.490892 0.483081
v 1.960612 0.473346 0.486844
v 1.959341 0.455098 0.488115
v 1.960612 0.436850 0.486844
v 1.964375 0.419304 0.483081
v 1.970487 0.403133 0.476969
v 1.978713 0.388959 0.468743
v 1.988735 0.377326 0.458721
v 2.000170 0.368683 0.447286
v 2.012577 0.363360 0.434879
v 2.010308 0.546835 0.432114
v 1.995718 0.541513 0.441862
v 1.982273 0.532869 0.450846
v 1.970487 0.521237 0.458721
v 1.960815 0.507063 0.465183
v 1.953629 0.490892 0.469986
v 1.949203 0.473346 0.472943
v 1.947708 0.455098 0.473941
v 1.949203 0.436850 0.472943
v 1.953629 0.419304 0.469986
v 1.960815 0.403133 0.465183
v 1.970487 0.388959 0.458721
v 1.982273 0.377326 0.450846
v 1.995718 0.368683 0.441862
v 2.010308 0.363360 0.432114
v 2.008621 0.546835 0.428959
v 1.992411 0.541513 0.435674
v 1.977470 0.532869 0.441862
v 1.964375 0.521237 0.447286
v 1.953629 0.507063 0.451738
v 1.945643 0.490892 0.455046
v 1.940726 0.473346 0.457082
v 1.939065 0.455098 0.457770
v 1.940726 0.436850 0.457082
v 1.945643 0.419304 0.455046
v 1.953629 0.403133 0.451738
v 1.964375 0.388959 0.447286
v 1.977470 0.377326 0.441862
v 1.992411 0.368683 0.435674
v 2.008621 0.363360 0.428959
v 2.007583 0.546835 0.425536
v 1.990374 0.541513 0.428959
v 1.974513 0.532869 0.432114
v 1.960612 0.521237 0.434879
v 1.949203 0.507063 0.437148
v 1.940726 0.490892 0.438835
v 1.935505 0.473346 0.439873
v 1.933742 0.455098 0.440224
v 1.935505 0.436850 0.439873
v 1.940726 0.419304 0.438835
v 1.949203 0.403133 0.437148
v 1.960612 0.388959 0.434879
v 1.974513 0.377326 0.432114
v 1.990374 0.368683 0.428959
v 2.007583 0.363360 0.425536
v 2.007232 0.546835 0.421976
v 1.989686 0.541513 0.421976
v 1.973515 0.532869 0.421976
v 1.959341 0.521237 0.421976
v 1.947709 0.507063 0.421976
v 1.939065 0.490892 0.421976
v 1.933743 0.473346 0.421976
v 1.931945 0.455098 0.421976
v 1.933743 0.436850 0.421976
v 1.939065 0.419304 0.421976
v 1.947708 0.403133 0.421976
v 1.959341 0.388959 0.421976
v 1.973515 0.377326 0.421976
v 1.989686 0.368683 0.421976
v 2.007232 0.363360 0.421976
v 2.007583 0.546835 0.418416
v 1.990374 0.541513 0.414993
v 1.974513 0.532869 0.411838
v 1.960612 0.521237 0.409073
v 1.949203 0.507063 0.406804
v 1.940726 0.490892 0.405117
v 1.935505 0.473346 0.404079
v 1.933743 0.455098 0.403728
v 1.935505 0.436850 0.404079
v 1.940726 0.419304 0.405117
v 1.949203 0.403133 0.406804
v 1.960612 0.388959 0.409073
v 1.974513 0.377326 0.411838
v 1.990374 0.368683 0.414993
v 2.007583 0.363360 0.418416
v 2.025480 0.548633 0.421976
v 2.008621 0.546835 0.414993
v 1.992411 0.541513 0.408278
v 1.977470 0.532869 0.402090
v 1.964375 0.521237 0.396666
v 1.953629 0.507063 0.392214
v 1.945643 0.490892 0.388906
v 1.940726 0.473346 0.386870
v 1.939065 0.455098 0.386182
v 1.940726 0.436850 0.386870
v 1.945643 0.419304 0.388906
v 1.953629 0.403133 0.392214
v 1.964375 0.388959 0.396666
v 1.977470 0.377326 0.402090
v 1.992411 0.368683 0.408278
v 2.008621 0.363360 0.414993
v 2.010308 0.546835 0.411838
v 1.995718 0.541513 0.402090
v 1.982273 0.532869 0.393106
v 1.970487 0.521237 0.385231
v 1.960816 0.507063 0.378769
v 1.953629 0.490892 0.373966
v 1.949203 0.473346 0.371009
v 1.947708 0.455098 0.370011
v 1.949203 0.436850 0.371009
v 1.953629 0.419304 0.373966
v 1.960815 0.403133 0.378769
v 1.970487 0.388959 0.385231
v 1.982273 0.377326 0.393106
v 1.995718 0.368683 0.402090
v 2.010308 0.363360 0.411838
v 2.012577 0.546835 0.409073
v 2.000170 0.541513 0.396666
v 1.988735 0.532869 0.385231
v 1.978713 0.521237 0.375209
v 1.970487 0.507063 0.366983
v 1.964375 0.490892 0.360871
v 1.960612 0.473346 0.357108
v 1.959341 0.455098 0.355837
v 1.960612 0.436850 0.357108
v 1.964375 0.419304 0.360871
v 1.970487 0.403133 0.366983
v 1.978713 0.388959 0.375209
v 1.988735 0.377326 0.385231
v 2.000170 0.368683 0.396666
v 2.012577 0.363360 0.409073
v 2.015342 0.546835 0.406804
v 2.005594 0.541513 0.392214
v 1.996610 0.532869 0.378769
v 1.988735 0.521237 0.366983
v 1.982273 0.507063 0.357312
v 1.977470 0.490892 0.350125
v 1.974513 0.473346 0.345699
v 1.973515 0.455098 0.344205
v 1.974513 0.436850 0.345699
v 1.977470 0.419304 0.350125
v 1.982273 0.403133 0.357312
v 1.988735 0.388959 0.366983
v 1.996610 0.377326 0.378769
v 2.005594 0.368683 0.392214
v 2.015342 0.363360 0.406804
v 2.018497 0.546835 0.405117
v 2.011782 0.541513 0.388906
v 2.005594 0.532869 0.373966
v 2.000170 0.521237 0.360871
v 1.995718 0.507063 0.350125
v 1.992411 0.490892 0.342139
v 1.990374 0.473346 0.337222
v 1.989686 0.455098 0.335561
v 1.990374 0.436850 0.337222
v 1.992411 0.419304 0.342139
v 1.995718 0.403133 0.350125
v 2.000170 0.388959 0.360871
v 2.005594 0.377326 0.373966
v 2.011782 0.368683 0.388906
v 2.018497 0.363360 0.405117
v 2.021920 0.546835 0.404079
v 2.018497 0.541513 0.386870
v 2.015342 0.532869 0.371009
v 2.012577 0.521237 0.357108
v 2.010308 0.507063 0.345699
v 2.008621 0.490892 0.337222
v 2.007583 0.473346 0.332001
v 2.007232 0.455098 0.330238
v 2.007583 0.436850 0.332001
v 2.008621 0.419304 0.337222
v 2.010308 0.403133 0.345699
v 2.012577 0.388959 0.357108
v 2.015342 0.377326 0.371009
v 2.018497 0.368683 0.386870
v 2.021920 0.363360 0.404079
v 2.025480 0.546835 0.403728
v 2.025480 0.541513 0.386182
v 2.025480 0.532869 0.370011
v 2.025480 0.521237 0.355837
v 2.025480 0.507063 0.344205
v 2.025480 0.490892 0.335561
v 2.025480 0.473346 0.330238
v 2.025480 0.455098 0.328441
v 2.025480 0.436850 0.330238
v 2.025480 0.419304 0.335561
v 2.025480 0.403133 0.344205
v 2.025480 0.388959 0.355837
v 2.025480 0.377326 0.370011
v 2.025480 0.368683 0.386182
v 2.025480 0.363360 0.403728
v 2.029040 0.546835 0.404079
v 2.032463 0.541513 0.386870
v 2.035618 0.532869 0.371009
v 2.038383 0.521237 0.357108
v 2.040652 0.507063 0.345699
v 2.042338 0.490892 0.337222
v 2.043377 0.473346 0.332001
v 2.043728 0.455098 0.330238
v 2.043377 0.436850 0.332001
v 2.042338 0.419304 0.337222
v 2.040652 0.403133 0.345699
v 2.038383 0.388959 0.357108
v 2.035618 0.377326 0.371009
v 2.032463 0.368683 0.386870
v 2.029040 0.363360 0.404079
v 2.032463 0.546835 0.405117
v 2.039178 0.541513 0.388906
v 2.045366 0.532869 0.373966
v 2.050790 0.521237 0.360871
v 2.055242 0.507063 0.350125
v 2.058549 0.490892 0.342139
v 2.060586 0.473346 0.337222
v 2.061274 0.455098 0.335561
v 2.060586 0.436850 0.337222
v 2.058549 0.419304 0.342139
v 2.055242 0.403133 0.350125
v 2.050790 0.388959 0.360871
v 2.045366 0.377326 0.373966
v 2.039178 0.368683 0.388907
v 2.032463 0.363360 0.405117
v 2.035618 0.546835 0.406804
v 2.045366 0.541513 0.392214
v 2.054350 0.532869 0.378769
v 2.062225 0.521237 0.366983
v 2.068688 0.507063 0.357312
v 2.073489 0.490892 0.350125
v 2.076447 0.473346 0.345699
v 2.077445 0.455098 0.344205
v 2.076447 0.436850 0.345699
v 2.073489 0.419304 0.350125
v 2.068688 0.403133 0.357312
v 2.062225 0.388959 0.366983
v 2.054350 0.377326 0.378769
v 2.045366 0.368683 0.392214
v 2.035618 0.363360 0.406804
v 2.038383 0.546835 0.409073
v 2.050790 0.541513 0.396666
v 2.062225 0.532869 0.385231
v 2.072247 0.521237 0.375209
v 2.080473 0.507063 0.366983
v 2.086584 0.490892 0.360871
v 2.090348 0.473346 0.357108
v 2.091619 0.455098 0.355837
v 2.090348 0.436850 0.357108
v 2.086584 0.419304 0.360871
v 2.080473 0.403133 0.366983
v 2.072247 0.388959 0.375209
v 2.062225 0.377326 0.385231
v 2.050790 0.368683 0.396666
v 2.038383 0.363360 0.409073
v 2.040652 0.546835 0.411838
v 2.055242 0.541513 0.402090
v 2.068688 0.532869 0.393106
v 2.080473 0.521237 0.385231
v 2.090144 0.507063 0.378769
v 2.097331 0.490892 0.373966
v 2.101757 0.473346 0.371009
v 2.103251 0.455098 0.370011
v 2.101757 0.436850 0.371009
v 2.097331 0.419304 0.373966
v 2.090144 0.403133 0.378769
v 2.080473 0.388959 0.385231
v 2.068688 0.377326 0.393106
v 2.055242 0.368683 0.402090
v 2.040652 0.363360 0.411838
v 2.042338 0.546835 0.414993
v 2.058549 0.541513 0.408278
v 2.073489 0.532869 0.402090
v 2.086584 0.521237 0.396666
v 2.097331 0.507063 0.392214
v 2.105317 0.490892 0.388906
v 2.110234 0.473346 0.386870
v 2.111895 0.455098 0.386182
v 2.110234 0.436850 0.386870
v 2.105317 0.419304 0.388906
v 2.097331 0.403133 0.392214
v 2.086584 0.388959 0.396666
v 2.073489 0.377326 0.402090
v 2.058549 0.368683 0.408278
v 2.042338 0.363360 0.414993
v 2.043377 0.546835 0.418416
v 2.060586 0.541513 0.414993
v 2.076447 0.532869 0.411838
v 2.090348 0.521237 0.409073
v 2.101757 0.507063 0.406804
v 2.110234 0.490892 0.405117
v 2.115455 0.473346 0.404079
v 2.117218 0.455098 0.403728
v 2.115455 0.436850 0.404079
v 2.110234 0.419304 0.405117
v 2.101757 0.403133 0.406804
v 2.090348 0.388959 0.409073
v 2.076447 0.377326 0.411838
v 2.060586 0.368683 0.414993
v 2.043377 0.363360 0.418416
v 2.043728 0.546835 0.421976
v 2.061274 0.541513 0.421976
v 2.077445 0.532869 0.421976
v 2.091619 0.521237 0.421976
v 2.103251 0.507063 0.421976
v 2.111895 0.490892 0.421976
v 2.117218 0.473346 0.421976
v 2.119015 0.455098 0.421976
v 2.117218 0.436850 0.421976
v 2.111895 0.419304 0.421976
v 2.103251 0.403133 0.421976
v 2.091619 0.388959 0.421976
v 2.077445 0.377326 0.421976
v 2.061274 0.368683 0.421976
v 2.043728 0.363360 0.421976
v 2.025480 0.361563 -0.408230
v 2.043377 0.546835 -0.404671
v 2.060586 0.541513 -0.401247
v 2.076447 0.532869 -0.398093
v 2.090348 0.521237 -0.395327
v 2.101757 0.507063 -0.393058
v 2.110235 0.490892 -0.391372
v 2.115455 0.473346 -0.390333
v 2.117218 0.455098 -0.389983
v 2.115455 0.436850 -0.390333
v 2.110235 0.419304 -0.391372
v 2.101757 0.403133 -0.393058
v 2.090348 0.388959 -0.395327
v 2.076447 0.377326 -0.398093
v 2.060586 0.368683 -0.401247
v 2.043377 0.363360 -0.404671
v 2.042339 0.546835 -0.401247
v 2.058549 0.541513 -0.394533
v 2.073489 0.532869 -0.388344
v 2.086584 0.521237 -0.382920
v 2.097331 0.507063 -0.378469
v 2.105317 0.490892 -0.375161
v 2.110235 0.473346 -0.373124
v 2.111895 0.455098 -0.372436
v 2.110235 0.436850 -0.373124
v 2.105317 0.419304 -0.375161
v 2.097331 0.403133 -0.378469
v 2.086584 0.388959 -0.382920
v 2.073489 0.377326 -0.388344
v 2.058549 0.368683 -0.394533
v 2.042338 0.363360 -0.401247
v 2.040652 0.546835 -0.398093
v 2.055242 0.541513 -0.388344
v 2.068688 0.532869 -0.379360
v 2.080473 0.521237 -0.371486
v 2.090144 0.507063 -0.365023
v 2.097331 0.490892 -0.360221
v 2.101757 0.473346 -0.357264
v 2.103251 0.455098 -0.356265
v 2.101757 0.436850 -0.357264
v 2.097331 0.419304 -0.360221
v 2.090144 0.403133 -0.365023
v 2.080473 0.388959 -0.371486
v 2.068688 0.377326 -0.379360
v 2.055242 0.368683 -0.388344
v 2.040652 0.363360 -0.398093
v 2.038383 0.546835 -0.395327
v 2.050790 0.541513 -0.382920
v 2.062225 0.532869 -0.371486
v 2.072247 0.521237 -0.361463
v 2.080473 0.507063 -0.353238
v 2.086584 0.490892 -0.347126
v 2.090348 0.473346 -0.343362
v 2.091619 0.455098 -0.342091
v 2.090348 0.436850 -0.343362
v 2.086584 0.419304 -0.347126
v 2.080473 0.403133 -0.353238
v 2.072247 0.388959 -0.361463
v 2.062225 0.377326 -0.371486
v 2.050790 0.368683 -0.382920
v 2.038383 0.363360 -0.395327
v 2.035618 0.546835 -0.393058
v 2.045366 0.541513 -0.378469
v 2.054350 0.532869 -0.365023
v 2.062225 0.521237 -0.353238
v 2.068688 0.507063 -0.343566
v 2.073489 0.490892 -0.336379
v 2.076447 0.473346 -0.331953
v 2.077445 0.455098 -0.330459
v 2.076447 0.436850 -0.331953
v 2.073489 0.419304 -0.336379
v 2.068688 0.403133 -0.343566
v 2.062225 0.388959 -0.353238
v 2.054350 0.377326 -0.365023
v 2.045366 0.368683 -0.378469
v 2.035618 0.363360 -0.393058
v 2.032463 0.546835 -0.391372
v 2.039178 0.541513 -0.375161
v 2.045366 0.532869 -0.360221
v 2.050790 0.521237 -0.347126
v 2.055242 0.507063 -0.336379
v 2.058549 0.490892 -0.328394
v 2.060586 0.473346 -0.323476
v 2.061274 0.455098 -0.321816
v 2.060586 0.436850 -0.323476
v 2.058549 0.419304 -0.328394
v 2.055242 0.403133 -0.336379
v 2.050790 0.388959 -0.347126
v 2.045366 0.377326 -0.360221
v 2.039178 0.368683 -0.375161
v 2.032463 0.363360 -0.391372
v 2.029040 0.546835 -0.390333
v 2.032463 0.541513 -0.373124
v 2.035618 0.532869 -0.357264
v 2.038383 0.521237 -0.343362
v 2.040652 0.507063 -0.331953
v 2.042338 0.490892 -0.323476
v 2.043377 0.473346 -0.318256
v 2.043728 0.455098 -0.316493
v 2.043377 0.436850 -0.318256
v 2.042338 0.419304 -0.323476
v 2.040652 0.403133 -0.331953
v 2.038383 0.388959 -0.343362
v 2.035618 0.377326 -0.357264
v 2.032463 0.368683 -0.373124
v 2.029040 0.363360 -0.390333
v 2.025480 0.546835 -0.389983
v 2.025480 0.541513 -0.372436
v 2.025480 0.532869 -0.356265
v 2.025480 0.521237 -0.342091
v 2.025480 0.507063 -0.330459
v 2.025480 0.490892 -0.321816
v 2.025480 0.473346 -0.316493
v 2.025480 0.455098 -0.314696
v 2.025480 0.436850 -0.316493
v 2.025480 0.419304 -0.321816
v 2.025480 0.403133 -0.330459
v 2.025480 0.388959 -0.342091
v 2.025480 0.377326 -0.356265
v 2.025480 0.368683 -0.372436
v 2.025480 0.363360 -0.389983
v 2.021920 0.546835 -0.390333
v 2.018497 0.541513 -0.373124
v 2.015342 0.532869 -0.357264
v 2.012577 0.521237 -0.343362
v 2.010308 0.507063 -0.331953
v 2.008621 0.490892 -0.323476
v 2.007583 0.473346 -0.318256
v 2.007232 0.455098 -0.316493
v 2.007583 0.436850 -0.318256
v 2.008621 0.419304 -0.323476
v 2.010308 0.403133 -0.331953
v 2.012577 0.388959 -0.343362
v 2.015342 0.377326 -0.357264
v 2.018497 0.368683 -0.373124
v 2.021920 0.363360 -0.390333
v 2.018497 0.546835 -0.391372
v 2.011782 0.541513 -0.375161
v 2.005594 0.532869 -0.360221
v 2.000170 0.521237 -0.347126
v 1.995718 0.507063 -0.336379
v 1.992411 0.490892 -0.328394
v 1.990374 0.473346 -0.323476
v 1.989686 0.455098 -0.321816
v 1.990374 0.436850 -0.323476
v 1.992411 0.419304 -0.328394
v 1.995718 0.403133 -0.336379
v 2.000170 0.388959 -0.347126
v 2.005594 0.377326 -0.360221
v 2.011782 0.368683 -0.375161
v 2.018497 0.363360 -0.391372
v 2.015342 0.546835 -0.393058
v 2.005594 0.541513 -0.378469
v 1.996610 0.532869 -0.365023
v 1.988735 0.521237 -0.353238
v 1.982273 0.507063 -0.343566
v 1.977470 0.490892 -0.336379
v 1.974513 0.473346 -0.331953
v 1.973515 0.455098 -0.330459
v 1.974513 0.436850 -0.331953
v 1.977470 0.419304 -0.336379
v 1.982273 0.403133 -0.343566
v 1.988735 0.388959 -0.353238
v 1.996610 0.377326 -0.365023
v 2.005594 0.368683 -0.378469
v 2.015342 0.363360 -0.393058
v 2.012577 0.546835 -0.395327
v 2.000170 0.541513 -0.382920
v 1.988735 0.532869 -0.371486
v 1.978713 0.521237 -0.361463
v 1.970487 0.507063 -0.353238
v 1.964375 0.490892 -0.347126
v 1.960612 0.473346 -0.343362
v 1.959341 0.455098 -0.342091
v 1.960612 0.436850 -0.343362
v 1.964375 0.419304 -0.347126
v 1.970487 0.403133 -0.353238
v 1.978713 0.388959 -0.361463
v 1.988735 0.377326 -0.371486
v 2.000170 0.368683 -0.382920
v 2.012577 0.363360 -0.395327
v 2.010308 0.546835 -0.398093
v 1.995718 0.541513 -0.388344
v 1.982273 0.532869 -0.379360
v 1.970487 0.521237 -0.371486
v 1.960815 0.507063 -0.365023
v 1.953629 0.490892 -0.360221
v 1.949203 0.473346 -0.357264
v 1.947708 0.455098 -0.356265
v 1.949203 0.436850 -0.357264
v 1.953629 0.419304 -0.360221
v 1.960815 0.403133 -0.365023
v 1.970487 0.388959 -0.371486
v 1.982273 0.377326 -0.379360
v 1.995718 0.368683 -0.388344
v 2.010308 0.363360 -0.398093
v 2.008621 0.546835 -0.401247
v 1.992411 0.541513 -0.394533
v 1.977470 0.532869 -0.388344
v 1.964375 0.521237 -0.382920
v 1.953629 0.507063 -0.378469
v 1.945643 0.490892 -0.375161
v 1.940726 0.473346 -0.373124
v 1.939065 0.455098 -0.372436
v 1.940726 0.436850 -0.373124
v 1.945643 0.419304 -0.375161
v 1.953629 0.403133 -0.378469
v 1.964375 0.388959 -0.382920
v 1.977470 0.377326 -0.388344
v 1.992411 0.368683 -0.394533
v 2.008621 0.363360 -0.401247
v 2.007583 0.546835 -0.404671
v 1.990374 0.541513 -0.401247
v 1.974513 0.532869 -0.398093
v 1.960612 0.521237 -0.395327
v 1.949203 0.507063 -0.393058
v 1.940726 0.490892 -0.391372
v 1.935505 0.473346 -0.390333
v 1.933742 0.455098 -0.389983
v 1.935505 0.436850 -0.390333
v 1.940726 0.419304 -0.391372
v 1.949203 0.403133 -0.393058
v 1.960612 0.388959 -0.395327
v 1.974513 0.377326 -0.398093
v 1.990374 0.368683 -0.401247
v 2.007583 0.363360 -0.404671
v 2.007232 0.546835 -0.408230
v 1.989686 0.541513 -0.408230
v 1.973515 0.532869 -0.408230
v 1.959341 0.521237 -0.408230
v 1.947709 0.507063 -0.408230
v 1.939065 0.490892 -0.408230
v 1.933743 0.473346 -0.408230
v 1.931945 0.455098 -0.408230
v 1.933743 0.436850 -0.408230
v 1.939065 0.419304 -0.408230
v 1.947708 0.403133 -0.408230
v 1.959341 0.388959 -0.408230
v 1.973515 0.377326 -0.408230
v 1.989686 0.368683 -0.408230
v 2.007232 0.363360 -0.408230
v 2.007583 0.546835 -0.411790
v 1.990374 0.541513 -0.415214
v 1.974513 0.532869 -0.418368
v 1.960612 0.521237 -0.421134
v 1.949203 0.507063 -0.423403
v 1.940726 0.490892 -0.425089
v 1.935505 0.473346 -0.426128
v 1.933743 0.455098 -0.426478
v 1.935505 0.436850 -0.426128
v 1.940726 0.419304 -0.425089
v 1.949203 0.403133 -0.423403
v 1.960612 0.388959 -0.421134
v 1.974513 0.377326 -0.418368
v 1.990374 0.368683 -0.415214
v 2.007583 0.363360 -0.411790
v 2.025480 0.548633 -0.408230
v 2.008621 0.546835 -0.415214
v 1.992411 0.541513 -0.421928
v 1.977470 0.532869 -0.428117
v 1.964375 0.521237 -0.433541
v 1.953629 0.507063 -0.437992
v 1.945643 0.490892 -0.441300
v 1.940726 0.473346 -0.443337
v 1.939065 0.455098 -0.444025
v 1.940726 0.436850 -0.443337
v 1.945643 0.419304 -0.441300
v 1.953629 0.403133 -0.437992
v 1.964375 0.388959 -0.433541
v 1.977470 0.377326 -0.428117
v 1.992411 0.368683 -0.421928
v 2.008621 0.363360 -0.415214
v 2.010308 0.546835 -0.418368
v 1.995718 0.541513 -0.428117
v 1.982273 0.532869 -0.437101
v 1.970487 0.521237 -0.444975
v 1.960816 0.507063 -0.451438
v 1.953629 0.490892 -0.456240
v 1.949203 0.473346 -0.459197
v 1.947708 0.455098 -0.460196
v 1.949203 0.436850 -0.459197
v 1.953629 0.419304 -0.456240
v 1.960815 0.403133 -0.451438
v 1.970487 0.388959 -0.444975
v 1.982273 0.377326 -0.437101
v 1.995718 0.368683 -0.428117
v 2.010308 0.363360 -0.418368
v 2.012577 0.546835 -0.421134
v 2.000170 0.541513 -0.433541
v 1.988735 0.532869 -0.444975
v 1.978713 0.521237 -0.454998
v 1.970487 0.507063 -0.463223
v 1.964375 0.490892 -0.469335
v 1.960612 0.473346 -0.473099
v 1.959341 0.455098 -0.474370
v 1.960612 0.436850 -0.473099
v 1.964375 0.419304 -0.469335
v 1.970487 0.403133 -0.463223
v 1.978713 0.388959 -0.454998
v 1.988735 0.377326 -0.444975
v 2.000170 0.368683 -0.433541
v 2.012577 0.363360 -0.421134
v 2.015342 0.546835 -0.423403
v 2.005594 0.541513 -0.437992
v 1.996610 0.532869 -0.451438
v 1.988735 0.521237 -0.463223
v 1.982273 0.507063 -0.472895
v 1.977470 0.490892 -0.480082
v 1.974513 0.473346 -0.484507
v 1.973515 0.455098 -0.486002
v 1.974513 0.436850 -0.484507
v 1.977470 0.419304 -0.480082
v 1.982273 0.403133 -0.472895
v 1.988735 0.388959 -0.463223
v 1.996610 0.377326 -0.451438
v 2.005594 0.368683 -0.437992
v 2.015342 0.363360 -0.423403
v 2.018497 0.546835 -0.425089
v 2.011782 0.541513 -0.441300
v 2.005594 0.532869 -0.456240
v 2.000170 0.521237 -0.469335
v 1.995718 0.507063 -0.480082
v 1.992411 0.490892 -0.488067
v 1.990374 0.473346 -0.492985
v 1.989686 0.455098 -0.494645
v 1.990374 0.436850 -0.492985
v 1.992411 0.419304 -0.488067
v 1.995718 0.403133 -0.480082
v 2.000170 0.388959 -0.469335
v 2.005594 0.377326 -0.456240
v 2.011782 0.368683 -0.441300
v 2.018497 0.363360 -0.425089
v 2.021920 0.546835 -0.426128
v 2.018497 0.541513 -0.443337
v 2.015342 0.532869 -0.459197
v 2.012577 0.521237 -0.473099
v 2.010308 0.507063 -0.484507
v 2.008621 0.490892 -0.492985
v 2.007583 0.473346 -0.498205
v 2.007232 0.455098 -0.499968
v 2.007583 0.436850 -0.498205
v 2.008621 0.419304 -0.492985
v 2.010308 0.403133 -0.484507
v 2.012577 0.388959 -0.473099
v 2.015342 0.377326 -0.459197
v 2.018497 0.368683 -0.443337
v 2.021920 0.363360 -0.426128
v 2.025480 0.546835 -0.426478
v 2.025480 0.541513 -0.444025
v 2.025480 0.532869 -0.460196
v 2.025480 0.521237 -0.474370
v 2.025480 0.507063 -0.486002
v 2.025480 0.490892 -0.494645
v 2.025480 0.473346 -0.499968
v 2.025480 0.455098 -0.501765
v 2.025480 0.436850 -0.499968
v 2.025480 0.419304 -0.494645
v 2.025480 0.403133 -0.486002
v 2.025480 0.388959 -0.474370
v 2.025480 0.377326 -0.460196
v 2.025480 0.368683 -0.444025
v 2.025480 0.363360 -0.426478
v 2.029040 0.546835 -0.426128
v 2.032463 0.541513 -0.443337
v 2.035618 0.532869 -0.459197
v 2.038383 0.521237 -0.473099
v 2.040652 0.507063 -0.484507
v 2.042338 0.490892 -0.492985
v 2.043377 0.473346 -0.498205
v 2.043728 0.455098 -0.499968
v 2.043377 0.436850 -0.498205
v 2.042338 0.419304 -0.492985
v 2.040652 0.403133 -0.484507
v 2.038383 0.388959 -0.473099
v 2.035618 0.377326 -0.459197
v 2.032463 0.368683 -0.443337
v 2.029040 0.363360 -0.426128
v 2.032463 0.546835 -0.425089
v 2.039178 0.541513 -0.441300
v 2.045366 0.532869 -0.456240
v 2.050790 0.521237 -0.469335
v 2.055242 0.507063 -0.480082
v 2.058549 0.490892 -0.488067
v 2.060586 0.473346 -0.492985
v 2.061274 0.455098 -0.494645
v 2.060586 0.436850 -0.492985
v 2.058549 0.419304 -0.488067
v 2.055242 0.403133 -0.480082
v 2.050790 0.388959 -0.469335
v 2.045366 0.377326 -0.456240
v 2.039178 0.368683 -0.441300
v 2.032463 0.363360 -0.425089
v 2.035618 0.546835 -0.423403
v 2.045366 0.541513 -0.437992
v 2.054350 0.532869 -0.451438
v 2.062225 0.521237 -0.463223
v 2.068688 0.507063 -0.472895
v 2.073489 0.490892 -0.480082
v 2.076447 0.473346 -0.484507
v 2.077445 0.455098 -0.486002
v 2.076447 0.436850 -0.484507
v 2.073489 0.419304 -0.480082
v 2.068688 0.403133 -0.472895
v 2.062225 0.388959 -0.463223
v 2.054350 0.377326 -0.451438
v 2.045366 0.368683 -0.437992
v 2.035618 0.363360 -0.423403
v 2.038383 0.546835 -0.421134
v 2.050790 0.541513 -0.433541
v 2.062225 0.532869 -0.444975
v 2.072247 0.521237 -0.454998
v 2.080473 0.507063 -0.463223
v 2.086584 0.490892 -0.469335
v 2.090348 0.473346 -0.473099
v 2.091619 0.455098 -0.474370
v 2.090348 0.436850 -0.473099
v 2.086584 0.419304 -0.469335
v 2.080473 0.403133 -0.463223
v 2.072247 0.388959 -0.454998
v 2.062225 0.377326 -0.444975
v 2.050790 0.368683 -0.433541
v 2.038383 0.363360 -0.421134
v 2.040652 0.546835 -0.418368
v 2.055242 0.541513 -0.428117
v 2.068688 0.532869 -0.437101
v 2.080473 0.521237 -0.444975
v 2.090144 0.507063 -0.451438
v 2.097331 0.490892 -0.456240
v 2.101757 0.473346 -0.459197
v 2.103251 0.455098 -0.460196
v 2.101757 0.436850 -0.459197
v 2.097331 0.419304 -0.456240
v 2.090144 0.403133 -0.451438
v 2.080473 0.388959 -0.444975
v 2.068688 0.377326 -0.437101
v 2.055242 0.368683 -0.428117
v 2.040652 0.363360 -0.418368
v 2.042338 0.546835 -0.415214
v 2.058549 0.541513 -0.421928
v 2.073489 0.532869 -0.428117
v 2.086584 0.521237 -0.433541
v 2.097331 0.507063 -0.437992
v 2.105317 0.490892 -0.441300
v 2.110234 0.473346 -0.443337
v 2.111895 0.455098 -0.444025
v 2.110234 0.436850 -0.443337
v 2.105317 0.419304 -0.441300
v 2.097331 0.403133 -0.437992
v 2.086584 0.388959 -0.433541
v 2.073489 0.377326 -0.428117
v 2.058549 0.368683 -0.421928
v 2.042338 0.363360 -0.415214
v 2.043377 0.546835 -0.411790
v 2.060586 0.541513 -0.415214
v 2.076447 0.532869 -0.418368
v 2.090348 0.521237 -0.421134
v 2.101757 0.507063 -0.423403
v 2.110234 0.490892 -0.425089
v 2.115455 0.473346 -0.426128
v 2.117218 0.455098 -0.426478
v 2.115455 0.436850 -0.426128
v 2.110234 0.419304 -0.425089
v 2.101757 0.403133 -0.423403
v 2.090348 0.388959 -0.421134
v 2.076447 0.377326 -0.418368
v 2.060586 0.368683 -0.415214
v 2.043377 0.363360 -0.411790
v 2.043728 0.546835 -0.408230
v 2.061274 0.541513 -0.408230
v 2.077445 0.532869 -0.408230
v 2.091619 0.521237 -0.408230
v 2.103251 0.507063 -0.408230
v 2.111895 0.490892 -0.408230
v 2.117218 0.473346 -0.408230
v 2.119015 0.455098 -0.408230
v 2.117218 0.436850 -0.408230
v 2.111895 0.419304 -0.408230
v 2.103251 0.403133 -0.408230
v 2.091619 0.388959 -0.408230
v 2.077445 0.377326 -0.408230
v 2.061274 0.368683 -0.408230
v 2.043728 0.363360 -0.408230
v 1.662009 0.361563 -0.408231
v 1.679906 0.546835 -0.404671
v 1.697115 0.541513 -0.401247
v 1.712976 0.532869 -0.398093
v 1.726877 0.521237 -0.395327
v 1.738286 0.507063 -0.393058
v 1.746763 0.490892 -0.391372
v 1.751984 0.473346 -0.390333
v 1.753746 0.455098 -0.389983
v 1.751984 0.436850 -0.390333
v 1.746763 0.419304 -0.391372
v 1.738286 0.403133 -0.393058
v 1.726877 0.388959 -0.395327
v 1.712976 0.377326 -0.398093
v 1.697115 0.368683 -0.401247
v 1.679906 0.363360 -0.404671
v 1.678868 0.546835 -0.401247
v 1.695078 0.541513 -0.394533
v 1.710019 0.532869 -0.388344
v 1.723113 0.521237 -0.382920
v 1.733860 0.507063 -0.378469
v 1.741846 0.490892 -0.375161
v 1.746763 0.473346 -0.373124
v 1.748424 0.455098 -0.372436
v 1.746763 0.436850 -0.373124
v 1.741846 0.419304 -0.375161
v 1.733860 0.403133 -0.378469
v 1.723113 0.388959 -0.382920
v 1.710019 0.377326 -0.388344
v 1.695078 0.368683 -0.394533
v 1.678868 0.363360 -0.401247
v 1.677181 0.546835 -0.398093
v 1.691771 0.541513 -0.388344
v 1.705216 0.532869 -0.379360
v 1.717002 0.521237 -0.371486
v 1.726673 0.507063 -0.365023
v 1.733860 0.490892 -0.360221
v 1.738286 0.473346 -0.357264
v 1.739780 0.455098 -0.356265
v 1.738286 0.436850 -0.357264
v 1.733860 0.419304 -0.360221
v 1.726673 0.403133 -0.365023
v 1.717001 0.388959 -0.371486
v 1.705216 0.377326 -0.379360
v 1.691771 0.368683 -0.388344
v 1.677181 0.363360 -0.398093
v 1.674912 0.546835 -0.395327
v 1.687319 0.541513 -0.382920
v 1.698754 0.532869 -0.371486
v 1.708776 0.521237 -0.361463
v 1.717002 0.507063 -0.353238
v 1.723113 0.490892 -0.347126
v 1.726877 0.473346 -0.343362
v 1.728148 0.455098 -0.342091
v 1.726877 0.436850 -0.343362
v 1.723113 0.419304 -0.347126
v 1.717001 0.403133 -0.353238
v 1.708776 0.388959 -0.361463
v 1.698754 0.377326 -0.371486
v 1.687319 0.368683 -0.382920
v 1.674912 0.363360 -0.395327
v 1.672147 0.546835 -0.393058
v 1.681895 0.541513 -0.378469
v 1.690879 0.532869 -0.365023
v 1.698754 0.521237 -0.353238
v 1.705216 0.507063 -0.343566
v 1.710019 0.490892 -0.336379
v 1.712976 0.473346 -0.331953
v 1.713974 0.455098 -0.330459
v 1.712976 0.436850 -0.331953
v 1.710019 0.419304 -0.336379
v 1.705216 0.403133 -0.343566
v 1.698754 0.388959 -0.353238
v 1.690879 0.377326 -0.365023
v 1.681895 0.368683 -0.378469
v 1.672147 0.363360 -0.393058
v 1.668992 0.546835 -0.391372
v 1.675707 0.541513 -0.375161
v 1.681895 0.532869 -0.360221
v 1.687319 0.521237 -0.347126
v 1.691771 0.507063 -0.336379
v 1.695078 0.490892 -0.328394
v 1.697115 0.473346 -0.323476
v 1.697803 0.455098 -0.321816
v 1.697115 0.436850 -0.323476
v 1.695078 0.419304 -0.328394
v 1.691771 0.403133 -0.336379
v 1.687319 0.388959 -0.347126
v 1.681895 0.377326 -0.360221
v 1.675707 0.368683 -0.375161
v 1.668992 0.363360 -0.391372
v 1.665569 0.546835 -0.390333
v 1.668992 0.541513 -0.373124
v 1.672147 0.532869 -0.357264
v 1.674912 0.521237 -0.343362
v 1.677181 0.507063 -0.331953
v 1.678868 0.490892 -0.323476
v 1.679906 0.473346 -0.318256
v 1.680257 0.455098 -0.316493
v 1.679906 0.436850 -0.318256
v 1.678868 0.419304 -0.323476
v 1.677181 0.403133 -0.331953
v 1.674912 0.388959 -0.343362
v 1.672147 0.377326 -0.357264
v 1.668992 0.368683 -0.373124
v 1.665569 0.363360 -0.390333
v 1.662009 0.546835 -0.389983
v 1.662009 0.541513 -0.372436
v 1.662009 0.532869 -0.356265
v 1.662009 0.521237 -0.342091
v 1.662009 0.507063 -0.330459
v 1.662009 0.490892 -0.321816
v 1.662009 0.473346 -0.316493
v 1.662009 0.455098 -0.314696
v 1.662009 0.436850 -0.316493
v 1.662009 0.419304 -0.321816
v 1.662009 0.403133 -0.330459
v 1.662009 0.388959 -0.342091
v 1.662009 0.377326 -0.356265
v 1.662009 0.368683 -0.372436
v 1.662009 0.363360 -0.389983
v 1.658449 0.546835 -0.390333
v 1.655026 0.541513 -0.373124
v 1.651871 0.532869 -0.357264
v 1.649106 0.521237 -0.343362
v 1.646837 0.507063 -0.331954
v 1.645150 0.490892 -0.323476
v 1.644112 0.473346 -0.318256
v 1.643761 0.455098 -0.316493
v 1.644112 0.436850 -0.318256
v 1.645150 0.419304 -0.323476
v 1.646837 0.403133 -0.331954
v 1.649106 0.388959 -0.343362
v 1.651871 0.377326 -0.357264
v 1.655026 0.368683 -0.373124
v 1.658449 0.363360 -0.390333
v 1.655026 0.546835 -0.391372
v 1.648311 0.541513 -0.375161
v 1.642123 0.532869 -0.360221
v 1.636698 0.521237 -0.347126
v 1.632247 0.507063 -0.336379
v 1.628939 0.490892 -0.328394
v 1.626902 0.473346 -0.323476
v 1.626215 0.455098 -0.321816
v 1.626902 0.436850 -0.323476
v 1.628939 0.419304 -0.328394
v 1.632247 0.403133 -0.336379
v 1.636698 0.388959 -0.347126
v 1.642123 0.377326 -0.360221
v 1.648311 0.368683 -0.375161
v 1.655026 0.363360 -0.391372
v 1.651871 0.546835 -0.393058
v 1.642123 0.541513 -0.378469
v 1.633139 0.532869 -0.365023
v 1.625264 0.521237 -0.353238
v 1.618801 0.507063 -0.343566
v 1.613999 0.490892 -0.336379
v 1.611042 0.473346 -0.331954
v 1.610044 0.455098 -0.330459
v 1.611042 0.436850 -0.331954
v 1.613999 0.419304 -0.336379
v 1.618801 0.403133 -0.343566
v 1.625264 0.388959 -0.353238
v 1.633139 0.377326 -0.365023
v 1.642123 0.368683 -0.378469
v 1.651871 0.363360 -0.393058
v 1.649106 0.546835 -0.395327
v 1.636698 0.541513 -0.382920
v 1.625264 0.532869 -0.371486
v 1.615241 0.521237 -0.361463
v 1.607016 0.507063 -0.353238
v 1.600904 0.490892 -0.347126
v 1.597141 0.473346 -0.343362
v 1.595870 0.455098 -0.342091
v 1.597141 0.436850 -0.343362
v 1.600904 0.419304 -0.347126
v 1.607016 0.403133 -0.353238
v 1.615241 0.388959 -0.361463
v 1.625264 0.377326 -0.371486
v 1.636698 0.368683 -0.382920
v 1.649106 0.363360 -0.395327
v 1.646837 0.546835 -0.398093
v 1.632247 0.541513 -0.388344
v 1.618801 0.532869 -0.379360
v 1.607016 0.521237 -0.371486
v 1.597344 0.507063 -0.365023
v 1.590158 0.490892 -0.360221
v 1.585732 0.473346 -0.357264
v 1.584237 0.455098 -0.356265
v 1.585732 0.436850 -0.357264
v 1.590158 0.419304 -0.360221
v 1.597344 0.403133 -0.365023
v 1.607016 0.388959 -0.371486
v 1.618801 0.377326 -0.379360
v 1.632247 0.368683 -0.388344
v 1.646837 0.363360 -0.398093
v 1.645150 0.546835 -0.401247
v 1.628939 0.541513 -0.394533
v 1.613999 0.532869 -0.388344
v 1.600904 0.521237 -0.382920
v 1.590158 0.507063 -0.378469
v 1.582172 0.490892 -0.375161
v 1.577255 0.473346 -0.373124
v 1.575594 0.455098 -0.372436
v 1.577255 0.436850 -0.373124
v 1.582172 0.419304 -0.375161
v 1.590158 0.403133 -0.378469
v 1.600904 0.388959 -0.382920
v 1.613999 0.377326 -0.388344
v 1.628939 0.368683 -0.394533
v 1.645150 0.363360 -0.401247
v 1.644112 0.546835 -0.404671
v 1.626902 0.541513 -0.401247
v 1.611042 0.532869 -0.398093
v 1.597141 0.521237 -0.395327
v 1.585732 0.507063 -0.393058
v 1.577254 0.490892 -0.391372
v 1.572034 0.473346 -0.390333
v 1.570271 0.455098 -0.389983
v 1.572034 0.436850 -0.390333
v 1.577254 0.419304 -0.391372
v 1.585732 0.403133 -0.393058
v 1.597141 0.388959 -0.395327
v 1.611042 0.377326 -0.398093
v 1.626902 0.368683 -0.401247
v 1.644112 0.363360 -0.404671
v 1.643761 0.546835 -0.408231
v 1.626215 0.541513 -0.408231
v 1.610044 0.532869 -0.408231
v 1.595870 0.521237 -0.408231
v 1.584238 0.507063 -0.408231
v 1.575594 0.490892 -0.408231
v 1.570271 0.473346 -0.408231
v 1.568474 0.455098 -0.408231
v 1.570271 0.436850 -0.408231
v 1.575594 0.419304 -0.408231
v 1.584237 0.403133 -0.408231
v 1.595870 0.388959 -0.408231
v 1.610044 0.377326 -0.408231
v 1.626215 0.368683 -0.408231
v 1.643761 0.363360 -0.408231
v 1.644112 0.546835 -0.411790
v 1.626902 0.541513 -0.415214
v 1.611042 0.532869 -0.418368
v 1.597141 0.521237 -0.421134
v 1.585732 0.507063 -0.423403
v 1.577254 0.490892 -0.425089
v 1.572034 0.473346 -0.426128
v 1.570271 0.455098 -0.426478
v 1.572034 0.436850 -0.426128
v 1.577254 0.419304 -0.425089
v 1.585732 0.403133 -0.423403
v 1.597141 0.388959 -0.421134
v 1.611042 0.377326 -0.418368
v 1.626902 0.368683 -0.415214
v 1.644112 0.363360 -0.411790
v 1.662009 0.548633 -0.408231
v 1.645150 0.546835 -0.415214
v 1.628939 0.541513 -0.421928
v 1.613999 0.532869 -0.428117
v 1.600904 0.521237 -0.433541
v 1.590158 0.507063 -0.437992
v 1.582172 0.490892 -0.441300
v 1.577255 0.473346 -0.443337
v 1.575594 0.455098 -0.444025
v 1.577255 0.436850 -0.443337
v 1.582172 0.419304 -0.441300
v 1.590158 0.403133 -0.437992
v 1.600904 0.388959 -0.433541
v 1.613999 0.377326 -0.428117
v 1.628939 0.368683 -0.421928
v 1.645150 0.363360 -0.415214
v 1.646837 0.546835 -0.418368
v 1.632247 0.541513 -0.428117
v 1.618801 0.532869 -0.437101
v 1.607016 0.521237 -0.444975
v 1.597344 0.507063 -0.451438
v 1.590158 0.490892 -0.456240
v 1.585732 0.473346 -0.459197
v 1.584237 0.455098 -0.460196
v 1.585732 0.436850 -0.459197
v 1.590158 0.419304 -0.456240
v 1.597344 0.403133 -0.451438
v 1.607016 0.388959 -0.444975
v 1.618801 0.377326 -0.437101
v 1.632247 0.368683 -0.428117
v 1.646837 0.363360 -0.418368
v 1.649106 0.546835 -0.421134
v 1.636698 0.541513 -0.433541
v 1.625264 0.532869 -0.444975
v 1.615241 0.521237 -0.454998
v 1.607016 0.507063 -0.463223
v 1.600904 0.490892 -0.469335
v 1.597141 0.473346 -0.473099
v 1.595870 0.455098 -0.474370
v 1.597141 0.436850 -0.473099
v 1.600904 0.419304 -0.469335
v 1.607016 0.403133 -0.463223
v 1.615241 0.388959 -0.454998
v 1.625264 0.377326 -0.444975
v 1.636698 0.368683 -0.433541
v 1.649106 0.363360 -0.421134
v 1.651871 0.546835 -0.423403
v 1.642123 0.541513 -0.437992
v 1.633139 0.532869 -0.451438
v 1.625264 0.521237 -0.463223
v 1.618801 0.507063 -0.472895
v 1.613999 0.490892 -0.480082
v 1.611042 0.473346 -0.484508
v 1.610044 0.455098 -0.486002
v 1.611042 0.436850 -0.484508
v 1.613999 0.419304 -0.480082
v 1.618801 0.403133 -0.472895
v 1.625264 0.388959 -0.463223
v 1.633139 0.377326 -0.451438
v 1.642123 0.368683 -0.437992
v 1.651871 0.363360 -0.423403
v 1.655026 0.546835 -0.425089
v 1.648311 0.541513 -0.441300
v 1.642123 0.532869 -0.456240
v 1.636698 0.521237 -0.469335
v 1.632247 0.507063 -0.480082
v 1.628939 0.490892 -0.488067
v 1.626902 0.473346 -0.492985
v 1.626215 0.455098 -0.494645
v 1.626902 0.436850 -0.492985
v 1.628939 0.419304 -0.488067
v 1.632247 0.403133 -0.480082
v 1.636698 0.388959 -0.469335
v 1.642123 0.377326 -0.456240
v 1.648311 0.368683 -0.441300
v 1.655026 0.363360 -0.425089
v 1.658449 0.546835 -0.426128
v 1.655026 0.541513 -0.443337
v 1.651871 0.532869 -0.459197
v 1.649106 0.521237 -0.473099
v 1.646837 0.507063 -0.484507
v 1.645150 0.490892 -0.492985
v 1.644112 0.473346 -0.498205
v 1.643761 0.455098 -0.499968
v 1.644112 0.436850 -0.498205
v 1.645150 0.419304 -0.492985
v 1.646837 0.403133 -0.484507
v 1.649106 0.388959 -0.473099
v 1.651871 0.377326 -0.459197
v 1.655026 0.368683 -0.443337
v 1.658449 0.363360 -0.426128
v 1.662009 0.546835 -0.426478
v 1.662009 0.541513 -0.444025
v 1.662009 0.532869 -0.460196
v 1.662009 0.521237 -0.474370
v 1.662009 0.507063 -0.486002
v 1.662009 0.490892 -0.494645
v 1.662009 0.473346 -0.499968
v 1.662009 0.455098 -0.501765
v 1.662009 0.436850 -0.499968
v 1.662009 0.419304 -0.494645
v 1.662009 0.403133 -0.486002
v 1.662009 0.388959 -0.474370
v 1.662009 0.377326 -0.460196
v 1.662009 0.368683 -0.444025
v 1.662009 0.363360 -0.426478
v 1.665569 0.546835 -0.426128
v 1.668992 0.541513 -0.443337
v 1.672147 0.532869 -0.459197
v 1.674912 0.521237 -0.473099
v 1.677181 0.507063 -0.484507
v 1.678868 0.490892 -0.492985
v 1.679906 0.473346 -0.498205
v 1.680257 0.455098 -0.499968
v 1.679906 0.436850 -0.498205
v 1.678868 0.419304 -0.492985
v 1.677181 0.403133 -0.484507
v 1.674912 0.388959 -0.473099
v 1.672147 0.377326 -0.459197
v 1.668992 0.368683 -0.443337
v 1.665569 0.363360 -0.426128
v 1.668992 0.546835 -0.425089
v 1.675707 0.541513 -0.441300
v 1.681895 0.532869 -0.456240
v 1.687319 0.521237 -0.469335
v 1.691771 0.507063 -0.480082
v 1.695078 0.490892 -0.488067
v 1.697115 0.473346 -0.492985
v 1.697803 0.455098 -0.494645
v 1.697115 0.436850 -0.492985
v 1.695078 0.419304 -0.488067
v 1.691771 0.403133 -0.480082
v 1.687319 0.388959 -0.469335
v 1.681895 0.377326 -0.456240
v 1.675707 0.368683 -0.441300
v 1.668992 0.363360 -0.425089
v 1.672147 0.546835 -0.423403
v 1.681895 0.541513 -0.437992
v 1.690879 0.532869 -0.451438
v 1.698754 0.521237 -0.463223
v 1.705216 0.507063 -0.472895
v 1.710018 0.490892 -0.480082
v 1.712976 0.473346 -0.484507
v 1.713974 0.455098 -0.486002
v 1.712976 0.436850 -0.484507
v 1.710018 0.419304 -0.480082
v 1.705216 0.403133 -0.472895
v 1.698754 0.388959 -0.463223
v 1.690879 0.377326 -0.451438
v 1.681895 0.368683 -0.437992
v 1.672147 0.363360 -0.423403
v 1.674912 0.546835 -0.421134
v 1.687319 0.541513 -0.433541
v 1.698754 0.532869 -0.444975
v 1.708776 0.521237 -0.454998
v 1.717001 0.507063 -0.463223
v 1.723113 0.490892 -0.469335
v 1.726877 0.473346 -0.473099
v 1.728148 0.455098 -0.474370
v 1.726877 0.436850 -0.473099
v 1.723113 0.419304 -0.469335
v 1.717001 0.403133 -0.463223
v 1.708776 0.388959 -0.454998
v 1.698754 0.377326 -0.444975
v 1.687319 0.368683 -0.433541
v 1.674912 0.363360 -0.421134
v 1.677181 0.546835 -0.418368
v 1.691771 0.541513 -0.428117
v 1.705216 0.532869 -0.437101
v 1.717001 0.521237 -0.444975
v 1.726673 0.507063 -0.451438
v 1.733860 0.490892 -0.456240
v 1.738286 0.473346 -0.459197
v 1.739780 0.455098 -0.460196
v 1.738286 0.436850 -0.459197
v 1.733860 0.419304 -0.456240
v 1.726673 0.403133 -0.451438
v 1.717001 0.388959 -0.444975
v 1.705216 0.377326 -0.437101
v 1.691771 0.368683 -0.428117
v 1.677181 0.363360 -0.418368
v 1.678868 0.546835 -0.415214
v 1.695078 0.541513 -0.421928
v 1.710018 0.532869 -0.428117
v 1.723113 0.521237 -0.433541
v 1.733860 0.507063 -0.437992
v 1.741846 0.490892 -0.441300
v 1.746763 0.473346 -0.443337
v 1.748424 0.455098 -0.444025
v 1.746763 0.436850 -0.443337
v 1.741846 0.419304 -0.441300
v 1.733860 0.403133 -0.437992
v 1.723113 0.388959 -0.433541
v 1.710018 0.377326 -0.428117
v 1.695078 0.368683 -0.421928
v 1.678868 0.363360 -0.415214
v 1.679906 0.546835 -0.411790
v 1.697115 0.541513 -0.415214
v 1.712976 0.532869 -0.418368
v 1.726877 0.521237 -0.421134
v 1.738286 0.507063 -0.423403
v 1.746763 0.490892 -0.425089
v 1.751984 0.473346 -0.426128
v 1.753746 0.455098 -0.426478
v 1.751984 0.436850 -0.426128
v 1.746763 0.419304 -0.425089
v 1.738286 0.403133 -0.423403
v 1.726877 0.388959 -0.421134
v 1.712976 0.377326 -0.418368
v 1.697115 0.368683 -0.415214
v 1.679906 0.363360 -0.411790
v 1.680257 0.546835 -0.408231
v 1.697803 0.541513 -0.408231
v 1.713974 0.532869 -0.408230
v 1.728148 0.521237 -0.408230
v 1.739780 0.507063 -0.408230
v 1.748424 0.490892 -0.408230
v 1.753746 0.473346 -0.408230
v 1.755544 0.455098 -0.408230
v 1.753746 0.436850 -0.408230
v 1.748424 0.419304 -0.408230
v 1.739780 0.403133 -0.408230
v 1.728148 0.388959 -0.408230
v 1.713974 0.377326 -0.408230
v 1.697803 0.368683 -0.408231
v 1.680257 0.363360 -0.408231
v 1.295345 0.361563 -0.408231
v 1.313242 0.546835 -0.404671
v 1.330451 0.541513 -0.401247
v 1.346312 0.532869 -0.398093
v 1.360213 0.521237 -0.395327
v 1.371622 0.507063 -0.393058
v 1.380099 0.490892 -0.391372
v 1.385320 0.473346 -0.390333
v 1.387083 0.455098 -0.389983
v 1.385320 0.436850 -0.390333
v 1.380099 0.419304 -0.391372
v 1.371622 0.403133 -0.393058
v 1.360213 0.388959 -0.395327
v 1.346312 0.377326 -0.398093
v 1.330451 0.368683 -0.401247
v 1.313242 0.363360 -0.404671
v 1.312204 0.546835 -0.401247
v 1.328415 0.541513 -0.394533
v 1.343355 0.532869 -0.388344
v 1.356449 0.521237 -0.382920
v 1.367196 0.507063 -0.378469
v 1.375182 0.490892 -0.375161
v 1.380099 0.473346 -0.373124
v 1.381760 0.455098 -0.372436
v 1.380099 0.436850 -0.373124
v 1.375182 0.419304 -0.375161
v 1.367196 0.403133 -0.378469
v 1.356449 0.388959 -0.382920
v 1.343355 0.377326 -0.388344
v 1.328415 0.368683 -0.394533
v 1.312204 0.363360 -0.401247
v 1.310517 0.546835 -0.398093
v 1.325107 0.541513 -0.388344
v 1.338552 0.532869 -0.379360
v 1.350338 0.521237 -0.371486
v 1.360010 0.507063 -0.365023
v 1.367196 0.490892 -0.360221
v 1.371622 0.473346 -0.357264
v 1.373116 0.455098 -0.356265
v 1.371622 0.436850 -0.357264
v 1.367196 0.419304 -0.360221
v 1.360009 0.403133 -0.365023
v 1.350338 0.388959 -0.371486
v 1.338552 0.377326 -0.379360
v 1.325107 0.368683 -0.388344
v 1.310517 0.363360 -0.398093
v 1.308248 0.546835 -0.395327
v 1.320655 0.541513 -0.382920
v 1.332090 0.532869 -0.371486
v 1.342112 0.521237 -0.361463
v 1.350338 0.507063 -0.353238
v 1.356449 0.490892 -0.347126
v 1.360213 0.473346 -0.343362
v 1.361484 0.455098 -0.342091
v 1.360213 0.436850 -0.343362
v 1.356449 0.419304 -0.347126
v 1.350338 0.403133 -0.353238
v 1.342112 0.388959 -0.361463
v 1.332090 0.377326 -0.371486
v 1.320655 0.368683 -0.382920
v 1.308248 0.363360 -0.395327
v 1.305483 0.546835 -0.393058
v 1.315231 0.541513 -0.378469
v 1.324215 0.532869 -0.365023
v 1.332090 0.521237 -0.353238
v 1.338552 0.507063 -0.343566
v 1.343355 0.490892 -0.336379
v 1.346312 0.473346 -0.331954
v 1.347310 0.455098 -0.330459
v 1.346312 0.436850 -0.331954
v 1.343355 0.419304 -0.336379
v 1.338552 0.403133 -0.343566
v 1.332090 0.388959 -0.353238
v 1.324215 0.377326 -0.365023
v 1.315231 0.368683 -0.378469
v 1.305483 0.363360 -0.393058
v 1.302328 0.546835 -0.391372
v 1.309043 0.541513 -0.375161
v 1.315231 0.532869 -0.360221
v 1.320655 0.521237 -0.347126
v 1.325107 0.507063 -0.336379
v 1.328415 0.490892 -0.328394
v 1.330451 0.473346 -0.323476
v 1.331139 0.455098 -0.321816
v 1.330451 0.436850 -0.323476
v 1.328415 0.419304 -0.328394
v 1.325107 0.403133 -0.336379
v 1.320655 0.388959 -0.347126
v 1.315231 0.377326 -0.360221
v 1.309043 0.368683 -0.375161
v 1.302328 0.363360 -0.391372
v 1.298905 0.546835 -0.390333
v 1.302328 0.541513 -0.373124
v 1.305483 0.532869 -0.357264
v 1.308248 0.521237 -0.343362
v 1.310517 0.507063 -0.331953
v 1.312204 0.490892 -0.323476
v 1.313242 0.473346 -0.318256
v 1.313593 0.455098 -0.316493
v 1.313242 0.436850 -0.318256
v 1.312204 0.419304 -0.323476
v 1.310517 0.403133 -0.331953
v 1.308248 0.388959 -0.343362
v 1.305483 0.377326 -0.357264
v 1.302328 0.368683 -0.373124
v 1.298905 0.363360 -0.390333
v 1.295345 0.546835 -0.389983
v 1.295345 0.541513 -0.372436
v 1.295345 0.532869 -0.356265
v 1.295345 0.521237 -0.342091
v 1.295345 0.507063 -0.330459
v 1.295345 0.490892 -0.321816
v 1.295345 0.473346 -0.316493
v 1.295345 0.455098 -0.314696
v 1.295345 0.436850 -0.316493
v 1.295345 0.419304 -0.321816
v 1.295345 0.403133 -0.330459
v 1.295345 0.388959 -0.342091
v 1.295345 0.377326 -0.356265
v 1.295345 0.368683 -0.372436
v 1.295345 0.363360 -0.389983
v 1.291785 0.546835 -0.390333
v 1.288362 0.541513 -0.373124
v 1.285207 0.532869 -0.357264
v 1.282442 0.521237 -0.343362
v 1.280173 0.507063 -0.331954
v 1.278486 0.490892 -0.323476
v 1.277448 0.473346 -0.318256
v 1.277097 0.455098 -0.316493
v 1.277448 0.436850 -0.318256
v 1.278486 0.419304 -0.323476
v 1.280173 0.403133 -0.331954
v 1.282442 0.388959 -0.343362
v 1.285207 0.377326 -0.357264
v 1.288362 0.368683 -0.373124
v 1.291785 0.363360 -0.390333
v 1.288362 0.546835 -0.391372
v 1.281647 0.541513 -0.375161
v 1.275459 0.532869 -0.360221
v 1.270035 0.521237 -0.347126
v 1.265583 0.507063 -0.336379
v 1.262275 0.490892 -0.328394
v 1.260239 0.473346 -0.323476
v 1.259551 0.455098 -0.321816
v 1.260239 0.436850 -0.323476
v 1.262275 0.419304 -0.328394
v 1.265583 0.403133 -0.336379
v 1.270035 0.388959 -0.347126
v 1.275459 0.377326 -0.360221
v 1.281647 0.368683 -0.375161
v 1.288362 0.363360 -0.391372
v 1.285207 0.546835 -0.393058
v 1.275459 0.541513 -0.378469
v 1.266475 0.532869 -0.365023
v 1.258600 0.521237 -0.353238
v 1.252138 0.507063 -0.343566
v 1.247335 0.490892 -0.336379
v 1.244378 0.473346 -0.331954
v 1.243380 0.455098 -0.330459
v 1.244378 0.436850 -0.331954
v 1.247335 0.419304 -0.336379
v 1.252138 0.403133 -0.343566
v 1.258600 0.388959 -0.353238
v 1.266475 0.377326 -0.365023
v 1.275459 0.368683 -0.378469
v 1.285207 0.363360 -0.393058
v 1.282442 0.546835 -0.395327
v 1.270035 0.541513 -0.382920
v 1.258600 0.532869 -0.371486
v 1.248578 0.521237 -0.361463
v 1.240352 0.507063 -0.353238
v 1.234240 0.490892 -0.347126
v 1.230477 0.473346 -0.343362
v 1.229206 0.455098 -0.342091
v 1.230477 0.436850 -0.343362
v 1.234240 0.419304 -0.347126
v 1.240352 0.403133 -0.353238
v 1.248578 0.388959 -0.361463
v 1.258600 0.377326 -0.371486
v 1.270035 0.368683 -0.382920
v 1.282442 0.363360 -0.395327
v 1.280173 0.546835 -0.398093
v 1.265583 0.541513 -0.388344
v 1.252138 0.532869 -0.379360
v 1.240352 0.521237 -0.371486
v 1.230680 0.507063 -0.365023
v 1.223494 0.490892 -0.360221
v 1.219068 0.473346 -0.357264
v 1.217574 0.455098 -0.356265
v 1.219068 0.436850 -0.357264
v 1.223494 0.419304 -0.360221
v 1.230680 0.403133 -0.365023
v 1.240352 0.388959 -0.371486
v 1.252138 0.377326 -0.379360
v 1.265583 0.368683 -0.388344
v 1.280173 0.363360 -0.398093
v 1.278486 0.546835 -0.401247
v 1.262275 0.541513 -0.394533
v 1.247335 0.532869 -0.388344
v 1.234240 0.521237 -0.382920
v 1.223494 0.507063 -0.378469
v 1.215508 0.490892 -0.375161
v 1.210591 0.473346 -0.373124
v 1.208930 0.455098 -0.372436
v 1.210591 0.436850 -0.373124
v 1.215508 0.419304 -0.375161
v 1.223494 0.403133 -0.378469
v 1.234240 0.388959 -0.382920
v 1.247335 0.377326 -0.388344
v 1.262275 0.368683 -0.394533
v 1.278486 0.363360 -0.401247
v 1.277448 0.546835 -0.404671
v 1.260239 0.541513 -0.401247
v 1.244378 0.532869 -0.398093
v 1.230477 0.521237 -0.395327
v 1.219068 0.507063 -0.393058
v 1.210590 0.490892 -0.391372
v 1.205370 0.473346 -0.390333
v 1.203607 0.455098 -0.389983
v 1.205370 0.436850 -0.390333
v 1.210590 0.419304 -0.391372
v 1.219068 0.403133 -0.393058
v 1.230477 0.388959 -0.395327
v 1.244378 0.377326 -0.398093
v 1.260239 0.368683 -0.401247
v 1.277448 0.363360 -0.404671
v 1.277097 0.546835 -0.408231
v 1.259551 0.541513 -0.408231
v 1.243380 0.532869 -0.408231
v 1.229206 0.521237 -0.408231
v 1.217574 0.507063 -0.408231
v 1.208930 0.490892 -0.408231
v 1.203607 0.473346 -0.408231
v 1.201810 0.455098 -0.408231
v 1.203607 0.436850 -0.408231
v 1.208930 0.419304 -0.408231
v 1.217574 0.403133 -0.408231
v 1.229206 0.388959 -0.408231
v 1.243380 0.377326 -0.408231
v 1.259551 0.368683 -0.408231
v 1.277097 0.363360 -0.408231
v 1.277448 0.546835 -0.411790
v 1.260239 0.541513 -0.415214
v 1.244378 0.532869 -0.418368
v 1.230477 0.521237 -0.421134
v 1.219068 0.507063 -0.423403
v 1.210590 0.490892 -0.425089
v 1.205370 0.473346 -0.426128
v 1.203607 0.455098 -0.426478
v 1.205370 0.436850 -0.426128
v 1.210590 0.419304 -0.425089
v 1.219068 0.403133 -0.423403
v 1.230477 0.388959 -0.421134
v 1.244378 0.377326 -0.418368
v 1.260239 0.368683 -0.415214
v 1.277448 0.363360 -0.411790
v 1.295345 0.548633 -0.408231
v 1.278486 0.546835 -0.415214
v 1.262275 0.541513 -0.421928
v 1.247335 0.532869 -0.428117
v 1.234240 0.521237 -0.433541
v 1.223494 0.507063 -0.437992
v 1.215508 0.490892 -0.441300
v 1.210591 0.473346 -0.443337
v 1.208930 0.455098 -0.444025
v 1.210591 0.436850 -0.443337
v 1.215508 0.419304 -0.441300
v 1.223494 0.403133 -0.437992
v 1.234240 0.388959 -0.433541
v 1.247335 0.377326 -0.428117
v 1.262275 0.368683 -0.421928
v 1.278486 0.363360 -0.415214
v 1.280173 0.546835 -0.418368
v 1.265583 0.541513 -0.428117
v 1.252138 0.532869 -0.437101
v 1.240352 0.521237 -0.444975
v 1.230681 0.507063 -0.451438
v 1.223494 0.490892 -0.456240
v 1.219068 0.473346 -0.459197
v 1.217574 0.455098 -0.460196
v 1.219068 0.436850 -0.459197
v 1.223494 0.419304 -0.456240
v 1.230680 0.403133 -0.451438
v 1.240352 0.388959 -0.444975
v 1.252138 0.377326 -0.437101
v 1.265583 0.368683 -0.428117
v 1.280173 0.363360 -0.418368
v 1.282442 0.546835 -0.421134
v 1.270035 0.541513 -0.433541
v 1.258600 0.532869 -0.444975
v 1.248578 0.521237 -0.454998
v 1.240352 0.507063 -0.463223
v 1.234240 0.490892 -0.469335
v 1.230477 0.473346 -0.473099
v 1.229206 0.455098 -0.474370
v 1.230477 0.436850 -0.473099
v 1.234240 0.419304 -0.469335
v 1.240352 0.403133 -0.463223
v 1.248578 0.388959 -0.454998
v 1.258600 0.377326 -0.444975
v 1.270035 0.368683 -0.433541
v 1.282442 0.363360 -0.421134
v 1.285207 0.546835 -0.423403
v 1.275459 0.541513 -0.437992
v 1.266475 0.532869 -0.451438
v 1.258600 0.521237 -0.463223
v 1.252138 0.507063 -0.472895
v 1.247335 0.490892 -0.480082
v 1.244378 0.473346 -0.484508
v 1.243380 0.455098 -0.486002
v 1.244378 0.436850 -0.484508
v 1.247335 0.419304 -0.480082
v 1.252138 0.403133 -0.472895
v 1.258600 0.388959 -0.463223
v 1.266475 0.377326 -0.451438
v 1.275459 0.368683 -0.437992
v 1.285207 0.363360 -0.423403
v 1.288362 0.546835 -0.425089
v 1.281647 0.541513 -0.441300
v 1.275459 0.532869 -0.456240
v 1.270035 0.521237 -0.469335
v 1.265583 0.507063 -0.480082
v 1.262275 0.490892 -0.488067
v 1.260239 0.473346 -0.492985
v 1.259551 0.455098 -0.494645
v 1.260239 0.436850 -0.492985
v 1.262275 0.419304 -0.488067
v 1.265583 0.403133 -0.480082
v 1.270035 0.388959 -0.469335
v 1.275459 0.377326 -0.456240
v 1.281647 0.368683 -0.441300
v 1.288362 0.363360 -0.425089
v 1.291785 0.546835 -0.426128
v 1.288362 0.541513 -0.443337
v 1.285207 0.532869 -0.459197
v 1.282442 0.521237 -0.473099
v 1.280173 0.507063 -0.484507
v 1.278486 0.490892 -0.492985
v 1.277448 0.473346 -0.498205
v 1.277097 0.455098 -0.499968
v 1.277448 0.436850 -0.498205
v 1.278486 0.419304 -0.492985
v 1.280173 0.403133 -0.484507
v 1.282442 0.388959 -0.473099
v 1.285207 0.377326 -0.459197
v 1.288362 0.368683 -0.443337
v 1.291785 0.363360 -0.426128
v 1.295345 0.546835 -0.426478
v 1.295345 0.541513 -0.444025
v 1.295345 0.532869 -0.460196
v 1.295345 0.521237 -0.474370
v 1.295345 0.507063 -0.486002
v 1.295345 0.490892 -0.494645
v 1.295345 0.473346 -0.499968
v 1.295345 0.455098 -0.501765
v 1.295345 0.436850 -0.499968
v 1.295345 0.419304 -0.494645
v 1.295345 0.403133 -0.486002
v 1.295345 0.388959 -0.474370
v 1.295345 0.377326 -0.460196
v 1.295345 0.368683 -0.444025
v 1.295345 0.363360 -0.426478
v 1.298905 0.546835 -0.426128
v 1.302328 0.541513 -0.443337
v 1.305483 0.532869 -0.459197
v 1.308248 0.521237 -0.473099
v 1.310517 0.507063 -0.484507
v 1.312204 0.490892 -0.492985
v 1.313242 0.473346 -0.498205
v 1.313593 0.455098 -0.499968
v 1.313242 0.436850 -0.498205
v 1.312204 0.419304 -0.492985
v 1.310517 0.403133 -0.484507
v 1.308248 0.388959 -0.473099
v 1.305483 0.377326 -0.459197
v 1.302328 0.368683 -0.443337
v 1.298905 0.363360 -0.426128
v 1.302328 0.546835 -0.425089
v 1.309043 0.541513 -0.441300
v 1.315231 0.532869 -0.456240
v 1.320655 0.521237 -0.469335
v 1.325107 0.507063 -0.480082
v 1.328415 0.490892 -0.488067
v 1.330451 0.473346 -0.492985
v 1.331139 0.455098 -0.494645
v 1.330451 0.436850 -0.492985
v 1.328415 0.419304 -0.488067
v 1.325107 0.403133 -0.480082
v 1.320655 0.388959 -0.469335
v 1.315231 0.377326 -0.456240
v 1.309043 0.368683 -0.441300
v 1.302328 0.363360 -0.425089
v 1.305483 0.546835 -0.423403
v 1.315231 0.541513 -0.437992
v 1.324215 0.532869 -0.451438
v 1.332090 0.521237 -0.463223
v 1.338552 0.507063 -0.472895
v 1.343354 0.490892 -0.480082
v 1.346312 0.473346 -0.484507
v 1.347310 0.455098 -0.486002
v 1.346312 0.436850 -0.484507
v 1.343354 0.419304 -0.480082
v 1.338552 0.403133 -0.472895
v 1.332090 0.388959 -0.463223
v 1.324215 0.377326 -0.451438
v 1.315231 0.368683 -0.437992
v 1.305483 0.363360 -0.423403
v 1.308248 0.546835 -0.421134
v 1.320655 0.541513 -0.433541
v 1.332090 0.532869 -0.444975
v 1.342112 0.521237 -0.454998
v 1.350338 0.507063 -0.463223
v 1.356449 0.490892 -0.469335
v 1.360213 0.473346 -0.473099
v 1.361484 0.455098 -0.474370
v 1.360213 0.436850 -0.473099
v 1.356449 0.419304 -0.469335
v 1.350338 0.403133 -0.463223
v 1.342112 0.388959 -0.454998
v 1.332090 0.377326 -0.444975
v 1.320655 0.368683 -0.433541
v 1.308248 0.363360 -0.421134
v 1.310517 0.546835 -0.418368
v 1.325107 0.541513 -0.428117
v 1.338552 0.532869 -0.437101
v 1.350338 0.521237 -0.444975
v 1.360009 0.507063 -0.451438
v 1.367196 0.490892 -0.456240
v 1.371622 0.473346 -0.459197
v 1.373116 0.455098 -0.460196
v 1.371622 0.436850 -0.459197
v 1.367196 0.419304 -0.456240
v 1.360009 0.403133 -0.451438
v 1.350338 0.388959 -0.444975
v 1.338552 0.377326 -0.437101
v 1.325107 0.368683 -0.428117
v 1.310517 0.363360 -0.418368
v 1.312204 0.546835 -0.415214
v 1.328415 0.541513 -0.421928
v 1.343354 0.532869 -0.428117
v 1.356449 0.521237 -0.433541
v 1.367196 0.507063 -0.437992
v 1.375182 0.490892 -0.441300
v 1.380099 0.473346 -0.443337
v 1.381760 0.455098 -0.444025
v 1.380099 0.436850 -0.443337
v 1.375182 0.419304 -0.441300
v 1.367196 0.403133 -0.437992
v 1.356449 0.388959 -0.433541
v 1.343354 0.377326 -0.428117
v 1.328415 0.368683 -0.421928
v 1.312204 0.363360 -0.415214
v 1.313242 0.546835 -0.411790
v 1.330451 0.541513 -0.415214
v 1.346312 0.532869 -0.418368
v 1.360213 0.521237 -0.421134
v 1.371622 0.507063 -0.423403
v 1.380099 0.490892 -0.425089
v 1.385320 0.473346 -0.426128
v 1.387083 0.455098 -0.426478
v 1.385320 0.436850 -0.426128
v 1.380099 0.419304 -0.425089
v 1.371622 0.403133 -0.423403
v 1.360213 0.388959 -0.421134
v 1.346312 0.377326 -0.418368
v 1.330451 0.368683 -0.415214
v 1.313242 0.363360 -0.411790
v 1.313593 0.546835 -0.408231
v 1.331139 0.541513 -0.408231
v 1.347310 0.532869 -0.408231
v 1.361484 0.521237 -0.408231
v 1.373116 0.507063 -0.408230
v 1.381760 0.490892 -0.408231
v 1.387082 0.473346 -0.408230
v 1.388880 0.455098 -0.408230
v 1.387082 0.436850 -0.408230
v 1.381760 0.419304 -0.408231
v 1.373116 0.403133 -0.408230
v 1.361484 0.388959 -0.408231
v 1.347310 0.377326 -0.408231
v 1.331139 0.368683 -0.408231
v 1.313593 0.363360 -0.408231
v -0.018477 0.322806 0.011020
v 0.003699 0.552375 0.015431
v 0.025023 0.545780 0.019673
v 0.044676 0.535070 0.023582
v 0.061901 0.520657 0.027008
v 0.076037 0.503094 0.029820
v 0.086542 0.483057 0.031910
v 0.093010 0.461315 0.033196
v 0.095194 0.438704 0.033631
v 0.093010 0.416094 0.033196
v 0.086542 0.394352 0.031910
v 0.076037 0.374315 0.029820
v 0.061901 0.356752 0.027008
v 0.044676 0.342339 0.023582
v 0.025023 0.331629 0.019673
v 0.003699 0.325033 0.015431
v 0.002413 0.552375 0.019673
v 0.022499 0.545780 0.027993
v 0.041011 0.535070 0.035661
v 0.057237 0.520657 0.042382
v 0.070554 0.503094 0.047898
v 0.080448 0.483057 0.051996
v 0.086542 0.461315 0.054520
v 0.088599 0.438704 0.055372
v 0.086542 0.416094 0.054520
v 0.080448 0.394352 0.051996
v 0.070554 0.374315 0.047898
v 0.057237 0.356752 0.042382
v 0.041011 0.342339 0.035661
v 0.022499 0.331629 0.027993
v 0.002413 0.325033 0.019673
v 0.000323 0.552375 0.023582
v 0.018401 0.545780 0.035661
v 0.035061 0.535070 0.046793
v 0.049664 0.520657 0.056550
v 0.061648 0.503094 0.064558
v 0.070554 0.483057 0.070508
v 0.076037 0.461315 0.074172
v 0.077889 0.438704 0.075410
v 0.076037 0.416094 0.074172
v 0.070554 0.394352 0.070508
v 0.061648 0.374315 0.064558
v 0.049664 0.356752 0.056550
v 0.035061 0.342339 0.046793
v 0.018401 0.331629 0.035661
v 0.000323 0.325033 0.023582
v -0.002489 0.552375 0.027008
v 0.012885 0.545780 0.042382
v 0.027053 0.535070 0.056550
v 0.039472 0.520657 0.068969
v 0.049664 0.503094 0.079161
v 0.057237 0.483057 0.086734
v 0.061901 0.461315 0.091398
v 0.063476 0.438704 0.092972
v 0.061901 0.416094 0.091398
v 0.057237 0.394352 0.086734
v 0.049664 0.374315 0.079161
v 0.039472 0.356752 0.068969
v 0.027053 0.342339 0.056550
v 0.012885 0.331629 0.042382
v -0.002489 0.325033 0.027008
v -0.005915 0.552375 0.029820
v 0.006164 0.545780 0.047898
v 0.017296 0.535070 0.064558
v 0.027053 0.520657 0.079161
v 0.035061 0.503094 0.091145
v 0.041011 0.483057 0.100050
v 0.044675 0.461315 0.105534
v 0.045913 0.438704 0.107386
v 0.044675 0.416094 0.105534
v 0.041011 0.394352 0.100050
v 0.035061 0.374315 0.091145
v 0.027053 0.356752 0.079161
v 0.017296 0.342339 0.064558
v 0.006164 0.331629 0.047898
v -0.005915 0.325033 0.029820
v -0.009824 0.552375 0.031910
v -0.001504 0.545780 0.051996
v 0.006164 0.535070 0.070508
v 0.012885 0.520657 0.086734
v 0.018401 0.503094 0.100050
v 0.022499 0.483057 0.109945
v 0.025023 0.461315 0.116039
v 0.025875 0.438704 0.118096
v 0.025023 0.416094 0.116039
v 0.022499 0.394352 0.109945
v 0.018401 0.374315 0.100050
v 0.012885 0.356752 0.086734
v 0.006164 0.342339 0.070508
v -0.001504 0.331629 0.051996
v -0.009824 0.325033 0.031910
v -0.014066 0.552375 0.033196
v -0.009824 0.545780 0.054520
v -0.005915 0.535070 0.074172
v -0.002489 0.520657 0.091398
v 0.000323 0.503094 0.105534
v 0.002413 0.483057 0.116039
v 0.003699 0.461315 0.122507
v 0.004134 0.438704 0.124691
v 0.003699 0.416094 0.122507
v 0.002413 0.394352 0.116039
v 0.000323 0.374315 0.105534
v -0.002489 0.356752 0.091398
v -0.005915 0.342339 0.074172
v -0.009824 0.331629 0.054520
v -0.014066 0.325033 0.033196
v -0.018477 0.552375 0.033631
v -0.018477 0.545780 0.055372
v -0.018477 0.535070 0.075410
v -0.018477 0.520657 0.092972
v -0.018477 0.503094 0.107386
v -0.018477 0.483057 0.118096
v -0.018477 0.461315 0.124691
v -0.018477 0.438704 0.126918
v -0.018477 0.416094 0.124691
v -0.018477 0.394352 0.118096
v -0.018477 0.374315 0.107386
v -0.018477 0.356752 0.092972
v -0.018477 0.342339 0.075410
v -0.018477 0.331629 0.055372
v -0.018477 0.325033 0.033631
v -0.022888 0.552375 0.033196
v -0.027129 0.545780 0.054520
v -0.031039 0.535070 0.074172
v -0.034465 0.520657 0.091398
v -0.037277 0.503094 0.105534
v -0.039366 0.483057 0.116039
v -0.040653 0.461315 0.122507
v -0.041087 0.438704 0.124691
v -0.040653 0.416094 0.122507
v -0.039366 0.394352 0.116039
v -0.037277 0.374315 0.105534
v -0.034465 0.356752 0.091398
v -0.031039 0.342339 0.074172
v -0.027129 0.331629 0.054520
v -0.022888 0.325033 0.033196
v -0.027129 0.552375 0.031910
v -0.035450 0.545780 0.051996
v -0.043118 0.535070 0.070508
v -0.049839 0.520657 0.086734
v -0.055354 0.503094 0.100050
v -0.059453 0.483057 0.109945
v -0.061977 0.461315 0.116038
v -0.062829 0.438704 0.118096
v -0.061977 0.416094 0.116038
v -0.059453 0.394352 0.109945
v -0.055354 0.374315 0.100050
v -0.049839 0.356752 0.086734
v -0.043118 0.342339 0.070508
v -0.035450 0.331629 0.051996
v -0.027129 0.325033 0.031910
v -0.031039 0.552375 0.029820
v -0.043118 0.545780 0.047898
v -0.054250 0.535070 0.064558
v -0.064007 0.520657 0.079161
v -0.072015 0.503094 0.091145
v -0.077965 0.483057 0.100050
v -0.081629 0.461315 0.105534
v -0.082866 0.438704 0.107386
v -0.081629 0.416094 0.105534
v -0.077965 0.394352 0.100050
v -0.072015 0.374315 0.091145
v -0.064007 0.356752 0.079161
v -0.054250 0.342339 0.064558
v -0.043118 0.331629 0.047898
v -0.031039 0.325033 0.029820
v -0.034465 0.552375 0.027008
v -0.049839 0.545780 0.042382
v -0.064007 0.535070 0.056550
v -0.076426 0.520657 0.068969
v -0.086618 0.503094 0.079161
v -0.094191 0.483057 0.086734
v -0.098854 0.461315 0.091398
v -0.100429 0.438704 0.092972
v -0.098854 0.416094 0.091398
v -0.094191 0.394352 0.086734
v -0.086618 0.374315 0.079161
v -0.076426 0.356752 0.068969
v -0.064007 0.342339 0.056550
v -0.049839 0.331629 0.042382
v -0.034465 0.325033 0.027008
v -0.037277 0.552375 0.023582
v -0.055354 0.545780 0.035661
v -0.072015 0.535070 0.046793
v -0.086618 0.520657 0.056550
v -0.098602 0.503094 0.064558
v -0.107507 0.483057 0.070508
v -0.112991 0.461315 0.074172
v -0.114842 0.438704 0.075410
v -0.112991 0.416094 0.074172
v -0.107507 0.394352 0.070508
v -0.098602 0.374315 0.064558
v -0.086618 0.356752 0.056550
v -0.072015 0.342339 0.046793
v -0.055354 0.331629 0.035661
v -0.037277 0.325033 0.023582
v -0.039366 0.552375 0.019673
v -0.059453 0.545780 0.027993
v -0.077965 0.535070 0.035661
v -0.094191 0.520657 0.042382
v -0.107507 0.503094 0.047898
v -0.117402 0.483057 0.051996
v -0.123495 0.461315 0.054520
v -0.125553 0.438704 0.055372
v -0.123495 0.416094 0.054520
v -0.117402 0.394352 0.051996
v -0.107507 0.374315 0.047898
v -0.094191 0.356752 0.042382
v -0.077965 0.342339 0.035661
v -0.059453 0.331629 0.027993
v -0.039366 0.325033 0.019673
v -0.040653 0.552375 0.015431
v -0.061977 0.545780 0.019673
v -0.081629 0.535070 0.023582
v -0.098854 0.520657 0.027008
v -0.112991 0.503094 0.029820
v -0.123495 0.483057 0.031910
v -0.129964 0.461315 0.033196
v -0.132148 0.438704 0.033631
v -0.129964 0.416094 0.033196
v -0.123495 0.394352 0.031910
v -0.112991 0.374315 0.029820
v -0.098854 0.356752 0.027008
v -0.081629 0.342339 0.023582
v -0.061977 0.331629 0.019673
v -0.040653 0.325033 0.015431
v -0.041087 0.552375 0.011020
v -0.062829 0.545780 0.011020
v -0.082866 0.535070 0.011020
v -0.100429 0.520657 0.011020
v -0.114842 0.503094 0.011020
v -0.125553 0.483057 0.011020
v -0.132148 0.461315 0.011020
v -0.134375 0.438704 0.011020
v -0.132148 0.416094 0.011020
v -0.125553 0.394352 0.011020
v -0.114842 0.374315 0.011020
v -0.100429 0.356752 0.011020
v -0.082866 0.342339 0.011020
v -0.062829 0.331629 0.011020
v -0.041087 0.325033 0.011020
v -0.040653 0.552375 0.006609
v -0.061977 0.545780 0.002367
v -0.081629 0.535070 -0.001542
v -0.098854 0.520657 -0.004968
v -0.112991 0.503094 -0.007780
v -0.123495 0.483057 -0.009869
v -0.129964 0.461315 -0.011156
v -0.132148 0.438704 -0.011590
v -0.129964 0.416094 -0.011156
v -0.123495 0.394352 -0.009869
v -0.112991 0.374315 -0.007780
v -0.098854 0.356752 -0.004968
v -0.081629 0.342339 -0.001542
v -0.061977 0.331629 0.002367
v -0.040653 0.325033 0.006609
v -0.018477 0.554603 0.011020
v -0.039366 0.552375 0.002367
v -0.059453 0.545780 -0.005953
v -0.077965 0.535070 -0.013621
v -0.094191 0.520657 -0.020342
v -0.107507 0.503094 -0.025857
v -0.117402 0.483057 -0.029956
v -0.123495 0.461315 -0.032480
v -0.125553 0.438704 -0.033332
v -0.123495 0.416094 -0.032480
v -0.117402 0.394352 -0.029956
v -0.107507 0.374315 -0.025857
v -0.094191 0.356752 -0.020342
v -0.077965 0.342339 -0.013621
v -0.059453 0.331629 -0.005953
v -0.039366 0.325033 0.002367
v -0.037277 0.552375 -0.001542
v -0.055354 0.545780 -0.013621
v -0.072015 0.535070 -0.024753
v -0.086618 0.520657 -0.034510
v -0.098602 0.503094 -0.042518
v -0.107507 0.483057 -0.048468
v -0.112991 0.461315 -0.052132
v -0.114842 0.438704 -0.053369
v -0.112991 0.416094 -0.052132
v -0.107507 0.394352 -0.048468
v -0.098602 0.374315 -0.042518
v -0.086618 0.356752 -0.034510
v -0.072015 0.342339 -0.024753
v -0.055354 0.331629 -0.013621
v -0.037277 0.325033 -0.001542
v -0.034465 0.552375 -0.004968
v -0.049839 0.545780 -0.020342
v -0.064007 0.535070 -0.034510
v -0.076426 0.520657 -0.046929
v -0.086618 0.503094 -0.057121
v -0.094191 0.483057 -0.064694
v -0.098854 0.461315 -0.069357
v -0.100429 0.438704 -0.070932
v -0.098854 0.416094 -0.069357
v -0.094191 0.394352 -0.064694
v -0.086618 0.374315 -0.057121
v -0.076426 0.356752 -0.046929
v -0.064007 0.342339 -0.034510
v -0.049839 0.331629 -0.020342
v -0.034465 0.325033 -0.004968
v -0.031039 0.552375 -0.007780
v -0.043118 0.545780 -0.025857
v -0.054250 0.535070 -0.042518
v -0.064007 0.520657 -0.057121
v -0.072015 0.503094 -0.069105
v -0.077965 0.483057 -0.078010
v -0.081629 0.461315 -0.083494
v -0.082866 0.438704 -0.085346
v -0.081629 0.416094 -0.083494
v -0.077965 0.394352 -0.078010
v -0.072015 0.374315 -0.069105
v -0.064007 0.356752 -0.057121
v -0.054250 0.342339 -0.042518
v -0.043118 0.331629 -0.025857
v -0.031039 0.325033 -0.007780
v -0.027129 0.552375 -0.009869
v -0.035450 0.545780 -0.029956
v -0.043118 0.535070 -0.048468
v -0.049839 0.520657 -0.064694
v -0.055354 0.503094 -0.078010
v -0.059453 0.483057 -0.087905
v -0.061977 0.461315 -0.093998
v -0.062829 0.438704 -0.096056
v -0.061977 0.416094 -0.093998
v -0.059453 0.394352 -0.087905
v -0.055354 0.374315 -0.078010
v -0.049839 0.356752 -0.064694
v -0.043118 0.342339 -0.048468
v -0.035450 0.331629 -0.029956
v -0.027129 0.325033 -0.009869
v -0.022888 0.552375 -0.011156
v -0.027129 0.545780 -0.032480
v -0.031039 0.535070 -0.052132
v -0.034465 0.520657 -0.069357
v -0.037277 0.503094 -0.083494
v -0.039366 0.483057 -0.093998
v -0.040653 0.461315 -0.100467
v -0.041087 0.438704 -0.102651
v -0.040653 0.416094 -0.100467
v -0.039366 0.394352 -0.093998
v -0.037277 0.374315 -0.083494
v -0.034465 0.356752 -0.069357
v -0.031039 0.342339 -0.052132
v -0.027129 0.331629 -0.032480
v -0.022888 0.325033 -0.011156
v -0.018477 0.552375 -0.011590
v -0.018477 0.545780 -0.033332
v -0.018477 0.535070 -0.053369
v -0.018477 0.520657 -0.070932
v -0.018477 0.503094 -0.085346
v -0.018477 0.483057 -0.096056
v -0.018477 0.461315 -0.102651
v -0.018477 0.438704 -0.104878
v -0.018477 0.416094 -0.102651
v -0.018477 0.394352 -0.096056
v -0.018477 0.374315 -0.085346
v -0.018477 0.356752 -0.070932
v -0.018477 0.342339 -0.053369
v -0.018477 0.331629 -0.033332
v -0.018477 0.325033 -0.011590
v -0.014066 0.552375 -0.011156
v -0.009824 0.545780 -0.032480
v -0.005915 0.535070 -0.052132
v -0.002489 0.520657 -0.069357
v 0.000323 0.503094 -0.083494
v 0.002413 0.483057 -0.093998
v 0.003699 0.461315 -0.100467
v 0.004134 0.438704 -0.102651
v 0.003699 0.416094 -0.100467
v 0.002413 0.394352 -0.093998
v 0.000323 0.374315 -0.083494
v -0.002489 0.356752 -0.069357
v -0.005915 0.342339 -0.052132
v -0.009824 0.331629 -0.032480
v -0.014066 0.325033 -0.011156
v -0.009824 0.552375 -0.009869
v -0.001504 0.545780 -0.029956
v 0.006164 0.535070 -0.048468
v 0.012885 0.520657 -0.064694
v 0.018401 0.503094 -0.078010
v 0.022499 0.483057 -0.087905
v 0.025023 0.461315 -0.093998
v 0.025875 0.438704 -0.096056
v 0.025023 0.416094 -0.093998
v 0.022499 0.394352 -0.087905
v 0.018401 0.374315 -0.078010
v 0.012885 0.356752 -0.064694
v 0.006164 0.342339 -0.048468
v -0.001504 0.331629 -0.029956
v -0.009824 0.325033 -0.009869
v -0.005915 0.552375 -0.007780
v 0.006164 0.545780 -0.025857
v 0.017296 0.535070 -0.042518
v 0.027053 0.520657 -0.057121
v 0.035061 0.503094 -0.069105
v 0.041011 0.483057 -0.078010
v 0.044675 0.461315 -0.083494
v 0.045913 0.438704 -0.085346
v 0.044675 0.416094 -0.083494
v 0.041011 0.394352 -0.078010
v 0.035061 0.374315 -0.069105
v 0.027053 0.356752 -0.057121
v 0.017296 0.342339 -0.042518
v 0.006164 0.331629 -0.025857
v -0.005915 0.325033 -0.007780
v -0.002489 0.552375 -0.004968
v 0.012885 0.545780 -0.020342
v 0.027053 0.535070 -0.034510
v 0.039472 0.520657 -0.046929
v 0.049664 0.503094 -0.057121
v 0.057237 0.483057 -0.064694
v 0.061901 0.461315 -0.069357
v 0.063476 0.438704 -0.070932
v 0.061901 0.416094 -0.069357
v 0.057237 0.394352 -0.064694
v 0.049664 0.374315 -0.057121
v 0.039472 0.356752 -0.046929
v 0.027053 0.342339 -0.034510
v 0.012885 0.331629 -0.020342
v -0.002489 0.325033 -0.004968
v 0.000323 0.552375 -0.001542
v 0.018401 0.545780 -0.013621
v 0.035061 0.535070 -0.024753
v 0.049664 0.520657 -0.034510
v 0.061648 0.503094 -0.042518
v 0.070554 0.483057 -0.048468
v 0.076037 0.461315 -0.052132
v 0.077889 0.438704 -0.053369
v 0.076037 0.416094 -0.052132
v 0.070553 0.394352 -0.048468
v 0.061648 0.374315 -0.042518
v 0.049664 0.356752 -0.034510
v 0.035061 0.342339 -0.024753
v 0.018401 0.331629 -0.013621
v 0.000323 0.325033 -0.001542
v 0.002413 0.552375 0.002367
v 0.022499 0.545780 -0.005953
v 0.041011 0.535070 -0.013621
v 0.057237 0.520657 -0.020342
v 0.070553 0.503094 -0.025857
v 0.080448 0.483057 -0.029956
v 0.086542 0.461315 -0.032480
v 0.088599 0.438704 -0.033332
v 0.086542 0.416094 -0.032480
v 0.080448 0.394352 -0.029956
v 0.070553 0.374315 -0.025857
v 0.057237 0.356752 -0.020342
v 0.041011 0.342339 -0.013621
v 0.022499 0.331629 -0.005953
v 0.002413 0.325033 0.002367
v 0.003699 0.552375 0.006609
v 0.025023 0.545780 0.002367
v 0.044675 0.535070 -0.001542
v 0.061901 0.520657 -0.004968
v 0.076037 0.503094 -0.007780
v 0.086542 0.483057 -0.009869
v 0.093010 0.461315 -0.011156
v 0.095194 0.438704 -0.011590
v 0.093010 0.416094 -0.011156
v 0.086542 0.394352 -0.009869
v 0.076037 0.374315 -0.007780
v 0.061901 0.356752 -0.004968
v 0.044675 0.342339 -0.001542
v 0.025023 0.331629 0.002367
v 0.003699 0.325033 0.006609
v 0.004134 0.552375 0.011020
v 0.025875 0.545780 0.011020
v 0.045913 0.535070 0.011020
v 0.063475 0.520657 0.011020
v 0.077889 0.503094 0.011020
v 0.088599 0.483057 0.011020
v 0.095194 0.461315 0.011020
v 0.097421 0.438704 0.011020
v 0.095194 0.416094 0.011020
v 0.088599 0.394352 0.011020
v 0.077889 0.374315 0.011020
v 0.063475 0.356752 0.011020
v 0.045913 0.342339 0.011020
v 0.025875 0.331629 0.011020
v 0.004134 0.325033 0.011020
v -2.432518 0.298375 0.011020
v -2.410342 0.527944 0.015431
v -2.389019 0.521348 0.019673
v -2.369366 0.510638 0.023582
v -2.352141 0.496225 0.027008
v -2.338005 0.478662 0.029820
v -2.327500 0.458625 0.031909
v -2.321031 0.436883 0.033196
v -2.318848 0.414273 0.033631
v -2.321031 0.391662 0.033196
v -2.327500 0.369920 0.031909
v -2.338005 0.349883 0.029820
v -2.352141 0.332320 0.027008
v -2.369366 0.317907 0.023582
v -2.389019 0.307197 0.019673
v -2.410343 0.300601 0.015431
v -2.411629 0.527944 0.019673
v -2.391542 0.521348 0.027993
v -2.373030 0.510638 0.035661
v -2.356804 0.496225 0.042382
v -2.343488 0.478662 0.047898
v -2.333593 0.458625 0.051996
v -2.327500 0.436883 0.054520
v -2.325443 0.414273 0.055372
v -2.327500 0.391662 0.054520
v -2.333593 0.369920 0.051996
v -2.343488 0.349883 0.047898
v -2.356804 0.332320 0.042382
v -2.373030 0.317907 0.035661
v -2.391542 0.307197 0.027993
v -2.411629 0.300601 0.019673
v -2.413718 0.527944 0.023582
v -2.395641 0.521348 0.035661
v -2.378980 0.510638 0.046793
v -2.364377 0.496225 0.056550
v -2.352393 0.478662 0.064558
v -2.343488 0.458625 0.070508
v -2.338005 0.436883 0.074172
v -2.336153 0.414273 0.075410
v -2.338005 0.391662 0.074172
v -2.343488 0.369920 0.070508
v -2.352393 0.349883 0.064558
v -2.364377 0.332320 0.056550
v -2.378980 0.317907 0.046793
v -2.395641 0.307197 0.035661
v -2.413718 0.300601 0.023582
v -2.416530 0.527944 0.027008
v -2.401157 0.521348 0.042382
v -2.386988 0.510638 0.056550
v -2.374569 0.496225 0.068969
v -2.364377 0.478662 0.079161
v -2.356804 0.458625 0.086734
v -2.352141 0.436883 0.091398
v -2.350566 0.414273 0.092972
v -2.352141 0.391662 0.091398
v -2.356804 0.369920 0.086734
v -2.364377 0.349883 0.079161
v -2.374569 0.332320 0.068969
v -2.386988 0.317907 0.056550
v -2.401157 0.307197 0.042382
v -2.416530 0.300601 0.027008
v -2.419957 0.527944 0.029820
v -2.407878 0.521348 0.047898
v -2.396745 0.510638 0.064558
v -2.386988 0.496225 0.079161
v -2.378980 0.478662 0.091145
v -2.373030 0.458625 0.100050
v -2.369366 0.436883 0.105534
v -2.368129 0.414273 0.107386
v -2.369366 0.391662 0.105534
v -2.373030 0.369920 0.100050
v -2.378980 0.349883 0.091145
v -2.386988 0.332320 0.079161
v -2.396745 0.317907 0.064558
v -2.407878 0.307197 0.047898
v -2.419957 0.300601 0.029820
v -2.423866 0.527944 0.031909
v -2.415546 0.521348 0.051996
v -2.407878 0.510638 0.070508
v -2.401157 0.496225 0.086734
v -2.395641 0.478662 0.100050
v -2.391542 0.458625 0.109945
v -2.389019 0.436883 0.116038
v -2.388166 0.414273 0.118096
v -2.389019 0.391662 0.116038
v -2.391542 0.369920 0.109945
v -2.395641 0.349883 0.100050
v -2.401157 0.332320 0.086734
v -2.407878 0.317907 0.070508
v -2.415546 0.307197 0.051996
v -2.423866 0.300601 0.031909
v -2.428107 0.527944 0.033196
v -2.423866 0.521348 0.054520
v -2.419957 0.510638 0.074172
v -2.416530 0.496225 0.091398
v -2.413718 0.478662 0.105534
v -2.411629 0.458625 0.116038
v -2.410343 0.436883 0.122507
v -2.409908 0.414273 0.124691
v -2.410343 0.391662 0.122507
v -2.411629 0.369920 0.116038
v -2.413718 0.349883 0.105534
v -2.416530 0.332320 0.091398
v -2.419957 0.317907 0.074172
v -2.423866 0.307197 0.054520
v -2.428108 0.300601 0.033196
v -2.432518 0.527944 0.033631
v -2.432518 0.521348 0.055372
v -2.432518 0.510638 0.075410
v -2.432518 0.496225 0.092972
v -2.432518 0.478662 0.107386
v -2.432518 0.458625 0.118096
v -2.432518 0.436883 0.124691
v -2.432518 0.414273 0.126918
v -2.432518 0.391662 0.124691
v -2.432518 0.369920 0.118096
v -2.432518 0.349883 0.107386
v -2.432518 0.332320 0.092972
v -2.432518 0.317907 0.075410
v -2.432518 0.307197 0.055372
v -2.432518 0.300601 0.033631
v -2.436929 0.527944 0.033196
v -2.441171 0.521348 0.054520
v -2.445080 0.510638 0.074172
v -2.448507 0.496225 0.091398
v -2.451319 0.478662 0.105534
v -2.453408 0.458625 0.116038
v -2.454695 0.436883 0.122507
v -2.455129 0.414273 0.124691
v -2.454695 0.391662 0.122507
v -2.453408 0.369920 0.116038
v -2.451319 0.349883 0.105534
v -2.448507 0.332320 0.091398
v -2.445080 0.317907 0.074172
v -2.441171 0.307197 0.054520
v -2.436929 0.300601 0.033196
v -2.441171 0.527944 0.031909
v -2.449492 0.521348 0.051996
v -2.457159 0.510638 0.070508
v -2.463881 0.496225 0.086734
v -2.469396 0.478662 0.100050
v -2.473495 0.458625 0.109945
v -2.476019 0.436883 0.116038
v -2.476871 0.414273 0.118096
v -2.476019 0.391662 0.116038
v -2.473495 0.369920 0.109945
v -2.469396 0.349883 0.100050
v -2.463881 0.332320 0.086734
v -2.457159 0.317907 0.070508
v -2.449492 0.307197 0.051996
v -2.441171 0.300601 0.031909
v -2.445080 0.527944 0.029820
v -2.457159 0.521348 0.047898
v -2.468291 0.510638 0.064558
v -2.478049 0.496225 0.079161
v -2.486056 0.478662 0.091145
v -2.492007 0.458625 0.100050
v -2.495671 0.436883 0.105534
v -2.496908 0.414273 0.107386
v -2.495671 0.391662 0.105534
v -2.492007 0.369920 0.100050
v -2.486056 0.349883 0.091145
v -2.478049 0.332320 0.079161
v -2.468291 0.317907 0.064558
v -2.457159 0.307197 0.047898
v -2.445080 0.300601 0.029820
v -2.448507 0.527944 0.027008
v -2.463881 0.521348 0.042382
v -2.478049 0.510638 0.056550
v -2.490467 0.496225 0.068969
v -2.500659 0.478662 0.079161
v -2.508232 0.458625 0.086734
v -2.512896 0.436883 0.091398
v -2.514471 0.414273 0.092972
v -2.512896 0.391662 0.091398
v -2.508232 0.369920 0.086734
v -2.500659 0.349883 0.079161
v -2.490467 0.332320 0.068969
v -2.478049 0.317907 0.056550
v -2.463881 0.307197 0.042382
v -2.448507 0.300601 0.027008
v -2.451319 0.527944 0.023582
v -2.469396 0.521348 0.035661
v -2.486056 0.510638 0.046793
v -2.500659 0.496225 0.056550
v -2.512644 0.478662 0.064558
v -2.521549 0.458625 0.070508
v -2.527033 0.436883 0.074172
v -2.528884 0.414273 0.075409
v -2.527033 0.391662 0.074172
v -2.521549 0.369920 0.070508
v -2.512644 0.349883 0.064558
v -2.500659 0.332320 0.056550
v -2.486056 0.317907 0.046793
v -2.469396 0.307197 0.035661
v -2.451319 0.300601 0.023582
v -2.453408 0.527944 0.019673
v -2.473495 0.521348 0.027993
v -2.492007 0.510638 0.035661
v -2.508232 0.496225 0.042382
v -2.521549 0.478662 0.047898
v -2.531444 0.458625 0.051996
v -2.537537 0.436883 0.054520
v -2.539594 0.414273 0.055372
v -2.537537 0.391662 0.054520
v -2.531444 0.369920 0.051996
v -2.521549 0.349883 0.047898
v -2.508232 0.332320 0.042382
v -2.492007 0.317907 0.035661
v -2.473495 0.307197 0.027993
v -2.453408 0.300601 0.019673
v -2.454695 0.527944 0.015431
v -2.476019 0.521348 0.019673
v -2.495671 0.510638 0.023582
v -2.512896 0.496225 0.027008
v -2.527033 0.478662 0.029820
v -2.537537 0.458625 0.031909
v -2.544005 0.436883 0.033196
v -2.546190 0.414273 0.033631
v -2.544005 0.391662 0.033196
v -2.537537 0.369920 0.031909
v -2.527033 0.349883 0.029820
v -2.512896 0.332320 0.027008
v -2.495671 0.317907 0.023582
v -2.476019 0.307197 0.019673
v -2.454695 0.300601 0.015431
v -2.455129 0.527944 0.011020
v -2.476871 0.521348 0.011020
v -2.496908 0.510638 0.011020
v -2.514471 0.496225 0.011020
v -2.528884 0.478662 0.011020
v -2.539594 0.458625 0.011020
v -2.546190 0.436883 0.011020
v -2.548417 0.414273 0.011020
v -2.546190 0.391662 0.011020
v -2.539594 0.369920 0.011020
v -2.528884 0.349883 0.011020
v -2.514471 0.332320 0.011020
v -2.496908 0.317907 0.011020
v -2.476871 0.307197 0.011020
v -2.455129 0.300601 0.011020
v -2.454695 0.527944 0.006609
v -2.476019 0.521348 0.002367
v -2.495671 0.510638 -0.001542
v -2.512896 0.496225 -0.004968
v -2.527033 0.478662 -0.007780
v -2.537537 0.458625 -0.009869
v -2.544005 0.436883 -0.011156
v -2.546190 0.414273 -0.011591
v -2.544005 0.391662 -0.011156
v -2.537537 0.369920 -0.009869
v -2.527033 0.349883 -0.007780
v -2.512896 0.332320 -0.004968
v -2.495671 0.317907 -0.001542
v -2.476019 0.307197 0.002367
v -2.454695 0.300601 0.006609
v -2.432518 0.530171 0.011020
v -2.453408 0.527944 0.002367
v -2.473495 0.521348 -0.005953
v -2.492007 0.510638 -0.013621
v -2.508232 0.496225 -0.020342
v -2.521549 0.478662 -0.025858
v -2.531444 0.458625 -0.029956
v -2.537537 0.436883 -0.032480
v -2.539594 0.414273 -0.033332
v -2.537537 0.391662 -0.032480
v -2.531444 0.369920 -0.029956
v -2.521549 0.349883 -0.025858
v -2.508232 0.332320 -0.020342
v -2.492007 0.317907 -0.013621
v -2.473495 0.307197 -0.005953
v -2.453408 0.300601 0.002367
v -2.451319 0.527944 -0.001542
v -2.469396 0.521348 -0.013621
v -2.486056 0.510638 -0.024753
v -2.500659 0.496225 -0.034510
v -2.512644 0.478662 -0.042518
v -2.521549 0.458625 -0.048468
v -2.527033 0.436883 -0.052132
v -2.528884 0.414273 -0.053369
v -2.527033 0.391662 -0.052132
v -2.521549 0.369920 -0.048468
v -2.512644 0.349883 -0.042518
v -2.500659 0.332320 -0.034510
v -2.486056 0.317907 -0.024753
v -2.469396 0.307197 -0.013621
v -2.451319 0.300601 -0.001542
v -2.448507 0.527944 -0.004968
v -2.463880 0.521348 -0.020342
v -2.478049 0.510638 -0.034510
v -2.490467 0.496225 -0.046929
v -2.500659 0.478662 -0.057121
v -2.508232 0.458625 -0.064694
v -2.512896 0.436883 -0.069358
v -2.514471 0.414273 -0.070932
v -2.512896 0.391662 -0.069358
v -2.508232 0.369920 -0.064694
v -2.500659 0.349883 -0.057121
v -2.490467 0.332320 -0.046929
v -2.478049 0.317907 -0.034510
v -2.463881 0.307197 -0.020342
v -2.448507 0.300601 -0.004968
v -2.445080 0.527944 -0.007780
v -2.457159 0.521348 -0.025858
v -2.468291 0.510638 -0.042518
v -2.478049 0.496225 -0.057121
v -2.486056 0.478662 -0.069105
v -2.492007 0.458625 -0.078010
v -2.495671 0.436883 -0.083494
v -2.496908 0.414273 -0.085346
v -2.495671 0.391662 -0.083494
v -2.492007 0.369920 -0.078010
v -2.486056 0.349883 -0.069105
v -2.478049 0.332320 -0.057121
v -2.468291 0.317907 -0.042518
v -2.457159 0.307197 -0.025858
v -2.445080 0.300601 -0.007780
v -2.441171 0.527944 -0.009869
v -2.449492 0.521348 -0.029956
v -2.457159 0.510638 -0.048468
v -2.463880 0.496225 -0.064694
v -2.469396 0.478662 -0.078010
v -2.473495 0.458625 -0.087905
v -2.476018 0.436883 -0.093998
v -2.476871 0.414273 -0.096056
v -2.476019 0.391662 -0.093998
v -2.473495 0.369920 -0.087905
v -2.469396 0.349883 -0.078010
v -2.463880 0.332320 -0.064694
v -2.457159 0.317907 -0.048468
v -2.449492 0.307197 -0.029956
v -2.441171 0.300601 -0.009869
v -2.436929 0.527944 -0.011156
v -2.441171 0.521348 -0.032480
v -2.445080 0.510638 -0.052132
v -2.448507 0.496225 -0.069358
v -2.451319 0.478662 -0.083494
v -2.453408 0.458625 -0.093998
v -2.454695 0.436883 -0.100467
v -2.455129 0.414273 -0.102651
v -2.454695 0.391662 -0.100467
v -2.453408 0.369920 -0.093998
v -2.451319 0.349883 -0.083494
v -2.448507 0.332320 -0.069358
v -2.445080 0.317907 -0.052132
v -2.441171 0.307197 -0.032480
v -2.436929 0.300601 -0.011156
v -2.432518 0.527944 -0.011591
v -2.432518 0.521348 -0.033332
v -2.432518 0.510638 -0.053369
v -2.432518 0.496225 -0.070932
v -2.432518 0.478662 -0.085346
v -2.432518 0.458625 -0.096056
v -2.432518 0.436883 -0.102651
v -2.432518 0.414273 -0.104878
v -2.432518 0.391662 -0.102651
v -2.432518 0.369920 -0.096056
v -2.432518 0.349883 -0.085346
v -2.432518 0.332320 -0.070932
v -2.432518 0.317907 -0.053369
v -2.432518 0.307197 -0.033332
v -2.432518 0.300601 -0.011591
v -2.428107 0.527944 -0.011156
v -2.423866 0.521348 -0.032480
v -2.419957 0.510638 -0.052132
v -2.416530 0.496225 -0.069358
v -2.413718 0.478662 -0.083494
v -2.411629 0.458625 -0.093998
v -2.410342 0.436883 -0.100467
v -2.409908 0.414273 -0.102651
v -2.410342 0.391662 -0.100467
v -2.411629 0.369920 -0.093998
v -2.413718 0.349883 -0.083494
v -2.416530 0.332320 -0.069358
v -2.419957 0.317907 -0.052132
v -2.423866 0.307197 -0.032480
v -2.428108 0.300601 -0.011156
v -2.423866 0.527944 -0.009869
v -2.415546 0.521348 -0.029956
v -2.407878 0.510638 -0.048468
v -2.401157 0.496225 -0.064694
v -2.395641 0.478662 -0.078010
v -2.391542 0.458625 -0.087905
v -2.389019 0.436883 -0.093998
v -2.388166 0.414273 -0.096056
v -2.389019 0.391662 -0.093998
v -2.391542 0.369920 -0.087905
v -2.395641 0.349883 -0.078010
v -2.401157 0.332320 -0.064694
v -2.407878 0.317907 -0.048468
v -2.415546 0.307197 -0.029956
v -2.423866 0.300601 -0.009869
v -2.419957 0.527944 -0.007780
v -2.407878 0.521348 -0.025858
v -2.396745 0.510638 -0.042518
v -2.386988 0.496225 -0.057121
v -2.378980 0.478662 -0.069105
v -2.373030 0.458625 -0.078010
v -2.369366 0.436883 -0.083494
v -2.368129 0.414273 -0.085346
v -2.369366 0.391662 -0.083494
v -2.373030 0.369920 -0.078010
v -2.378980 0.349883 -0.069105
v -2.386988 0.332320 -0.057121
v -2.396745 0.317907 -0.042518
v -2.407878 0.307197 -0.025858
v -2.419957 0.300601 -0.007780
v -2.416530 0.527944 -0.004968
v -2.401157 0.521348 -0.020342
v -2.386988 0.510638 -0.034510
v -2.374569 0.496225 -0.046929
v -2.364377 0.478662 -0.057121
v -2.356805 0.458625 -0.064694
v -2.352141 0.436883 -0.069358
v -2.350566 0.414273 -0.070932
v -2.352141 0.391662 -0.069358
v -2.356805 0.369920 -0.064694
v -2.364377 0.349883 -0.057121
v -2.374570 0.332320 -0.046929
v -2.386988 0.317907 -0.034510
v -2.401157 0.307197 -0.020342
v -2.416530 0.300601 -0.004968
v -2.413718 0.527944 -0.001542
v -2.395641 0.521348 -0.013621
v -2.378980 0.510638 -0.024753
v -2.364377 0.496225 -0.034510
v -2.352393 0.478662 -0.042518
v -2.343488 0.458625 -0.048468
v -2.338005 0.436883 -0.052132
v -2.336153 0.414273 -0.053369
v -2.338005 0.391662 -0.052132
v -2.343488 0.369920 -0.048468
v -2.352393 0.349883 -0.042518
v -2.364377 0.332320 -0.034510
v -2.378980 0.317907 -0.024753
v -2.395641 0.307197 -0.013621
v -2.413718 0.300601 -0.001542
v -2.411629 0.527944 0.002367
v -2.391542 0.521348 -0.005953
v -2.373030 0.510638 -0.013621
v -2.356804 0.496225 -0.020342
v -2.343488 0.478662 -0.025857
v -2.333593 0.458625 -0.029956
v -2.327500 0.436883 -0.032480
v -2.325443 0.414273 -0.033332
v -2.327500 0.391662 -0.032480
v -2.333593 0.369920 -0.029956
v -2.343488 0.349883 -0.025857
v -2.356805 0.332320 -0.020342
v -2.373030 0.317907 -0.013621
v -2.391542 0.307197 -0.005953
v -2.411629 0.300601 0.002367
v -2.410342 0.527944 0.006609
v -2.389019 0.521348 0.002367
v -2.369366 0.510638 -0.001542
v -2.352141 0.496225 -0.004968
v -2.338005 0.478662 -0.007780
v -2.327500 0.458625 -0.009869
v -2.321032 0.436883 -0.011156
v -2.318848 0.414273 -0.011591
v -2.321032 0.391662 -0.011156
v -2.327500 0.369920 -0.009869
v -2.338005 0.349883 -0.007780
v -2.352141 0.332320 -0.004968
v -2.369366 0.317907 -0.001542
v -2.389019 0.307197 0.002367
v -2.410343 0.300601 0.006609
v -2.409908 0.527944 0.011020
v -2.388166 0.521348 0.011020
v -2.368129 0.510638 0.011020
v -2.350566 0.496225 0.011020
v -2.336153 0.478662 0.011020
v -2.325443 0.458625 0.011020
v -2.318848 0.436883 0.011020
v -2.316621 0.414273 0.011020
v -2.318848 0.391662 0.011020
v -2.325443 0.369920 0.011020
v -2.336153 0.349883 0.011020
v -2.350566 0.332320 0.011020
v -2.368129 0.317907 0.011020
v -2.388166 0.307197 0.011020
v -2.409908 0.300601 0.011020
v -0.553282 -0.241724 -0.208132
v -0.553282 0.468585 -0.208132
v 0.496869 -0.241724 -0.208132
v 0.496869 0.468585 -0.208132
v -0.553282 -0.241724 0.216030
v -0.553282 0.468585 0.216030
v 0.496869 -0.241724 0.216030
v 0.496869 0.468585 0.216030
v 1.570225 -0.234239 -0.633541
v 1.753670 -0.234239 -0.633541
v 1.386781 0.502223 -0.633541
v 1.203336 0.502223 -0.633541
v 1.937115 -0.234239 -0.633541
v 2.120559 -0.234239 -0.633541
v 1.203336 -0.234239 -0.633541
v 1.386781 -0.234239 -0.633541
v 2.111486 -0.226954 -0.620839
v 1.931671 -0.226954 -0.620839
v 1.751855 -0.226954 -0.620839
v 1.572040 -0.226954 -0.620839
v 1.392224 -0.226954 -0.620839
v 1.212409 -0.226954 -0.620839
v 1.212409 0.494938 -0.620839
v 1.392225 0.494938 -0.620839
v 1.572040 0.494938 -0.620839
v 1.751856 0.494938 -0.620839
v 1.931671 0.494938 -0.620839
v 2.111486 0.494938 -0.620839
v 1.212409 -0.226954 0.637870
v 1.392224 -0.226954 0.637870
v 1.572040 -0.226954 0.637870
v 1.751855 -0.226954 0.637870
v 1.931671 -0.226954 0.637870
v 2.111486 -0.226954 0.637870
v 2.111486 0.494938 0.637870
v 1.931671 0.494938 0.637870
v 1.751856 0.494938 0.637870
v 1.572040 0.494938 0.637870
v 1.392225 0.494938 0.637870
v 1.212409 0.494938 0.637870
v 1.570226 0.502223 -0.633541
v 1.753670 0.502223 -0.633541
v 1.937115 0.502223 -0.633541
v 2.120559 0.502223 -0.633541
v 1.203336 -0.234239 0.650572
v 1.386781 -0.234239 0.650572
v 1.570225 -0.234239 0.650572
v 1.753670 -0.234239 0.650572
v 1.937115 -0.234239 0.650572
v 2.120559 -0.234239 0.650572
v 2.120559 0.502223 0.650572
v 1.937115 0.502223 0.650572
v 1.753670 0.502223 0.650572
v 1.570226 0.502223 0.650572
v 1.386781 0.502223 0.650572
v 1.203336 0.502223 0.650572
v -3.285863 -0.221951 0.008515
v -2.585405 0.492231 0.147845
v -2.598864 0.352901 0.145168
v -2.638723 0.218926 0.137239
v -2.703453 0.095453 0.124364
v -2.790564 -0.012772 0.107036
v -2.896709 -0.101589 0.085923
v -3.017809 -0.167587 0.061834
v -3.149211 -0.208228 0.035697
v -2.626045 0.492231 0.281821
v -2.638724 0.352901 0.276569
v -2.676271 0.218926 0.261016
v -2.737245 0.095453 0.235760
v -2.819302 -0.012772 0.201771
v -2.919288 -0.101589 0.160355
v -3.033362 -0.167587 0.113104
v -3.157140 -0.208228 0.061834
v -2.692043 0.492231 0.405293
v -2.703453 0.352901 0.397669
v -2.737245 0.218926 0.375090
v -2.792120 0.095453 0.338424
v -2.865969 -0.012772 0.289080
v -2.955955 -0.101589 0.228953
v -3.058618 -0.167587 0.160355
v -3.170015 -0.208228 0.085923
v -2.780861 0.492231 0.513518
v -2.790564 0.352901 0.503814
v -2.819302 0.218926 0.475077
v -2.865969 0.095453 0.428409
v -2.928772 -0.012772 0.365606
v -3.005299 -0.101589 0.289080
v -3.092607 -0.167587 0.201771
v -3.187342 -0.208228 0.107036
v -2.889086 0.492231 0.602335
v -2.896709 0.352901 0.590925
v -2.919288 0.218926 0.557133
v -2.955955 0.095453 0.502259
v -3.005299 -0.012772 0.428409
v -3.065425 -0.101589 0.338424
v -3.134023 -0.167587 0.235760
v -3.208456 -0.208228 0.124364
v -3.012558 0.492231 0.668333
v -3.017809 0.352901 0.655655
v -3.033362 0.218926 0.618107
v -3.058618 0.095453 0.557134
v -3.092607 -0.012772 0.475077
v -3.134023 -0.101589 0.375090
v -3.181274 -0.167587 0.261016
v -3.232544 -0.208228 0.137239
v -3.146533 0.492231 0.708974
v -3.149211 0.352901 0.695515
v -3.157140 0.218926 0.655655
v -3.170015 0.095453 0.590925
v -3.187342 -0.012772 0.503814
v -3.208456 -0.101589 0.397669
v -3.232544 -0.167587 0.276569
v -3.258682 -0.208228 0.145168
v -3.285863 0.492231 0.722697
v -3.285863 0.352901 0.708974
v -3.285863 0.218926 0.668333
v -3.285863 0.095453 0.602335
v -3.285863 -0.012772 0.513518
v -3.285863 -0.101589 0.405293
v -3.285863 -0.167587 0.281821
v -3.285863 -0.208228 0.147845
v -3.425194 0.492231 0.708974
v -3.422516 0.352901 0.695515
v -3.414587 0.218926 0.655655
v -3.401712 0.095453 0.590925
v -3.384385 -0.012772 0.503814
v -3.363271 -0.101589 0.397669
v -3.339183 -0.167587 0.276569
v -3.313046 -0.208228 0.145168
v -3.559169 0.492231 0.668333
v -3.553917 0.352901 0.655654
v -3.538365 0.218926 0.618107
v -3.513109 0.095453 0.557133
v -3.479120 -0.012772 0.475077
v -3.437704 -0.101589 0.375090
v -3.390453 -0.167587 0.261016
v -3.339183 -0.208228 0.137239
v -3.682642 0.492231 0.602335
v -3.675017 0.352901 0.590925
v -3.652439 0.218926 0.557133
v -3.615772 0.095453 0.502258
v -3.566428 -0.012772 0.428409
v -3.506302 -0.101589 0.338424
v -3.437704 -0.167587 0.235760
v -3.363271 -0.208228 0.124364
v -3.790866 0.492231 0.513518
v -3.781163 0.352901 0.503814
v -3.752425 0.218926 0.475077
v -3.705758 0.095453 0.428409
v -3.642954 -0.012772 0.365606
v -3.566428 -0.101589 0.289079
v -3.479120 -0.167587 0.201771
v -3.384385 -0.208228 0.107036
v -3.879684 0.492231 0.405293
v -3.868273 0.352901 0.397669
v -3.834482 0.218926 0.375090
v -3.779607 0.095453 0.338424
v -3.705758 -0.012772 0.289079
v -3.615772 -0.101589 0.228953
v -3.513109 -0.167587 0.160355
v -3.401712 -0.208228 0.085923
v -3.945681 0.492231 0.281820
v -3.933003 0.352901 0.276569
v -3.895455 0.218926 0.261016
v -3.834482 0.095453 0.235760
v -3.752425 -0.012772 0.201771
v -3.652439 -0.101589 0.160355
v -3.538365 -0.167587 0.113104
v -3.414587 -0.208228 0.061834
v -3.986322 0.492231 0.147845
v -3.972862 0.352901 0.145168
v -3.933003 0.218926 0.137239
v -3.868273 0.095453 0.124363
v -3.781163 -0.012772 0.107036
v -3.675017 -0.101589 0.085922
v -3.553917 -0.167587 0.061834
v -3.422516 -0.208228 0.035697
v -4.000045 0.492231 0.008515
v -3.986321 0.352901 0.008515
v -3.945681 0.218926 0.008515
v -3.879684 0.095453 0.008515
v -3.790866 -0.012772 0.008515
v -3.682642 -0.101589 0.008515
v -3.559169 -0.167587 0.008515
v -3.425194 -0.208228 0.008515
v -3.986321 0.492231 -0.130815
v -3.972862 0.352901 -0.128138
v -3.933003 0.218926 -0.120209
v -3.868273 0.095453 -0.107334
v -3.781163 -0.012772 -0.090006
v -3.675017 -0.101589 -0.068893
v -3.553917 -0.167587 -0.044804
v -3.422516 -0.208228 -0.018667
v -3.945681 0.492231 -0.264791
v -3.933003 0.352901 -0.259539
v -3.895455 0.218926 -0.243986
v -3.834481 0.095453 -0.218730
v -3.752425 -0.012772 -0.184741
v -3.652439 -0.101589 -0.143325
v -3.538365 -0.167587 -0.096074
v -3.414587 -0.208228 -0.044804
v -3.879684 0.492231 -0.388263
v -3.868273 0.352901 -0.380639
v -3.834482 0.218926 -0.358060
v -3.779607 0.095453 -0.321394
v -3.705758 -0.012772 -0.272049
v -3.615772 -0.101589 -0.211923
v -3.513109 -0.167587 -0.143325
v -3.401712 -0.208228 -0.068893
v -3.790866 0.492231 -0.496488
v -3.781162 0.352901 -0.486784
v -3.752425 0.218926 -0.458047
v -3.705757 0.095453 -0.411379
v -3.642954 -0.012772 -0.348576
v -3.566428 -0.101589 -0.272049
v -3.479120 -0.167587 -0.184741
v -3.384385 -0.208228 -0.090006
v -3.682641 0.492231 -0.585305
v -3.675017 0.352901 -0.573895
v -3.652439 0.218926 -0.540103
v -3.615772 0.095453 -0.485228
v -3.566428 -0.012772 -0.411379
v -3.506302 -0.101589 -0.321394
v -3.437704 -0.167587 -0.218730
v -3.363271 -0.208228 -0.107334
v -3.559169 0.492231 -0.651303
v -3.553917 0.352901 -0.638624
v -3.538365 0.218926 -0.601077
v -3.513108 0.095453 -0.540103
v -3.479120 -0.012772 -0.458047
v -3.437704 -0.101589 -0.358060
v -3.390453 -0.167587 -0.243986
v -3.339183 -0.208228 -0.120209
v -3.425193 0.492231 -0.691944
v -3.422516 0.352901 -0.678484
v -3.414587 0.218926 -0.638625
v -3.401712 0.095453 -0.573895
v -3.384385 -0.012772 -0.486784
v -3.363271 -0.101589 -0.380639
v -3.339182 -0.167587 -0.259539
v -3.313046 -0.208228 -0.128138
v -3.285863 0.492231 -0.705666
v -3.285863 0.352901 -0.691943
v -3.285863 0.218926 -0.651303
v -3.285863 0.095453 -0.585305
v -3.285863 -0.012772 -0.496488
v -3.285863 -0.101589 -0.388263
v -3.285863 -0.167587 -0.264790
v -3.285863 -0.208228 -0.130815
v -3.146533 0.492231 -0.691944
v -3.149210 0.352901 -0.678484
v -3.157140 0.218926 -0.638624
v -3.170015 0.095453 -0.573895
v -3.187342 -0.012772 -0.486784
v -3.208456 -0.101589 -0.380639
v -3.232544 -0.167587 -0.259539
v -3.258682 -0.208228 -0.128138
v -3.012558 0.492231 -0.651303
v -3.017809 0.352901 -0.638624
v -3.033362 0.218926 -0.601077
v -3.058618 0.095453 -0.540103
v -3.092607 -0.012772 -0.458047
v -3.134023 -0.101589 -0.358060
v -3.181274 -0.167587 -0.243986
v -3.232544 -0.208228 -0.120209
v -2.889086 0.492231 -0.585305
v -2.896710 0.352901 -0.573895
v -2.919288 0.218926 -0.540103
v -2.955955 0.095453 -0.485228
v -3.005299 -0.012772 -0.411379
v -3.065425 -0.101589 -0.321394
v -3.134023 -0.167587 -0.218730
v -3.208456 -0.208228 -0.107334
v -2.780861 0.492231 -0.496487
v -2.790564 0.352901 -0.486784
v -2.819302 0.218926 -0.458047
v -2.865969 0.095453 -0.411379
v -2.928773 -0.012772 -0.348576
v -3.005299 -0.101589 -0.272049
v -3.092607 -0.167587 -0.184741
v -3.187342 -0.208228 -0.090006
v -2.692043 0.492231 -0.388263
v -2.703454 0.352901 -0.380639
v -2.737245 0.218926 -0.358060
v -2.792120 0.095453 -0.321394
v -2.865969 -0.012772 -0.272049
v -2.955955 -0.101589 -0.211923
v -3.058618 -0.167587 -0.143325
v -3.170015 -0.208228 -0.068893
v -2.626046 0.492231 -0.264790
v -2.638724 0.352901 -0.259539
v -2.676272 0.218926 -0.243986
v -2.737246 0.095453 -0.218730
v -2.819302 -0.012772 -0.184741
v -2.919288 -0.101589 -0.143325
v -3.033362 -0.167587 -0.096074
v -3.157140 -0.208228 -0.044804
v -2.585405 0.492231 -0.130815
v -2.598864 0.352901 -0.128137
v -2.638724 0.218926 -0.120209
v -2.703454 0.095453 -0.107333
v -2.790564 -0.012772 -0.090006
v -2.896710 -0.101589 -0.068892
v -3.017809 -0.167587 -0.044804
v -3.149211 -0.208228 -0.018667
v -2.571682 0.492231 0.008515
v -2.585405 0.352901 0.008515
v -2.626046 0.218926 0.008515
v -2.692044 0.095453 0.008515
v -2.780861 -0.012772 0.008515
v -2.889086 -0.101589 0.008515
v -3.012558 -0.167587 0.008515
v -3.146533 -0.208228 0.008515
v -2.676625 0.496221 0.129700
v -2.688331 0.375036 0.127372
v -2.723000 0.258508 0.120475
v -2.779300 0.151115 0.109277
v -2.855066 0.056984 0.094206
v -2.947388 -0.020267 0.075842
v -3.052718 -0.077669 0.054891
v -3.167007 -0.113018 0.032157
v -2.711973 0.496221 0.246228
v -2.723000 0.375036 0.241661
v -2.755658 0.258508 0.228133
v -2.808691 0.151115 0.206166
v -2.880062 0.056984 0.176604
v -2.967027 -0.020267 0.140581
v -3.066245 -0.077669 0.099484
v -3.173903 -0.113018 0.054891
v -2.769376 0.496221 0.353621
v -2.779300 0.375036 0.346990
v -2.808691 0.258508 0.327351
v -2.856420 0.151115 0.295460
v -2.920651 0.056984 0.252542
v -2.998918 -0.020267 0.200246
v -3.088212 -0.077669 0.140581
v -3.185102 -0.113018 0.075842
v -2.846627 0.496221 0.447752
v -2.855067 0.375036 0.439312
v -2.880062 0.258508 0.414317
v -2.920651 0.151115 0.373727
v -2.975276 0.056984 0.319102
v -3.041837 -0.020267 0.252542
v -3.117775 -0.077669 0.176604
v -3.200172 -0.113018 0.094206
v -2.940757 0.496221 0.525003
v -2.947388 0.375036 0.515079
v -2.967027 0.258508 0.485687
v -2.998918 0.151115 0.437959
v -3.041837 0.056984 0.373727
v -3.094133 -0.020267 0.295460
v -3.153797 -0.077669 0.206166
v -3.218537 -0.113018 0.109277
v -3.048150 0.496221 0.582406
v -3.052718 0.375036 0.571378
v -3.066245 0.258508 0.538721
v -3.088212 0.151115 0.485688
v -3.117775 0.056984 0.414317
v -3.153797 -0.020267 0.327352
v -3.194895 -0.077669 0.228133
v -3.239488 -0.113018 0.120475
v -3.164678 0.496221 0.617754
v -3.167007 0.375036 0.606047
v -3.173903 0.258508 0.571378
v -3.185102 0.151115 0.515079
v -3.200172 0.056984 0.439312
v -3.218537 -0.020267 0.346990
v -3.239488 -0.077669 0.241661
v -3.262222 -0.113018 0.127372
v -3.285863 0.496221 0.629690
v -3.285863 0.375036 0.617754
v -3.285863 0.258508 0.582405
v -3.285863 0.151115 0.525003
v -3.285863 0.056984 0.447752
v -3.285863 -0.020267 0.353621
v -3.285863 -0.077669 0.246228
v -3.285863 -0.113018 0.129700
v -3.407049 0.496221 0.617754
v -3.404720 0.375036 0.606047
v -3.397824 0.258508 0.571378
v -3.386625 0.151115 0.515079
v -3.371554 0.056984 0.439312
v -3.353190 -0.020267 0.346990
v -3.332239 -0.077669 0.241661
v -3.309505 -0.113018 0.127372
v -3.523577 0.496221 0.582405
v -3.519009 0.375036 0.571378
v -3.505482 0.258508 0.538721
v -3.483515 0.151115 0.485687
v -3.453952 0.056984 0.414317
v -3.417930 -0.020267 0.327351
v -3.376832 -0.077669 0.228133
v -3.332239 -0.113018 0.120475
v -3.630969 0.496221 0.525003
v -3.624339 0.375036 0.515078
v -3.604700 0.258508 0.485687
v -3.572809 0.151115 0.437959
v -3.529890 0.056984 0.373727
v -3.477594 -0.020267 0.295460
v -3.417930 -0.077669 0.206166
v -3.353190 -0.113018 0.109277
v -3.725100 0.496221 0.447752
v -3.716660 0.375036 0.439312
v -3.691665 0.258508 0.414317
v -3.651076 0.151115 0.373727
v -3.596451 0.056984 0.319102
v -3.529890 -0.020267 0.252542
v -3.453952 -0.077669 0.176604
v -3.371554 -0.113018 0.094206
v -3.802351 0.496221 0.353621
v -3.792427 0.375036 0.346990
v -3.763036 0.258508 0.327351
v -3.715307 0.151115 0.295460
v -3.651076 0.056984 0.252542
v -3.572809 -0.020267 0.200246
v -3.483515 -0.077669 0.140581
v -3.386625 -0.113018 0.075842
v -3.859754 0.496221 0.246228
v -3.848727 0.375036 0.241660
v -3.816069 0.258508 0.228133
v -3.763036 0.151115 0.206166
v -3.691665 0.056984 0.176604
v -3.604700 -0.020267 0.140581
v -3.505482 -0.077669 0.099484
v -3.397824 -0.113018 0.054891
v -3.895102 0.496221 0.129700
v -3.883396 0.375036 0.127371
v -3.848727 0.258508 0.120475
v -3.792427 0.151115 0.109277
v -3.716660 0.056984 0.094206
v -3.624339 -0.020267 0.075842
v -3.519009 -0.077669 0.054891
v -3.404720 -0.113018 0.032157
v -3.907038 0.496221 0.008515
v -3.895102 0.375036 0.008515
v -3.859754 0.258508 0.008515
v -3.802351 0.151115 0.008515
v -3.725100 0.056984 0.008515
v -3.630969 -0.020267 0.008515
v -3.523577 -0.077669 0.008515
v -3.407049 -0.113018 0.008515
v -3.895102 0.496221 -0.112670
v -3.883396 0.375036 -0.110342
v -3.848727 0.258508 -0.103445
v -3.792427 0.151115 -0.092247
v -3.716660 0.056984 -0.077176
v -3.624339 -0.020267 -0.058812
v -3.519009 -0.077669 -0.037861
v -3.404720 -0.113018 -0.015127
v -3.859754 0.496221 -0.229198
v -3.848727 0.375036 -0.224631
v -3.816069 0.258508 -0.211103
v -3.763036 0.151115 -0.189136
v -3.691665 0.056984 -0.159574
v -3.604700 -0.020267 -0.123551
v -3.505482 -0.077669 -0.082454
v -3.397824 -0.113018 -0.037861
v -3.802351 0.496221 -0.336591
v -3.792427 0.375036 -0.329960
v -3.763036 0.258508 -0.310321
v -3.715307 0.151115 -0.278430
v -3.651076 0.056984 -0.235512
v -3.572809 -0.020267 -0.183216
v -3.483515 -0.077669 -0.123551
v -3.386625 -0.113018 -0.058812
v -3.725100 0.496221 -0.430722
v -3.716660 0.375036 -0.422282
v -3.691665 0.258508 -0.397287
v -3.651075 0.151115 -0.356697
v -3.596451 0.056984 -0.302072
v -3.529890 -0.020267 -0.235512
v -3.453952 -0.077669 -0.159574
v -3.371554 -0.113018 -0.077176
v -3.630969 0.496221 -0.507973
v -3.624338 0.375036 -0.498048
v -3.604700 0.258508 -0.468657
v -3.572809 0.151115 -0.420929
v -3.529890 0.056984 -0.356697
v -3.477594 -0.020267 -0.278430
v -3.417930 -0.077669 -0.189136
v -3.353190 -0.113018 -0.092247
v -3.523576 0.496221 -0.565375
v -3.519009 0.375036 -0.554348
v -3.505482 0.258508 -0.521691
v -3.483514 0.151115 -0.468657
v -3.453952 0.056984 -0.397287
v -3.417930 -0.020267 -0.310321
v -3.376832 -0.077669 -0.211103
v -3.332239 -0.113018 -0.103445
v -3.407048 0.496221 -0.600724
v -3.404720 0.375036 -0.589017
v -3.397824 0.258508 -0.554348
v -3.386625 0.151115 -0.498048
v -3.371554 0.056984 -0.422282
v -3.353190 -0.020267 -0.329960
v -3.332239 -0.077669 -0.224631
v -3.309505 -0.113018 -0.110342
v -3.285863 0.375036 -0.600723
v -3.285863 0.258508 -0.565375
v -3.285863 0.151115 -0.507972
v -3.285863 0.056984 -0.430722
v -3.285863 -0.020267 -0.336591
v -3.285863 -0.077669 -0.229198
v -3.285863 -0.113018 -0.112670
v -3.164678 0.496221 -0.600724
v -3.167007 0.375036 -0.589017
v -3.173903 0.258508 -0.554348
v -3.185102 0.151115 -0.498048
v -3.200172 0.056984 -0.422282
v -3.218537 -0.020267 -0.329960
v -3.239488 -0.077669 -0.224630
v -3.262222 -0.113018 -0.110342
v -3.048150 0.496221 -0.565375
v -3.052718 0.375036 -0.554348
v -3.066245 0.258508 -0.521690
v -3.088212 0.151115 -0.468657
v -3.117775 0.056984 -0.397287
v -3.153797 -0.020267 -0.310321
v -3.194895 -0.077669 -0.211103
v -3.239488 -0.113018 -0.103445
v -2.940757 0.496221 -0.507972
v -2.947388 0.375036 -0.498048
v -2.967027 0.258508 -0.468657
v -2.998918 0.151115 -0.420929
v -3.041837 0.056984 -0.356697
v -3.094133 -0.020267 -0.278430
v -3.153797 -0.077669 -0.189136
v -3.218537 -0.113018 -0.092247
v -2.846627 0.496221 -0.430721
v -2.855067 0.375036 -0.422281
v -2.880062 0.258508 -0.397287
v -2.920651 0.151115 -0.356697
v -2.975276 0.056984 -0.302072
v -3.041837 -0.020267 -0.235512
v -3.117775 -0.077669 -0.159574
v -3.200172 -0.113018 -0.077176
v -2.769376 0.496221 -0.336591
v -2.779300 0.375036 -0.329960
v -2.808691 0.258508 -0.310321
v -2.856420 0.151115 -0.278430
v -2.920651 0.056984 -0.235512
v -2.998918 -0.020267 -0.183216
v -3.088212 -0.077669 -0.123551
v -3.185102 -0.113018 -0.058812
v -2.711973 0.496221 -0.229198
v -2.723001 0.375036 -0.224630
v -2.755658 0.258508 -0.211103
v -2.808691 0.151115 -0.189136
v -2.880062 0.056984 -0.159573
v -2.967027 -0.020267 -0.123551
v -3.066245 -0.077669 -0.082454
v -3.173903 -0.113018 -0.037861
v -2.676625 0.496221 -0.112670
v -2.688331 0.375036 -0.110341
v -2.723000 0.258508 -0.103445
v -2.779300 0.151115 -0.092247
v -2.855067 0.056984 -0.077176
v -2.947389 -0.020267 -0.058812
v -3.052718 -0.077669 -0.037860
v -3.167007 -0.113018 -0.015127
v -2.664689 0.496221 0.008515
v -2.676625 0.375036 0.008515
v -2.711973 0.258508 0.008515
v -2.769376 0.151115 0.008515
v -2.846627 0.056984 0.008515
v -2.940758 -0.020267 0.008515
v -3.048150 -0.077669 0.008515
v -3.164678 -0.113018 0.008515
v -3.285863 -0.124954 0.008515
v -2.626045 0.492231 0.281821
v -2.585405 0.492231 0.147845
v -2.692043 0.492231 0.405293
v -2.780861 0.492231 0.513518
v -2.889086 0.492231 0.602335
v -3.012558 0.492231 0.668333
v -3.146533 0.492231 0.708974
v -3.285863 0.492231 0.722697
v -3.425194 0.492231 0.708974
v -3.559169 0.492231 0.668333
v -3.682642 0.492231 0.602335
v -3.790866 0.492231 0.513518
v -3.879684 0.492231 0.405293
v -3.945681 0.492231 0.281820
v -3.986322 0.492231 0.147845
v -4.000045 0.492231 0.008515
v -3.986321 0.492231 -0.130815
v -3.945681 0.492231 -0.264791
v -3.879684 0.492231 -0.388263
v -3.790866 0.492231 -0.496488
v -3.682641 0.492231 -0.585305
v -3.559169 0.492231 -0.651303
v -3.425193 0.492231 -0.691944
v -3.285863 0.492231 -0.705666
v -3.146533 0.492231 -0.691944
v -3.012558 0.492231 -0.651303
v -2.889086 0.492231 -0.585305
v -2.780861 0.492231 -0.496487
v -2.692043 0.492231 -0.388263
v -2.626046 0.492231 -0.264790
v -2.585405 0.492231 -0.130815
v -2.571682 0.492231 0.008515
v -2.711973 0.496221 0.246228
v -2.676625 0.496221 0.129700
v -2.769376 0.496221 0.353621
v -2.846627 0.496221 0.447752
v -2.940757 0.496221 0.525003
v -3.048150 0.496221 0.582406
v -3.164678 0.496221 0.617754
v -3.285863 0.496221 0.629690
v -3.407049 0.496221 0.617754
v -3.523577 0.496221 0.582405
v -3.630969 0.496221 0.525003
v -3.725100 0.496221 0.447752
v -3.802351 0.496221 0.353621
v -3.859754 0.496221 0.246228
v -3.895102 0.496221 0.129700
v -3.907038 0.496221 0.008515
v -3.895102 0.496221 -0.112670
v -3.859754 0.496221 -0.229198
v -3.802351 0.496221 -0.336591
v -3.725100 0.496221 -0.430722
v -3.630969 0.496221 -0.507973
v -3.523576 0.496221 -0.565375
v -3.407048 0.496221 -0.600724
v -3.164678 0.496221 -0.600724
v -3.048150 0.496221 -0.565375
v -2.940757 0.496221 -0.507972
v -2.846627 0.496221 -0.430721
v -2.769376 0.496221 -0.336591
v -2.711973 0.496221 -0.229198
v -2.676625 0.496221 -0.112670
v -2.664689 0.496221 0.008515
v -3.285863 0.352901 -0.691943
v -3.422516 0.352901 -0.678484
v -3.149210 0.352901 -0.678484
v -3.407048 0.496221 -0.600724
v -3.404720 0.375036 -0.589017
v -3.285863 0.375036 -0.600723
v -3.167007 0.375036 -0.589017
v -3.407048 0.496221 -0.600724
v -3.164678 0.496221 -0.600724
v -3.146533 0.492231 -0.691944
v -3.425193 0.492231 -0.691944
v -3.146533 0.492231 0.708974
v -3.149211 0.352901 0.695515
v -3.285863 0.352901 0.708974
v -3.422516 0.352901 0.695515
v -3.167007 0.375036 0.606047
v -3.164678 0.496221 0.617754
v -3.285863 0.375036 0.617754
v -3.407049 0.496221 0.617754
v -3.404720 0.375036 0.606047
v -3.164678 0.496221 0.617754
v -3.146533 0.492231 0.708974
v -3.407049 0.496221 0.617754
v -3.425194 0.492231 0.708974
v 1.135175 -0.207859 -0.613173
v 1.135175 0.487627 -0.613173
v 2.202194 -0.207859 -0.613172
v 2.202194 0.487627 -0.613172
v 1.135175 -0.207859 -0.179159
v 1.135175 0.487627 -0.179159
v 2.202194 -0.207859 -0.179159
v 2.202194 0.487627 -0.179159
v 1.135175 -0.207859 0.189628
v 1.135175 0.487627 0.189628
v 2.202194 -0.207859 0.189628
v 2.202194 0.487627 0.189628
v 1.135175 -0.207859 0.623642
v 1.135175 0.487627 0.623642
v 2.202194 -0.207859 0.623642
v 2.202194 0.487627 0.623642
v -0.685014 0.113261 0.185902
v 2.237699 0.113256 0.185906
v 2.237699 0.113256 -0.171339
v -0.685015 0.113261 -0.171343
v -0.685013 -0.219467 0.185902
v 2.237700 -0.219472 0.185906
v 2.237698 -0.219472 -0.171339
v -0.685014 -0.219467 -0.171343
v 2.270346 0.092203 0.163302
v 2.270345 0.092203 -0.148735
v 2.270347 -0.198420 0.163302
v 2.270345 -0.198420 -0.148735
v -0.214819 -0.276983 -0.232479
v -0.214819 0.493039 -0.232479
v 0.158407 -0.276983 -0.232479
v 0.158407 0.493039 -0.232479
v -0.214819 -0.276983 0.239351
v -0.214819 0.493039 0.239351
v 0.158407 -0.276983 0.239351
v 0.158407 0.493039 0.239351
v -0.106912 -0.169700 0.239351
v -0.106912 -0.169700 -0.232479
v 0.118856 -0.049024 0.239351
v 0.118856 -0.049024 -0.232479
v 0.116067 -0.020710 0.239351
v 0.116067 -0.020710 -0.232479
v 0.107808 0.006516 0.239351
v 0.107808 0.006516 -0.232479
v -0.081820 0.085063 0.239351
v -0.081820 0.085063 -0.232479
v -0.106912 0.071651 0.239351
v -0.106912 0.071651 -0.232479
v -0.054594 0.093322 0.239351
v -0.054594 0.093322 -0.232479
v -0.128905 0.053602 0.239351
v -0.128905 0.053602 -0.232479
v -0.168626 -0.020710 0.239351
v -0.168626 -0.020710 -0.232479
v -0.171414 -0.049024 0.239351
v -0.171414 -0.049024 -0.232479
v -0.160367 0.006517 0.239351
v -0.160367 0.006517 -0.232479
v 0.002035 -0.191371 0.239351
v 0.002035 -0.191371 -0.232479
v 0.094396 -0.129657 0.239351
v 0.094396 -0.129657 -0.232479
v -0.026279 -0.194159 0.239351
v -0.026279 -0.194159 -0.232479
v 0.029261 -0.183112 0.239351
v 0.029261 -0.183112 -0.232479
v -0.168626 -0.077339 0.239351
v -0.168626 -0.077339 -0.232479
v 0.076347 0.053602 0.239351
v 0.076347 0.053602 -0.232479
v 0.094396 0.031608 0.239351
v 0.094396 0.031608 -0.232479
v 0.054354 0.071651 0.239351
v 0.054354 0.071651 -0.232479
v -0.054594 -0.191371 0.239351
v -0.054594 -0.191371 -0.232479
v -0.146955 -0.129657 0.239351
v -0.146955 -0.129657 -0.232479
v -0.128905 -0.151650 0.239351
v -0.128905 -0.151650 -0.232479
v -0.081820 -0.183112 0.239351
v -0.081820 -0.183112 -0.232479
v -0.026279 0.096111 0.239351
v -0.026279 0.096111 -0.232479
v -0.146955 0.031609 0.239351
v -0.146955 0.031609 -0.232479
v 0.002035 0.093322 0.239351
v 0.002035 0.093322 -0.232479
v 0.076347 -0.151650 0.239351
v 0.076347 -0.151650 -0.232479
v -0.160367 -0.104565 0.239351
v -0.160367 -0.104565 -0.232479
v 0.054353 -0.169700 0.239351
v 0.054353 -0.169700 -0.232479
v 0.029262 0.085063 0.239351
v 0.029262 0.085063 -0.232479
v 0.107808 -0.104565 0.239351
v 0.107808 -0.104565 -0.232479
v 0.116067 -0.077339 0.239351
v 0.116067 -0.077339 -0.232479
vn 0.0778 0.8176 0.5705
vn 0.2986 0.8085 -0.5071
vn 0.2986 0.8085 0.5071
vn 0.2986 -0.8085 0.5071
vn 0.0778 -0.8176 -0.5705
vn 0.0778 -0.8176 0.5704
vn 0.0777 0.8176 -0.5705
vn 0.8472 -0.3679 -0.3833
vn 0.2986 -0.8085 -0.5071
vn 0.0899 -0.8138 0.5741
vn 0.0899 -0.8138 -0.5741
vn 0.8472 -0.3679 0.3833
vn 0.8472 0.3679 -0.3833
vn 0.8472 0.3679 0.3833
vn 0.0899 0.8138 0.5741
vn 0.0899 0.8138 -0.5741
vn -0.0810 0.8195 -0.5673
vn -0.0810 0.8195 0.5673
vn -0.0864 -0.8120 -0.5773
vn -0.0864 -0.8120 0.5773
vn -0.0000 -1.0000 -0.0000
vn 0.1598 -0.9871 -0.0000
vn 0.1565 -0.9871 0.0322
vn 1.0000 -0.0000 -0.0000
vn 0.9610 -0.1970 0.1939
vn 0.9804 -0.1969 -0.0000
vn 0.3627 0.9319 -0.0000
vn 0.1565 0.9871 0.0322
vn 0.3551 0.9320 0.0729
vn 0.9041 -0.3864 0.1825
vn 0.9224 -0.3863 -0.0000
vn 0.5440 0.8391 -0.0000
vn 0.5329 0.8392 0.1084
vn 0.8115 -0.5609 0.1640
vn 0.8279 -0.5608 -0.0000
vn 0.7004 0.7137 -0.0000
vn 0.6864 0.7138 0.1390
vn 0.6864 -0.7138 0.1390
vn 0.7004 -0.7137 -0.0000
vn 0.8279 0.5608 -0.0000
vn 0.8115 0.5609 0.1640
vn 0.5329 -0.8392 0.1084
vn 0.5440 -0.8391 -0.0000
vn 0.9224 0.3863 -0.0000
vn 0.9041 0.3864 0.1825
vn 0.3551 -0.9320 0.0729
vn 0.3627 -0.9319 -0.0000
vn 0.9804 0.1969 -0.0000
vn 0.9610 0.1970 0.1939
vn 0.9803 -0.0000 0.1977
vn 0.1598 0.9871 -0.0000
vn -0.0000 1.0000 -0.0000
vn 0.1477 -0.9871 0.0621
vn 0.9037 0.1971 0.3802
vn 0.9217 -0.0000 0.3878
vn 0.1477 0.9871 0.0621
vn 0.9037 -0.1971 0.3802
vn 0.3329 0.9322 0.1419
vn 0.8500 -0.3865 0.3578
vn 0.5003 0.8395 0.2120
vn 0.7628 -0.5611 0.3214
vn 0.6449 0.7141 0.2723
vn 0.6449 -0.7141 0.2723
vn 0.7628 0.5611 0.3214
vn 0.5003 -0.8395 0.2120
vn 0.8500 0.3865 0.3578
vn 0.3329 -0.9322 0.1419
vn 0.4478 0.8400 0.3066
vn 0.5777 0.7146 0.3945
vn 0.5777 -0.7146 0.3945
vn 0.6837 0.5615 0.4661
vn 0.4478 -0.8400 0.3066
vn 0.7621 0.3868 0.5191
vn 0.2978 -0.9325 0.2044
vn 0.8104 0.1972 0.5517
vn 0.1341 -0.9869 0.0900
vn 0.8267 -0.0000 0.5627
vn 0.1341 0.9869 0.0899
vn 0.8104 -0.1972 0.5517
vn 0.2978 0.9325 0.2044
vn 0.7621 -0.3868 0.5191
vn 0.6837 -0.5615 0.4661
vn 0.6846 0.1974 0.7017
vn 0.6984 -0.0000 0.7157
vn 0.1163 0.9864 0.1159
vn 0.1163 -0.9864 0.1159
vn 0.6846 -0.1974 0.7017
vn 0.2515 0.9327 0.2586
vn 0.6437 -0.3872 0.6600
vn 0.3776 0.8405 0.3886
vn 0.5772 -0.5621 0.5923
vn 0.4874 0.7152 0.5009
vn 0.4874 -0.7152 0.5009
vn 0.5772 0.5621 0.5924
vn 0.3776 -0.8405 0.3886
vn 0.6437 0.3872 0.6600
vn 0.2515 -0.9327 0.2586
vn 0.3775 -0.7159 0.5873
vn 0.3775 0.7159 0.5873
vn 0.4472 0.5628 0.6952
vn 0.2925 -0.8410 0.4551
vn 0.4989 0.3878 0.7751
vn 0.1960 -0.9325 0.3033
vn 0.5307 0.1977 0.8242
vn 0.0950 -0.9855 0.1403
vn 0.5415 -0.0000 0.8407
vn 0.0950 0.9855 0.1403
vn 0.5307 -0.1977 0.8242
vn 0.1960 0.9325 0.3033
vn 0.4989 -0.3878 0.7751
vn 0.2925 0.8410 0.4551
vn 0.4472 -0.5628 0.6952
vn 0.0703 -0.9838 0.1650
vn 0.3536 -0.1979 0.9142
vn 0.0703 0.9838 0.1650
vn 0.1342 0.9312 0.3390
vn 0.3324 -0.3882 0.8595
vn 0.1964 0.8406 0.5048
vn 0.2981 -0.5632 0.7707
vn 0.2521 0.7161 0.6509
vn 0.2521 -0.7161 0.6509
vn 0.2981 0.5632 0.7707
vn 0.1964 -0.8406 0.5048
vn 0.3324 0.3882 0.8595
vn 0.1342 -0.9312 0.3390
vn 0.3536 0.1979 0.9142
vn 0.3607 -0.0000 0.9327
vn 0.0954 -0.8342 0.5432
vn 0.1375 0.5593 0.8175
vn 0.1519 0.3855 0.9101
vn 0.0695 -0.9246 0.3745
vn 0.1608 0.1966 0.9672
vn 0.0410 -0.9797 0.1961
vn 0.1639 -0.0000 0.9865
vn 0.0410 0.9797 0.1961
vn 0.1608 -0.1966 0.9672
vn 0.0695 0.9246 0.3745
vn 0.1519 -0.3855 0.9101
vn 0.0954 0.8342 0.5432
vn 0.1375 -0.5593 0.8175
vn 0.1184 0.7108 0.6933
vn 0.1184 -0.7108 0.6933
vn -0.0000 0.9738 0.2273
vn -0.0000 0.9130 0.4079
vn -0.0000 -0.3756 0.9268
vn -0.0000 0.8192 0.5735
vn -0.0000 -0.5457 0.8380
vn -0.0000 0.6953 0.7187
vn -0.0000 -0.6953 0.7187
vn -0.0000 0.5457 0.8380
vn -0.0000 -0.8192 0.5735
vn -0.0000 0.3756 0.9268
vn -0.0000 -0.9130 0.4079
vn -0.0000 0.1914 0.9815
vn -0.0000 -0.9738 0.2272
vn -0.0000 -0.0000 1.0000
vn -0.0000 -0.1914 0.9815
vn -0.1519 0.3855 0.9101
vn -0.0954 -0.8342 0.5432
vn -0.0695 -0.9246 0.3745
vn -0.1608 0.1966 0.9672
vn -0.0410 -0.9797 0.1961
vn -0.1639 -0.0000 0.9865
vn -0.0410 0.9797 0.1961
vn -0.1608 -0.1966 0.9672
vn -0.0695 0.9246 0.3745
vn -0.1519 -0.3855 0.9101
vn -0.0954 0.8342 0.5432
vn -0.1375 -0.5593 0.8175
vn -0.1184 0.7108 0.6933
vn -0.1184 -0.7108 0.6933
vn -0.1375 0.5593 0.8175
vn -0.3536 -0.1979 0.9142
vn -0.3324 -0.3882 0.8595
vn -0.1964 0.8406 0.5048
vn -0.2981 -0.5632 0.7707
vn -0.2521 0.7161 0.6509
vn -0.2520 -0.7161 0.6509
vn -0.2981 0.5632 0.7707
vn -0.1964 -0.8406 0.5048
vn -0.3324 0.3882 0.8595
vn -0.1342 -0.9312 0.3390
vn -0.3536 0.1979 0.9142
vn -0.0703 -0.9838 0.1650
vn -0.3607 -0.0000 0.9327
vn -0.0703 0.9838 0.1650
vn -0.1342 0.9312 0.3390
vn -0.2925 -0.8410 0.4551
vn -0.1960 -0.9325 0.3033
vn -0.5307 0.1977 0.8242
vn -0.0950 -0.9855 0.1403
vn -0.5415 -0.0000 0.8407
vn -0.0950 0.9855 0.1403
vn -0.5307 -0.1977 0.8242
vn -0.1960 0.9325 0.3033
vn -0.4989 -0.3878 0.7751
vn -0.2925 0.8410 0.4551
vn -0.4472 -0.5628 0.6952
vn -0.3775 0.7159 0.5873
vn -0.3775 -0.7159 0.5873
vn -0.4472 0.5628 0.6952
vn -0.4989 0.3878 0.7751
vn -0.3776 0.8405 0.3886
vn -0.6437 -0.3872 0.6600
vn -0.5772 -0.5621 0.5923
vn -0.4874 0.7152 0.5009
vn -0.4874 -0.7152 0.5009
vn -0.5772 0.5621 0.5923
vn -0.3776 -0.8405 0.3886
vn -0.6437 0.3872 0.6600
vn -0.2515 -0.9327 0.2586
vn -0.6846 0.1974 0.7017
vn -0.1163 -0.9864 0.1159
vn -0.6984 -0.0000 0.7157
vn -0.1163 0.9864 0.1159
vn -0.6846 -0.1974 0.7017
vn -0.2515 0.9327 0.2586
vn -0.8104 0.1972 0.5517
vn -0.2978 -0.9325 0.2044
vn -0.1341 -0.9869 0.0899
vn -0.8267 -0.0000 0.5627
vn -0.1341 0.9869 0.0899
vn -0.8104 -0.1972 0.5517
vn -0.2978 0.9325 0.2044
vn -0.7621 -0.3868 0.5191
vn -0.4478 0.8400 0.3066
vn -0.6837 -0.5615 0.4661
vn -0.5777 0.7146 0.3945
vn -0.5777 -0.7146 0.3945
vn -0.6837 0.5615 0.4661
vn -0.4478 -0.8400 0.3066
vn -0.7621 0.3868 0.5191
vn -0.8500 -0.3865 0.3578
vn -0.7628 -0.5611 0.3214
vn -0.6449 0.7141 0.2723
vn -0.6449 -0.7141 0.2723
vn -0.7628 0.5611 0.3214
vn -0.5003 -0.8395 0.2120
vn -0.8500 0.3865 0.3578
vn -0.3329 -0.9322 0.1419
vn -0.9037 0.1971 0.3802
vn -0.1477 -0.9871 0.0621
vn -0.9217 -0.0000 0.3878
vn -0.1477 0.9871 0.0621
vn -0.9037 -0.1971 0.3802
vn -0.3329 0.9322 0.1419
vn -0.5003 0.8395 0.2120
vn -0.3551 -0.9320 0.0729
vn -0.1565 -0.9871 0.0322
vn -0.9803 -0.0000 0.1977
vn -0.1565 0.9871 0.0322
vn -0.9610 -0.1970 0.1939
vn -0.3551 0.9320 0.0729
vn -0.9041 -0.3864 0.1825
vn -0.5329 0.8392 0.1084
vn -0.8115 -0.5609 0.1640
vn -0.6864 0.7138 0.1390
vn -0.6864 -0.7138 0.1390
vn -0.8115 0.5609 0.1640
vn -0.5329 -0.8392 0.1084
vn -0.9041 0.3864 0.1825
vn -0.9610 0.1970 0.1939
vn -0.8279 -0.5608 -0.0000
vn -0.7004 -0.7137 -0.0000
vn -0.8279 0.5608 -0.0000
vn -0.5440 -0.8391 -0.0000
vn -0.9224 0.3863 -0.0000
vn -0.3627 -0.9319 -0.0000
vn -0.9804 0.1969 -0.0000
vn -0.1598 -0.9871 -0.0000
vn -1.0000 -0.0000 -0.0000
vn -0.1598 0.9871 -0.0000
vn -0.9804 -0.1969 -0.0000
vn -0.3627 0.9319 -0.0000
vn -0.9224 -0.3863 -0.0000
vn -0.5440 0.8391 -0.0000
vn -0.7004 0.7137 -0.0000
vn -0.1565 0.9871 -0.0322
vn -0.1565 -0.9871 -0.0322
vn -0.9610 -0.1970 -0.1939
vn -0.3551 0.9320 -0.0729
vn -0.9041 -0.3864 -0.1825
vn -0.5329 0.8392 -0.1084
vn -0.8115 -0.5609 -0.1640
vn -0.6864 0.7138 -0.1390
vn -0.6864 -0.7138 -0.1390
vn -0.8115 0.5609 -0.1640
vn -0.5329 -0.8392 -0.1084
vn -0.9041 0.3864 -0.1825
vn -0.3551 -0.9320 -0.0729
vn -0.9610 0.1970 -0.1939
vn -0.9803 -0.0000 -0.1977
vn -0.6449 0.7141 -0.2723
vn -0.7628 0.5611 -0.3214
vn -0.5003 -0.8395 -0.2120
vn -0.8500 0.3865 -0.3579
vn -0.3329 -0.9322 -0.1419
vn -0.9037 0.1971 -0.3802
vn -0.1477 -0.9871 -0.0621
vn -0.9218 -0.0000 -0.3878
vn -0.1477 0.9871 -0.0621
vn -0.9037 -0.1971 -0.3802
vn -0.3329 0.9322 -0.1419
vn -0.8500 -0.3865 -0.3578
vn -0.5003 0.8395 -0.2120
vn -0.7628 -0.5611 -0.3214
vn -0.6449 -0.7141 -0.2723
vn -0.8104 -0.1972 -0.5517
vn -0.1341 0.9869 -0.0899
vn -0.2978 0.9325 -0.2044
vn -0.7621 -0.3868 -0.5191
vn -0.4478 0.8400 -0.3066
vn -0.6837 -0.5615 -0.4661
vn -0.5777 0.7146 -0.3945
vn -0.5777 -0.7146 -0.3945
vn -0.6837 0.5615 -0.4661
vn -0.4478 -0.8400 -0.3066
vn -0.7621 0.3868 -0.5191
vn -0.2978 -0.9325 -0.2044
vn -0.8104 0.1972 -0.5517
vn -0.1341 -0.9869 -0.0899
vn -0.8267 -0.0000 -0.5627
vn -0.3776 -0.8405 -0.3886
vn -0.5772 0.5621 -0.5923
vn -0.6437 0.3872 -0.6600
vn -0.2515 -0.9327 -0.2586
vn -0.6846 0.1974 -0.7017
vn -0.1163 -0.9864 -0.1159
vn -0.6984 -0.0000 -0.7157
vn -0.1163 0.9864 -0.1159
vn -0.6846 -0.1974 -0.7017
vn -0.2515 0.9327 -0.2586
vn -0.6437 -0.3872 -0.6600
vn -0.3776 0.8405 -0.3886
vn -0.5772 -0.5621 -0.5923
vn -0.4874 0.7152 -0.5009
vn -0.4874 -0.7152 -0.5009
vn -0.0950 0.9855 -0.1403
vn -0.1960 0.9325 -0.3033
vn -0.4989 -0.3878 -0.7751
vn -0.2925 0.8410 -0.4551
vn -0.4472 -0.5628 -0.6952
vn -0.3775 0.7159 -0.5873
vn -0.3775 -0.7159 -0.5873
vn -0.4472 0.5628 -0.6952
vn -0.2925 -0.8410 -0.4551
vn -0.4989 0.3878 -0.7751
vn -0.1960 -0.9325 -0.3033
vn -0.5307 0.1977 -0.8242
vn -0.0950 -0.9855 -0.1403
vn -0.5415 -0.0000 -0.8407
vn -0.5307 -0.1977 -0.8242
vn -0.2981 0.5632 -0.7707
vn -0.3324 0.3882 -0.8595
vn -0.1342 -0.9312 -0.3390
vn -0.3536 0.1979 -0.9142
vn -0.0703 -0.9838 -0.1650
vn -0.3607 -0.0000 -0.9327
vn -0.0703 0.9838 -0.1650
vn -0.3536 -0.1979 -0.9142
vn -0.1342 0.9312 -0.3390
vn -0.3324 -0.3882 -0.8595
vn -0.1964 0.8406 -0.5048
vn -0.2981 -0.5632 -0.7707
vn -0.2520 0.7161 -0.6509
vn -0.2521 -0.7161 -0.6509
vn -0.1964 -0.8406 -0.5048
vn -0.1519 -0.3855 -0.9101
vn -0.0695 0.9246 -0.3745
vn -0.0954 0.8342 -0.5432
vn -0.1375 -0.5593 -0.8175
vn -0.1184 0.7108 -0.6933
vn -0.1184 -0.7108 -0.6933
vn -0.1375 0.5593 -0.8175
vn -0.0954 -0.8342 -0.5432
vn -0.1519 0.3855 -0.9101
vn -0.0695 -0.9246 -0.3745
vn -0.1608 0.1966 -0.9672
vn -0.0410 -0.9797 -0.1961
vn -0.1639 -0.0000 -0.9865
vn -0.0410 0.9797 -0.1961
vn -0.1608 -0.1966 -0.9672
vn -0.0000 -0.9130 -0.4079
vn -0.0000 0.3756 -0.9268
vn -0.0000 0.1914 -0.9815
vn -0.0000 -0.9738 -0.2272
vn -0.0000 -0.0000 -1.0000
vn -0.0000 0.9738 -0.2272
vn -0.0000 -0.1914 -0.9815
vn -0.0000 0.9130 -0.4079
vn -0.0000 -0.3756 -0.9268
vn -0.0000 0.8192 -0.5735
vn -0.0000 -0.5457 -0.8380
vn -0.0000 0.6953 -0.7187
vn -0.0000 -0.6953 -0.7187
vn -0.0000 0.5457 -0.8380
vn -0.0000 -0.8192 -0.5735
vn 0.1519 -0.3855 -0.9101
vn 0.1375 -0.5593 -0.8175
vn 0.1184 0.7108 -0.6933
vn 0.1184 -0.7108 -0.6933
vn 0.1375 0.5593 -0.8175
vn 0.0954 -0.8342 -0.5432
vn 0.1519 0.3855 -0.9101
vn 0.0695 -0.9246 -0.3745
vn 0.1608 0.1966 -0.9672
vn 0.0410 -0.9797 -0.1961
vn 0.1639 -0.0000 -0.9865
vn 0.0410 0.9797 -0.1961
vn 0.1608 -0.1966 -0.9672
vn 0.0695 0.9246 -0.3745
vn 0.0954 0.8342 -0.5432
vn 0.1342 -0.9312 -0.3390
vn 0.0703 -0.9838 -0.1650
vn 0.3607 -0.0000 -0.9327
vn 0.0703 0.9838 -0.1650
vn 0.3536 -0.1979 -0.9142
vn 0.1342 0.9312 -0.3390
vn 0.3324 -0.3882 -0.8595
vn 0.1964 0.8406 -0.5048
vn 0.2981 -0.5632 -0.7707
vn 0.2520 0.7161 -0.6509
vn 0.2521 -0.7161 -0.6509
vn 0.2981 0.5632 -0.7707
vn 0.1964 -0.8406 -0.5048
vn 0.3324 0.3882 -0.8595
vn 0.3536 0.1979 -0.9142
vn 0.3775 0.7159 -0.5873
vn 0.4472 -0.5628 -0.6952
vn 0.3775 -0.7159 -0.5873
vn 0.4472 0.5628 -0.6952
vn 0.2925 -0.8410 -0.4551
vn 0.4989 0.3878 -0.7751
vn 0.1960 -0.9325 -0.3033
vn 0.5307 0.1977 -0.8242
vn 0.0950 -0.9855 -0.1403
vn 0.5415 -0.0000 -0.8407
vn 0.0950 0.9855 -0.1403
vn 0.5307 -0.1977 -0.8242
vn 0.1960 0.9325 -0.3033
vn 0.4989 -0.3878 -0.7751
vn 0.2925 0.8410 -0.4551
vn 0.6984 -0.0000 -0.7157
vn 0.1163 0.9864 -0.1159
vn 0.1163 -0.9864 -0.1159
vn 0.6846 -0.1974 -0.7017
vn 0.2515 0.9327 -0.2586
vn 0.6437 -0.3872 -0.6601
vn 0.3776 0.8405 -0.3886
vn 0.5772 -0.5621 -0.5923
vn 0.4874 0.7152 -0.5009
vn 0.4874 -0.7152 -0.5009
vn 0.5772 0.5621 -0.5923
vn 0.3776 -0.8405 -0.3886
vn 0.6437 0.3872 -0.6600
vn 0.2515 -0.9327 -0.2586
vn 0.6846 0.1974 -0.7017
vn 0.6837 -0.5615 -0.4661
vn 0.5777 -0.7146 -0.3945
vn 0.6837 0.5615 -0.4661
vn 0.4478 -0.8400 -0.3066
vn 0.7621 0.3868 -0.5191
vn 0.2978 -0.9325 -0.2044
vn 0.8104 0.1972 -0.5517
vn 0.1341 -0.9869 -0.0900
vn 0.8267 -0.0000 -0.5627
vn 0.1341 0.9869 -0.0899
vn 0.8104 -0.1972 -0.5517
vn 0.2978 0.9325 -0.2044
vn 0.7621 -0.3868 -0.5191
vn 0.4478 0.8400 -0.3066
vn 0.5777 0.7146 -0.3945
vn 0.1477 0.9871 -0.0621
vn 0.1477 -0.9871 -0.0621
vn 0.9217 -0.0000 -0.3878
vn 0.9037 -0.1971 -0.3802
vn 0.3329 0.9322 -0.1419
vn 0.8500 -0.3865 -0.3578
vn 0.5003 0.8395 -0.2120
vn 0.7628 -0.5611 -0.3214
vn 0.6449 0.7141 -0.2723
vn 0.6449 -0.7141 -0.2723
vn 0.7628 0.5611 -0.3214
vn 0.5003 -0.8395 -0.2120
vn 0.8500 0.3865 -0.3578
vn 0.3329 -0.9322 -0.1419
vn 0.9037 0.1971 -0.3802
vn 0.8115 0.5609 -0.1640
vn 0.6864 -0.7138 -0.1390
vn 0.5329 -0.8392 -0.1084
vn 0.9041 0.3864 -0.1825
vn 0.3551 -0.9320 -0.0729
vn 0.9610 0.1970 -0.1939
vn 0.1565 -0.9871 -0.0322
vn 0.9803 -0.0000 -0.1977
vn 0.1565 0.9871 -0.0322
vn 0.9610 -0.1970 -0.1939
vn 0.3551 0.9320 -0.0729
vn 0.9041 -0.3864 -0.1825
vn 0.5329 0.8392 -0.1084
vn 0.8115 -0.5609 -0.1640
vn 0.6864 0.7138 -0.1390
vn 0.4477 0.8400 0.3066
vn 0.1341 -0.9869 0.0899
vn 0.1341 0.9869 0.0900
vn 0.6846 0.1974 0.7016
vn 0.5772 -0.5621 0.5924
vn 0.1375 0.5592 0.8175
vn 0.1375 -0.5592 0.8175
vn -0.0000 0.9738 0.2272
vn -0.2521 -0.7161 0.6509
vn -0.8500 0.3865 -0.3578
vn -0.5772 -0.5621 -0.5924
vn -0.2520 -0.7161 -0.6509
vn 0.2520 -0.7161 -0.6509
vn 0.6437 0.3872 -0.6601
vn 0.6846 0.1974 -0.7016
vn 0.1341 -0.9869 -0.0899
vn 0.8500 -0.3865 0.3579
vn 0.8500 0.3865 0.3579
vn 0.6846 -0.1974 0.7016
vn 0.5772 0.5621 0.5923
vn 0.3324 -0.3882 0.8596
vn -0.1375 -0.5592 0.8175
vn -0.1375 0.5592 0.8175
vn -0.3324 -0.3882 0.8596
vn -0.2520 0.7161 0.6509
vn -0.3324 0.3882 0.8596
vn -0.5772 -0.5621 0.5924
vn -0.5772 0.5621 0.5924
vn -0.4477 0.8400 0.3066
vn -0.1565 0.9871 0.0323
vn -0.4477 0.8400 -0.3066
vn -0.3324 0.3882 -0.8596
vn -0.3324 -0.3882 -0.8596
vn -0.0000 0.9738 -0.2273
vn 0.3324 -0.3882 -0.8596
vn 0.2521 0.7161 -0.6509
vn 0.3324 0.3882 -0.8596
vn 0.6437 -0.3872 -0.6600
vn 0.9803 -0.0000 -0.1978
vn 0.2520 -0.7161 0.6509
vn 0.3324 0.3882 0.8596
vn -0.3536 -0.1980 0.9142
vn -0.3536 0.1980 0.9142
vn -0.4477 -0.8400 -0.3066
vn -0.1341 -0.9869 -0.0900
vn -0.2521 0.7161 -0.6509
vn 0.2520 0.7161 0.6509
vn 0.8500 -0.3865 -0.3579
vn -0.1341 -0.9869 0.0900
vn -0.1341 0.9869 0.0900
vn -0.9217 -0.0000 -0.3878
vn -0.1341 0.9869 -0.0900
vn 0.9218 -0.0000 0.3878
vn 0.4477 -0.8400 0.3066
vn 0.6437 -0.3872 0.6601
vn 0.6437 0.3872 0.6601
vn -0.8500 -0.3865 0.3579
vn -0.8500 0.3865 0.3579
vn -0.8500 -0.3865 -0.3579
vn -0.5772 0.5621 -0.5924
vn -0.1375 -0.5592 -0.8175
vn -0.1375 0.5592 -0.8175
vn 0.1960 0.9325 -0.3032
vn 0.4477 -0.8400 -0.3066
vn -0.9191 -0.0000 -0.3939
vn 0.6261 0.7798 -0.0000
vn -0.8010 -0.5986 -0.0000
vn -0.9191 -0.0000 0.3939
vn 0.9899 -0.0000 -0.1414
vn 0.9899 -0.0000 0.1414
vn 0.6261 -0.7798 -0.0000
vn -0.9899 -0.0000 -0.1414
vn 0.9703 0.2417 -0.0000
vn 0.8137 -0.0000 0.5812
vn -0.8010 0.5986 -0.0000
vn 0.9191 -0.0000 0.3939
vn -0.9704 0.2417 -0.0000
vn 0.9703 -0.2417 -0.0000
vn -0.8137 -0.0000 -0.5812
vn 0.8011 -0.5986 -0.0000
vn -0.9704 -0.2417 -0.0000
vn -0.8137 -0.0000 0.5812
vn -0.6261 0.7798 -0.0000
vn 0.8011 0.5986 -0.0000
vn 0.9191 -0.0000 -0.3939
vn 0.8137 -0.0000 -0.5812
vn -0.6261 -0.7798 -0.0000
vn -0.9899 -0.0000 0.1414
vn -0.1030 -0.9947 -0.0000
vn -0.1029 -0.9945 -0.0208
vn -0.1028 -0.9938 -0.0432
vn -0.1024 -0.9923 -0.0697
vn -0.1017 -0.9893 -0.1042
vn -0.0999 -0.9828 -0.1551
vn -0.1136 -0.8121 -0.5723
vn -0.0944 -0.9651 -0.2442
vn 0.1690 -0.4963 -0.8515
vn -0.0000 -0.8454 -0.5342
vn 0.0944 -0.9651 -0.2442
vn 0.0873 -0.9537 -0.2877
vn 0.0999 -0.9828 -0.1551
vn 0.1017 -0.9893 -0.1042
vn 0.1024 -0.9923 -0.0697
vn 0.1028 -0.9938 -0.0432
vn 0.1029 -0.9945 -0.0208
vn 0.1030 -0.9947 -0.0000
vn 0.1029 -0.9945 0.0208
vn 0.1028 -0.9938 0.0432
vn 0.1024 -0.9923 0.0697
vn 0.1017 -0.9893 0.1042
vn 0.0999 -0.9828 0.1551
vn 0.1690 -0.4963 0.8515
vn 0.0944 -0.9651 0.2442
vn -0.1690 -0.4963 0.8515
vn -0.0000 -0.8454 0.5342
vn -0.0944 -0.9651 0.2442
vn -0.0873 -0.9537 0.2877
vn -0.0999 -0.9828 0.1551
vn -0.1017 -0.9893 0.1042
vn -0.1024 -0.9923 0.0697
vn -0.1028 -0.9938 0.0432
vn -0.1029 -0.9945 0.0208
vn 0.1009 -0.9949 -0.0000
vn 0.1009 -0.9947 0.0203
vn 0.1006 -0.9940 0.0423
vn 0.1000 -0.9927 0.0681
vn 0.0989 -0.9899 0.1013
vn 0.0964 -0.9840 0.1497
vn 0.0900 -0.9684 0.2326
vn 0.0911 -0.8837 0.4591
vn -0.0911 -0.8837 0.4591
vn -0.0900 -0.9684 0.2326
vn -0.0964 -0.9840 0.1498
vn -0.0989 -0.9899 0.1013
vn -0.1000 -0.9927 0.0681
vn -0.1006 -0.9940 0.0423
vn -0.1009 -0.9947 0.0203
vn -0.1009 -0.9949 -0.0000
vn -0.1009 -0.9947 -0.0203
vn -0.1006 -0.9940 -0.0423
vn -0.1000 -0.9927 -0.0681
vn -0.0989 -0.9899 -0.1013
vn -0.0964 -0.9840 -0.1497
vn -0.0900 -0.9684 -0.2326
vn -0.0911 -0.8837 -0.4591
vn 0.1330 -0.7300 -0.6704
vn 0.0900 -0.9684 -0.2326
vn 0.0964 -0.9840 -0.1497
vn 0.0989 -0.9899 -0.1013
vn 0.1000 -0.9927 -0.0681
vn 0.1006 -0.9940 -0.0423
vn 0.1009 -0.9947 -0.0203
vn -0.0136 -0.9998 -0.0159
vn -0.0163 -0.9998 -0.0129
vn -0.0205 -0.9998 -0.0000
vn -0.0199 -0.9998 0.0051
vn 0.0207 -0.9998 -0.0000
vn 0.0205 -0.9998 0.0029
vn -0.0161 -0.9998 -0.0138
vn -0.0132 -0.9998 -0.0169
vn -0.0207 -0.9998 -0.0000
vn -0.0205 -0.9998 -0.0029
vn 0.0136 -0.9998 0.0159
vn 0.0163 -0.9998 0.0129
vn 0.0037 -0.9999 -0.0122
vn 0.0097 -0.9998 -0.0196
vn -0.0185 -0.9998 -0.0093
vn -0.0199 -0.9998 -0.0051
vn -0.0185 -0.9998 0.0093
vn -0.0163 -0.9998 0.0129
vn 0.0197 -0.9998 -0.0066
vn 0.0205 -0.9998 -0.0029
vn 0.0185 -0.9998 0.0093
vn 0.0199 -0.9998 0.0051
vn -0.0197 -0.9998 -0.0066
vn -0.0183 -0.9998 -0.0103
vn -0.0197 -0.9998 0.0066
vn -0.0205 -0.9998 0.0029
vn 0.0102 -0.9998 -0.0183
vn 0.0065 -0.9998 -0.0197
vn 0.0017 -1.0000 0.0054
vn 0.0065 -0.9998 0.0197
vn 0.0205 -0.9998 -0.0000
vn 0.0199 -0.9998 -0.0051
vn -0.0136 -0.9998 0.0159
vn -0.0102 -0.9998 0.0183
vn 0.0161 -0.9998 -0.0138
vn 0.0183 -0.9998 -0.0103
vn -0.0000 -0.9096 0.4154
vn 0.0403 -0.9970 -0.0658
vn -0.0000 -0.9910 -0.1336
vn -0.0161 -0.9998 0.0138
vn -0.0183 -0.9998 0.0103
vn 0.0102 -0.9998 0.0183
vn 0.0132 -0.9998 0.0169
vn 0.0097 -0.9998 0.0196
vn -0.0097 -0.9998 -0.0196
vn -0.0065 -0.9998 0.0197
vn -0.0017 -1.0000 0.0054
vn 0.0185 -0.9998 -0.0093
vn 0.0163 -0.9998 -0.0129
vn -0.0097 -0.9998 0.0196
vn -0.0132 -0.9998 0.0169
vn -0.0009 -1.0000 -0.0029
vn -0.0065 -0.9998 -0.0197
vn 0.0197 -0.9998 0.0066
vn 0.0161 -0.9998 0.0138
vn 0.0183 -0.9998 0.0103
vn 0.0017 -1.0000 -0.0054
vn -0.0057 -0.9998 0.0188
vn 0.0136 -0.9998 -0.0159
vn 0.0132 -0.9998 -0.0169
vn -0.0045 -0.9999 -0.0148
vn 0.0045 -0.9999 0.0148
vn -0.0102 -0.9998 -0.0183
vn 0.0220 -0.9971 0.0724
vn -0.0220 -0.9971 -0.0724
vn -0.0297 -0.9947 -0.0980
vn 0.0170 -0.9951 -0.0973
vn -0.0245 -0.9898 -0.1401
vn -0.0000 -0.9959 -0.0902
vn -0.0342 -0.9994 -0.0068
vn 0.1022 -0.9946 0.0203
vn 0.1016 -0.9946 0.0202
vn -0.1015 -0.9946 0.0202
vn 0.0245 -0.9898 0.1401
vn -0.0000 -0.9959 0.0902
vn -0.0000 -0.9910 0.1336
vn 0.0649 -0.9922 0.1062
vn -0.0245 -0.9898 0.1401
vn -0.0403 -0.9970 0.0658
vn -0.0343 -0.9994 0.0068
vn -0.0000 -0.9096 -0.4155
vn 0.0343 -0.9994 -0.0068
vn 0.0340 -0.9994 -0.0068
vn -0.0403 -0.9970 -0.0658
vn -0.1016 -0.9946 -0.0202
vn -0.0292 -0.9949 0.0961
vn -0.0836 0.8159 0.5721
vn 0.0763 0.8181 -0.5701
vn -0.0836 0.8159 -0.5721
vn -0.0836 -0.8159 0.5721
vn 0.0763 -0.8181 -0.5700
vn 0.0763 -0.8181 0.5701
vn 0.0763 0.8180 0.5701
vn 0.7852 -0.4297 -0.4459
vn -0.0836 -0.8159 -0.5721
vn 0.7852 -0.4297 0.4459
vn 0.7852 0.4297 -0.4459
vn 0.7852 0.4297 0.4459
vn 0.1594 0.9872 -0.0000
vn 0.7004 0.7138 -0.0000
vn 0.5439 0.8392 -0.0000
vn 0.3625 0.9320 -0.0000
vn -0.1594 -0.9872 -0.0000
vn -0.1594 0.9872 -0.0000
vn -0.3625 0.9320 -0.0000
vn -0.5439 0.8392 -0.0000
vn -0.7004 0.7138 -0.0000
vn -0.9804 -0.1970 -0.0000
vn 0.9804 -0.1970 -0.0000
vn -0.5439 -0.8392 -0.0000
vn -0.3625 -0.9320 -0.0000
vn 0.9804 0.1970 -0.0000
vn -0.8279 0.5609 -0.0000
vn 0.8279 -0.5609 -0.0000
vn 0.8279 0.5609 -0.0000
vn -0.8279 -0.5609 -0.0000
vn -0.7004 -0.7138 -0.0000
vn 0.7004 -0.7138 -0.0000
vn 0.3625 -0.9320 -0.0000
vn 0.5439 -0.8392 -0.0000
vn -0.9804 0.1970 -0.0000
vn 0.1594 -0.9872 -0.0000
vn -0.8011 -0.5986 -0.0000
vn 0.9704 0.2417 -0.0000
vn -0.8011 0.5986 -0.0000
vn -0.9703 0.2417 -0.0000
vn 0.9704 -0.2417 -0.0000
vn 0.8010 -0.5986 -0.0000
vn -0.9703 -0.2417 -0.0000
vn 0.8010 0.5986 -0.0000
vn 0.0873 -0.9537 0.2877
vn 0.0826 -0.9586 -0.2724
vt 0.823821 1.276397
vt 0.598513 -0.859467
vt 0.823821 -0.859467
vt 0.774693 1.640477
vt 0.549385 -0.389684
vt 0.774693 -0.389685
vt 0.000000 1.170630
vt 0.299257 -0.753699
vt 0.299257 1.170632
vt 1.000000 0.720943
vt 0.984693 0.437585
vt 1.000000 0.416931
vt 0.524693 0.450249
vt 0.274693 0.416931
vt 0.549385 0.416931
vt 0.790000 0.437585
vt 0.984693 0.700288
vt 0.790000 0.700288
vt 0.774693 0.416931
vt 0.774693 0.720943
vt 0.299257 -0.871931
vt 0.598513 1.288861
vt 0.299257 1.288864
vt 0.299385 0.450249
vt 0.274693 0.787579
vt 0.524693 0.754261
vt 0.299385 0.754261
vt 0.549385 0.787579
vt 0.874726 0.370648
vt 0.837266 0.000000
vt 0.874726 0.000000
vt 0.274693 0.787831
vt 0.000000 0.416931
vt 0.274693 0.416931
vt 0.912187 0.000000
vt 0.874726 0.370648
vt 0.874727 0.000000
vt 0.976538 0.000000
vt 0.925632 0.279057
vt 0.925632 0.000000
vt 0.774693 0.720943
vt 0.812153 1.000000
vt 0.774693 1.000000
vt 0.000000 0.000000
vt 0.259611 0.500000
vt 0.000000 0.000000
vt 0.259611 0.000000
vt 0.324017 0.825901
vt 0.162009 0.500000
vt 0.324017 0.500000
vt 0.519222 0.000000
vt 0.519222 0.500000
vt 0.324017 0.500000
vt 0.486026 0.825901
vt 0.324017 0.825901
vt 0.681231 0.000000
vt 0.519222 0.500000
vt 0.519222 0.000000
vt 0.000000 1.000000
vt 0.162009 0.500000
vt 0.162009 1.000000
vt 0.705188 1.347834
vt 1.000000 -0.897608
vt 1.000000 1.347852
vt 0.884436 1.560408
vt 0.589624 -0.110173
vt 0.884436 -0.110187
vt -0.139017 2.192784
vt 0.491611 -1.692780
vt 0.491610 2.195388
vt 0.294812 1.000000
vt 0.276158 0.531640
vt 0.294812 0.500004
vt 1.266789 2.853179
vt -0.209007 -2.353175
vt 1.271365 -2.085436
vt 0.691662 0.495690
vt 0.986474 0.995686
vt 0.691662 0.995686
vt 0.018654 0.531640
vt 0.276159 0.968364
vt 0.018654 0.968364
vt 0.000000 0.500004
vt 0.000000 1.000000
vt 0.111625 0.857217
vt 0.152421 0.807781
vt 0.111625 0.807781
vt 0.000000 0.857217
vt 0.033921 0.807781
vt 0.000000 0.807781
vt 0.033921 0.857217
vt 0.071612 0.807781
vt 0.899540 0.526626
vt 0.859528 0.477189
vt 0.859528 0.526626
vt 0.192434 0.857217
vt 0.230125 0.807781
vt 0.192434 0.807781
vt 0.152421 0.857217
vt 0.414213 0.191624
vt 0.443061 0.142187
vt 0.414213 0.142187
vt 0.595482 0.191624
vt 0.635494 0.142187
vt 0.595482 0.142187
vt 0.606647 0.477189
vt 0.566635 0.526626
vt 0.606647 0.526626
vt 0.971153 0.477189
vt 0.937231 0.526626
vt 0.971153 0.526626
vt 0.566635 0.477189
vt 0.525838 0.526626
vt 0.673185 0.191624
vt 0.673185 0.142187
vt 0.443061 0.191624
vt 0.476982 0.142187
vt 0.678259 0.477189
vt 0.644338 0.526626
vt 0.678259 0.526626
vt 0.476982 0.191624
vt 0.514673 0.142187
vt 0.448134 0.477189
vt 0.414213 0.526626
vt 0.448134 0.526626
vt 0.707106 0.142187
vt 0.735954 0.191624
vt 0.735954 0.142187
vt 0.937231 0.477189
vt 0.485825 0.477189
vt 0.485825 0.526626
vt 0.707107 0.477189
vt 0.707107 0.526626
vt 0.778719 0.477189
vt 0.741028 0.526626
vt 0.778719 0.526626
vt 0.554686 0.191624
vt 0.554686 0.142187
vt 0.230125 0.857217
vt 0.264046 0.807781
vt 0.818731 0.526626
vt 0.071612 0.857217
vt 0.644338 0.477189
vt 0.707106 0.191624
vt 0.514673 0.191624
vt 0.525838 0.477189
vt 0.818731 0.477189
vt 1.000000 0.477189
vt 1.000000 0.526626
vt 0.741028 0.477189
vt 0.707107 0.526626
vt 0.598513 1.276397
vt 0.549385 1.640477
vt 0.000000 -0.753701
vt 0.598513 -0.871933
vt 0.823821 0.370648
vt 0.000000 0.787831
vt 0.925632 0.370648
vt 0.976538 0.279057
vt 0.812153 0.720943
vt 0.000000 0.500000
vt 0.162009 0.825901
vt 0.259611 0.000000
vt 0.486026 0.500000
vt 0.681231 0.500000
vt 0.000000 0.500000
vt 0.705188 -0.897626
vt 0.589624 1.560421
vt -0.139016 -1.695384
vt -0.213583 2.585440
vt 0.986474 0.495690
vt 0.899540 0.477189
vt 0.635494 0.191624
vt 0.414213 0.477189
vt 0.264046 0.857217
vt 0.707107 0.477189
s 1
g off
g Catapulta_brazo_madera
f 1/1/1 10/2/2 9/3/3
f 11/4/4 4/5/5 3/6/6
f 11/7/4 1/8/1 9/9/3
f 2/10/7 8/11/8 4/12/5
g Catapulta_brazo_metal
f 12/13/9 20/14/10 18/15/11
g Catapulta_brazo_madera
f 7/16/12 6/17/13 5/18/14
f 3/19/6 5/18/14 1/20/1
f 2/10/7 5/18/14 6/17/13
f 4/12/5 7/16/12 3/19/6
f 2/21/7 12/22/9 10/23/2
g Catapulta_brazo_metal
f 11/24/4 19/25/15 20/14/10
f 10/26/2 19/25/15 9/27/3
f 12/13/9 16/28/16 10/26/2
f 18/29/11 14/30/17 16/31/16
f 13/32/18 17/33/19 15/34/20
f 13/35/18 20/36/10 19/37/15
f 15/38/20 18/39/11 20/40/10
f 13/41/18 16/42/16 14/43/17
s 2
f 21/44/21 502/44/22 36/44/23
f 495/44/24 30/44/25 496/44/26
f 489/44/27 22/44/28 23/44/29
f 496/44/26 31/44/30 497/44/31
f 490/44/32 23/44/29 24/44/33
f 497/44/31 32/44/34 498/44/35
f 491/44/36 24/44/33 25/44/37
f 498/44/35 33/44/38 499/44/39
f 492/44/40 25/44/37 26/44/41
f 499/44/39 34/44/42 500/44/43
f 493/44/44 26/44/41 27/44/45
f 500/44/43 35/44/46 501/44/47
f 494/44/48 27/44/45 28/44/49
f 501/44/47 36/44/23 502/44/22
f 495/44/24 28/44/49 29/44/50
f 488/44/51 277/44/52 22/44/28
f 35/44/46 51/44/53 36/44/23
f 29/44/50 43/44/54 44/44/55
f 22/44/28 277/44/52 37/44/56
f 21/44/21 36/44/23 51/44/53
f 29/44/50 45/44/57 30/44/25
f 23/44/29 37/44/56 38/44/58
f 30/44/25 46/44/59 31/44/30
f 24/44/33 38/44/58 39/44/60
f 31/44/30 47/44/61 32/44/34
f 25/44/37 39/44/60 40/44/62
f 32/44/34 48/44/63 33/44/38
f 26/44/41 40/44/62 41/44/64
f 33/44/38 49/44/65 34/44/42
f 27/44/45 41/44/64 42/44/66
f 34/44/42 50/44/67 35/44/46
f 28/44/49 42/44/66 43/44/54
f 40/44/62 54/44/68 55/44/69
f 47/44/61 63/44/70 48/44/63
f 41/44/64 55/44/69 56/44/71
f 48/44/63 64/44/72 49/44/65
f 42/44/66 56/44/71 57/44/73
f 49/44/65 65/44/74 50/44/67
f 43/44/54 57/44/73 58/44/75
f 50/44/67 66/44/76 51/44/53
f 44/44/55 58/44/75 59/44/77
f 37/44/56 277/44/52 52/44/78
f 21/44/21 51/44/53 66/44/76
f 44/44/55 60/44/79 45/44/57
f 38/44/58 52/44/78 53/44/80
f 45/44/57 61/44/81 46/44/59
f 39/44/60 53/44/80 54/44/68
f 46/44/59 62/44/82 47/44/61
f 59/44/77 73/44/83 74/44/84
f 52/44/78 277/44/52 67/44/85
f 21/44/21 66/44/76 81/44/86
f 59/44/77 75/44/87 60/44/79
f 53/44/80 67/44/85 68/44/88
f 60/44/79 76/44/89 61/44/81
f 54/44/68 68/44/88 69/44/90
f 61/44/81 77/44/91 62/44/82
f 55/44/69 69/44/90 70/44/92
f 62/44/82 78/44/93 63/44/70
f 56/44/71 70/44/92 71/44/94
f 63/44/70 79/44/95 64/44/72
f 57/44/73 71/44/94 72/44/96
f 64/44/72 80/44/97 65/44/74
f 58/44/75 72/44/96 73/44/83
f 65/44/74 81/44/86 66/44/76
f 77/44/91 93/44/98 78/44/93
f 71/44/94 85/44/99 86/44/100
f 78/44/93 94/44/101 79/44/95
f 72/44/96 86/44/100 87/44/102
f 79/44/95 95/44/103 80/44/97
f 73/44/83 87/44/102 88/44/104
f 80/44/97 96/44/105 81/44/86
f 74/44/84 88/44/104 89/44/106
f 67/44/85 277/44/52 82/44/107
f 21/44/21 81/44/86 96/44/105
f 74/44/84 90/44/108 75/44/87
f 68/44/88 82/44/107 83/44/109
f 75/44/87 91/44/110 76/44/89
f 69/44/90 83/44/109 84/44/111
f 76/44/89 92/44/112 77/44/91
f 70/44/92 84/44/111 85/44/99
f 21/44/21 96/44/105 111/44/113
f 89/44/106 105/44/114 90/44/108
f 83/44/109 97/44/115 98/44/116
f 90/44/108 106/44/117 91/44/110
f 84/44/111 98/44/116 99/44/118
f 91/44/110 107/44/119 92/44/112
f 85/44/99 99/44/118 100/44/120
f 92/44/112 108/44/121 93/44/98
f 86/44/100 100/44/120 101/44/122
f 93/44/98 109/44/123 94/44/101
f 87/44/102 101/44/122 102/44/124
f 94/44/101 110/44/125 95/44/103
f 88/44/104 102/44/124 103/44/126
f 95/44/103 111/44/113 96/44/105
f 89/44/106 103/44/126 104/44/127
f 82/44/107 277/44/52 97/44/115
f 108/44/121 124/44/128 109/44/123
f 102/44/124 116/44/129 117/44/130
f 109/44/123 125/44/131 110/44/125
f 103/44/126 117/44/130 118/44/132
f 110/44/125 126/44/133 111/44/113
f 104/44/127 118/44/132 119/44/134
f 97/44/115 277/44/52 112/44/135
f 21/44/21 111/44/113 126/44/133
f 104/44/127 120/44/136 105/44/114
f 98/44/116 112/44/135 113/44/137
f 105/44/114 121/44/138 106/44/117
f 99/44/118 113/44/137 114/44/139
f 106/44/117 122/44/140 107/44/119
f 100/44/120 114/44/139 115/44/141
f 107/44/119 123/44/142 108/44/121
f 101/44/122 115/44/141 116/44/129
f 113/44/137 127/44/143 128/44/144
f 120/44/136 136/44/145 121/44/138
f 114/44/139 128/44/144 129/44/146
f 121/44/138 137/44/147 122/44/140
f 115/44/141 129/44/146 130/44/148
f 122/44/140 138/44/149 123/44/142
f 116/44/129 130/44/148 131/44/150
f 123/44/142 139/44/151 124/44/128
f 117/44/130 131/44/150 132/44/152
f 124/44/128 140/44/153 125/44/131
f 118/44/132 132/44/152 133/44/154
f 125/44/131 141/44/155 126/44/133
f 119/44/134 133/44/154 134/44/156
f 112/44/135 277/44/52 127/44/143
f 21/44/21 126/44/133 141/44/155
f 119/44/134 135/44/157 120/44/136
f 131/44/150 147/44/158 132/44/152
f 140/44/153 154/44/159 155/44/160
f 132/44/152 148/44/161 133/44/154
f 141/44/155 155/44/160 156/44/162
f 133/44/154 149/44/163 134/44/156
f 127/44/143 277/44/52 142/44/164
f 21/44/21 141/44/155 156/44/162
f 135/44/157 149/44/163 150/44/165
f 127/44/143 143/44/166 128/44/144
f 136/44/145 150/44/165 151/44/167
f 128/44/144 144/44/168 129/44/146
f 137/44/147 151/44/167 152/44/169
f 129/44/146 145/44/170 130/44/148
f 138/44/149 152/44/169 153/44/171
f 130/44/148 146/44/172 131/44/150
f 139/44/151 153/44/171 154/44/159
f 151/44/167 165/44/173 166/44/174
f 143/44/166 159/44/175 144/44/168
f 152/44/169 166/44/174 167/44/176
f 144/44/168 160/44/177 145/44/170
f 153/44/171 167/44/176 168/44/178
f 145/44/170 161/44/179 146/44/172
f 154/44/159 168/44/178 169/44/180
f 146/44/172 162/44/181 147/44/158
f 155/44/160 169/44/180 170/44/182
f 147/44/158 163/44/183 148/44/161
f 156/44/162 170/44/182 171/44/184
f 148/44/161 164/44/185 149/44/163
f 142/44/164 277/44/52 157/44/186
f 21/44/21 156/44/162 171/44/184
f 150/44/165 164/44/185 165/44/173
f 142/44/164 158/44/187 143/44/166
f 170/44/182 184/44/188 185/44/189
f 162/44/181 178/44/190 163/44/183
f 171/44/184 185/44/189 186/44/191
f 163/44/183 179/44/192 164/44/185
f 157/44/186 277/44/52 172/44/193
f 21/44/21 171/44/184 186/44/191
f 165/44/173 179/44/192 180/44/194
f 157/44/186 173/44/195 158/44/187
f 166/44/174 180/44/194 181/44/196
f 158/44/187 174/44/197 159/44/175
f 167/44/176 181/44/196 182/44/198
f 159/44/175 175/44/199 160/44/177
f 168/44/178 182/44/198 183/44/200
f 160/44/177 176/44/201 161/44/179
f 169/44/180 183/44/200 184/44/188
f 161/44/179 177/44/202 162/44/181
f 173/44/195 189/44/203 174/44/197
f 182/44/198 196/44/204 197/44/205
f 174/44/197 190/44/206 175/44/199
f 183/44/200 197/44/205 198/44/207
f 175/44/199 191/44/208 176/44/201
f 184/44/188 198/44/207 199/44/209
f 176/44/201 192/44/210 177/44/202
f 185/44/189 199/44/209 200/44/211
f 177/44/202 193/44/212 178/44/190
f 186/44/191 200/44/211 201/44/213
f 178/44/190 194/44/214 179/44/192
f 172/44/193 277/44/52 187/44/215
f 21/44/21 186/44/191 201/44/213
f 180/44/194 194/44/214 195/44/216
f 172/44/193 188/44/217 173/44/195
f 181/44/196 195/44/216 196/44/204
f 192/44/210 208/44/218 193/44/212
f 201/44/213 215/44/219 216/44/220
f 193/44/212 209/44/221 194/44/214
f 187/44/215 277/44/52 202/44/222
f 21/44/21 201/44/213 216/44/220
f 195/44/216 209/44/221 210/44/223
f 187/44/215 203/44/224 188/44/217
f 196/44/204 210/44/223 211/44/225
f 188/44/217 204/44/226 189/44/203
f 197/44/205 211/44/225 212/44/227
f 189/44/203 205/44/228 190/44/206
f 198/44/207 212/44/227 213/44/229
f 190/44/206 206/44/230 191/44/208
f 199/44/209 213/44/229 214/44/231
f 191/44/208 207/44/232 192/44/210
f 200/44/211 214/44/231 215/44/219
f 212/44/227 226/44/233 227/44/234
f 204/44/226 220/44/235 205/44/228
f 213/44/229 227/44/234 228/44/236
f 205/44/228 221/44/237 206/44/230
f 214/44/231 228/44/236 229/44/238
f 206/44/230 222/44/239 207/44/232
f 215/44/219 229/44/238 230/44/240
f 207/44/232 223/44/241 208/44/218
f 216/44/220 230/44/240 231/44/242
f 208/44/218 224/44/243 209/44/221
f 202/44/222 277/44/52 217/44/244
f 21/44/21 216/44/220 231/44/242
f 210/44/223 224/44/243 225/44/245
f 202/44/222 218/44/246 203/44/224
f 211/44/225 225/44/245 226/44/233
f 203/44/224 219/44/247 204/44/226
f 231/44/242 245/44/248 246/44/249
f 223/44/241 239/44/250 224/44/243
f 217/44/244 277/44/52 232/44/251
f 21/44/21 231/44/242 246/44/249
f 225/44/245 239/44/250 240/44/252
f 217/44/244 233/44/253 218/44/246
f 226/44/233 240/44/252 241/44/254
f 218/44/246 234/44/255 219/44/247
f 227/44/234 241/44/254 242/44/256
f 219/44/247 235/44/257 220/44/235
f 228/44/236 242/44/256 243/44/258
f 220/44/235 236/44/259 221/44/237
f 229/44/238 243/44/258 244/44/260
f 221/44/237 237/44/261 222/44/239
f 230/44/240 244/44/260 245/44/248
f 222/44/239 238/44/262 223/44/241
f 243/44/258 257/44/263 258/44/264
f 235/44/257 251/44/265 236/44/259
f 244/44/260 258/44/264 259/44/266
f 236/44/259 252/44/267 237/44/261
f 245/44/248 259/44/266 260/44/268
f 237/44/261 253/44/269 238/44/262
f 246/44/249 260/44/268 261/44/270
f 238/44/262 254/44/271 239/44/250
f 232/44/251 277/44/52 247/44/272
f 21/44/21 246/44/249 261/44/270
f 240/44/252 254/44/271 255/44/273
f 232/44/251 248/44/274 233/44/253
f 241/44/254 255/44/273 256/44/275
f 233/44/253 249/44/276 234/44/255
f 242/44/256 256/44/275 257/44/263
f 234/44/255 250/44/277 235/44/257
f 247/44/272 277/44/52 262/44/278
f 21/44/21 261/44/270 276/44/279
f 254/44/271 270/44/280 255/44/273
f 248/44/274 262/44/278 263/44/281
f 255/44/273 271/44/282 256/44/275
f 249/44/276 263/44/281 264/44/283
f 256/44/275 272/44/284 257/44/263
f 250/44/277 264/44/283 265/44/285
f 257/44/263 273/44/286 258/44/264
f 251/44/265 265/44/285 266/44/287
f 258/44/264 274/44/288 259/44/266
f 252/44/267 266/44/287 267/44/289
f 259/44/266 275/44/290 260/44/268
f 253/44/269 267/44/289 268/44/291
f 260/44/268 276/44/279 261/44/270
f 254/44/271 268/44/291 269/44/292
f 266/44/287 281/44/293 282/44/294
f 273/44/286 290/44/295 274/44/288
f 267/44/289 282/44/294 283/44/296
f 274/44/288 291/44/297 275/44/290
f 268/44/291 283/44/296 284/44/298
f 275/44/290 292/44/299 276/44/279
f 269/44/292 284/44/298 285/44/300
f 262/44/278 277/44/52 278/44/301
f 21/44/21 276/44/279 292/44/299
f 269/44/292 286/44/302 270/44/280
f 263/44/281 278/44/301 279/44/303
f 270/44/280 287/44/304 271/44/282
f 264/44/283 279/44/303 280/44/305
f 271/44/282 288/44/306 272/44/284
f 265/44/285 280/44/305 281/44/293
f 272/44/284 289/44/307 273/44/286
f 285/44/300 301/44/308 286/44/302
f 279/44/303 293/44/309 294/44/310
f 286/44/302 302/44/311 287/44/304
f 280/44/305 294/44/310 295/44/312
f 287/44/304 303/44/313 288/44/306
f 281/44/293 295/44/312 296/44/314
f 288/44/306 304/44/315 289/44/307
f 282/44/294 296/44/314 297/44/316
f 289/44/307 305/44/317 290/44/295
f 283/44/296 297/44/316 298/44/318
f 290/44/295 306/44/319 291/44/297
f 284/44/298 298/44/318 299/44/320
f 291/44/297 307/44/321 292/44/299
f 285/44/300 299/44/320 300/44/322
f 278/44/301 277/44/52 293/44/309
f 21/44/21 292/44/299 307/44/321
f 304/44/315 320/44/323 305/44/317
f 298/44/318 312/44/324 313/44/325
f 305/44/317 321/44/326 306/44/319
f 299/44/320 313/44/325 314/44/327
f 306/44/319 322/44/328 307/44/321
f 300/44/322 314/44/327 315/44/329
f 293/44/309 277/44/52 308/44/330
f 21/44/21 307/44/321 322/44/328
f 300/44/322 316/44/331 301/44/308
f 294/44/310 308/44/330 309/44/332
f 301/44/308 317/44/333 302/44/311
f 295/44/312 309/44/332 310/44/334
f 302/44/311 318/44/335 303/44/313
f 296/44/314 310/44/334 311/44/336
f 303/44/313 319/44/337 304/44/315
f 297/44/316 311/44/336 312/44/324
f 309/44/332 323/44/338 324/44/339
f 316/44/331 332/44/340 317/44/333
f 310/44/334 324/44/339 325/44/341
f 317/44/333 333/44/342 318/44/335
f 311/44/336 325/44/341 326/44/343
f 318/44/335 334/44/344 319/44/337
f 312/44/324 326/44/343 327/44/345
f 319/44/337 335/44/346 320/44/323
f 313/44/325 327/44/345 328/44/347
f 320/44/323 336/44/348 321/44/326
f 314/44/327 328/44/347 329/44/349
f 321/44/326 337/44/350 322/44/328
f 315/44/329 329/44/349 330/44/351
f 308/44/330 277/44/52 323/44/338
f 21/44/21 322/44/328 337/44/350
f 315/44/329 331/44/352 316/44/331
f 328/44/347 342/44/353 343/44/354
f 335/44/346 351/44/355 336/44/348
f 329/44/349 343/44/354 344/44/356
f 336/44/348 352/44/357 337/44/350
f 330/44/351 344/44/356 345/44/358
f 323/44/338 277/44/52 338/44/359
f 21/44/21 337/44/350 352/44/357
f 330/44/351 346/44/360 331/44/352
f 324/44/339 338/44/359 339/44/361
f 331/44/352 347/44/362 332/44/340
f 325/44/341 339/44/361 340/44/363
f 332/44/340 348/44/364 333/44/342
f 326/44/343 340/44/363 341/44/365
f 333/44/342 349/44/366 334/44/344
f 327/44/345 341/44/365 342/44/353
f 334/44/344 350/44/367 335/44/346
f 346/44/360 362/44/368 347/44/362
f 340/44/363 354/44/369 355/44/370
f 347/44/362 363/44/371 348/44/364
f 341/44/365 355/44/370 356/44/372
f 348/44/364 364/44/373 349/44/366
f 342/44/353 356/44/372 357/44/374
f 349/44/366 365/44/375 350/44/367
f 343/44/354 357/44/374 358/44/376
f 350/44/367 366/44/377 351/44/355
f 344/44/356 358/44/376 359/44/378
f 351/44/355 367/44/379 352/44/357
f 345/44/358 359/44/378 360/44/380
f 338/44/359 277/44/52 353/44/381
f 21/44/21 352/44/357 367/44/379
f 345/44/358 361/44/382 346/44/360
f 339/44/361 353/44/381 354/44/369
f 365/44/375 381/44/383 366/44/377
f 359/44/378 373/44/384 374/44/385
f 366/44/377 382/44/386 367/44/379
f 360/44/380 374/44/385 375/44/387
f 353/44/381 277/44/52 368/44/388
f 21/44/21 367/44/379 382/44/386
f 360/44/380 376/44/389 361/44/382
f 354/44/369 368/44/388 369/44/390
f 361/44/382 377/44/391 362/44/368
f 355/44/370 369/44/390 370/44/392
f 362/44/368 378/44/393 363/44/371
f 356/44/372 370/44/392 371/44/394
f 363/44/371 379/44/395 364/44/373
f 357/44/374 371/44/394 372/44/396
f 364/44/373 380/44/397 365/44/375
f 358/44/376 372/44/396 373/44/384
f 378/44/393 392/44/398 393/44/399
f 370/44/392 386/44/400 371/44/394
f 379/44/395 393/44/399 394/44/401
f 371/44/394 387/44/402 372/44/396
f 380/44/397 394/44/401 395/44/403
f 372/44/396 388/44/404 373/44/384
f 381/44/383 395/44/403 396/44/405
f 373/44/384 389/44/406 374/44/385
f 382/44/386 396/44/405 397/44/407
f 374/44/385 390/44/408 375/44/387
f 368/44/388 277/44/52 383/44/409
f 21/44/21 382/44/386 397/44/407
f 376/44/389 390/44/408 391/44/410
f 368/44/388 384/44/411 369/44/390
f 377/44/391 391/44/410 392/44/398
f 369/44/390 385/44/412 370/44/392
f 397/44/407 411/44/413 412/44/414
f 389/44/406 405/44/415 390/44/408
f 383/44/409 277/44/52 398/44/416
f 21/44/21 397/44/407 412/44/414
f 391/44/410 405/44/415 406/44/417
f 383/44/409 399/44/418 384/44/411
f 392/44/398 406/44/417 407/44/419
f 384/44/411 400/44/420 385/44/412
f 393/44/399 407/44/419 408/44/421
f 385/44/412 401/44/422 386/44/400
f 394/44/401 408/44/421 409/44/423
f 386/44/400 402/44/424 387/44/402
f 395/44/403 409/44/423 410/44/425
f 387/44/402 403/44/426 388/44/404
f 396/44/405 410/44/425 411/44/413
f 388/44/404 404/44/427 389/44/406
f 400/44/420 416/44/428 401/44/422
f 409/44/423 423/44/429 424/44/430
f 401/44/422 417/44/431 402/44/424
f 410/44/425 424/44/430 425/44/432
f 402/44/424 418/44/433 403/44/426
f 411/44/413 425/44/432 426/44/434
f 403/44/426 419/44/435 404/44/427
f 412/44/414 426/44/434 427/44/436
f 404/44/427 420/44/437 405/44/415
f 398/44/416 277/44/52 413/44/438
f 21/44/21 412/44/414 427/44/436
f 406/44/417 420/44/437 421/44/439
f 398/44/416 414/44/440 399/44/418
f 407/44/419 421/44/439 422/44/441
f 399/44/418 415/44/442 400/44/420
f 408/44/421 422/44/441 423/44/429
f 419/44/435 435/44/443 420/44/437
f 413/44/438 277/44/52 428/44/444
f 21/44/21 427/44/436 442/44/445
f 421/44/439 435/44/443 436/44/446
f 413/44/438 429/44/447 414/44/440
f 422/44/441 436/44/446 437/44/448
f 414/44/440 430/44/449 415/44/442
f 423/44/429 437/44/448 438/44/450
f 415/44/442 431/44/451 416/44/428
f 424/44/430 438/44/450 439/44/452
f 416/44/428 432/44/453 417/44/431
f 425/44/432 439/44/452 440/44/454
f 417/44/431 433/44/455 418/44/433
f 426/44/434 440/44/454 441/44/456
f 418/44/433 434/44/457 419/44/435
f 427/44/436 441/44/456 442/44/445
f 439/44/452 453/44/458 454/44/459
f 431/44/451 447/44/460 432/44/453
f 440/44/454 454/44/459 455/44/461
f 432/44/453 448/44/462 433/44/455
f 441/44/456 455/44/461 456/44/463
f 433/44/455 449/44/464 434/44/457
f 442/44/445 456/44/463 457/44/465
f 434/44/457 450/44/466 435/44/443
f 428/44/444 277/44/52 443/44/467
f 21/44/21 442/44/445 457/44/465
f 436/44/446 450/44/466 451/44/468
f 428/44/444 444/44/469 429/44/447
f 437/44/448 451/44/468 452/44/470
f 429/44/447 445/44/471 430/44/449
f 438/44/450 452/44/470 453/44/458
f 430/44/449 446/44/472 431/44/451
f 443/44/467 277/44/52 458/44/473
f 21/44/21 457/44/465 472/44/474
f 451/44/468 465/44/475 466/44/476
f 443/44/467 459/44/477 444/44/469
f 452/44/470 466/44/476 467/44/478
f 444/44/469 460/44/479 445/44/471
f 453/44/458 467/44/478 468/44/480
f 445/44/471 461/44/481 446/44/472
f 454/44/459 468/44/480 469/44/482
f 446/44/472 462/44/483 447/44/460
f 455/44/461 469/44/482 470/44/484
f 447/44/460 463/44/485 448/44/462
f 456/44/463 470/44/484 471/44/486
f 448/44/462 464/44/487 449/44/464
f 457/44/465 471/44/486 472/44/474
f 449/44/464 465/44/475 450/44/466
f 461/44/481 477/44/488 462/44/483
f 470/44/484 484/44/489 485/44/490
f 462/44/483 478/44/491 463/44/485
f 471/44/486 485/44/490 486/44/492
f 463/44/485 479/44/493 464/44/487
f 472/44/474 486/44/492 487/44/494
f 464/44/487 480/44/495 465/44/475
f 458/44/473 277/44/52 473/44/496
f 21/44/21 472/44/474 487/44/494
f 466/44/476 480/44/495 481/44/497
f 458/44/473 474/44/498 459/44/477
f 467/44/478 481/44/497 482/44/499
f 459/44/477 475/44/500 460/44/479
f 468/44/480 482/44/499 483/44/501
f 460/44/479 476/44/502 461/44/481
f 469/44/482 483/44/501 484/44/489
f 481/44/497 495/44/24 496/44/26
f 473/44/496 489/44/27 474/44/498
f 482/44/499 496/44/26 497/44/31
f 474/44/498 490/44/32 475/44/500
f 483/44/501 497/44/31 498/44/35
f 475/44/500 491/44/36 476/44/502
f 484/44/489 498/44/35 499/44/39
f 476/44/502 492/44/40 477/44/488
f 485/44/490 499/44/39 500/44/43
f 477/44/488 493/44/44 478/44/491
f 486/44/492 500/44/43 501/44/47
f 478/44/491 494/44/48 479/44/493
f 487/44/494 501/44/47 502/44/22
f 479/44/493 495/44/24 480/44/495
f 473/44/496 277/44/52 488/44/51
f 21/44/21 487/44/494 502/44/22
s 3
f 503/44/21 984/44/22 518/44/23
f 977/44/24 512/44/25 978/44/26
f 971/44/27 504/44/28 505/44/29
f 978/44/26 513/44/30 979/44/31
f 972/44/32 505/44/29 506/44/33
f 979/44/31 514/44/34 980/44/35
f 973/44/36 506/44/33 507/44/37
f 980/44/35 515/44/38 981/44/39
f 974/44/40 507/44/37 508/44/41
f 981/44/39 516/44/42 982/44/43
f 975/44/44 508/44/41 509/44/45
f 982/44/43 517/44/46 983/44/47
f 976/44/48 509/44/45 510/44/49
f 983/44/47 518/44/23 984/44/22
f 977/44/24 510/44/49 511/44/50
f 970/44/51 759/44/52 504/44/28
f 517/44/46 533/44/53 518/44/23
f 511/44/50 525/44/54 526/44/55
f 504/44/28 759/44/52 519/44/56
f 503/44/21 518/44/23 533/44/53
f 511/44/50 527/44/57 512/44/25
f 505/44/29 519/44/56 520/44/58
f 512/44/25 528/44/59 513/44/30
f 506/44/33 520/44/58 521/44/60
f 513/44/30 529/44/61 514/44/34
f 507/44/37 521/44/60 522/44/62
f 514/44/34 530/44/63 515/44/38
f 508/44/41 522/44/62 523/44/64
f 515/44/38 531/44/65 516/44/42
f 509/44/45 523/44/64 524/44/66
f 516/44/42 532/44/67 517/44/46
f 510/44/49 524/44/66 525/44/54
f 522/44/62 536/44/503 537/44/69
f 529/44/61 545/44/70 530/44/63
f 523/44/64 537/44/69 538/44/71
f 530/44/63 546/44/72 531/44/65
f 524/44/66 538/44/71 539/44/73
f 531/44/65 547/44/74 532/44/67
f 525/44/54 539/44/73 540/44/75
f 532/44/67 548/44/504 533/44/53
f 526/44/55 540/44/75 541/44/77
f 519/44/56 759/44/52 534/44/505
f 503/44/21 533/44/53 548/44/504
f 526/44/55 542/44/79 527/44/57
f 520/44/58 534/44/505 535/44/80
f 527/44/57 543/44/81 528/44/59
f 521/44/60 535/44/80 536/44/503
f 528/44/59 544/44/82 529/44/61
f 541/44/77 555/44/506 556/44/84
f 534/44/505 759/44/52 549/44/85
f 503/44/21 548/44/504 563/44/86
f 541/44/77 557/44/87 542/44/79
f 535/44/80 549/44/85 550/44/88
f 542/44/79 558/44/89 543/44/81
f 536/44/503 550/44/88 551/44/90
f 543/44/81 559/44/507 544/44/82
f 537/44/69 551/44/90 552/44/92
f 544/44/82 560/44/93 545/44/70
f 538/44/71 552/44/92 553/44/94
f 545/44/70 561/44/95 546/44/72
f 539/44/73 553/44/94 554/44/96
f 546/44/72 562/44/97 547/44/74
f 540/44/75 554/44/96 555/44/506
f 547/44/74 563/44/86 548/44/504
f 559/44/507 575/44/98 560/44/93
f 553/44/94 567/44/99 568/44/100
f 560/44/93 576/44/101 561/44/95
f 554/44/96 568/44/100 569/44/102
f 561/44/95 577/44/103 562/44/97
f 555/44/506 569/44/102 570/44/104
f 562/44/97 578/44/105 563/44/86
f 556/44/84 570/44/104 571/44/106
f 549/44/85 759/44/52 564/44/107
f 503/44/21 563/44/86 578/44/105
f 556/44/84 572/44/108 557/44/87
f 550/44/88 564/44/107 565/44/109
f 557/44/87 573/44/110 558/44/89
f 551/44/90 565/44/109 566/44/111
f 558/44/89 574/44/112 559/44/507
f 552/44/92 566/44/111 567/44/99
f 503/44/21 578/44/105 593/44/113
f 571/44/106 587/44/114 572/44/108
f 565/44/109 579/44/115 580/44/116
f 572/44/108 588/44/117 573/44/110
f 566/44/111 580/44/116 581/44/118
f 573/44/110 589/44/119 574/44/112
f 567/44/99 581/44/118 582/44/120
f 574/44/112 590/44/121 575/44/98
f 568/44/100 582/44/120 583/44/122
f 575/44/98 591/44/123 576/44/101
f 569/44/102 583/44/122 584/44/124
f 576/44/101 592/44/125 577/44/103
f 570/44/104 584/44/124 585/44/126
f 577/44/103 593/44/113 578/44/105
f 571/44/106 585/44/126 586/44/127
f 564/44/107 759/44/52 579/44/115
f 590/44/121 606/44/128 591/44/123
f 584/44/124 598/44/508 599/44/130
f 591/44/123 607/44/131 592/44/125
f 585/44/126 599/44/130 600/44/132
f 592/44/125 608/44/133 593/44/113
f 586/44/127 600/44/132 601/44/134
f 579/44/115 759/44/52 594/44/135
f 503/44/21 593/44/113 608/44/133
f 586/44/127 602/44/136 587/44/114
f 580/44/116 594/44/135 595/44/137
f 587/44/114 603/44/138 588/44/117
f 581/44/118 595/44/137 596/44/139
f 588/44/117 604/44/509 589/44/119
f 582/44/120 596/44/139 597/44/141
f 589/44/119 605/44/142 590/44/121
f 583/44/122 597/44/141 598/44/508
f 595/44/137 609/44/510 610/44/144
f 602/44/136 618/44/145 603/44/138
f 596/44/139 610/44/144 611/44/146
f 603/44/138 619/44/147 604/44/509
f 597/44/141 611/44/146 612/44/148
f 604/44/509 620/44/149 605/44/142
f 598/44/508 612/44/148 613/44/150
f 605/44/142 621/44/151 606/44/128
f 599/44/130 613/44/150 614/44/152
f 606/44/128 622/44/153 607/44/131
f 600/44/132 614/44/152 615/44/154
f 607/44/131 623/44/155 608/44/133
f 601/44/134 615/44/154 616/44/156
f 594/44/135 759/44/52 609/44/510
f 503/44/21 608/44/133 623/44/155
f 601/44/134 617/44/157 602/44/136
f 613/44/150 629/44/158 614/44/152
f 622/44/153 636/44/159 637/44/160
f 614/44/152 630/44/161 615/44/154
f 623/44/155 637/44/160 638/44/162
f 615/44/154 631/44/163 616/44/156
f 609/44/510 759/44/52 624/44/164
f 503/44/21 623/44/155 638/44/162
f 617/44/157 631/44/163 632/44/165
f 609/44/510 625/44/166 610/44/144
f 618/44/145 632/44/165 633/44/167
f 610/44/144 626/44/168 611/44/146
f 619/44/147 633/44/167 634/44/169
f 611/44/146 627/44/170 612/44/148
f 620/44/149 634/44/169 635/44/171
f 612/44/148 628/44/172 613/44/150
f 621/44/151 635/44/171 636/44/159
f 633/44/167 647/44/173 648/44/174
f 625/44/166 641/44/175 626/44/168
f 634/44/169 648/44/174 649/44/176
f 626/44/168 642/44/177 627/44/170
f 635/44/171 649/44/176 650/44/511
f 627/44/170 643/44/179 628/44/172
f 636/44/159 650/44/511 651/44/180
f 628/44/172 644/44/181 629/44/158
f 637/44/160 651/44/180 652/44/182
f 629/44/158 645/44/183 630/44/161
f 638/44/162 652/44/182 653/44/184
f 630/44/161 646/44/185 631/44/163
f 624/44/164 759/44/52 639/44/186
f 503/44/21 638/44/162 653/44/184
f 632/44/165 646/44/185 647/44/173
f 624/44/164 640/44/187 625/44/166
f 652/44/182 666/44/188 667/44/189
f 644/44/181 660/44/190 645/44/183
f 653/44/184 667/44/189 668/44/191
f 645/44/183 661/44/192 646/44/185
f 639/44/186 759/44/52 654/44/193
f 503/44/21 653/44/184 668/44/191
f 647/44/173 661/44/192 662/44/194
f 639/44/186 655/44/195 640/44/187
f 648/44/174 662/44/194 663/44/196
f 640/44/187 656/44/197 641/44/175
f 649/44/176 663/44/196 664/44/198
f 641/44/175 657/44/199 642/44/177
f 650/44/511 664/44/198 665/44/200
f 642/44/177 658/44/201 643/44/179
f 651/44/180 665/44/200 666/44/188
f 643/44/179 659/44/202 644/44/181
f 655/44/195 671/44/203 656/44/197
f 664/44/198 678/44/204 679/44/205
f 656/44/197 672/44/206 657/44/199
f 665/44/200 679/44/205 680/44/207
f 657/44/199 673/44/208 658/44/201
f 666/44/188 680/44/207 681/44/209
f 658/44/201 674/44/210 659/44/202
f 667/44/189 681/44/209 682/44/211
f 659/44/202 675/44/212 660/44/190
f 668/44/191 682/44/211 683/44/213
f 660/44/190 676/44/214 661/44/192
f 654/44/193 759/44/52 669/44/215
f 503/44/21 668/44/191 683/44/213
f 662/44/194 676/44/214 677/44/216
f 654/44/193 670/44/217 655/44/195
f 663/44/196 677/44/216 678/44/204
f 674/44/210 690/44/218 675/44/212
f 683/44/213 697/44/219 698/44/220
f 675/44/212 691/44/221 676/44/214
f 669/44/215 759/44/52 684/44/222
f 503/44/21 683/44/213 698/44/220
f 677/44/216 691/44/221 692/44/223
f 669/44/215 685/44/224 670/44/217
f 678/44/204 692/44/223 693/44/225
f 670/44/217 686/44/226 671/44/203
f 679/44/205 693/44/225 694/44/227
f 671/44/203 687/44/228 672/44/206
f 680/44/207 694/44/227 695/44/229
f 672/44/206 688/44/230 673/44/208
f 681/44/209 695/44/229 696/44/231
f 673/44/208 689/44/232 674/44/210
f 682/44/211 696/44/231 697/44/219
f 694/44/227 708/44/233 709/44/234
f 686/44/226 702/44/235 687/44/228
f 695/44/229 709/44/234 710/44/236
f 687/44/228 703/44/237 688/44/230
f 696/44/231 710/44/236 711/44/238
f 688/44/230 704/44/239 689/44/232
f 697/44/219 711/44/238 712/44/240
f 689/44/232 705/44/241 690/44/218
f 698/44/220 712/44/240 713/44/242
f 690/44/218 706/44/243 691/44/221
f 684/44/222 759/44/52 699/44/244
f 503/44/21 698/44/220 713/44/242
f 692/44/223 706/44/243 707/44/245
f 684/44/222 700/44/246 685/44/224
f 693/44/225 707/44/245 708/44/233
f 685/44/224 701/44/247 686/44/226
f 713/44/242 727/44/248 728/44/249
f 705/44/241 721/44/250 706/44/243
f 699/44/244 759/44/52 714/44/251
f 503/44/21 713/44/242 728/44/249
f 707/44/245 721/44/250 722/44/252
f 699/44/244 715/44/253 700/44/246
f 708/44/233 722/44/252 723/44/254
f 700/44/246 716/44/255 701/44/247
f 709/44/234 723/44/254 724/44/256
f 701/44/247 717/44/257 702/44/235
f 710/44/236 724/44/256 725/44/258
f 702/44/235 718/44/259 703/44/237
f 711/44/238 725/44/258 726/44/260
f 703/44/237 719/44/261 704/44/239
f 712/44/240 726/44/260 727/44/248
f 704/44/239 720/44/262 705/44/241
f 725/44/258 739/44/263 740/44/264
f 717/44/257 733/44/265 718/44/259
f 726/44/260 740/44/264 741/44/266
f 718/44/259 734/44/267 719/44/261
f 727/44/248 741/44/266 742/44/268
f 719/44/261 735/44/269 720/44/262
f 728/44/249 742/44/268 743/44/270
f 720/44/262 736/44/271 721/44/250
f 714/44/251 759/44/52 729/44/272
f 503/44/21 728/44/249 743/44/270
f 722/44/252 736/44/271 737/44/273
f 714/44/251 730/44/274 715/44/253
f 723/44/254 737/44/273 738/44/275
f 715/44/253 731/44/276 716/44/255
f 724/44/256 738/44/275 739/44/263
f 716/44/255 732/44/277 717/44/257
f 729/44/272 759/44/52 744/44/278
f 503/44/21 743/44/270 758/44/279
f 736/44/271 752/44/280 737/44/273
f 730/44/274 744/44/278 745/44/281
f 737/44/273 753/44/282 738/44/275
f 731/44/276 745/44/281 746/44/283
f 738/44/275 754/44/284 739/44/263
f 732/44/277 746/44/283 747/44/285
f 739/44/263 755/44/286 740/44/264
f 733/44/265 747/44/285 748/44/287
f 740/44/264 756/44/288 741/44/266
f 734/44/267 748/44/287 749/44/289
f 741/44/266 757/44/290 742/44/268
f 735/44/269 749/44/289 750/44/291
f 742/44/268 758/44/279 743/44/270
f 736/44/271 750/44/291 751/44/292
f 748/44/287 763/44/293 764/44/294
f 755/44/286 772/44/295 756/44/288
f 749/44/289 764/44/294 765/44/512
f 756/44/288 773/44/297 757/44/290
f 750/44/291 765/44/512 766/44/298
f 757/44/290 774/44/299 758/44/279
f 751/44/292 766/44/298 767/44/300
f 744/44/278 759/44/52 760/44/301
f 503/44/21 758/44/279 774/44/299
f 751/44/292 768/44/302 752/44/280
f 745/44/281 760/44/301 761/44/303
f 752/44/280 769/44/304 753/44/282
f 746/44/283 761/44/303 762/44/305
f 753/44/282 770/44/306 754/44/284
f 747/44/285 762/44/305 763/44/293
f 754/44/284 771/44/307 755/44/286
f 767/44/300 783/44/308 768/44/302
f 761/44/303 775/44/309 776/44/310
f 768/44/302 784/44/311 769/44/304
f 762/44/305 776/44/310 777/44/312
f 769/44/304 785/44/313 770/44/306
f 763/44/293 777/44/312 778/44/314
f 770/44/306 786/44/315 771/44/307
f 764/44/294 778/44/314 779/44/316
f 771/44/307 787/44/317 772/44/295
f 765/44/512 779/44/316 780/44/318
f 772/44/295 788/44/319 773/44/297
f 766/44/298 780/44/318 781/44/320
f 773/44/297 789/44/321 774/44/299
f 767/44/300 781/44/320 782/44/322
f 760/44/301 759/44/52 775/44/309
f 503/44/21 774/44/299 789/44/321
f 786/44/315 802/44/323 787/44/317
f 780/44/318 794/44/324 795/44/325
f 787/44/317 803/44/326 788/44/319
f 781/44/320 795/44/325 796/44/327
f 788/44/319 804/44/328 789/44/321
f 782/44/322 796/44/327 797/44/329
f 775/44/309 759/44/52 790/44/330
f 503/44/21 789/44/321 804/44/328
f 782/44/322 798/44/331 783/44/308
f 776/44/310 790/44/330 791/44/332
f 783/44/308 799/44/333 784/44/311
f 777/44/312 791/44/332 792/44/334
f 784/44/311 800/44/513 785/44/313
f 778/44/314 792/44/334 793/44/336
f 785/44/313 801/44/337 786/44/315
f 779/44/316 793/44/336 794/44/324
f 791/44/332 805/44/338 806/44/339
f 798/44/331 814/44/340 799/44/333
f 792/44/334 806/44/339 807/44/341
f 799/44/333 815/44/342 800/44/513
f 793/44/336 807/44/341 808/44/343
f 800/44/513 816/44/344 801/44/337
f 794/44/324 808/44/343 809/44/345
f 801/44/337 817/44/346 802/44/323
f 795/44/325 809/44/345 810/44/347
f 802/44/323 818/44/348 803/44/326
f 796/44/327 810/44/347 811/44/349
f 803/44/326 819/44/350 804/44/328
f 797/44/329 811/44/349 812/44/351
f 790/44/330 759/44/52 805/44/338
f 503/44/21 804/44/328 819/44/350
f 797/44/329 813/44/352 798/44/331
f 810/44/347 824/44/353 825/44/354
f 817/44/346 833/44/355 818/44/348
f 811/44/349 825/44/354 826/44/356
f 818/44/348 834/44/357 819/44/350
f 812/44/351 826/44/356 827/44/358
f 805/44/338 759/44/52 820/44/359
f 503/44/21 819/44/350 834/44/357
f 812/44/351 828/44/360 813/44/352
f 806/44/339 820/44/359 821/44/361
f 813/44/352 829/44/362 814/44/340
f 807/44/341 821/44/361 822/44/363
f 814/44/340 830/44/364 815/44/342
f 808/44/343 822/44/363 823/44/365
f 815/44/342 831/44/514 816/44/344
f 809/44/345 823/44/365 824/44/353
f 816/44/344 832/44/367 817/44/346
f 828/44/360 844/44/368 829/44/362
f 822/44/363 836/44/369 837/44/370
f 829/44/362 845/44/371 830/44/364
f 823/44/365 837/44/370 838/44/372
f 830/44/364 846/44/373 831/44/514
f 824/44/353 838/44/372 839/44/374
f 831/44/514 847/44/375 832/44/367
f 825/44/354 839/44/374 840/44/376
f 832/44/367 848/44/377 833/44/355
f 826/44/356 840/44/376 841/44/378
f 833/44/355 849/44/379 834/44/357
f 827/44/358 841/44/378 842/44/380
f 820/44/359 759/44/52 835/44/381
f 503/44/21 834/44/357 849/44/379
f 827/44/358 843/44/382 828/44/360
f 821/44/361 835/44/381 836/44/369
f 847/44/375 863/44/383 848/44/377
f 841/44/378 855/44/384 856/44/385
f 848/44/377 864/44/386 849/44/379
f 842/44/380 856/44/385 857/44/387
f 835/44/381 759/44/52 850/44/388
f 503/44/21 849/44/379 864/44/386
f 842/44/380 858/44/389 843/44/382
f 836/44/369 850/44/388 851/44/390
f 843/44/382 859/44/391 844/44/368
f 837/44/370 851/44/390 852/44/392
f 844/44/368 860/44/393 845/44/371
f 838/44/372 852/44/392 853/44/394
f 845/44/371 861/44/395 846/44/373
f 839/44/374 853/44/394 854/44/396
f 846/44/373 862/44/397 847/44/375
f 840/44/376 854/44/396 855/44/384
f 860/44/393 874/44/398 875/44/399
f 852/44/392 868/44/400 853/44/394
f 861/44/395 875/44/399 876/44/401
f 853/44/394 869/44/402 854/44/396
f 862/44/397 876/44/401 877/44/403
f 854/44/396 870/44/404 855/44/384
f 863/44/383 877/44/403 878/44/405
f 855/44/384 871/44/406 856/44/385
f 864/44/386 878/44/405 879/44/407
f 856/44/385 872/44/408 857/44/387
f 850/44/388 759/44/52 865/44/409
f 503/44/21 864/44/386 879/44/407
f 858/44/389 872/44/408 873/44/410
f 850/44/388 866/44/411 851/44/390
f 859/44/391 873/44/410 874/44/398
f 851/44/390 867/44/412 852/44/392
f 879/44/407 893/44/413 894/44/414
f 871/44/406 887/44/415 872/44/408
f 865/44/409 759/44/52 880/44/416
f 503/44/21 879/44/407 894/44/414
f 873/44/410 887/44/415 888/44/417
f 865/44/409 881/44/418 866/44/411
f 874/44/398 888/44/417 889/44/419
f 866/44/411 882/44/420 867/44/412
f 875/44/399 889/44/419 890/44/421
f 867/44/412 883/44/422 868/44/400
f 876/44/401 890/44/421 891/44/515
f 868/44/400 884/44/424 869/44/402
f 877/44/403 891/44/515 892/44/425
f 869/44/402 885/44/426 870/44/404
f 878/44/405 892/44/425 893/44/413
f 870/44/404 886/44/427 871/44/406
f 882/44/420 898/44/428 883/44/422
f 891/44/515 905/44/429 906/44/430
f 883/44/422 899/44/431 884/44/424
f 892/44/425 906/44/430 907/44/432
f 884/44/424 900/44/433 885/44/426
f 893/44/413 907/44/432 908/44/434
f 885/44/426 901/44/435 886/44/427
f 894/44/414 908/44/434 909/44/436
f 886/44/427 902/44/437 887/44/415
f 880/44/416 759/44/52 895/44/438
f 503/44/21 894/44/414 909/44/436
f 888/44/417 902/44/437 903/44/439
f 880/44/416 896/44/440 881/44/418
f 889/44/419 903/44/439 904/44/441
f 881/44/418 897/44/442 882/44/420
f 890/44/421 904/44/441 905/44/429
f 901/44/435 917/44/443 902/44/437
f 895/44/438 759/44/52 910/44/444
f 503/44/21 909/44/436 924/44/445
f 903/44/439 917/44/443 918/44/446
f 895/44/438 911/44/447 896/44/440
f 904/44/441 918/44/446 919/44/448
f 896/44/440 912/44/449 897/44/442
f 905/44/429 919/44/448 920/44/450
f 897/44/442 913/44/451 898/44/428
f 906/44/430 920/44/450 921/44/452
f 898/44/428 914/44/453 899/44/431
f 907/44/432 921/44/452 922/44/454
f 899/44/431 915/44/516 900/44/433
f 908/44/434 922/44/454 923/44/456
f 900/44/433 916/44/517 901/44/435
f 909/44/436 923/44/456 924/44/445
f 921/44/452 935/44/458 936/44/459
f 913/44/451 929/44/460 914/44/453
f 922/44/454 936/44/459 937/44/461
f 914/44/453 930/44/462 915/44/516
f 923/44/456 937/44/461 938/44/463
f 915/44/516 931/44/464 916/44/517
f 924/44/445 938/44/463 939/44/518
f 916/44/517 932/44/466 917/44/443
f 910/44/444 759/44/52 925/44/467
f 503/44/21 924/44/445 939/44/518
f 918/44/446 932/44/466 933/44/468
f 910/44/444 926/44/469 911/44/447
f 919/44/448 933/44/468 934/44/470
f 911/44/447 927/44/471 912/44/449
f 920/44/450 934/44/470 935/44/458
f 912/44/449 928/44/472 913/44/451
f 925/44/467 759/44/52 940/44/473
f 503/44/21 939/44/518 954/44/474
f 933/44/468 947/44/475 948/44/476
f 925/44/467 941/44/477 926/44/469
f 934/44/470 948/44/476 949/44/478
f 926/44/469 942/44/479 927/44/471
f 935/44/458 949/44/478 950/44/480
f 927/44/471 943/44/481 928/44/472
f 936/44/459 950/44/480 951/44/482
f 928/44/472 944/44/483 929/44/460
f 937/44/461 951/44/482 952/44/484
f 929/44/460 945/44/485 930/44/462
f 938/44/463 952/44/484 953/44/486
f 930/44/462 946/44/487 931/44/464
f 939/44/518 953/44/486 954/44/474
f 931/44/464 947/44/475 932/44/466
f 943/44/481 959/44/488 944/44/483
f 952/44/484 966/44/489 967/44/490
f 944/44/483 960/44/491 945/44/485
f 953/44/486 967/44/490 968/44/492
f 945/44/485 961/44/493 946/44/487
f 954/44/474 968/44/492 969/44/494
f 946/44/487 962/44/495 947/44/475
f 940/44/473 759/44/52 955/44/496
f 503/44/21 954/44/474 969/44/494
f 948/44/476 962/44/495 963/44/497
f 940/44/473 956/44/498 941/44/477
f 949/44/478 963/44/497 964/44/499
f 941/44/477 957/44/500 942/44/479
f 950/44/480 964/44/499 965/44/501
f 942/44/479 958/44/502 943/44/481
f 951/44/482 965/44/501 966/44/489
f 963/44/497 977/44/24 978/44/26
f 955/44/496 971/44/27 956/44/498
f 964/44/499 978/44/26 979/44/31
f 956/44/498 972/44/32 957/44/500
f 965/44/501 979/44/31 980/44/35
f 957/44/500 973/44/36 958/44/502
f 966/44/489 980/44/35 981/44/39
f 958/44/502 974/44/40 959/44/488
f 967/44/490 981/44/39 982/44/43
f 959/44/488 975/44/44 960/44/491
f 968/44/492 982/44/43 983/44/47
f 960/44/491 976/44/48 961/44/493
f 969/44/494 983/44/47 984/44/22
f 961/44/493 977/44/24 962/44/495
f 955/44/496 759/44/52 970/44/51
f 503/44/21 969/44/494 984/44/22
s 4
f 985/44/21 1466/44/22 1000/44/23
f 1459/44/24 994/44/25 1460/44/26
f 1453/44/27 986/44/28 987/44/29
f 1460/44/26 995/44/30 1461/44/31
f 1454/44/32 987/44/29 988/44/33
f 1461/44/31 996/44/34 1462/44/35
f 1455/44/36 988/44/33 989/44/37
f 1462/44/35 997/44/38 1463/44/39
f 1456/44/40 989/44/37 990/44/41
f 1463/44/39 998/44/42 1464/44/43
f 1457/44/44 990/44/41 991/44/45
f 1464/44/43 999/44/46 1465/44/47
f 1458/44/48 991/44/45 992/44/49
f 1465/44/47 1000/44/23 1466/44/22
f 1459/44/24 992/44/49 993/44/50
f 1452/44/51 1241/44/52 986/44/28
f 999/44/46 1015/44/53 1000/44/23
f 993/44/50 1007/44/54 1008/44/55
f 986/44/28 1241/44/52 1001/44/56
f 985/44/21 1000/44/23 1015/44/53
f 993/44/50 1009/44/57 994/44/25
f 987/44/29 1001/44/56 1002/44/58
f 994/44/25 1010/44/519 995/44/30
f 988/44/33 1002/44/58 1003/44/60
f 995/44/30 1011/44/61 996/44/34
f 989/44/37 1003/44/60 1004/44/62
f 996/44/34 1012/44/63 997/44/38
f 990/44/41 1004/44/62 1005/44/64
f 997/44/38 1013/44/65 998/44/42
f 991/44/45 1005/44/64 1006/44/520
f 998/44/42 1014/44/67 999/44/46
f 992/44/49 1006/44/520 1007/44/54
f 1004/44/62 1018/44/68 1019/44/69
f 1011/44/61 1027/44/70 1012/44/63
f 1005/44/64 1019/44/69 1020/44/71
f 1012/44/63 1028/44/72 1013/44/65
f 1006/44/520 1020/44/71 1021/44/73
f 1013/44/65 1029/44/74 1014/44/67
f 1007/44/54 1021/44/73 1022/44/75
f 1014/44/67 1030/44/504 1015/44/53
f 1008/44/55 1022/44/75 1023/44/77
f 1001/44/56 1241/44/52 1016/44/505
f 985/44/21 1015/44/53 1030/44/504
f 1008/44/55 1024/44/79 1009/44/57
f 1002/44/58 1016/44/505 1017/44/80
f 1009/44/57 1025/44/81 1010/44/519
f 1003/44/60 1017/44/80 1018/44/68
f 1010/44/519 1026/44/82 1011/44/61
f 1023/44/77 1037/44/83 1038/44/84
f 1016/44/505 1241/44/52 1031/44/85
f 985/44/21 1030/44/504 1045/44/86
f 1023/44/77 1039/44/521 1024/44/79
f 1017/44/80 1031/44/85 1032/44/88
f 1024/44/79 1040/44/89 1025/44/81
f 1018/44/68 1032/44/88 1033/44/90
f 1025/44/81 1041/44/91 1026/44/82
f 1019/44/69 1033/44/90 1034/44/92
f 1026/44/82 1042/44/93 1027/44/70
f 1020/44/71 1034/44/92 1035/44/522
f 1027/44/70 1043/44/95 1028/44/72
f 1021/44/73 1035/44/522 1036/44/96
f 1028/44/72 1044/44/97 1029/44/74
f 1022/44/75 1036/44/96 1037/44/83
f 1029/44/74 1045/44/86 1030/44/504
f 1041/44/91 1057/44/98 1042/44/93
f 1035/44/522 1049/44/99 1050/44/100
f 1042/44/93 1058/44/101 1043/44/95
f 1036/44/96 1050/44/100 1051/44/102
f 1043/44/95 1059/44/103 1044/44/97
f 1037/44/83 1051/44/102 1052/44/104
f 1044/44/97 1060/44/105 1045/44/86
f 1038/44/84 1052/44/104 1053/44/106
f 1031/44/85 1241/44/52 1046/44/107
f 985/44/21 1045/44/86 1060/44/105
f 1038/44/84 1054/44/108 1039/44/521
f 1032/44/88 1046/44/107 1047/44/109
f 1039/44/521 1055/44/110 1040/44/89
f 1033/44/90 1047/44/109 1048/44/111
f 1040/44/89 1056/44/112 1041/44/91
f 1034/44/92 1048/44/111 1049/44/99
f 985/44/21 1060/44/105 1075/44/113
f 1053/44/106 1069/44/114 1054/44/108
f 1047/44/109 1061/44/115 1062/44/116
f 1054/44/108 1070/44/523 1055/44/110
f 1048/44/111 1062/44/116 1063/44/118
f 1055/44/110 1071/44/119 1056/44/112
f 1049/44/99 1063/44/118 1064/44/120
f 1056/44/112 1072/44/121 1057/44/98
f 1050/44/100 1064/44/120 1065/44/122
f 1057/44/98 1073/44/123 1058/44/101
f 1051/44/102 1065/44/122 1066/44/124
f 1058/44/101 1074/44/125 1059/44/103
f 1052/44/104 1066/44/124 1067/44/126
f 1059/44/103 1075/44/113 1060/44/105
f 1053/44/106 1067/44/126 1068/44/127
f 1046/44/107 1241/44/52 1061/44/115
f 1072/44/121 1088/44/128 1073/44/123
f 1066/44/124 1080/44/129 1081/44/130
f 1073/44/123 1089/44/131 1074/44/125
f 1067/44/126 1081/44/130 1082/44/132
f 1074/44/125 1090/44/133 1075/44/113
f 1068/44/127 1082/44/132 1083/44/134
f 1061/44/115 1241/44/52 1076/44/135
f 985/44/21 1075/44/113 1090/44/133
f 1068/44/127 1084/44/136 1069/44/114
f 1062/44/116 1076/44/135 1077/44/137
f 1069/44/114 1085/44/138 1070/44/523
f 1063/44/118 1077/44/137 1078/44/139
f 1070/44/523 1086/44/140 1071/44/119
f 1064/44/120 1078/44/139 1079/44/141
f 1071/44/119 1087/44/142 1072/44/121
f 1065/44/122 1079/44/141 1080/44/129
f 1077/44/137 1091/44/510 1092/44/144
f 1084/44/136 1100/44/145 1085/44/138
f 1078/44/139 1092/44/144 1093/44/146
f 1085/44/138 1101/44/147 1086/44/140
f 1079/44/141 1093/44/146 1094/44/148
f 1086/44/140 1102/44/149 1087/44/142
f 1080/44/129 1094/44/148 1095/44/150
f 1087/44/142 1103/44/151 1088/44/128
f 1081/44/130 1095/44/150 1096/44/152
f 1088/44/128 1104/44/153 1089/44/131
f 1082/44/132 1096/44/152 1097/44/154
f 1089/44/131 1105/44/155 1090/44/133
f 1083/44/134 1097/44/154 1098/44/156
f 1076/44/135 1241/44/52 1091/44/510
f 985/44/21 1090/44/133 1105/44/155
f 1083/44/134 1099/44/157 1084/44/136
f 1095/44/150 1111/44/158 1096/44/152
f 1104/44/153 1118/44/159 1119/44/160
f 1096/44/152 1112/44/161 1097/44/154
f 1105/44/155 1119/44/160 1120/44/162
f 1097/44/154 1113/44/163 1098/44/156
f 1091/44/510 1241/44/52 1106/44/164
f 985/44/21 1105/44/155 1120/44/162
f 1099/44/157 1113/44/163 1114/44/165
f 1091/44/510 1107/44/166 1092/44/144
f 1100/44/145 1114/44/165 1115/44/167
f 1092/44/144 1108/44/168 1093/44/146
f 1101/44/147 1115/44/167 1116/44/524
f 1093/44/146 1109/44/170 1094/44/148
f 1102/44/149 1116/44/524 1117/44/171
f 1094/44/148 1110/44/525 1095/44/150
f 1103/44/151 1117/44/171 1118/44/159
f 1115/44/167 1129/44/173 1130/44/526
f 1107/44/166 1123/44/175 1108/44/168
f 1116/44/524 1130/44/526 1131/44/176
f 1108/44/168 1124/44/527 1109/44/170
f 1117/44/171 1131/44/176 1132/44/178
f 1109/44/170 1125/44/179 1110/44/525
f 1118/44/159 1132/44/178 1133/44/180
f 1110/44/525 1126/44/528 1111/44/158
f 1119/44/160 1133/44/180 1134/44/182
f 1111/44/158 1127/44/183 1112/44/161
f 1120/44/162 1134/44/182 1135/44/184
f 1112/44/161 1128/44/185 1113/44/163
f 1106/44/164 1241/44/52 1121/44/186
f 985/44/21 1120/44/162 1135/44/184
f 1114/44/165 1128/44/185 1129/44/173
f 1106/44/164 1122/44/187 1107/44/166
f 1134/44/182 1148/44/188 1149/44/189
f 1126/44/528 1142/44/190 1127/44/183
f 1135/44/184 1149/44/189 1150/44/191
f 1127/44/183 1143/44/192 1128/44/185
f 1121/44/186 1241/44/52 1136/44/193
f 985/44/21 1135/44/184 1150/44/191
f 1129/44/173 1143/44/192 1144/44/194
f 1121/44/186 1137/44/195 1122/44/187
f 1130/44/526 1144/44/194 1145/44/196
f 1122/44/187 1138/44/197 1123/44/175
f 1131/44/176 1145/44/196 1146/44/198
f 1123/44/175 1139/44/199 1124/44/527
f 1132/44/178 1146/44/198 1147/44/200
f 1124/44/527 1140/44/201 1125/44/179
f 1133/44/180 1147/44/200 1148/44/188
f 1125/44/179 1141/44/202 1126/44/528
f 1137/44/195 1153/44/203 1138/44/197
f 1146/44/198 1160/44/204 1161/44/529
f 1138/44/197 1154/44/206 1139/44/199
f 1147/44/200 1161/44/529 1162/44/207
f 1139/44/199 1155/44/530 1140/44/201
f 1148/44/188 1162/44/207 1163/44/209
f 1140/44/201 1156/44/210 1141/44/202
f 1149/44/189 1163/44/209 1164/44/211
f 1141/44/202 1157/44/212 1142/44/190
f 1150/44/191 1164/44/211 1165/44/213
f 1142/44/190 1158/44/214 1143/44/192
f 1136/44/193 1241/44/52 1151/44/215
f 985/44/21 1150/44/191 1165/44/213
f 1144/44/194 1158/44/214 1159/44/216
f 1136/44/193 1152/44/217 1137/44/195
f 1145/44/196 1159/44/216 1160/44/204
f 1156/44/210 1172/44/218 1157/44/212
f 1165/44/213 1179/44/219 1180/44/220
f 1157/44/212 1173/44/221 1158/44/214
f 1151/44/215 1241/44/52 1166/44/222
f 985/44/21 1165/44/213 1180/44/220
f 1159/44/216 1173/44/221 1174/44/223
f 1151/44/215 1167/44/224 1152/44/217
f 1160/44/204 1174/44/223 1175/44/225
f 1152/44/217 1168/44/531 1153/44/203
f 1161/44/529 1175/44/225 1176/44/227
f 1153/44/203 1169/44/228 1154/44/206
f 1162/44/207 1176/44/227 1177/44/229
f 1154/44/206 1170/44/230 1155/44/530
f 1163/44/209 1177/44/229 1178/44/231
f 1155/44/530 1171/44/232 1156/44/210
f 1164/44/211 1178/44/231 1179/44/219
f 1176/44/227 1190/44/233 1191/44/234
f 1168/44/531 1184/44/235 1169/44/228
f 1177/44/229 1191/44/234 1192/44/236
f 1169/44/228 1185/44/237 1170/44/230
f 1178/44/231 1192/44/236 1193/44/238
f 1170/44/230 1186/44/239 1171/44/232
f 1179/44/219 1193/44/238 1194/44/240
f 1171/44/232 1187/44/241 1172/44/218
f 1180/44/220 1194/44/240 1195/44/242
f 1172/44/218 1188/44/243 1173/44/221
f 1166/44/222 1241/44/52 1181/44/244
f 985/44/21 1180/44/220 1195/44/242
f 1174/44/223 1188/44/243 1189/44/245
f 1166/44/222 1182/44/246 1167/44/224
f 1175/44/225 1189/44/245 1190/44/233
f 1167/44/224 1183/44/247 1168/44/531
f 1195/44/242 1209/44/248 1210/44/249
f 1187/44/241 1203/44/250 1188/44/243
f 1181/44/244 1241/44/52 1196/44/532
f 985/44/21 1195/44/242 1210/44/249
f 1189/44/245 1203/44/250 1204/44/252
f 1181/44/244 1197/44/253 1182/44/246
f 1190/44/233 1204/44/252 1205/44/254
f 1182/44/246 1198/44/255 1183/44/247
f 1191/44/234 1205/44/254 1206/44/256
f 1183/44/247 1199/44/257 1184/44/235
f 1192/44/236 1206/44/256 1207/44/258
f 1184/44/235 1200/44/259 1185/44/237
f 1193/44/238 1207/44/258 1208/44/260
f 1185/44/237 1201/44/261 1186/44/239
f 1194/44/240 1208/44/260 1209/44/248
f 1186/44/239 1202/44/262 1187/44/241
f 1207/44/258 1221/44/263 1222/44/264
f 1199/44/257 1215/44/265 1200/44/259
f 1208/44/260 1222/44/264 1223/44/266
f 1200/44/259 1216/44/267 1201/44/261
f 1209/44/248 1223/44/266 1224/44/268
f 1201/44/261 1217/44/269 1202/44/262
f 1210/44/249 1224/44/268 1225/44/270
f 1202/44/262 1218/44/271 1203/44/250
f 1196/44/532 1241/44/52 1211/44/272
f 985/44/21 1210/44/249 1225/44/270
f 1204/44/252 1218/44/271 1219/44/273
f 1196/44/532 1212/44/274 1197/44/253
f 1205/44/254 1219/44/273 1220/44/275
f 1197/44/253 1213/44/276 1198/44/255
f 1206/44/256 1220/44/275 1221/44/263
f 1198/44/255 1214/44/277 1199/44/257
f 1211/44/272 1241/44/52 1226/44/278
f 985/44/21 1225/44/270 1240/44/279
f 1218/44/271 1234/44/280 1219/44/273
f 1212/44/274 1226/44/278 1227/44/281
f 1219/44/273 1235/44/282 1220/44/275
f 1213/44/276 1227/44/281 1228/44/283
f 1220/44/275 1236/44/284 1221/44/263
f 1214/44/277 1228/44/283 1229/44/285
f 1221/44/263 1237/44/286 1222/44/264
f 1215/44/265 1229/44/285 1230/44/287
f 1222/44/264 1238/44/288 1223/44/266
f 1216/44/267 1230/44/287 1231/44/289
f 1223/44/266 1239/44/290 1224/44/268
f 1217/44/269 1231/44/289 1232/44/291
f 1224/44/268 1240/44/279 1225/44/270
f 1218/44/271 1232/44/291 1233/44/292
f 1230/44/287 1245/44/293 1246/44/294
f 1237/44/286 1254/44/295 1238/44/288
f 1231/44/289 1246/44/294 1247/44/512
f 1238/44/288 1255/44/297 1239/44/290
f 1232/44/291 1247/44/512 1248/44/298
f 1239/44/290 1256/44/299 1240/44/279
f 1233/44/292 1248/44/298 1249/44/300
f 1226/44/278 1241/44/52 1242/44/301
f 985/44/21 1240/44/279 1256/44/299
f 1233/44/292 1250/44/302 1234/44/280
f 1227/44/281 1242/44/301 1243/44/303
f 1234/44/280 1251/44/304 1235/44/282
f 1228/44/283 1243/44/303 1244/44/305
f 1235/44/282 1252/44/306 1236/44/284
f 1229/44/285 1244/44/305 1245/44/293
f 1236/44/284 1253/44/307 1237/44/286
f 1249/44/300 1265/44/308 1250/44/302
f 1243/44/303 1257/44/309 1258/44/310
f 1250/44/302 1266/44/311 1251/44/304
f 1244/44/305 1258/44/310 1259/44/533
f 1251/44/304 1267/44/313 1252/44/306
f 1245/44/293 1259/44/533 1260/44/314
f 1252/44/306 1268/44/315 1253/44/307
f 1246/44/294 1260/44/314 1261/44/316
f 1253/44/307 1269/44/317 1254/44/295
f 1247/44/512 1261/44/316 1262/44/318
f 1254/44/295 1270/44/319 1255/44/297
f 1248/44/298 1262/44/318 1263/44/320
f 1255/44/297 1271/44/321 1256/44/299
f 1249/44/300 1263/44/320 1264/44/322
f 1242/44/301 1241/44/52 1257/44/309
f 985/44/21 1256/44/299 1271/44/321
f 1268/44/315 1284/44/323 1269/44/317
f 1262/44/318 1276/44/324 1277/44/325
f 1269/44/317 1285/44/326 1270/44/319
f 1263/44/320 1277/44/325 1278/44/327
f 1270/44/319 1286/44/328 1271/44/321
f 1264/44/322 1278/44/327 1279/44/329
f 1257/44/309 1241/44/52 1272/44/330
f 985/44/21 1271/44/321 1286/44/328
f 1264/44/322 1280/44/331 1265/44/308
f 1258/44/310 1272/44/330 1273/44/332
f 1265/44/308 1281/44/333 1266/44/311
f 1259/44/533 1273/44/332 1274/44/334
f 1266/44/311 1282/44/513 1267/44/313
f 1260/44/314 1274/44/334 1275/44/336
f 1267/44/313 1283/44/337 1268/44/315
f 1261/44/316 1275/44/336 1276/44/324
f 1273/44/332 1287/44/338 1288/44/339
f 1280/44/331 1296/44/340 1281/44/333
f 1274/44/334 1288/44/339 1289/44/341
f 1281/44/333 1297/44/342 1282/44/513
f 1275/44/336 1289/44/341 1290/44/343
f 1282/44/513 1298/44/344 1283/44/337
f 1276/44/324 1290/44/343 1291/44/345
f 1283/44/337 1299/44/346 1284/44/323
f 1277/44/325 1291/44/345 1292/44/347
f 1284/44/323 1300/44/348 1285/44/326
f 1278/44/327 1292/44/347 1293/44/349
f 1285/44/326 1301/44/350 1286/44/328
f 1279/44/329 1293/44/349 1294/44/351
f 1272/44/330 1241/44/52 1287/44/338
f 985/44/21 1286/44/328 1301/44/350
f 1279/44/329 1295/44/352 1280/44/331
f 1292/44/347 1306/44/353 1307/44/534
f 1299/44/346 1315/44/355 1300/44/348
f 1293/44/349 1307/44/534 1308/44/356
f 1300/44/348 1316/44/357 1301/44/350
f 1294/44/351 1308/44/356 1309/44/358
f 1287/44/338 1241/44/52 1302/44/359
f 985/44/21 1301/44/350 1316/44/357
f 1294/44/351 1310/44/360 1295/44/352
f 1288/44/339 1302/44/359 1303/44/361
f 1295/44/352 1311/44/535 1296/44/340
f 1289/44/341 1303/44/361 1304/44/363
f 1296/44/340 1312/44/364 1297/44/342
f 1290/44/343 1304/44/363 1305/44/365
f 1297/44/342 1313/44/514 1298/44/344
f 1291/44/345 1305/44/365 1306/44/353
f 1298/44/344 1314/44/367 1299/44/346
f 1310/44/360 1326/44/368 1311/44/535
f 1304/44/363 1318/44/369 1319/44/370
f 1311/44/535 1327/44/371 1312/44/364
f 1305/44/365 1319/44/370 1320/44/372
f 1312/44/364 1328/44/373 1313/44/514
f 1306/44/353 1320/44/372 1321/44/374
f 1313/44/514 1329/44/375 1314/44/367
f 1307/44/534 1321/44/374 1322/44/376
f 1314/44/367 1330/44/377 1315/44/355
f 1308/44/356 1322/44/376 1323/44/378
f 1315/44/355 1331/44/379 1316/44/357
f 1309/44/358 1323/44/378 1324/44/380
f 1302/44/359 1241/44/52 1317/44/381
f 985/44/21 1316/44/357 1331/44/379
f 1309/44/358 1325/44/382 1310/44/360
f 1303/44/361 1317/44/381 1318/44/369
f 1329/44/375 1345/44/383 1330/44/377
f 1323/44/378 1337/44/384 1338/44/385
f 1330/44/377 1346/44/386 1331/44/379
f 1324/44/380 1338/44/385 1339/44/387
f 1317/44/381 1241/44/52 1332/44/536
f 985/44/21 1331/44/379 1346/44/386
f 1324/44/380 1340/44/389 1325/44/382
f 1318/44/369 1332/44/536 1333/44/390
f 1325/44/382 1341/44/391 1326/44/368
f 1319/44/370 1333/44/390 1334/44/392
f 1326/44/368 1342/44/393 1327/44/371
f 1320/44/372 1334/44/392 1335/44/394
f 1327/44/371 1343/44/395 1328/44/373
f 1321/44/374 1335/44/394 1336/44/396
f 1328/44/373 1344/44/397 1329/44/375
f 1322/44/376 1336/44/396 1337/44/384
f 1342/44/393 1356/44/398 1357/44/399
f 1334/44/392 1350/44/400 1335/44/394
f 1343/44/395 1357/44/399 1358/44/401
f 1335/44/394 1351/44/402 1336/44/396
f 1344/44/397 1358/44/401 1359/44/403
f 1336/44/396 1352/44/404 1337/44/384
f 1345/44/383 1359/44/403 1360/44/405
f 1337/44/384 1353/44/406 1338/44/385
f 1346/44/386 1360/44/405 1361/44/407
f 1338/44/385 1354/44/408 1339/44/387
f 1332/44/536 1241/44/52 1347/44/409
f 985/44/21 1346/44/386 1361/44/407
f 1340/44/389 1354/44/408 1355/44/410
f 1332/44/536 1348/44/411 1333/44/390
f 1341/44/391 1355/44/410 1356/44/398
f 1333/44/390 1349/44/412 1334/44/392
f 1361/44/407 1375/44/413 1376/44/414
f 1353/44/406 1369/44/415 1354/44/408
f 1347/44/409 1241/44/52 1362/44/416
f 985/44/21 1361/44/407 1376/44/414
f 1355/44/410 1369/44/415 1370/44/417
f 1347/44/409 1363/44/418 1348/44/411
f 1356/44/398 1370/44/417 1371/44/537
f 1348/44/411 1364/44/420 1349/44/412
f 1357/44/399 1371/44/537 1372/44/421
f 1349/44/412 1365/44/538 1350/44/400
f 1358/44/401 1372/44/421 1373/44/515
f 1350/44/400 1366/44/424 1351/44/402
f 1359/44/403 1373/44/515 1374/44/425
f 1351/44/402 1367/44/539 1352/44/404
f 1360/44/405 1374/44/425 1375/44/413
f 1352/44/404 1368/44/427 1353/44/406
f 1364/44/420 1380/44/428 1365/44/538
f 1373/44/515 1387/44/429 1388/44/430
f 1365/44/538 1381/44/431 1366/44/424
f 1374/44/425 1388/44/430 1389/44/432
f 1366/44/424 1382/44/433 1367/44/539
f 1375/44/413 1389/44/432 1390/44/434
f 1367/44/539 1383/44/435 1368/44/427
f 1376/44/414 1390/44/434 1391/44/436
f 1368/44/427 1384/44/437 1369/44/415
f 1362/44/416 1241/44/52 1377/44/438
f 985/44/21 1376/44/414 1391/44/436
f 1370/44/417 1384/44/437 1385/44/439
f 1362/44/416 1378/44/440 1363/44/418
f 1371/44/537 1385/44/439 1386/44/441
f 1363/44/418 1379/44/442 1364/44/420
f 1372/44/421 1386/44/441 1387/44/429
f 1383/44/435 1399/44/443 1384/44/437
f 1377/44/438 1241/44/52 1392/44/444
f 985/44/21 1391/44/436 1406/44/445
f 1385/44/439 1399/44/443 1400/44/446
f 1377/44/438 1393/44/447 1378/44/440
f 1386/44/441 1400/44/446 1401/44/540
f 1378/44/440 1394/44/449 1379/44/442
f 1387/44/429 1401/44/540 1402/44/450
f 1379/44/442 1395/44/451 1380/44/428
f 1388/44/430 1402/44/450 1403/44/452
f 1380/44/428 1396/44/453 1381/44/431
f 1389/44/432 1403/44/452 1404/44/454
f 1381/44/431 1397/44/455 1382/44/433
f 1390/44/434 1404/44/454 1405/44/456
f 1382/44/433 1398/44/457 1383/44/435
f 1391/44/436 1405/44/456 1406/44/445
f 1403/44/452 1417/44/458 1418/44/459
f 1395/44/451 1411/44/460 1396/44/453
f 1404/44/454 1418/44/459 1419/44/461
f 1396/44/453 1412/44/462 1397/44/455
f 1405/44/456 1419/44/461 1420/44/463
f 1397/44/455 1413/44/464 1398/44/457
f 1406/44/445 1420/44/463 1421/44/518
f 1398/44/457 1414/44/466 1399/44/443
f 1392/44/444 1241/44/52 1407/44/467
f 985/44/21 1406/44/445 1421/44/518
f 1400/44/446 1414/44/466 1415/44/468
f 1392/44/444 1408/44/469 1393/44/447
f 1401/44/540 1415/44/468 1416/44/470
f 1393/44/447 1409/44/471 1394/44/449
f 1402/44/450 1416/44/470 1417/44/458
f 1394/44/449 1410/44/472 1395/44/451
f 1407/44/467 1241/44/52 1422/44/473
f 985/44/21 1421/44/518 1436/44/474
f 1415/44/468 1429/44/475 1430/44/476
f 1407/44/467 1423/44/477 1408/44/469
f 1416/44/470 1430/44/476 1431/44/478
f 1408/44/469 1424/44/479 1409/44/471
f 1417/44/458 1431/44/478 1432/44/480
f 1409/44/471 1425/44/481 1410/44/472
f 1418/44/459 1432/44/480 1433/44/482
f 1410/44/472 1426/44/483 1411/44/460
f 1419/44/461 1433/44/482 1434/44/484
f 1411/44/460 1427/44/485 1412/44/462
f 1420/44/463 1434/44/484 1435/44/486
f 1412/44/462 1428/44/487 1413/44/464
f 1421/44/518 1435/44/486 1436/44/474
f 1413/44/464 1429/44/475 1414/44/466
f 1425/44/481 1441/44/488 1426/44/483
f 1434/44/484 1448/44/489 1449/44/490
f 1426/44/483 1442/44/491 1427/44/485
f 1435/44/486 1449/44/490 1450/44/492
f 1427/44/485 1443/44/493 1428/44/487
f 1436/44/474 1450/44/492 1451/44/494
f 1428/44/487 1444/44/541 1429/44/475
f 1422/44/473 1241/44/52 1437/44/496
f 985/44/21 1436/44/474 1451/44/494
f 1430/44/476 1444/44/541 1445/44/497
f 1422/44/473 1438/44/498 1423/44/477
f 1431/44/478 1445/44/497 1446/44/499
f 1423/44/477 1439/44/500 1424/44/479
f 1432/44/480 1446/44/499 1447/44/501
f 1424/44/479 1440/44/502 1425/44/481
f 1433/44/482 1447/44/501 1448/44/489
f 1445/44/497 1459/44/24 1460/44/26
f 1437/44/496 1453/44/27 1438/44/498
f 1446/44/499 1460/44/26 1461/44/31
f 1438/44/498 1454/44/32 1439/44/500
f 1447/44/501 1461/44/31 1462/44/35
f 1439/44/500 1455/44/36 1440/44/502
f 1448/44/489 1462/44/35 1463/44/39
f 1440/44/502 1456/44/40 1441/44/488
f 1449/44/490 1463/44/39 1464/44/43
f 1441/44/488 1457/44/44 1442/44/491
f 1450/44/492 1464/44/43 1465/44/47
f 1442/44/491 1458/44/48 1443/44/493
f 1451/44/494 1465/44/47 1466/44/22
f 1443/44/493 1459/44/24 1444/44/541
f 1437/44/496 1241/44/52 1452/44/51
f 985/44/21 1451/44/494 1466/44/22
s 5
f 1467/44/21 1948/44/22 1482/44/23
f 1941/44/24 1476/44/25 1942/44/26
f 1935/44/27 1468/44/28 1469/44/29
f 1942/44/26 1477/44/30 1943/44/31
f 1936/44/32 1469/44/29 1470/44/33
f 1943/44/31 1478/44/34 1944/44/35
f 1937/44/36 1470/44/33 1471/44/37
f 1944/44/35 1479/44/38 1945/44/39
f 1938/44/40 1471/44/37 1472/44/41
f 1945/44/39 1480/44/42 1946/44/43
f 1939/44/44 1472/44/41 1473/44/45
f 1946/44/43 1481/44/46 1947/44/47
f 1940/44/48 1473/44/45 1474/44/49
f 1947/44/47 1482/44/23 1948/44/22
f 1941/44/24 1474/44/49 1475/44/50
f 1934/44/51 1723/44/52 1468/44/28
f 1481/44/46 1497/44/53 1482/44/23
f 1475/44/50 1489/44/54 1490/44/55
f 1468/44/28 1723/44/52 1483/44/56
f 1467/44/21 1482/44/23 1497/44/53
f 1475/44/50 1491/44/57 1476/44/25
f 1469/44/29 1483/44/56 1484/44/58
f 1476/44/25 1492/44/519 1477/44/30
f 1470/44/33 1484/44/58 1485/44/60
f 1477/44/30 1493/44/61 1478/44/34
f 1471/44/37 1485/44/60 1486/44/62
f 1478/44/34 1494/44/63 1479/44/38
f 1472/44/41 1486/44/62 1487/44/64
f 1479/44/38 1495/44/65 1480/44/42
f 1473/44/45 1487/44/64 1488/44/520
f 1480/44/42 1496/44/67 1481/44/46
f 1474/44/49 1488/44/520 1489/44/54
f 1486/44/62 1500/44/68 1501/44/69
f 1493/44/61 1509/44/70 1494/44/63
f 1487/44/64 1501/44/69 1502/44/71
f 1494/44/63 1510/44/72 1495/44/65
f 1488/44/520 1502/44/71 1503/44/73
f 1495/44/65 1511/44/74 1496/44/67
f 1489/44/54 1503/44/73 1504/44/75
f 1496/44/67 1512/44/504 1497/44/53
f 1490/44/55 1504/44/75 1505/44/77
f 1483/44/56 1723/44/52 1498/44/505
f 1467/44/21 1497/44/53 1512/44/504
f 1490/44/55 1506/44/79 1491/44/57
f 1484/44/58 1498/44/505 1499/44/80
f 1491/44/57 1507/44/81 1492/44/519
f 1485/44/60 1499/44/80 1500/44/68
f 1492/44/519 1508/44/82 1493/44/61
f 1505/44/77 1519/44/83 1520/44/84
f 1498/44/505 1723/44/52 1513/44/85
f 1467/44/21 1512/44/504 1527/44/86
f 1505/44/77 1521/44/87 1506/44/79
f 1499/44/80 1513/44/85 1514/44/88
f 1506/44/79 1522/44/89 1507/44/81
f 1500/44/68 1514/44/88 1515/44/90
f 1507/44/81 1523/44/91 1508/44/82
f 1501/44/69 1515/44/90 1516/44/92
f 1508/44/82 1524/44/93 1509/44/70
f 1502/44/71 1516/44/92 1517/44/522
f 1509/44/70 1525/44/95 1510/44/72
f 1503/44/73 1517/44/522 1518/44/96
f 1510/44/72 1526/44/97 1511/44/74
f 1504/44/75 1518/44/96 1519/44/83
f 1511/44/74 1527/44/86 1512/44/504
f 1523/44/91 1539/44/98 1524/44/93
f 1517/44/522 1531/44/99 1532/44/100
f 1524/44/93 1540/44/101 1525/44/95
f 1518/44/96 1532/44/100 1533/44/102
f 1525/44/95 1541/44/103 1526/44/97
f 1519/44/83 1533/44/102 1534/44/104
f 1526/44/97 1542/44/105 1527/44/86
f 1520/44/84 1534/44/104 1535/44/106
f 1513/44/85 1723/44/52 1528/44/107
f 1467/44/21 1527/44/86 1542/44/105
f 1520/44/84 1536/44/108 1521/44/87
f 1514/44/88 1528/44/107 1529/44/109
f 1521/44/87 1537/44/110 1522/44/89
f 1515/44/90 1529/44/109 1530/44/111
f 1522/44/89 1538/44/112 1523/44/91
f 1516/44/92 1530/44/111 1531/44/99
f 1467/44/21 1542/44/105 1557/44/113
f 1535/44/106 1551/44/114 1536/44/108
f 1529/44/109 1543/44/115 1544/44/116
f 1536/44/108 1552/44/523 1537/44/110
f 1530/44/111 1544/44/116 1545/44/118
f 1537/44/110 1553/44/119 1538/44/112
f 1531/44/99 1545/44/118 1546/44/120
f 1538/44/112 1554/44/542 1539/44/98
f 1532/44/100 1546/44/120 1547/44/122
f 1539/44/98 1555/44/123 1540/44/101
f 1533/44/102 1547/44/122 1548/44/543
f 1540/44/101 1556/44/125 1541/44/103
f 1534/44/104 1548/44/543 1549/44/126
f 1541/44/103 1557/44/113 1542/44/105
f 1535/44/106 1549/44/126 1550/44/127
f 1528/44/107 1723/44/52 1543/44/115
f 1554/44/542 1570/44/128 1555/44/123
f 1548/44/543 1562/44/129 1563/44/130
f 1555/44/123 1571/44/131 1556/44/125
f 1549/44/126 1563/44/130 1564/44/132
f 1556/44/125 1572/44/133 1557/44/113
f 1550/44/127 1564/44/132 1565/44/134
f 1543/44/115 1723/44/52 1558/44/135
f 1467/44/21 1557/44/113 1572/44/133
f 1550/44/127 1566/44/136 1551/44/114
f 1544/44/116 1558/44/135 1559/44/137
f 1551/44/114 1567/44/138 1552/44/523
f 1545/44/118 1559/44/137 1560/44/139
f 1552/44/523 1568/44/140 1553/44/119
f 1546/44/120 1560/44/139 1561/44/141
f 1553/44/119 1569/44/142 1554/44/542
f 1547/44/122 1561/44/141 1562/44/129
f 1559/44/137 1573/44/510 1574/44/144
f 1566/44/136 1582/44/145 1567/44/138
f 1560/44/139 1574/44/144 1575/44/146
f 1567/44/138 1583/44/147 1568/44/140
f 1561/44/141 1575/44/146 1576/44/148
f 1568/44/140 1584/44/149 1569/44/142
f 1562/44/129 1576/44/148 1577/44/150
f 1569/44/142 1585/44/151 1570/44/128
f 1563/44/130 1577/44/150 1578/44/152
f 1570/44/128 1586/44/153 1571/44/131
f 1564/44/132 1578/44/152 1579/44/154
f 1571/44/131 1587/44/155 1572/44/133
f 1565/44/134 1579/44/154 1580/44/156
f 1558/44/135 1723/44/52 1573/44/510
f 1467/44/21 1572/44/133 1587/44/155
f 1565/44/134 1581/44/157 1566/44/136
f 1577/44/150 1593/44/158 1578/44/152
f 1586/44/153 1600/44/159 1601/44/160
f 1578/44/152 1594/44/161 1579/44/154
f 1587/44/155 1601/44/160 1602/44/162
f 1579/44/154 1595/44/163 1580/44/156
f 1573/44/510 1723/44/52 1588/44/164
f 1467/44/21 1587/44/155 1602/44/162
f 1581/44/157 1595/44/163 1596/44/165
f 1573/44/510 1589/44/166 1574/44/144
f 1582/44/145 1596/44/165 1597/44/167
f 1574/44/144 1590/44/168 1575/44/146
f 1583/44/147 1597/44/167 1598/44/169
f 1575/44/146 1591/44/170 1576/44/148
f 1584/44/149 1598/44/169 1599/44/171
f 1576/44/148 1592/44/172 1577/44/150
f 1585/44/151 1599/44/171 1600/44/159
f 1597/44/167 1611/44/544 1612/44/526
f 1589/44/166 1605/44/175 1590/44/168
f 1598/44/169 1612/44/526 1613/44/176
f 1590/44/168 1606/44/527 1591/44/170
f 1599/44/171 1613/44/176 1614/44/178
f 1591/44/170 1607/44/179 1592/44/172
f 1600/44/159 1614/44/178 1615/44/180
f 1592/44/172 1608/44/528 1593/44/158
f 1601/44/160 1615/44/180 1616/44/182
f 1593/44/158 1609/44/545 1594/44/161
f 1602/44/162 1616/44/182 1617/44/184
f 1594/44/161 1610/44/185 1595/44/163
f 1588/44/164 1723/44/52 1603/44/186
f 1467/44/21 1602/44/162 1617/44/184
f 1596/44/165 1610/44/185 1611/44/544
f 1588/44/164 1604/44/187 1589/44/166
f 1616/44/182 1630/44/188 1631/44/189
f 1608/44/528 1624/44/190 1609/44/545
f 1617/44/184 1631/44/189 1632/44/191
f 1609/44/545 1625/44/192 1610/44/185
f 1603/44/186 1723/44/52 1618/44/193
f 1467/44/21 1617/44/184 1632/44/191
f 1611/44/544 1625/44/192 1626/44/194
f 1603/44/186 1619/44/195 1604/44/187
f 1612/44/526 1626/44/194 1627/44/196
f 1604/44/187 1620/44/197 1605/44/175
f 1613/44/176 1627/44/196 1628/44/198
f 1605/44/175 1621/44/199 1606/44/527
f 1614/44/178 1628/44/198 1629/44/200
f 1606/44/527 1622/44/201 1607/44/179
f 1615/44/180 1629/44/200 1630/44/188
f 1607/44/179 1623/44/202 1608/44/528
f 1619/44/195 1635/44/203 1620/44/197
f 1628/44/198 1642/44/204 1643/44/529
f 1620/44/197 1636/44/206 1621/44/199
f 1629/44/200 1643/44/529 1644/44/207
f 1621/44/199 1637/44/530 1622/44/201
f 1630/44/188 1644/44/207 1645/44/209
f 1622/44/201 1638/44/210 1623/44/202
f 1631/44/189 1645/44/209 1646/44/211
f 1623/44/202 1639/44/212 1624/44/190
f 1632/44/191 1646/44/211 1647/44/213
f 1624/44/190 1640/44/214 1625/44/192
f 1618/44/193 1723/44/52 1633/44/215
f 1467/44/21 1632/44/191 1647/44/213
f 1626/44/194 1640/44/214 1641/44/216
f 1618/44/193 1634/44/217 1619/44/195
f 1627/44/196 1641/44/216 1642/44/204
f 1638/44/210 1654/44/218 1639/44/212
f 1647/44/213 1661/44/219 1662/44/220
f 1639/44/212 1655/44/221 1640/44/214
f 1633/44/215 1723/44/52 1648/44/222
f 1467/44/21 1647/44/213 1662/44/220
f 1641/44/216 1655/44/221 1656/44/223
f 1633/44/215 1649/44/224 1634/44/217
f 1642/44/204 1656/44/223 1657/44/225
f 1634/44/217 1650/44/226 1635/44/203
f 1643/44/529 1657/44/225 1658/44/227
f 1635/44/203 1651/44/228 1636/44/206
f 1644/44/207 1658/44/227 1659/44/229
f 1636/44/206 1652/44/230 1637/44/530
f 1645/44/209 1659/44/229 1660/44/231
f 1637/44/530 1653/44/232 1638/44/210
f 1646/44/211 1660/44/231 1661/44/219
f 1658/44/227 1672/44/233 1673/44/234
f 1650/44/226 1666/44/235 1651/44/228
f 1659/44/229 1673/44/234 1674/44/236
f 1651/44/228 1667/44/237 1652/44/230
f 1660/44/231 1674/44/236 1675/44/238
f 1652/44/230 1668/44/239 1653/44/232
f 1661/44/219 1675/44/238 1676/44/240
f 1653/44/232 1669/44/241 1654/44/218
f 1662/44/220 1676/44/240 1677/44/242
f 1654/44/218 1670/44/243 1655/44/221
f 1648/44/222 1723/44/52 1663/44/244
f 1467/44/21 1662/44/220 1677/44/242
f 1656/44/223 1670/44/243 1671/44/245
f 1648/44/222 1664/44/246 1649/44/224
f 1657/44/225 1671/44/245 1672/44/233
f 1649/44/224 1665/44/247 1650/44/226
f 1677/44/242 1691/44/248 1692/44/249
f 1669/44/241 1685/44/250 1670/44/243
f 1663/44/244 1723/44/52 1678/44/532
f 1467/44/21 1677/44/242 1692/44/249
f 1671/44/245 1685/44/250 1686/44/252
f 1663/44/244 1679/44/253 1664/44/246
f 1672/44/233 1686/44/252 1687/44/254
f 1664/44/246 1680/44/255 1665/44/247
f 1673/44/234 1687/44/254 1688/44/256
f 1665/44/247 1681/44/257 1666/44/235
f 1674/44/236 1688/44/256 1689/44/258
f 1666/44/235 1682/44/259 1667/44/237
f 1675/44/238 1689/44/258 1690/44/260
f 1667/44/237 1683/44/261 1668/44/239
f 1676/44/240 1690/44/260 1691/44/248
f 1668/44/239 1684/44/262 1669/44/241
f 1689/44/258 1703/44/263 1704/44/264
f 1681/44/257 1697/44/265 1682/44/259
f 1690/44/260 1704/44/264 1705/44/266
f 1682/44/259 1698/44/267 1683/44/261
f 1691/44/248 1705/44/266 1706/44/268
f 1683/44/261 1699/44/269 1684/44/262
f 1692/44/249 1706/44/268 1707/44/270
f 1684/44/262 1700/44/271 1685/44/250
f 1678/44/532 1723/44/52 1693/44/272
f 1467/44/21 1692/44/249 1707/44/270
f 1686/44/252 1700/44/271 1701/44/273
f 1678/44/532 1694/44/274 1679/44/253
f 1687/44/254 1701/44/273 1702/44/275
f 1679/44/253 1695/44/276 1680/44/255
f 1688/44/256 1702/44/275 1703/44/263
f 1680/44/255 1696/44/277 1681/44/257
f 1693/44/272 1723/44/52 1708/44/278
f 1467/44/21 1707/44/270 1722/44/279
f 1700/44/271 1716/44/280 1701/44/273
f 1694/44/274 1708/44/278 1709/44/281
f 1701/44/273 1717/44/282 1702/44/275
f 1695/44/276 1709/44/281 1710/44/283
f 1702/44/275 1718/44/284 1703/44/263
f 1696/44/277 1710/44/283 1711/44/285
f 1703/44/263 1719/44/286 1704/44/264
f 1697/44/265 1711/44/285 1712/44/287
f 1704/44/264 1720/44/288 1705/44/266
f 1698/44/267 1712/44/287 1713/44/289
f 1705/44/266 1721/44/290 1706/44/268
f 1699/44/269 1713/44/289 1714/44/291
f 1706/44/268 1722/44/279 1707/44/270
f 1700/44/271 1714/44/291 1715/44/292
f 1712/44/287 1727/44/293 1728/44/294
f 1719/44/286 1736/44/295 1720/44/288
f 1713/44/289 1728/44/294 1729/44/512
f 1720/44/288 1737/44/297 1721/44/290
f 1714/44/291 1729/44/512 1730/44/298
f 1721/44/290 1738/44/299 1722/44/279
f 1715/44/292 1730/44/298 1731/44/300
f 1708/44/278 1723/44/52 1724/44/301
f 1467/44/21 1722/44/279 1738/44/299
f 1715/44/292 1732/44/302 1716/44/280
f 1709/44/281 1724/44/301 1725/44/303
f 1716/44/280 1733/44/304 1717/44/282
f 1710/44/283 1725/44/303 1726/44/305
f 1717/44/282 1734/44/306 1718/44/284
f 1711/44/285 1726/44/305 1727/44/293
f 1718/44/284 1735/44/307 1719/44/286
f 1731/44/300 1747/44/308 1732/44/302
f 1725/44/303 1739/44/309 1740/44/310
f 1732/44/302 1748/44/311 1733/44/304
f 1726/44/305 1740/44/310 1741/44/312
f 1733/44/304 1749/44/313 1734/44/306
f 1727/44/293 1741/44/312 1742/44/314
f 1734/44/306 1750/44/315 1735/44/307
f 1728/44/294 1742/44/314 1743/44/316
f 1735/44/307 1751/44/546 1736/44/295
f 1729/44/512 1743/44/316 1744/44/318
f 1736/44/295 1752/44/319 1737/44/297
f 1730/44/298 1744/44/318 1745/44/320
f 1737/44/297 1753/44/547 1738/44/299
f 1731/44/300 1745/44/320 1746/44/322
f 1724/44/301 1723/44/52 1739/44/309
f 1467/44/21 1738/44/299 1753/44/547
f 1750/44/315 1766/44/323 1751/44/546
f 1744/44/318 1758/44/324 1759/44/325
f 1751/44/546 1767/44/326 1752/44/319
f 1745/44/320 1759/44/325 1760/44/327
f 1752/44/319 1768/44/328 1753/44/547
f 1746/44/322 1760/44/327 1761/44/329
f 1739/44/309 1723/44/52 1754/44/330
f 1467/44/21 1753/44/547 1768/44/328
f 1746/44/322 1762/44/331 1747/44/308
f 1740/44/310 1754/44/330 1755/44/332
f 1747/44/308 1763/44/333 1748/44/311
f 1741/44/312 1755/44/332 1756/44/334
f 1748/44/311 1764/44/513 1749/44/313
f 1742/44/314 1756/44/334 1757/44/336
f 1749/44/313 1765/44/337 1750/44/315
f 1743/44/316 1757/44/336 1758/44/324
f 1755/44/332 1769/44/338 1770/44/339
f 1762/44/331 1778/44/340 1763/44/333
f 1756/44/334 1770/44/339 1771/44/341
f 1763/44/333 1779/44/342 1764/44/513
f 1757/44/336 1771/44/341 1772/44/343
f 1764/44/513 1780/44/344 1765/44/337
f 1758/44/324 1772/44/343 1773/44/345
f 1765/44/337 1781/44/346 1766/44/323
f 1759/44/325 1773/44/345 1774/44/347
f 1766/44/323 1782/44/348 1767/44/326
f 1760/44/327 1774/44/347 1775/44/349
f 1767/44/326 1783/44/350 1768/44/328
f 1761/44/329 1775/44/349 1776/44/351
f 1754/44/330 1723/44/52 1769/44/338
f 1467/44/21 1768/44/328 1783/44/350
f 1761/44/329 1777/44/352 1762/44/331
f 1774/44/347 1788/44/353 1789/44/534
f 1781/44/346 1797/44/355 1782/44/348
f 1775/44/349 1789/44/534 1790/44/356
f 1782/44/348 1798/44/357 1783/44/350
f 1776/44/351 1790/44/356 1791/44/358
f 1769/44/338 1723/44/52 1784/44/359
f 1467/44/21 1783/44/350 1798/44/357
f 1776/44/351 1792/44/360 1777/44/352
f 1770/44/339 1784/44/359 1785/44/361
f 1777/44/352 1793/44/535 1778/44/340
f 1771/44/341 1785/44/361 1786/44/363
f 1778/44/340 1794/44/364 1779/44/342
f 1772/44/343 1786/44/363 1787/44/548
f 1779/44/342 1795/44/514 1780/44/344
f 1773/44/345 1787/44/548 1788/44/353
f 1780/44/344 1796/44/367 1781/44/346
f 1792/44/360 1808/44/368 1793/44/535
f 1786/44/363 1800/44/369 1801/44/370
f 1793/44/535 1809/44/371 1794/44/364
f 1787/44/548 1801/44/370 1802/44/372
f 1794/44/364 1810/44/373 1795/44/514
f 1788/44/353 1802/44/372 1803/44/374
f 1795/44/514 1811/44/375 1796/44/367
f 1789/44/534 1803/44/374 1804/44/376
f 1796/44/367 1812/44/377 1797/44/355
f 1790/44/356 1804/44/376 1805/44/378
f 1797/44/355 1813/44/379 1798/44/357
f 1791/44/358 1805/44/378 1806/44/380
f 1784/44/359 1723/44/52 1799/44/381
f 1467/44/21 1798/44/357 1813/44/379
f 1791/44/358 1807/44/382 1792/44/360
f 1785/44/361 1799/44/381 1800/44/369
f 1811/44/375 1827/44/383 1812/44/377
f 1805/44/378 1819/44/384 1820/44/385
f 1812/44/377 1828/44/386 1813/44/379
f 1806/44/380 1820/44/385 1821/44/387
f 1799/44/381 1723/44/52 1814/44/536
f 1467/44/21 1813/44/379 1828/44/386
f 1806/44/380 1822/44/389 1807/44/382
f 1800/44/369 1814/44/536 1815/44/390
f 1807/44/382 1823/44/391 1808/44/368
f 1801/44/370 1815/44/390 1816/44/392
f 1808/44/368 1824/44/393 1809/44/371
f 1802/44/372 1816/44/392 1817/44/394
f 1809/44/371 1825/44/395 1810/44/373
f 1803/44/374 1817/44/394 1818/44/396
f 1810/44/373 1826/44/397 1811/44/375
f 1804/44/376 1818/44/396 1819/44/384
f 1824/44/393 1838/44/398 1839/44/399
f 1816/44/392 1832/44/400 1817/44/394
f 1825/44/395 1839/44/399 1840/44/401
f 1817/44/394 1833/44/402 1818/44/396
f 1826/44/397 1840/44/401 1841/44/403
f 1818/44/396 1834/44/404 1819/44/384
f 1827/44/383 1841/44/403 1842/44/405
f 1819/44/384 1835/44/406 1820/44/385
f 1828/44/386 1842/44/405 1843/44/407
f 1820/44/385 1836/44/408 1821/44/387
f 1814/44/536 1723/44/52 1829/44/409
f 1467/44/21 1828/44/386 1843/44/407
f 1822/44/389 1836/44/408 1837/44/410
f 1814/44/536 1830/44/411 1815/44/390
f 1823/44/391 1837/44/410 1838/44/398
f 1815/44/390 1831/44/412 1816/44/392
f 1843/44/407 1857/44/413 1858/44/414
f 1835/44/406 1851/44/415 1836/44/408
f 1829/44/409 1723/44/52 1844/44/416
f 1467/44/21 1843/44/407 1858/44/414
f 1837/44/410 1851/44/415 1852/44/417
f 1829/44/409 1845/44/418 1830/44/411
f 1838/44/398 1852/44/417 1853/44/537
f 1830/44/411 1846/44/420 1831/44/412
f 1839/44/399 1853/44/537 1854/44/421
f 1831/44/412 1847/44/538 1832/44/400
f 1840/44/401 1854/44/421 1855/44/423
f 1832/44/400 1848/44/424 1833/44/402
f 1841/44/403 1855/44/423 1856/44/425
f 1833/44/402 1849/44/539 1834/44/404
f 1842/44/405 1856/44/425 1857/44/413
f 1834/44/404 1850/44/427 1835/44/406
f 1846/44/420 1862/44/428 1847/44/538
f 1855/44/423 1869/44/429 1870/44/430
f 1847/44/538 1863/44/431 1848/44/424
f 1856/44/425 1870/44/430 1871/44/432
f 1848/44/424 1864/44/433 1849/44/539
f 1857/44/413 1871/44/432 1872/44/434
f 1849/44/539 1865/44/435 1850/44/427
f 1858/44/414 1872/44/434 1873/44/436
f 1850/44/427 1866/44/437 1851/44/415
f 1844/44/416 1723/44/52 1859/44/438
f 1467/44/21 1858/44/414 1873/44/436
f 1852/44/417 1866/44/437 1867/44/439
f 1844/44/416 1860/44/440 1845/44/418
f 1853/44/537 1867/44/439 1868/44/441
f 1845/44/418 1861/44/442 1846/44/420
f 1854/44/421 1868/44/441 1869/44/429
f 1865/44/435 1881/44/443 1866/44/437
f 1859/44/438 1723/44/52 1874/44/444
f 1467/44/21 1873/44/436 1888/44/445
f 1867/44/439 1881/44/443 1882/44/446
f 1859/44/438 1875/44/447 1860/44/440
f 1868/44/441 1882/44/446 1883/44/540
f 1860/44/440 1876/44/449 1861/44/442
f 1869/44/429 1883/44/540 1884/44/450
f 1861/44/442 1877/44/451 1862/44/428
f 1870/44/430 1884/44/450 1885/44/452
f 1862/44/428 1878/44/453 1863/44/431
f 1871/44/432 1885/44/452 1886/44/454
f 1863/44/431 1879/44/455 1864/44/433
f 1872/44/434 1886/44/454 1887/44/456
f 1864/44/433 1880/44/457 1865/44/435
f 1873/44/436 1887/44/456 1888/44/445
f 1885/44/452 1899/44/458 1900/44/459
f 1877/44/451 1893/44/460 1878/44/453
f 1886/44/454 1900/44/459 1901/44/461
f 1878/44/453 1894/44/462 1879/44/455
f 1887/44/456 1901/44/461 1902/44/463
f 1879/44/455 1895/44/464 1880/44/457
f 1888/44/445 1902/44/463 1903/44/518
f 1880/44/457 1896/44/466 1881/44/443
f 1874/44/444 1723/44/52 1889/44/467
f 1467/44/21 1888/44/445 1903/44/518
f 1882/44/446 1896/44/466 1897/44/468
f 1874/44/444 1890/44/469 1875/44/447
f 1883/44/540 1897/44/468 1898/44/470
f 1875/44/447 1891/44/471 1876/44/449
f 1884/44/450 1898/44/470 1899/44/458
f 1876/44/449 1892/44/472 1877/44/451
f 1889/44/467 1723/44/52 1904/44/473
f 1467/44/21 1903/44/518 1918/44/474
f 1897/44/468 1911/44/475 1912/44/476
f 1889/44/467 1905/44/477 1890/44/469
f 1898/44/470 1912/44/476 1913/44/478
f 1890/44/469 1906/44/479 1891/44/471
f 1899/44/458 1913/44/478 1914/44/480
f 1891/44/471 1907/44/481 1892/44/472
f 1900/44/459 1914/44/480 1915/44/482
f 1892/44/472 1908/44/483 1893/44/460
f 1901/44/461 1915/44/482 1916/44/484
f 1893/44/460 1909/44/485 1894/44/462
f 1902/44/463 1916/44/484 1917/44/486
f 1894/44/462 1910/44/487 1895/44/464
f 1903/44/518 1917/44/486 1918/44/474
f 1895/44/464 1911/44/475 1896/44/466
f 1907/44/481 1923/44/488 1908/44/483
f 1916/44/484 1930/44/489 1931/44/490
f 1908/44/483 1924/44/491 1909/44/485
f 1917/44/486 1931/44/490 1932/44/492
f 1909/44/485 1925/44/493 1910/44/487
f 1918/44/474 1932/44/492 1933/44/494
f 1910/44/487 1926/44/541 1911/44/475
f 1904/44/473 1723/44/52 1919/44/496
f 1467/44/21 1918/44/474 1933/44/494
f 1912/44/476 1926/44/541 1927/44/497
f 1904/44/473 1920/44/498 1905/44/477
f 1913/44/478 1927/44/497 1928/44/499
f 1905/44/477 1921/44/500 1906/44/479
f 1914/44/480 1928/44/499 1929/44/501
f 1906/44/479 1922/44/502 1907/44/481
f 1915/44/482 1929/44/501 1930/44/489
f 1927/44/497 1941/44/24 1942/44/26
f 1919/44/496 1935/44/27 1920/44/498
f 1928/44/499 1942/44/26 1943/44/31
f 1920/44/498 1936/44/32 1921/44/500
f 1929/44/501 1943/44/31 1944/44/35
f 1921/44/500 1937/44/36 1922/44/502
f 1930/44/489 1944/44/35 1945/44/39
f 1922/44/502 1938/44/40 1923/44/488
f 1931/44/490 1945/44/39 1946/44/43
f 1923/44/488 1939/44/44 1924/44/491
f 1932/44/492 1946/44/43 1947/44/47
f 1924/44/491 1940/44/48 1925/44/493
f 1933/44/494 1947/44/47 1948/44/22
f 1925/44/493 1941/44/24 1926/44/541
f 1919/44/496 1723/44/52 1934/44/51
f 1467/44/21 1933/44/494 1948/44/22
s 6
f 1949/44/21 2430/44/22 1964/44/23
f 2423/44/24 1958/44/25 2424/44/26
f 2417/44/27 1950/44/28 1951/44/29
f 2424/44/26 1959/44/30 2425/44/31
f 2418/44/32 1951/44/29 1952/44/33
f 2425/44/31 1960/44/34 2426/44/35
f 2419/44/36 1952/44/33 1953/44/37
f 2426/44/35 1961/44/38 2427/44/39
f 2420/44/40 1953/44/37 1954/44/41
f 2427/44/39 1962/44/42 2428/44/43
f 2421/44/44 1954/44/41 1955/44/45
f 2428/44/43 1963/44/46 2429/44/47
f 2422/44/48 1955/44/45 1956/44/49
f 2429/44/47 1964/44/23 2430/44/22
f 2423/44/24 1956/44/49 1957/44/50
f 2416/44/51 2205/44/52 1950/44/28
f 1963/44/46 1979/44/53 1964/44/23
f 1957/44/50 1971/44/54 1972/44/55
f 1950/44/28 2205/44/52 1965/44/56
f 1949/44/21 1964/44/23 1979/44/53
f 1957/44/50 1973/44/57 1958/44/25
f 1951/44/29 1965/44/56 1966/44/58
f 1958/44/25 1974/44/59 1959/44/30
f 1952/44/33 1966/44/58 1967/44/60
f 1959/44/30 1975/44/61 1960/44/34
f 1953/44/37 1967/44/60 1968/44/62
f 1960/44/34 1976/44/63 1961/44/38
f 1954/44/41 1968/44/62 1969/44/64
f 1961/44/38 1977/44/65 1962/44/42
f 1955/44/45 1969/44/64 1970/44/66
f 1962/44/42 1978/44/67 1963/44/46
f 1956/44/49 1970/44/66 1971/44/54
f 1968/44/62 1982/44/68 1983/44/69
f 1975/44/61 1991/44/70 1976/44/63
f 1969/44/64 1983/44/69 1984/44/71
f 1976/44/63 1992/44/72 1977/44/65
f 1970/44/66 1984/44/71 1985/44/73
f 1977/44/65 1993/44/74 1978/44/67
f 1971/44/54 1985/44/73 1986/44/75
f 1978/44/67 1994/44/504 1979/44/53
f 1972/44/55 1986/44/75 1987/44/77
f 1965/44/56 2205/44/52 1980/44/505
f 1949/44/21 1979/44/53 1994/44/504
f 1972/44/55 1988/44/79 1973/44/57
f 1966/44/58 1980/44/505 1981/44/80
f 1973/44/57 1989/44/81 1974/44/59
f 1967/44/60 1981/44/80 1982/44/68
f 1974/44/59 1990/44/82 1975/44/61
f 1987/44/77 2001/44/83 2002/44/84
f 1980/44/505 2205/44/52 1995/44/85
f 1949/44/21 1994/44/504 2009/44/86
f 1987/44/77 2003/44/87 1988/44/79
f 1981/44/80 1995/44/85 1996/44/88
f 1988/44/79 2004/44/89 1989/44/81
f 1982/44/68 1996/44/88 1997/44/90
f 1989/44/81 2005/44/91 1990/44/82
f 1983/44/69 1997/44/90 1998/44/92
f 1990/44/82 2006/44/93 1991/44/70
f 1984/44/71 1998/44/92 1999/44/94
f 1991/44/70 2007/44/95 1992/44/72
f 1985/44/73 1999/44/94 2000/44/96
f 1992/44/72 2008/44/97 1993/44/74
f 1986/44/75 2000/44/96 2001/44/83
f 1993/44/74 2009/44/86 1994/44/504
f 2005/44/91 2021/44/98 2006/44/93
f 1999/44/94 2013/44/99 2014/44/100
f 2006/44/93 2022/44/101 2007/44/95
f 2000/44/96 2014/44/100 2015/44/102
f 2007/44/95 2023/44/103 2008/44/97
f 2001/44/83 2015/44/102 2016/44/104
f 2008/44/97 2024/44/105 2009/44/86
f 2002/44/84 2016/44/104 2017/44/106
f 1995/44/85 2205/44/52 2010/44/107
f 1949/44/21 2009/44/86 2024/44/105
f 2002/44/84 2018/44/108 2003/44/87
f 1996/44/88 2010/44/107 2011/44/109
f 2003/44/87 2019/44/110 2004/44/89
f 1997/44/90 2011/44/109 2012/44/111
f 2004/44/89 2020/44/112 2005/44/91
f 1998/44/92 2012/44/111 2013/44/99
f 1949/44/21 2024/44/105 2039/44/113
f 2017/44/106 2033/44/114 2018/44/108
f 2011/44/109 2025/44/115 2026/44/116
f 2018/44/108 2034/44/523 2019/44/110
f 2012/44/111 2026/44/116 2027/44/118
f 2019/44/110 2035/44/119 2020/44/112
f 2013/44/99 2027/44/118 2028/44/120
f 2020/44/112 2036/44/121 2021/44/98
f 2014/44/100 2028/44/120 2029/44/122
f 2021/44/98 2037/44/123 2022/44/101
f 2015/44/102 2029/44/122 2030/44/543
f 2022/44/101 2038/44/125 2023/44/103
f 2016/44/104 2030/44/543 2031/44/126
f 2023/44/103 2039/44/113 2024/44/105
f 2017/44/106 2031/44/126 2032/44/127
f 2010/44/107 2205/44/52 2025/44/115
f 2036/44/121 2052/44/128 2037/44/123
f 2030/44/543 2044/44/508 2045/44/130
f 2037/44/123 2053/44/131 2038/44/125
f 2031/44/126 2045/44/130 2046/44/132
f 2038/44/125 2054/44/133 2039/44/113
f 2032/44/127 2046/44/132 2047/44/134
f 2025/44/115 2205/44/52 2040/44/135
f 1949/44/21 2039/44/113 2054/44/133
f 2032/44/127 2048/44/136 2033/44/114
f 2026/44/116 2040/44/135 2041/44/137
f 2033/44/114 2049/44/138 2034/44/523
f 2027/44/118 2041/44/137 2042/44/139
f 2034/44/523 2050/44/509 2035/44/119
f 2028/44/120 2042/44/139 2043/44/141
f 2035/44/119 2051/44/142 2036/44/121
f 2029/44/122 2043/44/141 2044/44/508
f 2041/44/137 2055/44/510 2056/44/144
f 2048/44/136 2064/44/145 2049/44/138
f 2042/44/139 2056/44/144 2057/44/146
f 2049/44/138 2065/44/147 2050/44/509
f 2043/44/141 2057/44/146 2058/44/148
f 2050/44/509 2066/44/149 2051/44/142
f 2044/44/508 2058/44/148 2059/44/150
f 2051/44/142 2067/44/151 2052/44/128
f 2045/44/130 2059/44/150 2060/44/152
f 2052/44/128 2068/44/153 2053/44/131
f 2046/44/132 2060/44/152 2061/44/154
f 2053/44/131 2069/44/155 2054/44/133
f 2047/44/134 2061/44/154 2062/44/156
f 2040/44/135 2205/44/52 2055/44/510
f 1949/44/21 2054/44/133 2069/44/155
f 2047/44/134 2063/44/157 2048/44/136
f 2059/44/150 2075/44/158 2060/44/152
f 2068/44/153 2082/44/159 2083/44/160
f 2060/44/152 2076/44/161 2061/44/154
f 2069/44/155 2083/44/160 2084/44/162
f 2061/44/154 2077/44/163 2062/44/156
f 2055/44/510 2205/44/52 2070/44/164
f 1949/44/21 2069/44/155 2084/44/162
f 2063/44/157 2077/44/163 2078/44/165
f 2055/44/510 2071/44/166 2056/44/144
f 2064/44/145 2078/44/165 2079/44/167
f 2056/44/144 2072/44/168 2057/44/146
f 2065/44/147 2079/44/167 2080/44/169
f 2057/44/146 2073/44/170 2058/44/148
f 2066/44/149 2080/44/169 2081/44/171
f 2058/44/148 2074/44/172 2059/44/150
f 2067/44/151 2081/44/171 2082/44/159
f 2079/44/167 2093/44/173 2094/44/526
f 2071/44/166 2087/44/175 2072/44/168
f 2080/44/169 2094/44/526 2095/44/176
f 2072/44/168 2088/44/177 2073/44/170
f 2081/44/171 2095/44/176 2096/44/511
f 2073/44/170 2089/44/179 2074/44/172
f 2082/44/159 2096/44/511 2097/44/180
f 2074/44/172 2090/44/528 2075/44/158
f 2083/44/160 2097/44/180 2098/44/182
f 2075/44/158 2091/44/183 2076/44/161
f 2084/44/162 2098/44/182 2099/44/184
f 2076/44/161 2092/44/185 2077/44/163
f 2070/44/164 2205/44/52 2085/44/186
f 1949/44/21 2084/44/162 2099/44/184
f 2078/44/165 2092/44/185 2093/44/173
f 2070/44/164 2086/44/187 2071/44/166
f 2098/44/182 2112/44/188 2113/44/189
f 2090/44/528 2106/44/190 2091/44/183
f 2099/44/184 2113/44/189 2114/44/191
f 2091/44/183 2107/44/192 2092/44/185
f 2085/44/186 2205/44/52 2100/44/193
f 1949/44/21 2099/44/184 2114/44/191
f 2093/44/173 2107/44/192 2108/44/194
f 2085/44/186 2101/44/195 2086/44/187
f 2094/44/526 2108/44/194 2109/44/196
f 2086/44/187 2102/44/197 2087/44/175
f 2095/44/176 2109/44/196 2110/44/198
f 2087/44/175 2103/44/199 2088/44/177
f 2096/44/511 2110/44/198 2111/44/200
f 2088/44/177 2104/44/201 2089/44/179
f 2097/44/180 2111/44/200 2112/44/188
f 2089/44/179 2105/44/202 2090/44/528
f 2101/44/195 2117/44/203 2102/44/197
f 2110/44/198 2124/44/204 2125/44/205
f 2102/44/197 2118/44/206 2103/44/199
f 2111/44/200 2125/44/205 2126/44/207
f 2103/44/199 2119/44/208 2104/44/201
f 2112/44/188 2126/44/207 2127/44/209
f 2104/44/201 2120/44/210 2105/44/202
f 2113/44/189 2127/44/209 2128/44/211
f 2105/44/202 2121/44/212 2106/44/190
f 2114/44/191 2128/44/211 2129/44/213
f 2106/44/190 2122/44/214 2107/44/192
f 2100/44/193 2205/44/52 2115/44/215
f 1949/44/21 2114/44/191 2129/44/213
f 2108/44/194 2122/44/214 2123/44/216
f 2100/44/193 2116/44/217 2101/44/195
f 2109/44/196 2123/44/216 2124/44/204
f 2120/44/210 2136/44/218 2121/44/212
f 2129/44/213 2143/44/219 2144/44/220
f 2121/44/212 2137/44/221 2122/44/214
f 2115/44/215 2205/44/52 2130/44/222
f 1949/44/21 2129/44/213 2144/44/220
f 2123/44/216 2137/44/221 2138/44/223
f 2115/44/215 2131/44/224 2116/44/217
f 2124/44/204 2138/44/223 2139/44/225
f 2116/44/217 2132/44/226 2117/44/203
f 2125/44/205 2139/44/225 2140/44/227
f 2117/44/203 2133/44/228 2118/44/206
f 2126/44/207 2140/44/227 2141/44/229
f 2118/44/206 2134/44/230 2119/44/208
f 2127/44/209 2141/44/229 2142/44/231
f 2119/44/208 2135/44/232 2120/44/210
f 2128/44/211 2142/44/231 2143/44/219
f 2140/44/227 2154/44/233 2155/44/234
f 2132/44/226 2148/44/235 2133/44/228
f 2141/44/229 2155/44/234 2156/44/236
f 2133/44/228 2149/44/237 2134/44/230
f 2142/44/231 2156/44/236 2157/44/238
f 2134/44/230 2150/44/239 2135/44/232
f 2143/44/219 2157/44/238 2158/44/240
f 2135/44/232 2151/44/241 2136/44/218
f 2144/44/220 2158/44/240 2159/44/242
f 2136/44/218 2152/44/243 2137/44/221
f 2130/44/222 2205/44/52 2145/44/244
f 1949/44/21 2144/44/220 2159/44/242
f 2138/44/223 2152/44/243 2153/44/245
f 2130/44/222 2146/44/246 2131/44/224
f 2139/44/225 2153/44/245 2154/44/233
f 2131/44/224 2147/44/247 2132/44/226
f 2159/44/242 2173/44/248 2174/44/249
f 2151/44/241 2167/44/250 2152/44/243
f 2145/44/244 2205/44/52 2160/44/251
f 1949/44/21 2159/44/242 2174/44/249
f 2153/44/245 2167/44/250 2168/44/252
f 2145/44/244 2161/44/253 2146/44/246
f 2154/44/233 2168/44/252 2169/44/254
f 2146/44/246 2162/44/255 2147/44/247
f 2155/44/234 2169/44/254 2170/44/256
f 2147/44/247 2163/44/257 2148/44/235
f 2156/44/236 2170/44/256 2171/44/258
f 2148/44/235 2164/44/259 2149/44/237
f 2157/44/238 2171/44/258 2172/44/260
f 2149/44/237 2165/44/261 2150/44/239
f 2158/44/240 2172/44/260 2173/44/248
f 2150/44/239 2166/44/262 2151/44/241
f 2171/44/258 2185/44/263 2186/44/264
f 2163/44/257 2179/44/265 2164/44/259
f 2172/44/260 2186/44/264 2187/44/266
f 2164/44/259 2180/44/267 2165/44/261
f 2173/44/248 2187/44/266 2188/44/268
f 2165/44/261 2181/44/269 2166/44/262
f 2174/44/249 2188/44/268 2189/44/270
f 2166/44/262 2182/44/271 2167/44/250
f 2160/44/251 2205/44/52 2175/44/272
f 1949/44/21 2174/44/249 2189/44/270
f 2168/44/252 2182/44/271 2183/44/273
f 2160/44/251 2176/44/274 2161/44/253
f 2169/44/254 2183/44/273 2184/44/275
f 2161/44/253 2177/44/276 2162/44/255
f 2170/44/256 2184/44/275 2185/44/263
f 2162/44/255 2178/44/277 2163/44/257
f 2175/44/272 2205/44/52 2190/44/278
f 1949/44/21 2189/44/270 2204/44/279
f 2182/44/271 2198/44/280 2183/44/273
f 2176/44/274 2190/44/278 2191/44/281
f 2183/44/273 2199/44/282 2184/44/275
f 2177/44/276 2191/44/281 2192/44/283
f 2184/44/275 2200/44/284 2185/44/263
f 2178/44/277 2192/44/283 2193/44/285
f 2185/44/263 2201/44/286 2186/44/264
f 2179/44/265 2193/44/285 2194/44/287
f 2186/44/264 2202/44/288 2187/44/266
f 2180/44/267 2194/44/287 2195/44/289
f 2187/44/266 2203/44/290 2188/44/268
f 2181/44/269 2195/44/289 2196/44/291
f 2188/44/268 2204/44/279 2189/44/270
f 2182/44/271 2196/44/291 2197/44/292
f 2194/44/287 2209/44/293 2210/44/294
f 2201/44/286 2218/44/295 2202/44/288
f 2195/44/289 2210/44/294 2211/44/512
f 2202/44/288 2219/44/297 2203/44/290
f 2196/44/291 2211/44/512 2212/44/298
f 2203/44/290 2220/44/299 2204/44/279
f 2197/44/292 2212/44/298 2213/44/300
f 2190/44/278 2205/44/52 2206/44/301
f 1949/44/21 2204/44/279 2220/44/299
f 2197/44/292 2214/44/302 2198/44/280
f 2191/44/281 2206/44/301 2207/44/303
f 2198/44/280 2215/44/304 2199/44/282
f 2192/44/283 2207/44/303 2208/44/305
f 2199/44/282 2216/44/306 2200/44/284
f 2193/44/285 2208/44/305 2209/44/293
f 2200/44/284 2217/44/307 2201/44/286
f 2213/44/300 2229/44/308 2214/44/302
f 2207/44/303 2221/44/309 2222/44/310
f 2214/44/302 2230/44/311 2215/44/304
f 2208/44/305 2222/44/310 2223/44/312
f 2215/44/304 2231/44/313 2216/44/306
f 2209/44/293 2223/44/312 2224/44/314
f 2216/44/306 2232/44/315 2217/44/307
f 2210/44/294 2224/44/314 2225/44/316
f 2217/44/307 2233/44/317 2218/44/295
f 2211/44/512 2225/44/316 2226/44/318
f 2218/44/295 2234/44/319 2219/44/297
f 2212/44/298 2226/44/318 2227/44/320
f 2219/44/297 2235/44/321 2220/44/299
f 2213/44/300 2227/44/320 2228/44/322
f 2206/44/301 2205/44/52 2221/44/309
f 1949/44/21 2220/44/299 2235/44/321
f 2232/44/315 2248/44/323 2233/44/317
f 2226/44/318 2240/44/324 2241/44/325
f 2233/44/317 2249/44/326 2234/44/319
f 2227/44/320 2241/44/325 2242/44/327
f 2234/44/319 2250/44/328 2235/44/321
f 2228/44/322 2242/44/327 2243/44/329
f 2221/44/309 2205/44/52 2236/44/330
f 1949/44/21 2235/44/321 2250/44/328
f 2228/44/322 2244/44/331 2229/44/308
f 2222/44/310 2236/44/330 2237/44/332
f 2229/44/308 2245/44/333 2230/44/311
f 2223/44/312 2237/44/332 2238/44/334
f 2230/44/311 2246/44/513 2231/44/313
f 2224/44/314 2238/44/334 2239/44/336
f 2231/44/313 2247/44/337 2232/44/315
f 2225/44/316 2239/44/336 2240/44/324
f 2237/44/332 2251/44/338 2252/44/339
f 2244/44/331 2260/44/340 2245/44/333
f 2238/44/334 2252/44/339 2253/44/341
f 2245/44/333 2261/44/342 2246/44/513
f 2239/44/336 2253/44/341 2254/44/343
f 2246/44/513 2262/44/344 2247/44/337
f 2240/44/324 2254/44/343 2255/44/345
f 2247/44/337 2263/44/346 2248/44/323
f 2241/44/325 2255/44/345 2256/44/347
f 2248/44/323 2264/44/348 2249/44/326
f 2242/44/327 2256/44/347 2257/44/349
f 2249/44/326 2265/44/350 2250/44/328
f 2243/44/329 2257/44/349 2258/44/351
f 2236/44/330 2205/44/52 2251/44/338
f 1949/44/21 2250/44/328 2265/44/350
f 2243/44/329 2259/44/352 2244/44/331
f 2256/44/347 2270/44/353 2271/44/354
f 2263/44/346 2279/44/355 2264/44/348
f 2257/44/349 2271/44/354 2272/44/356
f 2264/44/348 2280/44/357 2265/44/350
f 2258/44/351 2272/44/356 2273/44/358
f 2251/44/338 2205/44/52 2266/44/359
f 1949/44/21 2265/44/350 2280/44/357
f 2258/44/351 2274/44/360 2259/44/352
f 2252/44/339 2266/44/359 2267/44/361
f 2259/44/352 2275/44/362 2260/44/340
f 2253/44/341 2267/44/361 2268/44/363
f 2260/44/340 2276/44/364 2261/44/342
f 2254/44/343 2268/44/363 2269/44/548
f 2261/44/342 2277/44/366 2262/44/344
f 2255/44/345 2269/44/548 2270/44/353
f 2262/44/344 2278/44/367 2263/44/346
f 2274/44/360 2290/44/368 2275/44/362
f 2268/44/363 2282/44/369 2283/44/370
f 2275/44/362 2291/44/371 2276/44/364
f 2269/44/548 2283/44/370 2284/44/372
f 2276/44/364 2292/44/373 2277/44/366
f 2270/44/353 2284/44/372 2285/44/374
f 2277/44/366 2293/44/375 2278/44/367
f 2271/44/354 2285/44/374 2286/44/376
f 2278/44/367 2294/44/377 2279/44/355
f 2272/44/356 2286/44/376 2287/44/378
f 2279/44/355 2295/44/379 2280/44/357
f 2273/44/358 2287/44/378 2288/44/380
f 2266/44/359 2205/44/52 2281/44/381
f 1949/44/21 2280/44/357 2295/44/379
f 2273/44/358 2289/44/382 2274/44/360
f 2267/44/361 2281/44/381 2282/44/369
f 2293/44/375 2309/44/383 2294/44/377
f 2287/44/378 2301/44/384 2302/44/385
f 2294/44/377 2310/44/386 2295/44/379
f 2288/44/380 2302/44/385 2303/44/387
f 2281/44/381 2205/44/52 2296/44/388
f 1949/44/21 2295/44/379 2310/44/386
f 2288/44/380 2304/44/389 2289/44/382
f 2282/44/369 2296/44/388 2297/44/390
f 2289/44/382 2305/44/391 2290/44/368
f 2283/44/370 2297/44/390 2298/44/392
f 2290/44/368 2306/44/393 2291/44/371
f 2284/44/372 2298/44/392 2299/44/394
f 2291/44/371 2307/44/395 2292/44/373
f 2285/44/374 2299/44/394 2300/44/396
f 2292/44/373 2308/44/397 2293/44/375
f 2286/44/376 2300/44/396 2301/44/384
f 2306/44/393 2320/44/398 2321/44/399
f 2298/44/392 2314/44/400 2299/44/394
f 2307/44/395 2321/44/399 2322/44/401
f 2299/44/394 2315/44/402 2300/44/396
f 2308/44/397 2322/44/401 2323/44/403
f 2300/44/396 2316/44/404 2301/44/384
f 2309/44/383 2323/44/403 2324/44/405
f 2301/44/384 2317/44/406 2302/44/385
f 2310/44/386 2324/44/405 2325/44/407
f 2302/44/385 2318/44/408 2303/44/387
f 2296/44/388 2205/44/52 2311/44/409
f 1949/44/21 2310/44/386 2325/44/407
f 2304/44/389 2318/44/408 2319/44/410
f 2296/44/388 2312/44/411 2297/44/390
f 2305/44/391 2319/44/410 2320/44/398
f 2297/44/390 2313/44/412 2298/44/392
f 2325/44/407 2339/44/413 2340/44/414
f 2317/44/406 2333/44/415 2318/44/408
f 2311/44/409 2205/44/52 2326/44/416
f 1949/44/21 2325/44/407 2340/44/414
f 2319/44/410 2333/44/415 2334/44/417
f 2311/44/409 2327/44/418 2312/44/411
f 2320/44/398 2334/44/417 2335/44/419
f 2312/44/411 2328/44/420 2313/44/412
f 2321/44/399 2335/44/419 2336/44/421
f 2313/44/412 2329/44/538 2314/44/400
f 2322/44/401 2336/44/421 2337/44/423
f 2314/44/400 2330/44/424 2315/44/402
f 2323/44/403 2337/44/423 2338/44/425
f 2315/44/402 2331/44/539 2316/44/404
f 2324/44/405 2338/44/425 2339/44/413
f 2316/44/404 2332/44/427 2317/44/406
f 2328/44/420 2344/44/428 2329/44/538
f 2337/44/423 2351/44/429 2352/44/430
f 2329/44/538 2345/44/431 2330/44/424
f 2338/44/425 2352/44/430 2353/44/432
f 2330/44/424 2346/44/433 2331/44/539
f 2339/44/413 2353/44/432 2354/44/434
f 2331/44/539 2347/44/435 2332/44/427
f 2340/44/414 2354/44/434 2355/44/436
f 2332/44/427 2348/44/437 2333/44/415
f 2326/44/416 2205/44/52 2341/44/438
f 1949/44/21 2340/44/414 2355/44/436
f 2334/44/417 2348/44/437 2349/44/439
f 2326/44/416 2342/44/440 2327/44/418
f 2335/44/419 2349/44/439 2350/44/441
f 2327/44/418 2343/44/442 2328/44/420
f 2336/44/421 2350/44/441 2351/44/429
f 2347/44/435 2363/44/443 2348/44/437
f 2341/44/438 2205/44/52 2356/44/444
f 1949/44/21 2355/44/436 2370/44/445
f 2349/44/439 2363/44/443 2364/44/446
f 2341/44/438 2357/44/447 2342/44/440
f 2350/44/441 2364/44/446 2365/44/448
f 2342/44/440 2358/44/449 2343/44/442
f 2351/44/429 2365/44/448 2366/44/450
f 2343/44/442 2359/44/451 2344/44/428
f 2352/44/430 2366/44/450 2367/44/452
f 2344/44/428 2360/44/453 2345/44/431
f 2353/44/432 2367/44/452 2368/44/454
f 2345/44/431 2361/44/516 2346/44/433
f 2354/44/434 2368/44/454 2369/44/456
f 2346/44/433 2362/44/457 2347/44/435
f 2355/44/436 2369/44/456 2370/44/445
f 2367/44/452 2381/44/458 2382/44/459
f 2359/44/451 2375/44/460 2360/44/453
f 2368/44/454 2382/44/459 2383/44/461
f 2360/44/453 2376/44/462 2361/44/516
f 2369/44/456 2383/44/461 2384/44/463
f 2361/44/516 2377/44/464 2362/44/457
f 2370/44/445 2384/44/463 2385/44/518
f 2362/44/457 2378/44/466 2363/44/443
f 2356/44/444 2205/44/52 2371/44/467
f 1949/44/21 2370/44/445 2385/44/518
f 2364/44/446 2378/44/466 2379/44/468
f 2356/44/444 2372/44/469 2357/44/447
f 2365/44/448 2379/44/468 2380/44/470
f 2357/44/447 2373/44/471 2358/44/449
f 2366/44/450 2380/44/470 2381/44/458
f 2358/44/449 2374/44/472 2359/44/451
f 2371/44/467 2205/44/52 2386/44/473
f 1949/44/21 2385/44/518 2400/44/474
f 2379/44/468 2393/44/475 2394/44/476
f 2371/44/467 2387/44/477 2372/44/469
f 2380/44/470 2394/44/476 2395/44/478
f 2372/44/469 2388/44/479 2373/44/471
f 2381/44/458 2395/44/478 2396/44/480
f 2373/44/471 2389/44/481 2374/44/472
f 2382/44/459 2396/44/480 2397/44/482
f 2374/44/472 2390/44/483 2375/44/460
f 2383/44/461 2397/44/482 2398/44/484
f 2375/44/460 2391/44/485 2376/44/462
f 2384/44/463 2398/44/484 2399/44/486
f 2376/44/462 2392/44/487 2377/44/464
f 2385/44/518 2399/44/486 2400/44/474
f 2377/44/464 2393/44/475 2378/44/466
f 2389/44/481 2405/44/488 2390/44/483
f 2398/44/484 2412/44/489 2413/44/490
f 2390/44/483 2406/44/491 2391/44/485
f 2399/44/486 2413/44/490 2414/44/492
f 2391/44/485 2407/44/493 2392/44/487
f 2400/44/474 2414/44/492 2415/44/494
f 2392/44/487 2408/44/495 2393/44/475
f 2386/44/473 2205/44/52 2401/44/496
f 1949/44/21 2400/44/474 2415/44/494
f 2394/44/476 2408/44/495 2409/44/497
f 2386/44/473 2402/44/498 2387/44/477
f 2395/44/478 2409/44/497 2410/44/499
f 2387/44/477 2403/44/500 2388/44/479
f 2396/44/480 2410/44/499 2411/44/501
f 2388/44/479 2404/44/502 2389/44/481
f 2397/44/482 2411/44/501 2412/44/489
f 2409/44/497 2423/44/24 2424/44/26
f 2401/44/496 2417/44/27 2402/44/498
f 2410/44/499 2424/44/26 2425/44/31
f 2402/44/498 2418/44/32 2403/44/500
f 2411/44/501 2425/44/31 2426/44/35
f 2403/44/500 2419/44/36 2404/44/502
f 2412/44/489 2426/44/35 2427/44/39
f 2404/44/502 2420/44/40 2405/44/488
f 2413/44/490 2427/44/39 2428/44/43
f 2405/44/488 2421/44/44 2406/44/491
f 2414/44/492 2428/44/43 2429/44/47
f 2406/44/491 2422/44/48 2407/44/493
f 2415/44/494 2429/44/47 2430/44/22
f 2407/44/493 2423/44/24 2408/44/495
f 2401/44/496 2205/44/52 2416/44/51
f 1949/44/21 2415/44/494 2430/44/22
s 7
f 2431/44/21 2912/44/22 2446/44/23
f 2905/44/24 2440/44/25 2906/44/26
f 2899/44/27 2432/44/28 2433/44/29
f 2906/44/26 2441/44/30 2907/44/31
f 2900/44/32 2433/44/29 2434/44/33
f 2907/44/31 2442/44/34 2908/44/35
f 2901/44/36 2434/44/33 2435/44/37
f 2908/44/35 2443/44/38 2909/44/39
f 2902/44/40 2435/44/37 2436/44/41
f 2909/44/39 2444/44/42 2910/44/43
f 2903/44/44 2436/44/41 2437/44/45
f 2910/44/43 2445/44/46 2911/44/47
f 2904/44/48 2437/44/45 2438/44/49
f 2911/44/47 2446/44/23 2912/44/22
f 2905/44/24 2438/44/49 2439/44/50
f 2898/44/51 2687/44/52 2432/44/28
f 2445/44/46 2461/44/53 2446/44/23
f 2439/44/50 2453/44/54 2454/44/55
f 2432/44/28 2687/44/52 2447/44/56
f 2431/44/21 2446/44/23 2461/44/53
f 2439/44/50 2455/44/57 2440/44/25
f 2433/44/29 2447/44/56 2448/44/58
f 2440/44/25 2456/44/59 2441/44/30
f 2434/44/33 2448/44/58 2449/44/60
f 2441/44/30 2457/44/61 2442/44/34
f 2435/44/37 2449/44/60 2450/44/62
f 2442/44/34 2458/44/63 2443/44/38
f 2436/44/41 2450/44/62 2451/44/64
f 2443/44/38 2459/44/65 2444/44/42
f 2437/44/45 2451/44/64 2452/44/66
f 2444/44/42 2460/44/67 2445/44/46
f 2438/44/49 2452/44/66 2453/44/54
f 2450/44/62 2464/44/68 2465/44/69
f 2457/44/61 2473/44/70 2458/44/63
f 2451/44/64 2465/44/69 2466/44/71
f 2458/44/63 2474/44/72 2459/44/65
f 2452/44/66 2466/44/71 2467/44/73
f 2459/44/65 2475/44/74 2460/44/67
f 2453/44/54 2467/44/73 2468/44/75
f 2460/44/67 2476/44/76 2461/44/53
f 2454/44/55 2468/44/75 2469/44/77
f 2447/44/56 2687/44/52 2462/44/78
f 2431/44/21 2461/44/53 2476/44/76
f 2454/44/55 2470/44/79 2455/44/57
f 2448/44/58 2462/44/78 2463/44/80
f 2455/44/57 2471/44/81 2456/44/59
f 2449/44/60 2463/44/80 2464/44/68
f 2456/44/59 2472/44/82 2457/44/61
f 2469/44/77 2483/44/83 2484/44/84
f 2462/44/78 2687/44/52 2477/44/85
f 2431/44/21 2476/44/76 2491/44/86
f 2469/44/77 2485/44/87 2470/44/79
f 2463/44/80 2477/44/85 2478/44/88
f 2470/44/79 2486/44/89 2471/44/81
f 2464/44/68 2478/44/88 2479/44/90
f 2471/44/81 2487/44/91 2472/44/82
f 2465/44/69 2479/44/90 2480/44/92
f 2472/44/82 2488/44/93 2473/44/70
f 2466/44/71 2480/44/92 2481/44/94
f 2473/44/70 2489/44/95 2474/44/72
f 2467/44/73 2481/44/94 2482/44/96
f 2474/44/72 2490/44/97 2475/44/74
f 2468/44/75 2482/44/96 2483/44/83
f 2475/44/74 2491/44/86 2476/44/76
f 2487/44/91 2503/44/98 2488/44/93
f 2481/44/94 2495/44/99 2496/44/100
f 2488/44/93 2504/44/101 2489/44/95
f 2482/44/96 2496/44/100 2497/44/102
f 2489/44/95 2505/44/103 2490/44/97
f 2483/44/83 2497/44/102 2498/44/104
f 2490/44/97 2506/44/105 2491/44/86
f 2484/44/84 2498/44/104 2499/44/106
f 2477/44/85 2687/44/52 2492/44/107
f 2431/44/21 2491/44/86 2506/44/105
f 2484/44/84 2500/44/108 2485/44/87
f 2478/44/88 2492/44/107 2493/44/109
f 2485/44/87 2501/44/110 2486/44/89
f 2479/44/90 2493/44/109 2494/44/111
f 2486/44/89 2502/44/112 2487/44/91
f 2480/44/92 2494/44/111 2495/44/99
f 2431/44/21 2506/44/105 2521/44/113
f 2499/44/106 2515/44/114 2500/44/108
f 2493/44/109 2507/44/115 2508/44/116
f 2500/44/108 2516/44/523 2501/44/110
f 2494/44/111 2508/44/116 2509/44/118
f 2501/44/110 2517/44/119 2502/44/112
f 2495/44/99 2509/44/118 2510/44/549
f 2502/44/112 2518/44/542 2503/44/98
f 2496/44/100 2510/44/549 2511/44/122
f 2503/44/98 2519/44/123 2504/44/101
f 2497/44/102 2511/44/122 2512/44/543
f 2504/44/101 2520/44/125 2505/44/103
f 2498/44/104 2512/44/543 2513/44/126
f 2505/44/103 2521/44/113 2506/44/105
f 2499/44/106 2513/44/126 2514/44/127
f 2492/44/107 2687/44/52 2507/44/115
f 2518/44/542 2534/44/128 2519/44/123
f 2512/44/543 2526/44/129 2527/44/130
f 2519/44/123 2535/44/131 2520/44/125
f 2513/44/126 2527/44/130 2528/44/132
f 2520/44/125 2536/44/133 2521/44/113
f 2514/44/127 2528/44/132 2529/44/134
f 2507/44/115 2687/44/52 2522/44/135
f 2431/44/21 2521/44/113 2536/44/133
f 2514/44/127 2530/44/136 2515/44/114
f 2508/44/116 2522/44/135 2523/44/137
f 2515/44/114 2531/44/138 2516/44/523
f 2509/44/118 2523/44/137 2524/44/139
f 2516/44/523 2532/44/140 2517/44/119
f 2510/44/549 2524/44/139 2525/44/141
f 2517/44/119 2533/44/142 2518/44/542
f 2511/44/122 2525/44/141 2526/44/129
f 2523/44/137 2537/44/143 2538/44/144
f 2530/44/136 2546/44/145 2531/44/138
f 2524/44/139 2538/44/144 2539/44/146
f 2531/44/138 2547/44/147 2532/44/140
f 2525/44/141 2539/44/146 2540/44/148
f 2532/44/140 2548/44/149 2533/44/142
f 2526/44/129 2540/44/148 2541/44/150
f 2533/44/142 2549/44/151 2534/44/128
f 2527/44/130 2541/44/150 2542/44/152
f 2534/44/128 2550/44/153 2535/44/131
f 2528/44/132 2542/44/152 2543/44/154
f 2535/44/131 2551/44/155 2536/44/133
f 2529/44/134 2543/44/154 2544/44/156
f 2522/44/135 2687/44/52 2537/44/143
f 2431/44/21 2536/44/133 2551/44/155
f 2529/44/134 2545/44/157 2530/44/136
f 2541/44/150 2557/44/158 2542/44/152
f 2550/44/153 2564/44/159 2565/44/160
f 2542/44/152 2558/44/161 2543/44/154
f 2551/44/155 2565/44/160 2566/44/162
f 2543/44/154 2559/44/163 2544/44/156
f 2537/44/143 2687/44/52 2552/44/164
f 2431/44/21 2551/44/155 2566/44/162
f 2545/44/157 2559/44/163 2560/44/165
f 2537/44/143 2553/44/166 2538/44/144
f 2546/44/145 2560/44/165 2561/44/167
f 2538/44/144 2554/44/168 2539/44/146
f 2547/44/147 2561/44/167 2562/44/169
f 2539/44/146 2555/44/170 2540/44/148
f 2548/44/149 2562/44/169 2563/44/171
f 2540/44/148 2556/44/172 2541/44/150
f 2549/44/151 2563/44/171 2564/44/159
f 2561/44/167 2575/44/173 2576/44/526
f 2553/44/166 2569/44/175 2554/44/168
f 2562/44/169 2576/44/526 2577/44/176
f 2554/44/168 2570/44/527 2555/44/170
f 2563/44/171 2577/44/176 2578/44/511
f 2555/44/170 2571/44/179 2556/44/172
f 2564/44/159 2578/44/511 2579/44/180
f 2556/44/172 2572/44/528 2557/44/158
f 2565/44/160 2579/44/180 2580/44/182
f 2557/44/158 2573/44/183 2558/44/161
f 2566/44/162 2580/44/182 2581/44/184
f 2558/44/161 2574/44/185 2559/44/163
f 2552/44/164 2687/44/52 2567/44/186
f 2431/44/21 2566/44/162 2581/44/184
f 2560/44/165 2574/44/185 2575/44/173
f 2552/44/164 2568/44/187 2553/44/166
f 2580/44/182 2594/44/188 2595/44/189
f 2572/44/528 2588/44/190 2573/44/183
f 2581/44/184 2595/44/189 2596/44/191
f 2573/44/183 2589/44/192 2574/44/185
f 2567/44/186 2687/44/52 2582/44/193
f 2431/44/21 2581/44/184 2596/44/191
f 2575/44/173 2589/44/192 2590/44/194
f 2567/44/186 2583/44/195 2568/44/187
f 2576/44/526 2590/44/194 2591/44/196
f 2568/44/187 2584/44/197 2569/44/175
f 2577/44/176 2591/44/196 2592/44/198
f 2569/44/175 2585/44/199 2570/44/527
f 2578/44/511 2592/44/198 2593/44/200
f 2570/44/527 2586/44/201 2571/44/179
f 2579/44/180 2593/44/200 2594/44/188
f 2571/44/179 2587/44/202 2572/44/528
f 2583/44/195 2599/44/203 2584/44/197
f 2592/44/198 2606/44/204 2607/44/205
f 2584/44/197 2600/44/206 2585/44/199
f 2593/44/200 2607/44/205 2608/44/207
f 2585/44/199 2601/44/208 2586/44/201
f 2594/44/188 2608/44/207 2609/44/209
f 2586/44/201 2602/44/210 2587/44/202
f 2595/44/189 2609/44/209 2610/44/211
f 2587/44/202 2603/44/212 2588/44/190
f 2596/44/191 2610/44/211 2611/44/213
f 2588/44/190 2604/44/214 2589/44/192
f 2582/44/193 2687/44/52 2597/44/215
f 2431/44/21 2596/44/191 2611/44/213
f 2590/44/194 2604/44/214 2605/44/216
f 2582/44/193 2598/44/217 2583/44/195
f 2591/44/196 2605/44/216 2606/44/204
f 2602/44/210 2618/44/218 2603/44/212
f 2611/44/213 2625/44/219 2626/44/220
f 2603/44/212 2619/44/221 2604/44/214
f 2597/44/215 2687/44/52 2612/44/222
f 2431/44/21 2611/44/213 2626/44/220
f 2605/44/216 2619/44/221 2620/44/223
f 2597/44/215 2613/44/224 2598/44/217
f 2606/44/204 2620/44/223 2621/44/225
f 2598/44/217 2614/44/226 2599/44/203
f 2607/44/205 2621/44/225 2622/44/227
f 2599/44/203 2615/44/228 2600/44/206
f 2608/44/207 2622/44/227 2623/44/229
f 2600/44/206 2616/44/230 2601/44/208
f 2609/44/209 2623/44/229 2624/44/231
f 2601/44/208 2617/44/232 2602/44/210
f 2610/44/211 2624/44/231 2625/44/219
f 2622/44/227 2636/44/233 2637/44/234
f 2614/44/226 2630/44/235 2615/44/228
f 2623/44/229 2637/44/234 2638/44/236
f 2615/44/228 2631/44/237 2616/44/230
f 2624/44/231 2638/44/236 2639/44/238
f 2616/44/230 2632/44/239 2617/44/232
f 2625/44/219 2639/44/238 2640/44/240
f 2617/44/232 2633/44/241 2618/44/218
f 2626/44/220 2640/44/240 2641/44/242
f 2618/44/218 2634/44/243 2619/44/221
f 2612/44/222 2687/44/52 2627/44/244
f 2431/44/21 2626/44/220 2641/44/242
f 2620/44/223 2634/44/243 2635/44/245
f 2612/44/222 2628/44/246 2613/44/224
f 2621/44/225 2635/44/245 2636/44/233
f 2613/44/224 2629/44/247 2614/44/226
f 2641/44/242 2655/44/248 2656/44/249
f 2633/44/241 2649/44/250 2634/44/243
f 2627/44/244 2687/44/52 2642/44/251
f 2431/44/21 2641/44/242 2656/44/249
f 2635/44/245 2649/44/250 2650/44/252
f 2627/44/244 2643/44/253 2628/44/246
f 2636/44/233 2650/44/252 2651/44/254
f 2628/44/246 2644/44/255 2629/44/247
f 2637/44/234 2651/44/254 2652/44/256
f 2629/44/247 2645/44/257 2630/44/235
f 2638/44/236 2652/44/256 2653/44/258
f 2630/44/235 2646/44/259 2631/44/237
f 2639/44/238 2653/44/258 2654/44/260
f 2631/44/237 2647/44/261 2632/44/239
f 2640/44/240 2654/44/260 2655/44/248
f 2632/44/239 2648/44/262 2633/44/241
f 2653/44/258 2667/44/263 2668/44/264
f 2645/44/257 2661/44/265 2646/44/259
f 2654/44/260 2668/44/264 2669/44/266
f 2646/44/259 2662/44/267 2647/44/261
f 2655/44/248 2669/44/266 2670/44/268
f 2647/44/261 2663/44/269 2648/44/262
f 2656/44/249 2670/44/268 2671/44/270
f 2648/44/262 2664/44/271 2649/44/250
f 2642/44/251 2687/44/52 2657/44/272
f 2431/44/21 2656/44/249 2671/44/270
f 2650/44/252 2664/44/271 2665/44/273
f 2642/44/251 2658/44/274 2643/44/253
f 2651/44/254 2665/44/273 2666/44/275
f 2643/44/253 2659/44/276 2644/44/255
f 2652/44/256 2666/44/275 2667/44/263
f 2644/44/255 2660/44/277 2645/44/257
f 2657/44/272 2687/44/52 2672/44/278
f 2431/44/21 2671/44/270 2686/44/279
f 2664/44/271 2680/44/280 2665/44/273
f 2658/44/274 2672/44/278 2673/44/281
f 2665/44/273 2681/44/282 2666/44/275
f 2659/44/276 2673/44/281 2674/44/283
f 2666/44/275 2682/44/284 2667/44/263
f 2660/44/277 2674/44/283 2675/44/285
f 2667/44/263 2683/44/286 2668/44/264
f 2661/44/265 2675/44/285 2676/44/287
f 2668/44/264 2684/44/288 2669/44/266
f 2662/44/267 2676/44/287 2677/44/289
f 2669/44/266 2685/44/290 2670/44/268
f 2663/44/269 2677/44/289 2678/44/291
f 2670/44/268 2686/44/279 2671/44/270
f 2664/44/271 2678/44/291 2679/44/292
f 2676/44/287 2691/44/293 2692/44/294
f 2683/44/286 2700/44/295 2684/44/288
f 2677/44/289 2692/44/294 2693/44/296
f 2684/44/288 2701/44/297 2685/44/290
f 2678/44/291 2693/44/296 2694/44/298
f 2685/44/290 2702/44/299 2686/44/279
f 2679/44/292 2694/44/298 2695/44/300
f 2672/44/278 2687/44/52 2688/44/301
f 2431/44/21 2686/44/279 2702/44/299
f 2679/44/292 2696/44/302 2680/44/280
f 2673/44/281 2688/44/301 2689/44/303
f 2680/44/280 2697/44/304 2681/44/282
f 2674/44/283 2689/44/303 2690/44/305
f 2681/44/282 2698/44/306 2682/44/284
f 2675/44/285 2690/44/305 2691/44/293
f 2682/44/284 2699/44/307 2683/44/286
f 2695/44/300 2711/44/308 2696/44/302
f 2689/44/303 2703/44/309 2704/44/310
f 2696/44/302 2712/44/311 2697/44/304
f 2690/44/305 2704/44/310 2705/44/312
f 2697/44/304 2713/44/313 2698/44/306
f 2691/44/293 2705/44/312 2706/44/314
f 2698/44/306 2714/44/315 2699/44/307
f 2692/44/294 2706/44/314 2707/44/316
f 2699/44/307 2715/44/546 2700/44/295
f 2693/44/296 2707/44/316 2708/44/318
f 2700/44/295 2716/44/319 2701/44/297
f 2694/44/298 2708/44/318 2709/44/320
f 2701/44/297 2717/44/321 2702/44/299
f 2695/44/300 2709/44/320 2710/44/322
f 2688/44/301 2687/44/52 2703/44/309
f 2431/44/21 2702/44/299 2717/44/321
f 2714/44/315 2730/44/323 2715/44/546
f 2708/44/318 2722/44/324 2723/44/325
f 2715/44/546 2731/44/326 2716/44/319
f 2709/44/320 2723/44/325 2724/44/327
f 2716/44/319 2732/44/328 2717/44/321
f 2710/44/322 2724/44/327 2725/44/329
f 2703/44/309 2687/44/52 2718/44/330
f 2431/44/21 2717/44/321 2732/44/328
f 2710/44/322 2726/44/331 2711/44/308
f 2704/44/310 2718/44/330 2719/44/332
f 2711/44/308 2727/44/333 2712/44/311
f 2705/44/312 2719/44/332 2720/44/334
f 2712/44/311 2728/44/335 2713/44/313
f 2706/44/314 2720/44/334 2721/44/336
f 2713/44/313 2729/44/337 2714/44/315
f 2707/44/316 2721/44/336 2722/44/324
f 2719/44/332 2733/44/338 2734/44/339
f 2726/44/331 2742/44/340 2727/44/333
f 2720/44/334 2734/44/339 2735/44/341
f 2727/44/333 2743/44/342 2728/44/335
f 2721/44/336 2735/44/341 2736/44/343
f 2728/44/335 2744/44/344 2729/44/337
f 2722/44/324 2736/44/343 2737/44/345
f 2729/44/337 2745/44/346 2730/44/323
f 2723/44/325 2737/44/345 2738/44/347
f 2730/44/323 2746/44/348 2731/44/326
f 2724/44/327 2738/44/347 2739/44/349
f 2731/44/326 2747/44/350 2732/44/328
f 2725/44/329 2739/44/349 2740/44/351
f 2718/44/330 2687/44/52 2733/44/338
f 2431/44/21 2732/44/328 2747/44/350
f 2725/44/329 2741/44/352 2726/44/331
f 2738/44/347 2752/44/353 2753/44/354
f 2745/44/346 2761/44/355 2746/44/348
f 2739/44/349 2753/44/354 2754/44/356
f 2746/44/348 2762/44/357 2747/44/350
f 2740/44/351 2754/44/356 2755/44/358
f 2733/44/338 2687/44/52 2748/44/359
f 2431/44/21 2747/44/350 2762/44/357
f 2740/44/351 2756/44/360 2741/44/352
f 2734/44/339 2748/44/359 2749/44/361
f 2741/44/352 2757/44/362 2742/44/340
f 2735/44/341 2749/44/361 2750/44/363
f 2742/44/340 2758/44/364 2743/44/342
f 2736/44/343 2750/44/363 2751/44/548
f 2743/44/342 2759/44/366 2744/44/344
f 2737/44/345 2751/44/548 2752/44/353
f 2744/44/344 2760/44/367 2745/44/346
f 2756/44/360 2772/44/368 2757/44/362
f 2750/44/363 2764/44/369 2765/44/370
f 2757/44/362 2773/44/371 2758/44/364
f 2751/44/548 2765/44/370 2766/44/372
f 2758/44/364 2774/44/373 2759/44/366
f 2752/44/353 2766/44/372 2767/44/374
f 2759/44/366 2775/44/375 2760/44/367
f 2753/44/354 2767/44/374 2768/44/376
f 2760/44/367 2776/44/377 2761/44/355
f 2754/44/356 2768/44/376 2769/44/378
f 2761/44/355 2777/44/379 2762/44/357
f 2755/44/358 2769/44/378 2770/44/380
f 2748/44/359 2687/44/52 2763/44/381
f 2431/44/21 2762/44/357 2777/44/379
f 2755/44/358 2771/44/382 2756/44/360
f 2749/44/361 2763/44/381 2764/44/369
f 2775/44/375 2791/44/383 2776/44/377
f 2769/44/378 2783/44/384 2784/44/385
f 2776/44/377 2792/44/386 2777/44/379
f 2770/44/380 2784/44/385 2785/44/387
f 2763/44/381 2687/44/52 2778/44/388
f 2431/44/21 2777/44/379 2792/44/386
f 2770/44/380 2786/44/389 2771/44/382
f 2764/44/369 2778/44/388 2779/44/390
f 2771/44/382 2787/44/391 2772/44/368
f 2765/44/370 2779/44/390 2780/44/392
f 2772/44/368 2788/44/393 2773/44/371
f 2766/44/372 2780/44/392 2781/44/394
f 2773/44/371 2789/44/395 2774/44/373
f 2767/44/374 2781/44/394 2782/44/396
f 2774/44/373 2790/44/397 2775/44/375
f 2768/44/376 2782/44/396 2783/44/384
f 2788/44/393 2802/44/398 2803/44/399
f 2780/44/392 2796/44/400 2781/44/394
f 2789/44/395 2803/44/399 2804/44/401
f 2781/44/394 2797/44/402 2782/44/396
f 2790/44/397 2804/44/401 2805/44/403
f 2782/44/396 2798/44/404 2783/44/384
f 2791/44/383 2805/44/403 2806/44/405
f 2783/44/384 2799/44/406 2784/44/385
f 2792/44/386 2806/44/405 2807/44/407
f 2784/44/385 2800/44/408 2785/44/387
f 2778/44/388 2687/44/52 2793/44/409
f 2431/44/21 2792/44/386 2807/44/407
f 2786/44/389 2800/44/408 2801/44/410
f 2778/44/388 2794/44/411 2779/44/390
f 2787/44/391 2801/44/410 2802/44/398
f 2779/44/390 2795/44/412 2780/44/392
f 2807/44/407 2821/44/413 2822/44/414
f 2799/44/406 2815/44/415 2800/44/408
f 2793/44/409 2687/44/52 2808/44/416
f 2431/44/21 2807/44/407 2822/44/414
f 2801/44/410 2815/44/415 2816/44/417
f 2793/44/409 2809/44/418 2794/44/411
f 2802/44/398 2816/44/417 2817/44/419
f 2794/44/411 2810/44/420 2795/44/412
f 2803/44/399 2817/44/419 2818/44/421
f 2795/44/412 2811/44/538 2796/44/400
f 2804/44/401 2818/44/421 2819/44/423
f 2796/44/400 2812/44/424 2797/44/402
f 2805/44/403 2819/44/423 2820/44/425
f 2797/44/402 2813/44/426 2798/44/404
f 2806/44/405 2820/44/425 2821/44/413
f 2798/44/404 2814/44/427 2799/44/406
f 2810/44/420 2826/44/428 2811/44/538
f 2819/44/423 2833/44/429 2834/44/430
f 2811/44/538 2827/44/431 2812/44/424
f 2820/44/425 2834/44/430 2835/44/432
f 2812/44/424 2828/44/433 2813/44/426
f 2821/44/413 2835/44/432 2836/44/434
f 2813/44/426 2829/44/435 2814/44/427
f 2822/44/414 2836/44/434 2837/44/436
f 2814/44/427 2830/44/437 2815/44/415
f 2808/44/416 2687/44/52 2823/44/438
f 2431/44/21 2822/44/414 2837/44/436
f 2816/44/417 2830/44/437 2831/44/439
f 2808/44/416 2824/44/440 2809/44/418
f 2817/44/419 2831/44/439 2832/44/441
f 2809/44/418 2825/44/442 2810/44/420
f 2818/44/421 2832/44/441 2833/44/429
f 2829/44/435 2845/44/443 2830/44/437
f 2823/44/438 2687/44/52 2838/44/444
f 2431/44/21 2837/44/436 2852/44/445
f 2831/44/439 2845/44/443 2846/44/446
f 2823/44/438 2839/44/447 2824/44/440
f 2832/44/441 2846/44/446 2847/44/540
f 2824/44/440 2840/44/449 2825/44/442
f 2833/44/429 2847/44/540 2848/44/450
f 2825/44/442 2841/44/451 2826/44/428
f 2834/44/430 2848/44/450 2849/44/452
f 2826/44/428 2842/44/453 2827/44/431
f 2835/44/432 2849/44/452 2850/44/454
f 2827/44/431 2843/44/455 2828/44/433
f 2836/44/434 2850/44/454 2851/44/456
f 2828/44/433 2844/44/457 2829/44/435
f 2837/44/436 2851/44/456 2852/44/445
f 2849/44/452 2863/44/458 2864/44/459
f 2841/44/451 2857/44/460 2842/44/453
f 2850/44/454 2864/44/459 2865/44/461
f 2842/44/453 2858/44/462 2843/44/455
f 2851/44/456 2865/44/461 2866/44/463
f 2843/44/455 2859/44/464 2844/44/457
f 2852/44/445 2866/44/463 2867/44/465
f 2844/44/457 2860/44/466 2845/44/443
f 2838/44/444 2687/44/52 2853/44/467
f 2431/44/21 2852/44/445 2867/44/465
f 2846/44/446 2860/44/466 2861/44/468
f 2838/44/444 2854/44/469 2839/44/447
f 2847/44/540 2861/44/468 2862/44/470
f 2839/44/447 2855/44/471 2840/44/449
f 2848/44/450 2862/44/470 2863/44/458
f 2840/44/449 2856/44/472 2841/44/451
f 2853/44/467 2687/44/52 2868/44/473
f 2431/44/21 2867/44/465 2882/44/474
f 2861/44/468 2875/44/475 2876/44/476
f 2853/44/467 2869/44/477 2854/44/469
f 2862/44/470 2876/44/476 2877/44/550
f 2854/44/469 2870/44/479 2855/44/471
f 2863/44/458 2877/44/550 2878/44/480
f 2855/44/471 2871/44/481 2856/44/472
f 2864/44/459 2878/44/480 2879/44/482
f 2856/44/472 2872/44/483 2857/44/460
f 2865/44/461 2879/44/482 2880/44/484
f 2857/44/460 2873/44/485 2858/44/462
f 2866/44/463 2880/44/484 2881/44/486
f 2858/44/462 2874/44/487 2859/44/464
f 2867/44/465 2881/44/486 2882/44/474
f 2859/44/464 2875/44/475 2860/44/466
f 2871/44/481 2887/44/488 2872/44/483
f 2880/44/484 2894/44/489 2895/44/490
f 2872/44/483 2888/44/491 2873/44/485
f 2881/44/486 2895/44/490 2896/44/492
f 2873/44/485 2889/44/493 2874/44/487
f 2882/44/474 2896/44/492 2897/44/494
f 2874/44/487 2890/44/495 2875/44/475
f 2868/44/473 2687/44/52 2883/44/496
f 2431/44/21 2882/44/474 2897/44/494
f 2876/44/476 2890/44/495 2891/44/497
f 2868/44/473 2884/44/498 2869/44/477
f 2877/44/550 2891/44/497 2892/44/499
f 2869/44/477 2885/44/500 2870/44/479
f 2878/44/480 2892/44/499 2893/44/501
f 2870/44/479 2886/44/502 2871/44/481
f 2879/44/482 2893/44/501 2894/44/489
f 2891/44/497 2905/44/24 2906/44/26
f 2883/44/496 2899/44/27 2884/44/498
f 2892/44/499 2906/44/26 2907/44/31
f 2884/44/498 2900/44/32 2885/44/500
f 2893/44/501 2907/44/31 2908/44/35
f 2885/44/500 2901/44/36 2886/44/502
f 2894/44/489 2908/44/35 2909/44/39
f 2886/44/502 2902/44/40 2887/44/488
f 2895/44/490 2909/44/39 2910/44/43
f 2887/44/488 2903/44/44 2888/44/491
f 2896/44/492 2910/44/43 2911/44/47
f 2888/44/491 2904/44/48 2889/44/493
f 2897/44/494 2911/44/47 2912/44/22
f 2889/44/493 2905/44/24 2890/44/495
f 2883/44/496 2687/44/52 2898/44/51
f 2431/44/21 2897/44/494 2912/44/22
s 8
g Catapulta_brazo_metal2
f 2913/44/21 3394/44/22 2928/44/23
f 3387/44/24 2922/44/25 3388/44/26
f 3381/44/27 2914/44/28 2915/44/29
f 3388/44/26 2923/44/30 3389/44/31
f 3382/44/32 2915/44/29 2916/44/33
f 3389/44/31 2924/44/34 3390/44/35
f 3383/44/36 2916/44/33 2917/44/37
f 3390/44/35 2925/44/38 3391/44/39
f 3384/44/40 2917/44/37 2918/44/41
f 3391/44/39 2926/44/42 3392/44/43
f 3385/44/44 2918/44/41 2919/44/45
f 3392/44/43 2927/44/46 3393/44/47
f 3386/44/48 2919/44/45 2920/44/49
f 3393/44/47 2928/44/23 3394/44/22
f 3387/44/24 2920/44/49 2921/44/50
f 3380/44/51 3169/44/52 2914/44/28
f 2927/44/46 2943/44/53 2928/44/23
f 2921/44/50 2935/44/54 2936/44/55
f 2914/44/28 3169/44/52 2929/44/56
f 2913/44/21 2928/44/23 2943/44/53
f 2921/44/50 2937/44/57 2922/44/25
f 2915/44/29 2929/44/56 2930/44/58
f 2922/44/25 2938/44/59 2923/44/30
f 2916/44/33 2930/44/58 2931/44/60
f 2923/44/30 2939/44/61 2924/44/34
f 2917/44/37 2931/44/60 2932/44/62
f 2924/44/34 2940/44/63 2925/44/38
f 2918/44/41 2932/44/62 2933/44/64
f 2925/44/38 2941/44/65 2926/44/42
f 2919/44/45 2933/44/64 2934/44/66
f 2926/44/42 2942/44/67 2927/44/46
f 2920/44/49 2934/44/66 2935/44/54
f 2932/44/62 2946/44/68 2947/44/69
f 2939/44/61 2955/44/70 2940/44/63
f 2933/44/64 2947/44/69 2948/44/71
f 2940/44/63 2956/44/72 2941/44/65
f 2934/44/66 2948/44/71 2949/44/73
f 2941/44/65 2957/44/74 2942/44/67
f 2935/44/54 2949/44/73 2950/44/75
f 2942/44/67 2958/44/504 2943/44/53
f 2936/44/55 2950/44/75 2951/44/77
f 2929/44/56 3169/44/52 2944/44/78
f 2913/44/21 2943/44/53 2958/44/504
f 2936/44/55 2952/44/79 2937/44/57
f 2930/44/58 2944/44/78 2945/44/80
f 2937/44/57 2953/44/81 2938/44/59
f 2931/44/60 2945/44/80 2946/44/68
f 2938/44/59 2954/44/82 2939/44/61
f 2951/44/77 2965/44/83 2966/44/84
f 2944/44/78 3169/44/52 2959/44/85
f 2913/44/21 2958/44/504 2973/44/86
f 2951/44/77 2967/44/87 2952/44/79
f 2945/44/80 2959/44/85 2960/44/88
f 2952/44/79 2968/44/89 2953/44/81
f 2946/44/68 2960/44/88 2961/44/90
f 2953/44/81 2969/44/91 2954/44/82
f 2947/44/69 2961/44/90 2962/44/92
f 2954/44/82 2970/44/93 2955/44/70
f 2948/44/71 2962/44/92 2963/44/522
f 2955/44/70 2971/44/95 2956/44/72
f 2949/44/73 2963/44/522 2964/44/96
f 2956/44/72 2972/44/97 2957/44/74
f 2950/44/75 2964/44/96 2965/44/83
f 2957/44/74 2973/44/86 2958/44/504
f 2969/44/91 2985/44/98 2970/44/93
f 2963/44/522 2977/44/99 2978/44/100
f 2970/44/93 2986/44/101 2971/44/95
f 2964/44/96 2978/44/100 2979/44/102
f 2971/44/95 2987/44/103 2972/44/97
f 2965/44/83 2979/44/102 2980/44/104
f 2972/44/97 2988/44/105 2973/44/86
f 2966/44/84 2980/44/104 2981/44/106
f 2959/44/85 3169/44/52 2974/44/107
f 2913/44/21 2973/44/86 2988/44/105
f 2966/44/84 2982/44/108 2967/44/87
f 2960/44/88 2974/44/107 2975/44/109
f 2967/44/87 2983/44/110 2968/44/89
f 2961/44/90 2975/44/109 2976/44/111
f 2968/44/89 2984/44/112 2969/44/91
f 2962/44/92 2976/44/111 2977/44/99
f 2913/44/21 2988/44/105 3003/44/113
f 2981/44/106 2997/44/114 2982/44/108
f 2975/44/109 2989/44/115 2990/44/116
f 2982/44/108 2998/44/117 2983/44/110
f 2976/44/111 2990/44/116 2991/44/118
f 2983/44/110 2999/44/119 2984/44/112
f 2977/44/99 2991/44/118 2992/44/549
f 2984/44/112 3000/44/542 2985/44/98
f 2978/44/100 2992/44/549 2993/44/122
f 2985/44/98 3001/44/123 2986/44/101
f 2979/44/102 2993/44/122 2994/44/124
f 2986/44/101 3002/44/125 2987/44/103
f 2980/44/104 2994/44/124 2995/44/126
f 2987/44/103 3003/44/113 2988/44/105
f 2981/44/106 2995/44/126 2996/44/127
f 2974/44/107 3169/44/52 2989/44/115
f 3000/44/542 3016/44/128 3001/44/123
f 2994/44/124 3008/44/129 3009/44/130
f 3001/44/123 3017/44/131 3002/44/125
f 2995/44/126 3009/44/130 3010/44/132
f 3002/44/125 3018/44/133 3003/44/113
f 2996/44/127 3010/44/132 3011/44/134
f 2989/44/115 3169/44/52 3004/44/135
f 2913/44/21 3003/44/113 3018/44/133
f 2996/44/127 3012/44/136 2997/44/114
f 2990/44/116 3004/44/135 3005/44/137
f 2997/44/114 3013/44/138 2998/44/117
f 2991/44/118 3005/44/137 3006/44/139
f 2998/44/117 3014/44/140 2999/44/119
f 2992/44/549 3006/44/139 3007/44/141
f 2999/44/119 3015/44/142 3000/44/542
f 2993/44/122 3007/44/141 3008/44/129
f 3005/44/137 3019/44/510 3020/44/144
f 3012/44/136 3028/44/145 3013/44/138
f 3006/44/139 3020/44/144 3021/44/146
f 3013/44/138 3029/44/147 3014/44/140
f 3007/44/141 3021/44/146 3022/44/148
f 3014/44/140 3030/44/149 3015/44/142
f 3008/44/129 3022/44/148 3023/44/150
f 3015/44/142 3031/44/151 3016/44/128
f 3009/44/130 3023/44/150 3024/44/152
f 3016/44/128 3032/44/153 3017/44/131
f 3010/44/132 3024/44/152 3025/44/154
f 3017/44/131 3033/44/155 3018/44/133
f 3011/44/134 3025/44/154 3026/44/156
f 3004/44/135 3169/44/52 3019/44/510
f 2913/44/21 3018/44/133 3033/44/155
f 3011/44/134 3027/44/157 3012/44/136
f 3023/44/150 3039/44/158 3024/44/152
f 3032/44/153 3046/44/159 3047/44/160
f 3024/44/152 3040/44/161 3025/44/154
f 3033/44/155 3047/44/160 3048/44/162
f 3025/44/154 3041/44/163 3026/44/156
f 3019/44/510 3169/44/52 3034/44/164
f 2913/44/21 3033/44/155 3048/44/162
f 3027/44/157 3041/44/163 3042/44/165
f 3019/44/510 3035/44/166 3020/44/144
f 3028/44/145 3042/44/165 3043/44/167
f 3020/44/144 3036/44/168 3021/44/146
f 3029/44/147 3043/44/167 3044/44/169
f 3021/44/146 3037/44/170 3022/44/148
f 3030/44/149 3044/44/169 3045/44/171
f 3022/44/148 3038/44/172 3023/44/150
f 3031/44/151 3045/44/171 3046/44/159
f 3043/44/167 3057/44/173 3058/44/174
f 3035/44/166 3051/44/175 3036/44/168
f 3044/44/169 3058/44/174 3059/44/176
f 3036/44/168 3052/44/527 3037/44/170
f 3045/44/171 3059/44/176 3060/44/178
f 3037/44/170 3053/44/179 3038/44/172
f 3046/44/159 3060/44/178 3061/44/180
f 3038/44/172 3054/44/181 3039/44/158
f 3047/44/160 3061/44/180 3062/44/182
f 3039/44/158 3055/44/183 3040/44/161
f 3048/44/162 3062/44/182 3063/44/184
f 3040/44/161 3056/44/185 3041/44/163
f 3034/44/164 3169/44/52 3049/44/186
f 2913/44/21 3048/44/162 3063/44/184
f 3042/44/165 3056/44/185 3057/44/173
f 3034/44/164 3050/44/187 3035/44/166
f 3062/44/182 3076/44/188 3077/44/189
f 3054/44/181 3070/44/190 3055/44/183
f 3063/44/184 3077/44/189 3078/44/191
f 3055/44/183 3071/44/192 3056/44/185
f 3049/44/186 3169/44/52 3064/44/193
f 2913/44/21 3063/44/184 3078/44/191
f 3057/44/173 3071/44/192 3072/44/194
f 3049/44/186 3065/44/195 3050/44/187
f 3058/44/174 3072/44/194 3073/44/196
f 3050/44/187 3066/44/197 3051/44/175
f 3059/44/176 3073/44/196 3074/44/198
f 3051/44/175 3067/44/199 3052/44/527
f 3060/44/178 3074/44/198 3075/44/200
f 3052/44/527 3068/44/201 3053/44/179
f 3061/44/180 3075/44/200 3076/44/188
f 3053/44/179 3069/44/202 3054/44/181
f 3065/44/195 3081/44/203 3066/44/197
f 3074/44/198 3088/44/204 3089/44/205
f 3066/44/197 3082/44/206 3067/44/199
f 3075/44/200 3089/44/205 3090/44/207
f 3067/44/199 3083/44/208 3068/44/201
f 3076/44/188 3090/44/207 3091/44/209
f 3068/44/201 3084/44/210 3069/44/202
f 3077/44/189 3091/44/209 3092/44/211
f 3069/44/202 3085/44/212 3070/44/190
f 3078/44/191 3092/44/211 3093/44/213
f 3070/44/190 3086/44/214 3071/44/192
f 3064/44/193 3169/44/52 3079/44/215
f 2913/44/21 3078/44/191 3093/44/213
f 3072/44/194 3086/44/214 3087/44/216
f 3064/44/193 3080/44/217 3065/44/195
f 3073/44/196 3087/44/216 3088/44/204
f 3084/44/210 3100/44/218 3085/44/212
f 3093/44/213 3107/44/219 3108/44/551
f 3085/44/212 3101/44/221 3086/44/214
f 3079/44/215 3169/44/52 3094/44/552
f 2913/44/21 3093/44/213 3108/44/551
f 3087/44/216 3101/44/221 3102/44/223
f 3079/44/215 3095/44/224 3080/44/217
f 3088/44/204 3102/44/223 3103/44/225
f 3080/44/217 3096/44/226 3081/44/203
f 3089/44/205 3103/44/225 3104/44/227
f 3081/44/203 3097/44/228 3082/44/206
f 3090/44/207 3104/44/227 3105/44/229
f 3082/44/206 3098/44/230 3083/44/208
f 3091/44/209 3105/44/229 3106/44/231
f 3083/44/208 3099/44/232 3084/44/210
f 3092/44/211 3106/44/231 3107/44/219
f 3104/44/227 3118/44/233 3119/44/234
f 3096/44/226 3112/44/235 3097/44/228
f 3105/44/229 3119/44/234 3120/44/236
f 3097/44/228 3113/44/237 3098/44/230
f 3106/44/231 3120/44/236 3121/44/238
f 3098/44/230 3114/44/239 3099/44/232
f 3107/44/219 3121/44/238 3122/44/240
f 3099/44/232 3115/44/241 3100/44/218
f 3108/44/551 3122/44/240 3123/44/242
f 3100/44/218 3116/44/243 3101/44/221
f 3094/44/552 3169/44/52 3109/44/244
f 2913/44/21 3108/44/551 3123/44/242
f 3102/44/223 3116/44/243 3117/44/245
f 3094/44/552 3110/44/246 3095/44/224
f 3103/44/225 3117/44/245 3118/44/233
f 3095/44/224 3111/44/247 3096/44/226
f 3123/44/242 3137/44/248 3138/44/249
f 3115/44/241 3131/44/250 3116/44/243
f 3109/44/244 3169/44/52 3124/44/251
f 2913/44/21 3123/44/242 3138/44/249
f 3117/44/245 3131/44/250 3132/44/252
f 3109/44/244 3125/44/253 3110/44/246
f 3118/44/233 3132/44/252 3133/44/254
f 3110/44/246 3126/44/255 3111/44/247
f 3119/44/234 3133/44/254 3134/44/256
f 3111/44/247 3127/44/257 3112/44/235
f 3120/44/236 3134/44/256 3135/44/258
f 3112/44/235 3128/44/259 3113/44/237
f 3121/44/238 3135/44/258 3136/44/260
f 3113/44/237 3129/44/261 3114/44/239
f 3122/44/240 3136/44/260 3137/44/248
f 3114/44/239 3130/44/262 3115/44/241
f 3135/44/258 3149/44/263 3150/44/264
f 3127/44/257 3143/44/265 3128/44/259
f 3136/44/260 3150/44/264 3151/44/266
f 3128/44/259 3144/44/267 3129/44/261
f 3137/44/248 3151/44/266 3152/44/268
f 3129/44/261 3145/44/269 3130/44/262
f 3138/44/249 3152/44/268 3153/44/270
f 3130/44/262 3146/44/271 3131/44/250
f 3124/44/251 3169/44/52 3139/44/272
f 2913/44/21 3138/44/249 3153/44/270
f 3132/44/252 3146/44/271 3147/44/273
f 3124/44/251 3140/44/274 3125/44/253
f 3133/44/254 3147/44/273 3148/44/275
f 3125/44/253 3141/44/276 3126/44/255
f 3134/44/256 3148/44/275 3149/44/263
f 3126/44/255 3142/44/277 3127/44/257
f 3139/44/272 3169/44/52 3154/44/278
f 2913/44/21 3153/44/270 3168/44/279
f 3146/44/271 3162/44/280 3147/44/273
f 3140/44/274 3154/44/278 3155/44/281
f 3147/44/273 3163/44/282 3148/44/275
f 3141/44/276 3155/44/281 3156/44/283
f 3148/44/275 3164/44/284 3149/44/263
f 3142/44/277 3156/44/283 3157/44/285
f 3149/44/263 3165/44/286 3150/44/264
f 3143/44/265 3157/44/285 3158/44/287
f 3150/44/264 3166/44/288 3151/44/266
f 3144/44/267 3158/44/287 3159/44/289
f 3151/44/266 3167/44/290 3152/44/268
f 3145/44/269 3159/44/289 3160/44/291
f 3152/44/268 3168/44/279 3153/44/270
f 3146/44/271 3160/44/291 3161/44/292
f 3158/44/287 3173/44/293 3174/44/294
f 3165/44/286 3182/44/295 3166/44/288
f 3159/44/289 3174/44/294 3175/44/512
f 3166/44/288 3183/44/297 3167/44/290
f 3160/44/291 3175/44/512 3176/44/298
f 3167/44/290 3184/44/299 3168/44/279
f 3161/44/292 3176/44/298 3177/44/553
f 3154/44/278 3169/44/52 3170/44/301
f 2913/44/21 3168/44/279 3184/44/299
f 3161/44/292 3178/44/302 3162/44/280
f 3155/44/281 3170/44/301 3171/44/303
f 3162/44/280 3179/44/304 3163/44/282
f 3156/44/283 3171/44/303 3172/44/305
f 3163/44/282 3180/44/306 3164/44/284
f 3157/44/285 3172/44/305 3173/44/293
f 3164/44/284 3181/44/307 3165/44/286
f 3177/44/553 3193/44/308 3178/44/302
f 3171/44/303 3185/44/554 3186/44/310
f 3178/44/302 3194/44/311 3179/44/304
f 3172/44/305 3186/44/310 3187/44/312
f 3179/44/304 3195/44/313 3180/44/306
f 3173/44/293 3187/44/312 3188/44/314
f 3180/44/306 3196/44/315 3181/44/307
f 3174/44/294 3188/44/314 3189/44/316
f 3181/44/307 3197/44/317 3182/44/295
f 3175/44/512 3189/44/316 3190/44/318
f 3182/44/295 3198/44/319 3183/44/297
f 3176/44/298 3190/44/318 3191/44/320
f 3183/44/297 3199/44/321 3184/44/299
f 3177/44/553 3191/44/320 3192/44/322
f 3170/44/301 3169/44/52 3185/44/554
f 2913/44/21 3184/44/299 3199/44/321
f 3196/44/315 3212/44/323 3197/44/317
f 3190/44/318 3204/44/324 3205/44/325
f 3197/44/317 3213/44/326 3198/44/319
f 3191/44/320 3205/44/325 3206/44/327
f 3198/44/319 3214/44/328 3199/44/321
f 3192/44/322 3206/44/327 3207/44/329
f 3185/44/554 3169/44/52 3200/44/330
f 2913/44/21 3199/44/321 3214/44/328
f 3192/44/322 3208/44/331 3193/44/308
f 3186/44/310 3200/44/330 3201/44/332
f 3193/44/308 3209/44/333 3194/44/311
f 3187/44/312 3201/44/332 3202/44/334
f 3194/44/311 3210/44/335 3195/44/313
f 3188/44/314 3202/44/334 3203/44/336
f 3195/44/313 3211/44/337 3196/44/315
f 3189/44/316 3203/44/336 3204/44/324
f 3201/44/332 3215/44/338 3216/44/339
f 3208/44/331 3224/44/340 3209/44/333
f 3202/44/334 3216/44/339 3217/44/341
f 3209/44/333 3225/44/342 3210/44/335
f 3203/44/336 3217/44/341 3218/44/343
f 3210/44/335 3226/44/344 3211/44/337
f 3204/44/324 3218/44/343 3219/44/345
f 3211/44/337 3227/44/346 3212/44/323
f 3205/44/325 3219/44/345 3220/44/347
f 3212/44/323 3228/44/348 3213/44/326
f 3206/44/327 3220/44/347 3221/44/349
f 3213/44/326 3229/44/350 3214/44/328
f 3207/44/329 3221/44/349 3222/44/351
f 3200/44/330 3169/44/52 3215/44/338
f 2913/44/21 3214/44/328 3229/44/350
f 3207/44/329 3223/44/352 3208/44/331
f 3220/44/347 3234/44/353 3235/44/354
f 3227/44/346 3243/44/355 3228/44/348
f 3221/44/349 3235/44/354 3236/44/356
f 3228/44/348 3244/44/357 3229/44/350
f 3222/44/351 3236/44/356 3237/44/358
f 3215/44/338 3169/44/52 3230/44/359
f 2913/44/21 3229/44/350 3244/44/357
f 3222/44/351 3238/44/360 3223/44/352
f 3216/44/339 3230/44/359 3231/44/361
f 3223/44/352 3239/44/362 3224/44/340
f 3217/44/341 3231/44/361 3232/44/363
f 3224/44/340 3240/44/364 3225/44/342
f 3218/44/343 3232/44/363 3233/44/548
f 3225/44/342 3241/44/514 3226/44/344
f 3219/44/345 3233/44/548 3234/44/353
f 3226/44/344 3242/44/367 3227/44/346
f 3238/44/360 3254/44/368 3239/44/362
f 3232/44/363 3246/44/369 3247/44/370
f 3239/44/362 3255/44/371 3240/44/364
f 3233/44/548 3247/44/370 3248/44/372
f 3240/44/364 3256/44/373 3241/44/514
f 3234/44/353 3248/44/372 3249/44/374
f 3241/44/514 3257/44/375 3242/44/367
f 3235/44/354 3249/44/374 3250/44/376
f 3242/44/367 3258/44/377 3243/44/355
f 3236/44/356 3250/44/376 3251/44/378
f 3243/44/355 3259/44/379 3244/44/357
f 3237/44/358 3251/44/378 3252/44/380
f 3230/44/359 3169/44/52 3245/44/381
f 2913/44/21 3244/44/357 3259/44/379
f 3237/44/358 3253/44/382 3238/44/360
f 3231/44/361 3245/44/381 3246/44/369
f 3257/44/375 3273/44/383 3258/44/377
f 3251/44/378 3265/44/384 3266/44/385
f 3258/44/377 3274/44/386 3259/44/379
f 3252/44/380 3266/44/385 3267/44/387
f 3245/44/381 3169/44/52 3260/44/388
f 2913/44/21 3259/44/379 3274/44/386
f 3252/44/380 3268/44/389 3253/44/382
f 3246/44/369 3260/44/388 3261/44/390
f 3253/44/382 3269/44/391 3254/44/368
f 3247/44/370 3261/44/390 3262/44/392
f 3254/44/368 3270/44/393 3255/44/371
f 3248/44/372 3262/44/392 3263/44/394
f 3255/44/371 3271/44/395 3256/44/373
f 3249/44/374 3263/44/394 3264/44/396
f 3256/44/373 3272/44/397 3257/44/375
f 3250/44/376 3264/44/396 3265/44/384
f 3270/44/393 3284/44/398 3285/44/399
f 3262/44/392 3278/44/400 3263/44/394
f 3271/44/395 3285/44/399 3286/44/401
f 3263/44/394 3279/44/402 3264/44/396
f 3272/44/397 3286/44/401 3287/44/403
f 3264/44/396 3280/44/404 3265/44/384
f 3273/44/383 3287/44/403 3288/44/405
f 3265/44/384 3281/44/406 3266/44/385
f 3274/44/386 3288/44/405 3289/44/407
f 3266/44/385 3282/44/408 3267/44/387
f 3260/44/388 3169/44/52 3275/44/409
f 2913/44/21 3274/44/386 3289/44/407
f 3268/44/389 3282/44/408 3283/44/410
f 3260/44/388 3276/44/411 3261/44/390
f 3269/44/391 3283/44/410 3284/44/398
f 3261/44/390 3277/44/412 3262/44/392
f 3289/44/407 3303/44/413 3304/44/414
f 3281/44/406 3297/44/415 3282/44/408
f 3275/44/409 3169/44/52 3290/44/416
f 2913/44/21 3289/44/407 3304/44/414
f 3283/44/410 3297/44/415 3298/44/417
f 3275/44/409 3291/44/418 3276/44/411
f 3284/44/398 3298/44/417 3299/44/419
f 3276/44/411 3292/44/420 3277/44/412
f 3285/44/399 3299/44/419 3300/44/421
f 3277/44/412 3293/44/422 3278/44/400
f 3286/44/401 3300/44/421 3301/44/423
f 3278/44/400 3294/44/424 3279/44/402
f 3287/44/403 3301/44/423 3302/44/425
f 3279/44/402 3295/44/426 3280/44/404
f 3288/44/405 3302/44/425 3303/44/413
f 3280/44/404 3296/44/427 3281/44/406
f 3292/44/420 3308/44/428 3293/44/422
f 3301/44/423 3315/44/429 3316/44/430
f 3293/44/422 3309/44/431 3294/44/424
f 3302/44/425 3316/44/430 3317/44/432
f 3294/44/424 3310/44/433 3295/44/426
f 3303/44/413 3317/44/432 3318/44/434
f 3295/44/426 3311/44/435 3296/44/427
f 3304/44/414 3318/44/434 3319/44/436
f 3296/44/427 3312/44/437 3297/44/415
f 3290/44/416 3169/44/52 3305/44/438
f 2913/44/21 3304/44/414 3319/44/436
f 3298/44/417 3312/44/437 3313/44/439
f 3290/44/416 3306/44/440 3291/44/418
f 3299/44/419 3313/44/439 3314/44/441
f 3291/44/418 3307/44/442 3292/44/420
f 3300/44/421 3314/44/441 3315/44/429
f 3311/44/435 3327/44/443 3312/44/437
f 3305/44/438 3169/44/52 3320/44/444
f 2913/44/21 3319/44/436 3334/44/445
f 3313/44/439 3327/44/443 3328/44/446
f 3305/44/438 3321/44/447 3306/44/440
f 3314/44/441 3328/44/446 3329/44/540
f 3306/44/440 3322/44/449 3307/44/442
f 3315/44/429 3329/44/540 3330/44/450
f 3307/44/442 3323/44/451 3308/44/428
f 3316/44/430 3330/44/450 3331/44/452
f 3308/44/428 3324/44/453 3309/44/431
f 3317/44/432 3331/44/452 3332/44/454
f 3309/44/431 3325/44/455 3310/44/433
f 3318/44/434 3332/44/454 3333/44/456
f 3310/44/433 3326/44/457 3311/44/435
f 3319/44/436 3333/44/456 3334/44/445
f 3331/44/452 3345/44/458 3346/44/459
f 3323/44/451 3339/44/460 3324/44/453
f 3332/44/454 3346/44/459 3347/44/461
f 3324/44/453 3340/44/462 3325/44/455
f 3333/44/456 3347/44/461 3348/44/463
f 3325/44/455 3341/44/464 3326/44/457
f 3334/44/445 3348/44/463 3349/44/518
f 3326/44/457 3342/44/466 3327/44/443
f 3320/44/444 3169/44/52 3335/44/467
f 2913/44/21 3334/44/445 3349/44/518
f 3328/44/446 3342/44/466 3343/44/468
f 3320/44/444 3336/44/469 3321/44/447
f 3329/44/540 3343/44/468 3344/44/470
f 3321/44/447 3337/44/471 3322/44/449
f 3330/44/450 3344/44/470 3345/44/458
f 3322/44/449 3338/44/472 3323/44/451
f 3335/44/467 3169/44/52 3350/44/473
f 2913/44/21 3349/44/518 3364/44/474
f 3343/44/468 3357/44/475 3358/44/476
f 3335/44/467 3351/44/477 3336/44/469
f 3344/44/470 3358/44/476 3359/44/478
f 3336/44/469 3352/44/479 3337/44/471
f 3345/44/458 3359/44/478 3360/44/480
f 3337/44/471 3353/44/481 3338/44/472
f 3346/44/459 3360/44/480 3361/44/482
f 3338/44/472 3354/44/483 3339/44/460
f 3347/44/461 3361/44/482 3362/44/484
f 3339/44/460 3355/44/485 3340/44/462
f 3348/44/463 3362/44/484 3363/44/486
f 3340/44/462 3356/44/487 3341/44/464
f 3349/44/518 3363/44/486 3364/44/474
f 3341/44/464 3357/44/475 3342/44/466
f 3353/44/481 3369/44/488 3354/44/483
f 3362/44/484 3376/44/489 3377/44/490
f 3354/44/483 3370/44/491 3355/44/485
f 3363/44/486 3377/44/490 3378/44/492
f 3355/44/485 3371/44/493 3356/44/487
f 3364/44/474 3378/44/492 3379/44/494
f 3356/44/487 3372/44/495 3357/44/475
f 3350/44/473 3169/44/52 3365/44/496
f 2913/44/21 3364/44/474 3379/44/494
f 3358/44/476 3372/44/495 3373/44/497
f 3350/44/473 3366/44/498 3351/44/477
f 3359/44/478 3373/44/497 3374/44/499
f 3351/44/477 3367/44/500 3352/44/479
f 3360/44/480 3374/44/499 3375/44/501
f 3352/44/479 3368/44/502 3353/44/481
f 3361/44/482 3375/44/501 3376/44/489
f 3373/44/497 3387/44/24 3388/44/26
f 3365/44/496 3381/44/27 3366/44/498
f 3374/44/499 3388/44/26 3389/44/31
f 3366/44/498 3382/44/32 3367/44/500
f 3375/44/501 3389/44/31 3390/44/35
f 3367/44/500 3383/44/36 3368/44/502
f 3376/44/489 3390/44/35 3391/44/39
f 3368/44/502 3384/44/40 3369/44/488
f 3377/44/490 3391/44/39 3392/44/43
f 3369/44/488 3385/44/44 3370/44/491
f 3378/44/492 3392/44/43 3393/44/47
f 3370/44/491 3386/44/48 3371/44/493
f 3379/44/494 3393/44/47 3394/44/22
f 3371/44/493 3387/44/24 3372/44/495
f 3365/44/496 3169/44/52 3380/44/51
f 2913/44/21 3379/44/494 3394/44/22
s 9
g Catapulta_brazo_metal
f 3395/44/21 3876/44/22 3410/44/23
f 3869/44/24 3404/44/25 3870/44/26
f 3863/44/27 3396/44/28 3397/44/29
f 3870/44/26 3405/44/30 3871/44/31
f 3864/44/32 3397/44/29 3398/44/33
f 3871/44/31 3406/44/34 3872/44/35
f 3865/44/36 3398/44/33 3399/44/37
f 3872/44/35 3407/44/38 3873/44/39
f 3866/44/40 3399/44/37 3400/44/41
f 3873/44/39 3408/44/42 3874/44/43
f 3867/44/44 3400/44/41 3401/44/45
f 3874/44/43 3409/44/46 3875/44/47
f 3868/44/48 3401/44/45 3402/44/49
f 3875/44/47 3410/44/23 3876/44/22
f 3869/44/24 3402/44/49 3403/44/50
f 3862/44/51 3651/44/52 3396/44/28
f 3409/44/46 3425/44/53 3410/44/23
f 3403/44/50 3417/44/54 3418/44/555
f 3396/44/28 3651/44/52 3411/44/56
f 3395/44/21 3410/44/23 3425/44/53
f 3403/44/50 3419/44/57 3404/44/25
f 3397/44/29 3411/44/56 3412/44/58
f 3404/44/25 3420/44/59 3405/44/30
f 3398/44/33 3412/44/58 3413/44/60
f 3405/44/30 3421/44/61 3406/44/34
f 3399/44/37 3413/44/60 3414/44/62
f 3406/44/34 3422/44/63 3407/44/38
f 3400/44/41 3414/44/62 3415/44/64
f 3407/44/38 3423/44/65 3408/44/42
f 3401/44/45 3415/44/64 3416/44/66
f 3408/44/42 3424/44/67 3409/44/46
f 3402/44/49 3416/44/66 3417/44/54
f 3414/44/62 3428/44/503 3429/44/69
f 3421/44/61 3437/44/70 3422/44/63
f 3415/44/64 3429/44/69 3430/44/71
f 3422/44/63 3438/44/556 3423/44/65
f 3416/44/66 3430/44/71 3431/44/73
f 3423/44/65 3439/44/74 3424/44/67
f 3417/44/54 3431/44/73 3432/44/75
f 3424/44/67 3440/44/504 3425/44/53
f 3418/44/555 3432/44/75 3433/44/77
f 3411/44/56 3651/44/52 3426/44/78
f 3395/44/21 3425/44/53 3440/44/504
f 3418/44/555 3434/44/79 3419/44/57
f 3412/44/58 3426/44/78 3427/44/80
f 3419/44/57 3435/44/81 3420/44/59
f 3413/44/60 3427/44/80 3428/44/503
f 3420/44/59 3436/44/82 3421/44/61
f 3433/44/77 3447/44/83 3448/44/84
f 3426/44/78 3651/44/52 3441/44/85
f 3395/44/21 3440/44/504 3455/44/86
f 3433/44/77 3449/44/87 3434/44/79
f 3427/44/80 3441/44/85 3442/44/88
f 3434/44/79 3450/44/557 3435/44/81
f 3428/44/503 3442/44/88 3443/44/90
f 3435/44/81 3451/44/91 3436/44/82
f 3429/44/69 3443/44/90 3444/44/92
f 3436/44/82 3452/44/93 3437/44/70
f 3430/44/71 3444/44/92 3445/44/522
f 3437/44/70 3453/44/95 3438/44/556
f 3431/44/73 3445/44/522 3446/44/558
f 3438/44/556 3454/44/97 3439/44/74
f 3432/44/75 3446/44/558 3447/44/83
f 3439/44/74 3455/44/86 3440/44/504
f 3451/44/91 3467/44/98 3452/44/93
f 3445/44/522 3459/44/99 3460/44/100
f 3452/44/93 3468/44/101 3453/44/95
f 3446/44/558 3460/44/100 3461/44/102
f 3453/44/95 3469/44/103 3454/44/97
f 3447/44/83 3461/44/102 3462/44/104
f 3454/44/97 3470/44/105 3455/44/86
f 3448/44/84 3462/44/104 3463/44/106
f 3441/44/85 3651/44/52 3456/44/107
f 3395/44/21 3455/44/86 3470/44/105
f 3448/44/84 3464/44/108 3449/44/87
f 3442/44/88 3456/44/107 3457/44/109
f 3449/44/87 3465/44/110 3450/44/557
f 3443/44/90 3457/44/109 3458/44/111
f 3450/44/557 3466/44/112 3451/44/91
f 3444/44/92 3458/44/111 3459/44/99
f 3395/44/21 3470/44/105 3485/44/113
f 3463/44/106 3479/44/114 3464/44/108
f 3457/44/109 3471/44/115 3472/44/116
f 3464/44/108 3480/44/117 3465/44/110
f 3458/44/111 3472/44/116 3473/44/118
f 3465/44/110 3481/44/119 3466/44/112
f 3459/44/99 3473/44/118 3474/44/549
f 3466/44/112 3482/44/542 3467/44/98
f 3460/44/100 3474/44/549 3475/44/122
f 3467/44/98 3483/44/123 3468/44/101
f 3461/44/102 3475/44/122 3476/44/124
f 3468/44/101 3484/44/125 3469/44/103
f 3462/44/104 3476/44/124 3477/44/126
f 3469/44/103 3485/44/113 3470/44/105
f 3463/44/106 3477/44/126 3478/44/127
f 3456/44/107 3651/44/52 3471/44/115
f 3482/44/542 3498/44/128 3483/44/123
f 3476/44/124 3490/44/508 3491/44/130
f 3483/44/123 3499/44/131 3484/44/125
f 3477/44/126 3491/44/130 3492/44/132
f 3484/44/125 3500/44/133 3485/44/113
f 3478/44/127 3492/44/132 3493/44/134
f 3471/44/115 3651/44/52 3486/44/135
f 3395/44/21 3485/44/113 3500/44/133
f 3478/44/127 3494/44/136 3479/44/114
f 3472/44/116 3486/44/135 3487/44/137
f 3479/44/114 3495/44/138 3480/44/117
f 3473/44/118 3487/44/137 3488/44/139
f 3480/44/117 3496/44/509 3481/44/119
f 3474/44/549 3488/44/139 3489/44/141
f 3481/44/119 3497/44/142 3482/44/542
f 3475/44/122 3489/44/141 3490/44/508
f 3487/44/137 3501/44/510 3502/44/144
f 3494/44/136 3510/44/145 3495/44/138
f 3488/44/139 3502/44/144 3503/44/146
f 3495/44/138 3511/44/147 3496/44/509
f 3489/44/141 3503/44/146 3504/44/148
f 3496/44/509 3512/44/149 3497/44/142
f 3490/44/508 3504/44/148 3505/44/150
f 3497/44/142 3513/44/151 3498/44/128
f 3491/44/130 3505/44/150 3506/44/152
f 3498/44/128 3514/44/153 3499/44/131
f 3492/44/132 3506/44/152 3507/44/154
f 3499/44/131 3515/44/155 3500/44/133
f 3493/44/134 3507/44/154 3508/44/156
f 3486/44/135 3651/44/52 3501/44/510
f 3395/44/21 3500/44/133 3515/44/155
f 3493/44/134 3509/44/157 3494/44/136
f 3505/44/150 3521/44/158 3506/44/152
f 3514/44/153 3528/44/159 3529/44/160
f 3506/44/152 3522/44/161 3507/44/154
f 3515/44/155 3529/44/160 3530/44/162
f 3507/44/154 3523/44/163 3508/44/156
f 3501/44/510 3651/44/52 3516/44/164
f 3395/44/21 3515/44/155 3530/44/162
f 3509/44/157 3523/44/163 3524/44/165
f 3501/44/510 3517/44/166 3502/44/144
f 3510/44/145 3524/44/165 3525/44/167
f 3502/44/144 3518/44/168 3503/44/146
f 3511/44/147 3525/44/167 3526/44/169
f 3503/44/146 3519/44/170 3504/44/148
f 3512/44/149 3526/44/169 3527/44/171
f 3504/44/148 3520/44/172 3505/44/150
f 3513/44/151 3527/44/171 3528/44/159
f 3525/44/167 3539/44/173 3540/44/526
f 3517/44/166 3533/44/175 3518/44/168
f 3526/44/169 3540/44/526 3541/44/176
f 3518/44/168 3534/44/177 3519/44/170
f 3527/44/171 3541/44/176 3542/44/511
f 3519/44/170 3535/44/179 3520/44/172
f 3528/44/159 3542/44/511 3543/44/180
f 3520/44/172 3536/44/528 3521/44/158
f 3529/44/160 3543/44/180 3544/44/182
f 3521/44/158 3537/44/183 3522/44/161
f 3530/44/162 3544/44/182 3545/44/184
f 3522/44/161 3538/44/185 3523/44/163
f 3516/44/164 3651/44/52 3531/44/186
f 3395/44/21 3530/44/162 3545/44/184
f 3524/44/165 3538/44/185 3539/44/173
f 3516/44/164 3532/44/187 3517/44/166
f 3544/44/182 3558/44/188 3559/44/189
f 3536/44/528 3552/44/190 3537/44/183
f 3545/44/184 3559/44/189 3560/44/191
f 3537/44/183 3553/44/192 3538/44/185
f 3531/44/186 3651/44/52 3546/44/193
f 3395/44/21 3545/44/184 3560/44/191
f 3539/44/173 3553/44/192 3554/44/194
f 3531/44/186 3547/44/195 3532/44/187
f 3540/44/526 3554/44/194 3555/44/196
f 3532/44/187 3548/44/197 3533/44/175
f 3541/44/176 3555/44/196 3556/44/198
f 3533/44/175 3549/44/199 3534/44/177
f 3542/44/511 3556/44/198 3557/44/200
f 3534/44/177 3550/44/201 3535/44/179
f 3543/44/180 3557/44/200 3558/44/188
f 3535/44/179 3551/44/202 3536/44/528
f 3547/44/195 3563/44/203 3548/44/197
f 3556/44/198 3570/44/204 3571/44/205
f 3548/44/197 3564/44/206 3549/44/199
f 3557/44/200 3571/44/205 3572/44/207
f 3549/44/199 3565/44/208 3550/44/201
f 3558/44/188 3572/44/207 3573/44/209
f 3550/44/201 3566/44/210 3551/44/202
f 3559/44/189 3573/44/209 3574/44/211
f 3551/44/202 3567/44/212 3552/44/190
f 3560/44/191 3574/44/211 3575/44/213
f 3552/44/190 3568/44/214 3553/44/192
f 3546/44/193 3651/44/52 3561/44/215
f 3395/44/21 3560/44/191 3575/44/213
f 3554/44/194 3568/44/214 3569/44/216
f 3546/44/193 3562/44/217 3547/44/195
f 3555/44/196 3569/44/216 3570/44/204
f 3566/44/210 3582/44/218 3567/44/212
f 3575/44/213 3589/44/219 3590/44/220
f 3567/44/212 3583/44/221 3568/44/214
f 3561/44/215 3651/44/52 3576/44/222
f 3395/44/21 3575/44/213 3590/44/220
f 3569/44/216 3583/44/221 3584/44/223
f 3561/44/215 3577/44/224 3562/44/217
f 3570/44/204 3584/44/223 3585/44/225
f 3562/44/217 3578/44/226 3563/44/203
f 3571/44/205 3585/44/225 3586/44/227
f 3563/44/203 3579/44/228 3564/44/206
f 3572/44/207 3586/44/227 3587/44/229
f 3564/44/206 3580/44/230 3565/44/208
f 3573/44/209 3587/44/229 3588/44/231
f 3565/44/208 3581/44/232 3566/44/210
f 3574/44/211 3588/44/231 3589/44/219
f 3586/44/227 3600/44/559 3601/44/234
f 3578/44/226 3594/44/235 3579/44/228
f 3587/44/229 3601/44/234 3602/44/236
f 3579/44/228 3595/44/237 3580/44/230
f 3588/44/231 3602/44/236 3603/44/238
f 3580/44/230 3596/44/560 3581/44/232
f 3589/44/219 3603/44/238 3604/44/240
f 3581/44/232 3597/44/241 3582/44/218
f 3590/44/220 3604/44/240 3605/44/242
f 3582/44/218 3598/44/243 3583/44/221
f 3576/44/222 3651/44/52 3591/44/244
f 3395/44/21 3590/44/220 3605/44/242
f 3584/44/223 3598/44/243 3599/44/245
f 3576/44/222 3592/44/246 3577/44/224
f 3585/44/225 3599/44/245 3600/44/559
f 3577/44/224 3593/44/247 3578/44/226
f 3605/44/242 3619/44/248 3620/44/249
f 3597/44/241 3613/44/250 3598/44/243
f 3591/44/244 3651/44/52 3606/44/251
f 3395/44/21 3605/44/242 3620/44/249
f 3599/44/245 3613/44/250 3614/44/252
f 3591/44/244 3607/44/253 3592/44/246
f 3600/44/559 3614/44/252 3615/44/254
f 3592/44/246 3608/44/255 3593/44/247
f 3601/44/234 3615/44/254 3616/44/256
f 3593/44/247 3609/44/257 3594/44/235
f 3602/44/236 3616/44/256 3617/44/258
f 3594/44/235 3610/44/259 3595/44/237
f 3603/44/238 3617/44/258 3618/44/260
f 3595/44/237 3611/44/261 3596/44/560
f 3604/44/240 3618/44/260 3619/44/248
f 3596/44/560 3612/44/262 3597/44/241
f 3617/44/258 3631/44/263 3632/44/264
f 3609/44/257 3625/44/265 3610/44/259
f 3618/44/260 3632/44/264 3633/44/266
f 3610/44/259 3626/44/267 3611/44/261
f 3619/44/248 3633/44/266 3634/44/268
f 3611/44/261 3627/44/269 3612/44/262
f 3620/44/249 3634/44/268 3635/44/270
f 3612/44/262 3628/44/271 3613/44/250
f 3606/44/251 3651/44/52 3621/44/272
f 3395/44/21 3620/44/249 3635/44/270
f 3614/44/252 3628/44/271 3629/44/273
f 3606/44/251 3622/44/274 3607/44/253
f 3615/44/254 3629/44/273 3630/44/275
f 3607/44/253 3623/44/276 3608/44/255
f 3616/44/256 3630/44/275 3631/44/263
f 3608/44/255 3624/44/277 3609/44/257
f 3621/44/272 3651/44/52 3636/44/278
f 3395/44/21 3635/44/270 3650/44/279
f 3628/44/271 3644/44/280 3629/44/273
f 3622/44/274 3636/44/278 3637/44/281
f 3629/44/273 3645/44/282 3630/44/275
f 3623/44/276 3637/44/281 3638/44/283
f 3630/44/275 3646/44/284 3631/44/263
f 3624/44/277 3638/44/283 3639/44/285
f 3631/44/263 3647/44/286 3632/44/264
f 3625/44/265 3639/44/285 3640/44/287
f 3632/44/264 3648/44/288 3633/44/266
f 3626/44/267 3640/44/287 3641/44/289
f 3633/44/266 3649/44/290 3634/44/268
f 3627/44/269 3641/44/289 3642/44/291
f 3634/44/268 3650/44/279 3635/44/270
f 3628/44/271 3642/44/291 3643/44/292
f 3640/44/287 3655/44/293 3656/44/294
f 3647/44/286 3664/44/295 3648/44/288
f 3641/44/289 3656/44/294 3657/44/296
f 3648/44/288 3665/44/297 3649/44/290
f 3642/44/291 3657/44/296 3658/44/298
f 3649/44/290 3666/44/299 3650/44/279
f 3643/44/292 3658/44/298 3659/44/553
f 3636/44/278 3651/44/52 3652/44/301
f 3395/44/21 3650/44/279 3666/44/299
f 3643/44/292 3660/44/302 3644/44/280
f 3637/44/281 3652/44/301 3653/44/303
f 3644/44/280 3661/44/561 3645/44/282
f 3638/44/283 3653/44/303 3654/44/305
f 3645/44/282 3662/44/306 3646/44/284
f 3639/44/285 3654/44/305 3655/44/293
f 3646/44/284 3663/44/307 3647/44/286
f 3659/44/553 3675/44/308 3660/44/302
f 3653/44/303 3667/44/309 3668/44/310
f 3660/44/302 3676/44/311 3661/44/561
f 3654/44/305 3668/44/310 3669/44/533
f 3661/44/561 3677/44/313 3662/44/306
f 3655/44/293 3669/44/533 3670/44/314
f 3662/44/306 3678/44/315 3663/44/307
f 3656/44/294 3670/44/314 3671/44/316
f 3663/44/307 3679/44/317 3664/44/295
f 3657/44/296 3671/44/316 3672/44/318
f 3664/44/295 3680/44/319 3665/44/297
f 3658/44/298 3672/44/318 3673/44/320
f 3665/44/297 3681/44/321 3666/44/299
f 3659/44/553 3673/44/320 3674/44/322
f 3652/44/301 3651/44/52 3667/44/309
f 3395/44/21 3666/44/299 3681/44/321
f 3678/44/315 3694/44/323 3679/44/317
f 3672/44/318 3686/44/562 3687/44/325
f 3679/44/317 3695/44/326 3680/44/319
f 3673/44/320 3687/44/325 3688/44/327
f 3680/44/319 3696/44/328 3681/44/321
f 3674/44/322 3688/44/327 3689/44/329
f 3667/44/309 3651/44/52 3682/44/330
f 3395/44/21 3681/44/321 3696/44/328
f 3674/44/322 3690/44/331 3675/44/308
f 3668/44/310 3682/44/330 3683/44/332
f 3675/44/308 3691/44/333 3676/44/311
f 3669/44/533 3683/44/332 3684/44/334
f 3676/44/311 3692/44/513 3677/44/313
f 3670/44/314 3684/44/334 3685/44/336
f 3677/44/313 3693/44/337 3678/44/315
f 3671/44/316 3685/44/336 3686/44/562
f 3683/44/332 3697/44/338 3698/44/339
f 3690/44/331 3706/44/340 3691/44/333
f 3684/44/334 3698/44/339 3699/44/341
f 3691/44/333 3707/44/342 3692/44/513
f 3685/44/336 3699/44/341 3700/44/343
f 3692/44/513 3708/44/344 3693/44/337
f 3686/44/562 3700/44/343 3701/44/345
f 3693/44/337 3709/44/346 3694/44/323
f 3687/44/325 3701/44/345 3702/44/347
f 3694/44/323 3710/44/348 3695/44/326
f 3688/44/327 3702/44/347 3703/44/349
f 3695/44/326 3711/44/350 3696/44/328
f 3689/44/329 3703/44/349 3704/44/351
f 3682/44/330 3651/44/52 3697/44/338
f 3395/44/21 3696/44/328 3711/44/350
f 3689/44/329 3705/44/352 3690/44/331
f 3702/44/347 3716/44/353 3717/44/534
f 3709/44/346 3725/44/355 3710/44/348
f 3703/44/349 3717/44/534 3718/44/356
f 3710/44/348 3726/44/357 3711/44/350
f 3704/44/351 3718/44/356 3719/44/358
f 3697/44/338 3651/44/52 3712/44/359
f 3395/44/21 3711/44/350 3726/44/357
f 3704/44/351 3720/44/360 3705/44/352
f 3698/44/339 3712/44/359 3713/44/361
f 3705/44/352 3721/44/535 3706/44/340
f 3699/44/341 3713/44/361 3714/44/363
f 3706/44/340 3722/44/364 3707/44/342
f 3700/44/343 3714/44/363 3715/44/548
f 3707/44/342 3723/44/366 3708/44/344
f 3701/44/345 3715/44/548 3716/44/353
f 3708/44/344 3724/44/367 3709/44/346
f 3720/44/360 3736/44/368 3721/44/535
f 3714/44/363 3728/44/369 3729/44/370
f 3721/44/535 3737/44/563 3722/44/364
f 3715/44/548 3729/44/370 3730/44/372
f 3722/44/364 3738/44/373 3723/44/366
f 3716/44/353 3730/44/372 3731/44/564
f 3723/44/366 3739/44/375 3724/44/367
f 3717/44/534 3731/44/564 3732/44/376
f 3724/44/367 3740/44/377 3725/44/355
f 3718/44/356 3732/44/376 3733/44/378
f 3725/44/355 3741/44/379 3726/44/357
f 3719/44/358 3733/44/378 3734/44/380
f 3712/44/359 3651/44/52 3727/44/381
f 3395/44/21 3726/44/357 3741/44/379
f 3719/44/358 3735/44/382 3720/44/360
f 3713/44/361 3727/44/381 3728/44/369
f 3739/44/375 3755/44/383 3740/44/377
f 3733/44/378 3747/44/384 3748/44/385
f 3740/44/377 3756/44/386 3741/44/379
f 3734/44/380 3748/44/385 3749/44/387
f 3727/44/381 3651/44/52 3742/44/388
f 3395/44/21 3741/44/379 3756/44/386
f 3734/44/380 3750/44/389 3735/44/382
f 3728/44/369 3742/44/388 3743/44/390
f 3735/44/382 3751/44/391 3736/44/368
f 3729/44/370 3743/44/390 3744/44/392
f 3736/44/368 3752/44/393 3737/44/563
f 3730/44/372 3744/44/392 3745/44/394
f 3737/44/563 3753/44/395 3738/44/373
f 3731/44/564 3745/44/394 3746/44/396
f 3738/44/373 3754/44/397 3739/44/375
f 3732/44/376 3746/44/396 3747/44/384
f 3752/44/393 3766/44/398 3767/44/399
f 3744/44/392 3760/44/400 3745/44/394
f 3753/44/395 3767/44/399 3768/44/401
f 3745/44/394 3761/44/402 3746/44/396
f 3754/44/397 3768/44/401 3769/44/403
f 3746/44/396 3762/44/404 3747/44/384
f 3755/44/383 3769/44/403 3770/44/405
f 3747/44/384 3763/44/406 3748/44/385
f 3756/44/386 3770/44/405 3771/44/407
f 3748/44/385 3764/44/408 3749/44/387
f 3742/44/388 3651/44/52 3757/44/409
f 3395/44/21 3756/44/386 3771/44/407
f 3750/44/389 3764/44/408 3765/44/410
f 3742/44/388 3758/44/411 3743/44/390
f 3751/44/391 3765/44/410 3766/44/398
f 3743/44/390 3759/44/412 3744/44/392
f 3771/44/407 3785/44/413 3786/44/414
f 3763/44/406 3779/44/415 3764/44/408
f 3757/44/409 3651/44/52 3772/44/416
f 3395/44/21 3771/44/407 3786/44/414
f 3765/44/410 3779/44/415 3780/44/417
f 3757/44/409 3773/44/418 3758/44/411
f 3766/44/398 3780/44/417 3781/44/419
f 3758/44/411 3774/44/420 3759/44/412
f 3767/44/399 3781/44/419 3782/44/421
f 3759/44/412 3775/44/538 3760/44/400
f 3768/44/401 3782/44/421 3783/44/515
f 3760/44/400 3776/44/424 3761/44/402
f 3769/44/403 3783/44/515 3784/44/425
f 3761/44/402 3777/44/426 3762/44/404
f 3770/44/405 3784/44/425 3785/44/413
f 3762/44/404 3778/44/427 3763/44/406
f 3774/44/420 3790/44/428 3775/44/538
f 3783/44/515 3797/44/429 3798/44/430
f 3775/44/538 3791/44/431 3776/44/424
f 3784/44/425 3798/44/430 3799/44/432
f 3776/44/424 3792/44/433 3777/44/426
f 3785/44/413 3799/44/432 3800/44/434
f 3777/44/426 3793/44/435 3778/44/427
f 3786/44/414 3800/44/434 3801/44/436
f 3778/44/427 3794/44/437 3779/44/415
f 3772/44/416 3651/44/52 3787/44/438
f 3395/44/21 3786/44/414 3801/44/436
f 3780/44/417 3794/44/437 3795/44/439
f 3772/44/416 3788/44/565 3773/44/418
f 3781/44/419 3795/44/439 3796/44/441
f 3773/44/418 3789/44/442 3774/44/420
f 3782/44/421 3796/44/441 3797/44/429
f 3793/44/435 3809/44/443 3794/44/437
f 3787/44/438 3651/44/52 3802/44/444
f 3395/44/21 3801/44/436 3816/44/445
f 3795/44/439 3809/44/443 3810/44/446
f 3787/44/438 3803/44/447 3788/44/565
f 3796/44/441 3810/44/446 3811/44/448
f 3788/44/565 3804/44/449 3789/44/442
f 3797/44/429 3811/44/448 3812/44/450
f 3789/44/442 3805/44/451 3790/44/428
f 3798/44/430 3812/44/450 3813/44/452
f 3790/44/428 3806/44/453 3791/44/431
f 3799/44/432 3813/44/452 3814/44/454
f 3791/44/431 3807/44/516 3792/44/433
f 3800/44/434 3814/44/454 3815/44/456
f 3792/44/433 3808/44/457 3793/44/435
f 3801/44/436 3815/44/456 3816/44/445
f 3813/44/452 3827/44/458 3828/44/459
f 3805/44/451 3821/44/460 3806/44/453
f 3814/44/454 3828/44/459 3829/44/566
f 3806/44/453 3822/44/462 3807/44/516
f 3815/44/456 3829/44/566 3830/44/463
f 3807/44/516 3823/44/464 3808/44/457
f 3816/44/445 3830/44/463 3831/44/465
f 3808/44/457 3824/44/466 3809/44/443
f 3802/44/444 3651/44/52 3817/44/467
f 3395/44/21 3816/44/445 3831/44/465
f 3810/44/446 3824/44/466 3825/44/468
f 3802/44/444 3818/44/469 3803/44/447
f 3811/44/448 3825/44/468 3826/44/470
f 3803/44/447 3819/44/471 3804/44/449
f 3812/44/450 3826/44/470 3827/44/458
f 3804/44/449 3820/44/472 3805/44/451
f 3817/44/467 3651/44/52 3832/44/473
f 3395/44/21 3831/44/465 3846/44/474
f 3825/44/468 3839/44/475 3840/44/476
f 3817/44/467 3833/44/477 3818/44/469
f 3826/44/470 3840/44/476 3841/44/478
f 3818/44/469 3834/44/479 3819/44/471
f 3827/44/458 3841/44/478 3842/44/480
f 3819/44/471 3835/44/481 3820/44/472
f 3828/44/459 3842/44/480 3843/44/482
f 3820/44/472 3836/44/483 3821/44/460
f 3829/44/566 3843/44/482 3844/44/484
f 3821/44/460 3837/44/485 3822/44/462
f 3830/44/463 3844/44/484 3845/44/486
f 3822/44/462 3838/44/487 3823/44/464
f 3831/44/465 3845/44/486 3846/44/474
f 3823/44/464 3839/44/475 3824/44/466
f 3835/44/481 3851/44/488 3836/44/483
f 3844/44/484 3858/44/489 3859/44/490
f 3836/44/483 3852/44/491 3837/44/485
f 3845/44/486 3859/44/490 3860/44/492
f 3837/44/485 3853/44/493 3838/44/487
f 3846/44/474 3860/44/492 3861/44/494
f 3838/44/487 3854/44/495 3839/44/475
f 3832/44/473 3651/44/52 3847/44/496
f 3395/44/21 3846/44/474 3861/44/494
f 3840/44/476 3854/44/495 3855/44/497
f 3832/44/473 3848/44/498 3833/44/477
f 3841/44/478 3855/44/497 3856/44/499
f 3833/44/477 3849/44/500 3834/44/479
f 3842/44/480 3856/44/499 3857/44/501
f 3834/44/479 3850/44/502 3835/44/481
f 3843/44/482 3857/44/501 3858/44/489
f 3855/44/497 3869/44/24 3870/44/26
f 3847/44/496 3863/44/27 3848/44/498
f 3856/44/499 3870/44/26 3871/44/31
f 3848/44/498 3864/44/32 3849/44/500
f 3857/44/501 3871/44/31 3872/44/35
f 3849/44/500 3865/44/36 3850/44/502
f 3858/44/489 3872/44/35 3873/44/39
f 3850/44/502 3866/44/40 3851/44/488
f 3859/44/490 3873/44/39 3874/44/43
f 3851/44/488 3867/44/44 3852/44/491
f 3860/44/492 3874/44/43 3875/44/47
f 3852/44/491 3868/44/48 3853/44/493
f 3861/44/494 3875/44/47 3876/44/22
f 3853/44/493 3869/44/24 3854/44/495
f 3847/44/496 3651/44/52 3862/44/51
f 3395/44/21 3861/44/494 3876/44/22
s 0
f 3877/44/387 3880/44/387 3879/44/387
f 3880/44/24 3883/44/24 3879/44/24
f 3884/44/156 3881/44/156 3883/44/156
f 3882/44/271 3877/44/271 3881/44/271
f 3883/44/21 3877/44/21 3879/44/21
f 3880/44/52 3882/44/52 3884/44/52
f 3922/44/21 3891/44/21 3892/44/21
f 3918/44/52 3930/44/52 3929/44/52
f 3888/44/387 3892/44/387 3891/44/387
f 3920/44/52 3928/44/52 3927/44/52
f 3931/44/156 3921/44/156 3922/44/156
f 3929/44/156 3923/44/156 3924/44/156
f 3924/44/21 3885/44/21 3886/44/21
f 3912/44/21 3904/44/21 3911/44/21
f 3903/44/567 3889/44/567 3894/44/567
f 3914/44/21 3902/44/21 3913/44/21
f 3910/44/568 3890/44/568 3893/44/568
f 3916/44/21 3900/44/21 3915/44/21
f 3926/44/21 3889/44/21 3890/44/21
f 3894/44/52 3910/44/52 3893/44/52
f 3894/44/569 3925/44/569 3909/44/569
f 3896/44/52 3908/44/52 3895/44/52
f 3909/44/570 3928/44/570 3912/44/570
f 3898/44/52 3906/44/52 3897/44/52
f 3887/44/52 3932/44/52 3931/44/52
f 3909/44/387 3911/44/387 3910/44/387
f 3913/44/571 3924/44/571 3908/44/571
f 3907/44/387 3913/44/387 3908/44/387
f 3919/44/387 3890/44/387 3889/44/387
f 3905/44/387 3915/44/387 3906/44/387
f 3927/44/156 3925/44/156 3926/44/156
f 3897/44/156 3899/44/156 3898/44/156
f 3917/44/387 3886/44/387 3885/44/387
f 3896/44/156 3902/44/156 3901/44/156
f 3895/44/572 3918/44/572 3902/44/572
f 3893/44/156 3903/44/156 3894/44/156
f 3911/44/573 3920/44/573 3927/44/573
f 3914/44/574 3923/44/574 3930/44/574
f 3908/44/575 3886/44/575 3895/44/575
f 3893/44/576 3920/44/576 3904/44/576
f 3912/44/577 3919/44/577 3903/44/577
f 3906/44/578 3931/44/578 3922/44/578
f 3896/44/579 3923/44/579 3907/44/579
f 3902/44/580 3929/44/580 3913/44/580
f 3905/44/581 3932/44/581 3916/44/581
f 3906/44/582 3892/44/582 3897/44/582
f 3914/44/583 3917/44/583 3901/44/583
f 3898/44/584 3888/44/584 3891/44/584
f 3898/44/585 3921/44/585 3905/44/585
f 3900/44/586 3931/44/586 3915/44/586
f 3897/44/587 3887/44/587 3900/44/587
f 3910/44/588 3927/44/588 3926/44/588
f 3899/44/589 3932/44/589 3888/44/589
f 3901/44/590 3885/44/590 3896/44/590
s 64
f 3937/44/287 4184/44/267 4185/44/265
f 3938/44/285 4185/44/265 4186/44/277
f 3939/44/283 4186/44/277 4187/44/276
f 3940/44/281 4187/44/276 4188/44/274
f 3941/44/278 4188/44/274 4189/44/272
f 3933/44/52 3941/44/278 4189/44/272
f 3935/44/291 4182/44/591 4183/44/269
f 3936/44/289 4183/44/269 4184/44/267
f 3944/44/512 3935/44/291 3936/44/289
f 3945/44/294 3936/44/289 3937/44/287
f 3946/44/293 3937/44/287 3938/44/285
f 3947/44/305 3938/44/285 3939/44/283
f 3948/44/303 3939/44/283 3940/44/281
f 3949/44/301 3940/44/281 3941/44/278
f 3933/44/52 3949/44/301 3941/44/278
f 3943/44/298 3934/44/592 3935/44/291
f 3956/44/310 3947/44/305 3948/44/303
f 3957/44/309 3948/44/303 3949/44/301
f 3933/44/52 3957/44/309 3949/44/301
f 3951/44/320 3942/44/593 3943/44/298
f 3952/44/318 3943/44/298 3944/44/512
f 3953/44/316 3944/44/512 3945/44/294
f 3954/44/314 3945/44/294 3946/44/293
f 3955/44/312 3946/44/293 3947/44/305
f 3961/44/324 3952/44/318 3953/44/316
f 3962/44/336 3953/44/316 3954/44/314
f 3963/44/334 3954/44/314 3955/44/312
f 3964/44/332 3955/44/312 3956/44/310
f 3965/44/330 3956/44/310 3957/44/309
f 3933/44/52 3965/44/330 3957/44/309
f 3959/44/327 3950/44/594 3951/44/320
f 3960/44/325 3951/44/320 3952/44/318
f 3973/44/338 3964/44/332 3965/44/330
f 3933/44/52 3973/44/338 3965/44/330
f 3967/44/349 3958/44/595 3959/44/327
f 3968/44/347 3959/44/327 3960/44/325
f 3969/44/345 3960/44/325 3961/44/324
f 3970/44/343 3961/44/324 3962/44/336
f 3971/44/341 3962/44/336 3963/44/334
f 3972/44/339 3963/44/334 3964/44/332
f 3977/44/353 3968/44/347 3969/44/345
f 3978/44/365 3969/44/345 3970/44/343
f 3979/44/363 3970/44/343 3971/44/341
f 3980/44/361 3971/44/341 3972/44/339
f 3981/44/359 3972/44/339 3973/44/338
f 3933/44/52 3981/44/359 3973/44/338
f 3975/44/356 3966/44/596 3967/44/349
f 3976/44/354 3967/44/349 3968/44/347
f 3989/44/381 3980/44/361 3981/44/359
f 3933/44/52 3989/44/381 3981/44/359
f 3983/44/597 3974/44/598 3975/44/356
f 3984/44/376 3975/44/356 3976/44/354
f 3985/44/374 3976/44/354 3977/44/353
f 3986/44/372 3977/44/353 3978/44/365
f 3987/44/370 3978/44/365 3979/44/363
f 3988/44/369 3979/44/363 3980/44/361
f 3994/44/394 3985/44/374 3986/44/372
f 3995/44/392 3986/44/372 3987/44/370
f 3996/44/390 3987/44/370 3988/44/369
f 3997/44/388 3988/44/369 3989/44/381
f 3933/44/52 3997/44/388 3989/44/381
f 3992/44/384 3983/44/597 3984/44/376
f 3993/44/396 3984/44/376 3985/44/374
f 3933/44/52 4005/44/409 3997/44/388
f 3992/44/384 3999/44/599 3991/44/600
f 3993/44/396 4000/44/404 3992/44/384
f 3994/44/394 4001/44/402 3993/44/396
f 3995/44/392 4002/44/400 3994/44/394
f 3996/44/390 4003/44/412 3995/44/392
f 3997/44/388 4004/44/411 3996/44/390
f 4003/44/412 4010/44/422 4002/44/400
f 4004/44/411 4011/44/420 4003/44/412
f 4005/44/409 4012/44/418 4004/44/411
f 3933/44/52 4013/44/416 4005/44/409
f 3999/44/599 4006/44/601 3998/44/602
f 4000/44/404 4007/44/427 3999/44/599
f 4001/44/402 4008/44/426 4000/44/404
f 4002/44/400 4009/44/424 4001/44/402
f 4007/44/427 4014/44/603 4006/44/601
f 4008/44/426 4015/44/435 4007/44/427
f 4009/44/424 4016/44/433 4008/44/426
f 4010/44/422 4017/44/431 4009/44/424
f 4011/44/420 4018/44/428 4010/44/422
f 4012/44/418 4019/44/442 4011/44/420
f 4013/44/416 4020/44/440 4012/44/418
f 3933/44/52 4021/44/438 4013/44/416
f 4019/44/442 4026/44/451 4018/44/428
f 4020/44/440 4027/44/449 4019/44/442
f 4021/44/438 4028/44/447 4020/44/440
f 3933/44/52 4029/44/444 4021/44/438
f 4015/44/435 4022/44/604 4014/44/603
f 4016/44/433 4023/44/457 4015/44/435
f 4017/44/431 4024/44/455 4016/44/433
f 4018/44/428 4025/44/453 4017/44/431
f 4024/44/455 4031/44/464 4023/44/457
f 4025/44/453 4032/44/462 4024/44/455
f 4026/44/451 4033/44/460 4025/44/453
f 4027/44/449 4034/44/472 4026/44/451
f 4028/44/447 4035/44/471 4027/44/449
f 4029/44/444 4036/44/469 4028/44/447
f 3933/44/52 4037/44/467 4029/44/444
f 4023/44/457 4030/44/605 4022/44/604
f 4036/44/469 4043/44/479 4035/44/471
f 4037/44/467 4044/44/477 4036/44/469
f 3933/44/52 4045/44/473 4037/44/467
f 4031/44/464 4038/44/606 4030/44/605
f 4032/44/462 4039/44/487 4031/44/464
f 4033/44/460 4040/44/485 4032/44/462
f 4034/44/472 4041/44/483 4033/44/460
f 4035/44/471 4042/44/481 4034/44/472
f 4040/44/485 4047/44/493 4039/44/487
f 4041/44/483 4048/44/491 4040/44/485
f 4042/44/481 4049/44/488 4041/44/483
f 4043/44/479 4050/44/502 4042/44/481
f 4044/44/477 4051/44/500 4043/44/479
f 4045/44/473 4052/44/498 4044/44/477
f 3933/44/52 4053/44/496 4045/44/473
f 4039/44/487 4046/44/607 4038/44/606
f 4052/44/498 4059/44/32 4051/44/500
f 4053/44/496 4060/44/27 4052/44/498
f 3933/44/52 4061/44/51 4053/44/496
f 4047/44/493 4054/44/608 4046/44/607
f 4048/44/491 4055/44/48 4047/44/493
f 4049/44/488 4056/44/44 4048/44/491
f 4050/44/502 4057/44/40 4049/44/488
f 4051/44/500 4058/44/36 4050/44/502
f 4065/44/41 4056/44/44 4057/44/40
f 4066/44/37 4057/44/40 4058/44/36
f 4067/44/33 4058/44/36 4059/44/32
f 4068/44/29 4059/44/32 4060/44/27
f 4069/44/28 4060/44/27 4061/44/51
f 3933/44/52 4069/44/28 4061/44/51
f 4063/44/49 4054/44/608 4055/44/48
f 4064/44/45 4055/44/48 4056/44/44
f 4077/44/56 4068/44/29 4069/44/28
f 3933/44/52 4077/44/56 4069/44/28
f 4071/44/54 4062/44/609 4063/44/49
f 4072/44/66 4063/44/49 4064/44/45
f 4073/44/64 4064/44/45 4065/44/41
f 4074/44/62 4065/44/41 4066/44/37
f 4075/44/60 4066/44/37 4067/44/33
f 4076/44/58 4067/44/33 4068/44/29
f 4082/44/69 4073/44/64 4074/44/62
f 4083/44/68 4074/44/62 4075/44/60
f 4084/44/80 4075/44/60 4076/44/58
f 4085/44/78 4076/44/58 4077/44/56
f 3933/44/52 4085/44/78 4077/44/56
f 4079/44/75 4070/44/610 4071/44/54
f 4080/44/73 4071/44/54 4072/44/66
f 4081/44/71 4072/44/66 4073/44/64
f 3933/44/52 4093/44/85 4085/44/78
f 4087/44/83 4078/44/611 4079/44/75
f 4088/44/96 4079/44/75 4080/44/73
f 4089/44/522 4080/44/73 4081/44/71
f 4090/44/92 4081/44/71 4082/44/69
f 4091/44/90 4082/44/69 4083/44/68
f 4092/44/88 4083/44/68 4084/44/80
f 4093/44/85 4084/44/80 4085/44/78
f 4098/44/99 4089/44/522 4090/44/92
f 4099/44/111 4090/44/92 4091/44/90
f 4100/44/109 4091/44/90 4092/44/88
f 4101/44/107 4092/44/88 4093/44/85
f 3933/44/52 4101/44/107 4093/44/85
f 4095/44/104 4086/44/612 4087/44/83
f 4096/44/102 4087/44/83 4088/44/96
f 4097/44/100 4088/44/96 4089/44/522
f 3933/44/52 4109/44/115 4101/44/107
f 4103/44/126 4094/44/613 4095/44/104
f 4104/44/124 4095/44/104 4096/44/102
f 4105/44/122 4096/44/102 4097/44/100
f 4106/44/549 4097/44/100 4098/44/99
f 4107/44/118 4098/44/99 4099/44/111
f 4108/44/116 4099/44/111 4100/44/109
f 4109/44/115 4100/44/109 4101/44/107
f 4115/44/139 4106/44/549 4107/44/118
f 4116/44/137 4107/44/118 4108/44/116
f 4117/44/135 4108/44/116 4109/44/115
f 3933/44/52 4117/44/135 4109/44/115
f 4111/44/614 4102/44/615 4103/44/126
f 4112/44/130 4103/44/126 4104/44/124
f 4113/44/129 4104/44/124 4105/44/122
f 4114/44/141 4105/44/122 4106/44/549
f 4120/44/152 4111/44/614 4112/44/130
f 4121/44/150 4112/44/130 4113/44/129
f 4122/44/148 4113/44/129 4114/44/141
f 4123/44/146 4114/44/141 4115/44/139
f 4124/44/144 4115/44/139 4116/44/137
f 4125/44/510 4116/44/137 4117/44/135
f 3933/44/52 4125/44/510 4117/44/135
f 4123/44/146 4130/44/170 4122/44/148
f 4124/44/144 4131/44/168 4123/44/146
f 4125/44/510 4132/44/166 4124/44/144
f 3933/44/52 4133/44/164 4125/44/510
f 4120/44/152 4127/44/616 4119/44/617
f 4121/44/150 4128/44/158 4120/44/152
f 4122/44/148 4129/44/172 4121/44/150
f 4128/44/158 4135/44/183 4127/44/616
f 4129/44/172 4136/44/181 4128/44/158
f 4130/44/170 4137/44/179 4129/44/172
f 4131/44/168 4138/44/177 4130/44/170
f 4132/44/166 4139/44/175 4131/44/168
f 4133/44/164 4140/44/187 4132/44/166
f 3933/44/52 4141/44/186 4133/44/164
f 4127/44/616 4134/44/618 4126/44/619
f 4140/44/187 4147/44/197 4139/44/175
f 4141/44/186 4148/44/195 4140/44/187
f 3933/44/52 4149/44/193 4141/44/186
f 4135/44/183 4142/44/620 4134/44/618
f 4136/44/181 4143/44/190 4135/44/183
f 4137/44/179 4144/44/202 4136/44/181
f 4138/44/177 4145/44/201 4137/44/179
f 4139/44/175 4146/44/199 4138/44/177
f 4145/44/201 4152/44/210 4144/44/202
f 4146/44/199 4153/44/208 4145/44/201
f 4147/44/197 4154/44/206 4146/44/199
f 4148/44/195 4155/44/203 4147/44/197
f 4149/44/193 4156/44/217 4148/44/195
f 3933/44/52 4157/44/215 4149/44/193
f 4143/44/190 4150/44/621 4142/44/620
f 4144/44/202 4151/44/212 4143/44/190
f 4157/44/215 4164/44/224 4156/44/217
f 3933/44/52 4165/44/222 4157/44/215
f 4151/44/212 4158/44/622 4150/44/621
f 4152/44/210 4159/44/218 4151/44/212
f 4153/44/208 4160/44/232 4152/44/210
f 4154/44/206 4161/44/230 4153/44/208
f 4155/44/203 4162/44/228 4154/44/206
f 4156/44/217 4163/44/226 4155/44/203
f 4161/44/230 4168/44/239 4160/44/232
f 4162/44/228 4169/44/237 4161/44/230
f 4163/44/226 4170/44/235 4162/44/228
f 4164/44/224 4171/44/247 4163/44/226
f 4165/44/222 4172/44/246 4164/44/224
f 3933/44/52 4173/44/244 4165/44/222
f 4159/44/218 4166/44/623 4158/44/622
f 4160/44/232 4167/44/241 4159/44/218
f 4173/44/244 4180/44/253 4172/44/246
f 3933/44/52 4181/44/251 4173/44/244
f 4167/44/241 4174/44/624 4166/44/623
f 4168/44/239 4175/44/262 4167/44/241
f 4169/44/237 4176/44/261 4168/44/239
f 4170/44/235 4177/44/259 4169/44/237
f 4171/44/247 4178/44/257 4170/44/235
f 4172/44/246 4179/44/255 4171/44/247
f 4178/44/257 4185/44/265 4177/44/259
f 4179/44/255 4186/44/277 4178/44/257
f 4180/44/253 4187/44/276 4179/44/255
f 4181/44/251 4188/44/274 4180/44/253
f 3933/44/52 4189/44/272 4181/44/251
f 4175/44/262 4182/44/591 4174/44/624
f 4176/44/261 4183/44/269 4175/44/262
f 4177/44/259 4184/44/267 4176/44/261
f 4439/44/31 4193/44/34 4440/44/35
f 4440/44/35 4194/44/38 4441/44/39
f 4441/44/39 4195/44/42 4442/44/43
f 4442/44/43 4196/44/46 4443/44/47
f 4443/44/47 4197/44/23 4444/44/22
f 4445/44/21 4444/44/22 4197/44/23
f 4437/44/625 4191/44/25 4438/44/26
f 4438/44/26 4192/44/30 4439/44/31
f 4191/44/25 4200/44/59 4192/44/30
f 4192/44/30 4201/44/61 4193/44/34
f 4193/44/34 4202/44/63 4194/44/38
f 4194/44/38 4203/44/65 4195/44/42
f 4195/44/42 4204/44/67 4196/44/46
f 4196/44/46 4205/44/53 4197/44/23
f 4445/44/21 4197/44/23 4205/44/53
f 4190/44/626 4199/44/57 4191/44/25
f 4203/44/65 4212/44/74 4204/44/67
f 4204/44/67 4213/44/504 4205/44/53
f 4445/44/21 4205/44/53 4213/44/504
f 4198/44/627 4207/44/79 4199/44/57
f 4199/44/57 4208/44/81 4200/44/59
f 4200/44/59 4209/44/82 4201/44/61
f 4201/44/61 4210/44/70 4202/44/63
f 4202/44/63 4211/44/72 4203/44/65
f 4208/44/81 4217/44/91 4209/44/82
f 4209/44/82 4218/44/93 4210/44/70
f 4210/44/70 4219/44/95 4211/44/72
f 4211/44/72 4220/44/97 4212/44/74
f 4212/44/74 4221/44/86 4213/44/504
f 4445/44/21 4213/44/504 4221/44/86
f 4206/44/628 4215/44/87 4207/44/79
f 4207/44/79 4216/44/89 4208/44/81
f 4220/44/97 4229/44/105 4221/44/86
f 4445/44/21 4221/44/86 4229/44/105
f 4214/44/629 4223/44/108 4215/44/87
f 4215/44/87 4224/44/110 4216/44/89
f 4216/44/89 4225/44/112 4217/44/91
f 4217/44/91 4226/44/98 4218/44/93
f 4218/44/93 4227/44/101 4219/44/95
f 4219/44/95 4228/44/103 4220/44/97
f 4224/44/110 4233/44/119 4225/44/112
f 4225/44/112 4234/44/121 4226/44/98
f 4226/44/98 4235/44/123 4227/44/101
f 4227/44/101 4236/44/125 4228/44/103
f 4228/44/103 4237/44/113 4229/44/105
f 4445/44/21 4229/44/105 4237/44/113
f 4222/44/630 4231/44/114 4223/44/108
f 4223/44/108 4232/44/117 4224/44/110
f 4236/44/125 4245/44/133 4237/44/113
f 4445/44/21 4237/44/113 4245/44/133
f 4230/44/631 4239/44/632 4231/44/114
f 4231/44/114 4240/44/138 4232/44/117
f 4232/44/117 4241/44/140 4233/44/119
f 4233/44/119 4242/44/142 4234/44/121
f 4234/44/121 4243/44/128 4235/44/123
f 4235/44/123 4244/44/131 4236/44/125
f 4241/44/140 4250/44/149 4242/44/142
f 4242/44/142 4251/44/151 4243/44/128
f 4243/44/128 4252/44/153 4244/44/131
f 4244/44/131 4253/44/155 4245/44/133
f 4445/44/21 4245/44/133 4253/44/155
f 4239/44/632 4248/44/145 4240/44/138
f 4240/44/138 4249/44/147 4241/44/140
f 4445/44/21 4253/44/155 4261/44/162
f 4248/44/145 4255/44/633 4256/44/167
f 4249/44/147 4256/44/167 4257/44/169
f 4250/44/149 4257/44/169 4258/44/171
f 4251/44/151 4258/44/171 4259/44/159
f 4252/44/153 4259/44/159 4260/44/160
f 4253/44/155 4260/44/160 4261/44/162
f 4259/44/159 4266/44/178 4267/44/180
f 4260/44/160 4267/44/180 4268/44/182
f 4261/44/162 4268/44/182 4269/44/184
f 4445/44/21 4261/44/162 4269/44/184
f 4255/44/633 4262/44/634 4263/44/173
f 4256/44/167 4263/44/173 4264/44/174
f 4257/44/169 4264/44/174 4265/44/176
f 4258/44/171 4265/44/176 4266/44/178
f 4263/44/173 4270/44/635 4271/44/194
f 4264/44/174 4271/44/194 4272/44/196
f 4265/44/176 4272/44/196 4273/44/198
f 4266/44/178 4273/44/198 4274/44/200
f 4267/44/180 4274/44/200 4275/44/188
f 4268/44/182 4275/44/188 4276/44/189
f 4269/44/184 4276/44/189 4277/44/191
f 4445/44/21 4269/44/184 4277/44/191
f 4275/44/188 4282/44/207 4283/44/209
f 4276/44/189 4283/44/209 4284/44/211
f 4277/44/191 4284/44/211 4285/44/213
f 4445/44/21 4277/44/191 4285/44/213
f 4271/44/194 4278/44/636 4279/44/216
f 4272/44/196 4279/44/216 4280/44/204
f 4273/44/198 4280/44/204 4281/44/205
f 4274/44/200 4281/44/205 4282/44/207
f 4280/44/204 4287/44/223 4288/44/225
f 4281/44/205 4288/44/225 4289/44/227
f 4282/44/207 4289/44/227 4290/44/229
f 4283/44/209 4290/44/229 4291/44/231
f 4284/44/211 4291/44/231 4292/44/219
f 4285/44/213 4292/44/219 4293/44/220
f 4445/44/21 4285/44/213 4293/44/220
f 4279/44/216 4286/44/637 4287/44/223
f 4292/44/219 4299/44/238 4300/44/240
f 4293/44/220 4300/44/240 4301/44/242
f 4445/44/21 4293/44/220 4301/44/242
f 4287/44/223 4294/44/638 4295/44/245
f 4288/44/225 4295/44/245 4296/44/233
f 4289/44/227 4296/44/233 4297/44/234
f 4290/44/229 4297/44/234 4298/44/236
f 4291/44/231 4298/44/236 4299/44/238
f 4296/44/233 4303/44/252 4304/44/254
f 4297/44/234 4304/44/254 4305/44/256
f 4298/44/236 4305/44/256 4306/44/258
f 4299/44/238 4306/44/258 4307/44/260
f 4300/44/240 4307/44/260 4308/44/248
f 4301/44/242 4308/44/248 4309/44/249
f 4445/44/21 4301/44/242 4309/44/249
f 4295/44/245 4302/44/639 4303/44/252
f 4308/44/248 4315/44/266 4316/44/268
f 4309/44/249 4316/44/268 4317/44/270
f 4445/44/21 4309/44/249 4317/44/270
f 4303/44/252 4310/44/640 4311/44/273
f 4304/44/254 4311/44/273 4312/44/275
f 4305/44/256 4312/44/275 4313/44/263
f 4306/44/258 4313/44/263 4314/44/264
f 4307/44/260 4314/44/264 4315/44/266
f 4312/44/275 4321/44/284 4313/44/263
f 4313/44/263 4322/44/286 4314/44/264
f 4314/44/264 4323/44/288 4315/44/266
f 4315/44/266 4324/44/290 4316/44/268
f 4316/44/268 4325/44/279 4317/44/270
f 4445/44/21 4317/44/270 4325/44/279
f 4310/44/640 4319/44/280 4311/44/273
f 4311/44/273 4320/44/282 4312/44/275
f 4324/44/290 4333/44/299 4325/44/279
f 4445/44/21 4325/44/279 4333/44/299
f 4318/44/641 4327/44/302 4319/44/280
f 4319/44/280 4328/44/304 4320/44/282
f 4320/44/282 4329/44/306 4321/44/284
f 4321/44/284 4330/44/307 4322/44/286
f 4322/44/286 4331/44/295 4323/44/288
f 4323/44/288 4332/44/297 4324/44/290
f 4329/44/306 4338/44/315 4330/44/307
f 4330/44/307 4339/44/317 4331/44/295
f 4331/44/295 4340/44/319 4332/44/297
f 4332/44/297 4341/44/321 4333/44/299
f 4445/44/21 4333/44/299 4341/44/321
f 4326/44/642 4335/44/308 4327/44/302
f 4327/44/302 4336/44/311 4328/44/304
f 4328/44/304 4337/44/313 4329/44/306
f 4445/44/21 4341/44/321 4349/44/328
f 4334/44/643 4343/44/331 4335/44/308
f 4335/44/308 4344/44/333 4336/44/311
f 4336/44/311 4345/44/335 4337/44/313
f 4337/44/313 4346/44/337 4338/44/315
f 4338/44/315 4347/44/323 4339/44/317
f 4339/44/317 4348/44/326 4340/44/319
f 4340/44/319 4349/44/328 4341/44/321
f 4345/44/335 4354/44/344 4346/44/337
f 4346/44/337 4355/44/346 4347/44/323
f 4347/44/323 4356/44/348 4348/44/326
f 4348/44/326 4357/44/350 4349/44/328
f 4445/44/21 4349/44/328 4357/44/350
f 4342/44/644 4351/44/352 4343/44/331
f 4343/44/331 4352/44/340 4344/44/333
f 4344/44/333 4353/44/342 4345/44/335
f 4445/44/21 4357/44/350 4365/44/357
f 4350/44/645 4359/44/360 4351/44/352
f 4351/44/352 4360/44/362 4352/44/340
f 4352/44/340 4361/44/364 4353/44/342
f 4353/44/342 4362/44/366 4354/44/344
f 4354/44/344 4363/44/367 4355/44/346
f 4355/44/346 4364/44/355 4356/44/348
f 4356/44/348 4365/44/357 4357/44/350
f 4362/44/366 4371/44/375 4363/44/367
f 4363/44/367 4372/44/377 4364/44/355
f 4364/44/355 4373/44/379 4365/44/357
f 4445/44/21 4365/44/357 4373/44/379
f 4358/44/646 4367/44/647 4359/44/360
f 4359/44/360 4368/44/368 4360/44/362
f 4360/44/362 4369/44/371 4361/44/364
f 4361/44/364 4370/44/373 4362/44/366
f 4367/44/647 4375/44/391 4368/44/368
f 4368/44/368 4376/44/393 4369/44/371
f 4369/44/371 4377/44/395 4370/44/373
f 4370/44/373 4378/44/397 4371/44/375
f 4371/44/375 4379/44/383 4372/44/377
f 4372/44/377 4380/44/386 4373/44/379
f 4445/44/21 4373/44/379 4380/44/386
f 4378/44/397 4385/44/401 4386/44/403
f 4379/44/383 4386/44/403 4387/44/405
f 4380/44/386 4387/44/405 4388/44/407
f 4445/44/21 4380/44/386 4388/44/407
f 4375/44/391 4382/44/648 4383/44/398
f 4376/44/393 4383/44/398 4384/44/399
f 4377/44/395 4384/44/399 4385/44/401
f 4383/44/398 4390/44/417 4391/44/419
f 4384/44/399 4391/44/419 4392/44/421
f 4385/44/401 4392/44/421 4393/44/423
f 4386/44/403 4393/44/423 4394/44/425
f 4387/44/405 4394/44/425 4395/44/413
f 4388/44/407 4395/44/413 4396/44/414
f 4445/44/21 4388/44/407 4396/44/414
f 4382/44/648 4389/44/649 4390/44/417
f 4395/44/413 4402/44/432 4403/44/434
f 4396/44/414 4403/44/434 4404/44/436
f 4445/44/21 4396/44/414 4404/44/436
f 4390/44/417 4397/44/650 4398/44/439
f 4391/44/419 4398/44/439 4399/44/441
f 4392/44/421 4399/44/441 4400/44/429
f 4393/44/423 4400/44/429 4401/44/430
f 4394/44/425 4401/44/430 4402/44/432
f 4400/44/429 4407/44/540 4408/44/450
f 4401/44/430 4408/44/450 4409/44/452
f 4402/44/432 4409/44/452 4410/44/454
f 4403/44/434 4410/44/454 4411/44/456
f 4404/44/436 4411/44/456 4412/44/445
f 4445/44/21 4404/44/436 4412/44/445
f 4398/44/439 4405/44/651 4406/44/446
f 4399/44/441 4406/44/446 4407/44/540
f 4412/44/445 4419/44/463 4420/44/518
f 4445/44/21 4412/44/445 4420/44/518
f 4406/44/446 4413/44/652 4414/44/468
f 4407/44/540 4414/44/468 4415/44/470
f 4408/44/450 4415/44/470 4416/44/458
f 4409/44/452 4416/44/458 4417/44/459
f 4410/44/454 4417/44/459 4418/44/461
f 4411/44/456 4418/44/461 4419/44/463
f 4416/44/458 4423/44/478 4424/44/480
f 4417/44/459 4424/44/480 4425/44/482
f 4418/44/461 4425/44/482 4426/44/484
f 4419/44/463 4426/44/484 4427/44/486
f 4420/44/518 4427/44/486 4428/44/474
f 4445/44/21 4420/44/518 4428/44/474
f 4414/44/468 4421/44/653 4422/44/476
f 4415/44/470 4422/44/476 4423/44/478
f 4428/44/474 4435/44/492 4436/44/494
f 4445/44/21 4428/44/474 4436/44/494
f 4422/44/476 4429/44/654 4430/44/497
f 4423/44/478 4430/44/497 4431/44/499
f 4424/44/480 4431/44/499 4432/44/501
f 4425/44/482 4432/44/501 4433/44/489
f 4426/44/484 4433/44/489 4434/44/490
f 4427/44/486 4434/44/490 4435/44/492
f 4433/44/489 4440/44/35 4441/44/39
f 4434/44/490 4441/44/39 4442/44/43
f 4435/44/492 4442/44/43 4443/44/47
f 4436/44/494 4443/44/47 4444/44/22
f 4445/44/21 4436/44/494 4444/44/22
f 4430/44/497 4437/44/625 4438/44/26
f 4431/44/499 4438/44/26 4439/44/31
f 4432/44/501 4439/44/31 4440/44/35
f 3950/44/594 4449/44/655 4448/44/656
f 4174/44/624 4477/44/657 4476/44/658
f 4318/44/641 4493/44/659 4494/44/660
f 4222/44/630 4481/44/661 4482/44/662
f 4190/44/626 4508/44/663 4479/44/664
f 4078/44/611 4465/44/665 4464/44/666
f 4262/44/634 4486/44/667 4487/44/668
f 3934/44/592 4446/44/669 4447/44/670
f 4158/44/622 4475/44/671 4474/44/672
f 4302/44/639 4491/44/673 4492/44/674
f 4062/44/609 4463/44/675 4462/44/676
f 4206/44/628 4478/44/677 4480/44/678
f 4429/44/654 4506/44/679 4507/44/680
f 4006/44/601 4456/44/681 4455/44/682
f 4102/44/615 4468/44/683 4467/44/684
f 4046/44/607 4461/44/685 4460/44/686
f 4142/44/620 4473/44/687 4472/44/688
f 4286/44/637 4489/44/689 4490/44/690
f 4247/44/691 4524/44/692 4526/44/693
f 4413/44/652 4504/44/694 4505/44/695
f 4086/44/612 4466/44/696 4465/44/665
f 4358/44/646 4498/44/697 4499/44/698
f 4230/44/631 4482/44/662 4483/44/699
f 4126/44/619 4471/44/700 4470/44/701
f 4030/44/605 4459/44/702 4458/44/703
f 4397/44/650 4502/44/704 4503/44/705
f 3974/44/598 4452/44/706 4451/44/707
f 4070/44/610 4464/44/666 4463/44/675
f 4214/44/629 4480/44/678 4481/44/661
f 4462/44/676 4495/44/708 4494/44/660
f 4460/44/686 4491/44/673 4459/44/702
f 4456/44/681 4487/44/668 4455/44/682
f 4464/44/666 4497/44/709 4496/44/710
f 4472/44/688 4502/44/704 4471/44/700
f 4461/44/685 4494/44/660 4493/44/659
f 4455/44/682 4486/44/667 4454/44/711
f 4446/44/669 4480/44/678 4478/44/677
f 4474/44/672 4504/44/694 4473/44/687
f 4471/44/700 4501/44/712 4470/44/701
f 4463/44/675 4496/44/710 4495/44/708
f 4457/44/713 4488/44/714 4456/44/681
f 4449/44/655 4482/44/662 4481/44/661
f 4447/44/670 4478/44/677 4479/44/664
f 4466/44/696 4499/44/698 4498/44/697
f 4473/44/687 4503/44/705 4472/44/688
f 4476/44/658 4506/44/679 4475/44/671
f 4465/44/665 4498/44/697 4497/44/709
f 4459/44/702 4490/44/690 4458/44/703
f 4448/44/656 4481/44/661 4480/44/678
f 4451/44/707 4484/44/715 4483/44/699
f 4477/44/657 4479/44/664 4508/44/663
f 4475/44/671 4505/44/695 4474/44/672
f 4467/44/684 4500/44/716 4499/44/698
f 4458/44/703 4489/44/689 4457/44/713
f 4461/44/685 4492/44/674 4460/44/686
f 4450/44/717 4483/44/699 4482/44/662
f 4477/44/657 4507/44/680 4476/44/658
f 4278/44/636 4488/44/714 4489/44/689
f 4134/44/618 4472/44/688 4471/44/700
f 4334/44/643 4495/44/708 4496/44/710
f 4238/44/718 4483/44/699 4484/44/715
f 3966/44/596 4451/44/707 4450/44/717
f 4294/44/638 4490/44/690 4491/44/673
f 4094/44/613 4467/44/684 4466/44/696
f 4150/44/621 4474/44/672 4473/44/687
f 4389/44/649 4501/44/712 4502/44/704
f 4022/44/604 4458/44/703 4457/44/713
f 4350/44/645 4497/44/709 4498/44/697
f 4405/44/651 4503/44/705 4504/44/694
f 4310/44/640 4492/44/674 4493/44/659
f 4166/44/623 4476/44/658 4475/44/671
f 3942/44/593 4448/44/656 4446/44/669
f 4038/44/606 4460/44/686 4459/44/702
f 4366/44/719 4499/44/698 4500/44/716
f 4270/44/635 4487/44/668 4488/44/714
f 3998/44/602 4455/44/682 4454/44/711
f 4326/44/642 4494/44/660 4495/44/708
f 4182/44/591 4447/44/670 4477/44/657
f 3958/44/595 4450/44/717 4449/44/655
f 4421/44/653 4505/44/695 4506/44/679
f 4198/44/627 4479/44/664 4478/44/677
f 4054/44/608 4462/44/676 4461/44/685
f 4342/44/644 4496/44/710 4497/44/709
f 4014/44/603 4457/44/713 4456/44/681
f 4437/44/625 4507/44/680 4508/44/663
f 3982/44/720 4521/44/721 4520/44/21
f 3991/44/600 4523/44/722 4522/44/723
f 4486/44/667 4527/44/21 4531/44/724
f 4470/44/701 4517/44/725 4518/44/726
f 4500/44/716 4519/44/727 4516/44/21
f 4119/44/617 4511/44/728 4509/44/729
f 4382/44/648 4514/44/730 4515/44/731
f 4515/44/731 4518/44/726 4517/44/725
f 4511/44/728 4514/44/730 4509/44/729
f 4510/44/732 4514/44/730 4513/44/733
f 4513/44/733 4512/44/734 4519/44/727
s 0
f 4127/44/21 4518/44/21 4511/44/21
s 64
f 4367/44/647 4512/44/734 4513/44/733
f 4366/44/719 4516/44/21 4512/44/734
s 0
f 4468/44/21 4510/44/21 4519/44/21
s 64
f 4374/44/735 4513/44/733 4514/44/730
s 0
f 4501/44/21 4515/44/21 4517/44/21
s 64
f 4111/44/614 4509/44/729 4510/44/732
f 4524/44/692 4525/44/736 4530/44/737
f 4521/44/721 4526/44/693 4524/44/692
f 4523/44/722 4526/44/693 4522/44/723
f 4528/44/738 4532/44/739 4531/44/724
f 4238/44/718 4529/44/21 4525/44/736
s 0
f 3999/44/21 4532/44/21 4523/44/21
s 64
f 4484/44/715 4530/44/737 4529/44/21
f 4254/44/740 4528/44/738 4527/44/21
f 4452/44/706 4520/44/21 4530/44/737
f 4454/44/711 4531/44/724 4532/44/739
f 4255/44/633 4526/44/693 4528/44/738
f 4239/44/632 4525/44/736 4524/44/692
f 3983/44/597 4522/44/723 4521/44/721
s 0
g Catapulta_brazo_piedra
f 4533/45/387 4536/46/387 4535/47/387
f 4536/48/24 4539/49/24 4535/50/24
f 4540/45/156 4537/51/156 4539/52/156
f 4538/53/271 4533/54/271 4537/55/271
f 4539/56/21 4533/57/21 4535/58/21
f 4536/59/52 4538/60/52 4540/61/52
f 4541/45/387 4544/46/387 4543/47/387
f 4544/48/24 4547/49/24 4543/50/24
f 4548/45/156 4545/51/156 4547/52/156
f 4546/53/271 4541/54/271 4545/55/271
f 4547/56/21 4541/57/21 4543/58/21
f 4544/59/52 4546/60/52 4548/61/52
s 81
g Catapulta_brazo_madera
f 4549/62/741 4551/63/742 4552/64/743
f 4553/65/744 4555/66/745 4554/67/746
f 4553/68/744 4550/69/747 4549/70/741
f 4551/71/742 4560/72/748 4555/73/745
f 4551/74/742 4556/75/749 4552/76/743
f 4549/77/741 4556/78/749 4553/79/744
f 4559/80/750 4558/81/751 4557/82/752
f 4554/83/746 4557/82/752 4550/84/747
f 4551/71/742 4557/82/752 4558/81/751
f 4555/73/745 4559/80/750 4554/83/746
s 0
g Catapulta_brazo_metal2
f 4562/44/387 4620/44/387 4616/44/387
f 4564/44/24 4567/44/24 4563/44/24
f 4595/44/156 4607/44/156 4565/44/156
f 4566/44/271 4561/44/271 4565/44/271
f 4567/44/21 4561/44/21 4563/44/21
f 4564/44/52 4566/44/52 4568/44/52
s 88
f 4607/85/753 4596/86/52 4608/87/753
s 0
f 4608/44/387 4596/44/387 4563/44/387
s 88
f 4611/88/754 4570/89/755 4612/90/754
f 4569/91/755 4614/92/756 4570/89/755
f 4620/93/757 4615/94/21 4616/95/21
f 4591/96/758 4598/97/759 4592/98/758
f 4595/99/52 4592/98/758 4596/86/52
f 4625/100/760 4622/101/761 4626/102/760
f 4571/103/271 4574/104/762 4572/105/271
f 4585/106/763 4588/107/24 4586/108/763
f 4605/109/764 4628/110/765 4606/111/764
f 4587/112/24 4600/113/766 4588/107/24
f 4574/104/762 4575/114/275 4576/115/275
f 4621/116/761 4594/117/767 4622/101/761
f 4617/118/768 4590/119/31 4618/120/768
f 4593/121/767 4630/122/267 4594/117/767
f 4609/123/769 4612/124/754 4610/125/769
f 4604/126/770 4601/127/771 4602/128/771
f 4627/129/765 4620/93/757 4628/110/765
f 4623/130/44 4610/125/769 4624/131/44
f 4583/132/772 4618/120/768 4584/133/772
f 4577/134/773 4580/135/774 4578/136/773
f 4631/137/775 4572/105/271 4632/138/775
f 4597/139/759 4626/140/760 4598/97/759
f 4615/94/21 4582/141/776 4616/95/21
f 4613/142/756 4608/87/753 4614/92/756
f 4589/143/31 4586/108/763 4590/119/31
f 4576/115/275 4603/144/770 4604/126/770
f 4629/145/267 4632/138/775 4630/122/267
f 4599/146/766 4624/131/44 4600/113/766
f 4581/147/776 4578/136/773 4582/141/776
f 4601/148/771 4606/111/764 4602/149/771
f 4579/150/774 4584/151/772 4580/135/774
s 0
f 4581/44/156 4615/44/156 4568/44/156
s 1
g Catapulta_brazo_madera
f 1/1/1 2/152/7 10/2/2
f 11/4/4 12/153/9 4/5/5
f 11/7/4 3/154/6 1/8/1
f 2/10/7 6/17/13 8/11/8
g Catapulta_brazo_metal
f 12/13/9 11/24/4 20/14/10
g Catapulta_brazo_madera
f 7/16/12 8/11/8 6/17/13
f 3/19/6 7/16/12 5/18/14
f 2/10/7 1/20/1 5/18/14
f 4/12/5 8/11/8 7/16/12
f 2/21/7 4/155/5 12/22/9
g Catapulta_brazo_metal
f 11/24/4 9/27/3 19/25/15
f 10/26/2 16/28/16 19/25/15
f 12/13/9 18/15/11 16/28/16
f 18/29/11 17/156/19 14/30/17
f 13/32/18 14/157/17 17/33/19
f 13/35/18 15/158/20 20/36/10
f 15/38/20 17/159/19 18/39/11
f 13/41/18 19/160/15 16/42/16
s 2
f 495/44/24 29/44/50 30/44/25
f 489/44/27 488/44/51 22/44/28
f 496/44/26 30/44/25 31/44/30
f 490/44/32 489/44/27 23/44/29
f 497/44/31 31/44/30 32/44/34
f 491/44/36 490/44/32 24/44/33
f 498/44/35 32/44/34 33/44/38
f 492/44/40 491/44/36 25/44/37
f 499/44/39 33/44/38 34/44/42
f 493/44/44 492/44/40 26/44/41
f 500/44/43 34/44/42 35/44/46
f 494/44/48 493/44/44 27/44/45
f 501/44/47 35/44/46 36/44/23
f 495/44/24 494/44/48 28/44/49
f 35/44/46 50/44/67 51/44/53
f 29/44/50 28/44/49 43/44/54
f 29/44/50 44/44/55 45/44/57
f 23/44/29 22/44/28 37/44/56
f 30/44/25 45/44/57 46/44/59
f 24/44/33 23/44/29 38/44/58
f 31/44/30 46/44/59 47/44/61
f 25/44/37 24/44/33 39/44/60
f 32/44/34 47/44/61 48/44/63
f 26/44/41 25/44/37 40/44/62
f 33/44/38 48/44/63 49/44/65
f 27/44/45 26/44/41 41/44/64
f 34/44/42 49/44/65 50/44/67
f 28/44/49 27/44/45 42/44/66
f 40/44/62 39/44/60 54/44/68
f 47/44/61 62/44/82 63/44/70
f 41/44/64 40/44/62 55/44/69
f 48/44/63 63/44/70 64/44/72
f 42/44/66 41/44/64 56/44/71
f 49/44/65 64/44/72 65/44/74
f 43/44/54 42/44/66 57/44/73
f 50/44/67 65/44/74 66/44/76
f 44/44/55 43/44/54 58/44/75
f 44/44/55 59/44/77 60/44/79
f 38/44/58 37/44/56 52/44/78
f 45/44/57 60/44/79 61/44/81
f 39/44/60 38/44/58 53/44/80
f 46/44/59 61/44/81 62/44/82
f 59/44/77 58/44/75 73/44/83
f 59/44/77 74/44/84 75/44/87
f 53/44/80 52/44/78 67/44/85
f 60/44/79 75/44/87 76/44/89
f 54/44/68 53/44/80 68/44/88
f 61/44/81 76/44/89 77/44/91
f 55/44/69 54/44/68 69/44/90
f 62/44/82 77/44/91 78/44/93
f 56/44/71 55/44/69 70/44/92
f 63/44/70 78/44/93 79/44/95
f 57/44/73 56/44/71 71/44/94
f 64/44/72 79/44/95 80/44/97
f 58/44/75 57/44/73 72/44/96
f 65/44/74 80/44/97 81/44/86
f 77/44/91 92/44/112 93/44/98
f 71/44/94 70/44/92 85/44/99
f 78/44/93 93/44/98 94/44/101
f 72/44/96 71/44/94 86/44/100
f 79/44/95 94/44/101 95/44/103
f 73/44/83 72/44/96 87/44/102
f 80/44/97 95/44/103 96/44/105
f 74/44/84 73/44/83 88/44/104
f 74/44/84 89/44/106 90/44/108
f 68/44/88 67/44/85 82/44/107
f 75/44/87 90/44/108 91/44/110
f 69/44/90 68/44/88 83/44/109
f 76/44/89 91/44/110 92/44/112
f 70/44/92 69/44/90 84/44/111
f 89/44/106 104/44/127 105/44/114
f 83/44/109 82/44/107 97/44/115
f 90/44/108 105/44/114 106/44/117
f 84/44/111 83/44/109 98/44/116
f 91/44/110 106/44/117 107/44/119
f 85/44/99 84/44/111 99/44/118
f 92/44/112 107/44/119 108/44/121
f 86/44/100 85/44/99 100/44/120
f 93/44/98 108/44/121 109/44/123
f 87/44/102 86/44/100 101/44/122
f 94/44/101 109/44/123 110/44/125
f 88/44/104 87/44/102 102/44/124
f 95/44/103 110/44/125 111/44/113
f 89/44/106 88/44/104 103/44/126
f 108/44/121 123/44/142 124/44/128
f 102/44/124 101/44/122 116/44/129
f 109/44/123 124/44/128 125/44/131
f 103/44/126 102/44/124 117/44/130
f 110/44/125 125/44/131 126/44/133
f 104/44/127 103/44/126 118/44/132
f 104/44/127 119/44/134 120/44/136
f 98/44/116 97/44/115 112/44/135
f 105/44/114 120/44/136 121/44/138
f 99/44/118 98/44/116 113/44/137
f 106/44/117 121/44/138 122/44/140
f 100/44/120 99/44/118 114/44/139
f 107/44/119 122/44/140 123/44/142
f 101/44/122 100/44/120 115/44/141
f 113/44/137 112/44/135 127/44/143
f 120/44/136 135/44/157 136/44/145
f 114/44/139 113/44/137 128/44/144
f 121/44/138 136/44/145 137/44/147
f 115/44/141 114/44/139 129/44/146
f 122/44/140 137/44/147 138/44/149
f 116/44/129 115/44/141 130/44/148
f 123/44/142 138/44/149 139/44/151
f 117/44/130 116/44/129 131/44/150
f 124/44/128 139/44/151 140/44/153
f 118/44/132 117/44/130 132/44/152
f 125/44/131 140/44/153 141/44/155
f 119/44/134 118/44/132 133/44/154
f 119/44/134 134/44/156 135/44/157
f 131/44/150 146/44/172 147/44/158
f 140/44/153 139/44/151 154/44/159
f 132/44/152 147/44/158 148/44/161
f 141/44/155 140/44/153 155/44/160
f 133/44/154 148/44/161 149/44/163
f 135/44/157 134/44/156 149/44/163
f 127/44/143 142/44/164 143/44/166
f 136/44/145 135/44/157 150/44/165
f 128/44/144 143/44/166 144/44/168
f 137/44/147 136/44/145 151/44/167
f 129/44/146 144/44/168 145/44/170
f 138/44/149 137/44/147 152/44/169
f 130/44/148 145/44/170 146/44/172
f 139/44/151 138/44/149 153/44/171
f 151/44/167 150/44/165 165/44/173
f 143/44/166 158/44/187 159/44/175
f 152/44/169 151/44/167 166/44/174
f 144/44/168 159/44/175 160/44/177
f 153/44/171 152/44/169 167/44/176
f 145/44/170 160/44/177 161/44/179
f 154/44/159 153/44/171 168/44/178
f 146/44/172 161/44/179 162/44/181
f 155/44/160 154/44/159 169/44/180
f 147/44/158 162/44/181 163/44/183
f 156/44/162 155/44/160 170/44/182
f 148/44/161 163/44/183 164/44/185
f 150/44/165 149/44/163 164/44/185
f 142/44/164 157/44/186 158/44/187
f 170/44/182 169/44/180 184/44/188
f 162/44/181 177/44/202 178/44/190
f 171/44/184 170/44/182 185/44/189
f 163/44/183 178/44/190 179/44/192
f 165/44/173 164/44/185 179/44/192
f 157/44/186 172/44/193 173/44/195
f 166/44/174 165/44/173 180/44/194
f 158/44/187 173/44/195 174/44/197
f 167/44/176 166/44/174 181/44/196
f 159/44/175 174/44/197 175/44/199
f 168/44/178 167/44/176 182/44/198
f 160/44/177 175/44/199 176/44/201
f 169/44/180 168/44/178 183/44/200
f 161/44/179 176/44/201 177/44/202
f 173/44/195 188/44/217 189/44/203
f 182/44/198 181/44/196 196/44/204
f 174/44/197 189/44/203 190/44/206
f 183/44/200 182/44/198 197/44/205
f 175/44/199 190/44/206 191/44/208
f 184/44/188 183/44/200 198/44/207
f 176/44/201 191/44/208 192/44/210
f 185/44/189 184/44/188 199/44/209
f 177/44/202 192/44/210 193/44/212
f 186/44/191 185/44/189 200/44/211
f 178/44/190 193/44/212 194/44/214
f 180/44/194 179/44/192 194/44/214
f 172/44/193 187/44/215 188/44/217
f 181/44/196 180/44/194 195/44/216
f 192/44/210 207/44/232 208/44/218
f 201/44/213 200/44/211 215/44/219
f 193/44/212 208/44/218 209/44/221
f 195/44/216 194/44/214 209/44/221
f 187/44/215 202/44/222 203/44/224
f 196/44/204 195/44/216 210/44/223
f 188/44/217 203/44/224 204/44/226
f 197/44/205 196/44/204 211/44/225
f 189/44/203 204/44/226 205/44/228
f 198/44/207 197/44/205 212/44/227
f 190/44/206 205/44/228 206/44/230
f 199/44/209 198/44/207 213/44/229
f 191/44/208 206/44/230 207/44/232
f 200/44/211 199/44/209 214/44/231
f 212/44/227 211/44/225 226/44/233
f 204/44/226 219/44/247 220/44/235
f 213/44/229 212/44/227 227/44/234
f 205/44/228 220/44/235 221/44/237
f 214/44/231 213/44/229 228/44/236
f 206/44/230 221/44/237 222/44/239
f 215/44/219 214/44/231 229/44/238
f 207/44/232 222/44/239 223/44/241
f 216/44/220 215/44/219 230/44/240
f 208/44/218 223/44/241 224/44/243
f 210/44/223 209/44/221 224/44/243
f 202/44/222 217/44/244 218/44/246
f 211/44/225 210/44/223 225/44/245
f 203/44/224 218/44/246 219/44/247
f 231/44/242 230/44/240 245/44/248
f 223/44/241 238/44/262 239/44/250
f 225/44/245 224/44/243 239/44/250
f 217/44/244 232/44/251 233/44/253
f 226/44/233 225/44/245 240/44/252
f 218/44/246 233/44/253 234/44/255
f 227/44/234 226/44/233 241/44/254
f 219/44/247 234/44/255 235/44/257
f 228/44/236 227/44/234 242/44/256
f 220/44/235 235/44/257 236/44/259
f 229/44/238 228/44/236 243/44/258
f 221/44/237 236/44/259 237/44/261
f 230/44/240 229/44/238 244/44/260
f 222/44/239 237/44/261 238/44/262
f 243/44/258 242/44/256 257/44/263
f 235/44/257 250/44/277 251/44/265
f 244/44/260 243/44/258 258/44/264
f 236/44/259 251/44/265 252/44/267
f 245/44/248 244/44/260 259/44/266
f 237/44/261 252/44/267 253/44/269
f 246/44/249 245/44/248 260/44/268
f 238/44/262 253/44/269 254/44/271
f 240/44/252 239/44/250 254/44/271
f 232/44/251 247/44/272 248/44/274
f 241/44/254 240/44/252 255/44/273
f 233/44/253 248/44/274 249/44/276
f 242/44/256 241/44/254 256/44/275
f 234/44/255 249/44/276 250/44/277
f 254/44/271 269/44/292 270/44/280
f 248/44/274 247/44/272 262/44/278
f 255/44/273 270/44/280 271/44/282
f 249/44/276 248/44/274 263/44/281
f 256/44/275 271/44/282 272/44/284
f 250/44/277 249/44/276 264/44/283
f 257/44/263 272/44/284 273/44/286
f 251/44/265 250/44/277 265/44/285
f 258/44/264 273/44/286 274/44/288
f 252/44/267 251/44/265 266/44/287
f 259/44/266 274/44/288 275/44/290
f 253/44/269 252/44/267 267/44/289
f 260/44/268 275/44/290 276/44/279
f 254/44/271 253/44/269 268/44/291
f 266/44/287 265/44/285 281/44/293
f 273/44/286 289/44/307 290/44/295
f 267/44/289 266/44/287 282/44/294
f 274/44/288 290/44/295 291/44/297
f 268/44/291 267/44/289 283/44/296
f 275/44/290 291/44/297 292/44/299
f 269/44/292 268/44/291 284/44/298
f 269/44/292 285/44/300 286/44/302
f 263/44/281 262/44/278 278/44/301
f 270/44/280 286/44/302 287/44/304
f 264/44/283 263/44/281 279/44/303
f 271/44/282 287/44/304 288/44/306
f 265/44/285 264/44/283 280/44/305
f 272/44/284 288/44/306 289/44/307
f 285/44/300 300/44/322 301/44/308
f 279/44/303 278/44/301 293/44/309
f 286/44/302 301/44/308 302/44/311
f 280/44/305 279/44/303 294/44/310
f 287/44/304 302/44/311 303/44/313
f 281/44/293 280/44/305 295/44/312
f 288/44/306 303/44/313 304/44/315
f 282/44/294 281/44/293 296/44/314
f 289/44/307 304/44/315 305/44/317
f 283/44/296 282/44/294 297/44/316
f 290/44/295 305/44/317 306/44/319
f 284/44/298 283/44/296 298/44/318
f 291/44/297 306/44/319 307/44/321
f 285/44/300 284/44/298 299/44/320
f 304/44/315 319/44/337 320/44/323
f 298/44/318 297/44/316 312/44/324
f 305/44/317 320/44/323 321/44/326
f 299/44/320 298/44/318 313/44/325
f 306/44/319 321/44/326 322/44/328
f 300/44/322 299/44/320 314/44/327
f 300/44/322 315/44/329 316/44/331
f 294/44/310 293/44/309 308/44/330
f 301/44/308 316/44/331 317/44/333
f 295/44/312 294/44/310 309/44/332
f 302/44/311 317/44/333 318/44/335
f 296/44/314 295/44/312 310/44/334
f 303/44/313 318/44/335 319/44/337
f 297/44/316 296/44/314 311/44/336
f 309/44/332 308/44/330 323/44/338
f 316/44/331 331/44/352 332/44/340
f 310/44/334 309/44/332 324/44/339
f 317/44/333 332/44/340 333/44/342
f 311/44/336 310/44/334 325/44/341
f 318/44/335 333/44/342 334/44/344
f 312/44/324 311/44/336 326/44/343
f 319/44/337 334/44/344 335/44/346
f 313/44/325 312/44/324 327/44/345
f 320/44/323 335/44/346 336/44/348
f 314/44/327 313/44/325 328/44/347
f 321/44/326 336/44/348 337/44/350
f 315/44/329 314/44/327 329/44/349
f 315/44/329 330/44/351 331/44/352
f 328/44/347 327/44/345 342/44/353
f 335/44/346 350/44/367 351/44/355
f 329/44/349 328/44/347 343/44/354
f 336/44/348 351/44/355 352/44/357
f 330/44/351 329/44/349 344/44/356
f 330/44/351 345/44/358 346/44/360
f 324/44/339 323/44/338 338/44/359
f 331/44/352 346/44/360 347/44/362
f 325/44/341 324/44/339 339/44/361
f 332/44/340 347/44/362 348/44/364
f 326/44/343 325/44/341 340/44/363
f 333/44/342 348/44/364 349/44/366
f 327/44/345 326/44/343 341/44/365
f 334/44/344 349/44/366 350/44/367
f 346/44/360 361/44/382 362/44/368
f 340/44/363 339/44/361 354/44/369
f 347/44/362 362/44/368 363/44/371
f 341/44/365 340/44/363 355/44/370
f 348/44/364 363/44/371 364/44/373
f 342/44/353 341/44/365 356/44/372
f 349/44/366 364/44/373 365/44/375
f 343/44/354 342/44/353 357/44/374
f 350/44/367 365/44/375 366/44/377
f 344/44/356 343/44/354 358/44/376
f 351/44/355 366/44/377 367/44/379
f 345/44/358 344/44/356 359/44/378
f 345/44/358 360/44/380 361/44/382
f 339/44/361 338/44/359 353/44/381
f 365/44/375 380/44/397 381/44/383
f 359/44/378 358/44/376 373/44/384
f 366/44/377 381/44/383 382/44/386
f 360/44/380 359/44/378 374/44/385
f 360/44/380 375/44/387 376/44/389
f 354/44/369 353/44/381 368/44/388
f 361/44/382 376/44/389 377/44/391
f 355/44/370 354/44/369 369/44/390
f 362/44/368 377/44/391 378/44/393
f 356/44/372 355/44/370 370/44/392
f 363/44/371 378/44/393 379/44/395
f 357/44/374 356/44/372 371/44/394
f 364/44/373 379/44/395 380/44/397
f 358/44/376 357/44/374 372/44/396
f 378/44/393 377/44/391 392/44/398
f 370/44/392 385/44/412 386/44/400
f 379/44/395 378/44/393 393/44/399
f 371/44/394 386/44/400 387/44/402
f 380/44/397 379/44/395 394/44/401
f 372/44/396 387/44/402 388/44/404
f 381/44/383 380/44/397 395/44/403
f 373/44/384 388/44/404 389/44/406
f 382/44/386 381/44/383 396/44/405
f 374/44/385 389/44/406 390/44/408
f 376/44/389 375/44/387 390/44/408
f 368/44/388 383/44/409 384/44/411
f 377/44/391 376/44/389 391/44/410
f 369/44/390 384/44/411 385/44/412
f 397/44/407 396/44/405 411/44/413
f 389/44/406 404/44/427 405/44/415
f 391/44/410 390/44/408 405/44/415
f 383/44/409 398/44/416 399/44/418
f 392/44/398 391/44/410 406/44/417
f 384/44/411 399/44/418 400/44/420
f 393/44/399 392/44/398 407/44/419
f 385/44/412 400/44/420 401/44/422
f 394/44/401 393/44/399 408/44/421
f 386/44/400 401/44/422 402/44/424
f 395/44/403 394/44/401 409/44/423
f 387/44/402 402/44/424 403/44/426
f 396/44/405 395/44/403 410/44/425
f 388/44/404 403/44/426 404/44/427
f 400/44/420 415/44/442 416/44/428
f 409/44/423 408/44/421 423/44/429
f 401/44/422 416/44/428 417/44/431
f 410/44/425 409/44/423 424/44/430
f 402/44/424 417/44/431 418/44/433
f 411/44/413 410/44/425 425/44/432
f 403/44/426 418/44/433 419/44/435
f 412/44/414 411/44/413 426/44/434
f 404/44/427 419/44/435 420/44/437
f 406/44/417 405/44/415 420/44/437
f 398/44/416 413/44/438 414/44/440
f 407/44/419 406/44/417 421/44/439
f 399/44/418 414/44/440 415/44/442
f 408/44/421 407/44/419 422/44/441
f 419/44/435 434/44/457 435/44/443
f 421/44/439 420/44/437 435/44/443
f 413/44/438 428/44/444 429/44/447
f 422/44/441 421/44/439 436/44/446
f 414/44/440 429/44/447 430/44/449
f 423/44/429 422/44/441 437/44/448
f 415/44/442 430/44/449 431/44/451
f 424/44/430 423/44/429 438/44/450
f 416/44/428 431/44/451 432/44/453
f 425/44/432 424/44/430 439/44/452
f 417/44/431 432/44/453 433/44/455
f 426/44/434 425/44/432 440/44/454
f 418/44/433 433/44/455 434/44/457
f 427/44/436 426/44/434 441/44/456
f 439/44/452 438/44/450 453/44/458
f 431/44/451 446/44/472 447/44/460
f 440/44/454 439/44/452 454/44/459
f 432/44/453 447/44/460 448/44/462
f 441/44/456 440/44/454 455/44/461
f 433/44/455 448/44/462 449/44/464
f 442/44/445 441/44/456 456/44/463
f 434/44/457 449/44/464 450/44/466
f 436/44/446 435/44/443 450/44/466
f 428/44/444 443/44/467 444/44/469
f 437/44/448 436/44/446 451/44/468
f 429/44/447 444/44/469 445/44/471
f 438/44/450 437/44/448 452/44/470
f 430/44/449 445/44/471 446/44/472
f 451/44/468 450/44/466 465/44/475
f 443/44/467 458/44/473 459/44/477
f 452/44/470 451/44/468 466/44/476
f 444/44/469 459/44/477 460/44/479
f 453/44/458 452/44/470 467/44/478
f 445/44/471 460/44/479 461/44/481
f 454/44/459 453/44/458 468/44/480
f 446/44/472 461/44/481 462/44/483
f 455/44/461 454/44/459 469/44/482
f 447/44/460 462/44/483 463/44/485
f 456/44/463 455/44/461 470/44/484
f 448/44/462 463/44/485 464/44/487
f 457/44/465 456/44/463 471/44/486
f 449/44/464 464/44/487 465/44/475
f 461/44/481 476/44/502 477/44/488
f 470/44/484 469/44/482 484/44/489
f 462/44/483 477/44/488 478/44/491
f 471/44/486 470/44/484 485/44/490
f 463/44/485 478/44/491 479/44/493
f 472/44/474 471/44/486 486/44/492
f 464/44/487 479/44/493 480/44/495
f 466/44/476 465/44/475 480/44/495
f 458/44/473 473/44/496 474/44/498
f 467/44/478 466/44/476 481/44/497
f 459/44/477 474/44/498 475/44/500
f 468/44/480 467/44/478 482/44/499
f 460/44/479 475/44/500 476/44/502
f 469/44/482 468/44/480 483/44/501
f 481/44/497 480/44/495 495/44/24
f 473/44/496 488/44/51 489/44/27
f 482/44/499 481/44/497 496/44/26
f 474/44/498 489/44/27 490/44/32
f 483/44/501 482/44/499 497/44/31
f 475/44/500 490/44/32 491/44/36
f 484/44/489 483/44/501 498/44/35
f 476/44/502 491/44/36 492/44/40
f 485/44/490 484/44/489 499/44/39
f 477/44/488 492/44/40 493/44/44
f 486/44/492 485/44/490 500/44/43
f 478/44/491 493/44/44 494/44/48
f 487/44/494 486/44/492 501/44/47
f 479/44/493 494/44/48 495/44/24
s 3
f 977/44/24 511/44/50 512/44/25
f 971/44/27 970/44/51 504/44/28
f 978/44/26 512/44/25 513/44/30
f 972/44/32 971/44/27 505/44/29
f 979/44/31 513/44/30 514/44/34
f 973/44/36 972/44/32 506/44/33
f 980/44/35 514/44/34 515/44/38
f 974/44/40 973/44/36 507/44/37
f 981/44/39 515/44/38 516/44/42
f 975/44/44 974/44/40 508/44/41
f 982/44/43 516/44/42 517/44/46
f 976/44/48 975/44/44 509/44/45
f 983/44/47 517/44/46 518/44/23
f 977/44/24 976/44/48 510/44/49
f 517/44/46 532/44/67 533/44/53
f 511/44/50 510/44/49 525/44/54
f 511/44/50 526/44/55 527/44/57
f 505/44/29 504/44/28 519/44/56
f 512/44/25 527/44/57 528/44/59
f 506/44/33 505/44/29 520/44/58
f 513/44/30 528/44/59 529/44/61
f 507/44/37 506/44/33 521/44/60
f 514/44/34 529/44/61 530/44/63
f 508/44/41 507/44/37 522/44/62
f 515/44/38 530/44/63 531/44/65
f 509/44/45 508/44/41 523/44/64
f 516/44/42 531/44/65 532/44/67
f 510/44/49 509/44/45 524/44/66
f 522/44/62 521/44/60 536/44/503
f 529/44/61 544/44/82 545/44/70
f 523/44/64 522/44/62 537/44/69
f 530/44/63 545/44/70 546/44/72
f 524/44/66 523/44/64 538/44/71
f 531/44/65 546/44/72 547/44/74
f 525/44/54 524/44/66 539/44/73
f 532/44/67 547/44/74 548/44/504
f 526/44/55 525/44/54 540/44/75
f 526/44/55 541/44/77 542/44/79
f 520/44/58 519/44/56 534/44/505
f 527/44/57 542/44/79 543/44/81
f 521/44/60 520/44/58 535/44/80
f 528/44/59 543/44/81 544/44/82
f 541/44/77 540/44/75 555/44/506
f 541/44/77 556/44/84 557/44/87
f 535/44/80 534/44/505 549/44/85
f 542/44/79 557/44/87 558/44/89
f 536/44/503 535/44/80 550/44/88
f 543/44/81 558/44/89 559/44/507
f 537/44/69 536/44/503 551/44/90
f 544/44/82 559/44/507 560/44/93
f 538/44/71 537/44/69 552/44/92
f 545/44/70 560/44/93 561/44/95
f 539/44/73 538/44/71 553/44/94
f 546/44/72 561/44/95 562/44/97
f 540/44/75 539/44/73 554/44/96
f 547/44/74 562/44/97 563/44/86
f 559/44/507 574/44/112 575/44/98
f 553/44/94 552/44/92 567/44/99
f 560/44/93 575/44/98 576/44/101
f 554/44/96 553/44/94 568/44/100
f 561/44/95 576/44/101 577/44/103
f 555/44/506 554/44/96 569/44/102
f 562/44/97 577/44/103 578/44/105
f 556/44/84 555/44/506 570/44/104
f 556/44/84 571/44/106 572/44/108
f 550/44/88 549/44/85 564/44/107
f 557/44/87 572/44/108 573/44/110
f 551/44/90 550/44/88 565/44/109
f 558/44/89 573/44/110 574/44/112
f 552/44/92 551/44/90 566/44/111
f 571/44/106 586/44/127 587/44/114
f 565/44/109 564/44/107 579/44/115
f 572/44/108 587/44/114 588/44/117
f 566/44/111 565/44/109 580/44/116
f 573/44/110 588/44/117 589/44/119
f 567/44/99 566/44/111 581/44/118
f 574/44/112 589/44/119 590/44/121
f 568/44/100 567/44/99 582/44/120
f 575/44/98 590/44/121 591/44/123
f 569/44/102 568/44/100 583/44/122
f 576/44/101 591/44/123 592/44/125
f 570/44/104 569/44/102 584/44/124
f 577/44/103 592/44/125 593/44/113
f 571/44/106 570/44/104 585/44/126
f 590/44/121 605/44/142 606/44/128
f 584/44/124 583/44/122 598/44/508
f 591/44/123 606/44/128 607/44/131
f 585/44/126 584/44/124 599/44/130
f 592/44/125 607/44/131 608/44/133
f 586/44/127 585/44/126 600/44/132
f 586/44/127 601/44/134 602/44/136
f 580/44/116 579/44/115 594/44/135
f 587/44/114 602/44/136 603/44/138
f 581/44/118 580/44/116 595/44/137
f 588/44/117 603/44/138 604/44/509
f 582/44/120 581/44/118 596/44/139
f 589/44/119 604/44/509 605/44/142
f 583/44/122 582/44/120 597/44/141
f 595/44/137 594/44/135 609/44/510
f 602/44/136 617/44/157 618/44/145
f 596/44/139 595/44/137 610/44/144
f 603/44/138 618/44/145 619/44/147
f 597/44/141 596/44/139 611/44/146
f 604/44/509 619/44/147 620/44/149
f 598/44/508 597/44/141 612/44/148
f 605/44/142 620/44/149 621/44/151
f 599/44/130 598/44/508 613/44/150
f 606/44/128 621/44/151 622/44/153
f 600/44/132 599/44/130 614/44/152
f 607/44/131 622/44/153 623/44/155
f 601/44/134 600/44/132 615/44/154
f 601/44/134 616/44/156 617/44/157
f 613/44/150 628/44/172 629/44/158
f 622/44/153 621/44/151 636/44/159
f 614/44/152 629/44/158 630/44/161
f 623/44/155 622/44/153 637/44/160
f 615/44/154 630/44/161 631/44/163
f 617/44/157 616/44/156 631/44/163
f 609/44/510 624/44/164 625/44/166
f 618/44/145 617/44/157 632/44/165
f 610/44/144 625/44/166 626/44/168
f 619/44/147 618/44/145 633/44/167
f 611/44/146 626/44/168 627/44/170
f 620/44/149 619/44/147 634/44/169
f 612/44/148 627/44/170 628/44/172
f 621/44/151 620/44/149 635/44/171
f 633/44/167 632/44/165 647/44/173
f 625/44/166 640/44/187 641/44/175
f 634/44/169 633/44/167 648/44/174
f 626/44/168 641/44/175 642/44/177
f 635/44/171 634/44/169 649/44/176
f 627/44/170 642/44/177 643/44/179
f 636/44/159 635/44/171 650/44/511
f 628/44/172 643/44/179 644/44/181
f 637/44/160 636/44/159 651/44/180
f 629/44/158 644/44/181 645/44/183
f 638/44/162 637/44/160 652/44/182
f 630/44/161 645/44/183 646/44/185
f 632/44/165 631/44/163 646/44/185
f 624/44/164 639/44/186 640/44/187
f 652/44/182 651/44/180 666/44/188
f 644/44/181 659/44/202 660/44/190
f 653/44/184 652/44/182 667/44/189
f 645/44/183 660/44/190 661/44/192
f 647/44/173 646/44/185 661/44/192
f 639/44/186 654/44/193 655/44/195
f 648/44/174 647/44/173 662/44/194
f 640/44/187 655/44/195 656/44/197
f 649/44/176 648/44/174 663/44/196
f 641/44/175 656/44/197 657/44/199
f 650/44/511 649/44/176 664/44/198
f 642/44/177 657/44/199 658/44/201
f 651/44/180 650/44/511 665/44/200
f 643/44/179 658/44/201 659/44/202
f 655/44/195 670/44/217 671/44/203
f 664/44/198 663/44/196 678/44/204
f 656/44/197 671/44/203 672/44/206
f 665/44/200 664/44/198 679/44/205
f 657/44/199 672/44/206 673/44/208
f 666/44/188 665/44/200 680/44/207
f 658/44/201 673/44/208 674/44/210
f 667/44/189 666/44/188 681/44/209
f 659/44/202 674/44/210 675/44/212
f 668/44/191 667/44/189 682/44/211
f 660/44/190 675/44/212 676/44/214
f 662/44/194 661/44/192 676/44/214
f 654/44/193 669/44/215 670/44/217
f 663/44/196 662/44/194 677/44/216
f 674/44/210 689/44/232 690/44/218
f 683/44/213 682/44/211 697/44/219
f 675/44/212 690/44/218 691/44/221
f 677/44/216 676/44/214 691/44/221
f 669/44/215 684/44/222 685/44/224
f 678/44/204 677/44/216 692/44/223
f 670/44/217 685/44/224 686/44/226
f 679/44/205 678/44/204 693/44/225
f 671/44/203 686/44/226 687/44/228
f 680/44/207 679/44/205 694/44/227
f 672/44/206 687/44/228 688/44/230
f 681/44/209 680/44/207 695/44/229
f 673/44/208 688/44/230 689/44/232
f 682/44/211 681/44/209 696/44/231
f 694/44/227 693/44/225 708/44/233
f 686/44/226 701/44/247 702/44/235
f 695/44/229 694/44/227 709/44/234
f 687/44/228 702/44/235 703/44/237
f 696/44/231 695/44/229 710/44/236
f 688/44/230 703/44/237 704/44/239
f 697/44/219 696/44/231 711/44/238
f 689/44/232 704/44/239 705/44/241
f 698/44/220 697/44/219 712/44/240
f 690/44/218 705/44/241 706/44/243
f 692/44/223 691/44/221 706/44/243
f 684/44/222 699/44/244 700/44/246
f 693/44/225 692/44/223 707/44/245
f 685/44/224 700/44/246 701/44/247
f 713/44/242 712/44/240 727/44/248
f 705/44/241 720/44/262 721/44/250
f 707/44/245 706/44/243 721/44/250
f 699/44/244 714/44/251 715/44/253
f 708/44/233 707/44/245 722/44/252
f 700/44/246 715/44/253 716/44/255
f 709/44/234 708/44/233 723/44/254
f 701/44/247 716/44/255 717/44/257
f 710/44/236 709/44/234 724/44/256
f 702/44/235 717/44/257 718/44/259
f 711/44/238 710/44/236 725/44/258
f 703/44/237 718/44/259 719/44/261
f 712/44/240 711/44/238 726/44/260
f 704/44/239 719/44/261 720/44/262
f 725/44/258 724/44/256 739/44/263
f 717/44/257 732/44/277 733/44/265
f 726/44/260 725/44/258 740/44/264
f 718/44/259 733/44/265 734/44/267
f 727/44/248 726/44/260 741/44/266
f 719/44/261 734/44/267 735/44/269
f 728/44/249 727/44/248 742/44/268
f 720/44/262 735/44/269 736/44/271
f 722/44/252 721/44/250 736/44/271
f 714/44/251 729/44/272 730/44/274
f 723/44/254 722/44/252 737/44/273
f 715/44/253 730/44/274 731/44/276
f 724/44/256 723/44/254 738/44/275
f 716/44/255 731/44/276 732/44/277
f 736/44/271 751/44/292 752/44/280
f 730/44/274 729/44/272 744/44/278
f 737/44/273 752/44/280 753/44/282
f 731/44/276 730/44/274 745/44/281
f 738/44/275 753/44/282 754/44/284
f 732/44/277 731/44/276 746/44/283
f 739/44/263 754/44/284 755/44/286
f 733/44/265 732/44/277 747/44/285
f 740/44/264 755/44/286 756/44/288
f 734/44/267 733/44/265 748/44/287
f 741/44/266 756/44/288 757/44/290
f 735/44/269 734/44/267 749/44/289
f 742/44/268 757/44/290 758/44/279
f 736/44/271 735/44/269 750/44/291
f 748/44/287 747/44/285 763/44/293
f 755/44/286 771/44/307 772/44/295
f 749/44/289 748/44/287 764/44/294
f 756/44/288 772/44/295 773/44/297
f 750/44/291 749/44/289 765/44/512
f 757/44/290 773/44/297 774/44/299
f 751/44/292 750/44/291 766/44/298
f 751/44/292 767/44/300 768/44/302
f 745/44/281 744/44/278 760/44/301
f 752/44/280 768/44/302 769/44/304
f 746/44/283 745/44/281 761/44/303
f 753/44/282 769/44/304 770/44/306
f 747/44/285 746/44/283 762/44/305
f 754/44/284 770/44/306 771/44/307
f 767/44/300 782/44/322 783/44/308
f 761/44/303 760/44/301 775/44/309
f 768/44/302 783/44/308 784/44/311
f 762/44/305 761/44/303 776/44/310
f 769/44/304 784/44/311 785/44/313
f 763/44/293 762/44/305 777/44/312
f 770/44/306 785/44/313 786/44/315
f 764/44/294 763/44/293 778/44/314
f 771/44/307 786/44/315 787/44/317
f 765/44/512 764/44/294 779/44/316
f 772/44/295 787/44/317 788/44/319
f 766/44/298 765/44/512 780/44/318
f 773/44/297 788/44/319 789/44/321
f 767/44/300 766/44/298 781/44/320
f 786/44/315 801/44/337 802/44/323
f 780/44/318 779/44/316 794/44/324
f 787/44/317 802/44/323 803/44/326
f 781/44/320 780/44/318 795/44/325
f 788/44/319 803/44/326 804/44/328
f 782/44/322 781/44/320 796/44/327
f 782/44/322 797/44/329 798/44/331
f 776/44/310 775/44/309 790/44/330
f 783/44/308 798/44/331 799/44/333
f 777/44/312 776/44/310 791/44/332
f 784/44/311 799/44/333 800/44/513
f 778/44/314 777/44/312 792/44/334
f 785/44/313 800/44/513 801/44/337
f 779/44/316 778/44/314 793/44/336
f 791/44/332 790/44/330 805/44/338
f 798/44/331 813/44/352 814/44/340
f 792/44/334 791/44/332 806/44/339
f 799/44/333 814/44/340 815/44/342
f 793/44/336 792/44/334 807/44/341
f 800/44/513 815/44/342 816/44/344
f 794/44/324 793/44/336 808/44/343
f 801/44/337 816/44/344 817/44/346
f 795/44/325 794/44/324 809/44/345
f 802/44/323 817/44/346 818/44/348
f 796/44/327 795/44/325 810/44/347
f 803/44/326 818/44/348 819/44/350
f 797/44/329 796/44/327 811/44/349
f 797/44/329 812/44/351 813/44/352
f 810/44/347 809/44/345 824/44/353
f 817/44/346 832/44/367 833/44/355
f 811/44/349 810/44/347 825/44/354
f 818/44/348 833/44/355 834/44/357
f 812/44/351 811/44/349 826/44/356
f 812/44/351 827/44/358 828/44/360
f 806/44/339 805/44/338 820/44/359
f 813/44/352 828/44/360 829/44/362
f 807/44/341 806/44/339 821/44/361
f 814/44/340 829/44/362 830/44/364
f 808/44/343 807/44/341 822/44/363
f 815/44/342 830/44/364 831/44/514
f 809/44/345 808/44/343 823/44/365
f 816/44/344 831/44/514 832/44/367
f 828/44/360 843/44/382 844/44/368
f 822/44/363 821/44/361 836/44/369
f 829/44/362 844/44/368 845/44/371
f 823/44/365 822/44/363 837/44/370
f 830/44/364 845/44/371 846/44/373
f 824/44/353 823/44/365 838/44/372
f 831/44/514 846/44/373 847/44/375
f 825/44/354 824/44/353 839/44/374
f 832/44/367 847/44/375 848/44/377
f 826/44/356 825/44/354 840/44/376
f 833/44/355 848/44/377 849/44/379
f 827/44/358 826/44/356 841/44/378
f 827/44/358 842/44/380 843/44/382
f 821/44/361 820/44/359 835/44/381
f 847/44/375 862/44/397 863/44/383
f 841/44/378 840/44/376 855/44/384
f 848/44/377 863/44/383 864/44/386
f 842/44/380 841/44/378 856/44/385
f 842/44/380 857/44/387 858/44/389
f 836/44/369 835/44/381 850/44/388
f 843/44/382 858/44/389 859/44/391
f 837/44/370 836/44/369 851/44/390
f 844/44/368 859/44/391 860/44/393
f 838/44/372 837/44/370 852/44/392
f 845/44/371 860/44/393 861/44/395
f 839/44/374 838/44/372 853/44/394
f 846/44/373 861/44/395 862/44/397
f 840/44/376 839/44/374 854/44/396
f 860/44/393 859/44/391 874/44/398
f 852/44/392 867/44/412 868/44/400
f 861/44/395 860/44/393 875/44/399
f 853/44/394 868/44/400 869/44/402
f 862/44/397 861/44/395 876/44/401
f 854/44/396 869/44/402 870/44/404
f 863/44/383 862/44/397 877/44/403
f 855/44/384 870/44/404 871/44/406
f 864/44/386 863/44/383 878/44/405
f 856/44/385 871/44/406 872/44/408
f 858/44/389 857/44/387 872/44/408
f 850/44/388 865/44/409 866/44/411
f 859/44/391 858/44/389 873/44/410
f 851/44/390 866/44/411 867/44/412
f 879/44/407 878/44/405 893/44/413
f 871/44/406 886/44/427 887/44/415
f 873/44/410 872/44/408 887/44/415
f 865/44/409 880/44/416 881/44/418
f 874/44/398 873/44/410 888/44/417
f 866/44/411 881/44/418 882/44/420
f 875/44/399 874/44/398 889/44/419
f 867/44/412 882/44/420 883/44/422
f 876/44/401 875/44/399 890/44/421
f 868/44/400 883/44/422 884/44/424
f 877/44/403 876/44/401 891/44/515
f 869/44/402 884/44/424 885/44/426
f 878/44/405 877/44/403 892/44/425
f 870/44/404 885/44/426 886/44/427
f 882/44/420 897/44/442 898/44/428
f 891/44/515 890/44/421 905/44/429
f 883/44/422 898/44/428 899/44/431
f 892/44/425 891/44/515 906/44/430
f 884/44/424 899/44/431 900/44/433
f 893/44/413 892/44/425 907/44/432
f 885/44/426 900/44/433 901/44/435
f 894/44/414 893/44/413 908/44/434
f 886/44/427 901/44/435 902/44/437
f 888/44/417 887/44/415 902/44/437
f 880/44/416 895/44/438 896/44/440
f 889/44/419 888/44/417 903/44/439
f 881/44/418 896/44/440 897/44/442
f 890/44/421 889/44/419 904/44/441
f 901/44/435 916/44/517 917/44/443
f 903/44/439 902/44/437 917/44/443
f 895/44/438 910/44/444 911/44/447
f 904/44/441 903/44/439 918/44/446
f 896/44/440 911/44/447 912/44/449
f 905/44/429 904/44/441 919/44/448
f 897/44/442 912/44/449 913/44/451
f 906/44/430 905/44/429 920/44/450
f 898/44/428 913/44/451 914/44/453
f 907/44/432 906/44/430 921/44/452
f 899/44/431 914/44/453 915/44/516
f 908/44/434 907/44/432 922/44/454
f 900/44/433 915/44/516 916/44/517
f 909/44/436 908/44/434 923/44/456
f 921/44/452 920/44/450 935/44/458
f 913/44/451 928/44/472 929/44/460
f 922/44/454 921/44/452 936/44/459
f 914/44/453 929/44/460 930/44/462
f 923/44/456 922/44/454 937/44/461
f 915/44/516 930/44/462 931/44/464
f 924/44/445 923/44/456 938/44/463
f 916/44/517 931/44/464 932/44/466
f 918/44/446 917/44/443 932/44/466
f 910/44/444 925/44/467 926/44/469
f 919/44/448 918/44/446 933/44/468
f 911/44/447 926/44/469 927/44/471
f 920/44/450 919/44/448 934/44/470
f 912/44/449 927/44/471 928/44/472
f 933/44/468 932/44/466 947/44/475
f 925/44/467 940/44/473 941/44/477
f 934/44/470 933/44/468 948/44/476
f 926/44/469 941/44/477 942/44/479
f 935/44/458 934/44/470 949/44/478
f 927/44/471 942/44/479 943/44/481
f 936/44/459 935/44/458 950/44/480
f 928/44/472 943/44/481 944/44/483
f 937/44/461 936/44/459 951/44/482
f 929/44/460 944/44/483 945/44/485
f 938/44/463 937/44/461 952/44/484
f 930/44/462 945/44/485 946/44/487
f 939/44/518 938/44/463 953/44/486
f 931/44/464 946/44/487 947/44/475
f 943/44/481 958/44/502 959/44/488
f 952/44/484 951/44/482 966/44/489
f 944/44/483 959/44/488 960/44/491
f 953/44/486 952/44/484 967/44/490
f 945/44/485 960/44/491 961/44/493
f 954/44/474 953/44/486 968/44/492
f 946/44/487 961/44/493 962/44/495
f 948/44/476 947/44/475 962/44/495
f 940/44/473 955/44/496 956/44/498
f 949/44/478 948/44/476 963/44/497
f 941/44/477 956/44/498 957/44/500
f 950/44/480 949/44/478 964/44/499
f 942/44/479 957/44/500 958/44/502
f 951/44/482 950/44/480 965/44/501
f 963/44/497 962/44/495 977/44/24
f 955/44/496 970/44/51 971/44/27
f 964/44/499 963/44/497 978/44/26
f 956/44/498 971/44/27 972/44/32
f 965/44/501 964/44/499 979/44/31
f 957/44/500 972/44/32 973/44/36
f 966/44/489 965/44/501 980/44/35
f 958/44/502 973/44/36 974/44/40
f 967/44/490 966/44/489 981/44/39
f 959/44/488 974/44/40 975/44/44
f 968/44/492 967/44/490 982/44/43
f 960/44/491 975/44/44 976/44/48
f 969/44/494 968/44/492 983/44/47
f 961/44/493 976/44/48 977/44/24
s 4
f 1459/44/24 993/44/50 994/44/25
f 1453/44/27 1452/44/51 986/44/28
f 1460/44/26 994/44/25 995/44/30
f 1454/44/32 1453/44/27 987/44/29
f 1461/44/31 995/44/30 996/44/34
f 1455/44/36 1454/44/32 988/44/33
f 1462/44/35 996/44/34 997/44/38
f 1456/44/40 1455/44/36 989/44/37
f 1463/44/39 997/44/38 998/44/42
f 1457/44/44 1456/44/40 990/44/41
f 1464/44/43 998/44/42 999/44/46
f 1458/44/48 1457/44/44 991/44/45
f 1465/44/47 999/44/46 1000/44/23
f 1459/44/24 1458/44/48 992/44/49
f 999/44/46 1014/44/67 1015/44/53
f 993/44/50 992/44/49 1007/44/54
f 993/44/50 1008/44/55 1009/44/57
f 987/44/29 986/44/28 1001/44/56
f 994/44/25 1009/44/57 1010/44/519
f 988/44/33 987/44/29 1002/44/58
f 995/44/30 1010/44/519 1011/44/61
f 989/44/37 988/44/33 1003/44/60
f 996/44/34 1011/44/61 1012/44/63
f 990/44/41 989/44/37 1004/44/62
f 997/44/38 1012/44/63 1013/44/65
f 991/44/45 990/44/41 1005/44/64
f 998/44/42 1013/44/65 1014/44/67
f 992/44/49 991/44/45 1006/44/520
f 1004/44/62 1003/44/60 1018/44/68
f 1011/44/61 1026/44/82 1027/44/70
f 1005/44/64 1004/44/62 1019/44/69
f 1012/44/63 1027/44/70 1028/44/72
f 1006/44/520 1005/44/64 1020/44/71
f 1013/44/65 1028/44/72 1029/44/74
f 1007/44/54 1006/44/520 1021/44/73
f 1014/44/67 1029/44/74 1030/44/504
f 1008/44/55 1007/44/54 1022/44/75
f 1008/44/55 1023/44/77 1024/44/79
f 1002/44/58 1001/44/56 1016/44/505
f 1009/44/57 1024/44/79 1025/44/81
f 1003/44/60 1002/44/58 1017/44/80
f 1010/44/519 1025/44/81 1026/44/82
f 1023/44/77 1022/44/75 1037/44/83
f 1023/44/77 1038/44/84 1039/44/521
f 1017/44/80 1016/44/505 1031/44/85
f 1024/44/79 1039/44/521 1040/44/89
f 1018/44/68 1017/44/80 1032/44/88
f 1025/44/81 1040/44/89 1041/44/91
f 1019/44/69 1018/44/68 1033/44/90
f 1026/44/82 1041/44/91 1042/44/93
f 1020/44/71 1019/44/69 1034/44/92
f 1027/44/70 1042/44/93 1043/44/95
f 1021/44/73 1020/44/71 1035/44/522
f 1028/44/72 1043/44/95 1044/44/97
f 1022/44/75 1021/44/73 1036/44/96
f 1029/44/74 1044/44/97 1045/44/86
f 1041/44/91 1056/44/112 1057/44/98
f 1035/44/522 1034/44/92 1049/44/99
f 1042/44/93 1057/44/98 1058/44/101
f 1036/44/96 1035/44/522 1050/44/100
f 1043/44/95 1058/44/101 1059/44/103
f 1037/44/83 1036/44/96 1051/44/102
f 1044/44/97 1059/44/103 1060/44/105
f 1038/44/84 1037/44/83 1052/44/104
f 1038/44/84 1053/44/106 1054/44/108
f 1032/44/88 1031/44/85 1046/44/107
f 1039/44/521 1054/44/108 1055/44/110
f 1033/44/90 1032/44/88 1047/44/109
f 1040/44/89 1055/44/110 1056/44/112
f 1034/44/92 1033/44/90 1048/44/111
f 1053/44/106 1068/44/127 1069/44/114
f 1047/44/109 1046/44/107 1061/44/115
f 1054/44/108 1069/44/114 1070/44/523
f 1048/44/111 1047/44/109 1062/44/116
f 1055/44/110 1070/44/523 1071/44/119
f 1049/44/99 1048/44/111 1063/44/118
f 1056/44/112 1071/44/119 1072/44/121
f 1050/44/100 1049/44/99 1064/44/120
f 1057/44/98 1072/44/121 1073/44/123
f 1051/44/102 1050/44/100 1065/44/122
f 1058/44/101 1073/44/123 1074/44/125
f 1052/44/104 1051/44/102 1066/44/124
f 1059/44/103 1074/44/125 1075/44/113
f 1053/44/106 1052/44/104 1067/44/126
f 1072/44/121 1087/44/142 1088/44/128
f 1066/44/124 1065/44/122 1080/44/129
f 1073/44/123 1088/44/128 1089/44/131
f 1067/44/126 1066/44/124 1081/44/130
f 1074/44/125 1089/44/131 1090/44/133
f 1068/44/127 1067/44/126 1082/44/132
f 1068/44/127 1083/44/134 1084/44/136
f 1062/44/116 1061/44/115 1076/44/135
f 1069/44/114 1084/44/136 1085/44/138
f 1063/44/118 1062/44/116 1077/44/137
f 1070/44/523 1085/44/138 1086/44/140
f 1064/44/120 1063/44/118 1078/44/139
f 1071/44/119 1086/44/140 1087/44/142
f 1065/44/122 1064/44/120 1079/44/141
f 1077/44/137 1076/44/135 1091/44/510
f 1084/44/136 1099/44/157 1100/44/145
f 1078/44/139 1077/44/137 1092/44/144
f 1085/44/138 1100/44/145 1101/44/147
f 1079/44/141 1078/44/139 1093/44/146
f 1086/44/140 1101/44/147 1102/44/149
f 1080/44/129 1079/44/141 1094/44/148
f 1087/44/142 1102/44/149 1103/44/151
f 1081/44/130 1080/44/129 1095/44/150
f 1088/44/128 1103/44/151 1104/44/153
f 1082/44/132 1081/44/130 1096/44/152
f 1089/44/131 1104/44/153 1105/44/155
f 1083/44/134 1082/44/132 1097/44/154
f 1083/44/134 1098/44/156 1099/44/157
f 1095/44/150 1110/44/525 1111/44/158
f 1104/44/153 1103/44/151 1118/44/159
f 1096/44/152 1111/44/158 1112/44/161
f 1105/44/155 1104/44/153 1119/44/160
f 1097/44/154 1112/44/161 1113/44/163
f 1099/44/157 1098/44/156 1113/44/163
f 1091/44/510 1106/44/164 1107/44/166
f 1100/44/145 1099/44/157 1114/44/165
f 1092/44/144 1107/44/166 1108/44/168
f 1101/44/147 1100/44/145 1115/44/167
f 1093/44/146 1108/44/168 1109/44/170
f 1102/44/149 1101/44/147 1116/44/524
f 1094/44/148 1109/44/170 1110/44/525
f 1103/44/151 1102/44/149 1117/44/171
f 1115/44/167 1114/44/165 1129/44/173
f 1107/44/166 1122/44/187 1123/44/175
f 1116/44/524 1115/44/167 1130/44/526
f 1108/44/168 1123/44/175 1124/44/527
f 1117/44/171 1116/44/524 1131/44/176
f 1109/44/170 1124/44/527 1125/44/179
f 1118/44/159 1117/44/171 1132/44/178
f 1110/44/525 1125/44/179 1126/44/528
f 1119/44/160 1118/44/159 1133/44/180
f 1111/44/158 1126/44/528 1127/44/183
f 1120/44/162 1119/44/160 1134/44/182
f 1112/44/161 1127/44/183 1128/44/185
f 1114/44/165 1113/44/163 1128/44/185
f 1106/44/164 1121/44/186 1122/44/187
f 1134/44/182 1133/44/180 1148/44/188
f 1126/44/528 1141/44/202 1142/44/190
f 1135/44/184 1134/44/182 1149/44/189
f 1127/44/183 1142/44/190 1143/44/192
f 1129/44/173 1128/44/185 1143/44/192
f 1121/44/186 1136/44/193 1137/44/195
f 1130/44/526 1129/44/173 1144/44/194
f 1122/44/187 1137/44/195 1138/44/197
f 1131/44/176 1130/44/526 1145/44/196
f 1123/44/175 1138/44/197 1139/44/199
f 1132/44/178 1131/44/176 1146/44/198
f 1124/44/527 1139/44/199 1140/44/201
f 1133/44/180 1132/44/178 1147/44/200
f 1125/44/179 1140/44/201 1141/44/202
f 1137/44/195 1152/44/217 1153/44/203
f 1146/44/198 1145/44/196 1160/44/204
f 1138/44/197 1153/44/203 1154/44/206
f 1147/44/200 1146/44/198 1161/44/529
f 1139/44/199 1154/44/206 1155/44/530
f 1148/44/188 1147/44/200 1162/44/207
f 1140/44/201 1155/44/530 1156/44/210
f 1149/44/189 1148/44/188 1163/44/209
f 1141/44/202 1156/44/210 1157/44/212
f 1150/44/191 1149/44/189 1164/44/211
f 1142/44/190 1157/44/212 1158/44/214
f 1144/44/194 1143/44/192 1158/44/214
f 1136/44/193 1151/44/215 1152/44/217
f 1145/44/196 1144/44/194 1159/44/216
f 1156/44/210 1171/44/232 1172/44/218
f 1165/44/213 1164/44/211 1179/44/219
f 1157/44/212 1172/44/218 1173/44/221
f 1159/44/216 1158/44/214 1173/44/221
f 1151/44/215 1166/44/222 1167/44/224
f 1160/44/204 1159/44/216 1174/44/223
f 1152/44/217 1167/44/224 1168/44/531
f 1161/44/529 1160/44/204 1175/44/225
f 1153/44/203 1168/44/531 1169/44/228
f 1162/44/207 1161/44/529 1176/44/227
f 1154/44/206 1169/44/228 1170/44/230
f 1163/44/209 1162/44/207 1177/44/229
f 1155/44/530 1170/44/230 1171/44/232
f 1164/44/211 1163/44/209 1178/44/231
f 1176/44/227 1175/44/225 1190/44/233
f 1168/44/531 1183/44/247 1184/44/235
f 1177/44/229 1176/44/227 1191/44/234
f 1169/44/228 1184/44/235 1185/44/237
f 1178/44/231 1177/44/229 1192/44/236
f 1170/44/230 1185/44/237 1186/44/239
f 1179/44/219 1178/44/231 1193/44/238
f 1171/44/232 1186/44/239 1187/44/241
f 1180/44/220 1179/44/219 1194/44/240
f 1172/44/218 1187/44/241 1188/44/243
f 1174/44/223 1173/44/221 1188/44/243
f 1166/44/222 1181/44/244 1182/44/246
f 1175/44/225 1174/44/223 1189/44/245
f 1167/44/224 1182/44/246 1183/44/247
f 1195/44/242 1194/44/240 1209/44/248
f 1187/44/241 1202/44/262 1203/44/250
f 1189/44/245 1188/44/243 1203/44/250
f 1181/44/244 1196/44/532 1197/44/253
f 1190/44/233 1189/44/245 1204/44/252
f 1182/44/246 1197/44/253 1198/44/255
f 1191/44/234 1190/44/233 1205/44/254
f 1183/44/247 1198/44/255 1199/44/257
f 1192/44/236 1191/44/234 1206/44/256
f 1184/44/235 1199/44/257 1200/44/259
f 1193/44/238 1192/44/236 1207/44/258
f 1185/44/237 1200/44/259 1201/44/261
f 1194/44/240 1193/44/238 1208/44/260
f 1186/44/239 1201/44/261 1202/44/262
f 1207/44/258 1206/44/256 1221/44/263
f 1199/44/257 1214/44/277 1215/44/265
f 1208/44/260 1207/44/258 1222/44/264
f 1200/44/259 1215/44/265 1216/44/267
f 1209/44/248 1208/44/260 1223/44/266
f 1201/44/261 1216/44/267 1217/44/269
f 1210/44/249 1209/44/248 1224/44/268
f 1202/44/262 1217/44/269 1218/44/271
f 1204/44/252 1203/44/250 1218/44/271
f 1196/44/532 1211/44/272 1212/44/274
f 1205/44/254 1204/44/252 1219/44/273
f 1197/44/253 1212/44/274 1213/44/276
f 1206/44/256 1205/44/254 1220/44/275
f 1198/44/255 1213/44/276 1214/44/277
f 1218/44/271 1233/44/292 1234/44/280
f 1212/44/274 1211/44/272 1226/44/278
f 1219/44/273 1234/44/280 1235/44/282
f 1213/44/276 1212/44/274 1227/44/281
f 1220/44/275 1235/44/282 1236/44/284
f 1214/44/277 1213/44/276 1228/44/283
f 1221/44/263 1236/44/284 1237/44/286
f 1215/44/265 1214/44/277 1229/44/285
f 1222/44/264 1237/44/286 1238/44/288
f 1216/44/267 1215/44/265 1230/44/287
f 1223/44/266 1238/44/288 1239/44/290
f 1217/44/269 1216/44/267 1231/44/289
f 1224/44/268 1239/44/290 1240/44/279
f 1218/44/271 1217/44/269 1232/44/291
f 1230/44/287 1229/44/285 1245/44/293
f 1237/44/286 1253/44/307 1254/44/295
f 1231/44/289 1230/44/287 1246/44/294
f 1238/44/288 1254/44/295 1255/44/297
f 1232/44/291 1231/44/289 1247/44/512
f 1239/44/290 1255/44/297 1256/44/299
f 1233/44/292 1232/44/291 1248/44/298
f 1233/44/292 1249/44/300 1250/44/302
f 1227/44/281 1226/44/278 1242/44/301
f 1234/44/280 1250/44/302 1251/44/304
f 1228/44/283 1227/44/281 1243/44/303
f 1235/44/282 1251/44/304 1252/44/306
f 1229/44/285 1228/44/283 1244/44/305
f 1236/44/284 1252/44/306 1253/44/307
f 1249/44/300 1264/44/322 1265/44/308
f 1243/44/303 1242/44/301 1257/44/309
f 1250/44/302 1265/44/308 1266/44/311
f 1244/44/305 1243/44/303 1258/44/310
f 1251/44/304 1266/44/311 1267/44/313
f 1245/44/293 1244/44/305 1259/44/533
f 1252/44/306 1267/44/313 1268/44/315
f 1246/44/294 1245/44/293 1260/44/314
f 1253/44/307 1268/44/315 1269/44/317
f 1247/44/512 1246/44/294 1261/44/316
f 1254/44/295 1269/44/317 1270/44/319
f 1248/44/298 1247/44/512 1262/44/318
f 1255/44/297 1270/44/319 1271/44/321
f 1249/44/300 1248/44/298 1263/44/320
f 1268/44/315 1283/44/337 1284/44/323
f 1262/44/318 1261/44/316 1276/44/324
f 1269/44/317 1284/44/323 1285/44/326
f 1263/44/320 1262/44/318 1277/44/325
f 1270/44/319 1285/44/326 1286/44/328
f 1264/44/322 1263/44/320 1278/44/327
f 1264/44/322 1279/44/329 1280/44/331
f 1258/44/310 1257/44/309 1272/44/330
f 1265/44/308 1280/44/331 1281/44/333
f 1259/44/533 1258/44/310 1273/44/332
f 1266/44/311 1281/44/333 1282/44/513
f 1260/44/314 1259/44/533 1274/44/334
f 1267/44/313 1282/44/513 1283/44/337
f 1261/44/316 1260/44/314 1275/44/336
f 1273/44/332 1272/44/330 1287/44/338
f 1280/44/331 1295/44/352 1296/44/340
f 1274/44/334 1273/44/332 1288/44/339
f 1281/44/333 1296/44/340 1297/44/342
f 1275/44/336 1274/44/334 1289/44/341
f 1282/44/513 1297/44/342 1298/44/344
f 1276/44/324 1275/44/336 1290/44/343
f 1283/44/337 1298/44/344 1299/44/346
f 1277/44/325 1276/44/324 1291/44/345
f 1284/44/323 1299/44/346 1300/44/348
f 1278/44/327 1277/44/325 1292/44/347
f 1285/44/326 1300/44/348 1301/44/350
f 1279/44/329 1278/44/327 1293/44/349
f 1279/44/329 1294/44/351 1295/44/352
f 1292/44/347 1291/44/345 1306/44/353
f 1299/44/346 1314/44/367 1315/44/355
f 1293/44/349 1292/44/347 1307/44/534
f 1300/44/348 1315/44/355 1316/44/357
f 1294/44/351 1293/44/349 1308/44/356
f 1294/44/351 1309/44/358 1310/44/360
f 1288/44/339 1287/44/338 1302/44/359
f 1295/44/352 1310/44/360 1311/44/535
f 1289/44/341 1288/44/339 1303/44/361
f 1296/44/340 1311/44/535 1312/44/364
f 1290/44/343 1289/44/341 1304/44/363
f 1297/44/342 1312/44/364 1313/44/514
f 1291/44/345 1290/44/343 1305/44/365
f 1298/44/344 1313/44/514 1314/44/367
f 1310/44/360 1325/44/382 1326/44/368
f 1304/44/363 1303/44/361 1318/44/369
f 1311/44/535 1326/44/368 1327/44/371
f 1305/44/365 1304/44/363 1319/44/370
f 1312/44/364 1327/44/371 1328/44/373
f 1306/44/353 1305/44/365 1320/44/372
f 1313/44/514 1328/44/373 1329/44/375
f 1307/44/534 1306/44/353 1321/44/374
f 1314/44/367 1329/44/375 1330/44/377
f 1308/44/356 1307/44/534 1322/44/376
f 1315/44/355 1330/44/377 1331/44/379
f 1309/44/358 1308/44/356 1323/44/378
f 1309/44/358 1324/44/380 1325/44/382
f 1303/44/361 1302/44/359 1317/44/381
f 1329/44/375 1344/44/397 1345/44/383
f 1323/44/378 1322/44/376 1337/44/384
f 1330/44/377 1345/44/383 1346/44/386
f 1324/44/380 1323/44/378 1338/44/385
f 1324/44/380 1339/44/387 1340/44/389
f 1318/44/369 1317/44/381 1332/44/536
f 1325/44/382 1340/44/389 1341/44/391
f 1319/44/370 1318/44/369 1333/44/390
f 1326/44/368 1341/44/391 1342/44/393
f 1320/44/372 1319/44/370 1334/44/392
f 1327/44/371 1342/44/393 1343/44/395
f 1321/44/374 1320/44/372 1335/44/394
f 1328/44/373 1343/44/395 1344/44/397
f 1322/44/376 1321/44/374 1336/44/396
f 1342/44/393 1341/44/391 1356/44/398
f 1334/44/392 1349/44/412 1350/44/400
f 1343/44/395 1342/44/393 1357/44/399
f 1335/44/394 1350/44/400 1351/44/402
f 1344/44/397 1343/44/395 1358/44/401
f 1336/44/396 1351/44/402 1352/44/404
f 1345/44/383 1344/44/397 1359/44/403
f 1337/44/384 1352/44/404 1353/44/406
f 1346/44/386 1345/44/383 1360/44/405
f 1338/44/385 1353/44/406 1354/44/408
f 1340/44/389 1339/44/387 1354/44/408
f 1332/44/536 1347/44/409 1348/44/411
f 1341/44/391 1340/44/389 1355/44/410
f 1333/44/390 1348/44/411 1349/44/412
f 1361/44/407 1360/44/405 1375/44/413
f 1353/44/406 1368/44/427 1369/44/415
f 1355/44/410 1354/44/408 1369/44/415
f 1347/44/409 1362/44/416 1363/44/418
f 1356/44/398 1355/44/410 1370/44/417
f 1348/44/411 1363/44/418 1364/44/420
f 1357/44/399 1356/44/398 1371/44/537
f 1349/44/412 1364/44/420 1365/44/538
f 1358/44/401 1357/44/399 1372/44/421
f 1350/44/400 1365/44/538 1366/44/424
f 1359/44/403 1358/44/401 1373/44/515
f 1351/44/402 1366/44/424 1367/44/539
f 1360/44/405 1359/44/403 1374/44/425
f 1352/44/404 1367/44/539 1368/44/427
f 1364/44/420 1379/44/442 1380/44/428
f 1373/44/515 1372/44/421 1387/44/429
f 1365/44/538 1380/44/428 1381/44/431
f 1374/44/425 1373/44/515 1388/44/430
f 1366/44/424 1381/44/431 1382/44/433
f 1375/44/413 1374/44/425 1389/44/432
f 1367/44/539 1382/44/433 1383/44/435
f 1376/44/414 1375/44/413 1390/44/434
f 1368/44/427 1383/44/435 1384/44/437
f 1370/44/417 1369/44/415 1384/44/437
f 1362/44/416 1377/44/438 1378/44/440
f 1371/44/537 1370/44/417 1385/44/439
f 1363/44/418 1378/44/440 1379/44/442
f 1372/44/421 1371/44/537 1386/44/441
f 1383/44/435 1398/44/457 1399/44/443
f 1385/44/439 1384/44/437 1399/44/443
f 1377/44/438 1392/44/444 1393/44/447
f 1386/44/441 1385/44/439 1400/44/446
f 1378/44/440 1393/44/447 1394/44/449
f 1387/44/429 1386/44/441 1401/44/540
f 1379/44/442 1394/44/449 1395/44/451
f 1388/44/430 1387/44/429 1402/44/450
f 1380/44/428 1395/44/451 1396/44/453
f 1389/44/432 1388/44/430 1403/44/452
f 1381/44/431 1396/44/453 1397/44/455
f 1390/44/434 1389/44/432 1404/44/454
f 1382/44/433 1397/44/455 1398/44/457
f 1391/44/436 1390/44/434 1405/44/456
f 1403/44/452 1402/44/450 1417/44/458
f 1395/44/451 1410/44/472 1411/44/460
f 1404/44/454 1403/44/452 1418/44/459
f 1396/44/453 1411/44/460 1412/44/462
f 1405/44/456 1404/44/454 1419/44/461
f 1397/44/455 1412/44/462 1413/44/464
f 1406/44/445 1405/44/456 1420/44/463
f 1398/44/457 1413/44/464 1414/44/466
f 1400/44/446 1399/44/443 1414/44/466
f 1392/44/444 1407/44/467 1408/44/469
f 1401/44/540 1400/44/446 1415/44/468
f 1393/44/447 1408/44/469 1409/44/471
f 1402/44/450 1401/44/540 1416/44/470
f 1394/44/449 1409/44/471 1410/44/472
f 1415/44/468 1414/44/466 1429/44/475
f 1407/44/467 1422/44/473 1423/44/477
f 1416/44/470 1415/44/468 1430/44/476
f 1408/44/469 1423/44/477 1424/44/479
f 1417/44/458 1416/44/470 1431/44/478
f 1409/44/471 1424/44/479 1425/44/481
f 1418/44/459 1417/44/458 1432/44/480
f 1410/44/472 1425/44/481 1426/44/483
f 1419/44/461 1418/44/459 1433/44/482
f 1411/44/460 1426/44/483 1427/44/485
f 1420/44/463 1419/44/461 1434/44/484
f 1412/44/462 1427/44/485 1428/44/487
f 1421/44/518 1420/44/463 1435/44/486
f 1413/44/464 1428/44/487 1429/44/475
f 1425/44/481 1440/44/502 1441/44/488
f 1434/44/484 1433/44/482 1448/44/489
f 1426/44/483 1441/44/488 1442/44/491
f 1435/44/486 1434/44/484 1449/44/490
f 1427/44/485 1442/44/491 1443/44/493
f 1436/44/474 1435/44/486 1450/44/492
f 1428/44/487 1443/44/493 1444/44/541
f 1430/44/476 1429/44/475 1444/44/541
f 1422/44/473 1437/44/496 1438/44/498
f 1431/44/478 1430/44/476 1445/44/497
f 1423/44/477 1438/44/498 1439/44/500
f 1432/44/480 1431/44/478 1446/44/499
f 1424/44/479 1439/44/500 1440/44/502
f 1433/44/482 1432/44/480 1447/44/501
f 1445/44/497 1444/44/541 1459/44/24
f 1437/44/496 1452/44/51 1453/44/27
f 1446/44/499 1445/44/497 1460/44/26
f 1438/44/498 1453/44/27 1454/44/32
f 1447/44/501 1446/44/499 1461/44/31
f 1439/44/500 1454/44/32 1455/44/36
f 1448/44/489 1447/44/501 1462/44/35
f 1440/44/502 1455/44/36 1456/44/40
f 1449/44/490 1448/44/489 1463/44/39
f 1441/44/488 1456/44/40 1457/44/44
f 1450/44/492 1449/44/490 1464/44/43
f 1442/44/491 1457/44/44 1458/44/48
f 1451/44/494 1450/44/492 1465/44/47
f 1443/44/493 1458/44/48 1459/44/24
s 5
f 1941/44/24 1475/44/50 1476/44/25
f 1935/44/27 1934/44/51 1468/44/28
f 1942/44/26 1476/44/25 1477/44/30
f 1936/44/32 1935/44/27 1469/44/29
f 1943/44/31 1477/44/30 1478/44/34
f 1937/44/36 1936/44/32 1470/44/33
f 1944/44/35 1478/44/34 1479/44/38
f 1938/44/40 1937/44/36 1471/44/37
f 1945/44/39 1479/44/38 1480/44/42
f 1939/44/44 1938/44/40 1472/44/41
f 1946/44/43 1480/44/42 1481/44/46
f 1940/44/48 1939/44/44 1473/44/45
f 1947/44/47 1481/44/46 1482/44/23
f 1941/44/24 1940/44/48 1474/44/49
f 1481/44/46 1496/44/67 1497/44/53
f 1475/44/50 1474/44/49 1489/44/54
f 1475/44/50 1490/44/55 1491/44/57
f 1469/44/29 1468/44/28 1483/44/56
f 1476/44/25 1491/44/57 1492/44/519
f 1470/44/33 1469/44/29 1484/44/58
f 1477/44/30 1492/44/519 1493/44/61
f 1471/44/37 1470/44/33 1485/44/60
f 1478/44/34 1493/44/61 1494/44/63
f 1472/44/41 1471/44/37 1486/44/62
f 1479/44/38 1494/44/63 1495/44/65
f 1473/44/45 1472/44/41 1487/44/64
f 1480/44/42 1495/44/65 1496/44/67
f 1474/44/49 1473/44/45 1488/44/520
f 1486/44/62 1485/44/60 1500/44/68
f 1493/44/61 1508/44/82 1509/44/70
f 1487/44/64 1486/44/62 1501/44/69
f 1494/44/63 1509/44/70 1510/44/72
f 1488/44/520 1487/44/64 1502/44/71
f 1495/44/65 1510/44/72 1511/44/74
f 1489/44/54 1488/44/520 1503/44/73
f 1496/44/67 1511/44/74 1512/44/504
f 1490/44/55 1489/44/54 1504/44/75
f 1490/44/55 1505/44/77 1506/44/79
f 1484/44/58 1483/44/56 1498/44/505
f 1491/44/57 1506/44/79 1507/44/81
f 1485/44/60 1484/44/58 1499/44/80
f 1492/44/519 1507/44/81 1508/44/82
f 1505/44/77 1504/44/75 1519/44/83
f 1505/44/77 1520/44/84 1521/44/87
f 1499/44/80 1498/44/505 1513/44/85
f 1506/44/79 1521/44/87 1522/44/89
f 1500/44/68 1499/44/80 1514/44/88
f 1507/44/81 1522/44/89 1523/44/91
f 1501/44/69 1500/44/68 1515/44/90
f 1508/44/82 1523/44/91 1524/44/93
f 1502/44/71 1501/44/69 1516/44/92
f 1509/44/70 1524/44/93 1525/44/95
f 1503/44/73 1502/44/71 1517/44/522
f 1510/44/72 1525/44/95 1526/44/97
f 1504/44/75 1503/44/73 1518/44/96
f 1511/44/74 1526/44/97 1527/44/86
f 1523/44/91 1538/44/112 1539/44/98
f 1517/44/522 1516/44/92 1531/44/99
f 1524/44/93 1539/44/98 1540/44/101
f 1518/44/96 1517/44/522 1532/44/100
f 1525/44/95 1540/44/101 1541/44/103
f 1519/44/83 1518/44/96 1533/44/102
f 1526/44/97 1541/44/103 1542/44/105
f 1520/44/84 1519/44/83 1534/44/104
f 1520/44/84 1535/44/106 1536/44/108
f 1514/44/88 1513/44/85 1528/44/107
f 1521/44/87 1536/44/108 1537/44/110
f 1515/44/90 1514/44/88 1529/44/109
f 1522/44/89 1537/44/110 1538/44/112
f 1516/44/92 1515/44/90 1530/44/111
f 1535/44/106 1550/44/127 1551/44/114
f 1529/44/109 1528/44/107 1543/44/115
f 1536/44/108 1551/44/114 1552/44/523
f 1530/44/111 1529/44/109 1544/44/116
f 1537/44/110 1552/44/523 1553/44/119
f 1531/44/99 1530/44/111 1545/44/118
f 1538/44/112 1553/44/119 1554/44/542
f 1532/44/100 1531/44/99 1546/44/120
f 1539/44/98 1554/44/542 1555/44/123
f 1533/44/102 1532/44/100 1547/44/122
f 1540/44/101 1555/44/123 1556/44/125
f 1534/44/104 1533/44/102 1548/44/543
f 1541/44/103 1556/44/125 1557/44/113
f 1535/44/106 1534/44/104 1549/44/126
f 1554/44/542 1569/44/142 1570/44/128
f 1548/44/543 1547/44/122 1562/44/129
f 1555/44/123 1570/44/128 1571/44/131
f 1549/44/126 1548/44/543 1563/44/130
f 1556/44/125 1571/44/131 1572/44/133
f 1550/44/127 1549/44/126 1564/44/132
f 1550/44/127 1565/44/134 1566/44/136
f 1544/44/116 1543/44/115 1558/44/135
f 1551/44/114 1566/44/136 1567/44/138
f 1545/44/118 1544/44/116 1559/44/137
f 1552/44/523 1567/44/138 1568/44/140
f 1546/44/120 1545/44/118 1560/44/139
f 1553/44/119 1568/44/140 1569/44/142
f 1547/44/122 1546/44/120 1561/44/141
f 1559/44/137 1558/44/135 1573/44/510
f 1566/44/136 1581/44/157 1582/44/145
f 1560/44/139 1559/44/137 1574/44/144
f 1567/44/138 1582/44/145 1583/44/147
f 1561/44/141 1560/44/139 1575/44/146
f 1568/44/140 1583/44/147 1584/44/149
f 1562/44/129 1561/44/141 1576/44/148
f 1569/44/142 1584/44/149 1585/44/151
f 1563/44/130 1562/44/129 1577/44/150
f 1570/44/128 1585/44/151 1586/44/153
f 1564/44/132 1563/44/130 1578/44/152
f 1571/44/131 1586/44/153 1587/44/155
f 1565/44/134 1564/44/132 1579/44/154
f 1565/44/134 1580/44/156 1581/44/157
f 1577/44/150 1592/44/172 1593/44/158
f 1586/44/153 1585/44/151 1600/44/159
f 1578/44/152 1593/44/158 1594/44/161
f 1587/44/155 1586/44/153 1601/44/160
f 1579/44/154 1594/44/161 1595/44/163
f 1581/44/157 1580/44/156 1595/44/163
f 1573/44/510 1588/44/164 1589/44/166
f 1582/44/145 1581/44/157 1596/44/165
f 1574/44/144 1589/44/166 1590/44/168
f 1583/44/147 1582/44/145 1597/44/167
f 1575/44/146 1590/44/168 1591/44/170
f 1584/44/149 1583/44/147 1598/44/169
f 1576/44/148 1591/44/170 1592/44/172
f 1585/44/151 1584/44/149 1599/44/171
f 1597/44/167 1596/44/165 1611/44/544
f 1589/44/166 1604/44/187 1605/44/175
f 1598/44/169 1597/44/167 1612/44/526
f 1590/44/168 1605/44/175 1606/44/527
f 1599/44/171 1598/44/169 1613/44/176
f 1591/44/170 1606/44/527 1607/44/179
f 1600/44/159 1599/44/171 1614/44/178
f 1592/44/172 1607/44/179 1608/44/528
f 1601/44/160 1600/44/159 1615/44/180
f 1593/44/158 1608/44/528 1609/44/545
f 1602/44/162 1601/44/160 1616/44/182
f 1594/44/161 1609/44/545 1610/44/185
f 1596/44/165 1595/44/163 1610/44/185
f 1588/44/164 1603/44/186 1604/44/187
f 1616/44/182 1615/44/180 1630/44/188
f 1608/44/528 1623/44/202 1624/44/190
f 1617/44/184 1616/44/182 1631/44/189
f 1609/44/545 1624/44/190 1625/44/192
f 1611/44/544 1610/44/185 1625/44/192
f 1603/44/186 1618/44/193 1619/44/195
f 1612/44/526 1611/44/544 1626/44/194
f 1604/44/187 1619/44/195 1620/44/197
f 1613/44/176 1612/44/526 1627/44/196
f 1605/44/175 1620/44/197 1621/44/199
f 1614/44/178 1613/44/176 1628/44/198
f 1606/44/527 1621/44/199 1622/44/201
f 1615/44/180 1614/44/178 1629/44/200
f 1607/44/179 1622/44/201 1623/44/202
f 1619/44/195 1634/44/217 1635/44/203
f 1628/44/198 1627/44/196 1642/44/204
f 1620/44/197 1635/44/203 1636/44/206
f 1629/44/200 1628/44/198 1643/44/529
f 1621/44/199 1636/44/206 1637/44/530
f 1630/44/188 1629/44/200 1644/44/207
f 1622/44/201 1637/44/530 1638/44/210
f 1631/44/189 1630/44/188 1645/44/209
f 1623/44/202 1638/44/210 1639/44/212
f 1632/44/191 1631/44/189 1646/44/211
f 1624/44/190 1639/44/212 1640/44/214
f 1626/44/194 1625/44/192 1640/44/214
f 1618/44/193 1633/44/215 1634/44/217
f 1627/44/196 1626/44/194 1641/44/216
f 1638/44/210 1653/44/232 1654/44/218
f 1647/44/213 1646/44/211 1661/44/219
f 1639/44/212 1654/44/218 1655/44/221
f 1641/44/216 1640/44/214 1655/44/221
f 1633/44/215 1648/44/222 1649/44/224
f 1642/44/204 1641/44/216 1656/44/223
f 1634/44/217 1649/44/224 1650/44/226
f 1643/44/529 1642/44/204 1657/44/225
f 1635/44/203 1650/44/226 1651/44/228
f 1644/44/207 1643/44/529 1658/44/227
f 1636/44/206 1651/44/228 1652/44/230
f 1645/44/209 1644/44/207 1659/44/229
f 1637/44/530 1652/44/230 1653/44/232
f 1646/44/211 1645/44/209 1660/44/231
f 1658/44/227 1657/44/225 1672/44/233
f 1650/44/226 1665/44/247 1666/44/235
f 1659/44/229 1658/44/227 1673/44/234
f 1651/44/228 1666/44/235 1667/44/237
f 1660/44/231 1659/44/229 1674/44/236
f 1652/44/230 1667/44/237 1668/44/239
f 1661/44/219 1660/44/231 1675/44/238
f 1653/44/232 1668/44/239 1669/44/241
f 1662/44/220 1661/44/219 1676/44/240
f 1654/44/218 1669/44/241 1670/44/243
f 1656/44/223 1655/44/221 1670/44/243
f 1648/44/222 1663/44/244 1664/44/246
f 1657/44/225 1656/44/223 1671/44/245
f 1649/44/224 1664/44/246 1665/44/247
f 1677/44/242 1676/44/240 1691/44/248
f 1669/44/241 1684/44/262 1685/44/250
f 1671/44/245 1670/44/243 1685/44/250
f 1663/44/244 1678/44/532 1679/44/253
f 1672/44/233 1671/44/245 1686/44/252
f 1664/44/246 1679/44/253 1680/44/255
f 1673/44/234 1672/44/233 1687/44/254
f 1665/44/247 1680/44/255 1681/44/257
f 1674/44/236 1673/44/234 1688/44/256
f 1666/44/235 1681/44/257 1682/44/259
f 1675/44/238 1674/44/236 1689/44/258
f 1667/44/237 1682/44/259 1683/44/261
f 1676/44/240 1675/44/238 1690/44/260
f 1668/44/239 1683/44/261 1684/44/262
f 1689/44/258 1688/44/256 1703/44/263
f 1681/44/257 1696/44/277 1697/44/265
f 1690/44/260 1689/44/258 1704/44/264
f 1682/44/259 1697/44/265 1698/44/267
f 1691/44/248 1690/44/260 1705/44/266
f 1683/44/261 1698/44/267 1699/44/269
f 1692/44/249 1691/44/248 1706/44/268
f 1684/44/262 1699/44/269 1700/44/271
f 1686/44/252 1685/44/250 1700/44/271
f 1678/44/532 1693/44/272 1694/44/274
f 1687/44/254 1686/44/252 1701/44/273
f 1679/44/253 1694/44/274 1695/44/276
f 1688/44/256 1687/44/254 1702/44/275
f 1680/44/255 1695/44/276 1696/44/277
f 1700/44/271 1715/44/292 1716/44/280
f 1694/44/274 1693/44/272 1708/44/278
f 1701/44/273 1716/44/280 1717/44/282
f 1695/44/276 1694/44/274 1709/44/281
f 1702/44/275 1717/44/282 1718/44/284
f 1696/44/277 1695/44/276 1710/44/283
f 1703/44/263 1718/44/284 1719/44/286
f 1697/44/265 1696/44/277 1711/44/285
f 1704/44/264 1719/44/286 1720/44/288
f 1698/44/267 1697/44/265 1712/44/287
f 1705/44/266 1720/44/288 1721/44/290
f 1699/44/269 1698/44/267 1713/44/289
f 1706/44/268 1721/44/290 1722/44/279
f 1700/44/271 1699/44/269 1714/44/291
f 1712/44/287 1711/44/285 1727/44/293
f 1719/44/286 1735/44/307 1736/44/295
f 1713/44/289 1712/44/287 1728/44/294
f 1720/44/288 1736/44/295 1737/44/297
f 1714/44/291 1713/44/289 1729/44/512
f 1721/44/290 1737/44/297 1738/44/299
f 1715/44/292 1714/44/291 1730/44/298
f 1715/44/292 1731/44/300 1732/44/302
f 1709/44/281 1708/44/278 1724/44/301
f 1716/44/280 1732/44/302 1733/44/304
f 1710/44/283 1709/44/281 1725/44/303
f 1717/44/282 1733/44/304 1734/44/306
f 1711/44/285 1710/44/283 1726/44/305
f 1718/44/284 1734/44/306 1735/44/307
f 1731/44/300 1746/44/322 1747/44/308
f 1725/44/303 1724/44/301 1739/44/309
f 1732/44/302 1747/44/308 1748/44/311
f 1726/44/305 1725/44/303 1740/44/310
f 1733/44/304 1748/44/311 1749/44/313
f 1727/44/293 1726/44/305 1741/44/312
f 1734/44/306 1749/44/313 1750/44/315
f 1728/44/294 1727/44/293 1742/44/314
f 1735/44/307 1750/44/315 1751/44/546
f 1729/44/512 1728/44/294 1743/44/316
f 1736/44/295 1751/44/546 1752/44/319
f 1730/44/298 1729/44/512 1744/44/318
f 1737/44/297 1752/44/319 1753/44/547
f 1731/44/300 1730/44/298 1745/44/320
f 1750/44/315 1765/44/337 1766/44/323
f 1744/44/318 1743/44/316 1758/44/324
f 1751/44/546 1766/44/323 1767/44/326
f 1745/44/320 1744/44/318 1759/44/325
f 1752/44/319 1767/44/326 1768/44/328
f 1746/44/322 1745/44/320 1760/44/327
f 1746/44/322 1761/44/329 1762/44/331
f 1740/44/310 1739/44/309 1754/44/330
f 1747/44/308 1762/44/331 1763/44/333
f 1741/44/312 1740/44/310 1755/44/332
f 1748/44/311 1763/44/333 1764/44/513
f 1742/44/314 1741/44/312 1756/44/334
f 1749/44/313 1764/44/513 1765/44/337
f 1743/44/316 1742/44/314 1757/44/336
f 1755/44/332 1754/44/330 1769/44/338
f 1762/44/331 1777/44/352 1778/44/340
f 1756/44/334 1755/44/332 1770/44/339
f 1763/44/333 1778/44/340 1779/44/342
f 1757/44/336 1756/44/334 1771/44/341
f 1764/44/513 1779/44/342 1780/44/344
f 1758/44/324 1757/44/336 1772/44/343
f 1765/44/337 1780/44/344 1781/44/346
f 1759/44/325 1758/44/324 1773/44/345
f 1766/44/323 1781/44/346 1782/44/348
f 1760/44/327 1759/44/325 1774/44/347
f 1767/44/326 1782/44/348 1783/44/350
f 1761/44/329 1760/44/327 1775/44/349
f 1761/44/329 1776/44/351 1777/44/352
f 1774/44/347 1773/44/345 1788/44/353
f 1781/44/346 1796/44/367 1797/44/355
f 1775/44/349 1774/44/347 1789/44/534
f 1782/44/348 1797/44/355 1798/44/357
f 1776/44/351 1775/44/349 1790/44/356
f 1776/44/351 1791/44/358 1792/44/360
f 1770/44/339 1769/44/338 1784/44/359
f 1777/44/352 1792/44/360 1793/44/535
f 1771/44/341 1770/44/339 1785/44/361
f 1778/44/340 1793/44/535 1794/44/364
f 1772/44/343 1771/44/341 1786/44/363
f 1779/44/342 1794/44/364 1795/44/514
f 1773/44/345 1772/44/343 1787/44/548
f 1780/44/344 1795/44/514 1796/44/367
f 1792/44/360 1807/44/382 1808/44/368
f 1786/44/363 1785/44/361 1800/44/369
f 1793/44/535 1808/44/368 1809/44/371
f 1787/44/548 1786/44/363 1801/44/370
f 1794/44/364 1809/44/371 1810/44/373
f 1788/44/353 1787/44/548 1802/44/372
f 1795/44/514 1810/44/373 1811/44/375
f 1789/44/534 1788/44/353 1803/44/374
f 1796/44/367 1811/44/375 1812/44/377
f 1790/44/356 1789/44/534 1804/44/376
f 1797/44/355 1812/44/377 1813/44/379
f 1791/44/358 1790/44/356 1805/44/378
f 1791/44/358 1806/44/380 1807/44/382
f 1785/44/361 1784/44/359 1799/44/381
f 1811/44/375 1826/44/397 1827/44/383
f 1805/44/378 1804/44/376 1819/44/384
f 1812/44/377 1827/44/383 1828/44/386
f 1806/44/380 1805/44/378 1820/44/385
f 1806/44/380 1821/44/387 1822/44/389
f 1800/44/369 1799/44/381 1814/44/536
f 1807/44/382 1822/44/389 1823/44/391
f 1801/44/370 1800/44/369 1815/44/390
f 1808/44/368 1823/44/391 1824/44/393
f 1802/44/372 1801/44/370 1816/44/392
f 1809/44/371 1824/44/393 1825/44/395
f 1803/44/374 1802/44/372 1817/44/394
f 1810/44/373 1825/44/395 1826/44/397
f 1804/44/376 1803/44/374 1818/44/396
f 1824/44/393 1823/44/391 1838/44/398
f 1816/44/392 1831/44/412 1832/44/400
f 1825/44/395 1824/44/393 1839/44/399
f 1817/44/394 1832/44/400 1833/44/402
f 1826/44/397 1825/44/395 1840/44/401
f 1818/44/396 1833/44/402 1834/44/404
f 1827/44/383 1826/44/397 1841/44/403
f 1819/44/384 1834/44/404 1835/44/406
f 1828/44/386 1827/44/383 1842/44/405
f 1820/44/385 1835/44/406 1836/44/408
f 1822/44/389 1821/44/387 1836/44/408
f 1814/44/536 1829/44/409 1830/44/411
f 1823/44/391 1822/44/389 1837/44/410
f 1815/44/390 1830/44/411 1831/44/412
f 1843/44/407 1842/44/405 1857/44/413
f 1835/44/406 1850/44/427 1851/44/415
f 1837/44/410 1836/44/408 1851/44/415
f 1829/44/409 1844/44/416 1845/44/418
f 1838/44/398 1837/44/410 1852/44/417
f 1830/44/411 1845/44/418 1846/44/420
f 1839/44/399 1838/44/398 1853/44/537
f 1831/44/412 1846/44/420 1847/44/538
f 1840/44/401 1839/44/399 1854/44/421
f 1832/44/400 1847/44/538 1848/44/424
f 1841/44/403 1840/44/401 1855/44/423
f 1833/44/402 1848/44/424 1849/44/539
f 1842/44/405 1841/44/403 1856/44/425
f 1834/44/404 1849/44/539 1850/44/427
f 1846/44/420 1861/44/442 1862/44/428
f 1855/44/423 1854/44/421 1869/44/429
f 1847/44/538 1862/44/428 1863/44/431
f 1856/44/425 1855/44/423 1870/44/430
f 1848/44/424 1863/44/431 1864/44/433
f 1857/44/413 1856/44/425 1871/44/432
f 1849/44/539 1864/44/433 1865/44/435
f 1858/44/414 1857/44/413 1872/44/434
f 1850/44/427 1865/44/435 1866/44/437
f 1852/44/417 1851/44/415 1866/44/437
f 1844/44/416 1859/44/438 1860/44/440
f 1853/44/537 1852/44/417 1867/44/439
f 1845/44/418 1860/44/440 1861/44/442
f 1854/44/421 1853/44/537 1868/44/441
f 1865/44/435 1880/44/457 1881/44/443
f 1867/44/439 1866/44/437 1881/44/443
f 1859/44/438 1874/44/444 1875/44/447
f 1868/44/441 1867/44/439 1882/44/446
f 1860/44/440 1875/44/447 1876/44/449
f 1869/44/429 1868/44/441 1883/44/540
f 1861/44/442 1876/44/449 1877/44/451
f 1870/44/430 1869/44/429 1884/44/450
f 1862/44/428 1877/44/451 1878/44/453
f 1871/44/432 1870/44/430 1885/44/452
f 1863/44/431 1878/44/453 1879/44/455
f 1872/44/434 1871/44/432 1886/44/454
f 1864/44/433 1879/44/455 1880/44/457
f 1873/44/436 1872/44/434 1887/44/456
f 1885/44/452 1884/44/450 1899/44/458
f 1877/44/451 1892/44/472 1893/44/460
f 1886/44/454 1885/44/452 1900/44/459
f 1878/44/453 1893/44/460 1894/44/462
f 1887/44/456 1886/44/454 1901/44/461
f 1879/44/455 1894/44/462 1895/44/464
f 1888/44/445 1887/44/456 1902/44/463
f 1880/44/457 1895/44/464 1896/44/466
f 1882/44/446 1881/44/443 1896/44/466
f 1874/44/444 1889/44/467 1890/44/469
f 1883/44/540 1882/44/446 1897/44/468
f 1875/44/447 1890/44/469 1891/44/471
f 1884/44/450 1883/44/540 1898/44/470
f 1876/44/449 1891/44/471 1892/44/472
f 1897/44/468 1896/44/466 1911/44/475
f 1889/44/467 1904/44/473 1905/44/477
f 1898/44/470 1897/44/468 1912/44/476
f 1890/44/469 1905/44/477 1906/44/479
f 1899/44/458 1898/44/470 1913/44/478
f 1891/44/471 1906/44/479 1907/44/481
f 1900/44/459 1899/44/458 1914/44/480
f 1892/44/472 1907/44/481 1908/44/483
f 1901/44/461 1900/44/459 1915/44/482
f 1893/44/460 1908/44/483 1909/44/485
f 1902/44/463 1901/44/461 1916/44/484
f 1894/44/462 1909/44/485 1910/44/487
f 1903/44/518 1902/44/463 1917/44/486
f 1895/44/464 1910/44/487 1911/44/475
f 1907/44/481 1922/44/502 1923/44/488
f 1916/44/484 1915/44/482 1930/44/489
f 1908/44/483 1923/44/488 1924/44/491
f 1917/44/486 1916/44/484 1931/44/490
f 1909/44/485 1924/44/491 1925/44/493
f 1918/44/474 1917/44/486 1932/44/492
f 1910/44/487 1925/44/493 1926/44/541
f 1912/44/476 1911/44/475 1926/44/541
f 1904/44/473 1919/44/496 1920/44/498
f 1913/44/478 1912/44/476 1927/44/497
f 1905/44/477 1920/44/498 1921/44/500
f 1914/44/480 1913/44/478 1928/44/499
f 1906/44/479 1921/44/500 1922/44/502
f 1915/44/482 1914/44/480 1929/44/501
f 1927/44/497 1926/44/541 1941/44/24
f 1919/44/496 1934/44/51 1935/44/27
f 1928/44/499 1927/44/497 1942/44/26
f 1920/44/498 1935/44/27 1936/44/32
f 1929/44/501 1928/44/499 1943/44/31
f 1921/44/500 1936/44/32 1937/44/36
f 1930/44/489 1929/44/501 1944/44/35
f 1922/44/502 1937/44/36 1938/44/40
f 1931/44/490 1930/44/489 1945/44/39
f 1923/44/488 1938/44/40 1939/44/44
f 1932/44/492 1931/44/490 1946/44/43
f 1924/44/491 1939/44/44 1940/44/48
f 1933/44/494 1932/44/492 1947/44/47
f 1925/44/493 1940/44/48 1941/44/24
s 6
f 2423/44/24 1957/44/50 1958/44/25
f 2417/44/27 2416/44/51 1950/44/28
f 2424/44/26 1958/44/25 1959/44/30
f 2418/44/32 2417/44/27 1951/44/29
f 2425/44/31 1959/44/30 1960/44/34
f 2419/44/36 2418/44/32 1952/44/33
f 2426/44/35 1960/44/34 1961/44/38
f 2420/44/40 2419/44/36 1953/44/37
f 2427/44/39 1961/44/38 1962/44/42
f 2421/44/44 2420/44/40 1954/44/41
f 2428/44/43 1962/44/42 1963/44/46
f 2422/44/48 2421/44/44 1955/44/45
f 2429/44/47 1963/44/46 1964/44/23
f 2423/44/24 2422/44/48 1956/44/49
f 1963/44/46 1978/44/67 1979/44/53
f 1957/44/50 1956/44/49 1971/44/54
f 1957/44/50 1972/44/55 1973/44/57
f 1951/44/29 1950/44/28 1965/44/56
f 1958/44/25 1973/44/57 1974/44/59
f 1952/44/33 1951/44/29 1966/44/58
f 1959/44/30 1974/44/59 1975/44/61
f 1953/44/37 1952/44/33 1967/44/60
f 1960/44/34 1975/44/61 1976/44/63
f 1954/44/41 1953/44/37 1968/44/62
f 1961/44/38 1976/44/63 1977/44/65
f 1955/44/45 1954/44/41 1969/44/64
f 1962/44/42 1977/44/65 1978/44/67
f 1956/44/49 1955/44/45 1970/44/66
f 1968/44/62 1967/44/60 1982/44/68
f 1975/44/61 1990/44/82 1991/44/70
f 1969/44/64 1968/44/62 1983/44/69
f 1976/44/63 1991/44/70 1992/44/72
f 1970/44/66 1969/44/64 1984/44/71
f 1977/44/65 1992/44/72 1993/44/74
f 1971/44/54 1970/44/66 1985/44/73
f 1978/44/67 1993/44/74 1994/44/504
f 1972/44/55 1971/44/54 1986/44/75
f 1972/44/55 1987/44/77 1988/44/79
f 1966/44/58 1965/44/56 1980/44/505
f 1973/44/57 1988/44/79 1989/44/81
f 1967/44/60 1966/44/58 1981/44/80
f 1974/44/59 1989/44/81 1990/44/82
f 1987/44/77 1986/44/75 2001/44/83
f 1987/44/77 2002/44/84 2003/44/87
f 1981/44/80 1980/44/505 1995/44/85
f 1988/44/79 2003/44/87 2004/44/89
f 1982/44/68 1981/44/80 1996/44/88
f 1989/44/81 2004/44/89 2005/44/91
f 1983/44/69 1982/44/68 1997/44/90
f 1990/44/82 2005/44/91 2006/44/93
f 1984/44/71 1983/44/69 1998/44/92
f 1991/44/70 2006/44/93 2007/44/95
f 1985/44/73 1984/44/71 1999/44/94
f 1992/44/72 2007/44/95 2008/44/97
f 1986/44/75 1985/44/73 2000/44/96
f 1993/44/74 2008/44/97 2009/44/86
f 2005/44/91 2020/44/112 2021/44/98
f 1999/44/94 1998/44/92 2013/44/99
f 2006/44/93 2021/44/98 2022/44/101
f 2000/44/96 1999/44/94 2014/44/100
f 2007/44/95 2022/44/101 2023/44/103
f 2001/44/83 2000/44/96 2015/44/102
f 2008/44/97 2023/44/103 2024/44/105
f 2002/44/84 2001/44/83 2016/44/104
f 2002/44/84 2017/44/106 2018/44/108
f 1996/44/88 1995/44/85 2010/44/107
f 2003/44/87 2018/44/108 2019/44/110
f 1997/44/90 1996/44/88 2011/44/109
f 2004/44/89 2019/44/110 2020/44/112
f 1998/44/92 1997/44/90 2012/44/111
f 2017/44/106 2032/44/127 2033/44/114
f 2011/44/109 2010/44/107 2025/44/115
f 2018/44/108 2033/44/114 2034/44/523
f 2012/44/111 2011/44/109 2026/44/116
f 2019/44/110 2034/44/523 2035/44/119
f 2013/44/99 2012/44/111 2027/44/118
f 2020/44/112 2035/44/119 2036/44/121
f 2014/44/100 2013/44/99 2028/44/120
f 2021/44/98 2036/44/121 2037/44/123
f 2015/44/102 2014/44/100 2029/44/122
f 2022/44/101 2037/44/123 2038/44/125
f 2016/44/104 2015/44/102 2030/44/543
f 2023/44/103 2038/44/125 2039/44/113
f 2017/44/106 2016/44/104 2031/44/126
f 2036/44/121 2051/44/142 2052/44/128
f 2030/44/543 2029/44/122 2044/44/508
f 2037/44/123 2052/44/128 2053/44/131
f 2031/44/126 2030/44/543 2045/44/130
f 2038/44/125 2053/44/131 2054/44/133
f 2032/44/127 2031/44/126 2046/44/132
f 2032/44/127 2047/44/134 2048/44/136
f 2026/44/116 2025/44/115 2040/44/135
f 2033/44/114 2048/44/136 2049/44/138
f 2027/44/118 2026/44/116 2041/44/137
f 2034/44/523 2049/44/138 2050/44/509
f 2028/44/120 2027/44/118 2042/44/139
f 2035/44/119 2050/44/509 2051/44/142
f 2029/44/122 2028/44/120 2043/44/141
f 2041/44/137 2040/44/135 2055/44/510
f 2048/44/136 2063/44/157 2064/44/145
f 2042/44/139 2041/44/137 2056/44/144
f 2049/44/138 2064/44/145 2065/44/147
f 2043/44/141 2042/44/139 2057/44/146
f 2050/44/509 2065/44/147 2066/44/149
f 2044/44/508 2043/44/141 2058/44/148
f 2051/44/142 2066/44/149 2067/44/151
f 2045/44/130 2044/44/508 2059/44/150
f 2052/44/128 2067/44/151 2068/44/153
f 2046/44/132 2045/44/130 2060/44/152
f 2053/44/131 2068/44/153 2069/44/155
f 2047/44/134 2046/44/132 2061/44/154
f 2047/44/134 2062/44/156 2063/44/157
f 2059/44/150 2074/44/172 2075/44/158
f 2068/44/153 2067/44/151 2082/44/159
f 2060/44/152 2075/44/158 2076/44/161
f 2069/44/155 2068/44/153 2083/44/160
f 2061/44/154 2076/44/161 2077/44/163
f 2063/44/157 2062/44/156 2077/44/163
f 2055/44/510 2070/44/164 2071/44/166
f 2064/44/145 2063/44/157 2078/44/165
f 2056/44/144 2071/44/166 2072/44/168
f 2065/44/147 2064/44/145 2079/44/167
f 2057/44/146 2072/44/168 2073/44/170
f 2066/44/149 2065/44/147 2080/44/169
f 2058/44/148 2073/44/170 2074/44/172
f 2067/44/151 2066/44/149 2081/44/171
f 2079/44/167 2078/44/165 2093/44/173
f 2071/44/166 2086/44/187 2087/44/175
f 2080/44/169 2079/44/167 2094/44/526
f 2072/44/168 2087/44/175 2088/44/177
f 2081/44/171 2080/44/169 2095/44/176
f 2073/44/170 2088/44/177 2089/44/179
f 2082/44/159 2081/44/171 2096/44/511
f 2074/44/172 2089/44/179 2090/44/528
f 2083/44/160 2082/44/159 2097/44/180
f 2075/44/158 2090/44/528 2091/44/183
f 2084/44/162 2083/44/160 2098/44/182
f 2076/44/161 2091/44/183 2092/44/185
f 2078/44/165 2077/44/163 2092/44/185
f 2070/44/164 2085/44/186 2086/44/187
f 2098/44/182 2097/44/180 2112/44/188
f 2090/44/528 2105/44/202 2106/44/190
f 2099/44/184 2098/44/182 2113/44/189
f 2091/44/183 2106/44/190 2107/44/192
f 2093/44/173 2092/44/185 2107/44/192
f 2085/44/186 2100/44/193 2101/44/195
f 2094/44/526 2093/44/173 2108/44/194
f 2086/44/187 2101/44/195 2102/44/197
f 2095/44/176 2094/44/526 2109/44/196
f 2087/44/175 2102/44/197 2103/44/199
f 2096/44/511 2095/44/176 2110/44/198
f 2088/44/177 2103/44/199 2104/44/201
f 2097/44/180 2096/44/511 2111/44/200
f 2089/44/179 2104/44/201 2105/44/202
f 2101/44/195 2116/44/217 2117/44/203
f 2110/44/198 2109/44/196 2124/44/204
f 2102/44/197 2117/44/203 2118/44/206
f 2111/44/200 2110/44/198 2125/44/205
f 2103/44/199 2118/44/206 2119/44/208
f 2112/44/188 2111/44/200 2126/44/207
f 2104/44/201 2119/44/208 2120/44/210
f 2113/44/189 2112/44/188 2127/44/209
f 2105/44/202 2120/44/210 2121/44/212
f 2114/44/191 2113/44/189 2128/44/211
f 2106/44/190 2121/44/212 2122/44/214
f 2108/44/194 2107/44/192 2122/44/214
f 2100/44/193 2115/44/215 2116/44/217
f 2109/44/196 2108/44/194 2123/44/216
f 2120/44/210 2135/44/232 2136/44/218
f 2129/44/213 2128/44/211 2143/44/219
f 2121/44/212 2136/44/218 2137/44/221
f 2123/44/216 2122/44/214 2137/44/221
f 2115/44/215 2130/44/222 2131/44/224
f 2124/44/204 2123/44/216 2138/44/223
f 2116/44/217 2131/44/224 2132/44/226
f 2125/44/205 2124/44/204 2139/44/225
f 2117/44/203 2132/44/226 2133/44/228
f 2126/44/207 2125/44/205 2140/44/227
f 2118/44/206 2133/44/228 2134/44/230
f 2127/44/209 2126/44/207 2141/44/229
f 2119/44/208 2134/44/230 2135/44/232
f 2128/44/211 2127/44/209 2142/44/231
f 2140/44/227 2139/44/225 2154/44/233
f 2132/44/226 2147/44/247 2148/44/235
f 2141/44/229 2140/44/227 2155/44/234
f 2133/44/228 2148/44/235 2149/44/237
f 2142/44/231 2141/44/229 2156/44/236
f 2134/44/230 2149/44/237 2150/44/239
f 2143/44/219 2142/44/231 2157/44/238
f 2135/44/232 2150/44/239 2151/44/241
f 2144/44/220 2143/44/219 2158/44/240
f 2136/44/218 2151/44/241 2152/44/243
f 2138/44/223 2137/44/221 2152/44/243
f 2130/44/222 2145/44/244 2146/44/246
f 2139/44/225 2138/44/223 2153/44/245
f 2131/44/224 2146/44/246 2147/44/247
f 2159/44/242 2158/44/240 2173/44/248
f 2151/44/241 2166/44/262 2167/44/250
f 2153/44/245 2152/44/243 2167/44/250
f 2145/44/244 2160/44/251 2161/44/253
f 2154/44/233 2153/44/245 2168/44/252
f 2146/44/246 2161/44/253 2162/44/255
f 2155/44/234 2154/44/233 2169/44/254
f 2147/44/247 2162/44/255 2163/44/257
f 2156/44/236 2155/44/234 2170/44/256
f 2148/44/235 2163/44/257 2164/44/259
f 2157/44/238 2156/44/236 2171/44/258
f 2149/44/237 2164/44/259 2165/44/261
f 2158/44/240 2157/44/238 2172/44/260
f 2150/44/239 2165/44/261 2166/44/262
f 2171/44/258 2170/44/256 2185/44/263
f 2163/44/257 2178/44/277 2179/44/265
f 2172/44/260 2171/44/258 2186/44/264
f 2164/44/259 2179/44/265 2180/44/267
f 2173/44/248 2172/44/260 2187/44/266
f 2165/44/261 2180/44/267 2181/44/269
f 2174/44/249 2173/44/248 2188/44/268
f 2166/44/262 2181/44/269 2182/44/271
f 2168/44/252 2167/44/250 2182/44/271
f 2160/44/251 2175/44/272 2176/44/274
f 2169/44/254 2168/44/252 2183/44/273
f 2161/44/253 2176/44/274 2177/44/276
f 2170/44/256 2169/44/254 2184/44/275
f 2162/44/255 2177/44/276 2178/44/277
f 2182/44/271 2197/44/292 2198/44/280
f 2176/44/274 2175/44/272 2190/44/278
f 2183/44/273 2198/44/280 2199/44/282
f 2177/44/276 2176/44/274 2191/44/281
f 2184/44/275 2199/44/282 2200/44/284
f 2178/44/277 2177/44/276 2192/44/283
f 2185/44/263 2200/44/284 2201/44/286
f 2179/44/265 2178/44/277 2193/44/285
f 2186/44/264 2201/44/286 2202/44/288
f 2180/44/267 2179/44/265 2194/44/287
f 2187/44/266 2202/44/288 2203/44/290
f 2181/44/269 2180/44/267 2195/44/289
f 2188/44/268 2203/44/290 2204/44/279
f 2182/44/271 2181/44/269 2196/44/291
f 2194/44/287 2193/44/285 2209/44/293
f 2201/44/286 2217/44/307 2218/44/295
f 2195/44/289 2194/44/287 2210/44/294
f 2202/44/288 2218/44/295 2219/44/297
f 2196/44/291 2195/44/289 2211/44/512
f 2203/44/290 2219/44/297 2220/44/299
f 2197/44/292 2196/44/291 2212/44/298
f 2197/44/292 2213/44/300 2214/44/302
f 2191/44/281 2190/44/278 2206/44/301
f 2198/44/280 2214/44/302 2215/44/304
f 2192/44/283 2191/44/281 2207/44/303
f 2199/44/282 2215/44/304 2216/44/306
f 2193/44/285 2192/44/283 2208/44/305
f 2200/44/284 2216/44/306 2217/44/307
f 2213/44/300 2228/44/322 2229/44/308
f 2207/44/303 2206/44/301 2221/44/309
f 2214/44/302 2229/44/308 2230/44/311
f 2208/44/305 2207/44/303 2222/44/310
f 2215/44/304 2230/44/311 2231/44/313
f 2209/44/293 2208/44/305 2223/44/312
f 2216/44/306 2231/44/313 2232/44/315
f 2210/44/294 2209/44/293 2224/44/314
f 2217/44/307 2232/44/315 2233/44/317
f 2211/44/512 2210/44/294 2225/44/316
f 2218/44/295 2233/44/317 2234/44/319
f 2212/44/298 2211/44/512 2226/44/318
f 2219/44/297 2234/44/319 2235/44/321
f 2213/44/300 2212/44/298 2227/44/320
f 2232/44/315 2247/44/337 2248/44/323
f 2226/44/318 2225/44/316 2240/44/324
f 2233/44/317 2248/44/323 2249/44/326
f 2227/44/320 2226/44/318 2241/44/325
f 2234/44/319 2249/44/326 2250/44/328
f 2228/44/322 2227/44/320 2242/44/327
f 2228/44/322 2243/44/329 2244/44/331
f 2222/44/310 2221/44/309 2236/44/330
f 2229/44/308 2244/44/331 2245/44/333
f 2223/44/312 2222/44/310 2237/44/332
f 2230/44/311 2245/44/333 2246/44/513
f 2224/44/314 2223/44/312 2238/44/334
f 2231/44/313 2246/44/513 2247/44/337
f 2225/44/316 2224/44/314 2239/44/336
f 2237/44/332 2236/44/330 2251/44/338
f 2244/44/331 2259/44/352 2260/44/340
f 2238/44/334 2237/44/332 2252/44/339
f 2245/44/333 2260/44/340 2261/44/342
f 2239/44/336 2238/44/334 2253/44/341
f 2246/44/513 2261/44/342 2262/44/344
f 2240/44/324 2239/44/336 2254/44/343
f 2247/44/337 2262/44/344 2263/44/346
f 2241/44/325 2240/44/324 2255/44/345
f 2248/44/323 2263/44/346 2264/44/348
f 2242/44/327 2241/44/325 2256/44/347
f 2249/44/326 2264/44/348 2265/44/350
f 2243/44/329 2242/44/327 2257/44/349
f 2243/44/329 2258/44/351 2259/44/352
f 2256/44/347 2255/44/345 2270/44/353
f 2263/44/346 2278/44/367 2279/44/355
f 2257/44/349 2256/44/347 2271/44/354
f 2264/44/348 2279/44/355 2280/44/357
f 2258/44/351 2257/44/349 2272/44/356
f 2258/44/351 2273/44/358 2274/44/360
f 2252/44/339 2251/44/338 2266/44/359
f 2259/44/352 2274/44/360 2275/44/362
f 2253/44/341 2252/44/339 2267/44/361
f 2260/44/340 2275/44/362 2276/44/364
f 2254/44/343 2253/44/341 2268/44/363
f 2261/44/342 2276/44/364 2277/44/366
f 2255/44/345 2254/44/343 2269/44/548
f 2262/44/344 2277/44/366 2278/44/367
f 2274/44/360 2289/44/382 2290/44/368
f 2268/44/363 2267/44/361 2282/44/369
f 2275/44/362 2290/44/368 2291/44/371
f 2269/44/548 2268/44/363 2283/44/370
f 2276/44/364 2291/44/371 2292/44/373
f 2270/44/353 2269/44/548 2284/44/372
f 2277/44/366 2292/44/373 2293/44/375
f 2271/44/354 2270/44/353 2285/44/374
f 2278/44/367 2293/44/375 2294/44/377
f 2272/44/356 2271/44/354 2286/44/376
f 2279/44/355 2294/44/377 2295/44/379
f 2273/44/358 2272/44/356 2287/44/378
f 2273/44/358 2288/44/380 2289/44/382
f 2267/44/361 2266/44/359 2281/44/381
f 2293/44/375 2308/44/397 2309/44/383
f 2287/44/378 2286/44/376 2301/44/384
f 2294/44/377 2309/44/383 2310/44/386
f 2288/44/380 2287/44/378 2302/44/385
f 2288/44/380 2303/44/387 2304/44/389
f 2282/44/369 2281/44/381 2296/44/388
f 2289/44/382 2304/44/389 2305/44/391
f 2283/44/370 2282/44/369 2297/44/390
f 2290/44/368 2305/44/391 2306/44/393
f 2284/44/372 2283/44/370 2298/44/392
f 2291/44/371 2306/44/393 2307/44/395
f 2285/44/374 2284/44/372 2299/44/394
f 2292/44/373 2307/44/395 2308/44/397
f 2286/44/376 2285/44/374 2300/44/396
f 2306/44/393 2305/44/391 2320/44/398
f 2298/44/392 2313/44/412 2314/44/400
f 2307/44/395 2306/44/393 2321/44/399
f 2299/44/394 2314/44/400 2315/44/402
f 2308/44/397 2307/44/395 2322/44/401
f 2300/44/396 2315/44/402 2316/44/404
f 2309/44/383 2308/44/397 2323/44/403
f 2301/44/384 2316/44/404 2317/44/406
f 2310/44/386 2309/44/383 2324/44/405
f 2302/44/385 2317/44/406 2318/44/408
f 2304/44/389 2303/44/387 2318/44/408
f 2296/44/388 2311/44/409 2312/44/411
f 2305/44/391 2304/44/389 2319/44/410
f 2297/44/390 2312/44/411 2313/44/412
f 2325/44/407 2324/44/405 2339/44/413
f 2317/44/406 2332/44/427 2333/44/415
f 2319/44/410 2318/44/408 2333/44/415
f 2311/44/409 2326/44/416 2327/44/418
f 2320/44/398 2319/44/410 2334/44/417
f 2312/44/411 2327/44/418 2328/44/420
f 2321/44/399 2320/44/398 2335/44/419
f 2313/44/412 2328/44/420 2329/44/538
f 2322/44/401 2321/44/399 2336/44/421
f 2314/44/400 2329/44/538 2330/44/424
f 2323/44/403 2322/44/401 2337/44/423
f 2315/44/402 2330/44/424 2331/44/539
f 2324/44/405 2323/44/403 2338/44/425
f 2316/44/404 2331/44/539 2332/44/427
f 2328/44/420 2343/44/442 2344/44/428
f 2337/44/423 2336/44/421 2351/44/429
f 2329/44/538 2344/44/428 2345/44/431
f 2338/44/425 2337/44/423 2352/44/430
f 2330/44/424 2345/44/431 2346/44/433
f 2339/44/413 2338/44/425 2353/44/432
f 2331/44/539 2346/44/433 2347/44/435
f 2340/44/414 2339/44/413 2354/44/434
f 2332/44/427 2347/44/435 2348/44/437
f 2334/44/417 2333/44/415 2348/44/437
f 2326/44/416 2341/44/438 2342/44/440
f 2335/44/419 2334/44/417 2349/44/439
f 2327/44/418 2342/44/440 2343/44/442
f 2336/44/421 2335/44/419 2350/44/441
f 2347/44/435 2362/44/457 2363/44/443
f 2349/44/439 2348/44/437 2363/44/443
f 2341/44/438 2356/44/444 2357/44/447
f 2350/44/441 2349/44/439 2364/44/446
f 2342/44/440 2357/44/447 2358/44/449
f 2351/44/429 2350/44/441 2365/44/448
f 2343/44/442 2358/44/449 2359/44/451
f 2352/44/430 2351/44/429 2366/44/450
f 2344/44/428 2359/44/451 2360/44/453
f 2353/44/432 2352/44/430 2367/44/452
f 2345/44/431 2360/44/453 2361/44/516
f 2354/44/434 2353/44/432 2368/44/454
f 2346/44/433 2361/44/516 2362/44/457
f 2355/44/436 2354/44/434 2369/44/456
f 2367/44/452 2366/44/450 2381/44/458
f 2359/44/451 2374/44/472 2375/44/460
f 2368/44/454 2367/44/452 2382/44/459
f 2360/44/453 2375/44/460 2376/44/462
f 2369/44/456 2368/44/454 2383/44/461
f 2361/44/516 2376/44/462 2377/44/464
f 2370/44/445 2369/44/456 2384/44/463
f 2362/44/457 2377/44/464 2378/44/466
f 2364/44/446 2363/44/443 2378/44/466
f 2356/44/444 2371/44/467 2372/44/469
f 2365/44/448 2364/44/446 2379/44/468
f 2357/44/447 2372/44/469 2373/44/471
f 2366/44/450 2365/44/448 2380/44/470
f 2358/44/449 2373/44/471 2374/44/472
f 2379/44/468 2378/44/466 2393/44/475
f 2371/44/467 2386/44/473 2387/44/477
f 2380/44/470 2379/44/468 2394/44/476
f 2372/44/469 2387/44/477 2388/44/479
f 2381/44/458 2380/44/470 2395/44/478
f 2373/44/471 2388/44/479 2389/44/481
f 2382/44/459 2381/44/458 2396/44/480
f 2374/44/472 2389/44/481 2390/44/483
f 2383/44/461 2382/44/459 2397/44/482
f 2375/44/460 2390/44/483 2391/44/485
f 2384/44/463 2383/44/461 2398/44/484
f 2376/44/462 2391/44/485 2392/44/487
f 2385/44/518 2384/44/463 2399/44/486
f 2377/44/464 2392/44/487 2393/44/475
f 2389/44/481 2404/44/502 2405/44/488
f 2398/44/484 2397/44/482 2412/44/489
f 2390/44/483 2405/44/488 2406/44/491
f 2399/44/486 2398/44/484 2413/44/490
f 2391/44/485 2406/44/491 2407/44/493
f 2400/44/474 2399/44/486 2414/44/492
f 2392/44/487 2407/44/493 2408/44/495
f 2394/44/476 2393/44/475 2408/44/495
f 2386/44/473 2401/44/496 2402/44/498
f 2395/44/478 2394/44/476 2409/44/497
f 2387/44/477 2402/44/498 2403/44/500
f 2396/44/480 2395/44/478 2410/44/499
f 2388/44/479 2403/44/500 2404/44/502
f 2397/44/482 2396/44/480 2411/44/501
f 2409/44/497 2408/44/495 2423/44/24
f 2401/44/496 2416/44/51 2417/44/27
f 2410/44/499 2409/44/497 2424/44/26
f 2402/44/498 2417/44/27 2418/44/32
f 2411/44/501 2410/44/499 2425/44/31
f 2403/44/500 2418/44/32 2419/44/36
f 2412/44/489 2411/44/501 2426/44/35
f 2404/44/502 2419/44/36 2420/44/40
f 2413/44/490 2412/44/489 2427/44/39
f 2405/44/488 2420/44/40 2421/44/44
f 2414/44/492 2413/44/490 2428/44/43
f 2406/44/491 2421/44/44 2422/44/48
f 2415/44/494 2414/44/492 2429/44/47
f 2407/44/493 2422/44/48 2423/44/24
s 7
f 2905/44/24 2439/44/50 2440/44/25
f 2899/44/27 2898/44/51 2432/44/28
f 2906/44/26 2440/44/25 2441/44/30
f 2900/44/32 2899/44/27 2433/44/29
f 2907/44/31 2441/44/30 2442/44/34
f 2901/44/36 2900/44/32 2434/44/33
f 2908/44/35 2442/44/34 2443/44/38
f 2902/44/40 2901/44/36 2435/44/37
f 2909/44/39 2443/44/38 2444/44/42
f 2903/44/44 2902/44/40 2436/44/41
f 2910/44/43 2444/44/42 2445/44/46
f 2904/44/48 2903/44/44 2437/44/45
f 2911/44/47 2445/44/46 2446/44/23
f 2905/44/24 2904/44/48 2438/44/49
f 2445/44/46 2460/44/67 2461/44/53
f 2439/44/50 2438/44/49 2453/44/54
f 2439/44/50 2454/44/55 2455/44/57
f 2433/44/29 2432/44/28 2447/44/56
f 2440/44/25 2455/44/57 2456/44/59
f 2434/44/33 2433/44/29 2448/44/58
f 2441/44/30 2456/44/59 2457/44/61
f 2435/44/37 2434/44/33 2449/44/60
f 2442/44/34 2457/44/61 2458/44/63
f 2436/44/41 2435/44/37 2450/44/62
f 2443/44/38 2458/44/63 2459/44/65
f 2437/44/45 2436/44/41 2451/44/64
f 2444/44/42 2459/44/65 2460/44/67
f 2438/44/49 2437/44/45 2452/44/66
f 2450/44/62 2449/44/60 2464/44/68
f 2457/44/61 2472/44/82 2473/44/70
f 2451/44/64 2450/44/62 2465/44/69
f 2458/44/63 2473/44/70 2474/44/72
f 2452/44/66 2451/44/64 2466/44/71
f 2459/44/65 2474/44/72 2475/44/74
f 2453/44/54 2452/44/66 2467/44/73
f 2460/44/67 2475/44/74 2476/44/76
f 2454/44/55 2453/44/54 2468/44/75
f 2454/44/55 2469/44/77 2470/44/79
f 2448/44/58 2447/44/56 2462/44/78
f 2455/44/57 2470/44/79 2471/44/81
f 2449/44/60 2448/44/58 2463/44/80
f 2456/44/59 2471/44/81 2472/44/82
f 2469/44/77 2468/44/75 2483/44/83
f 2469/44/77 2484/44/84 2485/44/87
f 2463/44/80 2462/44/78 2477/44/85
f 2470/44/79 2485/44/87 2486/44/89
f 2464/44/68 2463/44/80 2478/44/88
f 2471/44/81 2486/44/89 2487/44/91
f 2465/44/69 2464/44/68 2479/44/90
f 2472/44/82 2487/44/91 2488/44/93
f 2466/44/71 2465/44/69 2480/44/92
f 2473/44/70 2488/44/93 2489/44/95
f 2467/44/73 2466/44/71 2481/44/94
f 2474/44/72 2489/44/95 2490/44/97
f 2468/44/75 2467/44/73 2482/44/96
f 2475/44/74 2490/44/97 2491/44/86
f 2487/44/91 2502/44/112 2503/44/98
f 2481/44/94 2480/44/92 2495/44/99
f 2488/44/93 2503/44/98 2504/44/101
f 2482/44/96 2481/44/94 2496/44/100
f 2489/44/95 2504/44/101 2505/44/103
f 2483/44/83 2482/44/96 2497/44/102
f 2490/44/97 2505/44/103 2506/44/105
f 2484/44/84 2483/44/83 2498/44/104
f 2484/44/84 2499/44/106 2500/44/108
f 2478/44/88 2477/44/85 2492/44/107
f 2485/44/87 2500/44/108 2501/44/110
f 2479/44/90 2478/44/88 2493/44/109
f 2486/44/89 2501/44/110 2502/44/112
f 2480/44/92 2479/44/90 2494/44/111
f 2499/44/106 2514/44/127 2515/44/114
f 2493/44/109 2492/44/107 2507/44/115
f 2500/44/108 2515/44/114 2516/44/523
f 2494/44/111 2493/44/109 2508/44/116
f 2501/44/110 2516/44/523 2517/44/119
f 2495/44/99 2494/44/111 2509/44/118
f 2502/44/112 2517/44/119 2518/44/542
f 2496/44/100 2495/44/99 2510/44/549
f 2503/44/98 2518/44/542 2519/44/123
f 2497/44/102 2496/44/100 2511/44/122
f 2504/44/101 2519/44/123 2520/44/125
f 2498/44/104 2497/44/102 2512/44/543
f 2505/44/103 2520/44/125 2521/44/113
f 2499/44/106 2498/44/104 2513/44/126
f 2518/44/542 2533/44/142 2534/44/128
f 2512/44/543 2511/44/122 2526/44/129
f 2519/44/123 2534/44/128 2535/44/131
f 2513/44/126 2512/44/543 2527/44/130
f 2520/44/125 2535/44/131 2536/44/133
f 2514/44/127 2513/44/126 2528/44/132
f 2514/44/127 2529/44/134 2530/44/136
f 2508/44/116 2507/44/115 2522/44/135
f 2515/44/114 2530/44/136 2531/44/138
f 2509/44/118 2508/44/116 2523/44/137
f 2516/44/523 2531/44/138 2532/44/140
f 2510/44/549 2509/44/118 2524/44/139
f 2517/44/119 2532/44/140 2533/44/142
f 2511/44/122 2510/44/549 2525/44/141
f 2523/44/137 2522/44/135 2537/44/143
f 2530/44/136 2545/44/157 2546/44/145
f 2524/44/139 2523/44/137 2538/44/144
f 2531/44/138 2546/44/145 2547/44/147
f 2525/44/141 2524/44/139 2539/44/146
f 2532/44/140 2547/44/147 2548/44/149
f 2526/44/129 2525/44/141 2540/44/148
f 2533/44/142 2548/44/149 2549/44/151
f 2527/44/130 2526/44/129 2541/44/150
f 2534/44/128 2549/44/151 2550/44/153
f 2528/44/132 2527/44/130 2542/44/152
f 2535/44/131 2550/44/153 2551/44/155
f 2529/44/134 2528/44/132 2543/44/154
f 2529/44/134 2544/44/156 2545/44/157
f 2541/44/150 2556/44/172 2557/44/158
f 2550/44/153 2549/44/151 2564/44/159
f 2542/44/152 2557/44/158 2558/44/161
f 2551/44/155 2550/44/153 2565/44/160
f 2543/44/154 2558/44/161 2559/44/163
f 2545/44/157 2544/44/156 2559/44/163
f 2537/44/143 2552/44/164 2553/44/166
f 2546/44/145 2545/44/157 2560/44/165
f 2538/44/144 2553/44/166 2554/44/168
f 2547/44/147 2546/44/145 2561/44/167
f 2539/44/146 2554/44/168 2555/44/170
f 2548/44/149 2547/44/147 2562/44/169
f 2540/44/148 2555/44/170 2556/44/172
f 2549/44/151 2548/44/149 2563/44/171
f 2561/44/167 2560/44/165 2575/44/173
f 2553/44/166 2568/44/187 2569/44/175
f 2562/44/169 2561/44/167 2576/44/526
f 2554/44/168 2569/44/175 2570/44/527
f 2563/44/171 2562/44/169 2577/44/176
f 2555/44/170 2570/44/527 2571/44/179
f 2564/44/159 2563/44/171 2578/44/511
f 2556/44/172 2571/44/179 2572/44/528
f 2565/44/160 2564/44/159 2579/44/180
f 2557/44/158 2572/44/528 2573/44/183
f 2566/44/162 2565/44/160 2580/44/182
f 2558/44/161 2573/44/183 2574/44/185
f 2560/44/165 2559/44/163 2574/44/185
f 2552/44/164 2567/44/186 2568/44/187
f 2580/44/182 2579/44/180 2594/44/188
f 2572/44/528 2587/44/202 2588/44/190
f 2581/44/184 2580/44/182 2595/44/189
f 2573/44/183 2588/44/190 2589/44/192
f 2575/44/173 2574/44/185 2589/44/192
f 2567/44/186 2582/44/193 2583/44/195
f 2576/44/526 2575/44/173 2590/44/194
f 2568/44/187 2583/44/195 2584/44/197
f 2577/44/176 2576/44/526 2591/44/196
f 2569/44/175 2584/44/197 2585/44/199
f 2578/44/511 2577/44/176 2592/44/198
f 2570/44/527 2585/44/199 2586/44/201
f 2579/44/180 2578/44/511 2593/44/200
f 2571/44/179 2586/44/201 2587/44/202
f 2583/44/195 2598/44/217 2599/44/203
f 2592/44/198 2591/44/196 2606/44/204
f 2584/44/197 2599/44/203 2600/44/206
f 2593/44/200 2592/44/198 2607/44/205
f 2585/44/199 2600/44/206 2601/44/208
f 2594/44/188 2593/44/200 2608/44/207
f 2586/44/201 2601/44/208 2602/44/210
f 2595/44/189 2594/44/188 2609/44/209
f 2587/44/202 2602/44/210 2603/44/212
f 2596/44/191 2595/44/189 2610/44/211
f 2588/44/190 2603/44/212 2604/44/214
f 2590/44/194 2589/44/192 2604/44/214
f 2582/44/193 2597/44/215 2598/44/217
f 2591/44/196 2590/44/194 2605/44/216
f 2602/44/210 2617/44/232 2618/44/218
f 2611/44/213 2610/44/211 2625/44/219
f 2603/44/212 2618/44/218 2619/44/221
f 2605/44/216 2604/44/214 2619/44/221
f 2597/44/215 2612/44/222 2613/44/224
f 2606/44/204 2605/44/216 2620/44/223
f 2598/44/217 2613/44/224 2614/44/226
f 2607/44/205 2606/44/204 2621/44/225
f 2599/44/203 2614/44/226 2615/44/228
f 2608/44/207 2607/44/205 2622/44/227
f 2600/44/206 2615/44/228 2616/44/230
f 2609/44/209 2608/44/207 2623/44/229
f 2601/44/208 2616/44/230 2617/44/232
f 2610/44/211 2609/44/209 2624/44/231
f 2622/44/227 2621/44/225 2636/44/233
f 2614/44/226 2629/44/247 2630/44/235
f 2623/44/229 2622/44/227 2637/44/234
f 2615/44/228 2630/44/235 2631/44/237
f 2624/44/231 2623/44/229 2638/44/236
f 2616/44/230 2631/44/237 2632/44/239
f 2625/44/219 2624/44/231 2639/44/238
f 2617/44/232 2632/44/239 2633/44/241
f 2626/44/220 2625/44/219 2640/44/240
f 2618/44/218 2633/44/241 2634/44/243
f 2620/44/223 2619/44/221 2634/44/243
f 2612/44/222 2627/44/244 2628/44/246
f 2621/44/225 2620/44/223 2635/44/245
f 2613/44/224 2628/44/246 2629/44/247
f 2641/44/242 2640/44/240 2655/44/248
f 2633/44/241 2648/44/262 2649/44/250
f 2635/44/245 2634/44/243 2649/44/250
f 2627/44/244 2642/44/251 2643/44/253
f 2636/44/233 2635/44/245 2650/44/252
f 2628/44/246 2643/44/253 2644/44/255
f 2637/44/234 2636/44/233 2651/44/254
f 2629/44/247 2644/44/255 2645/44/257
f 2638/44/236 2637/44/234 2652/44/256
f 2630/44/235 2645/44/257 2646/44/259
f 2639/44/238 2638/44/236 2653/44/258
f 2631/44/237 2646/44/259 2647/44/261
f 2640/44/240 2639/44/238 2654/44/260
f 2632/44/239 2647/44/261 2648/44/262
f 2653/44/258 2652/44/256 2667/44/263
f 2645/44/257 2660/44/277 2661/44/265
f 2654/44/260 2653/44/258 2668/44/264
f 2646/44/259 2661/44/265 2662/44/267
f 2655/44/248 2654/44/260 2669/44/266
f 2647/44/261 2662/44/267 2663/44/269
f 2656/44/249 2655/44/248 2670/44/268
f 2648/44/262 2663/44/269 2664/44/271
f 2650/44/252 2649/44/250 2664/44/271
f 2642/44/251 2657/44/272 2658/44/274
f 2651/44/254 2650/44/252 2665/44/273
f 2643/44/253 2658/44/274 2659/44/276
f 2652/44/256 2651/44/254 2666/44/275
f 2644/44/255 2659/44/276 2660/44/277
f 2664/44/271 2679/44/292 2680/44/280
f 2658/44/274 2657/44/272 2672/44/278
f 2665/44/273 2680/44/280 2681/44/282
f 2659/44/276 2658/44/274 2673/44/281
f 2666/44/275 2681/44/282 2682/44/284
f 2660/44/277 2659/44/276 2674/44/283
f 2667/44/263 2682/44/284 2683/44/286
f 2661/44/265 2660/44/277 2675/44/285
f 2668/44/264 2683/44/286 2684/44/288
f 2662/44/267 2661/44/265 2676/44/287
f 2669/44/266 2684/44/288 2685/44/290
f 2663/44/269 2662/44/267 2677/44/289
f 2670/44/268 2685/44/290 2686/44/279
f 2664/44/271 2663/44/269 2678/44/291
f 2676/44/287 2675/44/285 2691/44/293
f 2683/44/286 2699/44/307 2700/44/295
f 2677/44/289 2676/44/287 2692/44/294
f 2684/44/288 2700/44/295 2701/44/297
f 2678/44/291 2677/44/289 2693/44/296
f 2685/44/290 2701/44/297 2702/44/299
f 2679/44/292 2678/44/291 2694/44/298
f 2679/44/292 2695/44/300 2696/44/302
f 2673/44/281 2672/44/278 2688/44/301
f 2680/44/280 2696/44/302 2697/44/304
f 2674/44/283 2673/44/281 2689/44/303
f 2681/44/282 2697/44/304 2698/44/306
f 2675/44/285 2674/44/283 2690/44/305
f 2682/44/284 2698/44/306 2699/44/307
f 2695/44/300 2710/44/322 2711/44/308
f 2689/44/303 2688/44/301 2703/44/309
f 2696/44/302 2711/44/308 2712/44/311
f 2690/44/305 2689/44/303 2704/44/310
f 2697/44/304 2712/44/311 2713/44/313
f 2691/44/293 2690/44/305 2705/44/312
f 2698/44/306 2713/44/313 2714/44/315
f 2692/44/294 2691/44/293 2706/44/314
f 2699/44/307 2714/44/315 2715/44/546
f 2693/44/296 2692/44/294 2707/44/316
f 2700/44/295 2715/44/546 2716/44/319
f 2694/44/298 2693/44/296 2708/44/318
f 2701/44/297 2716/44/319 2717/44/321
f 2695/44/300 2694/44/298 2709/44/320
f 2714/44/315 2729/44/337 2730/44/323
f 2708/44/318 2707/44/316 2722/44/324
f 2715/44/546 2730/44/323 2731/44/326
f 2709/44/320 2708/44/318 2723/44/325
f 2716/44/319 2731/44/326 2732/44/328
f 2710/44/322 2709/44/320 2724/44/327
f 2710/44/322 2725/44/329 2726/44/331
f 2704/44/310 2703/44/309 2718/44/330
f 2711/44/308 2726/44/331 2727/44/333
f 2705/44/312 2704/44/310 2719/44/332
f 2712/44/311 2727/44/333 2728/44/335
f 2706/44/314 2705/44/312 2720/44/334
f 2713/44/313 2728/44/335 2729/44/337
f 2707/44/316 2706/44/314 2721/44/336
f 2719/44/332 2718/44/330 2733/44/338
f 2726/44/331 2741/44/352 2742/44/340
f 2720/44/334 2719/44/332 2734/44/339
f 2727/44/333 2742/44/340 2743/44/342
f 2721/44/336 2720/44/334 2735/44/341
f 2728/44/335 2743/44/342 2744/44/344
f 2722/44/324 2721/44/336 2736/44/343
f 2729/44/337 2744/44/344 2745/44/346
f 2723/44/325 2722/44/324 2737/44/345
f 2730/44/323 2745/44/346 2746/44/348
f 2724/44/327 2723/44/325 2738/44/347
f 2731/44/326 2746/44/348 2747/44/350
f 2725/44/329 2724/44/327 2739/44/349
f 2725/44/329 2740/44/351 2741/44/352
f 2738/44/347 2737/44/345 2752/44/353
f 2745/44/346 2760/44/367 2761/44/355
f 2739/44/349 2738/44/347 2753/44/354
f 2746/44/348 2761/44/355 2762/44/357
f 2740/44/351 2739/44/349 2754/44/356
f 2740/44/351 2755/44/358 2756/44/360
f 2734/44/339 2733/44/338 2748/44/359
f 2741/44/352 2756/44/360 2757/44/362
f 2735/44/341 2734/44/339 2749/44/361
f 2742/44/340 2757/44/362 2758/44/364
f 2736/44/343 2735/44/341 2750/44/363
f 2743/44/342 2758/44/364 2759/44/366
f 2737/44/345 2736/44/343 2751/44/548
f 2744/44/344 2759/44/366 2760/44/367
f 2756/44/360 2771/44/382 2772/44/368
f 2750/44/363 2749/44/361 2764/44/369
f 2757/44/362 2772/44/368 2773/44/371
f 2751/44/548 2750/44/363 2765/44/370
f 2758/44/364 2773/44/371 2774/44/373
f 2752/44/353 2751/44/548 2766/44/372
f 2759/44/366 2774/44/373 2775/44/375
f 2753/44/354 2752/44/353 2767/44/374
f 2760/44/367 2775/44/375 2776/44/377
f 2754/44/356 2753/44/354 2768/44/376
f 2761/44/355 2776/44/377 2777/44/379
f 2755/44/358 2754/44/356 2769/44/378
f 2755/44/358 2770/44/380 2771/44/382
f 2749/44/361 2748/44/359 2763/44/381
f 2775/44/375 2790/44/397 2791/44/383
f 2769/44/378 2768/44/376 2783/44/384
f 2776/44/377 2791/44/383 2792/44/386
f 2770/44/380 2769/44/378 2784/44/385
f 2770/44/380 2785/44/387 2786/44/389
f 2764/44/369 2763/44/381 2778/44/388
f 2771/44/382 2786/44/389 2787/44/391
f 2765/44/370 2764/44/369 2779/44/390
f 2772/44/368 2787/44/391 2788/44/393
f 2766/44/372 2765/44/370 2780/44/392
f 2773/44/371 2788/44/393 2789/44/395
f 2767/44/374 2766/44/372 2781/44/394
f 2774/44/373 2789/44/395 2790/44/397
f 2768/44/376 2767/44/374 2782/44/396
f 2788/44/393 2787/44/391 2802/44/398
f 2780/44/392 2795/44/412 2796/44/400
f 2789/44/395 2788/44/393 2803/44/399
f 2781/44/394 2796/44/400 2797/44/402
f 2790/44/397 2789/44/395 2804/44/401
f 2782/44/396 2797/44/402 2798/44/404
f 2791/44/383 2790/44/397 2805/44/403
f 2783/44/384 2798/44/404 2799/44/406
f 2792/44/386 2791/44/383 2806/44/405
f 2784/44/385 2799/44/406 2800/44/408
f 2786/44/389 2785/44/387 2800/44/408
f 2778/44/388 2793/44/409 2794/44/411
f 2787/44/391 2786/44/389 2801/44/410
f 2779/44/390 2794/44/411 2795/44/412
f 2807/44/407 2806/44/405 2821/44/413
f 2799/44/406 2814/44/427 2815/44/415
f 2801/44/410 2800/44/408 2815/44/415
f 2793/44/409 2808/44/416 2809/44/418
f 2802/44/398 2801/44/410 2816/44/417
f 2794/44/411 2809/44/418 2810/44/420
f 2803/44/399 2802/44/398 2817/44/419
f 2795/44/412 2810/44/420 2811/44/538
f 2804/44/401 2803/44/399 2818/44/421
f 2796/44/400 2811/44/538 2812/44/424
f 2805/44/403 2804/44/401 2819/44/423
f 2797/44/402 2812/44/424 2813/44/426
f 2806/44/405 2805/44/403 2820/44/425
f 2798/44/404 2813/44/426 2814/44/427
f 2810/44/420 2825/44/442 2826/44/428
f 2819/44/423 2818/44/421 2833/44/429
f 2811/44/538 2826/44/428 2827/44/431
f 2820/44/425 2819/44/423 2834/44/430
f 2812/44/424 2827/44/431 2828/44/433
f 2821/44/413 2820/44/425 2835/44/432
f 2813/44/426 2828/44/433 2829/44/435
f 2822/44/414 2821/44/413 2836/44/434
f 2814/44/427 2829/44/435 2830/44/437
f 2816/44/417 2815/44/415 2830/44/437
f 2808/44/416 2823/44/438 2824/44/440
f 2817/44/419 2816/44/417 2831/44/439
f 2809/44/418 2824/44/440 2825/44/442
f 2818/44/421 2817/44/419 2832/44/441
f 2829/44/435 2844/44/457 2845/44/443
f 2831/44/439 2830/44/437 2845/44/443
f 2823/44/438 2838/44/444 2839/44/447
f 2832/44/441 2831/44/439 2846/44/446
f 2824/44/440 2839/44/447 2840/44/449
f 2833/44/429 2832/44/441 2847/44/540
f 2825/44/442 2840/44/449 2841/44/451
f 2834/44/430 2833/44/429 2848/44/450
f 2826/44/428 2841/44/451 2842/44/453
f 2835/44/432 2834/44/430 2849/44/452
f 2827/44/431 2842/44/453 2843/44/455
f 2836/44/434 2835/44/432 2850/44/454
f 2828/44/433 2843/44/455 2844/44/457
f 2837/44/436 2836/44/434 2851/44/456
f 2849/44/452 2848/44/450 2863/44/458
f 2841/44/451 2856/44/472 2857/44/460
f 2850/44/454 2849/44/452 2864/44/459
f 2842/44/453 2857/44/460 2858/44/462
f 2851/44/456 2850/44/454 2865/44/461
f 2843/44/455 2858/44/462 2859/44/464
f 2852/44/445 2851/44/456 2866/44/463
f 2844/44/457 2859/44/464 2860/44/466
f 2846/44/446 2845/44/443 2860/44/466
f 2838/44/444 2853/44/467 2854/44/469
f 2847/44/540 2846/44/446 2861/44/468
f 2839/44/447 2854/44/469 2855/44/471
f 2848/44/450 2847/44/540 2862/44/470
f 2840/44/449 2855/44/471 2856/44/472
f 2861/44/468 2860/44/466 2875/44/475
f 2853/44/467 2868/44/473 2869/44/477
f 2862/44/470 2861/44/468 2876/44/476
f 2854/44/469 2869/44/477 2870/44/479
f 2863/44/458 2862/44/470 2877/44/550
f 2855/44/471 2870/44/479 2871/44/481
f 2864/44/459 2863/44/458 2878/44/480
f 2856/44/472 2871/44/481 2872/44/483
f 2865/44/461 2864/44/459 2879/44/482
f 2857/44/460 2872/44/483 2873/44/485
f 2866/44/463 2865/44/461 2880/44/484
f 2858/44/462 2873/44/485 2874/44/487
f 2867/44/465 2866/44/463 2881/44/486
f 2859/44/464 2874/44/487 2875/44/475
f 2871/44/481 2886/44/502 2887/44/488
f 2880/44/484 2879/44/482 2894/44/489
f 2872/44/483 2887/44/488 2888/44/491
f 2881/44/486 2880/44/484 2895/44/490
f 2873/44/485 2888/44/491 2889/44/493
f 2882/44/474 2881/44/486 2896/44/492
f 2874/44/487 2889/44/493 2890/44/495
f 2876/44/476 2875/44/475 2890/44/495
f 2868/44/473 2883/44/496 2884/44/498
f 2877/44/550 2876/44/476 2891/44/497
f 2869/44/477 2884/44/498 2885/44/500
f 2878/44/480 2877/44/550 2892/44/499
f 2870/44/479 2885/44/500 2886/44/502
f 2879/44/482 2878/44/480 2893/44/501
f 2891/44/497 2890/44/495 2905/44/24
f 2883/44/496 2898/44/51 2899/44/27
f 2892/44/499 2891/44/497 2906/44/26
f 2884/44/498 2899/44/27 2900/44/32
f 2893/44/501 2892/44/499 2907/44/31
f 2885/44/500 2900/44/32 2901/44/36
f 2894/44/489 2893/44/501 2908/44/35
f 2886/44/502 2901/44/36 2902/44/40
f 2895/44/490 2894/44/489 2909/44/39
f 2887/44/488 2902/44/40 2903/44/44
f 2896/44/492 2895/44/490 2910/44/43
f 2888/44/491 2903/44/44 2904/44/48
f 2897/44/494 2896/44/492 2911/44/47
f 2889/44/493 2904/44/48 2905/44/24
s 8
g Catapulta_brazo_metal2
f 3387/44/24 2921/44/50 2922/44/25
f 3381/44/27 3380/44/51 2914/44/28
f 3388/44/26 2922/44/25 2923/44/30
f 3382/44/32 3381/44/27 2915/44/29
f 3389/44/31 2923/44/30 2924/44/34
f 3383/44/36 3382/44/32 2916/44/33
f 3390/44/35 2924/44/34 2925/44/38
f 3384/44/40 3383/44/36 2917/44/37
f 3391/44/39 2925/44/38 2926/44/42
f 3385/44/44 3384/44/40 2918/44/41
f 3392/44/43 2926/44/42 2927/44/46
f 3386/44/48 3385/44/44 2919/44/45
f 3393/44/47 2927/44/46 2928/44/23
f 3387/44/24 3386/44/48 2920/44/49
f 2927/44/46 2942/44/67 2943/44/53
f 2921/44/50 2920/44/49 2935/44/54
f 2921/44/50 2936/44/55 2937/44/57
f 2915/44/29 2914/44/28 2929/44/56
f 2922/44/25 2937/44/57 2938/44/59
f 2916/44/33 2915/44/29 2930/44/58
f 2923/44/30 2938/44/59 2939/44/61
f 2917/44/37 2916/44/33 2931/44/60
f 2924/44/34 2939/44/61 2940/44/63
f 2918/44/41 2917/44/37 2932/44/62
f 2925/44/38 2940/44/63 2941/44/65
f 2919/44/45 2918/44/41 2933/44/64
f 2926/44/42 2941/44/65 2942/44/67
f 2920/44/49 2919/44/45 2934/44/66
f 2932/44/62 2931/44/60 2946/44/68
f 2939/44/61 2954/44/82 2955/44/70
f 2933/44/64 2932/44/62 2947/44/69
f 2940/44/63 2955/44/70 2956/44/72
f 2934/44/66 2933/44/64 2948/44/71
f 2941/44/65 2956/44/72 2957/44/74
f 2935/44/54 2934/44/66 2949/44/73
f 2942/44/67 2957/44/74 2958/44/504
f 2936/44/55 2935/44/54 2950/44/75
f 2936/44/55 2951/44/77 2952/44/79
f 2930/44/58 2929/44/56 2944/44/78
f 2937/44/57 2952/44/79 2953/44/81
f 2931/44/60 2930/44/58 2945/44/80
f 2938/44/59 2953/44/81 2954/44/82
f 2951/44/77 2950/44/75 2965/44/83
f 2951/44/77 2966/44/84 2967/44/87
f 2945/44/80 2944/44/78 2959/44/85
f 2952/44/79 2967/44/87 2968/44/89
f 2946/44/68 2945/44/80 2960/44/88
f 2953/44/81 2968/44/89 2969/44/91
f 2947/44/69 2946/44/68 2961/44/90
f 2954/44/82 2969/44/91 2970/44/93
f 2948/44/71 2947/44/69 2962/44/92
f 2955/44/70 2970/44/93 2971/44/95
f 2949/44/73 2948/44/71 2963/44/522
f 2956/44/72 2971/44/95 2972/44/97
f 2950/44/75 2949/44/73 2964/44/96
f 2957/44/74 2972/44/97 2973/44/86
f 2969/44/91 2984/44/112 2985/44/98
f 2963/44/522 2962/44/92 2977/44/99
f 2970/44/93 2985/44/98 2986/44/101
f 2964/44/96 2963/44/522 2978/44/100
f 2971/44/95 2986/44/101 2987/44/103
f 2965/44/83 2964/44/96 2979/44/102
f 2972/44/97 2987/44/103 2988/44/105
f 2966/44/84 2965/44/83 2980/44/104
f 2966/44/84 2981/44/106 2982/44/108
f 2960/44/88 2959/44/85 2974/44/107
f 2967/44/87 2982/44/108 2983/44/110
f 2961/44/90 2960/44/88 2975/44/109
f 2968/44/89 2983/44/110 2984/44/112
f 2962/44/92 2961/44/90 2976/44/111
f 2981/44/106 2996/44/127 2997/44/114
f 2975/44/109 2974/44/107 2989/44/115
f 2982/44/108 2997/44/114 2998/44/117
f 2976/44/111 2975/44/109 2990/44/116
f 2983/44/110 2998/44/117 2999/44/119
f 2977/44/99 2976/44/111 2991/44/118
f 2984/44/112 2999/44/119 3000/44/542
f 2978/44/100 2977/44/99 2992/44/549
f 2985/44/98 3000/44/542 3001/44/123
f 2979/44/102 2978/44/100 2993/44/122
f 2986/44/101 3001/44/123 3002/44/125
f 2980/44/104 2979/44/102 2994/44/124
f 2987/44/103 3002/44/125 3003/44/113
f 2981/44/106 2980/44/104 2995/44/126
f 3000/44/542 3015/44/142 3016/44/128
f 2994/44/124 2993/44/122 3008/44/129
f 3001/44/123 3016/44/128 3017/44/131
f 2995/44/126 2994/44/124 3009/44/130
f 3002/44/125 3017/44/131 3018/44/133
f 2996/44/127 2995/44/126 3010/44/132
f 2996/44/127 3011/44/134 3012/44/136
f 2990/44/116 2989/44/115 3004/44/135
f 2997/44/114 3012/44/136 3013/44/138
f 2991/44/118 2990/44/116 3005/44/137
f 2998/44/117 3013/44/138 3014/44/140
f 2992/44/549 2991/44/118 3006/44/139
f 2999/44/119 3014/44/140 3015/44/142
f 2993/44/122 2992/44/549 3007/44/141
f 3005/44/137 3004/44/135 3019/44/510
f 3012/44/136 3027/44/157 3028/44/145
f 3006/44/139 3005/44/137 3020/44/144
f 3013/44/138 3028/44/145 3029/44/147
f 3007/44/141 3006/44/139 3021/44/146
f 3014/44/140 3029/44/147 3030/44/149
f 3008/44/129 3007/44/141 3022/44/148
f 3015/44/142 3030/44/149 3031/44/151
f 3009/44/130 3008/44/129 3023/44/150
f 3016/44/128 3031/44/151 3032/44/153
f 3010/44/132 3009/44/130 3024/44/152
f 3017/44/131 3032/44/153 3033/44/155
f 3011/44/134 3010/44/132 3025/44/154
f 3011/44/134 3026/44/156 3027/44/157
f 3023/44/150 3038/44/172 3039/44/158
f 3032/44/153 3031/44/151 3046/44/159
f 3024/44/152 3039/44/158 3040/44/161
f 3033/44/155 3032/44/153 3047/44/160
f 3025/44/154 3040/44/161 3041/44/163
f 3027/44/157 3026/44/156 3041/44/163
f 3019/44/510 3034/44/164 3035/44/166
f 3028/44/145 3027/44/157 3042/44/165
f 3020/44/144 3035/44/166 3036/44/168
f 3029/44/147 3028/44/145 3043/44/167
f 3021/44/146 3036/44/168 3037/44/170
f 3030/44/149 3029/44/147 3044/44/169
f 3022/44/148 3037/44/170 3038/44/172
f 3031/44/151 3030/44/149 3045/44/171
f 3043/44/167 3042/44/165 3057/44/173
f 3035/44/166 3050/44/187 3051/44/175
f 3044/44/169 3043/44/167 3058/44/174
f 3036/44/168 3051/44/175 3052/44/527
f 3045/44/171 3044/44/169 3059/44/176
f 3037/44/170 3052/44/527 3053/44/179
f 3046/44/159 3045/44/171 3060/44/178
f 3038/44/172 3053/44/179 3054/44/181
f 3047/44/160 3046/44/159 3061/44/180
f 3039/44/158 3054/44/181 3055/44/183
f 3048/44/162 3047/44/160 3062/44/182
f 3040/44/161 3055/44/183 3056/44/185
f 3042/44/165 3041/44/163 3056/44/185
f 3034/44/164 3049/44/186 3050/44/187
f 3062/44/182 3061/44/180 3076/44/188
f 3054/44/181 3069/44/202 3070/44/190
f 3063/44/184 3062/44/182 3077/44/189
f 3055/44/183 3070/44/190 3071/44/192
f 3057/44/173 3056/44/185 3071/44/192
f 3049/44/186 3064/44/193 3065/44/195
f 3058/44/174 3057/44/173 3072/44/194
f 3050/44/187 3065/44/195 3066/44/197
f 3059/44/176 3058/44/174 3073/44/196
f 3051/44/175 3066/44/197 3067/44/199
f 3060/44/178 3059/44/176 3074/44/198
f 3052/44/527 3067/44/199 3068/44/201
f 3061/44/180 3060/44/178 3075/44/200
f 3053/44/179 3068/44/201 3069/44/202
f 3065/44/195 3080/44/217 3081/44/203
f 3074/44/198 3073/44/196 3088/44/204
f 3066/44/197 3081/44/203 3082/44/206
f 3075/44/200 3074/44/198 3089/44/205
f 3067/44/199 3082/44/206 3083/44/208
f 3076/44/188 3075/44/200 3090/44/207
f 3068/44/201 3083/44/208 3084/44/210
f 3077/44/189 3076/44/188 3091/44/209
f 3069/44/202 3084/44/210 3085/44/212
f 3078/44/191 3077/44/189 3092/44/211
f 3070/44/190 3085/44/212 3086/44/214
f 3072/44/194 3071/44/192 3086/44/214
f 3064/44/193 3079/44/215 3080/44/217
f 3073/44/196 3072/44/194 3087/44/216
f 3084/44/210 3099/44/232 3100/44/218
f 3093/44/213 3092/44/211 3107/44/219
f 3085/44/212 3100/44/218 3101/44/221
f 3087/44/216 3086/44/214 3101/44/221
f 3079/44/215 3094/44/552 3095/44/224
f 3088/44/204 3087/44/216 3102/44/223
f 3080/44/217 3095/44/224 3096/44/226
f 3089/44/205 3088/44/204 3103/44/225
f 3081/44/203 3096/44/226 3097/44/228
f 3090/44/207 3089/44/205 3104/44/227
f 3082/44/206 3097/44/228 3098/44/230
f 3091/44/209 3090/44/207 3105/44/229
f 3083/44/208 3098/44/230 3099/44/232
f 3092/44/211 3091/44/209 3106/44/231
f 3104/44/227 3103/44/225 3118/44/233
f 3096/44/226 3111/44/247 3112/44/235
f 3105/44/229 3104/44/227 3119/44/234
f 3097/44/228 3112/44/235 3113/44/237
f 3106/44/231 3105/44/229 3120/44/236
f 3098/44/230 3113/44/237 3114/44/239
f 3107/44/219 3106/44/231 3121/44/238
f 3099/44/232 3114/44/239 3115/44/241
f 3108/44/551 3107/44/219 3122/44/240
f 3100/44/218 3115/44/241 3116/44/243
f 3102/44/223 3101/44/221 3116/44/243
f 3094/44/552 3109/44/244 3110/44/246
f 3103/44/225 3102/44/223 3117/44/245
f 3095/44/224 3110/44/246 3111/44/247
f 3123/44/242 3122/44/240 3137/44/248
f 3115/44/241 3130/44/262 3131/44/250
f 3117/44/245 3116/44/243 3131/44/250
f 3109/44/244 3124/44/251 3125/44/253
f 3118/44/233 3117/44/245 3132/44/252
f 3110/44/246 3125/44/253 3126/44/255
f 3119/44/234 3118/44/233 3133/44/254
f 3111/44/247 3126/44/255 3127/44/257
f 3120/44/236 3119/44/234 3134/44/256
f 3112/44/235 3127/44/257 3128/44/259
f 3121/44/238 3120/44/236 3135/44/258
f 3113/44/237 3128/44/259 3129/44/261
f 3122/44/240 3121/44/238 3136/44/260
f 3114/44/239 3129/44/261 3130/44/262
f 3135/44/258 3134/44/256 3149/44/263
f 3127/44/257 3142/44/277 3143/44/265
f 3136/44/260 3135/44/258 3150/44/264
f 3128/44/259 3143/44/265 3144/44/267
f 3137/44/248 3136/44/260 3151/44/266
f 3129/44/261 3144/44/267 3145/44/269
f 3138/44/249 3137/44/248 3152/44/268
f 3130/44/262 3145/44/269 3146/44/271
f 3132/44/252 3131/44/250 3146/44/271
f 3124/44/251 3139/44/272 3140/44/274
f 3133/44/254 3132/44/252 3147/44/273
f 3125/44/253 3140/44/274 3141/44/276
f 3134/44/256 3133/44/254 3148/44/275
f 3126/44/255 3141/44/276 3142/44/277
f 3146/44/271 3161/44/292 3162/44/280
f 3140/44/274 3139/44/272 3154/44/278
f 3147/44/273 3162/44/280 3163/44/282
f 3141/44/276 3140/44/274 3155/44/281
f 3148/44/275 3163/44/282 3164/44/284
f 3142/44/277 3141/44/276 3156/44/283
f 3149/44/263 3164/44/284 3165/44/286
f 3143/44/265 3142/44/277 3157/44/285
f 3150/44/264 3165/44/286 3166/44/288
f 3144/44/267 3143/44/265 3158/44/287
f 3151/44/266 3166/44/288 3167/44/290
f 3145/44/269 3144/44/267 3159/44/289
f 3152/44/268 3167/44/290 3168/44/279
f 3146/44/271 3145/44/269 3160/44/291
f 3158/44/287 3157/44/285 3173/44/293
f 3165/44/286 3181/44/307 3182/44/295
f 3159/44/289 3158/44/287 3174/44/294
f 3166/44/288 3182/44/295 3183/44/297
f 3160/44/291 3159/44/289 3175/44/512
f 3167/44/290 3183/44/297 3184/44/299
f 3161/44/292 3160/44/291 3176/44/298
f 3161/44/292 3177/44/553 3178/44/302
f 3155/44/281 3154/44/278 3170/44/301
f 3162/44/280 3178/44/302 3179/44/304
f 3156/44/283 3155/44/281 3171/44/303
f 3163/44/282 3179/44/304 3180/44/306
f 3157/44/285 3156/44/283 3172/44/305
f 3164/44/284 3180/44/306 3181/44/307
f 3177/44/553 3192/44/322 3193/44/308
f 3171/44/303 3170/44/301 3185/44/554
f 3178/44/302 3193/44/308 3194/44/311
f 3172/44/305 3171/44/303 3186/44/310
f 3179/44/304 3194/44/311 3195/44/313
f 3173/44/293 3172/44/305 3187/44/312
f 3180/44/306 3195/44/313 3196/44/315
f 3174/44/294 3173/44/293 3188/44/314
f 3181/44/307 3196/44/315 3197/44/317
f 3175/44/512 3174/44/294 3189/44/316
f 3182/44/295 3197/44/317 3198/44/319
f 3176/44/298 3175/44/512 3190/44/318
f 3183/44/297 3198/44/319 3199/44/321
f 3177/44/553 3176/44/298 3191/44/320
f 3196/44/315 3211/44/337 3212/44/323
f 3190/44/318 3189/44/316 3204/44/324
f 3197/44/317 3212/44/323 3213/44/326
f 3191/44/320 3190/44/318 3205/44/325
f 3198/44/319 3213/44/326 3214/44/328
f 3192/44/322 3191/44/320 3206/44/327
f 3192/44/322 3207/44/329 3208/44/331
f 3186/44/310 3185/44/554 3200/44/330
f 3193/44/308 3208/44/331 3209/44/333
f 3187/44/312 3186/44/310 3201/44/332
f 3194/44/311 3209/44/333 3210/44/335
f 3188/44/314 3187/44/312 3202/44/334
f 3195/44/313 3210/44/335 3211/44/337
f 3189/44/316 3188/44/314 3203/44/336
f 3201/44/332 3200/44/330 3215/44/338
f 3208/44/331 3223/44/352 3224/44/340
f 3202/44/334 3201/44/332 3216/44/339
f 3209/44/333 3224/44/340 3225/44/342
f 3203/44/336 3202/44/334 3217/44/341
f 3210/44/335 3225/44/342 3226/44/344
f 3204/44/324 3203/44/336 3218/44/343
f 3211/44/337 3226/44/344 3227/44/346
f 3205/44/325 3204/44/324 3219/44/345
f 3212/44/323 3227/44/346 3228/44/348
f 3206/44/327 3205/44/325 3220/44/347
f 3213/44/326 3228/44/348 3229/44/350
f 3207/44/329 3206/44/327 3221/44/349
f 3207/44/329 3222/44/351 3223/44/352
f 3220/44/347 3219/44/345 3234/44/353
f 3227/44/346 3242/44/367 3243/44/355
f 3221/44/349 3220/44/347 3235/44/354
f 3228/44/348 3243/44/355 3244/44/357
f 3222/44/351 3221/44/349 3236/44/356
f 3222/44/351 3237/44/358 3238/44/360
f 3216/44/339 3215/44/338 3230/44/359
f 3223/44/352 3238/44/360 3239/44/362
f 3217/44/341 3216/44/339 3231/44/361
f 3224/44/340 3239/44/362 3240/44/364
f 3218/44/343 3217/44/341 3232/44/363
f 3225/44/342 3240/44/364 3241/44/514
f 3219/44/345 3218/44/343 3233/44/548
f 3226/44/344 3241/44/514 3242/44/367
f 3238/44/360 3253/44/382 3254/44/368
f 3232/44/363 3231/44/361 3246/44/369
f 3239/44/362 3254/44/368 3255/44/371
f 3233/44/548 3232/44/363 3247/44/370
f 3240/44/364 3255/44/371 3256/44/373
f 3234/44/353 3233/44/548 3248/44/372
f 3241/44/514 3256/44/373 3257/44/375
f 3235/44/354 3234/44/353 3249/44/374
f 3242/44/367 3257/44/375 3258/44/377
f 3236/44/356 3235/44/354 3250/44/376
f 3243/44/355 3258/44/377 3259/44/379
f 3237/44/358 3236/44/356 3251/44/378
f 3237/44/358 3252/44/380 3253/44/382
f 3231/44/361 3230/44/359 3245/44/381
f 3257/44/375 3272/44/397 3273/44/383
f 3251/44/378 3250/44/376 3265/44/384
f 3258/44/377 3273/44/383 3274/44/386
f 3252/44/380 3251/44/378 3266/44/385
f 3252/44/380 3267/44/387 3268/44/389
f 3246/44/369 3245/44/381 3260/44/388
f 3253/44/382 3268/44/389 3269/44/391
f 3247/44/370 3246/44/369 3261/44/390
f 3254/44/368 3269/44/391 3270/44/393
f 3248/44/372 3247/44/370 3262/44/392
f 3255/44/371 3270/44/393 3271/44/395
f 3249/44/374 3248/44/372 3263/44/394
f 3256/44/373 3271/44/395 3272/44/397
f 3250/44/376 3249/44/374 3264/44/396
f 3270/44/393 3269/44/391 3284/44/398
f 3262/44/392 3277/44/412 3278/44/400
f 3271/44/395 3270/44/393 3285/44/399
f 3263/44/394 3278/44/400 3279/44/402
f 3272/44/397 3271/44/395 3286/44/401
f 3264/44/396 3279/44/402 3280/44/404
f 3273/44/383 3272/44/397 3287/44/403
f 3265/44/384 3280/44/404 3281/44/406
f 3274/44/386 3273/44/383 3288/44/405
f 3266/44/385 3281/44/406 3282/44/408
f 3268/44/389 3267/44/387 3282/44/408
f 3260/44/388 3275/44/409 3276/44/411
f 3269/44/391 3268/44/389 3283/44/410
f 3261/44/390 3276/44/411 3277/44/412
f 3289/44/407 3288/44/405 3303/44/413
f 3281/44/406 3296/44/427 3297/44/415
f 3283/44/410 3282/44/408 3297/44/415
f 3275/44/409 3290/44/416 3291/44/418
f 3284/44/398 3283/44/410 3298/44/417
f 3276/44/411 3291/44/418 3292/44/420
f 3285/44/399 3284/44/398 3299/44/419
f 3277/44/412 3292/44/420 3293/44/422
f 3286/44/401 3285/44/399 3300/44/421
f 3278/44/400 3293/44/422 3294/44/424
f 3287/44/403 3286/44/401 3301/44/423
f 3279/44/402 3294/44/424 3295/44/426
f 3288/44/405 3287/44/403 3302/44/425
f 3280/44/404 3295/44/426 3296/44/427
f 3292/44/420 3307/44/442 3308/44/428
f 3301/44/423 3300/44/421 3315/44/429
f 3293/44/422 3308/44/428 3309/44/431
f 3302/44/425 3301/44/423 3316/44/430
f 3294/44/424 3309/44/431 3310/44/433
f 3303/44/413 3302/44/425 3317/44/432
f 3295/44/426 3310/44/433 3311/44/435
f 3304/44/414 3303/44/413 3318/44/434
f 3296/44/427 3311/44/435 3312/44/437
f 3298/44/417 3297/44/415 3312/44/437
f 3290/44/416 3305/44/438 3306/44/440
f 3299/44/419 3298/44/417 3313/44/439
f 3291/44/418 3306/44/440 3307/44/442
f 3300/44/421 3299/44/419 3314/44/441
f 3311/44/435 3326/44/457 3327/44/443
f 3313/44/439 3312/44/437 3327/44/443
f 3305/44/438 3320/44/444 3321/44/447
f 3314/44/441 3313/44/439 3328/44/446
f 3306/44/440 3321/44/447 3322/44/449
f 3315/44/429 3314/44/441 3329/44/540
f 3307/44/442 3322/44/449 3323/44/451
f 3316/44/430 3315/44/429 3330/44/450
f 3308/44/428 3323/44/451 3324/44/453
f 3317/44/432 3316/44/430 3331/44/452
f 3309/44/431 3324/44/453 3325/44/455
f 3318/44/434 3317/44/432 3332/44/454
f 3310/44/433 3325/44/455 3326/44/457
f 3319/44/436 3318/44/434 3333/44/456
f 3331/44/452 3330/44/450 3345/44/458
f 3323/44/451 3338/44/472 3339/44/460
f 3332/44/454 3331/44/452 3346/44/459
f 3324/44/453 3339/44/460 3340/44/462
f 3333/44/456 3332/44/454 3347/44/461
f 3325/44/455 3340/44/462 3341/44/464
f 3334/44/445 3333/44/456 3348/44/463
f 3326/44/457 3341/44/464 3342/44/466
f 3328/44/446 3327/44/443 3342/44/466
f 3320/44/444 3335/44/467 3336/44/469
f 3329/44/540 3328/44/446 3343/44/468
f 3321/44/447 3336/44/469 3337/44/471
f 3330/44/450 3329/44/540 3344/44/470
f 3322/44/449 3337/44/471 3338/44/472
f 3343/44/468 3342/44/466 3357/44/475
f 3335/44/467 3350/44/473 3351/44/477
f 3344/44/470 3343/44/468 3358/44/476
f 3336/44/469 3351/44/477 3352/44/479
f 3345/44/458 3344/44/470 3359/44/478
f 3337/44/471 3352/44/479 3353/44/481
f 3346/44/459 3345/44/458 3360/44/480
f 3338/44/472 3353/44/481 3354/44/483
f 3347/44/461 3346/44/459 3361/44/482
f 3339/44/460 3354/44/483 3355/44/485
f 3348/44/463 3347/44/461 3362/44/484
f 3340/44/462 3355/44/485 3356/44/487
f 3349/44/518 3348/44/463 3363/44/486
f 3341/44/464 3356/44/487 3357/44/475
f 3353/44/481 3368/44/502 3369/44/488
f 3362/44/484 3361/44/482 3376/44/489
f 3354/44/483 3369/44/488 3370/44/491
f 3363/44/486 3362/44/484 3377/44/490
f 3355/44/485 3370/44/491 3371/44/493
f 3364/44/474 3363/44/486 3378/44/492
f 3356/44/487 3371/44/493 3372/44/495
f 3358/44/476 3357/44/475 3372/44/495
f 3350/44/473 3365/44/496 3366/44/498
f 3359/44/478 3358/44/476 3373/44/497
f 3351/44/477 3366/44/498 3367/44/500
f 3360/44/480 3359/44/478 3374/44/499
f 3352/44/479 3367/44/500 3368/44/502
f 3361/44/482 3360/44/480 3375/44/501
f 3373/44/497 3372/44/495 3387/44/24
f 3365/44/496 3380/44/51 3381/44/27
f 3374/44/499 3373/44/497 3388/44/26
f 3366/44/498 3381/44/27 3382/44/32
f 3375/44/501 3374/44/499 3389/44/31
f 3367/44/500 3382/44/32 3383/44/36
f 3376/44/489 3375/44/501 3390/44/35
f 3368/44/502 3383/44/36 3384/44/40
f 3377/44/490 3376/44/489 3391/44/39
f 3369/44/488 3384/44/40 3385/44/44
f 3378/44/492 3377/44/490 3392/44/43
f 3370/44/491 3385/44/44 3386/44/48
f 3379/44/494 3378/44/492 3393/44/47
f 3371/44/493 3386/44/48 3387/44/24
s 9
g Catapulta_brazo_metal
f 3869/44/24 3403/44/50 3404/44/25
f 3863/44/27 3862/44/51 3396/44/28
f 3870/44/26 3404/44/25 3405/44/30
f 3864/44/32 3863/44/27 3397/44/29
f 3871/44/31 3405/44/30 3406/44/34
f 3865/44/36 3864/44/32 3398/44/33
f 3872/44/35 3406/44/34 3407/44/38
f 3866/44/40 3865/44/36 3399/44/37
f 3873/44/39 3407/44/38 3408/44/42
f 3867/44/44 3866/44/40 3400/44/41
f 3874/44/43 3408/44/42 3409/44/46
f 3868/44/48 3867/44/44 3401/44/45
f 3875/44/47 3409/44/46 3410/44/23
f 3869/44/24 3868/44/48 3402/44/49
f 3409/44/46 3424/44/67 3425/44/53
f 3403/44/50 3402/44/49 3417/44/54
f 3403/44/50 3418/44/555 3419/44/57
f 3397/44/29 3396/44/28 3411/44/56
f 3404/44/25 3419/44/57 3420/44/59
f 3398/44/33 3397/44/29 3412/44/58
f 3405/44/30 3420/44/59 3421/44/61
f 3399/44/37 3398/44/33 3413/44/60
f 3406/44/34 3421/44/61 3422/44/63
f 3400/44/41 3399/44/37 3414/44/62
f 3407/44/38 3422/44/63 3423/44/65
f 3401/44/45 3400/44/41 3415/44/64
f 3408/44/42 3423/44/65 3424/44/67
f 3402/44/49 3401/44/45 3416/44/66
f 3414/44/62 3413/44/60 3428/44/503
f 3421/44/61 3436/44/82 3437/44/70
f 3415/44/64 3414/44/62 3429/44/69
f 3422/44/63 3437/44/70 3438/44/556
f 3416/44/66 3415/44/64 3430/44/71
f 3423/44/65 3438/44/556 3439/44/74
f 3417/44/54 3416/44/66 3431/44/73
f 3424/44/67 3439/44/74 3440/44/504
f 3418/44/555 3417/44/54 3432/44/75
f 3418/44/555 3433/44/77 3434/44/79
f 3412/44/58 3411/44/56 3426/44/78
f 3419/44/57 3434/44/79 3435/44/81
f 3413/44/60 3412/44/58 3427/44/80
f 3420/44/59 3435/44/81 3436/44/82
f 3433/44/77 3432/44/75 3447/44/83
f 3433/44/77 3448/44/84 3449/44/87
f 3427/44/80 3426/44/78 3441/44/85
f 3434/44/79 3449/44/87 3450/44/557
f 3428/44/503 3427/44/80 3442/44/88
f 3435/44/81 3450/44/557 3451/44/91
f 3429/44/69 3428/44/503 3443/44/90
f 3436/44/82 3451/44/91 3452/44/93
f 3430/44/71 3429/44/69 3444/44/92
f 3437/44/70 3452/44/93 3453/44/95
f 3431/44/73 3430/44/71 3445/44/522
f 3438/44/556 3453/44/95 3454/44/97
f 3432/44/75 3431/44/73 3446/44/558
f 3439/44/74 3454/44/97 3455/44/86
f 3451/44/91 3466/44/112 3467/44/98
f 3445/44/522 3444/44/92 3459/44/99
f 3452/44/93 3467/44/98 3468/44/101
f 3446/44/558 3445/44/522 3460/44/100
f 3453/44/95 3468/44/101 3469/44/103
f 3447/44/83 3446/44/558 3461/44/102
f 3454/44/97 3469/44/103 3470/44/105
f 3448/44/84 3447/44/83 3462/44/104
f 3448/44/84 3463/44/106 3464/44/108
f 3442/44/88 3441/44/85 3456/44/107
f 3449/44/87 3464/44/108 3465/44/110
f 3443/44/90 3442/44/88 3457/44/109
f 3450/44/557 3465/44/110 3466/44/112
f 3444/44/92 3443/44/90 3458/44/111
f 3463/44/106 3478/44/127 3479/44/114
f 3457/44/109 3456/44/107 3471/44/115
f 3464/44/108 3479/44/114 3480/44/117
f 3458/44/111 3457/44/109 3472/44/116
f 3465/44/110 3480/44/117 3481/44/119
f 3459/44/99 3458/44/111 3473/44/118
f 3466/44/112 3481/44/119 3482/44/542
f 3460/44/100 3459/44/99 3474/44/549
f 3467/44/98 3482/44/542 3483/44/123
f 3461/44/102 3460/44/100 3475/44/122
f 3468/44/101 3483/44/123 3484/44/125
f 3462/44/104 3461/44/102 3476/44/124
f 3469/44/103 3484/44/125 3485/44/113
f 3463/44/106 3462/44/104 3477/44/126
f 3482/44/542 3497/44/142 3498/44/128
f 3476/44/124 3475/44/122 3490/44/508
f 3483/44/123 3498/44/128 3499/44/131
f 3477/44/126 3476/44/124 3491/44/130
f 3484/44/125 3499/44/131 3500/44/133
f 3478/44/127 3477/44/126 3492/44/132
f 3478/44/127 3493/44/134 3494/44/136
f 3472/44/116 3471/44/115 3486/44/135
f 3479/44/114 3494/44/136 3495/44/138
f 3473/44/118 3472/44/116 3487/44/137
f 3480/44/117 3495/44/138 3496/44/509
f 3474/44/549 3473/44/118 3488/44/139
f 3481/44/119 3496/44/509 3497/44/142
f 3475/44/122 3474/44/549 3489/44/141
f 3487/44/137 3486/44/135 3501/44/510
f 3494/44/136 3509/44/157 3510/44/145
f 3488/44/139 3487/44/137 3502/44/144
f 3495/44/138 3510/44/145 3511/44/147
f 3489/44/141 3488/44/139 3503/44/146
f 3496/44/509 3511/44/147 3512/44/149
f 3490/44/508 3489/44/141 3504/44/148
f 3497/44/142 3512/44/149 3513/44/151
f 3491/44/130 3490/44/508 3505/44/150
f 3498/44/128 3513/44/151 3514/44/153
f 3492/44/132 3491/44/130 3506/44/152
f 3499/44/131 3514/44/153 3515/44/155
f 3493/44/134 3492/44/132 3507/44/154
f 3493/44/134 3508/44/156 3509/44/157
f 3505/44/150 3520/44/172 3521/44/158
f 3514/44/153 3513/44/151 3528/44/159
f 3506/44/152 3521/44/158 3522/44/161
f 3515/44/155 3514/44/153 3529/44/160
f 3507/44/154 3522/44/161 3523/44/163
f 3509/44/157 3508/44/156 3523/44/163
f 3501/44/510 3516/44/164 3517/44/166
f 3510/44/145 3509/44/157 3524/44/165
f 3502/44/144 3517/44/166 3518/44/168
f 3511/44/147 3510/44/145 3525/44/167
f 3503/44/146 3518/44/168 3519/44/170
f 3512/44/149 3511/44/147 3526/44/169
f 3504/44/148 3519/44/170 3520/44/172
f 3513/44/151 3512/44/149 3527/44/171
f 3525/44/167 3524/44/165 3539/44/173
f 3517/44/166 3532/44/187 3533/44/175
f 3526/44/169 3525/44/167 3540/44/526
f 3518/44/168 3533/44/175 3534/44/177
f 3527/44/171 3526/44/169 3541/44/176
f 3519/44/170 3534/44/177 3535/44/179
f 3528/44/159 3527/44/171 3542/44/511
f 3520/44/172 3535/44/179 3536/44/528
f 3529/44/160 3528/44/159 3543/44/180
f 3521/44/158 3536/44/528 3537/44/183
f 3530/44/162 3529/44/160 3544/44/182
f 3522/44/161 3537/44/183 3538/44/185
f 3524/44/165 3523/44/163 3538/44/185
f 3516/44/164 3531/44/186 3532/44/187
f 3544/44/182 3543/44/180 3558/44/188
f 3536/44/528 3551/44/202 3552/44/190
f 3545/44/184 3544/44/182 3559/44/189
f 3537/44/183 3552/44/190 3553/44/192
f 3539/44/173 3538/44/185 3553/44/192
f 3531/44/186 3546/44/193 3547/44/195
f 3540/44/526 3539/44/173 3554/44/194
f 3532/44/187 3547/44/195 3548/44/197
f 3541/44/176 3540/44/526 3555/44/196
f 3533/44/175 3548/44/197 3549/44/199
f 3542/44/511 3541/44/176 3556/44/198
f 3534/44/177 3549/44/199 3550/44/201
f 3543/44/180 3542/44/511 3557/44/200
f 3535/44/179 3550/44/201 3551/44/202
f 3547/44/195 3562/44/217 3563/44/203
f 3556/44/198 3555/44/196 3570/44/204
f 3548/44/197 3563/44/203 3564/44/206
f 3557/44/200 3556/44/198 3571/44/205
f 3549/44/199 3564/44/206 3565/44/208
f 3558/44/188 3557/44/200 3572/44/207
f 3550/44/201 3565/44/208 3566/44/210
f 3559/44/189 3558/44/188 3573/44/209
f 3551/44/202 3566/44/210 3567/44/212
f 3560/44/191 3559/44/189 3574/44/211
f 3552/44/190 3567/44/212 3568/44/214
f 3554/44/194 3553/44/192 3568/44/214
f 3546/44/193 3561/44/215 3562/44/217
f 3555/44/196 3554/44/194 3569/44/216
f 3566/44/210 3581/44/232 3582/44/218
f 3575/44/213 3574/44/211 3589/44/219
f 3567/44/212 3582/44/218 3583/44/221
f 3569/44/216 3568/44/214 3583/44/221
f 3561/44/215 3576/44/222 3577/44/224
f 3570/44/204 3569/44/216 3584/44/223
f 3562/44/217 3577/44/224 3578/44/226
f 3571/44/205 3570/44/204 3585/44/225
f 3563/44/203 3578/44/226 3579/44/228
f 3572/44/207 3571/44/205 3586/44/227
f 3564/44/206 3579/44/228 3580/44/230
f 3573/44/209 3572/44/207 3587/44/229
f 3565/44/208 3580/44/230 3581/44/232
f 3574/44/211 3573/44/209 3588/44/231
f 3586/44/227 3585/44/225 3600/44/559
f 3578/44/226 3593/44/247 3594/44/235
f 3587/44/229 3586/44/227 3601/44/234
f 3579/44/228 3594/44/235 3595/44/237
f 3588/44/231 3587/44/229 3602/44/236
f 3580/44/230 3595/44/237 3596/44/560
f 3589/44/219 3588/44/231 3603/44/238
f 3581/44/232 3596/44/560 3597/44/241
f 3590/44/220 3589/44/219 3604/44/240
f 3582/44/218 3597/44/241 3598/44/243
f 3584/44/223 3583/44/221 3598/44/243
f 3576/44/222 3591/44/244 3592/44/246
f 3585/44/225 3584/44/223 3599/44/245
f 3577/44/224 3592/44/246 3593/44/247
f 3605/44/242 3604/44/240 3619/44/248
f 3597/44/241 3612/44/262 3613/44/250
f 3599/44/245 3598/44/243 3613/44/250
f 3591/44/244 3606/44/251 3607/44/253
f 3600/44/559 3599/44/245 3614/44/252
f 3592/44/246 3607/44/253 3608/44/255
f 3601/44/234 3600/44/559 3615/44/254
f 3593/44/247 3608/44/255 3609/44/257
f 3602/44/236 3601/44/234 3616/44/256
f 3594/44/235 3609/44/257 3610/44/259
f 3603/44/238 3602/44/236 3617/44/258
f 3595/44/237 3610/44/259 3611/44/261
f 3604/44/240 3603/44/238 3618/44/260
f 3596/44/560 3611/44/261 3612/44/262
f 3617/44/258 3616/44/256 3631/44/263
f 3609/44/257 3624/44/277 3625/44/265
f 3618/44/260 3617/44/258 3632/44/264
f 3610/44/259 3625/44/265 3626/44/267
f 3619/44/248 3618/44/260 3633/44/266
f 3611/44/261 3626/44/267 3627/44/269
f 3620/44/249 3619/44/248 3634/44/268
f 3612/44/262 3627/44/269 3628/44/271
f 3614/44/252 3613/44/250 3628/44/271
f 3606/44/251 3621/44/272 3622/44/274
f 3615/44/254 3614/44/252 3629/44/273
f 3607/44/253 3622/44/274 3623/44/276
f 3616/44/256 3615/44/254 3630/44/275
f 3608/44/255 3623/44/276 3624/44/277
f 3628/44/271 3643/44/292 3644/44/280
f 3622/44/274 3621/44/272 3636/44/278
f 3629/44/273 3644/44/280 3645/44/282
f 3623/44/276 3622/44/274 3637/44/281
f 3630/44/275 3645/44/282 3646/44/284
f 3624/44/277 3623/44/276 3638/44/283
f 3631/44/263 3646/44/284 3647/44/286
f 3625/44/265 3624/44/277 3639/44/285
f 3632/44/264 3647/44/286 3648/44/288
f 3626/44/267 3625/44/265 3640/44/287
f 3633/44/266 3648/44/288 3649/44/290
f 3627/44/269 3626/44/267 3641/44/289
f 3634/44/268 3649/44/290 3650/44/279
f 3628/44/271 3627/44/269 3642/44/291
f 3640/44/287 3639/44/285 3655/44/293
f 3647/44/286 3663/44/307 3664/44/295
f 3641/44/289 3640/44/287 3656/44/294
f 3648/44/288 3664/44/295 3665/44/297
f 3642/44/291 3641/44/289 3657/44/296
f 3649/44/290 3665/44/297 3666/44/299
f 3643/44/292 3642/44/291 3658/44/298
f 3643/44/292 3659/44/553 3660/44/302
f 3637/44/281 3636/44/278 3652/44/301
f 3644/44/280 3660/44/302 3661/44/561
f 3638/44/283 3637/44/281 3653/44/303
f 3645/44/282 3661/44/561 3662/44/306
f 3639/44/285 3638/44/283 3654/44/305
f 3646/44/284 3662/44/306 3663/44/307
f 3659/44/553 3674/44/322 3675/44/308
f 3653/44/303 3652/44/301 3667/44/309
f 3660/44/302 3675/44/308 3676/44/311
f 3654/44/305 3653/44/303 3668/44/310
f 3661/44/561 3676/44/311 3677/44/313
f 3655/44/293 3654/44/305 3669/44/533
f 3662/44/306 3677/44/313 3678/44/315
f 3656/44/294 3655/44/293 3670/44/314
f 3663/44/307 3678/44/315 3679/44/317
f 3657/44/296 3656/44/294 3671/44/316
f 3664/44/295 3679/44/317 3680/44/319
f 3658/44/298 3657/44/296 3672/44/318
f 3665/44/297 3680/44/319 3681/44/321
f 3659/44/553 3658/44/298 3673/44/320
f 3678/44/315 3693/44/337 3694/44/323
f 3672/44/318 3671/44/316 3686/44/562
f 3679/44/317 3694/44/323 3695/44/326
f 3673/44/320 3672/44/318 3687/44/325
f 3680/44/319 3695/44/326 3696/44/328
f 3674/44/322 3673/44/320 3688/44/327
f 3674/44/322 3689/44/329 3690/44/331
f 3668/44/310 3667/44/309 3682/44/330
f 3675/44/308 3690/44/331 3691/44/333
f 3669/44/533 3668/44/310 3683/44/332
f 3676/44/311 3691/44/333 3692/44/513
f 3670/44/314 3669/44/533 3684/44/334
f 3677/44/313 3692/44/513 3693/44/337
f 3671/44/316 3670/44/314 3685/44/336
f 3683/44/332 3682/44/330 3697/44/338
f 3690/44/331 3705/44/352 3706/44/340
f 3684/44/334 3683/44/332 3698/44/339
f 3691/44/333 3706/44/340 3707/44/342
f 3685/44/336 3684/44/334 3699/44/341
f 3692/44/513 3707/44/342 3708/44/344
f 3686/44/562 3685/44/336 3700/44/343
f 3693/44/337 3708/44/344 3709/44/346
f 3687/44/325 3686/44/562 3701/44/345
f 3694/44/323 3709/44/346 3710/44/348
f 3688/44/327 3687/44/325 3702/44/347
f 3695/44/326 3710/44/348 3711/44/350
f 3689/44/329 3688/44/327 3703/44/349
f 3689/44/329 3704/44/351 3705/44/352
f 3702/44/347 3701/44/345 3716/44/353
f 3709/44/346 3724/44/367 3725/44/355
f 3703/44/349 3702/44/347 3717/44/534
f 3710/44/348 3725/44/355 3726/44/357
f 3704/44/351 3703/44/349 3718/44/356
f 3704/44/351 3719/44/358 3720/44/360
f 3698/44/339 3697/44/338 3712/44/359
f 3705/44/352 3720/44/360 3721/44/535
f 3699/44/341 3698/44/339 3713/44/361
f 3706/44/340 3721/44/535 3722/44/364
f 3700/44/343 3699/44/341 3714/44/363
f 3707/44/342 3722/44/364 3723/44/366
f 3701/44/345 3700/44/343 3715/44/548
f 3708/44/344 3723/44/366 3724/44/367
f 3720/44/360 3735/44/382 3736/44/368
f 3714/44/363 3713/44/361 3728/44/369
f 3721/44/535 3736/44/368 3737/44/563
f 3715/44/548 3714/44/363 3729/44/370
f 3722/44/364 3737/44/563 3738/44/373
f 3716/44/353 3715/44/548 3730/44/372
f 3723/44/366 3738/44/373 3739/44/375
f 3717/44/534 3716/44/353 3731/44/564
f 3724/44/367 3739/44/375 3740/44/377
f 3718/44/356 3717/44/534 3732/44/376
f 3725/44/355 3740/44/377 3741/44/379
f 3719/44/358 3718/44/356 3733/44/378
f 3719/44/358 3734/44/380 3735/44/382
f 3713/44/361 3712/44/359 3727/44/381
f 3739/44/375 3754/44/397 3755/44/383
f 3733/44/378 3732/44/376 3747/44/384
f 3740/44/377 3755/44/383 3756/44/386
f 3734/44/380 3733/44/378 3748/44/385
f 3734/44/380 3749/44/387 3750/44/389
f 3728/44/369 3727/44/381 3742/44/388
f 3735/44/382 3750/44/389 3751/44/391
f 3729/44/370 3728/44/369 3743/44/390
f 3736/44/368 3751/44/391 3752/44/393
f 3730/44/372 3729/44/370 3744/44/392
f 3737/44/563 3752/44/393 3753/44/395
f 3731/44/564 3730/44/372 3745/44/394
f 3738/44/373 3753/44/395 3754/44/397
f 3732/44/376 3731/44/564 3746/44/396
f 3752/44/393 3751/44/391 3766/44/398
f 3744/44/392 3759/44/412 3760/44/400
f 3753/44/395 3752/44/393 3767/44/399
f 3745/44/394 3760/44/400 3761/44/402
f 3754/44/397 3753/44/395 3768/44/401
f 3746/44/396 3761/44/402 3762/44/404
f 3755/44/383 3754/44/397 3769/44/403
f 3747/44/384 3762/44/404 3763/44/406
f 3756/44/386 3755/44/383 3770/44/405
f 3748/44/385 3763/44/406 3764/44/408
f 3750/44/389 3749/44/387 3764/44/408
f 3742/44/388 3757/44/409 3758/44/411
f 3751/44/391 3750/44/389 3765/44/410
f 3743/44/390 3758/44/411 3759/44/412
f 3771/44/407 3770/44/405 3785/44/413
f 3763/44/406 3778/44/427 3779/44/415
f 3765/44/410 3764/44/408 3779/44/415
f 3757/44/409 3772/44/416 3773/44/418
f 3766/44/398 3765/44/410 3780/44/417
f 3758/44/411 3773/44/418 3774/44/420
f 3767/44/399 3766/44/398 3781/44/419
f 3759/44/412 3774/44/420 3775/44/538
f 3768/44/401 3767/44/399 3782/44/421
f 3760/44/400 3775/44/538 3776/44/424
f 3769/44/403 3768/44/401 3783/44/515
f 3761/44/402 3776/44/424 3777/44/426
f 3770/44/405 3769/44/403 3784/44/425
f 3762/44/404 3777/44/426 3778/44/427
f 3774/44/420 3789/44/442 3790/44/428
f 3783/44/515 3782/44/421 3797/44/429
f 3775/44/538 3790/44/428 3791/44/431
f 3784/44/425 3783/44/515 3798/44/430
f 3776/44/424 3791/44/431 3792/44/433
f 3785/44/413 3784/44/425 3799/44/432
f 3777/44/426 3792/44/433 3793/44/435
f 3786/44/414 3785/44/413 3800/44/434
f 3778/44/427 3793/44/435 3794/44/437
f 3780/44/417 3779/44/415 3794/44/437
f 3772/44/416 3787/44/438 3788/44/565
f 3781/44/419 3780/44/417 3795/44/439
f 3773/44/418 3788/44/565 3789/44/442
f 3782/44/421 3781/44/419 3796/44/441
f 3793/44/435 3808/44/457 3809/44/443
f 3795/44/439 3794/44/437 3809/44/443
f 3787/44/438 3802/44/444 3803/44/447
f 3796/44/441 3795/44/439 3810/44/446
f 3788/44/565 3803/44/447 3804/44/449
f 3797/44/429 3796/44/441 3811/44/448
f 3789/44/442 3804/44/449 3805/44/451
f 3798/44/430 3797/44/429 3812/44/450
f 3790/44/428 3805/44/451 3806/44/453
f 3799/44/432 3798/44/430 3813/44/452
f 3791/44/431 3806/44/453 3807/44/516
f 3800/44/434 3799/44/432 3814/44/454
f 3792/44/433 3807/44/516 3808/44/457
f 3801/44/436 3800/44/434 3815/44/456
f 3813/44/452 3812/44/450 3827/44/458
f 3805/44/451 3820/44/472 3821/44/460
f 3814/44/454 3813/44/452 3828/44/459
f 3806/44/453 3821/44/460 3822/44/462
f 3815/44/456 3814/44/454 3829/44/566
f 3807/44/516 3822/44/462 3823/44/464
f 3816/44/445 3815/44/456 3830/44/463
f 3808/44/457 3823/44/464 3824/44/466
f 3810/44/446 3809/44/443 3824/44/466
f 3802/44/444 3817/44/467 3818/44/469
f 3811/44/448 3810/44/446 3825/44/468
f 3803/44/447 3818/44/469 3819/44/471
f 3812/44/450 3811/44/448 3826/44/470
f 3804/44/449 3819/44/471 3820/44/472
f 3825/44/468 3824/44/466 3839/44/475
f 3817/44/467 3832/44/473 3833/44/477
f 3826/44/470 3825/44/468 3840/44/476
f 3818/44/469 3833/44/477 3834/44/479
f 3827/44/458 3826/44/470 3841/44/478
f 3819/44/471 3834/44/479 3835/44/481
f 3828/44/459 3827/44/458 3842/44/480
f 3820/44/472 3835/44/481 3836/44/483
f 3829/44/566 3828/44/459 3843/44/482
f 3821/44/460 3836/44/483 3837/44/485
f 3830/44/463 3829/44/566 3844/44/484
f 3822/44/462 3837/44/485 3838/44/487
f 3831/44/465 3830/44/463 3845/44/486
f 3823/44/464 3838/44/487 3839/44/475
f 3835/44/481 3850/44/502 3851/44/488
f 3844/44/484 3843/44/482 3858/44/489
f 3836/44/483 3851/44/488 3852/44/491
f 3845/44/486 3844/44/484 3859/44/490
f 3837/44/485 3852/44/491 3853/44/493
f 3846/44/474 3845/44/486 3860/44/492
f 3838/44/487 3853/44/493 3854/44/495
f 3840/44/476 3839/44/475 3854/44/495
f 3832/44/473 3847/44/496 3848/44/498
f 3841/44/478 3840/44/476 3855/44/497
f 3833/44/477 3848/44/498 3849/44/500
f 3842/44/480 3841/44/478 3856/44/499
f 3834/44/479 3849/44/500 3850/44/502
f 3843/44/482 3842/44/480 3857/44/501
f 3855/44/497 3854/44/495 3869/44/24
f 3847/44/496 3862/44/51 3863/44/27
f 3856/44/499 3855/44/497 3870/44/26
f 3848/44/498 3863/44/27 3864/44/32
f 3857/44/501 3856/44/499 3871/44/31
f 3849/44/500 3864/44/32 3865/44/36
f 3858/44/489 3857/44/501 3872/44/35
f 3850/44/502 3865/44/36 3866/44/40
f 3859/44/490 3858/44/489 3873/44/39
f 3851/44/488 3866/44/40 3867/44/44
f 3860/44/492 3859/44/490 3874/44/43
f 3852/44/491 3867/44/44 3868/44/48
f 3861/44/494 3860/44/492 3875/44/47
f 3853/44/493 3868/44/48 3869/44/24
s 0
f 3877/44/387 3878/44/387 3880/44/387
f 3880/44/24 3884/44/24 3883/44/24
f 3884/44/156 3882/44/156 3881/44/156
f 3882/44/271 3878/44/271 3877/44/271
f 3883/44/21 3881/44/21 3877/44/21
f 3880/44/52 3878/44/52 3882/44/52
f 3922/44/21 3921/44/21 3891/44/21
f 3918/44/52 3917/44/52 3930/44/52
f 3888/44/387 3887/44/387 3892/44/387
f 3920/44/52 3919/44/52 3928/44/52
f 3931/44/156 3932/44/156 3921/44/156
f 3929/44/156 3930/44/156 3923/44/156
f 3924/44/21 3923/44/21 3885/44/21
f 3912/44/21 3903/44/21 3904/44/21
f 3903/44/567 3919/44/567 3889/44/567
f 3914/44/21 3901/44/21 3902/44/21
f 3910/44/568 3926/44/568 3890/44/568
f 3916/44/21 3899/44/21 3900/44/21
f 3926/44/21 3925/44/21 3889/44/21
f 3894/44/52 3909/44/52 3910/44/52
f 3894/44/777 3889/44/777 3925/44/777
f 3896/44/52 3907/44/52 3908/44/52
f 3909/44/570 3925/44/570 3928/44/570
f 3898/44/52 3905/44/52 3906/44/52
f 3887/44/52 3888/44/52 3932/44/52
f 3909/44/387 3912/44/387 3911/44/387
f 3913/44/571 3929/44/571 3924/44/571
f 3907/44/387 3914/44/387 3913/44/387
f 3919/44/387 3920/44/387 3890/44/387
f 3905/44/387 3916/44/387 3915/44/387
f 3927/44/156 3928/44/156 3925/44/156
f 3897/44/156 3900/44/156 3899/44/156
f 3917/44/387 3918/44/387 3886/44/387
f 3896/44/156 3895/44/156 3902/44/156
f 3895/44/572 3886/44/572 3918/44/572
f 3893/44/156 3904/44/156 3903/44/156
f 3911/44/573 3904/44/573 3920/44/573
f 3914/44/574 3907/44/574 3923/44/574
f 3908/44/778 3924/44/778 3886/44/778
f 3893/44/576 3890/44/576 3920/44/576
f 3912/44/779 3928/44/779 3919/44/779
f 3906/44/578 3915/44/578 3931/44/578
f 3896/44/780 3885/44/780 3923/44/780
f 3902/44/781 3918/44/781 3929/44/781
f 3905/44/581 3921/44/581 3932/44/581
f 3906/44/782 3922/44/782 3892/44/782
f 3914/44/783 3930/44/783 3917/44/783
f 3898/44/584 3899/44/584 3888/44/584
f 3898/44/585 3891/44/585 3921/44/585
f 3900/44/784 3887/44/784 3931/44/784
f 3897/44/587 3892/44/587 3887/44/587
f 3910/44/588 3911/44/588 3927/44/588
f 3899/44/589 3916/44/589 3932/44/589
f 3901/44/590 3917/44/590 3885/44/590
s 64
f 3937/44/287 3936/44/289 4184/44/267
f 3938/44/285 3937/44/287 4185/44/265
f 3939/44/283 3938/44/285 4186/44/277
f 3940/44/281 3939/44/283 4187/44/276
f 3941/44/278 3940/44/281 4188/44/274
f 3935/44/291 3934/44/592 4182/44/591
f 3936/44/289 3935/44/291 4183/44/269
f 3944/44/512 3943/44/298 3935/44/291
f 3945/44/294 3944/44/512 3936/44/289
f 3946/44/293 3945/44/294 3937/44/287
f 3947/44/305 3946/44/293 3938/44/285
f 3948/44/303 3947/44/305 3939/44/283
f 3949/44/301 3948/44/303 3940/44/281
f 3943/44/298 3942/44/593 3934/44/592
f 3956/44/310 3955/44/312 3947/44/305
f 3957/44/309 3956/44/310 3948/44/303
f 3951/44/320 3950/44/594 3942/44/593
f 3952/44/318 3951/44/320 3943/44/298
f 3953/44/316 3952/44/318 3944/44/512
f 3954/44/314 3953/44/316 3945/44/294
f 3955/44/312 3954/44/314 3946/44/293
f 3961/44/324 3960/44/325 3952/44/318
f 3962/44/336 3961/44/324 3953/44/316
f 3963/44/334 3962/44/336 3954/44/314
f 3964/44/332 3963/44/334 3955/44/312
f 3965/44/330 3964/44/332 3956/44/310
f 3959/44/327 3958/44/595 3950/44/594
f 3960/44/325 3959/44/327 3951/44/320
f 3973/44/338 3972/44/339 3964/44/332
f 3967/44/349 3966/44/596 3958/44/595
f 3968/44/347 3967/44/349 3959/44/327
f 3969/44/345 3968/44/347 3960/44/325
f 3970/44/343 3969/44/345 3961/44/324
f 3971/44/341 3970/44/343 3962/44/336
f 3972/44/339 3971/44/341 3963/44/334
f 3977/44/353 3976/44/354 3968/44/347
f 3978/44/365 3977/44/353 3969/44/345
f 3979/44/363 3978/44/365 3970/44/343
f 3980/44/361 3979/44/363 3971/44/341
f 3981/44/359 3980/44/361 3972/44/339
f 3975/44/356 3974/44/598 3966/44/596
f 3976/44/354 3975/44/356 3967/44/349
f 3989/44/381 3988/44/369 3980/44/361
f 3983/44/597 3982/44/720 3974/44/598
f 3984/44/376 3983/44/597 3975/44/356
f 3985/44/374 3984/44/376 3976/44/354
f 3986/44/372 3985/44/374 3977/44/353
f 3987/44/370 3986/44/372 3978/44/365
f 3988/44/369 3987/44/370 3979/44/363
f 3994/44/394 3993/44/396 3985/44/374
f 3995/44/392 3994/44/394 3986/44/372
f 3996/44/390 3995/44/392 3987/44/370
f 3997/44/388 3996/44/390 3988/44/369
f 3992/44/384 3991/44/600 3983/44/597
f 3993/44/396 3992/44/384 3984/44/376
f 3992/44/384 4000/44/404 3999/44/599
f 3993/44/396 4001/44/402 4000/44/404
f 3994/44/394 4002/44/400 4001/44/402
f 3995/44/392 4003/44/412 4002/44/400
f 3996/44/390 4004/44/411 4003/44/412
f 3997/44/388 4005/44/409 4004/44/411
f 4003/44/412 4011/44/420 4010/44/422
f 4004/44/411 4012/44/418 4011/44/420
f 4005/44/409 4013/44/416 4012/44/418
f 3999/44/599 4007/44/427 4006/44/601
f 4000/44/404 4008/44/426 4007/44/427
f 4001/44/402 4009/44/424 4008/44/426
f 4002/44/400 4010/44/422 4009/44/424
f 4007/44/427 4015/44/435 4014/44/603
f 4008/44/426 4016/44/433 4015/44/435
f 4009/44/424 4017/44/431 4016/44/433
f 4010/44/422 4018/44/428 4017/44/431
f 4011/44/420 4019/44/442 4018/44/428
f 4012/44/418 4020/44/440 4019/44/442
f 4013/44/416 4021/44/438 4020/44/440
f 4019/44/442 4027/44/449 4026/44/451
f 4020/44/440 4028/44/447 4027/44/449
f 4021/44/438 4029/44/444 4028/44/447
f 4015/44/435 4023/44/457 4022/44/604
f 4016/44/433 4024/44/455 4023/44/457
f 4017/44/431 4025/44/453 4024/44/455
f 4018/44/428 4026/44/451 4025/44/453
f 4024/44/455 4032/44/462 4031/44/464
f 4025/44/453 4033/44/460 4032/44/462
f 4026/44/451 4034/44/472 4033/44/460
f 4027/44/449 4035/44/471 4034/44/472
f 4028/44/447 4036/44/469 4035/44/471
f 4029/44/444 4037/44/467 4036/44/469
f 4023/44/457 4031/44/464 4030/44/605
f 4036/44/469 4044/44/477 4043/44/479
f 4037/44/467 4045/44/473 4044/44/477
f 4031/44/464 4039/44/487 4038/44/606
f 4032/44/462 4040/44/485 4039/44/487
f 4033/44/460 4041/44/483 4040/44/485
f 4034/44/472 4042/44/481 4041/44/483
f 4035/44/471 4043/44/479 4042/44/481
f 4040/44/485 4048/44/491 4047/44/493
f 4041/44/483 4049/44/488 4048/44/491
f 4042/44/481 4050/44/502 4049/44/488
f 4043/44/479 4051/44/500 4050/44/502
f 4044/44/477 4052/44/498 4051/44/500
f 4045/44/473 4053/44/496 4052/44/498
f 4039/44/487 4047/44/493 4046/44/607
f 4052/44/498 4060/44/27 4059/44/32
f 4053/44/496 4061/44/51 4060/44/27
f 4047/44/493 4055/44/48 4054/44/608
f 4048/44/491 4056/44/44 4055/44/48
f 4049/44/488 4057/44/40 4056/44/44
f 4050/44/502 4058/44/36 4057/44/40
f 4051/44/500 4059/44/32 4058/44/36
f 4065/44/41 4064/44/45 4056/44/44
f 4066/44/37 4065/44/41 4057/44/40
f 4067/44/33 4066/44/37 4058/44/36
f 4068/44/29 4067/44/33 4059/44/32
f 4069/44/28 4068/44/29 4060/44/27
f 4063/44/49 4062/44/609 4054/44/608
f 4064/44/45 4063/44/49 4055/44/48
f 4077/44/56 4076/44/58 4068/44/29
f 4071/44/54 4070/44/610 4062/44/609
f 4072/44/66 4071/44/54 4063/44/49
f 4073/44/64 4072/44/66 4064/44/45
f 4074/44/62 4073/44/64 4065/44/41
f 4075/44/60 4074/44/62 4066/44/37
f 4076/44/58 4075/44/60 4067/44/33
f 4082/44/69 4081/44/71 4073/44/64
f 4083/44/68 4082/44/69 4074/44/62
f 4084/44/80 4083/44/68 4075/44/60
f 4085/44/78 4084/44/80 4076/44/58
f 4079/44/75 4078/44/611 4070/44/610
f 4080/44/73 4079/44/75 4071/44/54
f 4081/44/71 4080/44/73 4072/44/66
f 4087/44/83 4086/44/612 4078/44/611
f 4088/44/96 4087/44/83 4079/44/75
f 4089/44/522 4088/44/96 4080/44/73
f 4090/44/92 4089/44/522 4081/44/71
f 4091/44/90 4090/44/92 4082/44/69
f 4092/44/88 4091/44/90 4083/44/68
f 4093/44/85 4092/44/88 4084/44/80
f 4098/44/99 4097/44/100 4089/44/522
f 4099/44/111 4098/44/99 4090/44/92
f 4100/44/109 4099/44/111 4091/44/90
f 4101/44/107 4100/44/109 4092/44/88
f 4095/44/104 4094/44/613 4086/44/612
f 4096/44/102 4095/44/104 4087/44/83
f 4097/44/100 4096/44/102 4088/44/96
f 4103/44/126 4102/44/615 4094/44/613
f 4104/44/124 4103/44/126 4095/44/104
f 4105/44/122 4104/44/124 4096/44/102
f 4106/44/549 4105/44/122 4097/44/100
f 4107/44/118 4106/44/549 4098/44/99
f 4108/44/116 4107/44/118 4099/44/111
f 4109/44/115 4108/44/116 4100/44/109
f 4115/44/139 4114/44/141 4106/44/549
f 4116/44/137 4115/44/139 4107/44/118
f 4117/44/135 4116/44/137 4108/44/116
f 4111/44/614 4110/44/785 4102/44/615
f 4112/44/130 4111/44/614 4103/44/126
f 4113/44/129 4112/44/130 4104/44/124
f 4114/44/141 4113/44/129 4105/44/122
f 4120/44/152 4119/44/617 4111/44/614
f 4121/44/150 4120/44/152 4112/44/130
f 4122/44/148 4121/44/150 4113/44/129
f 4123/44/146 4122/44/148 4114/44/141
f 4124/44/144 4123/44/146 4115/44/139
f 4125/44/510 4124/44/144 4116/44/137
f 4123/44/146 4131/44/168 4130/44/170
f 4124/44/144 4132/44/166 4131/44/168
f 4125/44/510 4133/44/164 4132/44/166
f 4120/44/152 4128/44/158 4127/44/616
f 4121/44/150 4129/44/172 4128/44/158
f 4122/44/148 4130/44/170 4129/44/172
f 4128/44/158 4136/44/181 4135/44/183
f 4129/44/172 4137/44/179 4136/44/181
f 4130/44/170 4138/44/177 4137/44/179
f 4131/44/168 4139/44/175 4138/44/177
f 4132/44/166 4140/44/187 4139/44/175
f 4133/44/164 4141/44/186 4140/44/187
f 4127/44/616 4135/44/183 4134/44/618
f 4140/44/187 4148/44/195 4147/44/197
f 4141/44/186 4149/44/193 4148/44/195
f 4135/44/183 4143/44/190 4142/44/620
f 4136/44/181 4144/44/202 4143/44/190
f 4137/44/179 4145/44/201 4144/44/202
f 4138/44/177 4146/44/199 4145/44/201
f 4139/44/175 4147/44/197 4146/44/199
f 4145/44/201 4153/44/208 4152/44/210
f 4146/44/199 4154/44/206 4153/44/208
f 4147/44/197 4155/44/203 4154/44/206
f 4148/44/195 4156/44/217 4155/44/203
f 4149/44/193 4157/44/215 4156/44/217
f 4143/44/190 4151/44/212 4150/44/621
f 4144/44/202 4152/44/210 4151/44/212
f 4157/44/215 4165/44/222 4164/44/224
f 4151/44/212 4159/44/218 4158/44/622
f 4152/44/210 4160/44/232 4159/44/218
f 4153/44/208 4161/44/230 4160/44/232
f 4154/44/206 4162/44/228 4161/44/230
f 4155/44/203 4163/44/226 4162/44/228
f 4156/44/217 4164/44/224 4163/44/226
f 4161/44/230 4169/44/237 4168/44/239
f 4162/44/228 4170/44/235 4169/44/237
f 4163/44/226 4171/44/247 4170/44/235
f 4164/44/224 4172/44/246 4171/44/247
f 4165/44/222 4173/44/244 4172/44/246
f 4159/44/218 4167/44/241 4166/44/623
f 4160/44/232 4168/44/239 4167/44/241
f 4173/44/244 4181/44/251 4180/44/253
f 4167/44/241 4175/44/262 4174/44/624
f 4168/44/239 4176/44/261 4175/44/262
f 4169/44/237 4177/44/259 4176/44/261
f 4170/44/235 4178/44/257 4177/44/259
f 4171/44/247 4179/44/255 4178/44/257
f 4172/44/246 4180/44/253 4179/44/255
f 4178/44/257 4186/44/277 4185/44/265
f 4179/44/255 4187/44/276 4186/44/277
f 4180/44/253 4188/44/274 4187/44/276
f 4181/44/251 4189/44/272 4188/44/274
f 4175/44/262 4183/44/269 4182/44/591
f 4176/44/261 4184/44/267 4183/44/269
f 4177/44/259 4185/44/265 4184/44/267
f 4439/44/31 4192/44/30 4193/44/34
f 4440/44/35 4193/44/34 4194/44/38
f 4441/44/39 4194/44/38 4195/44/42
f 4442/44/43 4195/44/42 4196/44/46
f 4443/44/47 4196/44/46 4197/44/23
f 4437/44/625 4190/44/626 4191/44/25
f 4438/44/26 4191/44/25 4192/44/30
f 4191/44/25 4199/44/57 4200/44/59
f 4192/44/30 4200/44/59 4201/44/61
f 4193/44/34 4201/44/61 4202/44/63
f 4194/44/38 4202/44/63 4203/44/65
f 4195/44/42 4203/44/65 4204/44/67
f 4196/44/46 4204/44/67 4205/44/53
f 4190/44/626 4198/44/627 4199/44/57
f 4203/44/65 4211/44/72 4212/44/74
f 4204/44/67 4212/44/74 4213/44/504
f 4198/44/627 4206/44/628 4207/44/79
f 4199/44/57 4207/44/79 4208/44/81
f 4200/44/59 4208/44/81 4209/44/82
f 4201/44/61 4209/44/82 4210/44/70
f 4202/44/63 4210/44/70 4211/44/72
f 4208/44/81 4216/44/89 4217/44/91
f 4209/44/82 4217/44/91 4218/44/93
f 4210/44/70 4218/44/93 4219/44/95
f 4211/44/72 4219/44/95 4220/44/97
f 4212/44/74 4220/44/97 4221/44/86
f 4206/44/628 4214/44/629 4215/44/87
f 4207/44/79 4215/44/87 4216/44/89
f 4220/44/97 4228/44/103 4229/44/105
f 4214/44/629 4222/44/630 4223/44/108
f 4215/44/87 4223/44/108 4224/44/110
f 4216/44/89 4224/44/110 4225/44/112
f 4217/44/91 4225/44/112 4226/44/98
f 4218/44/93 4226/44/98 4227/44/101
f 4219/44/95 4227/44/101 4228/44/103
f 4224/44/110 4232/44/117 4233/44/119
f 4225/44/112 4233/44/119 4234/44/121
f 4226/44/98 4234/44/121 4235/44/123
f 4227/44/101 4235/44/123 4236/44/125
f 4228/44/103 4236/44/125 4237/44/113
f 4222/44/630 4230/44/631 4231/44/114
f 4223/44/108 4231/44/114 4232/44/117
f 4236/44/125 4244/44/131 4245/44/133
f 4230/44/631 4238/44/718 4239/44/632
f 4231/44/114 4239/44/632 4240/44/138
f 4232/44/117 4240/44/138 4241/44/140
f 4233/44/119 4241/44/140 4242/44/142
f 4234/44/121 4242/44/142 4243/44/128
f 4235/44/123 4243/44/128 4244/44/131
f 4241/44/140 4249/44/147 4250/44/149
f 4242/44/142 4250/44/149 4251/44/151
f 4243/44/128 4251/44/151 4252/44/153
f 4244/44/131 4252/44/153 4253/44/155
f 4239/44/632 4247/44/691 4248/44/145
f 4240/44/138 4248/44/145 4249/44/147
f 4248/44/145 4247/44/691 4255/44/633
f 4249/44/147 4248/44/145 4256/44/167
f 4250/44/149 4249/44/147 4257/44/169
f 4251/44/151 4250/44/149 4258/44/171
f 4252/44/153 4251/44/151 4259/44/159
f 4253/44/155 4252/44/153 4260/44/160
f 4259/44/159 4258/44/171 4266/44/178
f 4260/44/160 4259/44/159 4267/44/180
f 4261/44/162 4260/44/160 4268/44/182
f 4255/44/633 4254/44/740 4262/44/634
f 4256/44/167 4255/44/633 4263/44/173
f 4257/44/169 4256/44/167 4264/44/174
f 4258/44/171 4257/44/169 4265/44/176
f 4263/44/173 4262/44/634 4270/44/635
f 4264/44/174 4263/44/173 4271/44/194
f 4265/44/176 4264/44/174 4272/44/196
f 4266/44/178 4265/44/176 4273/44/198
f 4267/44/180 4266/44/178 4274/44/200
f 4268/44/182 4267/44/180 4275/44/188
f 4269/44/184 4268/44/182 4276/44/189
f 4275/44/188 4274/44/200 4282/44/207
f 4276/44/189 4275/44/188 4283/44/209
f 4277/44/191 4276/44/189 4284/44/211
f 4271/44/194 4270/44/635 4278/44/636
f 4272/44/196 4271/44/194 4279/44/216
f 4273/44/198 4272/44/196 4280/44/204
f 4274/44/200 4273/44/198 4281/44/205
f 4280/44/204 4279/44/216 4287/44/223
f 4281/44/205 4280/44/204 4288/44/225
f 4282/44/207 4281/44/205 4289/44/227
f 4283/44/209 4282/44/207 4290/44/229
f 4284/44/211 4283/44/209 4291/44/231
f 4285/44/213 4284/44/211 4292/44/219
f 4279/44/216 4278/44/636 4286/44/637
f 4292/44/219 4291/44/231 4299/44/238
f 4293/44/220 4292/44/219 4300/44/240
f 4287/44/223 4286/44/637 4294/44/638
f 4288/44/225 4287/44/223 4295/44/245
f 4289/44/227 4288/44/225 4296/44/233
f 4290/44/229 4289/44/227 4297/44/234
f 4291/44/231 4290/44/229 4298/44/236
f 4296/44/233 4295/44/245 4303/44/252
f 4297/44/234 4296/44/233 4304/44/254
f 4298/44/236 4297/44/234 4305/44/256
f 4299/44/238 4298/44/236 4306/44/258
f 4300/44/240 4299/44/238 4307/44/260
f 4301/44/242 4300/44/240 4308/44/248
f 4295/44/245 4294/44/638 4302/44/639
f 4308/44/248 4307/44/260 4315/44/266
f 4309/44/249 4308/44/248 4316/44/268
f 4303/44/252 4302/44/639 4310/44/640
f 4304/44/254 4303/44/252 4311/44/273
f 4305/44/256 4304/44/254 4312/44/275
f 4306/44/258 4305/44/256 4313/44/263
f 4307/44/260 4306/44/258 4314/44/264
f 4312/44/275 4320/44/282 4321/44/284
f 4313/44/263 4321/44/284 4322/44/286
f 4314/44/264 4322/44/286 4323/44/288
f 4315/44/266 4323/44/288 4324/44/290
f 4316/44/268 4324/44/290 4325/44/279
f 4310/44/640 4318/44/641 4319/44/280
f 4311/44/273 4319/44/280 4320/44/282
f 4324/44/290 4332/44/297 4333/44/299
f 4318/44/641 4326/44/642 4327/44/302
f 4319/44/280 4327/44/302 4328/44/304
f 4320/44/282 4328/44/304 4329/44/306
f 4321/44/284 4329/44/306 4330/44/307
f 4322/44/286 4330/44/307 4331/44/295
f 4323/44/288 4331/44/295 4332/44/297
f 4329/44/306 4337/44/313 4338/44/315
f 4330/44/307 4338/44/315 4339/44/317
f 4331/44/295 4339/44/317 4340/44/319
f 4332/44/297 4340/44/319 4341/44/321
f 4326/44/642 4334/44/643 4335/44/308
f 4327/44/302 4335/44/308 4336/44/311
f 4328/44/304 4336/44/311 4337/44/313
f 4334/44/643 4342/44/644 4343/44/331
f 4335/44/308 4343/44/331 4344/44/333
f 4336/44/311 4344/44/333 4345/44/335
f 4337/44/313 4345/44/335 4346/44/337
f 4338/44/315 4346/44/337 4347/44/323
f 4339/44/317 4347/44/323 4348/44/326
f 4340/44/319 4348/44/326 4349/44/328
f 4345/44/335 4353/44/342 4354/44/344
f 4346/44/337 4354/44/344 4355/44/346
f 4347/44/323 4355/44/346 4356/44/348
f 4348/44/326 4356/44/348 4357/44/350
f 4342/44/644 4350/44/645 4351/44/352
f 4343/44/331 4351/44/352 4352/44/340
f 4344/44/333 4352/44/340 4353/44/342
f 4350/44/645 4358/44/646 4359/44/360
f 4351/44/352 4359/44/360 4360/44/362
f 4352/44/340 4360/44/362 4361/44/364
f 4353/44/342 4361/44/364 4362/44/366
f 4354/44/344 4362/44/366 4363/44/367
f 4355/44/346 4363/44/367 4364/44/355
f 4356/44/348 4364/44/355 4365/44/357
f 4362/44/366 4370/44/373 4371/44/375
f 4363/44/367 4371/44/375 4372/44/377
f 4364/44/355 4372/44/377 4373/44/379
f 4358/44/646 4366/44/719 4367/44/647
f 4359/44/360 4367/44/647 4368/44/368
f 4360/44/362 4368/44/368 4369/44/371
f 4361/44/364 4369/44/371 4370/44/373
f 4367/44/647 4374/44/735 4375/44/391
f 4368/44/368 4375/44/391 4376/44/393
f 4369/44/371 4376/44/393 4377/44/395
f 4370/44/373 4377/44/395 4378/44/397
f 4371/44/375 4378/44/397 4379/44/383
f 4372/44/377 4379/44/383 4380/44/386
f 4378/44/397 4377/44/395 4385/44/401
f 4379/44/383 4378/44/397 4386/44/403
f 4380/44/386 4379/44/383 4387/44/405
f 4375/44/391 4374/44/735 4382/44/648
f 4376/44/393 4375/44/391 4383/44/398
f 4377/44/395 4376/44/393 4384/44/399
f 4383/44/398 4382/44/648 4390/44/417
f 4384/44/399 4383/44/398 4391/44/419
f 4385/44/401 4384/44/399 4392/44/421
f 4386/44/403 4385/44/401 4393/44/423
f 4387/44/405 4386/44/403 4394/44/425
f 4388/44/407 4387/44/405 4395/44/413
f 4382/44/648 4381/44/786 4389/44/649
f 4395/44/413 4394/44/425 4402/44/432
f 4396/44/414 4395/44/413 4403/44/434
f 4390/44/417 4389/44/649 4397/44/650
f 4391/44/419 4390/44/417 4398/44/439
f 4392/44/421 4391/44/419 4399/44/441
f 4393/44/423 4392/44/421 4400/44/429
f 4394/44/425 4393/44/423 4401/44/430
f 4400/44/429 4399/44/441 4407/44/540
f 4401/44/430 4400/44/429 4408/44/450
f 4402/44/432 4401/44/430 4409/44/452
f 4403/44/434 4402/44/432 4410/44/454
f 4404/44/436 4403/44/434 4411/44/456
f 4398/44/439 4397/44/650 4405/44/651
f 4399/44/441 4398/44/439 4406/44/446
f 4412/44/445 4411/44/456 4419/44/463
f 4406/44/446 4405/44/651 4413/44/652
f 4407/44/540 4406/44/446 4414/44/468
f 4408/44/450 4407/44/540 4415/44/470
f 4409/44/452 4408/44/450 4416/44/458
f 4410/44/454 4409/44/452 4417/44/459
f 4411/44/456 4410/44/454 4418/44/461
f 4416/44/458 4415/44/470 4423/44/478
f 4417/44/459 4416/44/458 4424/44/480
f 4418/44/461 4417/44/459 4425/44/482
f 4419/44/463 4418/44/461 4426/44/484
f 4420/44/518 4419/44/463 4427/44/486
f 4414/44/468 4413/44/652 4421/44/653
f 4415/44/470 4414/44/468 4422/44/476
f 4428/44/474 4427/44/486 4435/44/492
f 4422/44/476 4421/44/653 4429/44/654
f 4423/44/478 4422/44/476 4430/44/497
f 4424/44/480 4423/44/478 4431/44/499
f 4425/44/482 4424/44/480 4432/44/501
f 4426/44/484 4425/44/482 4433/44/489
f 4427/44/486 4426/44/484 4434/44/490
f 4433/44/489 4432/44/501 4440/44/35
f 4434/44/490 4433/44/489 4441/44/39
f 4435/44/492 4434/44/490 4442/44/43
f 4436/44/494 4435/44/492 4443/44/47
f 4430/44/497 4429/44/654 4437/44/625
f 4431/44/499 4430/44/497 4438/44/26
f 4432/44/501 4431/44/499 4439/44/31
f 3950/44/594 3958/44/595 4449/44/655
f 4174/44/624 4182/44/591 4477/44/657
f 4318/44/641 4310/44/640 4493/44/659
f 4222/44/630 4214/44/629 4481/44/661
f 4190/44/626 4437/44/625 4508/44/663
f 4078/44/611 4086/44/612 4465/44/665
f 4262/44/634 4254/44/740 4486/44/667
f 3934/44/592 3942/44/593 4446/44/669
f 4158/44/622 4166/44/623 4475/44/671
f 4302/44/639 4294/44/638 4491/44/673
f 4062/44/609 4070/44/610 4463/44/675
f 4206/44/628 4198/44/627 4478/44/677
f 4429/44/654 4421/44/653 4506/44/679
f 4006/44/601 4014/44/603 4456/44/681
f 4102/44/615 4110/44/785 4468/44/683
f 4046/44/607 4054/44/608 4461/44/685
f 4142/44/620 4150/44/621 4473/44/687
f 4286/44/637 4278/44/636 4489/44/689
f 4247/44/691 4239/44/632 4524/44/692
f 4413/44/652 4405/44/651 4504/44/694
f 4086/44/612 4094/44/613 4466/44/696
f 4358/44/646 4350/44/645 4498/44/697
f 4230/44/631 4222/44/630 4482/44/662
f 4126/44/619 4134/44/618 4471/44/700
f 4030/44/605 4038/44/606 4459/44/702
f 4397/44/650 4389/44/649 4502/44/704
f 3974/44/598 3982/44/720 4452/44/706
f 4070/44/610 4078/44/611 4464/44/666
f 4214/44/629 4206/44/628 4480/44/678
f 4462/44/676 4463/44/675 4495/44/708
f 4460/44/686 4492/44/674 4491/44/673
f 4456/44/681 4488/44/714 4487/44/668
f 4464/44/666 4465/44/665 4497/44/709
f 4472/44/688 4503/44/705 4502/44/704
f 4461/44/685 4462/44/676 4494/44/660
f 4455/44/682 4487/44/668 4486/44/667
f 4446/44/669 4448/44/656 4480/44/678
f 4474/44/672 4505/44/695 4504/44/694
f 4471/44/700 4502/44/704 4501/44/712
f 4463/44/675 4464/44/666 4496/44/710
f 4457/44/713 4489/44/689 4488/44/714
f 4449/44/655 4450/44/717 4482/44/662
f 4447/44/670 4446/44/669 4478/44/677
f 4466/44/696 4467/44/684 4499/44/698
f 4473/44/687 4504/44/694 4503/44/705
f 4476/44/658 4507/44/680 4506/44/679
f 4465/44/665 4466/44/696 4498/44/697
f 4459/44/702 4491/44/673 4490/44/690
f 4448/44/656 4449/44/655 4481/44/661
f 4451/44/707 4452/44/706 4484/44/715
f 4477/44/657 4447/44/670 4479/44/664
f 4475/44/671 4506/44/679 4505/44/695
f 4467/44/684 4468/44/683 4500/44/716
f 4458/44/703 4490/44/690 4489/44/689
f 4461/44/685 4493/44/659 4492/44/674
f 4450/44/717 4451/44/707 4483/44/699
f 4477/44/657 4508/44/663 4507/44/680
f 4278/44/636 4270/44/635 4488/44/714
f 4134/44/618 4142/44/620 4472/44/688
f 4334/44/643 4326/44/642 4495/44/708
f 4238/44/718 4230/44/631 4483/44/699
f 3966/44/596 3974/44/598 4451/44/707
f 4294/44/638 4286/44/637 4490/44/690
f 4094/44/613 4102/44/615 4467/44/684
f 4150/44/621 4158/44/622 4474/44/672
f 4389/44/649 4381/44/786 4501/44/712
f 4022/44/604 4030/44/605 4458/44/703
f 4350/44/645 4342/44/644 4497/44/709
f 4405/44/651 4397/44/650 4503/44/705
f 4310/44/640 4302/44/639 4492/44/674
f 4166/44/623 4174/44/624 4476/44/658
f 3942/44/593 3950/44/594 4448/44/656
f 4038/44/606 4046/44/607 4460/44/686
f 4366/44/719 4358/44/646 4499/44/698
f 4270/44/635 4262/44/634 4487/44/668
f 3998/44/602 4006/44/601 4455/44/682
f 4326/44/642 4318/44/641 4494/44/660
f 4182/44/591 3934/44/592 4447/44/670
f 3958/44/595 3966/44/596 4450/44/717
f 4421/44/653 4413/44/652 4505/44/695
f 4198/44/627 4190/44/626 4479/44/664
f 4054/44/608 4062/44/609 4462/44/676
f 4342/44/644 4334/44/643 4496/44/710
f 4014/44/603 4022/44/604 4457/44/713
f 4437/44/625 4429/44/654 4507/44/680
f 3982/44/720 3983/44/597 4521/44/721
f 3991/44/600 3999/44/599 4523/44/722
f 4486/44/667 4254/44/740 4527/44/21
f 4470/44/701 4501/44/712 4517/44/725
f 4500/44/716 4468/44/683 4519/44/727
f 4119/44/617 4127/44/616 4511/44/728
f 4382/44/648 4374/44/735 4514/44/730
f 4515/44/731 4511/44/728 4518/44/726
f 4511/44/728 4515/44/731 4514/44/730
f 4510/44/732 4509/44/729 4514/44/730
f 4519/44/727 4510/44/732 4513/44/733
f 4512/44/734 4516/44/21 4519/44/727
s 0
f 4127/44/21 4470/44/21 4518/44/21
s 64
f 4367/44/647 4366/44/719 4512/44/734
f 4366/44/719 4500/44/716 4516/44/21
s 0
f 4468/44/21 4111/44/21 4510/44/21
s 64
f 4374/44/735 4367/44/647 4513/44/733
s 0
f 4501/44/21 4382/44/21 4515/44/21
s 64
f 4111/44/614 4119/44/617 4509/44/729
f 4530/44/737 4520/44/21 4521/44/721
f 4530/44/737 4521/44/721 4524/44/692
f 4525/44/736 4529/44/21 4530/44/737
f 4521/44/721 4522/44/723 4526/44/693
f 4523/44/722 4528/44/738 4526/44/693
f 4528/44/738 4523/44/722 4532/44/739
f 4531/44/724 4527/44/21 4528/44/738
f 4238/44/718 4484/44/715 4529/44/21
s 0
f 3999/44/21 4454/44/21 4532/44/21
s 64
f 4484/44/715 4452/44/706 4530/44/737
f 4254/44/740 4255/44/633 4528/44/738
f 4452/44/706 3982/44/720 4520/44/21
f 4454/44/711 4486/44/667 4531/44/724
f 4255/44/633 4247/44/691 4526/44/693
f 4239/44/632 4238/44/718 4525/44/736
f 3983/44/597 3991/44/600 4522/44/723
s 0
g Catapulta_brazo_piedra
f 4533/45/387 4534/161/387 4536/46/387
f 4536/48/24 4540/162/24 4539/49/24
f 4540/45/156 4538/163/156 4537/51/156
f 4538/53/271 4534/164/271 4533/54/271
f 4539/56/21 4537/165/21 4533/57/21
f 4536/59/52 4534/166/52 4538/60/52
f 4541/45/387 4542/161/387 4544/46/387
f 4544/48/24 4548/162/24 4547/49/24
f 4548/45/156 4546/163/156 4545/51/156
f 4546/53/271 4542/164/271 4541/54/271
f 4547/56/21 4545/165/21 4541/57/21
f 4544/59/52 4542/166/52 4546/60/52
s 81
g Catapulta_brazo_madera
f 4549/62/741 4550/167/747 4551/63/742
f 4553/65/744 4556/168/749 4555/66/745
f 4553/68/744 4554/169/746 4550/69/747
f 4551/71/742 4558/81/751 4560/72/748
f 4551/74/742 4555/170/745 4556/75/749
f 4549/77/741 4552/171/743 4556/78/749
f 4559/80/750 4560/72/748 4558/81/751
f 4554/83/746 4559/80/750 4557/82/752
f 4551/71/742 4550/84/747 4557/82/752
f 4555/73/745 4560/72/748 4559/80/750
s 0
g Catapulta_brazo_metal2
f 4588/44/387 4561/44/387 4562/44/387
f 4564/44/387 4563/44/387 4572/44/387
f 4564/44/387 4572/44/387 4574/44/387
f 4586/44/387 4588/44/387 4562/44/387
f 4590/44/387 4586/44/387 4562/44/387
f 4564/44/387 4574/44/387 4576/44/387
f 4564/44/387 4576/44/387 4604/44/387
f 4618/44/387 4590/44/387 4562/44/387
f 4584/44/387 4618/44/387 4562/44/387
f 4562/44/387 4564/44/387 4604/44/387
f 4562/44/387 4604/44/387 4602/44/387
f 4580/44/387 4584/44/387 4562/44/387
f 4578/44/387 4580/44/387 4562/44/387
f 4562/44/387 4602/44/387 4606/44/387
f 4562/44/387 4606/44/387 4628/44/387
f 4582/44/387 4578/44/387 4562/44/387
f 4616/44/387 4582/44/387 4562/44/387
f 4562/44/387 4628/44/387 4620/44/387
f 4564/44/24 4568/44/24 4567/44/24
f 4567/44/156 4571/44/156 4631/44/156
f 4567/44/156 4631/44/156 4629/44/156
f 4599/44/156 4587/44/156 4565/44/156
f 4623/44/156 4599/44/156 4565/44/156
f 4567/44/156 4629/44/156 4593/44/156
f 4567/44/156 4593/44/156 4621/44/156
f 4609/44/156 4623/44/156 4565/44/156
f 4611/44/156 4609/44/156 4565/44/156
f 4567/44/156 4621/44/156 4625/44/156
f 4567/44/156 4625/44/156 4597/44/156
f 4569/44/156 4611/44/156 4565/44/156
f 4613/44/156 4569/44/156 4565/44/156
f 4565/44/156 4567/44/156 4597/44/156
f 4565/44/156 4597/44/156 4591/44/156
f 4607/44/156 4613/44/156 4565/44/156
f 4565/44/156 4591/44/156 4595/44/156
f 4566/44/271 4562/44/271 4561/44/271
f 4567/44/21 4565/44/21 4561/44/21
f 4564/44/52 4562/44/52 4566/44/52
s 88
f 4607/85/753 4595/99/52 4596/86/52
s 0
f 4632/44/387 4572/44/387 4563/44/387
f 4561/44/387 4588/44/387 4600/44/387
f 4561/44/387 4600/44/387 4624/44/387
f 4630/44/387 4632/44/387 4563/44/387
f 4594/44/387 4630/44/387 4563/44/387
f 4561/44/387 4624/44/387 4610/44/387
f 4561/44/387 4610/44/387 4612/44/387
f 4622/44/387 4594/44/387 4563/44/387
f 4626/44/387 4622/44/387 4563/44/387
f 4561/44/387 4612/44/387 4570/44/387
f 4561/44/387 4570/44/387 4614/44/387
f 4598/44/387 4626/44/387 4563/44/387
f 4592/44/387 4598/44/387 4563/44/387
f 4563/44/387 4561/44/387 4614/44/387
f 4563/44/387 4614/44/387 4608/44/387
f 4596/44/387 4592/44/387 4563/44/387
s 88
f 4611/88/754 4569/91/755 4570/89/755
f 4569/91/755 4613/142/756 4614/92/756
f 4620/93/757 4619/172/757 4615/94/21
f 4591/96/758 4597/139/759 4598/97/759
f 4595/99/52 4591/96/758 4592/98/758
f 4625/100/760 4621/116/761 4622/101/761
f 4571/103/271 4573/173/762 4574/104/762
f 4585/106/763 4587/112/24 4588/107/24
f 4605/109/764 4627/129/765 4628/110/765
f 4587/112/24 4599/146/766 4600/113/766
f 4574/104/762 4573/173/762 4575/114/275
f 4621/116/761 4593/121/767 4594/117/767
f 4617/118/768 4589/143/31 4590/119/31
f 4593/121/767 4629/145/267 4630/122/267
f 4609/123/769 4611/174/754 4612/124/754
f 4604/126/770 4603/144/770 4601/127/771
f 4627/129/765 4619/172/757 4620/93/757
f 4623/130/44 4609/123/769 4610/125/769
f 4583/132/772 4617/118/768 4618/120/768
f 4577/134/773 4579/150/774 4580/135/774
f 4631/137/775 4571/103/271 4572/105/271
f 4597/139/759 4625/175/760 4626/140/760
f 4615/94/21 4581/147/776 4582/141/776
f 4613/142/756 4607/85/753 4608/87/753
f 4589/143/31 4585/106/763 4586/108/763
f 4576/115/275 4575/114/275 4603/144/770
f 4629/145/267 4631/137/775 4632/138/775
f 4599/146/766 4623/130/44 4624/131/44
f 4581/147/776 4577/134/773 4578/136/773
f 4601/148/771 4605/109/764 4606/111/764
f 4579/150/774 4583/176/772 4584/151/772
s 0
f 4566/44/156 4565/44/156 4587/44/156
f 4566/44/156 4587/44/156 4585/44/156
f 4571/44/156 4567/44/156 4568/44/156
f 4573/44/156 4571/44/156 4568/44/156
f 4566/44/156 4585/44/156 4589/44/156
f 4566/44/156 4589/44/156 4617/44/156
f 4575/44/156 4573/44/156 4568/44/156
f 4603/44/156 4575/44/156 4568/44/156
f 4568/44/156 4566/44/156 4617/44/156
f 4568/44/156 4617/44/156 4583/44/156
f 4601/44/156 4603/44/156 4568/44/156
f 4605/44/156 4601/44/156 4568/44/156
f 4568/44/156 4583/44/156 4579/44/156
f 4568/44/156 4579/44/156 4577/44/156
f 4627/44/156 4605/44/156 4568/44/156
f 4619/44/156 4627/44/156 4568/44/156
f 4568/44/156 4577/44/156 4581/44/156
f 4615/44/156 4619/44/156 4568/44/156
l 4485 4246
l 4453 3990
l 4469 4118
