# Blender 5.0.1
# www.blender.org
mtllib goddard_pata_tracera.mtl
g Pata_trasera_Malla
v 0.237820 -1.212174 -0.489736
v 0.331320 -1.212174 -0.480536
v 0.421220 -1.212174 -0.453236
v 0.504120 -1.212174 -0.408936
v 0.576720 -1.212174 -0.349336
v 0.636320 -1.212174 -0.276736
v 0.680620 -1.212174 -0.193836
v 0.707920 -1.212174 -0.103936
v 0.717120 -1.212174 -0.010436
v 0.707920 -1.212174 0.083064
v 0.680620 -1.212174 0.173064
v 0.636320 -1.212174 0.255864
v 0.576720 -1.212174 0.328564
v 0.504120 -1.212174 0.388164
v 0.421220 -1.212174 0.432464
v 0.331320 -1.212174 0.459764
v 0.237820 -1.212174 0.468964
v 0.144220 -1.212174 0.459764
v 0.054320 -1.212174 0.432464
v -0.028480 -1.212174 0.388164
v -0.101180 -1.212174 0.328564
v -0.160780 -1.212174 0.255864
v -0.205080 -1.212174 0.173064
v -0.232380 -1.212174 0.083064
v -0.241580 -1.212174 -0.010436
v -0.232380 -1.212174 -0.103936
v -0.205080 -1.212174 -0.193836
v -0.160780 -1.212174 -0.276736
v -0.101180 -1.212174 -0.349336
v 0.144220 -1.212174 -0.480536
v -0.028480 -1.212174 -0.408936
v 0.054320 -1.212174 -0.453236
v 0.742720 -1.233574 -0.110836
v 0.742720 -1.334374 -0.110836
v 0.752620 -1.334374 -0.010436
v 0.752620 -1.233574 -0.010436
v 0.434820 -1.233574 -0.486036
v 0.523820 -1.233574 -0.438536
v 0.338220 -1.233574 0.494564
v 0.237820 -1.233574 0.504464
v -0.126280 -1.233574 -0.374436
v -0.048280 -1.233574 -0.438536
v 0.338220 -1.233574 -0.515336
v 0.434820 -1.233574 0.465264
v -0.190280 -1.233574 -0.296436
v 0.237820 -1.233574 -0.525236
v 0.523820 -1.233574 0.417664
v -0.237880 -1.233574 -0.207436
v 0.601820 -1.233574 0.353664
v -0.267180 -1.233574 -0.110836
v 0.665820 -1.233574 0.275664
v -0.277080 -1.233574 -0.010436
v 0.713420 -1.233574 0.186564
v -0.267180 -1.233574 0.090064
v 0.742720 -1.233574 0.090064
v -0.237880 -1.233574 0.186564
v -0.190280 -1.233574 0.275664
v -0.126280 -1.233574 0.353664
v 0.713420 -1.233574 -0.207436
v -0.048280 -1.233574 0.417664
v 0.665820 -1.233574 -0.296436
v 0.040720 -1.233574 0.465264
v 0.137320 -1.233574 -0.515336
v 0.601820 -1.233574 -0.374436
v 0.137320 -1.233574 0.494564
v 0.040720 -1.233574 -0.486036
v 0.137320 -1.334374 -0.515336
v 0.040720 -1.334374 -0.486036
v -0.048280 -1.334374 -0.438536
v -0.126280 -1.334374 -0.374436
v -0.190280 -1.334374 -0.296436
v -0.237880 -1.334374 -0.207436
v -0.267180 -1.334374 -0.110836
v -0.277080 -1.334374 -0.010436
v -0.267180 -1.334374 0.090064
v -0.237880 -1.334374 0.186564
v -0.190280 -1.334374 0.275664
v -0.126280 -1.334374 0.353664
v -0.048280 -1.334374 0.417664
v 0.040720 -1.334374 0.465264
v 0.137320 -1.334374 0.494564
v 0.237820 -1.334374 0.504464
v 0.338220 -1.334374 0.494564
v 0.434820 -1.334374 0.465264
v 0.523820 -1.334374 0.417664
v 0.601820 -1.334374 0.353664
v 0.665820 -1.334374 0.275664
v 0.713420 -1.334374 0.186564
v 0.742720 -1.334374 0.090064
v 0.713420 -1.334374 -0.207436
v 0.665820 -1.334374 -0.296436
v 0.601820 -1.334374 -0.374436
v 0.523820 -1.334374 -0.438536
v 0.434820 -1.334374 -0.486036
v 0.338220 -1.334374 -0.515336
v 0.237820 -1.334374 -0.525236
v 0.047420 0.030726 -0.415036
v 0.114520 0.059526 -0.407336
v 0.179120 0.087126 -0.384436
v 0.238520 0.112526 -0.347436
v 0.290620 0.134826 -0.297636
v 0.333420 0.153126 -0.236836
v 0.365220 0.166726 -0.167536
v 0.384720 0.175126 -0.092336
v 0.391420 0.177926 -0.014136
v 0.384720 0.175126 0.064064
v 0.365220 0.166726 0.139264
v 0.333420 0.153126 0.208564
v 0.290620 0.134826 0.269364
v 0.238520 0.112526 0.319164
v 0.179120 0.087126 0.356164
v 0.114520 0.059526 0.379064
v 0.047420 0.030726 0.386764
v -0.019580 0.002026 0.379064
v -0.084180 -0.025574 0.356164
v -0.143580 -0.050974 0.319164
v -0.195680 -0.073274 0.269364
v -0.238480 -0.091574 0.208564
v -0.270280 -0.105174 0.139264
v -0.289880 -0.113574 0.064064
v -0.296480 -0.116374 -0.014136
v -0.289880 -0.113574 -0.092336
v -0.270280 -0.105174 -0.167536
v -0.238480 -0.091574 -0.236836
v -0.195680 -0.073274 -0.297636
v -0.019580 0.002026 -0.407336
v -0.143580 -0.050974 -0.347436
v -0.084180 -0.025574 -0.384436
v -0.261780 -0.179074 0.064064
v -0.223880 -0.184074 0.057064
v -0.229880 -0.186574 -0.014136
v -0.268380 -0.181874 -0.014136
v -0.056080 -0.091074 0.356164
v -0.115580 -0.116474 0.319164
v 0.075520 -0.034774 -0.415036
v 0.008420 -0.063474 -0.407336
v 0.318720 0.069326 -0.297636
v 0.361420 0.087626 -0.236836
v 0.008420 -0.063474 0.379064
v -0.056080 -0.091074 -0.384436
v 0.266520 0.047026 -0.347436
v 0.075520 -0.034774 0.386764
v -0.115580 -0.116474 -0.347436
v 0.207120 0.021526 -0.384436
v 0.142620 -0.006074 0.379064
v -0.167680 -0.138774 -0.297636
v 0.142620 -0.006074 -0.407336
v 0.207120 0.021526 0.356164
v -0.210480 -0.157074 -0.236836
v 0.266520 0.047026 0.319164
v -0.242180 -0.170674 -0.167536
v 0.318720 0.069326 0.269364
v -0.261780 -0.179074 -0.092336
v 0.361420 0.087626 0.208564
v 0.393220 0.101226 0.139264
v 0.412820 0.109526 0.064064
v -0.242180 -0.170674 0.139264
v 0.419420 0.112326 -0.014136
v -0.210480 -0.157074 0.208564
v 0.412820 0.109526 -0.092336
v -0.167680 -0.138774 0.269364
v 0.393220 0.101226 -0.167536
v -0.138180 -0.147374 0.243864
v -0.151980 -0.164674 0.264764
v -0.194080 -0.182774 0.204964
v -0.177080 -0.164074 0.188564
v 0.390220 0.078726 0.057064
v 0.372420 0.071026 0.125464
v -0.206080 -0.176474 0.125464
v 0.396220 0.081226 -0.014136
v 0.390220 0.078726 -0.085336
v 0.372420 0.071026 -0.153736
v -0.090780 -0.127074 0.289264
v 0.343520 0.058726 -0.216836
v -0.036680 -0.103974 0.322964
v 0.022120 -0.078774 -0.372036
v 0.083220 -0.052674 -0.379036
v 0.304520 0.042026 -0.272136
v 0.022120 -0.078774 0.343764
v -0.036680 -0.103974 -0.351236
v 0.257120 0.021726 -0.317536
v 0.083220 -0.052674 0.350764
v -0.090780 -0.127074 -0.317536
v 0.203020 -0.001474 -0.351236
v 0.144220 -0.026574 0.343764
v -0.138180 -0.147374 -0.272136
v 0.144220 -0.026574 -0.372036
v 0.203020 -0.001474 0.322964
v -0.177080 -0.164074 -0.216836
v 0.257120 0.021726 0.289264
v -0.206080 -0.176474 -0.153736
v 0.304520 0.042026 0.243864
v -0.223880 -0.184074 -0.085336
v 0.343520 0.058726 0.188564
v -0.042180 -0.117774 0.350264
v 0.021320 -0.090574 0.372764
v 0.053620 -0.166174 0.372764
v -0.009880 -0.193274 0.350264
v 0.399920 0.071426 -0.165136
v 0.419220 0.079626 -0.091136
v -0.100680 -0.142774 0.313864
v 0.368720 0.058026 -0.233236
v 0.021320 -0.090574 -0.401036
v 0.087320 -0.062374 -0.408636
v 0.326620 0.040026 -0.293036
v -0.042180 -0.117774 -0.378536
v 0.275320 0.018126 -0.342136
v 0.087320 -0.062374 0.380364
v -0.100680 -0.142774 -0.342136
v 0.216820 -0.006974 -0.378536
v 0.153320 -0.034074 0.372764
v -0.151980 -0.164674 -0.293036
v 0.153320 -0.034074 -0.401036
v 0.216820 -0.006974 0.350264
v -0.194080 -0.182774 -0.233236
v 0.275320 0.018126 0.313864
v -0.225380 -0.196074 -0.165136
v 0.326620 0.040026 0.264764
v -0.244580 -0.204374 -0.091136
v 0.368720 0.058026 0.204964
v -0.251080 -0.207174 -0.014136
v 0.399920 0.071426 0.136864
v -0.244580 -0.204374 0.062864
v 0.419220 0.079626 0.062864
v -0.225380 -0.196074 0.136864
v 0.425720 0.082426 -0.014136
v 0.249120 -0.082474 0.350264
v 0.244220 -0.109174 0.311264
v 0.187520 -0.133474 0.331364
v 0.185620 -0.109674 0.372764
v -0.009880 -0.193274 -0.378536
v 0.053620 -0.166174 -0.401036
v 0.307620 -0.057474 -0.342136
v 0.358920 -0.035574 -0.293036
v 0.119620 -0.137874 0.380364
v -0.068380 -0.218374 -0.342136
v 0.249120 -0.082474 -0.378536
v -0.119680 -0.240274 -0.293036
v 0.185620 -0.109674 -0.401036
v -0.161780 -0.258274 -0.233236
v 0.119620 -0.137874 -0.408636
v 0.307620 -0.057474 0.313864
v -0.192980 -0.271674 -0.165136
v 0.358920 -0.035574 0.264764
v -0.212280 -0.279874 -0.091136
v 0.401020 -0.017474 0.204964
v -0.218780 -0.282674 -0.014136
v 0.432320 -0.004174 0.136864
v -0.212280 -0.279874 0.062864
v 0.451520 0.004126 0.062864
v -0.192980 -0.271674 0.136864
v 0.458020 0.006926 -0.014136
v -0.161780 -0.258274 0.204964
v 0.451520 0.004126 -0.091136
v -0.119680 -0.240274 0.264764
v 0.432320 -0.004174 -0.165136
v -0.068380 -0.218374 0.313864
v 0.401020 -0.017474 -0.233236
v 0.379820 -0.051174 0.181564
v 0.419620 -0.063074 0.204464
v 0.377720 -0.081074 0.264064
v 0.342220 -0.067274 0.234964
v -0.122780 -0.266174 -0.209836
v -0.085180 -0.250074 -0.263236
v 0.187520 -0.133474 -0.359636
v 0.128520 -0.158674 -0.366436
v 0.296420 -0.086874 0.278764
v -0.150680 -0.278174 -0.148936
v -0.167880 -0.285474 -0.082836
v -0.173680 -0.287974 -0.014136
v 0.407720 -0.039274 0.120664
v -0.167880 -0.285474 0.054564
v 0.424920 -0.031874 0.054564
v -0.150680 -0.278174 0.120664
v 0.430720 -0.029374 -0.014136
v -0.122780 -0.266174 0.181564
v 0.424920 -0.031874 -0.082836
v -0.085180 -0.250074 0.234964
v 0.407720 -0.039274 -0.148936
v -0.039380 -0.230474 0.278764
v 0.379820 -0.051174 -0.209836
v 0.012920 -0.208174 0.311264
v 0.069520 -0.183874 -0.359636
v 0.342220 -0.067274 -0.263236
v 0.069520 -0.183874 0.331364
v 0.012920 -0.208174 -0.339536
v 0.296420 -0.086874 -0.307036
v 0.128520 -0.158674 0.338164
v -0.039380 -0.230474 -0.307036
v 0.244220 -0.109174 -0.339536
v 0.508520 -0.113474 -0.014136
v 0.502020 -0.116174 0.062664
v 0.470020 -0.041574 0.062664
v 0.476520 -0.038774 -0.014136
v -0.192080 -0.324774 -0.090936
v -0.198580 -0.327574 -0.014136
v 0.450820 -0.049774 0.136464
v -0.192080 -0.324774 0.062664
v -0.172880 -0.316574 0.136464
v -0.141680 -0.303274 0.204464
v 0.470020 -0.041574 -0.090936
v -0.099680 -0.285274 0.264064
v 0.450820 -0.049774 -0.164736
v -0.048480 -0.263374 0.312964
v 0.419620 -0.063074 -0.232736
v 0.009820 -0.238474 0.349364
v 0.073120 -0.211374 -0.400036
v 0.139020 -0.183174 -0.407536
v 0.377720 -0.081074 -0.292336
v 0.073120 -0.211374 0.371764
v 0.009820 -0.238474 -0.377636
v 0.326520 -0.102974 -0.341236
v 0.139020 -0.183174 0.379264
v -0.048480 -0.263374 -0.341236
v 0.268120 -0.127874 -0.377636
v 0.204820 -0.154974 0.371764
v -0.099680 -0.285274 -0.292336
v 0.204820 -0.154974 -0.400036
v 0.268120 -0.127874 0.349364
v -0.141680 -0.303274 -0.232736
v 0.326520 -0.102974 0.312964
v -0.172880 -0.316574 -0.164736
v 0.451620 -0.137774 -0.232736
v 0.426320 -0.188174 -0.202136
v 0.453420 -0.177574 -0.143636
v 0.482820 -0.124374 -0.164736
v -0.109680 -0.377874 0.204464
v -0.140880 -0.391274 0.136464
v 0.502020 -0.116174 -0.090936
v -0.067780 -0.359974 0.264064
v -0.016580 -0.338074 0.312964
v 0.041820 -0.313074 0.349364
v 0.105120 -0.285974 -0.400036
v 0.170920 -0.257874 -0.407536
v 0.409620 -0.155674 -0.292336
v 0.105120 -0.285974 0.371764
v 0.041820 -0.313074 -0.377636
v 0.358420 -0.177574 -0.341236
v 0.170920 -0.257874 0.379264
v -0.016580 -0.338074 -0.341236
v 0.300120 -0.202574 -0.377636
v 0.236820 -0.229674 0.371764
v -0.067780 -0.359974 -0.292336
v 0.236820 -0.229674 -0.400036
v 0.300120 -0.202574 0.349364
v -0.109680 -0.377874 -0.232736
v 0.358420 -0.177574 0.312964
v -0.140880 -0.391274 -0.164736
v 0.409620 -0.155674 0.264064
v -0.160080 -0.399474 -0.090936
v 0.451620 -0.137774 0.204464
v -0.166580 -0.402274 -0.014136
v 0.482820 -0.124374 0.136464
v -0.160080 -0.399474 0.062664
v 0.520620 -0.175274 0.061864
v 0.501320 -0.182874 0.134864
v 0.453420 -0.177574 0.115364
v 0.470120 -0.171074 0.051864
v 0.069720 -0.327974 0.298464
v 0.018920 -0.347874 0.267164
v 0.124820 -0.306374 -0.345936
v 0.182120 -0.283874 -0.352536
v 0.389720 -0.202574 -0.253436
v 0.124820 -0.306374 0.317764
v 0.069720 -0.327974 -0.326736
v 0.345220 -0.219974 -0.295436
v 0.182120 -0.283874 0.324264
v 0.018920 -0.347874 -0.295436
v 0.294520 -0.239874 -0.326736
v 0.239420 -0.261474 0.317764
v -0.025580 -0.365274 -0.253436
v 0.239420 -0.261474 -0.345936
v 0.294520 -0.239874 0.298464
v -0.062080 -0.379674 -0.202136
v 0.345220 -0.219974 0.267164
v -0.089280 -0.390274 -0.143636
v 0.389720 -0.202574 0.225164
v -0.105980 -0.396774 -0.080136
v 0.426320 -0.188174 0.173864
v -0.111580 -0.398974 -0.014136
v -0.105980 -0.396774 0.051864
v -0.089280 -0.390274 0.115364
v 0.475820 -0.168774 -0.014136
v -0.062080 -0.379674 0.173864
v 0.470120 -0.171074 -0.080136
v -0.025580 -0.365274 0.225164
v 0.501320 -0.182874 -0.163136
v 0.524920 -0.255474 -0.163136
v 0.544120 -0.247974 -0.090136
v 0.520620 -0.175274 -0.090136
v -0.123280 -0.427674 0.134864
v -0.142580 -0.435174 0.061864
v 0.527120 -0.172774 -0.014136
v -0.092080 -0.415374 0.202264
v -0.050080 -0.398974 0.261264
v 0.001220 -0.378874 0.309664
v 0.470120 -0.195074 -0.230536
v 0.059620 -0.355974 0.345664
v 0.123020 -0.331074 -0.396136
v 0.189020 -0.305274 -0.403636
v 0.428020 -0.211574 -0.289536
v 0.123020 -0.331074 0.367864
v 0.059620 -0.355974 -0.373936
v 0.376820 -0.231674 -0.337936
v 0.189020 -0.305274 0.375364
v 0.001220 -0.378874 -0.337936
v 0.318420 -0.254574 -0.373936
v 0.254920 -0.279374 0.367864
v -0.050080 -0.398974 -0.289536
v 0.254920 -0.279374 -0.396136
v 0.318420 -0.254574 0.345664
v -0.092080 -0.415374 -0.230536
v 0.376820 -0.231674 0.309664
v -0.123280 -0.427674 -0.163136
v 0.428020 -0.211574 0.261264
v -0.142580 -0.435174 -0.090136
v 0.470120 -0.195074 0.202264
v -0.149080 -0.437774 -0.014136
v 0.429120 -0.335674 -0.249936
v 0.451620 -0.284174 -0.289536
v 0.400420 -0.304274 -0.337936
v 0.384820 -0.351274 -0.291436
v 0.024720 -0.451474 0.309664
v -0.026480 -0.471574 0.261264
v 0.493620 -0.267774 -0.230536
v 0.083220 -0.428574 0.345664
v 0.146620 -0.403774 -0.396136
v 0.212520 -0.377874 -0.403636
v 0.146620 -0.403774 0.367864
v 0.083220 -0.428574 -0.373936
v 0.212520 -0.377874 0.375364
v 0.024720 -0.451474 -0.337936
v 0.341920 -0.327174 -0.373936
v 0.278520 -0.352074 0.367864
v -0.026480 -0.471574 -0.289536
v 0.278520 -0.352074 -0.396136
v 0.341920 -0.327174 0.345664
v -0.068480 -0.488074 -0.230536
v 0.400420 -0.304274 0.309664
v -0.099780 -0.500274 -0.163136
v 0.451620 -0.284174 0.261264
v -0.118980 -0.507874 -0.090136
v 0.493620 -0.267774 0.202264
v -0.125480 -0.510374 -0.014136
v 0.524920 -0.255474 0.134864
v -0.118980 -0.507874 0.061864
v 0.544120 -0.247974 0.061864
v -0.099780 -0.500274 0.134864
v 0.550620 -0.245374 -0.014136
v -0.068480 -0.488074 0.202264
v 0.227120 -0.429774 -0.391236
v 0.291620 -0.407074 -0.384036
v 0.279520 -0.388474 -0.341236
v 0.222520 -0.408574 -0.347636
v 0.222520 -0.408574 0.319364
v 0.165520 -0.428774 0.312964
v 0.060120 -0.465874 -0.291436
v 0.110720 -0.448074 -0.322236
v 0.334320 -0.369174 -0.322236
v 0.279520 -0.388474 0.312964
v 0.015920 -0.481574 -0.249936
v 0.334320 -0.369174 0.293964
v -0.020480 -0.494374 -0.199436
v 0.384820 -0.351274 0.263164
v -0.047480 -0.503874 -0.141736
v 0.429120 -0.335674 0.221664
v -0.064080 -0.509774 -0.079236
v 0.465520 -0.322874 0.171164
v -0.069680 -0.511774 -0.014136
v 0.492520 -0.313274 0.113464
v -0.064080 -0.509774 0.050964
v 0.509120 -0.307474 0.050964
v -0.047480 -0.503874 0.113464
v 0.514720 -0.305474 -0.014136
v -0.020480 -0.494374 0.171164
v 0.509120 -0.307474 -0.079236
v 0.015920 -0.481574 0.221664
v 0.492520 -0.313274 -0.141736
v 0.060120 -0.465874 0.263164
v 0.465520 -0.322874 -0.199436
v 0.110720 -0.448074 0.293964
v 0.165520 -0.428774 -0.341236
v 0.532420 -0.321974 0.130164
v 0.547520 -0.391274 0.130164
v 0.516920 -0.402074 0.195364
v 0.501920 -0.332774 0.195364
v 0.410720 -0.364974 0.299464
v 0.353620 -0.385174 0.334264
v -0.047680 -0.526774 -0.223636
v -0.078180 -0.537574 -0.158436
v 0.460820 -0.347274 0.252564
v -0.097080 -0.544174 -0.087736
v -0.103380 -0.546474 -0.014136
v -0.097080 -0.544174 0.059464
v 0.551220 -0.315374 0.059464
v -0.078180 -0.537574 0.130164
v 0.557620 -0.313174 -0.014136
v -0.047680 -0.526774 0.195364
v 0.551220 -0.315374 -0.087736
v -0.006580 -0.512274 0.252564
v 0.532420 -0.321974 -0.158436
v 0.043520 -0.494574 0.299464
v 0.501920 -0.332774 -0.223636
v 0.100620 -0.474374 0.334264
v 0.162620 -0.452574 -0.384036
v 0.460820 -0.347274 -0.280836
v 0.162620 -0.452574 0.355764
v 0.100620 -0.474374 -0.362536
v 0.410720 -0.364974 -0.327736
v 0.227120 -0.429774 0.362964
v 0.043520 -0.494574 -0.327736
v 0.353620 -0.385174 -0.362536
v 0.291620 -0.407074 0.355764
v -0.006580 -0.512274 -0.280836
v 0.526320 -0.440774 -0.014136
v 0.572620 -0.382374 -0.014136
v 0.566320 -0.384674 -0.087736
v 0.520920 -0.442374 -0.075736
v -0.081980 -0.613474 0.059464
v -0.088380 -0.615674 -0.014136
v 0.566320 -0.384674 0.059464
v -0.063180 -0.606774 0.130164
v -0.032680 -0.596074 0.195364
v 0.008420 -0.581474 0.252564
v 0.547520 -0.391274 -0.158436
v 0.058520 -0.563874 0.299464
v 0.516920 -0.402074 -0.223636
v 0.115720 -0.543674 0.334264
v 0.242120 -0.499074 -0.391236
v 0.177720 -0.521774 -0.384036
v 0.475820 -0.416574 -0.280836
v 0.177720 -0.521774 0.355764
v 0.115720 -0.543674 -0.362536
v 0.425720 -0.434274 -0.327736
v 0.242120 -0.499074 0.362964
v 0.058520 -0.563874 -0.327736
v 0.368620 -0.454374 -0.362536
v 0.306620 -0.476274 0.355764
v 0.008420 -0.581474 -0.280836
v 0.306620 -0.476274 -0.384036
v 0.368620 -0.454374 0.334264
v -0.032680 -0.596074 -0.223636
v 0.425720 -0.434274 0.299464
v -0.063180 -0.606774 -0.158436
v 0.475820 -0.416574 0.252564
v -0.081980 -0.613474 -0.087736
v 0.247620 -0.524474 -0.329736
v 0.193320 -0.540774 -0.323636
v 0.187520 -0.576274 -0.371836
v 0.250320 -0.557374 -0.378836
v 0.050620 -0.583674 0.209064
v 0.016020 -0.594074 0.161164
v 0.505120 -0.447074 -0.134936
v 0.092820 -0.570974 0.248264
v 0.479320 -0.454874 -0.189436
v 0.141020 -0.556474 0.277464
v 0.444720 -0.465274 -0.237336
v 0.193320 -0.540774 0.295364
v 0.141020 -0.556474 -0.305736
v 0.402420 -0.477974 -0.276536
v 0.247620 -0.524474 0.301464
v 0.092820 -0.570974 -0.276536
v 0.354320 -0.492374 -0.305736
v 0.302020 -0.508074 0.295364
v 0.050620 -0.583674 -0.237336
v 0.302020 -0.508074 -0.323636
v 0.354320 -0.492374 0.277464
v 0.016020 -0.594074 -0.189436
v 0.402420 -0.477974 0.248264
v -0.009780 -0.601774 -0.134936
v 0.444720 -0.465274 0.209064
v -0.025580 -0.606574 -0.075736
v 0.479320 -0.454874 0.161164
v -0.030980 -0.608174 -0.014136
v 0.505120 -0.447074 0.106664
v -0.025580 -0.606574 0.047464
v 0.520920 -0.442374 0.047464
v -0.009780 -0.601774 0.106664
v 0.022720 -0.625774 -0.272036
v 0.028620 -0.697874 -0.272036
v 0.077420 -0.683174 -0.317336
v 0.071520 -0.611174 -0.317336
v 0.478020 -0.488974 -0.272036
v 0.518020 -0.476974 -0.216736
v 0.187520 -0.576274 0.343564
v 0.127120 -0.594374 0.322764
v 0.127120 -0.594374 -0.351036
v 0.429220 -0.503674 -0.317336
v 0.250320 -0.557374 0.350564
v 0.373520 -0.520374 -0.351036
v 0.313120 -0.538474 0.343564
v 0.313120 -0.538474 -0.371836
v 0.373520 -0.520374 0.322764
v -0.017380 -0.637774 -0.216736
v 0.429220 -0.503674 0.289064
v -0.047080 -0.646774 -0.153736
v 0.478020 -0.488974 0.243764
v -0.065380 -0.652274 -0.085236
v 0.518020 -0.476974 0.188464
v -0.071580 -0.654074 -0.014136
v 0.547820 -0.467974 0.125464
v -0.065380 -0.652274 0.056964
v 0.566120 -0.462474 0.056964
v -0.047080 -0.646774 0.125464
v 0.572320 -0.460674 -0.014136
v -0.017380 -0.637774 0.188464
v 0.566120 -0.462474 -0.085236
v 0.022720 -0.625774 0.243764
v 0.547820 -0.467974 -0.153736
v 0.071520 -0.611174 0.289064
v -0.007580 -0.716874 -0.073736
v 0.007820 -0.712674 -0.131136
v -0.041180 -0.718774 -0.153736
v -0.059580 -0.724274 -0.085236
v 0.319020 -0.610574 -0.371836
v 0.379420 -0.592474 -0.351036
v 0.379420 -0.592474 0.322764
v 0.319020 -0.610574 0.343564
v -0.011480 -0.709874 -0.216736
v 0.256220 -0.629474 -0.378836
v 0.435120 -0.575674 0.289064
v 0.483920 -0.561074 0.243764
v 0.523920 -0.548974 0.188464
v -0.065680 -0.726174 -0.014136
v 0.553720 -0.540074 0.125464
v -0.059580 -0.724274 0.056964
v 0.572020 -0.534574 0.056964
v -0.041180 -0.718774 0.125464
v 0.578220 -0.532674 -0.014136
v -0.011480 -0.709874 0.188464
v 0.572020 -0.534574 -0.085236
v 0.028620 -0.697874 0.243764
v 0.553720 -0.540074 -0.153736
v 0.077420 -0.683174 0.289064
v 0.523920 -0.548974 -0.216736
v 0.133020 -0.666474 0.322764
v 0.193420 -0.648274 -0.371836
v 0.483920 -0.561074 -0.272036
v 0.193420 -0.648274 0.343564
v 0.133020 -0.666474 -0.351036
v 0.435120 -0.575674 -0.317336
v 0.256220 -0.629474 0.350564
v 0.007820 -0.712674 0.102864
v -0.032780 -0.742974 0.122064
v -0.050680 -0.747874 0.055264
v -0.007580 -0.716874 0.045464
v 0.482120 -0.582574 0.155664
v 0.448520 -0.591874 0.202064
v -0.012780 -0.718274 -0.014136
v 0.507120 -0.575774 0.102864
v 0.522520 -0.571574 0.045464
v 0.527620 -0.570174 -0.014136
v 0.032820 -0.705774 0.155664
v 0.522520 -0.571574 -0.073736
v 0.066420 -0.696574 0.202064
v 0.507120 -0.575774 -0.131136
v 0.107320 -0.685374 0.240064
v 0.482120 -0.582574 -0.183936
v 0.154020 -0.672574 0.268264
v 0.204720 -0.658674 -0.313936
v 0.257420 -0.644174 -0.319836
v 0.448520 -0.591874 -0.230336
v 0.204720 -0.658674 0.285664
v 0.154020 -0.672574 -0.296536
v 0.407620 -0.603074 -0.268336
v 0.257420 -0.644174 0.291564
v 0.107320 -0.685374 -0.268336
v 0.360820 -0.615874 -0.296536
v 0.310120 -0.629774 0.285664
v 0.066420 -0.696574 -0.230336
v 0.310120 -0.629774 -0.313936
v 0.360820 -0.615874 0.268264
v 0.032820 -0.705774 -0.183936
v 0.407620 -0.603074 0.240064
v 0.083020 -0.711174 0.281664
v 0.084320 -0.783374 0.281664
v 0.036620 -0.796474 0.237464
v 0.035420 -0.724274 0.237464
v 0.572320 -0.577074 -0.014136
v 0.566220 -0.578774 0.055264
v -0.003780 -0.734974 0.183564
v 0.566220 -0.578774 -0.083536
v 0.548320 -0.583674 -0.150336
v 0.519320 -0.591574 -0.211836
v 0.137420 -0.696274 0.314564
v 0.196420 -0.680074 -0.363136
v 0.257820 -0.663274 -0.369936
v 0.480220 -0.602374 -0.265736
v 0.196420 -0.680074 0.334864
v 0.137420 -0.696274 -0.342836
v 0.432520 -0.615374 -0.309936
v 0.257820 -0.663274 0.341664
v 0.083020 -0.711174 -0.309936
v 0.378120 -0.630274 -0.342836
v 0.319120 -0.646474 0.334864
v 0.035420 -0.724274 -0.265736
v 0.319120 -0.646474 -0.363136
v 0.378120 -0.630274 0.314564
v -0.003780 -0.734974 -0.211836
v 0.432520 -0.615374 0.281664
v -0.032780 -0.742974 -0.150336
v 0.480220 -0.602374 0.237464
v -0.050680 -0.747874 -0.083536
v 0.519320 -0.591574 0.183564
v -0.056780 -0.749474 -0.014136
v 0.548320 -0.583674 0.122064
v 0.259020 -0.735474 0.341664
v 0.259520 -0.763674 0.295964
v 0.206320 -0.774274 0.289964
v 0.197620 -0.752374 0.334864
v 0.520520 -0.663874 -0.211836
v 0.549620 -0.655874 -0.150336
v 0.138620 -0.768474 0.314564
v 0.197620 -0.752374 -0.363136
v 0.259020 -0.735474 -0.369936
v 0.481420 -0.674574 -0.265736
v 0.138620 -0.768474 -0.342836
v 0.433720 -0.687574 -0.309936
v 0.084320 -0.783374 -0.309936
v 0.379420 -0.702474 -0.342836
v 0.320420 -0.718674 0.334864
v 0.036620 -0.796474 -0.265736
v 0.320420 -0.718674 -0.363136
v 0.379420 -0.702474 0.314564
v -0.002480 -0.807174 -0.211836
v 0.433720 -0.687574 0.281664
v -0.031580 -0.815174 -0.150336
v 0.481420 -0.674574 0.237464
v -0.049480 -0.820074 -0.083536
v 0.520520 -0.663874 0.183564
v -0.055480 -0.821674 -0.014136
v 0.549620 -0.655874 0.122064
v -0.049480 -0.820074 0.055264
v 0.567520 -0.650974 0.055264
v -0.031580 -0.815174 0.122064
v 0.573520 -0.649274 -0.014136
v -0.002480 -0.807174 0.183564
v 0.567520 -0.650974 -0.083536
v 0.410920 -0.733474 0.243664
v 0.428820 -0.743574 0.277764
v 0.375420 -0.754174 0.310164
v 0.363820 -0.742874 0.272364
v 0.108020 -0.793874 -0.271936
v 0.155120 -0.784474 -0.300636
v 0.363820 -0.742874 -0.300636
v 0.410920 -0.733474 -0.271936
v 0.312720 -0.753074 0.289964
v 0.066720 -0.802174 -0.233336
v 0.312720 -0.753074 -0.318236
v 0.032820 -0.808974 -0.186436
v 0.259520 -0.763674 -0.324236
v 0.007620 -0.813974 -0.132836
v 0.452320 -0.725274 0.205064
v -0.007880 -0.817074 -0.074636
v 0.486220 -0.718474 0.158164
v -0.013080 -0.818074 -0.014136
v 0.511420 -0.713474 0.104564
v -0.007880 -0.817074 0.046364
v 0.526920 -0.710374 0.046364
v 0.007620 -0.813974 0.104564
v 0.532120 -0.709274 -0.014136
v 0.032820 -0.808974 0.158164
v 0.526920 -0.710374 -0.074636
v 0.066720 -0.802174 0.205064
v 0.511420 -0.713474 -0.132836
v 0.108020 -0.793874 0.243664
v 0.486220 -0.718474 -0.186436
v 0.155120 -0.784474 0.272364
v 0.206320 -0.774274 -0.318236
v 0.452320 -0.725274 -0.233336
v 0.542520 -0.720874 0.120164
v 0.531220 -0.793974 0.120164
v 0.502720 -0.799674 0.180864
v 0.513920 -0.726574 0.180864
v 0.000720 -0.828974 -0.209136
v -0.027780 -0.834674 -0.148436
v 0.475620 -0.734174 0.234064
v -0.045380 -0.838174 -0.082636
v -0.051280 -0.839374 -0.014136
v -0.045380 -0.838174 0.054364
v 0.560020 -0.717374 0.054364
v -0.027780 -0.834674 0.120164
v 0.566020 -0.716174 -0.014136
v 0.000720 -0.828974 0.180864
v 0.560020 -0.717374 -0.082636
v 0.039120 -0.821274 0.234064
v 0.542520 -0.720874 -0.148436
v 0.085820 -0.811974 0.277764
v 0.513920 -0.726574 -0.209136
v 0.139220 -0.801274 0.310164
v 0.197120 -0.789774 -0.358436
v 0.257320 -0.777774 -0.365136
v 0.475620 -0.734174 -0.262336
v 0.197120 -0.789774 0.330164
v 0.139220 -0.801274 -0.338436
v 0.428820 -0.743574 -0.306036
v 0.257320 -0.777774 0.336864
v 0.085820 -0.811974 -0.306036
v 0.375420 -0.754174 -0.338436
v 0.317520 -0.765774 0.330164
v 0.039120 -0.821274 -0.262336
v 0.317520 -0.765774 -0.358436
v 0.548720 -0.790474 -0.082636
v 0.510020 -0.828674 -0.075036
v 0.515220 -0.827774 -0.014136
v 0.554720 -0.789274 -0.014136
v -0.056680 -0.911274 0.054364
v -0.062580 -0.912474 -0.014136
v 0.548720 -0.790474 0.054364
v -0.039080 -0.907774 0.120164
v -0.010580 -0.902074 0.180864
v 0.027820 -0.894474 0.234064
v 0.531220 -0.793974 -0.148436
v 0.074620 -0.885074 0.277764
v 0.502720 -0.799674 -0.209136
v 0.127920 -0.874474 0.310164
v 0.246020 -0.850874 -0.365136
v 0.185820 -0.862874 -0.358436
v 0.464320 -0.807374 -0.262336
v 0.185820 -0.862874 0.330164
v 0.127920 -0.874474 -0.338436
v 0.417520 -0.816674 -0.306036
v 0.246020 -0.850874 0.336864
v 0.074620 -0.885074 -0.306036
v 0.364120 -0.827274 -0.338436
v 0.306220 -0.838874 0.330164
v 0.027820 -0.894474 -0.262336
v 0.306220 -0.838874 -0.358436
v 0.364120 -0.827274 0.310164
v -0.010580 -0.902074 -0.209136
v 0.417520 -0.816674 0.277764
v -0.039080 -0.907774 -0.148436
v 0.464320 -0.807374 0.234064
v -0.056680 -0.911274 -0.082636
v 0.306220 -0.884974 0.330264
v 0.295920 -0.863674 0.292064
v 0.347020 -0.855374 0.274264
v 0.363720 -0.875574 0.310264
v 0.050020 -0.903974 0.206564
v 0.016120 -0.909474 0.159264
v 0.494520 -0.831174 -0.133636
v 0.091320 -0.897174 0.245364
v 0.469320 -0.835274 -0.187536
v 0.138420 -0.889474 0.274264
v 0.189520 -0.881174 -0.320336
v 0.242720 -0.872374 -0.326336
v 0.435420 -0.840874 -0.234836
v 0.189520 -0.881174 0.292064
v 0.138420 -0.889474 -0.302536
v 0.394120 -0.847674 -0.273636
v 0.242720 -0.872374 0.298064
v 0.091320 -0.897174 -0.273636
v 0.347020 -0.855374 -0.302536
v 0.050020 -0.903974 -0.234836
v 0.295920 -0.863674 -0.320336
v 0.016120 -0.909474 -0.187536
v 0.394120 -0.847674 0.245364
v -0.009080 -0.913674 -0.133636
v 0.435420 -0.840874 0.206564
v -0.024580 -0.916174 -0.075036
v 0.469320 -0.835274 0.159264
v -0.029780 -0.917074 -0.014136
v 0.494520 -0.831174 0.105364
v -0.024580 -0.916174 0.046764
v 0.510020 -0.828674 0.046764
v -0.009080 -0.913674 0.105364
v 0.471620 -0.911074 0.234164
v 0.463120 -0.859274 0.234164
v 0.501320 -0.852974 0.180964
v 0.509720 -0.904874 0.180964
v -0.008480 -0.936474 -0.209236
v 0.029620 -0.930274 -0.262436
v 0.246420 -0.894774 -0.365236
v 0.306220 -0.884974 -0.358536
v 0.416720 -0.866874 0.277864
v -0.036780 -0.941174 -0.148536
v -0.054280 -0.943974 -0.082636
v -0.060180 -0.944974 -0.014136
v 0.529620 -0.848374 0.120264
v -0.054280 -0.943974 0.054364
v 0.547020 -0.845474 0.054364
v -0.036780 -0.941174 0.120264
v 0.552920 -0.844574 -0.014136
v -0.008480 -0.936474 0.180964
v 0.547020 -0.845474 -0.082636
v 0.029620 -0.930274 0.234164
v 0.529620 -0.848374 -0.148536
v 0.076120 -0.922674 0.277864
v 0.501320 -0.852974 -0.209236
v 0.129120 -0.913974 0.310264
v 0.186620 -0.904574 -0.358536
v 0.463120 -0.859274 -0.262436
v 0.186620 -0.904574 0.330264
v 0.129120 -0.913974 -0.338536
v 0.416720 -0.866874 -0.306136
v 0.246420 -0.894774 0.336964
v 0.076120 -0.922674 -0.306136
v 0.363720 -0.875574 -0.338536
v 0.533520 -0.969474 0.047464
v 0.555520 -0.897374 0.054364
v 0.561420 -0.896374 -0.014136
v 0.538820 -0.969274 -0.014136
v -0.045780 -0.995874 -0.082636
v -0.051680 -0.996774 -0.014136
v 0.538120 -0.900174 0.120264
v -0.045780 -0.995874 0.054364
v -0.028380 -0.992974 0.120264
v 0.000020 -0.988374 0.180964
v 0.555520 -0.897374 -0.082636
v 0.038120 -0.982074 0.234164
v 0.538120 -0.900174 -0.148536
v 0.084520 -0.974474 0.277864
v 0.509720 -0.904874 -0.209236
v 0.137520 -0.965774 0.310264
v 0.195120 -0.956374 -0.358536
v 0.254920 -0.946574 -0.365236
v 0.471620 -0.911074 -0.262436
v 0.195120 -0.956374 0.330264
v 0.137520 -0.965774 -0.338536
v 0.425220 -0.918674 -0.306136
v 0.254920 -0.946574 0.336964
v 0.084520 -0.974474 -0.306136
v 0.372220 -0.927374 -0.338536
v 0.314720 -0.936774 0.330264
v 0.038120 -0.982074 -0.262436
v 0.314720 -0.936774 -0.358536
v 0.372220 -0.927374 0.310264
v 0.000020 -0.988374 -0.209236
v 0.425220 -0.918674 0.277864
v -0.028380 -0.992974 -0.148536
v 0.205320 -0.977674 -0.323736
v 0.152920 -0.979074 -0.305736
v 0.104720 -0.980274 -0.276536
v 0.062420 -0.981274 -0.237336
v 0.027620 -0.982174 -0.189536
v 0.001920 -0.982874 -0.134936
v -0.013980 -0.983274 -0.075736
v -0.019380 -0.983374 -0.014136
v -0.013980 -0.983274 0.047464
v 0.001920 -0.982874 0.106664
v 0.027620 -0.982174 0.161264
v 0.062420 -0.981274 0.209064
v 0.104720 -0.980274 0.248264
v 0.152920 -0.979074 0.277464
v 0.205320 -0.977674 0.295464
v 0.259720 -0.976374 0.301464
v 0.314220 -0.974974 0.295464
v 0.366520 -0.973674 0.277464
v 0.414820 -0.972474 0.248264
v 0.457120 -0.971374 0.209064
v 0.491820 -0.970474 0.161264
v 0.517620 -0.969874 0.106664
v 0.533520 -0.969474 -0.075736
v 0.517620 -0.969874 -0.134936
v 0.491820 -0.970474 -0.189436
v 0.457120 -0.971374 -0.237336
v 0.414820 -0.972474 -0.276536
v 0.366520 -0.973674 -0.305736
v 0.314220 -0.974974 -0.323736
v 0.259720 -0.976374 -0.329736
v 0.237120 -0.969674 -0.370636
v 0.307020 -0.969674 -0.363736
v 0.374220 -0.969674 -0.343336
v 0.436120 -0.969674 -0.310236
v 0.490420 -0.969674 -0.265736
v 0.534920 -0.969674 -0.211436
v 0.568020 -0.969674 -0.149536
v 0.588420 -0.969674 -0.082336
v 0.595320 -0.969674 -0.012436
v 0.588420 -0.969674 0.057464
v 0.568020 -0.969674 0.124564
v 0.534920 -0.969674 0.186564
v 0.490420 -0.969674 0.240764
v 0.436120 -0.969674 0.285364
v 0.374220 -0.969674 0.318464
v 0.307020 -0.969674 0.338864
v 0.237120 -0.969674 0.345664
v 0.167220 -0.969674 0.338864
v 0.100120 -0.969674 0.318464
v 0.038120 -0.969674 0.285364
v -0.016080 -0.969674 0.240764
v -0.060680 -0.969674 0.186564
v -0.093780 -0.969674 0.124564
v -0.114180 -0.969674 0.057464
v -0.120980 -0.969674 -0.012436
v -0.114180 -0.969674 -0.082336
v -0.093780 -0.969674 -0.149536
v -0.060680 -0.969674 -0.211436
v -0.016080 -0.969674 -0.265736
v 0.167220 -0.969674 -0.363736
v 0.038120 -0.969674 -0.310236
v 0.100120 -0.969674 -0.343336
v -0.030580 -1.000574 -0.280236
v -0.030580 -1.035374 -0.280236
v 0.026820 -1.035374 -0.327336
v 0.026820 -1.000574 -0.327336
v -0.141480 -1.000574 -0.012436
v -0.134280 -1.000574 0.061464
v 0.608520 -1.000574 0.061464
v 0.587020 -1.000574 0.132464
v -0.112680 -1.000574 0.132464
v 0.615820 -1.000574 -0.012436
v -0.077680 -1.000574 0.197964
v 0.608520 -1.000574 -0.086336
v -0.030580 -1.000574 0.255264
v 0.587020 -1.000574 -0.157336
v 0.026820 -1.000574 0.302364
v 0.552020 -1.000574 -0.222836
v 0.092220 -1.000574 0.337364
v 0.237120 -1.000574 -0.391136
v 0.163220 -1.000574 -0.383836
v 0.504920 -1.000574 -0.280236
v 0.163220 -1.000574 0.358964
v 0.092220 -1.000574 -0.362236
v 0.447520 -1.000574 -0.327336
v 0.237120 -1.000574 0.366164
v 0.382020 -1.000574 -0.362236
v 0.311020 -1.000574 0.358964
v 0.311020 -1.000574 -0.383836
v 0.382020 -1.000574 0.337364
v -0.077680 -1.000574 -0.222836
v 0.447520 -1.000574 0.302364
v -0.112680 -1.000574 -0.157336
v 0.504920 -1.000574 0.255264
v -0.134280 -1.000574 -0.086336
v 0.552020 -1.000574 0.197964
v 0.163220 -1.035374 -0.383836
v 0.092220 -1.035374 -0.362236
v -0.077680 -1.035374 -0.222836
v -0.112680 -1.035374 -0.157336
v -0.134280 -1.035374 -0.086336
v -0.141480 -1.035374 -0.012436
v -0.134280 -1.035374 0.061464
v -0.112680 -1.035374 0.132464
v -0.077680 -1.035374 0.197964
v -0.030580 -1.035374 0.255264
v 0.026820 -1.035374 0.302364
v 0.092220 -1.035374 0.337364
v 0.163220 -1.035374 0.358964
v 0.237120 -1.035374 0.366164
v 0.311020 -1.035374 0.358964
v 0.382020 -1.035374 0.337364
v 0.447520 -1.035374 0.302364
v 0.504920 -1.035374 0.255264
v 0.552020 -1.035374 0.197964
v 0.587020 -1.035374 0.132464
v 0.608520 -1.035374 0.061464
v 0.615820 -1.035374 -0.012436
v 0.608520 -1.035374 -0.086336
v 0.587020 -1.035374 -0.157336
v 0.552020 -1.035374 -0.222836
v 0.504920 -1.035374 -0.280236
v 0.447520 -1.035374 -0.327336
v 0.382020 -1.035374 -0.362236
v 0.311020 -1.035374 -0.383836
v 0.237120 -1.035374 -0.391136
v 0.236520 -1.034274 -0.388136
v 0.310120 -1.034274 -0.380936
v 0.380920 -1.034274 -0.359436
v 0.446220 -1.034274 -0.324536
v 0.503420 -1.034274 -0.277636
v 0.550320 -1.034274 -0.220436
v 0.585220 -1.034274 -0.155236
v 0.606620 -1.034274 -0.084436
v 0.613920 -1.034274 -0.010736
v 0.606620 -1.034274 0.062864
v 0.585220 -1.034274 0.133664
v 0.550320 -1.034274 0.198864
v 0.503420 -1.034274 0.256064
v 0.446220 -1.034274 0.302964
v 0.380920 -1.034274 0.337864
v 0.310120 -1.034274 0.359364
v 0.236520 -1.034274 0.366564
v 0.162920 -1.034274 0.359364
v 0.092120 -1.034274 0.337864
v 0.026920 -1.034274 0.302964
v -0.030280 -1.034274 0.256064
v -0.077280 -1.034274 0.198864
v -0.112080 -1.034274 0.133664
v -0.133580 -1.034274 0.062864
v -0.140880 -1.034274 -0.010736
v -0.133580 -1.034274 -0.084436
v -0.112080 -1.034274 -0.155236
v -0.077280 -1.034274 -0.220436
v -0.030280 -1.034274 -0.277636
v 0.162920 -1.034274 -0.380936
v 0.026920 -1.034274 -0.324536
v 0.092120 -1.034274 -0.359436
v 0.143520 -1.213474 -0.478436
v 0.054020 -1.213474 -0.451336
v -0.028380 -1.213474 -0.407236
v -0.100680 -1.213474 -0.347936
v -0.159980 -1.213474 -0.275736
v -0.203980 -1.213474 -0.193236
v -0.231180 -1.213474 -0.103836
v -0.240280 -1.213474 -0.010736
v -0.231180 -1.213474 0.082264
v -0.203980 -1.213474 0.171664
v -0.159980 -1.213474 0.254164
v -0.100680 -1.213474 0.326464
v -0.028380 -1.213474 0.385764
v 0.054020 -1.213474 0.429764
v 0.143520 -1.213474 0.456964
v 0.236520 -1.213474 0.466064
v 0.329520 -1.213474 0.456964
v 0.419020 -1.213474 0.429764
v 0.501420 -1.213474 0.385764
v 0.573720 -1.213474 0.326464
v 0.633020 -1.213474 0.254164
v 0.677120 -1.213474 0.171664
v 0.704220 -1.213474 0.082264
v 0.713420 -1.213474 -0.010736
v 0.704220 -1.213474 -0.103836
v 0.677120 -1.213474 -0.193236
v 0.633020 -1.213474 -0.275736
v 0.573720 -1.213474 -0.347936
v 0.501420 -1.213474 -0.407236
v 0.419020 -1.213474 -0.451336
v 0.329520 -1.213474 -0.478436
v 0.236520 -1.213474 -0.487636
v 0.685320 -1.261274 -0.270536
v 0.689220 -1.261274 -0.272036
v 0.689220 -1.335674 -0.272036
v 0.685320 -1.335674 -0.270536
v 0.693320 -1.261274 -0.272736
v 0.693320 -1.335674 -0.272736
v 0.697520 -1.261274 -0.272636
v 0.697520 -1.335674 -0.272636
v 0.701620 -1.261274 -0.271636
v 0.701620 -1.335674 -0.271636
v 0.705420 -1.261274 -0.269936
v 0.705420 -1.335674 -0.269936
v 0.708820 -1.335674 -0.267536
v 0.708820 -1.261274 -0.267536
v 0.711720 -1.335674 -0.264436
v 0.711720 -1.261274 -0.264436
v 0.713920 -1.261274 -0.260936
v 0.713920 -1.335674 -0.260936
v 0.715420 -1.335674 -0.257036
v 0.715420 -1.261274 -0.257036
v 0.716120 -1.335674 -0.252836
v 0.716120 -1.261274 -0.252836
v 0.715920 -1.335674 -0.248736
v 0.715920 -1.261274 -0.248736
v 0.715020 -1.261274 -0.244636
v 0.715020 -1.335674 -0.244636
v 0.713320 -1.335674 -0.240836
v 0.713320 -1.261274 -0.240836
v 0.710820 -1.335674 -0.237436
v 0.710820 -1.261274 -0.237436
v 0.707820 -1.335674 -0.234536
v 0.707820 -1.261274 -0.234536
v 0.704320 -1.335674 -0.232336
v 0.704320 -1.261274 -0.232336
v 0.700320 -1.335674 -0.230836
v 0.700320 -1.261274 -0.230836
v 0.696220 -1.335674 -0.230136
v 0.696220 -1.261274 -0.230136
v 0.692020 -1.335674 -0.230236
v 0.692020 -1.261274 -0.230236
v 0.688020 -1.261274 -0.231236
v 0.688020 -1.335674 -0.231236
v 0.684120 -1.261274 -0.232936
v 0.684120 -1.335674 -0.232936
v 0.680720 -1.335674 -0.235336
v 0.680720 -1.261274 -0.235336
v 0.677920 -1.335674 -0.238336
v 0.677920 -1.261274 -0.238336
v 0.675620 -1.261274 -0.241936
v 0.675620 -1.335674 -0.241936
v 0.674220 -1.261274 -0.245836
v 0.674220 -1.335674 -0.245836
v 0.673520 -1.335674 -0.249936
v 0.673520 -1.261274 -0.249936
v 0.673620 -1.261274 -0.254136
v 0.673620 -1.335674 -0.254136
v 0.674520 -1.335674 -0.258236
v 0.674520 -1.261274 -0.258236
v 0.676220 -1.335674 -0.262036
v 0.676220 -1.261274 -0.262036
v 0.678720 -1.261274 -0.265436
v 0.678720 -1.335674 -0.265436
v 0.705320 -1.242874 -0.256636
v 0.706420 -1.243074 -0.254036
v 0.681720 -1.261274 -0.268336
v 0.681720 -1.335674 -0.268336
v 0.695220 -1.246874 -0.265336
v 0.680820 -1.236074 -0.258236
v 0.680820 -1.234074 -0.256136
v 0.697620 -1.245574 -0.264536
v 0.696820 -1.255274 -0.237136
v 0.699120 -1.253574 -0.237436
v 0.682320 -1.259274 -0.254436
v 0.682520 -1.260074 -0.251636
v 0.699920 -1.244374 -0.263136
v 0.704920 -1.248374 -0.241236
v 0.706120 -1.246874 -0.243336
v 0.685720 -1.260574 -0.243736
v 0.687520 -1.260074 -0.241536
v 0.688220 -1.251774 -0.264636
v 0.690420 -1.250074 -0.265436
v 0.686220 -1.253574 -0.263436
v 0.707020 -1.243574 -0.251236
v 0.694420 -1.256774 -0.237536
v 0.682620 -1.258074 -0.257036
v 0.702020 -1.243574 -0.261336
v 0.703320 -1.250074 -0.239436
v 0.684220 -1.260774 -0.246136
v 0.692720 -1.248374 -0.265636
v 0.707220 -1.244374 -0.248436
v 0.691920 -1.258074 -0.238336
v 0.683420 -1.256774 -0.259536
v 0.703920 -1.243074 -0.259136
v 0.701320 -1.251774 -0.238136
v 0.683120 -1.260574 -0.248836
v 0.706920 -1.245574 -0.245736
v 0.689620 -1.259274 -0.239736
v 0.684620 -1.255274 -0.261636
v 0.681720 -1.240974 -0.261136
v 0.682620 -1.243674 -0.261936
v 0.683820 -1.246274 -0.262236
v 0.685220 -1.248774 -0.261936
v 0.686720 -1.251174 -0.261136
v 0.688320 -1.253174 -0.259936
v 0.690020 -1.254874 -0.258236
v 0.691620 -1.256174 -0.256236
v 0.693220 -1.256874 -0.253836
v 0.694520 -1.257174 -0.251336
v 0.695720 -1.256874 -0.248636
v 0.696720 -1.256174 -0.246036
v 0.697320 -1.254874 -0.243536
v 0.697620 -1.253174 -0.241136
v 0.697720 -1.251174 -0.239136
v 0.697320 -1.248774 -0.237436
v 0.696720 -1.246274 -0.236236
v 0.695820 -1.243674 -0.235436
v 0.694620 -1.240974 -0.235136
v 0.693320 -1.238474 -0.235436
v 0.691720 -1.236074 -0.236236
v 0.690120 -1.234074 -0.237436
v 0.688520 -1.232374 -0.239136
v 0.686820 -1.231074 -0.241136
v 0.685320 -1.230374 -0.243536
v 0.683920 -1.230074 -0.246036
v 0.682720 -1.230374 -0.248636
v 0.681820 -1.231074 -0.251336
v 0.681220 -1.232374 -0.253836
v 0.681120 -1.238474 -0.259936
v 0.726620 -1.261274 0.187564
v 0.726620 -1.335674 0.187564
v 0.723720 -1.335674 0.184564
v 0.723720 -1.261274 0.184564
v 0.728920 -1.335674 0.191064
v 0.728920 -1.261274 0.191064
v 0.730420 -1.261274 0.194964
v 0.730420 -1.335674 0.194964
v 0.731220 -1.335674 0.199064
v 0.731220 -1.261274 0.199064
v 0.731120 -1.261274 0.203264
v 0.731120 -1.335674 0.203264
v 0.730320 -1.335674 0.207364
v 0.730320 -1.261274 0.207364
v 0.728620 -1.335674 0.211164
v 0.728620 -1.261274 0.211164
v 0.726320 -1.261274 0.214664
v 0.726320 -1.335674 0.214664
v 0.723320 -1.335674 0.217564
v 0.723320 -1.261274 0.217564
v 0.719820 -1.261274 0.219864
v 0.719820 -1.335674 0.219864
v 0.715920 -1.261274 0.221364
v 0.715920 -1.335674 0.221364
v 0.711820 -1.335674 0.222164
v 0.711820 -1.261274 0.222164
v 0.707620 -1.261274 0.222164
v 0.707620 -1.335674 0.222164
v 0.703520 -1.261274 0.221264
v 0.703520 -1.335674 0.221264
v 0.699720 -1.335674 0.219664
v 0.699720 -1.261274 0.219664
v 0.696220 -1.261274 0.217264
v 0.696220 -1.335674 0.217264
v 0.693320 -1.261274 0.214264
v 0.693320 -1.335674 0.214264
v 0.691020 -1.335674 0.210764
v 0.691020 -1.261274 0.210764
v 0.689420 -1.335674 0.206864
v 0.689420 -1.261274 0.206864
v 0.688720 -1.261274 0.202764
v 0.688720 -1.335674 0.202764
v 0.688720 -1.335674 0.198564
v 0.688720 -1.261274 0.198564
v 0.689620 -1.261274 0.194464
v 0.689620 -1.335674 0.194464
v 0.691220 -1.261274 0.190664
v 0.691220 -1.335674 0.190664
v 0.693620 -1.335674 0.187164
v 0.693620 -1.261274 0.187164
v 0.696620 -1.335674 0.184264
v 0.696620 -1.261274 0.184264
v 0.700120 -1.261274 0.181964
v 0.700120 -1.335674 0.181964
v 0.704020 -1.335674 0.180364
v 0.704020 -1.261274 0.180364
v 0.708120 -1.261274 0.179664
v 0.708120 -1.335674 0.179664
v 0.712320 -1.261274 0.179664
v 0.712320 -1.335674 0.179664
v 0.716320 -1.335674 0.180564
v 0.716320 -1.261274 0.180564
v 0.716920 -1.243074 0.210564
v 0.719020 -1.242874 0.208464
v 0.720220 -1.261274 0.182164
v 0.720220 -1.335674 0.182164
v 0.723120 -1.245574 0.198264
v 0.722920 -1.246874 0.195664
v 0.710620 -1.236074 0.185364
v 0.708720 -1.234074 0.186264
v 0.697720 -1.255274 0.208464
v 0.698820 -1.253574 0.210564
v 0.707720 -1.259274 0.188264
v 0.705220 -1.260074 0.189564
v 0.722720 -1.244374 0.200964
v 0.707120 -1.246874 0.214564
v 0.704620 -1.248374 0.214264
v 0.697920 -1.260074 0.198264
v 0.699220 -1.260574 0.195664
v 0.719420 -1.251774 0.189564
v 0.721020 -1.250074 0.191264
v 0.717520 -1.253574 0.188264
v 0.714720 -1.243574 0.212264
v 0.697020 -1.256774 0.206064
v 0.710320 -1.258074 0.187564
v 0.721920 -1.243574 0.203564
v 0.702420 -1.250074 0.213464
v 0.700920 -1.260774 0.193264
v 0.722220 -1.248374 0.193364
v 0.712220 -1.244374 0.213564
v 0.696820 -1.258074 0.203564
v 0.712820 -1.256774 0.187264
v 0.720720 -1.243074 0.206164
v 0.700420 -1.251774 0.212264
v 0.702920 -1.260574 0.191264
v 0.709620 -1.245574 0.214264
v 0.697120 -1.259274 0.200864
v 0.715320 -1.255274 0.187564
v 0.715420 -1.246274 0.186564
v 0.715720 -1.248774 0.187964
v 0.715620 -1.251174 0.189664
v 0.715120 -1.253174 0.191664
v 0.714320 -1.254874 0.193864
v 0.713020 -1.256174 0.196164
v 0.711520 -1.256874 0.198464
v 0.709720 -1.257174 0.200764
v 0.707820 -1.256874 0.202864
v 0.705820 -1.256174 0.204764
v 0.703720 -1.254874 0.206364
v 0.701720 -1.253174 0.207664
v 0.699820 -1.251174 0.208464
v 0.698220 -1.248774 0.208864
v 0.696820 -1.246274 0.208764
v 0.695720 -1.243674 0.208264
v 0.695020 -1.240974 0.207264
v 0.694720 -1.238474 0.205964
v 0.694820 -1.236074 0.204264
v 0.695320 -1.234074 0.202264
v 0.696120 -1.232374 0.200064
v 0.697420 -1.231074 0.197764
v 0.698920 -1.230374 0.195364
v 0.700720 -1.230074 0.193164
v 0.702620 -1.230374 0.190964
v 0.704620 -1.231074 0.189064
v 0.706720 -1.232374 0.187464
v 0.712220 -1.238474 0.184964
v 0.714720 -1.243674 0.185564
v 0.713620 -1.240974 0.185064
v 0.758220 -1.261274 -0.050636
v 0.758220 -1.335674 -0.050636
v 0.754020 -1.335674 -0.050936
v 0.754020 -1.261274 -0.050936
v 0.762320 -1.335674 -0.049636
v 0.762320 -1.261274 -0.049636
v 0.766020 -1.261274 -0.047836
v 0.766020 -1.335674 -0.047836
v 0.769420 -1.261274 -0.045236
v 0.769420 -1.335674 -0.045236
v 0.772120 -1.335674 -0.042136
v 0.772120 -1.261274 -0.042136
v 0.774220 -1.261274 -0.038536
v 0.774220 -1.335674 -0.038536
v 0.775620 -1.261274 -0.034536
v 0.775620 -1.335674 -0.034536
v 0.776220 -1.335674 -0.030436
v 0.776220 -1.261274 -0.030436
v 0.775920 -1.261274 -0.026236
v 0.775920 -1.335674 -0.026236
v 0.774920 -1.261274 -0.022236
v 0.774920 -1.335674 -0.022236
v 0.773020 -1.335674 -0.018436
v 0.773020 -1.261274 -0.018436
v 0.770520 -1.261274 -0.015136
v 0.770520 -1.335674 -0.015136
v 0.767420 -1.261274 -0.012336
v 0.767420 -1.335674 -0.012336
v 0.763820 -1.335674 -0.010236
v 0.763820 -1.261274 -0.010236
v 0.759820 -1.335674 -0.008836
v 0.759820 -1.261274 -0.008836
v 0.755720 -1.261274 -0.008236
v 0.755720 -1.335674 -0.008236
v 0.751520 -1.335674 -0.008536
v 0.751520 -1.261274 -0.008536
v 0.747420 -1.335674 -0.009636
v 0.747420 -1.261274 -0.009636
v 0.743720 -1.261274 -0.011436
v 0.743720 -1.335674 -0.011436
v 0.740320 -1.335674 -0.013936
v 0.740320 -1.261274 -0.013936
v 0.737620 -1.261274 -0.017036
v 0.737620 -1.335674 -0.017036
v 0.735520 -1.261274 -0.020736
v 0.735520 -1.335674 -0.020736
v 0.734120 -1.335674 -0.024636
v 0.734120 -1.261274 -0.024636
v 0.733520 -1.335674 -0.028836
v 0.733520 -1.261274 -0.028836
v 0.733820 -1.261274 -0.032936
v 0.733820 -1.335674 -0.032936
v 0.734820 -1.335674 -0.037036
v 0.734820 -1.261274 -0.037036
v 0.736720 -1.261274 -0.040736
v 0.736720 -1.335674 -0.040736
v 0.739220 -1.261274 -0.044136
v 0.739220 -1.335674 -0.044136
v 0.742320 -1.335674 -0.046936
v 0.742320 -1.261274 -0.046936
v 0.745920 -1.261274 -0.049036
v 0.745920 -1.335674 -0.049036
v 0.766720 -1.242874 -0.030036
v 0.766520 -1.243074 -0.027136
v 0.749920 -1.261274 -0.050336
v 0.749920 -1.335674 -0.050336
v 0.760920 -1.246874 -0.042136
v 0.744920 -1.236074 -0.041536
v 0.744120 -1.234074 -0.039636
v 0.762820 -1.245574 -0.040336
v 0.750920 -1.255274 -0.015736
v 0.753120 -1.253574 -0.015036
v 0.744720 -1.259274 -0.037436
v 0.743720 -1.260074 -0.034836
v 0.764420 -1.244374 -0.038236
v 0.761920 -1.246874 -0.017536
v 0.759920 -1.248374 -0.016136
v 0.744220 -1.260074 -0.023536
v 0.743420 -1.260574 -0.026236
v 0.756620 -1.250074 -0.044236
v 0.754320 -1.251774 -0.044436
v 0.752020 -1.253574 -0.044036
v 0.766020 -1.243574 -0.024336
v 0.748820 -1.256774 -0.017036
v 0.746120 -1.258074 -0.039736
v 0.765520 -1.243574 -0.035636
v 0.757720 -1.250074 -0.015236
v 0.743120 -1.260774 -0.029136
v 0.758920 -1.248374 -0.043436
v 0.765020 -1.244374 -0.021736
v 0.746920 -1.258074 -0.018836
v 0.747820 -1.256774 -0.041636
v 0.766320 -1.243074 -0.032936
v 0.755420 -1.251774 -0.014836
v 0.743220 -1.260574 -0.032036
v 0.763620 -1.245574 -0.019436
v 0.745420 -1.259274 -0.021036
v 0.749820 -1.255274 -0.043136
v 0.747020 -1.240974 -0.043836
v 0.748120 -1.243674 -0.044136
v 0.749320 -1.246274 -0.043936
v 0.750420 -1.248774 -0.043136
v 0.751520 -1.251174 -0.041836
v 0.752520 -1.253174 -0.039936
v 0.753320 -1.254874 -0.037736
v 0.754020 -1.256174 -0.035236
v 0.754420 -1.256874 -0.032436
v 0.754620 -1.257174 -0.029636
v 0.754620 -1.256874 -0.026736
v 0.754420 -1.256174 -0.023936
v 0.753920 -1.254874 -0.021336
v 0.753320 -1.253174 -0.019036
v 0.752420 -1.251174 -0.017236
v 0.751520 -1.248774 -0.015836
v 0.750420 -1.246274 -0.014936
v 0.749220 -1.243674 -0.014636
v 0.748120 -1.240974 -0.014836
v 0.746920 -1.238474 -0.015636
v 0.745920 -1.236074 -0.016936
v 0.744920 -1.234074 -0.018736
v 0.744120 -1.232374 -0.020936
v 0.743420 -1.231074 -0.023536
v 0.743020 -1.230374 -0.026236
v 0.742720 -1.230074 -0.029136
v 0.742820 -1.230374 -0.032036
v 0.743020 -1.231074 -0.034836
v 0.743420 -1.232374 -0.037436
v 0.745920 -1.238474 -0.042936
vn -0.0000 -1.0000 -0.0000
vn -0.9952 -0.0000 0.0981
vn -0.9952 -0.0000 0.0977
vn -0.2440 -0.8557 0.4564
vn -0.2440 -0.8555 0.4567
vn -0.2439 -0.8556 0.4565
vn -0.2439 -0.8557 0.4564
vn -0.0507 -0.8556 -0.5152
vn -0.0508 -0.8554 -0.5154
vn -0.0507 -0.8557 -0.5150
vn 0.3283 -0.8556 0.4001
vn 0.3284 -0.8555 0.4003
vn 0.3283 -0.8557 0.3999
vn -0.1502 -0.8557 0.4953
vn -0.1502 -0.8556 0.4953
vn -0.1502 -0.8557 -0.4952
vn -0.1502 -0.8557 -0.4953
vn -0.1502 -0.8557 -0.4951
vn 0.4001 -0.8557 0.3283
vn 0.4000 -0.8557 0.3283
vn 0.4000 -0.8557 0.3282
vn 0.4001 -0.8556 0.3283
vn -0.0507 -0.8556 0.5151
vn -0.0507 -0.8556 0.5152
vn -0.0507 -0.8555 0.5153
vn -0.2440 -0.8556 -0.4565
vn -0.2440 -0.8557 -0.4563
vn -0.2441 -0.8554 -0.4569
vn 0.4566 -0.8556 0.2440
vn 0.4564 -0.8557 0.2440
vn 0.4565 -0.8556 0.2440
vn -0.3283 -0.8557 -0.4001
vn -0.3283 -0.8556 -0.4001
vn 0.4954 -0.8556 0.1503
vn 0.4953 -0.8556 0.1502
vn 0.4957 -0.8554 0.1505
vn -0.4003 -0.8555 -0.3284
vn -0.3999 -0.8558 -0.3281
vn -0.4001 -0.8557 -0.3282
vn -0.4004 -0.8555 -0.3284
vn 0.5151 -0.8556 0.0507
vn 0.5152 -0.8556 0.0507
vn 0.5150 -0.8557 0.0507
vn -0.4565 -0.8556 -0.2440
vn -0.4567 -0.8555 -0.2441
vn -0.4566 -0.8555 -0.2441
vn -0.4566 -0.8555 -0.2443
vn 0.5151 -0.8557 -0.0507
vn 0.5151 -0.8556 -0.0507
vn -0.4953 -0.8556 -0.1502
vn -0.4951 -0.8557 -0.1502
vn -0.4955 -0.8555 -0.1502
vn 0.4953 -0.8556 -0.1502
vn 0.4953 -0.8557 -0.1502
vn 0.4954 -0.8556 -0.1503
vn 0.4955 -0.8555 -0.1504
vn -0.5151 -0.8557 -0.0507
vn -0.5149 -0.8558 -0.0507
vn -0.5151 -0.8556 -0.0507
vn -0.5153 -0.8555 -0.0507
vn 0.4563 -0.8557 -0.2440
vn 0.4564 -0.8557 -0.2440
vn -0.5153 -0.8555 0.0507
vn -0.5154 -0.8555 0.0507
vn -0.5152 -0.8556 0.0507
vn 0.4002 -0.8556 -0.3283
vn 0.4001 -0.8557 -0.3282
vn 0.4000 -0.8557 -0.3283
vn -0.4953 -0.8556 0.1502
vn -0.4952 -0.8557 0.1502
vn -0.4953 -0.8557 0.1502
vn 0.3284 -0.8555 -0.4003
vn 0.3284 -0.8556 -0.4002
vn -0.4566 -0.8556 0.2441
vn -0.4564 -0.8557 0.2440
vn -0.4566 -0.8556 0.2440
vn 0.2443 -0.8554 -0.4567
vn 0.2443 -0.8554 -0.4568
vn 0.2441 -0.8556 -0.4564
vn 0.0507 -0.8556 0.5152
vn 0.0507 -0.8556 0.5151
vn 0.0507 -0.8557 0.5150
vn 0.0507 -0.8554 0.5154
vn -0.4001 -0.8557 0.3283
vn -0.4000 -0.8557 0.3283
vn -0.4000 -0.8557 0.3282
vn 0.1502 -0.8557 -0.4953
vn 0.1502 -0.8556 -0.4953
vn 0.1501 -0.8557 -0.4952
vn 0.1502 -0.8557 0.4953
vn 0.1501 -0.8557 0.4952
vn -0.3287 -0.8555 0.4000
vn -0.3286 -0.8556 0.3999
vn -0.3285 -0.8556 0.4001
vn -0.3283 -0.8556 0.4001
vn 0.0507 -0.8556 -0.5151
vn 0.0507 -0.8555 -0.5153
vn 0.0507 -0.8556 -0.5152
vn 0.2441 -0.8555 0.4566
vn 0.2440 -0.8557 0.4564
vn 0.2436 -0.8559 0.4562
vn 0.2434 -0.8560 0.4561
vn -0.0000 1.0000 -0.0000
vn 0.7731 -0.0000 -0.6343
vn -0.9569 -0.0000 0.2903
vn 0.6343 -0.0000 -0.7731
vn -0.8818 -0.0000 0.4716
vn 0.4716 -0.0000 -0.8818
vn 0.0980 -0.0000 0.9952
vn -0.7731 -0.0000 0.6343
vn 0.2903 -0.0000 -0.9569
vn 0.2903 -0.0000 0.9569
vn -0.6344 -0.0000 0.7730
vn 0.0980 -0.0000 -0.9952
vn 0.4708 -0.0000 0.8822
vn 0.4711 -0.0000 0.8821
vn -0.4714 -0.0000 0.8819
vn -0.4711 -0.0000 0.8821
vn -0.4713 -0.0000 0.8820
vn -0.0981 -0.0000 -0.9952
vn 0.6342 -0.0000 0.7731
vn 0.6342 -0.0000 0.7732
vn -0.2903 -0.0000 0.9569
vn -0.2903 -0.0000 -0.9569
vn 0.7731 -0.0000 0.6343
vn -0.0981 -0.0000 0.9952
vn -0.0977 -0.0000 0.9952
vn -0.4716 -0.0000 -0.8818
vn 0.8818 -0.0000 0.4716
vn -0.6343 -0.0000 -0.7731
vn 0.9569 -0.0000 0.2903
vn -0.7731 -0.0000 -0.6343
vn 0.9952 -0.0000 0.0981
vn -0.8820 -0.0000 -0.4712
vn 0.9952 -0.0000 -0.0980
vn -0.9569 -0.0000 -0.2905
vn 0.9569 -0.0000 -0.2905
vn -0.9952 -0.0000 -0.0980
vn 0.8820 -0.0000 -0.4712
vn 0.3933 -0.9194 0.0001
vn 0.3933 -0.9194 -0.0000
vn 0.3934 -0.9194 -0.0002
vn 0.3933 -0.9194 -0.0001
vn 0.3935 -0.9193 -0.0002
vn 0.3934 -0.9194 -0.0001
vn 0.3934 -0.9194 -0.0000
vn 0.3934 -0.9194 0.0001
vn 0.3935 -0.9193 -0.0000
vn 0.3935 -0.9193 0.0001
vn 0.3930 -0.9195 0.0001
vn 0.3931 -0.9195 -0.0000
vn 0.1217 0.9915 -0.0461
vn 0.1218 0.9915 -0.0461
vn 0.1217 0.9915 -0.0460
vn 0.1216 0.9915 -0.0461
vn 0.4570 0.1954 -0.8677
vn 0.4570 0.1955 -0.8677
vn 0.4570 0.1954 -0.8678
vn 0.0965 0.0413 0.9945
vn 0.0964 0.0411 0.9945
vn 0.0965 0.0412 0.9945
vn -0.7300 -0.3124 0.6079
vn -0.7299 -0.3123 0.6080
vn 0.2843 0.1217 -0.9510
vn 0.2842 0.1216 -0.9510
vn 0.2843 0.1216 -0.9510
vn 0.2843 0.1216 0.9510
vn 0.2842 0.1216 0.9510
vn -0.6072 -0.2599 0.7509
vn -0.6072 -0.2598 0.7509
vn -0.6070 -0.2598 0.7510
vn -0.6066 -0.2602 0.7512
vn 0.0965 0.0413 -0.9945
vn 0.0964 0.0414 -0.9945
vn 0.0966 0.0413 -0.9945
vn 0.4566 0.1956 0.8679
vn 0.4570 0.1955 0.8677
vn 0.4566 0.1955 0.8679
vn -0.4570 -0.1955 0.8677
vn -0.4569 -0.1952 0.8678
vn -0.4570 -0.1954 0.8678
vn -0.0964 -0.0413 -0.9945
vn 0.6070 0.2595 0.7512
vn -0.2843 -0.1216 0.9510
vn -0.2842 -0.1216 0.9510
vn -0.2843 -0.1216 -0.9510
vn -0.2844 -0.1217 -0.9510
vn -0.2845 -0.1218 -0.9509
vn 0.7301 0.3121 0.6079
vn -0.0964 -0.0413 0.9945
vn -0.4569 -0.1952 -0.8678
vn -0.4570 -0.1955 -0.8677
vn -0.4571 -0.1951 -0.8678
vn 0.8227 0.3524 0.4461
vn 0.8229 0.3520 0.4460
vn 0.8228 0.3520 0.4462
vn 0.8228 0.3520 0.4463
vn -0.6072 -0.2598 -0.7509
vn 0.8846 0.3785 0.2724
vn -0.7299 -0.3123 -0.6080
vn -0.7299 -0.3123 -0.6081
vn 0.9156 0.3916 0.0915
vn 0.9156 0.3915 0.0915
vn 0.9156 0.3917 0.0915
vn -0.8227 -0.3520 -0.4464
vn -0.8227 -0.3522 -0.4462
vn -0.8227 -0.3521 -0.4463
vn 0.9155 0.3917 -0.0915
vn 0.9156 0.3916 -0.0915
vn -0.8846 -0.3784 -0.2724
vn -0.8847 -0.3783 -0.2724
vn -0.8847 -0.3785 -0.2723
vn -0.8847 -0.3785 -0.2722
vn 0.8846 0.3785 -0.2724
vn -0.9155 -0.3917 -0.0916
vn -0.9155 -0.3917 -0.0915
vn -0.9156 -0.3915 -0.0919
vn 0.8228 0.3523 -0.4461
vn 0.8228 0.3520 -0.4462
vn 0.8228 0.3519 -0.4463
vn 0.8228 0.3520 -0.4463
vn -0.9156 -0.3915 0.0918
vn -0.9155 -0.3918 0.0914
vn -0.9155 -0.3916 0.0916
vn -0.9155 -0.3917 0.0915
vn 0.7301 0.3121 -0.6079
vn -0.8846 -0.3785 0.2724
vn -0.8846 -0.3785 0.2723
vn 0.6070 0.2595 -0.7512
vn 0.6072 0.2598 -0.7509
vn -0.8227 -0.3520 0.4464
vn -0.8227 -0.3517 0.4466
vn 0.6235 -0.7524 -0.2124
vn 0.6235 -0.7524 -0.2123
vn -0.7842 0.6053 -0.1365
vn -0.7844 0.6050 -0.1368
vn -0.7845 0.6048 -0.1369
vn 0.1042 0.9851 -0.1368
vn -0.8011 0.5967 -0.0461
vn -0.8012 0.5966 -0.0461
vn -0.8011 0.5968 -0.0461
vn 0.0695 0.9724 -0.2226
vn -0.8012 0.5966 0.0461
vn 0.0186 0.9535 -0.3007
vn 0.0186 0.9536 -0.3005
vn 0.0188 0.9536 -0.3005
vn 0.0189 0.9536 -0.3005
vn -0.7846 0.6048 0.1368
vn -0.7844 0.6049 0.1368
vn -0.7843 0.6051 0.1369
vn -0.7845 0.6049 0.1368
vn -0.0462 0.9289 -0.3673
vn -0.0459 0.9289 -0.3674
vn -0.0464 0.9290 -0.3673
vn -0.0463 0.9289 -0.3673
vn -0.7513 0.6213 0.2226
vn -0.1221 0.8991 -0.4205
vn -0.1227 0.8990 -0.4204
vn -0.1223 0.8991 -0.4204
vn -0.1224 0.8991 -0.4203
vn -0.2991 0.8270 0.4761
vn -0.2991 0.8269 0.4761
vn -0.2991 0.8270 0.4760
vn -0.7027 0.6450 0.3003
vn -0.7027 0.6449 0.3005
vn -0.7028 0.6448 0.3005
vn -0.2079 0.8647 -0.4573
vn -0.2082 0.8646 -0.4573
vn -0.2076 0.8647 -0.4573
vn -0.2082 0.8646 0.4573
vn -0.2083 0.8646 0.4573
vn -0.2082 0.8646 0.4572
vn -0.2082 0.8647 0.4572
vn -0.6402 0.6746 0.3675
vn -0.6401 0.6747 0.3674
vn -0.6397 0.6749 0.3677
vn -0.6402 0.6747 0.3674
vn -0.2991 0.8270 -0.4761
vn -0.2991 0.8271 -0.4759
vn -0.2991 0.8269 -0.4762
vn -0.1227 0.8990 0.4204
vn -0.1222 0.8992 0.4201
vn -0.1226 0.8990 0.4204
vn -0.1226 0.8990 0.4205
vn -0.5655 0.7095 0.4204
vn -0.5655 0.7096 0.4204
vn -0.3915 0.7875 -0.4760
vn -0.3915 0.7875 -0.4761
vn -0.3915 0.7875 -0.4759
vn -0.0463 0.9290 0.3672
vn -0.0464 0.9291 0.3670
vn -0.0463 0.9289 0.3674
vn -0.0460 0.9289 0.3674
vn -0.4816 0.7477 0.4571
vn -0.4816 0.7478 0.4571
vn -0.4816 0.7477 0.4572
vn -0.4816 0.7476 -0.4573
vn -0.4816 0.7477 -0.4572
vn -0.4818 0.7478 -0.4569
vn -0.4817 0.7477 -0.4570
vn 0.0189 0.9536 0.3006
vn 0.0188 0.9536 0.3005
vn 0.0189 0.9536 0.3005
vn -0.3915 0.7875 0.4759
vn -0.3915 0.7875 0.4760
vn -0.5655 0.7096 -0.4204
vn -0.5655 0.7095 -0.4204
vn -0.5656 0.7095 -0.4204
vn 0.0696 0.9724 0.2226
vn 0.0695 0.9724 0.2226
vn 0.0696 0.9724 0.2227
vn 0.0697 0.9724 0.2226
vn -0.6401 0.6748 -0.3673
vn -0.6401 0.6748 -0.3674
vn 0.1042 0.9851 0.1368
vn 0.1041 0.9851 0.1368
vn -0.7028 0.6448 -0.3005
vn -0.7027 0.6449 -0.3005
vn -0.7027 0.6449 -0.3004
vn 0.1218 0.9915 0.0461
vn 0.1218 0.9915 0.0460
vn -0.7513 0.6212 -0.2227
vn -0.7513 0.6213 -0.2226
vn -0.7514 0.6212 -0.2227
vn 0.0526 -0.9939 0.0970
vn 0.0528 -0.9939 0.0969
vn 0.0529 -0.9939 0.0969
vn 0.5787 -0.7732 -0.2593
vn 0.5787 -0.7732 -0.2592
vn 0.5787 -0.7734 -0.2588
vn 0.5787 -0.7733 -0.2590
vn 0.0775 -0.9844 0.1577
vn 0.0776 -0.9844 0.1576
vn 0.0776 -0.9845 0.1576
vn 0.5257 -0.7974 -0.2964
vn 0.5257 -0.7975 -0.2962
vn 0.5257 -0.7974 -0.2963
vn 0.5257 -0.7973 -0.2965
vn 0.4027 -0.8518 0.3351
vn 0.4028 -0.8518 0.3349
vn 0.4029 -0.8518 0.3348
vn 0.1134 -0.9706 0.2125
vn 0.1131 -0.9706 0.2125
vn 0.1135 -0.9706 0.2124
vn 0.1136 -0.9706 0.2124
vn 0.4664 -0.8239 -0.3218
vn 0.4665 -0.8239 -0.3219
vn 0.4663 -0.8240 -0.3217
vn 0.4663 -0.8240 0.3217
vn 0.4662 -0.8241 0.3216
vn 0.1596 -0.9525 0.2592
vn 0.1596 -0.9525 0.2594
vn 0.1597 -0.9525 0.2594
vn 0.4028 -0.8518 -0.3349
vn 0.4032 -0.8517 -0.3347
vn 0.4029 -0.8518 -0.3349
vn 0.5257 -0.7974 0.2964
vn 0.5257 -0.7974 0.2963
vn 0.2139 -0.9309 0.2961
vn 0.2138 -0.9309 0.2962
vn 0.2140 -0.9309 0.2961
vn 0.3379 -0.8796 -0.3350
vn 0.3379 -0.8796 -0.3348
vn 0.3381 -0.8796 -0.3347
vn 0.3379 -0.8795 -0.3350
vn 0.5787 -0.7733 0.2592
vn 0.5788 -0.7731 0.2593
vn 0.5787 -0.7732 0.2592
vn 0.2740 -0.9063 0.3217
vn 0.2740 -0.9063 0.3218
vn 0.2741 -0.9063 -0.3218
vn 0.2740 -0.9063 -0.3217
vn 0.6235 -0.7524 0.2123
vn 0.6235 -0.7524 0.2124
vn 0.6235 -0.7524 0.2122
vn 0.3380 -0.8796 0.3347
vn 0.3379 -0.8797 0.3346
vn 0.3381 -0.8796 0.3347
vn 0.3379 -0.8796 0.3348
vn 0.2138 -0.9309 -0.2962
vn 0.6585 -0.7359 0.1576
vn 0.6586 -0.7358 0.1576
vn 0.1596 -0.9525 -0.2592
vn 0.1596 -0.9525 -0.2593
vn 0.6825 -0.7245 0.0966
vn 0.6825 -0.7245 0.0968
vn 0.6825 -0.7245 0.0969
vn 0.6824 -0.7245 0.0969
vn 0.1135 -0.9706 -0.2124
vn 0.1136 -0.9706 -0.2124
vn 0.6946 -0.7187 0.0327
vn 0.6946 -0.7186 0.0327
vn 0.6945 -0.7187 0.0327
vn 0.0776 -0.9844 -0.1576
vn 0.0777 -0.9844 -0.1576
vn 0.0775 -0.9845 -0.1576
vn 0.6946 -0.7186 -0.0327
vn 0.6946 -0.7187 -0.0327
vn 0.6945 -0.7187 -0.0327
vn 0.0528 -0.9939 -0.0969
vn 0.6824 -0.7245 -0.0969
vn 0.6824 -0.7246 -0.0967
vn 0.6828 -0.7241 -0.0972
vn 0.0402 -0.9987 -0.0327
vn 0.0406 -0.9986 -0.0329
vn 0.6585 -0.7359 -0.1576
vn 0.0402 -0.9987 0.0327
vn 0.0402 -0.9987 0.0328
vn -0.4813 0.7504 -0.4530
vn -0.4813 0.7505 -0.4530
vn -0.4814 0.7503 -0.4530
vn -0.4815 0.7502 -0.4531
vn -0.6073 -0.2597 0.7508
vn -0.6071 -0.2598 0.7510
vn -0.6072 -0.2597 0.7509
vn -0.6076 -0.2596 0.7506
vn 0.0963 0.0412 -0.9945
vn 0.0962 0.0412 -0.9945
vn 0.0968 0.0413 -0.9944
vn 0.4568 0.1953 0.8679
vn 0.4569 0.1954 0.8678
vn 0.4566 0.1953 0.8680
vn -0.4565 -0.1952 0.8680
vn -0.4568 -0.1954 0.8679
vn -0.4567 -0.1951 0.8680
vn -0.0963 -0.0413 -0.9945
vn -0.0962 -0.0413 -0.9945
vn -0.0962 -0.0412 -0.9945
vn 0.6076 0.2596 0.7506
vn 0.6072 0.2598 0.7509
vn -0.2844 -0.1217 0.9510
vn -0.2842 -0.1216 -0.9510
vn -0.2844 -0.1216 -0.9510
vn 0.7300 0.3121 0.6081
vn 0.7300 0.3123 0.6079
vn 0.7299 0.3119 0.6083
vn -0.0965 -0.0413 0.9945
vn -0.0962 -0.0413 0.9945
vn -0.0963 -0.0413 0.9945
vn -0.0962 -0.0412 0.9945
vn -0.4568 -0.1953 -0.8679
vn -0.4567 -0.1952 -0.8679
vn -0.4569 -0.1954 -0.8678
vn 0.8225 0.3522 0.4465
vn 0.8227 0.3521 0.4463
vn 0.8227 0.3520 0.4465
vn 0.8845 0.3788 0.2723
vn 0.8846 0.3785 0.2723
vn 0.8845 0.3787 0.2723
vn 0.8846 0.3788 0.2722
vn -0.7300 -0.3121 -0.6081
vn -0.7300 -0.3123 -0.6079
vn -0.7299 -0.3121 -0.6081
vn -0.7299 -0.3125 -0.6080
vn 0.9155 0.3917 0.0915
vn -0.8225 -0.3522 -0.4465
vn -0.8228 -0.3521 -0.4461
vn -0.8846 -0.3785 -0.2724
vn -0.8845 -0.3787 -0.2723
vn -0.8846 -0.3785 -0.2723
vn 0.8847 0.3785 -0.2722
vn 0.8847 0.3785 -0.2720
vn 0.8845 0.3787 -0.2723
vn 0.8843 0.3790 -0.2726
vn 0.8225 0.3522 -0.4465
vn 0.8227 0.3520 -0.4465
vn 0.8227 0.3521 -0.4463
vn 0.7300 0.3121 -0.6081
vn 0.7298 0.3122 -0.6083
vn 0.7299 0.3121 -0.6081
vn 0.7301 0.3120 -0.6079
vn -0.8846 -0.3784 0.2724
vn -0.8847 -0.3785 0.2720
vn -0.8845 -0.3788 0.2723
vn 0.6076 0.2596 -0.7506
vn -0.8228 -0.3520 0.4463
vn -0.8228 -0.3520 0.4462
vn -0.8229 -0.3519 0.4462
vn 0.4565 0.1952 -0.8680
vn 0.4568 0.1953 -0.8679
vn 0.4569 0.1954 -0.8678
vn 0.4566 0.1953 -0.8680
vn 0.0968 0.0414 0.9944
vn 0.0968 0.0413 0.9944
vn -0.7301 -0.3123 0.6077
vn -0.7301 -0.3120 0.6079
vn -0.7301 -0.3122 0.6078
vn -0.0842 -0.9362 -0.3413
vn -0.0844 -0.9362 -0.3413
vn -0.0843 -0.9362 -0.3413
vn 0.0144 0.9545 0.2978
vn 0.0145 0.9545 0.2980
vn 0.0144 0.9546 0.2976
vn 0.0146 0.9545 0.2978
vn -0.3918 0.7898 0.4720
vn -0.3921 0.7898 0.4717
vn -0.5644 0.7127 -0.4165
vn -0.5643 0.7127 -0.4166
vn -0.5645 0.7127 -0.4164
vn 0.0648 0.9732 0.2205
vn 0.0646 0.9732 0.2208
vn 0.0647 0.9732 0.2208
vn 0.0648 0.9733 0.2203
vn -0.6383 0.6783 -0.3641
vn -0.6383 0.6783 -0.3639
vn -0.6384 0.6783 -0.3639
vn -0.6384 0.6782 -0.3641
vn 0.0990 0.9858 0.1357
vn 0.0991 0.9858 0.1356
vn 0.0991 0.9858 0.1355
vn 0.0990 0.9858 0.1356
vn -0.7005 0.6486 -0.2978
vn -0.7004 0.6486 -0.2978
vn 0.1166 0.9921 0.0459
vn 0.1165 0.9921 0.0459
vn -0.7486 0.6252 -0.2206
vn 0.1166 0.9921 -0.0456
vn 0.1165 0.9921 -0.0459
vn 0.1165 0.9921 -0.0456
vn 0.1166 0.9921 -0.0453
vn -0.7815 0.6091 -0.1355
vn -0.7815 0.6090 -0.1356
vn -0.7814 0.6091 -0.1355
vn 0.0990 0.9858 -0.1355
vn 0.0991 0.9858 -0.1353
vn 0.0991 0.9858 -0.1354
vn 0.0990 0.9858 -0.1356
vn -0.7982 0.6007 -0.0457
vn -0.7981 0.6008 -0.0457
vn 0.0647 0.9732 -0.2208
vn 0.0649 0.9732 -0.2205
vn 0.0648 0.9732 -0.2207
vn 0.0648 0.9732 -0.2206
vn -0.7982 0.6007 0.0456
vn -0.7981 0.6008 0.0457
vn 0.0146 0.9545 -0.2979
vn 0.0146 0.9545 -0.2978
vn 0.0145 0.9546 -0.2977
vn 0.0144 0.9545 -0.2980
vn -0.7814 0.6091 0.1355
vn -0.7814 0.6091 0.1356
vn -0.7815 0.6090 0.1356
vn -0.0497 0.9301 -0.3640
vn -0.0501 0.9301 -0.3639
vn -0.7486 0.6253 0.2205
vn -0.7486 0.6252 0.2205
vn -0.7486 0.6253 0.2206
vn -0.7486 0.6252 0.2206
vn -0.1259 0.9004 -0.4165
vn -0.1257 0.9004 -0.4165
vn -0.1258 0.9004 -0.4165
vn -0.3006 0.8289 0.4717
vn -0.3005 0.8290 0.4717
vn -0.3006 0.8290 0.4717
vn -0.3010 0.8287 0.4719
vn -0.7004 0.6487 0.2977
vn -0.7004 0.6486 0.2978
vn -0.7005 0.6486 0.2977
vn -0.7004 0.6487 0.2976
vn -0.2105 0.8663 -0.4531
vn -0.2105 0.8663 -0.4530
vn -0.2106 0.8663 -0.4530
vn -0.2107 0.8662 0.4532
vn -0.2105 0.8664 0.4529
vn -0.2105 0.8662 0.4531
vn -0.2105 0.8663 0.4530
vn -0.6383 0.6782 0.3642
vn -0.6385 0.6780 0.3642
vn -0.6382 0.6783 0.3641
vn -0.6384 0.6782 0.3640
vn -0.3005 0.8290 -0.4717
vn -0.1258 0.9004 0.4165
vn -0.1259 0.9004 0.4165
vn -0.1257 0.9004 0.4165
vn -0.5644 0.7127 0.4165
vn -0.5643 0.7127 0.4167
vn -0.5643 0.7127 0.4166
vn -0.3918 0.7898 -0.4720
vn -0.3917 0.7898 -0.4720
vn -0.3918 0.7898 -0.4719
vn -0.0497 0.9301 0.3640
vn -0.0501 0.9301 0.3639
vn -0.4812 0.7505 0.4530
vn -0.4813 0.7504 0.4530
vn -0.4810 0.7506 0.4530
vn -0.9156 -0.3916 -0.0915
vn -0.9156 -0.3915 -0.0914
vn 0.8459 -0.5307 0.0523
vn 0.8458 -0.5310 0.0522
vn 0.8458 -0.5309 0.0523
vn 0.8460 -0.5307 0.0523
vn -0.1415 -0.9572 -0.2526
vn -0.1414 -0.9572 -0.2525
vn -0.1415 -0.9572 -0.2527
vn 0.8459 -0.5308 -0.0523
vn 0.8458 -0.5309 -0.0523
vn 0.8460 -0.5307 -0.0523
vn -0.1807 -0.9712 -0.1550
vn -0.1803 -0.9713 -0.1551
vn -0.1806 -0.9712 -0.1552
vn -0.1807 -0.9712 -0.1551
vn 0.8272 -0.5401 -0.1551
vn 0.8271 -0.5402 -0.1551
vn -0.2008 -0.9782 -0.0526
vn -0.2008 -0.9782 -0.0527
vn -0.2009 -0.9782 -0.0526
vn 0.7900 -0.5586 -0.2527
vn 0.7901 -0.5585 -0.2527
vn 0.7901 -0.5585 -0.2525
vn -0.2009 -0.9782 0.0526
vn -0.2006 -0.9783 0.0525
vn -0.2008 -0.9782 0.0526
vn -0.2008 -0.9782 0.0525
vn 0.7354 -0.5853 -0.3414
vn 0.7353 -0.5855 -0.3413
vn 0.7353 -0.5857 -0.3411
vn 0.7354 -0.5853 -0.3413
vn -0.1805 -0.9712 0.1554
vn -0.1805 -0.9713 0.1551
vn -0.1803 -0.9713 0.1551
vn 0.6646 -0.6194 -0.4179
vn 0.6646 -0.6194 -0.4178
vn 0.6646 -0.6195 -0.4177
vn -0.1415 -0.9571 0.2527
vn -0.1415 -0.9572 0.2525
vn -0.1415 -0.9572 0.2526
vn -0.1415 -0.9571 0.2528
vn 0.5801 -0.6593 -0.4783
vn 0.5798 -0.6593 -0.4788
vn 0.5801 -0.6593 -0.4784
vn 0.3823 -0.7481 0.5424
vn 0.3823 -0.7481 0.5423
vn 0.3822 -0.7481 0.5425
vn -0.0842 -0.9362 0.3413
vn -0.0841 -0.9361 0.3415
vn -0.0843 -0.9362 0.3413
vn 0.4848 -0.7028 -0.5207
vn 0.4847 -0.7028 0.5207
vn 0.4848 -0.7029 0.5205
vn 0.4848 -0.7028 0.5206
vn 0.4848 -0.7027 0.5207
vn -0.0108 -0.9084 0.4179
vn -0.0106 -0.9084 0.4179
vn -0.0107 -0.9084 0.4179
vn -0.0108 -0.9085 0.4177
vn 0.3823 -0.7481 -0.5424
vn 0.3823 -0.7481 -0.5423
vn 0.5800 -0.6593 0.4785
vn 0.5801 -0.6592 0.4784
vn 0.5800 -0.6593 0.4784
vn 0.0763 -0.8748 0.4784
vn 0.0762 -0.8748 0.4784
vn 0.2770 -0.7931 -0.5424
vn 0.2771 -0.7932 -0.5423
vn 0.2772 -0.7932 -0.5422
vn 0.6646 -0.6196 0.4176
vn 0.6646 -0.6196 0.4177
vn 0.6646 -0.6195 0.4177
vn 0.1735 -0.8359 0.5207
vn 0.1737 -0.8360 -0.5206
vn 0.1737 -0.8360 -0.5205
vn 0.1738 -0.8360 -0.5205
vn 0.7354 -0.5853 0.3414
vn 0.7352 -0.5856 0.3413
vn 0.7354 -0.5854 0.3414
vn 0.2770 -0.7931 0.5424
vn 0.2771 -0.7932 0.5423
vn 0.2772 -0.7932 0.5422
vn 0.2769 -0.7932 0.5424
vn 0.0762 -0.8748 -0.4785
vn 0.0762 -0.8748 -0.4784
vn 0.7899 -0.5588 0.2526
vn 0.7899 -0.5587 0.2527
vn 0.7899 -0.5590 0.2523
vn -0.0108 -0.9084 -0.4179
vn -0.0110 -0.9084 -0.4180
vn -0.0107 -0.9084 -0.4179
vn -0.0106 -0.9084 -0.4179
vn 0.8272 -0.5401 0.1551
vn -0.7937 0.5491 0.2618
vn -0.7937 0.5493 0.2614
vn 0.8226 0.3521 -0.4464
vn 0.8227 0.3520 -0.4463
vn -0.9155 -0.3918 0.0915
vn -0.9156 -0.3916 0.0915
vn -0.9155 -0.3918 0.0916
vn 0.7300 0.3125 -0.6079
vn 0.7299 0.3122 -0.6081
vn 0.7300 0.3124 -0.6079
vn 0.7299 0.3124 -0.6080
vn -0.8227 -0.3520 0.4463
vn -0.8227 -0.3521 0.4464
vn -0.8227 -0.3521 0.4463
vn 0.4571 0.1956 -0.8677
vn 0.4570 0.1957 -0.8677
vn 0.4571 0.1956 -0.8676
vn 0.4571 0.1955 -0.8677
vn -0.7299 -0.3121 0.6081
vn -0.7299 -0.3124 0.6080
vn 0.2843 0.1220 -0.9509
vn 0.2842 0.1215 -0.9510
vn 0.2843 0.1220 0.9509
vn -0.6070 -0.2597 0.7510
vn -0.6071 -0.2597 0.7510
vn -0.6070 -0.2596 0.7511
vn 0.0964 0.0412 -0.9945
vn 0.4570 0.1956 0.8677
vn 0.4571 0.1956 0.8677
vn 0.4569 0.1957 0.8678
vn -0.4571 -0.1955 0.8677
vn -0.4571 -0.1956 0.8677
vn -0.0966 -0.0414 -0.9945
vn -0.0964 -0.0412 -0.9945
vn -0.0965 -0.0413 -0.9945
vn -0.2844 -0.1218 0.9509
vn -0.2842 -0.1215 0.9510
vn -0.2844 -0.1218 -0.9509
vn 0.7300 0.3124 0.6079
vn 0.7299 0.3124 0.6080
vn 0.7298 0.3122 0.6082
vn 0.7299 0.3122 0.6081
vn -0.0966 -0.0413 0.9945
vn -0.4571 -0.1955 -0.8677
vn -0.4572 -0.1955 -0.8676
vn 0.8227 0.3520 0.4463
vn 0.8229 0.3519 0.4462
vn -0.6072 -0.2599 -0.7508
vn -0.6067 -0.2594 -0.7514
vn -0.6071 -0.2598 -0.7510
vn -0.6074 -0.2599 -0.7507
vn 0.8845 0.3789 0.2722
vn -0.7300 -0.3124 -0.6079
vn 0.9156 0.3915 0.0914
vn -0.8227 -0.3520 -0.4463
vn -0.8228 -0.3519 -0.4463
vn 0.9156 0.3915 -0.0914
vn 0.8845 0.3789 -0.2722
vn 0.8846 0.3784 -0.2725
vn -0.0605 -0.9911 -0.1182
vn -0.0606 -0.9911 -0.1184
vn -0.0604 -0.9911 -0.1185
vn -0.1661 0.9238 -0.3449
vn -0.2969 0.8454 0.4441
vn -0.2969 0.8454 0.4440
vn -0.2968 0.8454 0.4440
vn -0.7313 0.5873 0.3468
vn -0.7313 0.5873 0.3469
vn -0.2244 0.8884 -0.4004
vn -0.2245 0.8884 -0.4004
vn -0.2244 0.8884 0.4004
vn -0.6536 0.6344 0.4128
vn -0.2972 0.8451 -0.4444
vn -0.2969 0.8454 -0.4440
vn -0.1661 0.9238 0.3449
vn -0.5653 0.6872 0.4563
vn -0.3810 0.7960 -0.4704
vn -0.1223 0.9514 0.2825
vn -0.4725 0.7423 0.4752
vn -0.4723 0.7422 0.4754
vn -0.4723 0.7423 0.4754
vn -0.4723 0.7422 -0.4755
vn -0.4723 0.7422 -0.4754
vn -0.4724 0.7422 -0.4753
vn -0.0919 0.9717 0.2176
vn -0.0919 0.9717 0.2177
vn -0.0919 0.9717 0.2178
vn -0.3810 0.7960 0.4703
vn -0.3810 0.7960 0.4704
vn -0.5653 0.6872 -0.4563
vn -0.0725 0.9855 0.1533
vn -0.0725 0.9855 0.1534
vn -0.6536 0.6344 -0.4128
vn -0.0615 0.9940 0.0908
vn -0.7313 0.5873 -0.3467
vn -0.7313 0.5873 -0.3468
vn -0.0566 0.9979 0.0300
vn -0.7937 0.5493 -0.2614
vn -0.7937 0.5491 -0.2618
vn -0.7936 0.5492 -0.2618
vn -0.0566 0.9979 -0.0300
vn -0.8371 0.5223 -0.1627
vn -0.8371 0.5223 -0.1628
vn -0.0615 0.9940 -0.0908
vn -0.0614 0.9940 -0.0907
vn -0.8592 0.5087 -0.0554
vn -0.8593 0.5085 -0.0554
vn -0.8591 0.5088 -0.0554
vn -0.8593 0.5085 -0.0552
vn -0.0725 0.9855 -0.1534
vn -0.0726 0.9855 -0.1534
vn -0.8594 0.5083 0.0551
vn -0.8595 0.5082 0.0549
vn -0.8594 0.5083 0.0550
vn -0.8593 0.5085 0.0552
vn -0.0918 0.9717 -0.2177
vn -0.0919 0.9717 -0.2177
vn -0.8371 0.5223 0.1628
vn -0.8371 0.5222 0.1628
vn -0.1223 0.9514 -0.2826
vn -0.1223 0.9514 -0.2825
vn -0.9155 -0.2968 0.2716
vn -0.9155 -0.2969 0.2716
vn -0.9155 -0.2967 0.2717
vn 0.7042 -0.7009 -0.1133
vn 0.7042 -0.7010 -0.1131
vn 0.7043 -0.7008 -0.1135
vn -0.0766 -0.9963 -0.0401
vn -0.0763 -0.9963 -0.0399
vn -0.0763 -0.9963 -0.0400
vn -0.0764 -0.9963 -0.0399
vn 0.6763 -0.7132 -0.1842
vn 0.6765 -0.7130 -0.1842
vn 0.6767 -0.7128 -0.1841
vn 0.6764 -0.7131 -0.1842
vn -0.0761 -0.9963 0.0400
vn -0.0764 -0.9963 0.0399
vn 0.6360 -0.7305 -0.2488
vn 0.6359 -0.7305 -0.2491
vn 0.6359 -0.7305 -0.2490
vn 0.6359 -0.7305 -0.2489
vn -0.0600 -0.9912 0.1180
vn -0.0605 -0.9911 0.1182
vn -0.0604 -0.9911 0.1185
vn 0.5835 -0.7526 -0.3052
vn 0.5835 -0.7525 -0.3054
vn 0.5835 -0.7526 -0.3051
vn -0.0293 -0.9810 0.1920
vn 0.5210 -0.7783 -0.3505
vn 0.5208 -0.7786 -0.3501
vn 0.5210 -0.7783 -0.3504
vn 0.5211 -0.7783 -0.3502
vn 0.3735 -0.8370 0.3998
vn 0.3735 -0.8371 0.3997
vn 0.3734 -0.8371 0.3997
vn 0.0161 -0.9659 0.2583
vn 0.0160 -0.9659 0.2583
vn 0.0161 -0.9659 0.2584
vn 0.4502 -0.8070 -0.3822
vn 0.4501 -0.8071 -0.3821
vn 0.4504 -0.8070 -0.3820
vn 0.4502 -0.8069 -0.3823
vn 0.4499 -0.8071 0.3822
vn 0.4501 -0.8070 0.3823
vn 0.4500 -0.8072 0.3822
vn 0.4499 -0.8072 0.3822
vn 0.0739 -0.9464 0.3145
vn 0.0741 -0.9463 0.3146
vn 0.0737 -0.9463 0.3147
vn 0.0734 -0.9464 0.3146
vn 0.3734 -0.8371 -0.3997
vn 0.3732 -0.8371 -0.3999
vn 0.3734 -0.8370 -0.4000
vn 0.3740 -0.8371 -0.3993
vn 0.5207 -0.7786 0.3503
vn 0.5212 -0.7781 0.3505
vn 0.5208 -0.7785 0.3503
vn 0.5208 -0.7785 0.3504
vn 0.1413 -0.9230 0.3580
vn 0.1413 -0.9230 0.3579
vn 0.1412 -0.9229 0.3581
vn 0.2942 -0.8672 -0.4017
vn 0.2943 -0.8672 -0.4016
vn 0.2943 -0.8672 -0.4017
vn 0.2943 -0.8673 -0.4016
vn 0.5834 -0.7526 0.3054
vn 0.5835 -0.7526 0.3052
vn 0.5833 -0.7526 0.3055
vn 0.2158 -0.8962 0.3876
vn 0.2158 -0.8963 0.3875
vn 0.2158 -0.8962 -0.3876
vn 0.2157 -0.8962 -0.3876
vn 0.6360 -0.7304 0.2489
vn 0.6359 -0.7305 0.2491
vn 0.6359 -0.7307 0.2486
vn 0.2942 -0.8673 0.4016
vn 0.2943 -0.8672 0.4016
vn 0.2942 -0.8674 0.4014
vn 0.1411 -0.9229 -0.3583
vn 0.1409 -0.9229 -0.3584
vn 0.1411 -0.9229 -0.3582
vn 0.1412 -0.9229 -0.3583
vn 0.6767 -0.7128 0.1841
vn 0.6765 -0.7130 0.1842
vn 0.6763 -0.7132 0.1842
vn 0.0735 -0.9463 -0.3147
vn 0.0734 -0.9464 -0.3146
vn 0.0737 -0.9463 -0.3147
vn 0.0737 -0.9464 -0.3144
vn 0.7042 -0.7010 0.1131
vn 0.7042 -0.7009 0.1132
vn 0.0161 -0.9659 -0.2585
vn 0.0160 -0.9659 -0.2585
vn 0.0160 -0.9659 -0.2583
vn 0.7181 -0.6949 0.0381
vn 0.7182 -0.6948 0.0380
vn 0.7180 -0.6950 0.0382
vn -0.0293 -0.9810 -0.1920
vn 0.7181 -0.6949 -0.0381
vn 0.7182 -0.6948 -0.0380
vn -0.6442 0.6293 0.4347
vn -0.6444 0.6291 0.4347
vn -0.6443 0.6292 0.4347
vn 0.6292 0.2038 -0.7500
vn 0.6292 0.2037 -0.7501
vn 0.6293 0.2039 -0.7500
vn -0.8518 -0.2761 0.4451
vn -0.8517 -0.2760 0.4454
vn -0.8516 -0.2762 0.4454
vn 0.4738 0.1537 -0.8671
vn 0.4738 0.1536 -0.8671
vn 0.1003 0.0325 0.9944
vn 0.1003 0.0326 0.9944
vn 0.1004 0.0325 0.9944
vn -0.7559 -0.2451 0.6071
vn -0.7560 -0.2451 0.6069
vn -0.7559 -0.2450 0.6071
vn -0.7560 -0.2450 0.6070
vn 0.2949 0.0957 -0.9507
vn 0.2948 0.0956 -0.9508
vn 0.2950 0.0958 0.9507
vn 0.2946 0.0956 0.9508
vn 0.2949 0.0957 0.9507
vn 0.2953 0.0960 0.9506
vn -0.6292 -0.2039 0.7500
vn -0.6292 -0.2041 0.7500
vn 0.1003 0.0325 -0.9944
vn 0.1003 0.0326 -0.9944
vn 0.1004 0.0325 -0.9944
vn 0.4738 0.1537 0.8671
vn 0.4739 0.1537 0.8671
vn -0.4738 -0.1537 0.8671
vn -0.4738 -0.1536 0.8671
vn -0.1003 -0.0325 -0.9944
vn -0.1003 -0.0326 -0.9944
vn -0.1004 -0.0325 -0.9944
vn 0.6292 0.2039 0.7500
vn -0.2951 -0.0957 0.9506
vn -0.2948 -0.0956 0.9508
vn -0.2951 -0.0957 0.9507
vn -0.2952 -0.0958 0.9506
vn -0.2951 -0.0957 -0.9507
vn -0.2948 -0.0956 -0.9508
vn 0.7560 0.2453 0.6068
vn 0.7560 0.2454 0.6068
vn 0.7561 0.2456 0.6067
vn 0.7560 0.2452 0.6069
vn -0.1003 -0.0325 0.9944
vn -0.1004 -0.0325 0.9944
vn -0.1003 -0.0326 0.9944
vn -0.4738 -0.1532 -0.8672
vn -0.4738 -0.1536 -0.8671
vn -0.4738 -0.1537 -0.8671
vn 0.8517 0.2758 0.4455
vn 0.8518 0.2762 0.4452
vn 0.8518 0.2759 0.4454
vn 0.8518 0.2757 0.4455
vn -0.6292 -0.2039 -0.7500
vn -0.6293 -0.2037 -0.7500
vn 0.9154 0.2967 0.2721
vn 0.9155 0.2967 0.2717
vn 0.9155 0.2967 0.2718
vn -0.7559 -0.2450 -0.6071
vn -0.7560 -0.2450 -0.6070
vn -0.7562 -0.2451 -0.6067
vn -0.7560 -0.2452 -0.6069
vn 0.9473 0.3072 0.0913
vn 0.9473 0.3070 0.0913
vn 0.9473 0.3071 0.0913
vn -0.8517 -0.2761 -0.4454
vn -0.8518 -0.2760 -0.4452
vn -0.8518 -0.2761 -0.4451
vn 0.9471 0.3077 -0.0913
vn 0.9471 0.3075 -0.0915
vn 0.9472 0.3073 -0.0914
vn 0.9473 0.3070 -0.0913
vn -0.9154 -0.2967 -0.2721
vn -0.9156 -0.2965 -0.2717
vn -0.9155 -0.2967 -0.2718
vn -0.9155 -0.2967 -0.2717
vn 0.9154 0.2967 -0.2721
vn 0.9154 0.2967 -0.2719
vn 0.9156 0.2964 -0.2717
vn -0.9473 -0.3069 -0.0913
vn -0.9473 -0.3070 -0.0913
vn -0.9474 -0.3068 -0.0913
vn 0.8518 0.2759 -0.4454
vn 0.8518 0.2757 -0.4455
vn 0.8517 0.2758 -0.4455
vn 0.8518 0.2762 -0.4452
vn -0.9474 -0.3068 0.0913
vn -0.9473 -0.3070 0.0913
vn -0.9473 -0.3069 0.0913
vn 0.7560 0.2452 -0.6069
vn 0.7561 0.2451 -0.6068
vn 0.7559 0.2457 -0.6068
vn 0.2536 -0.8596 0.4436
vn 0.2537 -0.8597 0.4435
vn 0.2535 -0.8596 0.4437
vn -0.2574 0.8352 -0.4859
vn -0.2574 0.8353 -0.4859
vn -0.1073 0.9170 0.3842
vn -0.5511 0.6792 0.4846
vn -0.5511 0.6792 0.4847
vn -0.5509 0.6792 0.4849
vn -0.3512 0.7854 -0.5097
vn -0.0554 0.9468 0.3171
vn -0.4512 0.7323 0.5101
vn -0.4512 0.7324 0.5099
vn -0.4511 0.7323 0.5101
vn -0.4512 0.7324 -0.5099
vn -0.4512 0.7324 -0.5100
vn -0.0186 0.9691 0.2460
vn -0.0186 0.9691 0.2459
vn -0.3512 0.7854 0.5097
vn -0.5511 0.6791 -0.4848
vn -0.5511 0.6792 -0.4847
vn -0.5511 0.6792 -0.4848
vn 0.0055 0.9847 0.1741
vn -0.6442 0.6290 -0.4350
vn -0.6444 0.6291 -0.4347
vn -0.6444 0.6291 -0.4346
vn 0.0195 0.9944 0.1035
vn -0.7254 0.5852 -0.3624
vn -0.7254 0.5853 -0.3624
vn 0.0257 0.9991 0.0343
vn 0.0258 0.9991 0.0343
vn 0.0259 0.9991 0.0343
vn -0.7896 0.5500 -0.2721
vn -0.7895 0.5501 -0.2721
vn 0.0258 0.9991 -0.0343
vn 0.0260 0.9991 -0.0343
vn 0.0262 0.9991 -0.0342
vn -0.8339 0.5255 -0.1688
vn -0.8338 0.5257 -0.1685
vn -0.8338 0.5257 -0.1684
vn 0.0195 0.9944 -0.1035
vn -0.8564 0.5131 -0.0570
vn -0.8564 0.5132 -0.0571
vn -0.8566 0.5129 -0.0568
vn 0.0055 0.9847 -0.1741
vn -0.8564 0.5131 0.0570
vn -0.8564 0.5132 0.0571
vn -0.0186 0.9691 -0.2460
vn -0.0186 0.9691 -0.2459
vn -0.8338 0.5257 0.1688
vn -0.8338 0.5257 0.1685
vn -0.0554 0.9468 -0.3171
vn -0.7897 0.5499 0.2720
vn -0.7895 0.5501 0.2721
vn -0.7898 0.5498 0.2719
vn -0.1073 0.9170 -0.3841
vn -0.1073 0.9170 -0.3842
vn -0.2576 0.8353 0.4857
vn -0.2574 0.8353 0.4859
vn -0.7253 0.5853 0.3626
vn -0.7254 0.5852 0.3624
vn -0.1749 0.8796 -0.4423
vn -0.1749 0.8796 0.4423
vn -0.1749 0.8797 0.4423
vn -0.8766 -0.1903 -0.4419
vn -0.8766 -0.1903 -0.4420
vn -0.8765 -0.1903 -0.4422
vn -0.8767 -0.1902 -0.4419
vn 0.0785 -0.9133 -0.3997
vn 0.6729 -0.7129 0.1973
vn 0.6729 -0.7130 0.1973
vn 0.6729 -0.7129 0.1974
vn 0.6730 -0.7129 0.1973
vn 0.0003 -0.9359 -0.3524
vn 0.0002 -0.9358 -0.3526
vn 0.0002 -0.9358 -0.3525
vn -0.0000 -0.9358 -0.3525
vn 0.7021 -0.7018 0.1210
vn 0.7020 -0.7018 0.1209
vn 0.7022 -0.7016 0.1209
vn 0.7021 -0.7017 0.1208
vn -0.0671 -0.9545 -0.2905
vn -0.0670 -0.9546 -0.2904
vn -0.0672 -0.9545 -0.2905
vn 0.7168 -0.6961 0.0406
vn 0.7169 -0.6960 0.0408
vn 0.7169 -0.6960 0.0407
vn 0.7168 -0.6961 0.0407
vn -0.1203 -0.9688 -0.2165
vn 0.7169 -0.6960 -0.0407
vn 0.7169 -0.6959 -0.0409
vn 0.7169 -0.6960 -0.0408
vn -0.1571 -0.9785 -0.1337
vn -0.1571 -0.9785 -0.1336
vn 0.7021 -0.7017 -0.1207
vn 0.7021 -0.7017 -0.1208
vn 0.7023 -0.7016 -0.1207
vn 0.7022 -0.7017 -0.1208
vn -0.1758 -0.9834 -0.0451
vn -0.1757 -0.9834 -0.0452
vn -0.1761 -0.9833 -0.0449
vn -0.1759 -0.9834 -0.0451
vn 0.6730 -0.7128 -0.1973
vn 0.6730 -0.7129 -0.1972
vn 0.6729 -0.7129 -0.1973
vn -0.1758 -0.9834 0.0449
vn -0.1757 -0.9834 0.0449
vn -0.1761 -0.9833 0.0451
vn -0.1759 -0.9834 0.0451
vn 0.6293 -0.7295 -0.2681
vn 0.6296 -0.7293 -0.2678
vn 0.6293 -0.7296 -0.2677
vn 0.6294 -0.7296 -0.2675
vn -0.1571 -0.9785 0.1335
vn -0.1570 -0.9785 0.1336
vn -0.1570 -0.9785 0.1337
vn -0.1571 -0.9785 0.1338
vn 0.5735 -0.7501 -0.3293
vn 0.5733 -0.7502 -0.3294
vn 0.5734 -0.7502 -0.3293
vn -0.1203 -0.9688 0.2165
vn -0.1203 -0.9688 0.2168
vn -0.1201 -0.9688 0.2166
vn -0.1201 -0.9689 0.2165
vn 0.5054 -0.7747 -0.3801
vn 0.5053 -0.7747 -0.3802
vn 0.5052 -0.7747 -0.3802
vn 0.5053 -0.7748 -0.3800
vn 0.3424 -0.8308 0.4388
vn 0.3425 -0.8307 0.4389
vn 0.3426 -0.8307 0.4389
vn -0.0670 -0.9546 0.2904
vn -0.0667 -0.9547 0.2900
vn -0.0670 -0.9545 0.2904
vn -0.0671 -0.9545 0.2905
vn 0.4274 -0.8021 -0.4172
vn 0.4275 -0.8020 -0.4172
vn 0.4274 -0.8020 -0.4172
vn 0.4273 -0.8021 -0.4172
vn 0.4273 -0.8021 0.4172
vn 0.4274 -0.8021 0.4172
vn 0.4275 -0.8019 0.4172
vn 0.0001 -0.9358 0.3526
vn 0.0001 -0.9357 0.3528
vn 0.0002 -0.9357 0.3527
vn 0.0002 -0.9358 0.3525
vn 0.3425 -0.8307 -0.4389
vn 0.3426 -0.8307 -0.4389
vn 0.5052 -0.7748 0.3800
vn 0.5052 -0.7748 0.3801
vn 0.5052 -0.7747 0.3804
vn 0.0785 -0.9133 0.3997
vn 0.2536 -0.8596 -0.4437
vn 0.2536 -0.8596 -0.4436
vn 0.2535 -0.8596 -0.4437
vn 0.5734 -0.7502 0.3293
vn 0.5733 -0.7502 0.3294
vn 0.1643 -0.8875 0.4304
vn 0.1643 -0.8875 0.4305
vn 0.1642 -0.8876 0.4304
vn 0.1643 -0.8875 -0.4305
vn 0.1642 -0.8875 -0.4306
vn 0.6294 -0.7294 0.2679
vn 0.6300 -0.7290 0.2679
vn 0.6296 -0.7293 0.2678
vn 0.6294 -0.7295 0.2677
vn -0.7811 0.6224 0.0499
vn -0.7812 0.6224 0.0498
vn 0.9732 0.2115 -0.0904
vn 0.9732 0.2112 -0.0905
vn 0.9732 0.2113 -0.0904
vn -0.9411 -0.2046 -0.2693
vn -0.9411 -0.2045 -0.2693
vn 0.9411 0.2044 -0.2695
vn 0.9411 0.2044 -0.2693
vn -0.9732 -0.2115 -0.0904
vn -0.9732 -0.2115 -0.0902
vn -0.9732 -0.2113 -0.0906
vn 0.8765 0.1904 -0.4422
vn 0.8766 0.1902 -0.4420
vn -0.9732 -0.2115 0.0904
vn -0.9732 -0.2113 0.0904
vn -0.9732 -0.2113 0.0905
vn 0.7793 0.1691 -0.6034
vn 0.7794 0.1690 -0.6033
vn 0.7794 0.1691 -0.6033
vn 0.7793 0.1692 -0.6034
vn -0.9411 -0.2046 0.2694
vn -0.9411 -0.2044 0.2694
vn 0.6497 0.1407 -0.7470
vn 0.6498 0.1407 -0.7470
vn 0.6496 0.1408 -0.7471
vn -0.8766 -0.1902 0.4419
vn -0.8766 -0.1902 0.4420
vn -0.8765 -0.1904 0.4422
vn -0.8767 -0.1902 0.4419
vn 0.4900 0.1064 -0.8652
vn 0.4901 0.1064 -0.8651
vn 0.4899 0.1060 -0.8653
vn 0.1037 0.0225 0.9943
vn 0.1040 0.0225 0.9943
vn 0.1038 0.0225 0.9943
vn -0.7794 -0.1691 0.6033
vn -0.7793 -0.1692 0.6034
vn 0.3055 0.0664 -0.9499
vn 0.3054 0.0663 -0.9499
vn 0.3055 0.0664 0.9499
vn 0.3054 0.0663 0.9499
vn 0.3058 0.0666 0.9498
vn -0.6497 -0.1410 0.7470
vn -0.6497 -0.1406 0.7471
vn -0.6497 -0.1411 0.7470
vn 0.1036 0.0224 -0.9944
vn 0.1033 0.0224 -0.9944
vn 0.1037 0.0224 -0.9944
vn 0.1040 0.0225 -0.9943
vn 0.4900 0.1064 0.8652
vn 0.4901 0.1064 0.8651
vn 0.4902 0.1064 0.8651
vn -0.4901 -0.1064 0.8652
vn -0.4902 -0.1065 0.8651
vn -0.4901 -0.1065 0.8651
vn -0.1038 -0.0225 -0.9943
vn 0.6497 0.1407 0.7470
vn 0.6497 0.1412 0.7470
vn 0.6498 0.1408 0.7470
vn -0.3059 -0.0663 0.9497
vn -0.3056 -0.0663 0.9498
vn -0.3059 -0.0663 -0.9497
vn -0.3056 -0.0663 -0.9498
vn 0.7793 0.1692 0.6034
vn -0.1038 -0.0225 0.9943
vn -0.1039 -0.0225 0.9943
vn -0.4899 -0.1061 -0.8653
vn -0.4902 -0.1065 -0.8651
vn -0.4898 -0.1062 -0.8653
vn 0.8765 0.1904 0.4422
vn 0.8766 0.1903 0.4420
vn 0.8765 0.1903 0.4421
vn -0.6497 -0.1406 -0.7471
vn 0.9410 0.2045 0.2695
vn 0.9411 0.2044 0.2695
vn 0.9410 0.2045 0.2694
vn 0.9409 0.2050 0.2696
vn -0.7793 -0.1692 -0.6034
vn -0.7794 -0.1691 -0.6033
vn 0.9733 0.2110 0.0903
vn 0.9732 0.2112 0.0905
vn 0.9732 0.2115 0.0904
vn 0.9732 0.2115 0.0902
vn 0.2966 -0.7854 0.5434
vn 0.2966 -0.7854 0.5433
vn 0.2965 -0.7853 0.5434
vn -0.1223 0.9819 -0.1448
vn -0.7599 0.6331 0.1471
vn -0.7598 0.6332 0.1471
vn -0.7599 0.6332 0.1471
vn -0.1313 0.9707 -0.2011
vn -0.1316 0.9707 -0.2011
vn -0.1316 0.9707 -0.2010
vn -0.7182 0.6544 0.2365
vn -0.7182 0.6545 0.2363
vn -0.7181 0.6545 0.2363
vn -0.1546 0.9528 -0.2612
vn -0.1546 0.9528 -0.2613
vn -0.2527 0.8942 0.3696
vn -0.6582 0.6850 0.3123
vn -0.6582 0.6850 0.3122
vn -0.1947 0.9273 -0.3197
vn -0.1947 0.9273 0.3196
vn -0.1947 0.9273 0.3197
vn -0.5832 0.7231 0.3701
vn -0.5833 0.7230 0.3702
vn -0.2527 0.8942 -0.3696
vn -0.2528 0.8941 -0.3696
vn -0.1546 0.9528 0.2611
vn -0.1546 0.9528 0.2612
vn -0.4987 0.7657 0.4061
vn -0.4986 0.7660 0.4058
vn -0.3263 0.8546 -0.4039
vn -0.3263 0.8546 -0.4040
vn -0.1317 0.9707 0.2011
vn -0.1316 0.9707 0.2011
vn -0.1315 0.9707 0.2011
vn -0.4106 0.8109 0.4170
vn -0.4106 0.8109 -0.4169
vn -0.4106 0.8109 -0.4170
vn -0.1223 0.9819 0.1448
vn -0.1223 0.9819 0.1447
vn -0.3263 0.8546 0.4039
vn -0.3264 0.8546 0.4039
vn -0.4986 0.7660 -0.4058
vn -0.4986 0.7660 -0.4057
vn -0.1217 0.9880 0.0955
vn -0.1215 0.9880 0.0955
vn -0.5833 0.7230 -0.3702
vn -0.1248 0.9907 0.0536
vn -0.6582 0.6850 -0.3123
vn -0.1275 0.9917 0.0172
vn -0.1274 0.9917 0.0171
vn -0.7182 0.6545 -0.2364
vn -0.7182 0.6545 -0.2363
vn -0.7180 0.6547 -0.2363
vn -0.1275 0.9917 -0.0172
vn -0.7599 0.6332 -0.1471
vn -0.7598 0.6333 -0.1474
vn -0.7598 0.6332 -0.1471
vn -0.1248 0.9907 -0.0537
vn -0.1248 0.9907 -0.0536
vn -0.7812 0.6223 -0.0496
vn -0.7812 0.6223 -0.0499
vn -0.7811 0.6224 -0.0499
vn -0.1217 0.9880 -0.0955
vn 0.6708 0.0548 0.7396
vn 0.6707 0.0548 0.7397
vn -0.2473 -0.8939 0.3739
vn -0.2473 -0.8939 0.3738
vn 0.4032 -0.7592 -0.5110
vn 0.4036 -0.7589 -0.5110
vn 0.4035 -0.7589 -0.5111
vn 0.4034 -0.7590 0.5111
vn 0.4034 -0.7589 0.5111
vn 0.4035 -0.7589 0.5111
vn 0.4035 -0.7590 0.5110
vn -0.1555 -0.8787 0.4514
vn -0.1554 -0.8787 0.4514
vn -0.1556 -0.8787 0.4514
vn 0.2966 -0.7854 -0.5434
vn 0.2966 -0.7854 -0.5433
vn 0.2965 -0.7853 -0.5434
vn 0.4995 -0.7338 0.4606
vn 0.4993 -0.7338 0.4607
vn 0.4996 -0.7337 0.4606
vn 0.4997 -0.7337 0.4605
vn -0.0499 -0.8595 0.5087
vn -0.0499 -0.8595 0.5088
vn 0.1821 -0.8118 -0.5547
vn 0.1821 -0.8118 -0.5548
vn 0.1822 -0.8119 -0.5547
vn 0.1822 -0.8119 -0.5546
vn 0.5812 -0.7112 0.3954
vn 0.5812 -0.7112 0.3955
vn 0.5813 -0.7112 0.3955
vn 0.0643 -0.8369 0.5436
vn 0.0646 -0.8370 0.5434
vn 0.0644 -0.8368 0.5436
vn 0.0647 -0.8369 0.5435
vn 0.0643 -0.8369 -0.5436
vn 0.0648 -0.8369 -0.5435
vn 0.0647 -0.8369 -0.5435
vn 0.6477 -0.6920 0.3187
vn 0.6477 -0.6921 0.3187
vn 0.1820 -0.8118 0.5548
vn -0.0500 -0.8595 -0.5087
vn -0.0500 -0.8596 -0.5086
vn -0.0498 -0.8595 -0.5086
vn -0.0499 -0.8595 -0.5087
vn 0.6977 -0.6773 0.2333
vn 0.6979 -0.6771 0.2334
vn 0.6976 -0.6774 0.2333
vn 0.6978 -0.6772 0.2334
vn -0.1555 -0.8787 -0.4514
vn -0.1556 -0.8787 -0.4514
vn -0.1554 -0.8787 -0.4514
vn 0.7316 -0.6668 0.1421
vn 0.7315 -0.6669 0.1422
vn 0.7315 -0.6668 0.1422
vn -0.2473 -0.8939 -0.3737
vn -0.2473 -0.8939 -0.3738
vn -0.2474 -0.8940 -0.3737
vn -0.2474 -0.8940 -0.3735
vn 0.7482 -0.6617 0.0479
vn 0.7482 -0.6617 0.0478
vn 0.7482 -0.6617 0.0477
vn 0.7482 -0.6617 0.0481
vn -0.3201 -0.9052 -0.2795
vn -0.3202 -0.9052 -0.2794
vn -0.3200 -0.9052 -0.2796
vn 0.7482 -0.6617 -0.0481
vn 0.7482 -0.6617 -0.0482
vn 0.7482 -0.6618 -0.0484
vn -0.3707 -0.9126 -0.1726
vn -0.3706 -0.9126 -0.1726
vn -0.3705 -0.9126 -0.1726
vn 0.7315 -0.6669 -0.1421
vn 0.7315 -0.6669 -0.1422
vn 0.7314 -0.6669 -0.1422
vn 0.7315 -0.6669 -0.1420
vn -0.3964 -0.9162 -0.0583
vn -0.3965 -0.9162 -0.0582
vn -0.3963 -0.9163 -0.0583
vn -0.3963 -0.9163 -0.0584
vn 0.6979 -0.6771 -0.2334
vn 0.6980 -0.6770 -0.2334
vn 0.6977 -0.6773 -0.2333
vn 0.6978 -0.6772 -0.2334
vn -0.3964 -0.9162 0.0585
vn -0.3964 -0.9162 0.0584
vn 0.6477 -0.6920 -0.3186
vn 0.6478 -0.6920 -0.3185
vn 0.6477 -0.6921 -0.3186
vn 0.6477 -0.6920 -0.3187
vn -0.3707 -0.9126 0.1726
vn -0.3705 -0.9126 0.1726
vn -0.3708 -0.9125 0.1725
vn 0.5813 -0.7112 -0.3954
vn 0.5813 -0.7111 -0.3954
vn -0.3201 -0.9052 0.2795
vn -0.3202 -0.9052 0.2795
vn 0.4994 -0.7337 -0.4607
vn 0.4994 -0.7338 -0.4607
vn -0.1463 0.9885 0.0372
vn -0.3182 -0.0260 0.9477
vn -0.3185 -0.0261 0.9476
vn -0.3185 -0.0261 -0.9476
vn 0.8010 0.0655 0.5951
vn -0.1081 -0.0088 0.9941
vn -0.5080 -0.0416 -0.8603
vn -0.5080 -0.0416 -0.8604
vn -0.5081 -0.0416 -0.8603
vn 0.8979 0.0733 0.4340
vn 0.8979 0.0733 0.4341
vn 0.8978 0.0732 0.4342
vn -0.6708 -0.0548 -0.7396
vn -0.6709 -0.0548 -0.7395
vn 0.9614 0.0786 0.2637
vn 0.9614 0.0785 0.2638
vn 0.9614 0.0785 0.2637
vn -0.8013 -0.0654 -0.5947
vn -0.8014 -0.0654 -0.5946
vn 0.9928 0.0811 0.0884
vn 0.9928 0.0810 0.0884
vn -0.8979 -0.0733 -0.4341
vn -0.8979 -0.0733 -0.4340
vn 0.9928 0.0810 -0.0884
vn 0.9928 0.0811 -0.0885
vn 0.9928 0.0810 -0.0883
vn 0.9928 0.0813 -0.0884
vn -0.9614 -0.0785 -0.2636
vn -0.9615 -0.0786 -0.2635
vn 0.9614 0.0784 -0.2639
vn 0.9613 0.0786 -0.2641
vn 0.9614 0.0781 -0.2638
vn 0.9614 0.0784 -0.2638
vn -0.9928 -0.0810 -0.0883
vn -0.9928 -0.0810 -0.0881
vn -0.9928 -0.0811 -0.0884
vn 0.8980 0.0735 -0.4338
vn 0.8979 0.0732 -0.4341
vn 0.8979 0.0733 -0.4341
vn -0.9927 -0.0813 0.0887
vn -0.9928 -0.0810 0.0881
vn -0.9927 -0.0814 0.0886
vn 0.8010 0.0655 -0.5951
vn -0.9614 -0.0785 0.2637
vn -0.9613 -0.0784 0.2640
vn -0.9614 -0.0785 0.2636
vn 0.6709 0.0548 -0.7395
vn 0.6709 0.0548 -0.7396
vn 0.6708 0.0548 -0.7396
vn -0.8979 -0.0733 0.4341
vn 0.5087 0.0417 -0.8599
vn 0.5084 0.0415 -0.8601
vn 0.5086 0.0417 -0.8600
vn 0.1081 0.0089 0.9941
vn 0.1082 0.0089 0.9941
vn -0.8012 -0.0654 0.5948
vn -0.8013 -0.0654 0.5947
vn 0.3179 0.0260 -0.9478
vn 0.3180 0.0260 -0.9477
vn 0.3185 0.0261 0.9476
vn 0.3179 0.0260 0.9478
vn 0.3182 0.0260 0.9477
vn 0.3181 0.0260 0.9477
vn -0.6708 -0.0548 0.7396
vn -0.6709 -0.0548 0.7395
vn 0.1081 0.0089 -0.9941
vn 0.1082 0.0089 -0.9941
vn 0.5087 0.0417 0.8599
vn 0.5087 0.0416 0.8599
vn 0.5086 0.0417 0.8600
vn -0.5080 -0.0416 0.8603
vn -0.5080 -0.0416 0.8604
vn -0.5081 -0.0416 0.8603
vn -0.1081 -0.0088 -0.9941
vn 0.5674 -0.8183 -0.0921
vn 0.5677 -0.8181 -0.0920
vn 0.5675 -0.8182 -0.0919
vn 0.5674 -0.8183 -0.0919
vn -0.5104 0.8376 -0.1949
vn -0.1464 0.9891 0.0121
vn -0.1464 0.9892 0.0121
vn -0.5509 0.8213 -0.1482
vn -0.5509 0.8213 -0.1483
vn -0.5509 0.8213 -0.1484
vn -0.1464 0.9891 -0.0121
vn -0.1464 0.9892 -0.0121
vn -0.1465 0.9891 -0.0120
vn -0.5794 0.8097 -0.0928
vn -0.5793 0.8098 -0.0927
vn -0.5796 0.8096 -0.0928
vn -0.1463 0.9885 -0.0372
vn -0.5940 0.8038 -0.0315
vn -0.5941 0.8038 -0.0314
vn -0.5940 0.8039 -0.0314
vn -0.1472 0.9870 -0.0649
vn -0.1473 0.9870 -0.0649
vn -0.1473 0.9870 -0.0650
vn -0.5941 0.8038 0.0313
vn -0.5940 0.8038 0.0315
vn -0.5941 0.8038 0.0314
vn -0.5940 0.8039 0.0313
vn -0.1514 0.9838 -0.0959
vn -0.5794 0.8097 0.0929
vn -0.5793 0.8098 0.0927
vn -0.5795 0.8096 0.0928
vn -0.1613 0.9783 -0.1300
vn -0.5509 0.8213 0.1483
vn -0.5509 0.8213 0.1484
vn -0.1795 0.9697 -0.1655
vn -0.1795 0.9697 -0.1656
vn -0.2461 0.9419 0.2286
vn -0.2462 0.9419 0.2285
vn -0.5104 0.8376 0.1949
vn -0.5103 0.8376 0.1949
vn -0.2077 0.9576 -0.1996
vn -0.2077 0.9576 -0.1997
vn -0.2074 0.9577 0.1995
vn -0.2077 0.9576 0.1996
vn -0.2076 0.9575 0.2000
vn -0.4607 0.8573 0.2298
vn -0.4607 0.8573 0.2297
vn -0.4606 0.8573 0.2298
vn -0.2460 0.9419 -0.2287
vn -0.2462 0.9419 -0.2285
vn -0.2461 0.9419 -0.2286
vn -0.1795 0.9697 0.1655
vn -0.1794 0.9697 0.1657
vn -0.4052 0.8792 0.2506
vn -0.4048 0.8793 0.2508
vn -0.2941 0.9229 -0.2486
vn -0.2939 0.9229 -0.2486
vn -0.1613 0.9783 0.1300
vn -0.3481 0.9016 0.2567
vn -0.3482 0.9016 0.2567
vn -0.3483 0.9016 0.2566
vn -0.3481 0.9016 -0.2567
vn -0.3482 0.9016 -0.2567
vn -0.1514 0.9838 0.0959
vn -0.1512 0.9838 0.0960
vn -0.2939 0.9229 0.2486
vn -0.2936 0.9230 0.2486
vn -0.4052 0.8792 -0.2508
vn -0.4052 0.8792 -0.2506
vn -0.4052 0.8792 -0.2507
vn -0.1472 0.9870 0.0647
vn -0.1473 0.9870 0.0648
vn -0.1473 0.9870 0.0649
vn -0.4607 0.8573 -0.2297
vn -0.4607 0.8573 -0.2298
vn 0.6786 0.0115 -0.7344
vn 0.6784 0.0117 -0.7346
vn 0.6787 0.0114 -0.7343
vn 0.6787 0.0113 -0.7343
vn -0.1536 -0.9874 -0.0369
vn -0.1537 -0.9874 -0.0369
vn 0.5446 -0.8251 -0.1503
vn 0.5447 -0.8250 -0.1505
vn 0.5447 -0.8251 -0.1504
vn 0.5445 -0.8252 -0.1503
vn -0.1536 -0.9874 0.0372
vn -0.1537 -0.9874 0.0367
vn -0.1537 -0.9874 0.0369
vn 0.5109 -0.8349 -0.2048
vn 0.5111 -0.8348 -0.2047
vn 0.5107 -0.8349 -0.2050
vn 0.5109 -0.8350 -0.2045
vn -0.1371 -0.9845 0.1091
vn -0.1370 -0.9845 0.1091
vn 0.4670 -0.8473 -0.2530
vn 0.4671 -0.8472 -0.2530
vn -0.1049 -0.9787 0.1762
vn -0.1048 -0.9787 0.1764
vn -0.1049 -0.9787 0.1763
vn -0.1051 -0.9787 0.1762
vn 0.4136 -0.8619 -0.2934
vn 0.4133 -0.8621 -0.2932
vn 0.4134 -0.8621 -0.2931
vn 0.4138 -0.8618 -0.2935
vn 0.2838 -0.8956 0.3427
vn 0.2837 -0.8955 0.3430
vn 0.2837 -0.8955 0.3429
vn -0.0585 -0.9702 0.2353
vn -0.0584 -0.9702 0.2354
vn 0.3519 -0.8783 -0.3238
vn 0.3519 -0.8782 -0.3239
vn 0.3519 -0.8783 -0.3237
vn 0.3518 -0.8784 -0.3235
vn 0.3519 -0.8783 0.3238
vn 0.3519 -0.8782 0.3239
vn 0.3519 -0.8783 0.3236
vn -0.0008 -0.9590 0.2833
vn -0.0004 -0.9589 0.2838
vn -0.0007 -0.9590 0.2835
vn -0.0005 -0.9590 0.2832
vn 0.2838 -0.8956 -0.3427
vn 0.2837 -0.8955 -0.3430
vn 0.2839 -0.8956 -0.3426
vn 0.4134 -0.8621 0.2931
vn 0.4134 -0.8621 0.2932
vn 0.4133 -0.8621 0.2931
vn 0.0659 -0.9453 0.3195
vn 0.0659 -0.9453 0.3194
vn 0.0660 -0.9453 0.3194
vn 0.2113 -0.9129 -0.3491
vn 0.2113 -0.9129 -0.3492
vn 0.2114 -0.9129 -0.3492
vn 0.4672 -0.8472 0.2530
vn 0.4673 -0.8471 0.2530
vn 0.4670 -0.8473 0.2531
vn 0.4671 -0.8472 0.2530
vn 0.1377 -0.9298 0.3413
vn 0.1379 -0.9298 0.3412
vn 0.1378 -0.9298 0.3413
vn 0.1377 -0.9298 0.3414
vn 0.1377 -0.9298 -0.3414
vn 0.1377 -0.9298 -0.3413
vn 0.5114 -0.8346 0.2049
vn 0.5115 -0.8344 0.2050
vn 0.5113 -0.8346 0.2049
vn 0.5110 -0.8348 0.2048
vn 0.2113 -0.9130 0.3491
vn 0.2114 -0.9130 0.3490
vn 0.2113 -0.9129 0.3491
vn 0.2112 -0.9129 0.3492
vn 0.0660 -0.9454 -0.3193
vn 0.0659 -0.9453 -0.3195
vn 0.0659 -0.9453 -0.3194
vn 0.5447 -0.8250 0.1505
vn 0.5447 -0.8250 0.1506
vn 0.5447 -0.8251 0.1503
vn -0.0004 -0.9589 -0.2838
vn -0.0006 -0.9589 -0.2836
vn -0.0005 -0.9589 -0.2837
vn -0.0006 -0.9589 -0.2837
vn 0.5673 -0.8184 0.0917
vn 0.5673 -0.8184 0.0920
vn 0.5673 -0.8183 0.0918
vn 0.5675 -0.8182 0.0917
vn -0.0584 -0.9702 -0.2354
vn -0.0585 -0.9702 -0.2353
vn -0.0584 -0.9701 -0.2354
vn 0.5788 -0.8149 0.0309
vn -0.1049 -0.9788 -0.1760
vn -0.1048 -0.9787 -0.1763
vn -0.1049 -0.9788 -0.1761
vn -0.1050 -0.9788 -0.1758
vn 0.5788 -0.8149 -0.0309
vn 0.5788 -0.8149 -0.0310
vn -0.1370 -0.9845 -0.1091
vn -0.1370 -0.9846 -0.1091
vn -0.1371 -0.9845 -0.1091
vn -0.1508 0.8584 -0.4904
vn -0.9033 -0.0156 0.4287
vn -0.9032 -0.0155 0.4289
vn -0.9032 -0.0154 0.4289
vn -0.9033 -0.0155 0.4288
vn 0.5156 0.0088 -0.8568
vn 0.5155 0.0088 -0.8568
vn 0.5157 0.0088 -0.8568
vn 0.5156 0.0093 -0.8568
vn 0.1101 0.0019 0.9939
vn 0.1102 0.0019 0.9939
vn -0.8080 -0.0140 0.5890
vn -0.8080 -0.0143 0.5890
vn -0.8080 -0.0139 0.5890
vn 0.3232 0.0055 -0.9463
vn 0.3232 0.0055 0.9463
vn 0.3234 0.0055 0.9462
vn -0.6785 -0.0116 0.7345
vn -0.6784 -0.0115 0.7346
vn -0.6786 -0.0116 0.7344
vn 0.1101 0.0019 -0.9939
vn 0.1102 0.0019 -0.9939
vn 0.1099 0.0019 -0.9939
vn 0.5157 0.0088 0.8567
vn 0.5155 0.0088 0.8568
vn 0.5156 0.0087 0.8568
vn 0.5156 0.0084 0.8568
vn -0.5157 -0.0088 0.8567
vn -0.5156 -0.0087 0.8568
vn -0.5155 -0.0088 0.8569
vn -0.1100 -0.0019 -0.9939
vn -0.1102 -0.0019 -0.9939
vn 0.6783 0.0118 0.7347
vn 0.6783 0.0114 0.7347
vn 0.6783 0.0117 0.7347
vn 0.6786 0.0122 0.7344
vn -0.3233 -0.0056 0.9463
vn -0.3232 -0.0055 0.9463
vn -0.3235 -0.0057 0.9462
vn -0.3232 -0.0055 -0.9463
vn 0.8080 0.0139 0.5890
vn 0.8081 0.0139 0.5889
vn -0.1100 -0.0019 0.9939
vn -0.1102 -0.0019 0.9939
vn -0.1101 -0.0019 0.9939
vn -0.1095 -0.0020 0.9940
vn -0.5157 -0.0088 -0.8567
vn -0.5156 -0.0093 -0.8568
vn -0.5160 -0.0090 -0.8565
vn -0.5156 -0.0088 -0.8568
vn 0.9033 0.0157 0.4287
vn 0.9033 0.0155 0.4288
vn 0.9033 0.0156 0.4287
vn 0.9033 0.0155 0.4287
vn -0.6786 -0.0116 -0.7344
vn 0.9655 0.0160 0.2599
vn 0.9654 0.0166 0.2601
vn 0.9654 0.0165 0.2601
vn 0.9655 0.0163 0.2600
vn -0.8080 -0.0139 -0.5890
vn -0.8080 -0.0141 -0.5890
vn 0.9960 0.0172 0.0872
vn 0.9961 0.0171 0.0871
vn 0.9960 0.0173 0.0872
vn 0.9960 0.0169 0.0874
vn -0.9033 -0.0156 -0.4287
vn -0.9033 -0.0155 -0.4287
vn -0.9033 -0.0154 -0.4287
vn 0.9960 0.0172 -0.0872
vn 0.9960 0.0169 -0.0874
vn 0.9960 0.0173 -0.0872
vn 0.9961 0.0173 -0.0869
vn -0.9654 -0.0165 -0.2601
vn 0.9654 0.0165 -0.2601
vn 0.9655 0.0163 -0.2600
vn -0.9960 -0.0172 -0.0873
vn -0.9960 -0.0169 -0.0873
vn -0.9960 -0.0173 -0.0872
vn -0.9961 -0.0172 -0.0871
vn 0.9033 0.0153 -0.4288
vn 0.9032 0.0153 -0.4289
vn 0.9033 0.0154 -0.4288
vn -0.9960 -0.0173 0.0872
vn -0.9960 -0.0171 0.0871
vn -0.9960 -0.0172 0.0873
vn -0.9961 -0.0171 0.0871
vn 0.8080 0.0140 -0.5890
vn 0.8081 0.0139 -0.5889
vn 0.8080 0.0140 -0.5891
vn 0.8080 0.0141 -0.5891
vn -0.9654 -0.0165 0.2601
vn -0.9654 -0.0166 0.2601
vn 0.0147 -0.9569 -0.2901
vn 0.0145 -0.9569 -0.2902
vn -0.0284 0.9448 0.3263
vn -0.4845 0.7019 0.5220
vn -0.4846 0.7019 0.5221
vn -0.4846 0.7018 0.5221
vn -0.2529 0.8055 -0.5360
vn -0.2528 0.8054 -0.5361
vn -0.2528 0.8054 -0.5362
vn -0.0143 0.9720 0.2347
vn -0.3681 0.7520 0.5468
vn -0.3682 0.7520 0.5468
vn -0.3680 0.7521 0.5467
vn -0.3682 0.7520 -0.5468
vn -0.3683 0.7518 -0.5470
vn -0.0238 0.9878 0.1540
vn -0.2529 0.8055 0.5360
vn -0.2528 0.8054 0.5361
vn -0.2528 0.8054 0.5362
vn -0.4846 0.7019 -0.5221
vn -0.0453 0.9948 0.0909
vn -0.5914 0.6581 -0.4661
vn -0.5913 0.6581 -0.4661
vn -0.0671 0.9967 0.0459
vn -0.6814 0.6222 -0.3854
vn -0.6814 0.6222 -0.3853
vn -0.0803 0.9967 0.0138
vn -0.7508 0.5951 -0.2866
vn -0.7507 0.5952 -0.2866
vn -0.0803 0.9967 -0.0138
vn -0.0801 0.9967 -0.0138
vn -0.7973 0.5772 -0.1763
vn -0.7973 0.5773 -0.1763
vn -0.0671 0.9967 -0.0459
vn -0.8207 0.5683 -0.0595
vn -0.8206 0.5683 -0.0595
vn -0.0453 0.9948 -0.0909
vn -0.8206 0.5683 0.0594
vn -0.8206 0.5684 0.0595
vn -0.8207 0.5683 0.0593
vn -0.8206 0.5683 0.0595
vn -0.0238 0.9878 -0.1540
vn -0.7972 0.5773 0.1766
vn -0.7973 0.5773 0.1763
vn -0.0143 0.9720 -0.2347
vn -0.7507 0.5952 0.2866
vn -0.7507 0.5952 0.2867
vn -0.0284 0.9448 -0.3263
vn -0.1508 0.8584 0.4904
vn -0.6815 0.6222 0.3853
vn -0.6814 0.6222 0.3853
vn -0.6814 0.6223 0.3854
vn -0.0738 0.9062 -0.4164
vn -0.0738 0.9062 0.4164
vn -0.5913 0.6581 0.4661
vn -0.5914 0.6581 0.4661
vn -0.9013 0.1392 -0.4102
vn -0.9013 0.1393 -0.4101
vn -0.9013 0.1392 -0.4103
vn -0.9012 0.1390 -0.4105
vn 0.4558 -0.8803 0.1318
vn 0.4556 -0.8804 0.1316
vn 0.4557 -0.8804 0.1316
vn -0.0492 -0.9646 -0.2589
vn -0.0492 -0.9647 -0.2589
vn -0.0491 -0.9646 -0.2591
vn 0.4757 -0.8759 0.0804
vn 0.4757 -0.8759 0.0806
vn 0.4762 -0.8757 0.0804
vn 0.4760 -0.8757 0.0803
vn -0.1053 -0.9708 -0.2157
vn -0.1052 -0.9708 -0.2157
vn 0.4858 -0.8737 0.0270
vn 0.4859 -0.8736 0.0270
vn -0.1505 -0.9752 -0.1622
vn -0.1504 -0.9752 -0.1622
vn 0.4860 -0.8736 -0.0268
vn 0.4859 -0.8736 -0.0270
vn 0.4859 -0.8736 -0.0268
vn 0.4859 -0.8736 -0.0265
vn -0.1824 -0.9781 -0.1006
vn -0.1825 -0.9780 -0.1006
vn -0.1823 -0.9781 -0.1006
vn -0.1822 -0.9781 -0.1006
vn 0.4758 -0.8759 -0.0802
vn 0.4757 -0.8759 -0.0803
vn 0.4758 -0.8759 -0.0801
vn -0.1985 -0.9795 -0.0341
vn -0.1985 -0.9795 -0.0340
vn 0.4559 -0.8802 -0.1317
vn 0.4557 -0.8804 -0.1313
vn 0.4557 -0.8803 -0.1316
vn 0.4556 -0.8804 -0.1316
vn -0.1984 -0.9795 0.0340
vn -0.1984 -0.9795 0.0339
vn -0.1985 -0.9795 0.0341
vn 0.4257 -0.8869 -0.1796
vn 0.4255 -0.8869 -0.1798
vn 0.4256 -0.8869 -0.1796
vn 0.4257 -0.8869 -0.1795
vn -0.1824 -0.9781 0.1006
vn -0.1823 -0.9781 0.1005
vn -0.1825 -0.9780 0.1007
vn 0.3866 -0.8950 -0.2225
vn 0.3864 -0.8950 -0.2226
vn 0.3864 -0.8951 -0.2225
vn 0.3863 -0.8951 -0.2225
vn -0.1505 -0.9752 0.1623
vn -0.1504 -0.9752 0.1622
vn -0.1506 -0.9752 0.1623
vn 0.3380 -0.9048 -0.2591
vn 0.3381 -0.9047 -0.2592
vn 0.2191 -0.9264 0.3061
vn -0.1053 -0.9708 0.2156
vn -0.1053 -0.9708 0.2157
vn 0.2818 -0.9154 -0.2876
vn 0.2818 -0.9154 -0.2875
vn 0.2817 -0.9153 -0.2877
vn 0.2818 -0.9154 0.2875
vn -0.0493 -0.9646 0.2589
vn -0.0492 -0.9646 0.2591
vn -0.0492 -0.9646 0.2590
vn -0.0492 -0.9647 0.2589
vn 0.2191 -0.9264 -0.3061
vn 0.3381 -0.9047 0.2592
vn 0.3380 -0.9048 0.2591
vn 0.0147 -0.9569 0.2901
vn 0.0146 -0.9569 0.2901
vn 0.1519 -0.9374 -0.3133
vn 0.1519 -0.9374 -0.3134
vn 0.3864 -0.8951 0.2223
vn 0.3862 -0.8953 0.2221
vn 0.3863 -0.8952 0.2223
vn 0.3865 -0.8951 0.2225
vn 0.0827 -0.9477 0.3081
vn 0.0827 -0.9477 0.3082
vn 0.0827 -0.9478 0.3081
vn 0.0827 -0.9477 -0.3082
vn 0.0826 -0.9478 -0.3081
vn 0.4257 -0.8869 0.1796
vn 0.4257 -0.8869 0.1795
vn 0.4257 -0.8869 0.1794
vn 0.1519 -0.9374 0.3134
vn 0.1519 -0.9374 0.3135
vn -0.6966 0.7158 0.0488
vn -0.6968 0.7156 0.0489
vn -0.6968 0.7157 0.0487
vn 0.9849 -0.1520 -0.0825
vn 0.9849 -0.1520 -0.0824
vn -0.9576 0.1479 -0.2471
vn -0.9576 0.1478 -0.2473
vn 0.9575 -0.1478 -0.2478
vn 0.9574 -0.1479 -0.2479
vn 0.9575 -0.1477 -0.2476
vn -0.9849 0.1519 -0.0827
vn -0.9849 0.1519 -0.0826
vn 0.9012 -0.1391 -0.4104
vn 0.9012 -0.1390 -0.4105
vn -0.9849 0.1519 0.0828
vn -0.9849 0.1519 0.0827
vn 0.8129 -0.1256 -0.5687
vn 0.8129 -0.1255 -0.5688
vn 0.8130 -0.1257 -0.5686
vn -0.9576 0.1478 0.2472
vn -0.9576 0.1478 0.2473
vn -0.9576 0.1477 0.2474
vn 0.6898 -0.1064 -0.7162
vn 0.6897 -0.1064 -0.7162
vn 0.6898 -0.1064 -0.7161
vn -0.9012 0.1391 0.4104
vn -0.9012 0.1390 0.4105
vn -0.9011 0.1386 0.4109
vn 0.5296 -0.0817 -0.8443
vn 0.5295 -0.0817 -0.8443
vn 0.1148 -0.0177 0.9932
vn 0.1149 -0.0177 0.9932
vn 0.1146 -0.0177 0.9933
vn -0.8130 0.1254 0.5686
vn -0.8130 0.1252 0.5686
vn -0.8131 0.1254 0.5685
vn 0.3353 -0.0518 -0.9407
vn 0.3352 -0.0517 -0.9407
vn 0.3353 -0.0518 0.9407
vn 0.3352 -0.0518 0.9407
vn -0.6899 0.1066 0.7160
vn -0.6897 0.1064 0.7162
vn -0.6898 0.1066 0.7161
vn 0.1146 -0.0177 -0.9933
vn 0.1147 -0.0177 -0.9932
vn 0.1149 -0.0177 -0.9932
vn 0.5295 -0.0817 0.8444
vn 0.5296 -0.0818 0.8443
vn 0.5296 -0.0817 0.8443
vn -0.5295 0.0817 0.8444
vn -0.5296 0.0817 0.8443
vn -0.5294 0.0817 0.8444
vn -0.1148 0.0177 -0.9932
vn -0.1147 0.0177 -0.9932
vn 0.6897 -0.1064 0.7162
vn 0.6898 -0.1064 0.7161
vn -0.3350 0.0517 0.9408
vn -0.3353 0.0518 0.9407
vn -0.3353 0.0518 -0.9407
vn -0.3350 0.0517 -0.9408
vn 0.8129 -0.1256 0.5687
vn 0.8128 -0.1257 0.5688
vn 0.8130 -0.1255 0.5686
vn -0.1148 0.0177 0.9932
vn -0.5295 0.0817 -0.8443
vn -0.5295 0.0817 -0.8444
vn -0.5296 0.0817 -0.8443
vn 0.9012 -0.1391 0.4104
vn 0.9012 -0.1390 0.4105
vn 0.9013 -0.1393 0.4101
vn -0.6896 0.1063 -0.7164
vn -0.6894 0.1062 -0.7165
vn -0.6896 0.1063 -0.7163
vn 0.9574 -0.1479 0.2479
vn 0.9573 -0.1480 0.2482
vn -0.8133 0.1251 -0.5682
vn -0.8130 0.1251 -0.5686
vn -0.8133 0.1250 -0.5683
vn -0.8130 0.1254 -0.5685
vn 0.9849 -0.1520 0.0824
vn 0.9849 -0.1520 0.0825
vn -0.0237 -0.8766 -0.4807
vn -0.0235 -0.8766 -0.4807
vn -0.0239 -0.8765 -0.4807
vn 0.1211 0.9692 -0.2145
vn -0.6774 0.7212 0.1449
vn -0.6772 0.7213 0.1450
vn -0.6773 0.7213 0.1450
vn 0.0927 0.9540 -0.2851
vn -0.6383 0.7326 0.2362
vn -0.6384 0.7325 0.2363
vn -0.6384 0.7325 0.2365
vn 0.0451 0.9342 -0.3539
vn -0.1100 0.8829 0.4565
vn -0.5806 0.7491 0.3191
vn -0.5806 0.7490 0.3191
vn -0.5807 0.7490 0.3190
vn -0.0232 0.9102 -0.4135
vn -0.0232 0.9102 0.4135
vn -0.5052 0.7703 0.3891
vn -0.1100 0.8829 -0.4565
vn 0.0451 0.9342 0.3539
vn -0.4147 0.7957 0.4414
vn -0.2096 0.8536 -0.4769
vn 0.0927 0.9540 0.2851
vn -0.3139 0.8240 0.4717
vn -0.3139 0.8240 -0.4716
vn -0.3139 0.8240 -0.4717
vn 0.1211 0.9692 0.2145
vn -0.2096 0.8536 0.4769
vn -0.4147 0.7957 -0.4414
vn 0.1351 0.9799 0.1471
vn 0.1351 0.9798 0.1471
vn -0.5052 0.7703 -0.3890
vn -0.5052 0.7703 -0.3891
vn 0.1401 0.9865 0.0852
vn -0.5806 0.7491 -0.3190
vn -0.5806 0.7490 -0.3191
vn -0.5805 0.7490 -0.3195
vn 0.1413 0.9896 0.0278
vn -0.6387 0.7323 -0.2362
vn -0.6384 0.7325 -0.2363
vn -0.6384 0.7326 -0.2363
vn 0.1413 0.9896 -0.0278
vn 0.1412 0.9896 -0.0278
vn -0.6773 0.7213 -0.1450
vn -0.6772 0.7213 -0.1450
vn -0.6773 0.7213 -0.1449
vn -0.6772 0.7214 -0.1450
vn 0.1401 0.9865 -0.0852
vn -0.6970 0.7155 -0.0487
vn -0.6968 0.7156 -0.0485
vn -0.6970 0.7154 -0.0487
vn -0.6969 0.7155 -0.0489
vn 0.1351 0.9798 -0.1471
vn 0.1351 0.9799 -0.1471
vn -0.7986 -0.1308 -0.5876
vn -0.7986 -0.1308 -0.5875
vn 0.5623 -0.7654 0.3132
vn 0.5623 -0.7653 0.3132
vn 0.5622 -0.7654 0.3133
vn 0.0845 -0.8612 0.5011
vn 0.0845 -0.8612 0.5012
vn 0.0845 -0.8613 0.5011
vn -0.1244 -0.8889 -0.4409
vn -0.1243 -0.8890 -0.4408
vn 0.6185 -0.7510 0.2312
vn 0.6184 -0.7510 0.2312
vn -0.2139 -0.8982 -0.3841
vn -0.2138 -0.8982 -0.3841
vn -0.2138 -0.8982 -0.3840
vn -0.2139 -0.8982 -0.3840
vn 0.6565 -0.7409 0.1417
vn -0.2888 -0.9048 -0.3131
vn -0.2887 -0.9048 -0.3131
vn -0.2887 -0.9047 -0.3132
vn 0.6757 -0.7357 0.0472
vn 0.6754 -0.7359 0.0474
vn 0.6757 -0.7356 0.0473
vn 0.6758 -0.7356 0.0476
vn -0.3467 -0.9091 -0.2310
vn -0.3467 -0.9090 -0.2312
vn -0.3470 -0.9090 -0.2309
vn -0.3468 -0.9090 -0.2312
vn 0.6759 -0.7355 -0.0473
vn 0.6759 -0.7355 -0.0476
vn 0.6757 -0.7356 -0.0476
vn 0.6757 -0.7356 -0.0477
vn -0.3858 -0.9116 -0.1417
vn -0.3860 -0.9116 -0.1414
vn -0.3859 -0.9116 -0.1417
vn 0.6565 -0.7409 -0.1418
vn 0.6565 -0.7409 -0.1417
vn -0.4059 -0.9127 -0.0477
vn -0.4057 -0.9128 -0.0477
vn -0.4058 -0.9127 -0.0477
vn 0.6185 -0.7510 -0.2312
vn -0.4055 -0.9129 0.0477
vn -0.4058 -0.9127 0.0477
vn -0.4060 -0.9127 0.0474
vn 0.5623 -0.7653 -0.3132
vn 0.5623 -0.7653 -0.3131
vn 0.5623 -0.7654 -0.3131
vn -0.3860 -0.9115 0.1418
vn -0.3859 -0.9116 0.1417
vn -0.3859 -0.9116 0.1416
vn 0.4892 -0.7831 -0.3841
vn 0.4892 -0.7830 -0.3841
vn 0.4892 -0.7831 -0.3840
vn -0.3468 -0.9091 0.2308
vn -0.3467 -0.9091 0.2310
vn -0.3469 -0.9090 0.2311
vn -0.3468 -0.9090 0.2313
vn 0.4014 -0.8028 -0.4409
vn 0.1945 -0.8432 0.5012
vn 0.1946 -0.8432 0.5012
vn -0.2887 -0.9048 0.3131
vn -0.2888 -0.9048 0.3130
vn -0.2888 -0.9048 0.3131
vn 0.3018 -0.8232 -0.4809
vn 0.3018 -0.8233 -0.4807
vn 0.3018 -0.8233 -0.4808
vn 0.3019 -0.8230 -0.4812
vn 0.3017 -0.8232 0.4809
vn 0.3016 -0.8232 0.4809
vn 0.3018 -0.8232 0.4808
vn -0.2138 -0.8983 0.3839
vn -0.2139 -0.8982 0.3840
vn 0.1946 -0.8431 -0.5013
vn 0.1946 -0.8432 -0.5012
vn 0.4014 -0.8028 0.4409
vn -0.1244 -0.8889 0.4409
vn -0.1246 -0.8889 0.4409
vn 0.0845 -0.8612 -0.5012
vn 0.0845 -0.8612 -0.5011
vn 0.4893 -0.7830 0.3841
vn 0.4892 -0.7830 0.3841
vn 0.4892 -0.7831 0.3840
vn 0.4891 -0.7832 0.3840
vn -0.0237 -0.8766 0.4807
vn -0.0239 -0.8765 0.4807
vn -0.0238 -0.8765 0.4807
vn -0.0235 -0.8766 0.4807
vn -0.9517 0.2964 -0.0799
vn -0.9517 0.2964 -0.0798
vn 0.9831 0.1611 0.0869
vn 0.9831 0.1610 0.0870
vn 0.9831 0.1612 0.0869
vn 0.9831 0.1613 0.0868
vn -0.8921 -0.1461 -0.4275
vn -0.8923 -0.1464 -0.4271
vn 0.9831 0.1611 -0.0869
vn 0.9831 0.1610 -0.0868
vn 0.9831 0.1609 -0.0869
vn 0.9831 0.1610 -0.0870
vn -0.9532 -0.1561 -0.2590
vn -0.9531 -0.1561 -0.2591
vn 0.9532 0.1559 -0.2591
vn 0.9531 0.1560 -0.2592
vn 0.9532 0.1560 -0.2592
vn 0.9531 0.1561 -0.2591
vn -0.9831 -0.1609 -0.0867
vn -0.9831 -0.1610 -0.0868
vn -0.9831 -0.1611 -0.0869
vn 0.8922 0.1461 -0.4274
vn 0.8921 0.1461 -0.4275
vn 0.8922 0.1460 -0.4275
vn 0.8922 0.1461 -0.4273
vn -0.9831 -0.1611 0.0869
vn -0.9831 -0.1610 0.0870
vn -0.9831 -0.1612 0.0869
vn -0.9831 -0.1610 0.0868
vn 0.7987 0.1309 -0.5874
vn 0.7986 0.1310 -0.5874
vn 0.7987 0.1309 -0.5873
vn 0.7987 0.1308 -0.5873
vn -0.9532 -0.1561 0.2589
vn -0.9532 -0.1561 0.2590
vn -0.9532 -0.1562 0.2589
vn -0.9531 -0.1561 0.2591
vn 0.6712 0.1099 -0.7331
vn 0.6710 0.1101 -0.7332
vn -0.8922 -0.1463 0.4273
vn -0.8923 -0.1464 0.4271
vn -0.8921 -0.1461 0.4275
vn 0.5104 0.0837 -0.8558
vn 0.5104 0.0835 -0.8559
vn 0.5104 0.0836 -0.8559
vn 0.5104 0.0837 -0.8559
vn 0.1092 0.0179 0.9939
vn 0.1093 0.0179 0.9938
vn -0.7986 -0.1308 0.5875
vn -0.7986 -0.1307 0.5875
vn -0.7986 -0.1306 0.5875
vn 0.3200 0.0521 -0.9460
vn 0.3200 0.0519 -0.9460
vn 0.3202 0.0522 -0.9459
vn 0.3200 0.0523 -0.9460
vn 0.3201 0.0527 0.9459
vn 0.3202 0.0524 0.9459
vn 0.3202 0.0523 0.9459
vn 0.3201 0.0524 0.9459
vn -0.6712 -0.1099 0.7330
vn 0.1092 0.0179 -0.9939
vn 0.1089 0.0179 -0.9939
vn 0.1093 0.0179 -0.9938
vn 0.5103 0.0835 0.8560
vn 0.5102 0.0834 0.8560
vn 0.5103 0.0836 0.8559
vn -0.5105 -0.0836 0.8558
vn -0.5102 -0.0836 0.8560
vn -0.5103 -0.0836 0.8559
vn -0.5106 -0.0836 0.8557
vn -0.1093 -0.0179 -0.9938
vn -0.1089 -0.0179 -0.9939
vn -0.1092 -0.0179 -0.9939
vn 0.6713 0.1098 0.7330
vn 0.6712 0.1099 0.7331
vn 0.6712 0.1099 0.7330
vn 0.6713 0.1099 0.7330
vn -0.3204 -0.0526 0.9458
vn -0.3201 -0.0524 0.9459
vn -0.3204 -0.0526 -0.9458
vn -0.3200 -0.0523 -0.9460
vn -0.3201 -0.0524 -0.9459
vn 0.7987 0.1309 0.5873
vn 0.7986 0.1310 0.5874
vn 0.7987 0.1309 0.5874
vn 0.7987 0.1308 0.5873
vn -0.1092 -0.0179 0.9939
vn -0.1093 -0.0179 0.9938
vn -0.5103 -0.0836 -0.8559
vn -0.5102 -0.0836 -0.8560
vn 0.8922 0.1460 0.4275
vn 0.8921 0.1461 0.4275
vn 0.8922 0.1461 0.4274
vn 0.8922 0.1461 0.4273
vn -0.6712 -0.1099 -0.7331
vn -0.6712 -0.1099 -0.7330
vn 0.9531 0.1560 0.2592
vn 0.9532 0.1561 0.2590
vn 0.9532 0.1560 0.2592
vn -0.0252 0.9997 0.0001
vn -0.0252 0.9997 -0.0000
vn -0.0251 0.9997 0.0003
vn -0.0253 0.9997 0.0001
vn -0.0250 0.9997 -0.0000
vn -0.0251 0.9997 -0.0002
vn -0.0250 0.9997 -0.0001
vn -0.0251 0.9997 -0.0003
vn -0.0249 0.9997 -0.0000
vn -0.0253 0.9997 -0.0001
vn -0.0254 0.9997 -0.0000
vn -0.0253 0.9997 -0.0000
vn -0.0254 0.9997 0.0001
vn -0.0251 0.9997 -0.0001
vn -0.0253 0.9997 0.0002
vn -0.2350 0.9698 0.0659
vn -0.9518 0.2964 0.0794
vn -0.9517 0.2964 0.0798
vn -0.1189 0.9928 0.0158
vn -0.9205 0.3104 0.2373
vn -0.9205 0.3104 0.2372
vn -0.0071 0.9953 -0.0964
vn -0.8575 0.3388 0.3872
vn -0.8575 0.3388 0.3871
vn -0.8575 0.3390 0.3870
vn 0.0627 0.9641 -0.2579
vn 0.0627 0.9641 -0.2580
vn -0.0129 0.8079 0.5892
vn -0.7621 0.3825 0.5224
vn 0.0625 0.8982 -0.4351
vn 0.0625 0.8982 0.4351
vn -0.6349 0.4423 0.6334
vn -0.6350 0.4423 0.6334
vn -0.0129 0.8079 -0.5892
vn 0.0627 0.9641 0.2579
vn -0.4810 0.5180 0.7073
vn -0.1467 0.7071 -0.6917
vn -0.0071 0.9953 0.0964
vn -0.3116 0.6078 0.7304
vn -0.3116 0.6078 -0.7304
vn -0.1189 0.9928 -0.0158
vn -0.1467 0.7071 0.6917
vn -0.4810 0.5180 -0.7073
vn -0.2350 0.9698 -0.0659
vn -0.6350 0.4423 -0.6333
vn -0.6350 0.4423 -0.6334
vn -0.3255 0.9435 -0.0622
vn -0.7621 0.3825 -0.5224
vn -0.3739 0.9271 -0.0245
vn -0.8575 0.3389 -0.3870
vn -0.8575 0.3388 -0.3871
vn -0.3739 0.9272 0.0245
vn -0.3739 0.9271 0.0245
vn -0.9205 0.3104 -0.2373
vn -0.9205 0.3104 -0.2372
vn -0.3255 0.9435 0.0622
vn 0.6343 -0.0000 0.7731
vn 0.8308 -0.5505 -0.0818
vn 0.8308 -0.5505 -0.0817
vn 0.8308 -0.5505 -0.0816
vn -0.7989 -0.5505 -0.2424
vn -0.7989 -0.5504 -0.2424
vn -0.7989 -0.5505 -0.2423
vn 0.7989 -0.5505 -0.2423
vn 0.7989 -0.5505 -0.2422
vn -0.8305 -0.5509 -0.0820
vn -0.8307 -0.5507 -0.0819
vn -0.8306 -0.5509 -0.0820
vn 0.7361 -0.5507 -0.3935
vn 0.7361 -0.5508 -0.3935
vn 0.7363 -0.5507 -0.3932
vn 0.7362 -0.5507 -0.3934
vn -0.8307 -0.5507 0.0819
vn -0.8308 -0.5505 0.0818
vn -0.8308 -0.5506 0.0818
vn 0.6453 -0.5505 -0.5296
vn 0.6452 -0.5506 -0.5296
vn 0.6453 -0.5505 -0.5297
vn 0.6454 -0.5505 -0.5296
vn -0.7988 -0.5506 0.2423
vn -0.7986 -0.5509 0.2424
vn 0.5296 -0.5505 -0.6453
vn -0.7362 -0.5506 0.3935
vn -0.7362 -0.5507 0.3935
vn -0.7362 -0.5505 0.3935
vn 0.3935 -0.5506 -0.7362
vn 0.3936 -0.5506 -0.7361
vn 0.3935 -0.5505 -0.7363
vn 0.0818 -0.5506 0.8308
vn 0.0818 -0.5505 0.8308
vn -0.6453 -0.5506 0.5296
vn -0.6453 -0.5505 0.5296
vn 0.2424 -0.5505 -0.7989
vn 0.2423 -0.5505 -0.7989
vn 0.2424 -0.5505 -0.7988
vn 0.2425 -0.5505 -0.7988
vn 0.2425 -0.5506 0.7988
vn 0.2423 -0.5505 0.7989
vn 0.2425 -0.5505 0.7988
vn 0.2430 -0.5506 0.7986
vn -0.5296 -0.5505 0.6453
vn -0.5297 -0.5505 0.6453
vn 0.0817 -0.5505 -0.8308
vn 0.0818 -0.5505 -0.8308
vn 0.3934 -0.5507 0.7362
vn 0.3935 -0.5506 0.7362
vn 0.3933 -0.5508 0.7362
vn -0.3934 -0.5505 0.7363
vn -0.3935 -0.5505 0.7363
vn -0.3935 -0.5506 0.7362
vn -0.3935 -0.5507 0.7362
vn -0.0818 -0.5505 -0.8308
vn -0.0815 -0.5506 -0.8308
vn 0.5296 -0.5505 0.6453
vn 0.5296 -0.5507 0.6452
vn 0.5295 -0.5507 0.6452
vn 0.5295 -0.5507 0.6453
vn -0.2422 -0.5505 0.7989
vn -0.2423 -0.5505 0.7989
vn -0.2422 -0.5506 0.7988
vn -0.2423 -0.5505 -0.7989
vn -0.2426 -0.5506 -0.7987
vn 0.6452 -0.5506 0.5296
vn 0.6454 -0.5505 0.5296
vn 0.6453 -0.5505 0.5296
vn -0.0820 -0.5509 0.8305
vn -0.0820 -0.5510 0.8305
vn -0.0818 -0.5505 0.8308
vn -0.3936 -0.5502 -0.7364
vn -0.3935 -0.5503 -0.7364
vn -0.3935 -0.5504 -0.7363
vn -0.3936 -0.5504 -0.7363
vn 0.7364 -0.5503 0.3936
vn 0.7364 -0.5503 0.3935
vn 0.7364 -0.5502 0.3936
vn 0.7363 -0.5504 0.3936
vn -0.5298 -0.5504 -0.6453
vn -0.5296 -0.5505 -0.6453
vn -0.5299 -0.5504 -0.6452
vn 0.7989 -0.5505 0.2423
vn 0.7989 -0.5505 0.2422
vn 0.7989 -0.5504 0.2424
vn -0.6453 -0.5505 -0.5296
vn -0.6453 -0.5506 -0.5296
vn -0.6454 -0.5505 -0.5296
vn -0.6454 -0.5504 -0.5296
vn 0.8308 -0.5506 0.0816
vn 0.8308 -0.5505 0.0817
vn 0.8308 -0.5505 0.0818
vn -0.7362 -0.5506 -0.3935
vn -0.7363 -0.5505 -0.3935
vn -0.2905 -0.0000 0.9569
vn -0.2906 -0.0000 0.9568
vn -0.2904 -0.0000 -0.9569
vn -0.2905 -0.0000 -0.9569
vn -0.0983 -0.0000 0.9952
vn -0.4713 -0.0000 -0.8820
vn 0.8820 -0.0000 0.4713
vn 0.9569 -0.0000 0.2904
vn -0.7729 -0.0000 -0.6346
vn 0.9952 -0.0000 0.0979
vn 0.9952 -0.0000 0.0980
vn -0.8820 -0.0000 -0.4713
vn 0.9952 -0.0000 -0.0979
vn 0.9952 -0.0000 -0.0978
vn -0.9571 -0.0000 -0.2898
vn -0.9569 -0.0000 -0.2903
vn 0.9568 -0.0000 -0.2906
vn -0.9952 -0.0000 -0.0983
vn 0.8820 -0.0000 -0.4713
vn -0.9952 -0.0000 0.0980
vn -0.9952 -0.0000 0.0983
vn 0.7729 -0.0000 -0.6346
vn -0.9571 -0.0000 0.2898
vn -0.8820 -0.0000 0.4713
vn 0.4718 -0.0000 -0.8817
vn 0.0983 -0.0000 0.9952
vn 0.2905 -0.0000 -0.9569
vn 0.2906 -0.0000 -0.9568
vn 0.2902 -0.0000 0.9570
vn -0.6343 -0.0000 0.7731
vn 0.0979 -0.0000 -0.9952
vn 0.4713 -0.0000 0.8820
vn 0.4712 -0.0000 0.8820
vn -0.4715 -0.0000 0.8819
vn -0.0979 -0.0000 -0.9952
vn 0.8375 -0.4835 0.2545
vn 0.8376 -0.4836 0.2540
vn 0.8375 -0.4836 0.2544
vn 0.8376 -0.4835 0.2544
vn -0.6768 -0.4836 -0.5550
vn -0.6768 -0.4836 -0.5551
vn -0.6769 -0.4836 -0.5550
vn 0.8711 -0.4836 0.0857
vn 0.8711 -0.4836 0.0858
vn 0.8712 -0.4833 0.0863
vn -0.7719 -0.4837 -0.4125
vn -0.7720 -0.4834 -0.4127
vn -0.7719 -0.4835 -0.4128
vn -0.7719 -0.4836 -0.4126
vn 0.8711 -0.4836 -0.0855
vn 0.8711 -0.4836 -0.0858
vn 0.8711 -0.4835 -0.0858
vn 0.8711 -0.4836 -0.0856
vn -0.8376 -0.4835 -0.2541
vn -0.8376 -0.4837 -0.2539
vn -0.8376 -0.4836 -0.2541
vn 0.8376 -0.4836 -0.2540
vn 0.8376 -0.4835 -0.2544
vn 0.8376 -0.4835 -0.2542
vn 0.8376 -0.4836 -0.2541
vn -0.8711 -0.4836 -0.0857
vn -0.8711 -0.4836 -0.0855
vn 0.7719 -0.4836 -0.4127
vn 0.7719 -0.4836 -0.4126
vn 0.7721 -0.4836 -0.4124
vn -0.8711 -0.4836 0.0857
vn -0.8711 -0.4836 0.0858
vn 0.6766 -0.4836 -0.5553
vn 0.6766 -0.4834 -0.5554
vn -0.8375 -0.4836 0.2543
vn -0.8376 -0.4836 0.2542
vn -0.8376 -0.4836 0.2541
vn 0.5553 -0.4836 -0.6766
vn 0.5552 -0.4837 -0.6766
vn 0.5550 -0.4839 -0.6767
vn 0.5549 -0.4839 -0.6767
vn -0.7719 -0.4837 0.4125
vn -0.7719 -0.4836 0.4126
vn -0.7720 -0.4838 0.4124
vn 0.4128 -0.4838 -0.7717
vn 0.4126 -0.4836 -0.7719
vn 0.4124 -0.4837 -0.7720
vn 0.4130 -0.4839 -0.7715
vn 0.0860 -0.4834 0.8712
vn 0.0858 -0.4836 0.8711
vn 0.0855 -0.4836 0.8711
vn -0.6765 -0.4835 0.5555
vn -0.6765 -0.4834 0.5556
vn -0.6766 -0.4834 0.5555
vn -0.6766 -0.4836 0.5553
vn 0.2539 -0.4836 -0.8377
vn 0.2545 -0.4837 -0.8374
vn 0.2542 -0.4836 -0.8376
vn 0.2538 -0.4835 0.8377
vn 0.2541 -0.4836 0.8376
vn 0.2542 -0.4834 0.8377
vn -0.5553 -0.4836 0.6766
vn -0.5553 -0.4837 0.6765
vn -0.5551 -0.4833 0.6770
vn 0.0857 -0.4836 -0.8711
vn 0.0858 -0.4836 -0.8711
vn 0.0859 -0.4836 -0.8711
vn 0.4126 -0.4836 0.7719
vn -0.4127 -0.4834 0.7720
vn -0.4130 -0.4836 0.7717
vn -0.4129 -0.4835 0.7718
vn -0.4126 -0.4837 0.7719
vn -0.0857 -0.4836 -0.8711
vn -0.0858 -0.4836 -0.8711
vn 0.5550 -0.4836 0.6768
vn 0.5550 -0.4836 0.6769
vn 0.5551 -0.4836 0.6768
vn -0.2542 -0.4835 0.8376
vn -0.2542 -0.4837 0.8375
vn -0.2538 -0.4834 0.8378
vn -0.2543 -0.4836 0.8375
vn -0.2544 -0.4836 -0.8375
vn -0.2540 -0.4836 -0.8376
vn -0.2545 -0.4836 -0.8375
vn -0.2543 -0.4837 -0.8375
vn 0.6767 -0.4836 0.5552
vn 0.6768 -0.4836 0.5551
vn 0.6766 -0.4836 0.5553
vn -0.0858 -0.4836 0.8711
vn -0.0857 -0.4836 0.8711
vn -0.0860 -0.4834 0.8712
vn -0.4125 -0.4836 -0.7720
vn -0.4126 -0.4836 -0.7719
vn -0.4126 -0.4836 -0.7720
vn 0.7719 -0.4836 0.4127
vn 0.7719 -0.4836 0.4126
vn 0.7720 -0.4836 0.4126
vn -0.5554 -0.4836 -0.6765
vn -0.5555 -0.4836 -0.6765
vn -0.5553 -0.4836 -0.6766
vn -0.5555 -0.4836 -0.6764
vn -0.3549 -0.0000 -0.9349
vn -0.3550 -0.0000 -0.9349
vn -0.1657 -0.0000 -0.9862
vn 0.0299 -0.0000 -0.9996
vn 0.2243 -0.0000 -0.9745
vn 0.4101 -0.0000 -0.9120
vn 0.5802 -0.0000 -0.8145
vn 0.7279 -0.0000 -0.6857
vn 0.8477 -0.0000 -0.5305
vn 0.9349 -0.0000 -0.3549
vn 0.9349 -0.0000 -0.3550
vn 0.9862 -0.0000 -0.1657
vn 0.9862 -0.0000 -0.1655
vn 0.9862 -0.0000 -0.1656
vn 0.9996 -0.0000 0.0299
vn 0.9745 -0.0000 0.2243
vn 0.9121 -0.0000 0.4101
vn 0.9121 -0.0000 0.4100
vn 0.9120 -0.0000 0.4101
vn 0.8145 -0.0000 0.5802
vn 0.6857 -0.0000 0.7279
vn 0.5305 -0.0000 0.8477
vn 0.3549 -0.0000 0.9349
vn 0.3548 -0.0000 0.9349
vn 0.1657 -0.0000 0.9862
vn -0.0299 -0.0000 0.9996
vn -0.2243 -0.0000 0.9745
vn -0.4101 -0.0000 0.9120
vn -0.5801 -0.0000 0.8145
vn -0.7279 -0.0000 0.6857
vn -0.8477 -0.0000 0.5305
vn -0.9349 -0.0000 0.3549
vn -0.9862 -0.0000 0.1657
vn -0.9996 -0.0000 -0.0299
vn -0.9745 -0.0000 -0.2243
vn -0.9121 -0.0000 -0.4101
vn -0.9120 -0.0000 -0.4101
vn -0.8145 -0.0000 -0.5802
vn 0.8312 0.4606 -0.3113
vn -0.6857 -0.0000 -0.7279
vn -0.5305 -0.0000 -0.8477
vn -0.5304 -0.0000 -0.8477
vn -0.0000 -1.0000 0.0003
vn -0.0000 -1.0000 -0.0001
vn -0.0000 -1.0000 -0.0003
vn 0.0579 0.6232 -0.7799
vn -0.0799 0.7021 0.7076
vn -0.0798 0.7021 0.7076
vn -0.1629 0.9797 0.1167
vn 0.3330 0.4517 -0.8277
vn 0.6771 0.4608 0.5738
vn -0.1180 0.9930 0.0100
vn -0.4227 0.5300 -0.7351
vn -0.5559 0.6037 -0.5715
vn -0.5559 0.6037 -0.5714
vn -0.5558 0.6037 -0.5715
vn 0.8784 0.4584 -0.1349
vn -0.2241 0.8075 0.5457
vn -0.2240 0.8075 0.5457
vn -0.2940 0.9504 0.1015
vn -0.2940 0.9504 0.1014
vn 0.4981 0.4548 -0.7383
vn 0.4980 0.4548 -0.7383
vn 0.5216 0.4843 0.7025
vn 0.5216 0.4843 0.7024
vn 0.5215 0.4843 0.7025
vn -0.0647 0.9978 0.0115
vn -0.0647 0.9978 0.0114
vn -0.2447 0.4843 -0.8400
vn -0.2446 0.4843 -0.8400
vn 0.8892 0.4548 0.0493
vn -0.2814 0.8945 0.3473
vn -0.2814 0.8946 0.3473
vn -0.4467 0.8946 0.0144
vn -0.4467 0.8946 0.0145
vn 0.6383 0.4584 -0.6184
vn 0.3304 0.5300 0.7810
vn -0.0482 0.9978 0.0446
vn -0.0483 0.4608 -0.8862
vn -0.0482 0.4608 -0.8862
vn 0.8607 0.4517 0.2348
vn 0.8607 0.4517 0.2349
vn -0.2585 0.9504 0.1730
vn -0.2584 0.9504 0.1730
vn -0.5702 0.8075 -0.1511
vn -0.5702 0.8075 -0.1510
vn 0.7503 0.4606 -0.4742
vn 0.1195 0.6037 0.7882
vn -0.0792 0.9930 0.0880
vn 0.1484 0.4521 -0.8796
vn 0.1484 0.4521 -0.8795
vn 0.7905 0.4521 0.4132
vn -0.1914 0.9797 0.0593
vn -0.6121 0.7021 -0.3638
vn -0.8203 -0.4014 0.4074
vn -0.8203 -0.4015 0.4073
vn -0.8203 -0.4017 0.4072
vn -0.8203 -0.4013 0.4075
vn -0.8203 -0.4015 0.4074
vn -0.8204 -0.4013 0.4074
vn -0.8202 -0.4016 0.4075
vn -0.8204 -0.4014 0.4073
vn -0.8204 -0.4014 0.4072
vn -0.8202 -0.4016 0.4074
vn -0.8203 -0.4013 0.4074
vn -0.8202 -0.4014 0.4076
vn -0.9366 -0.1056 -0.3341
vn -0.9366 -0.1055 -0.3341
vn -0.2998 -0.1056 0.9481
vn -0.2997 -0.1056 0.9482
vn 0.1544 0.7314 -0.6643
vn -0.5748 -0.0877 -0.8136
vn -0.5748 -0.0878 -0.8135
vn -0.5748 -0.0878 -0.8136
vn -0.8931 0.3342 0.3011
vn -0.8932 0.3341 0.3010
vn 0.2405 0.8072 -0.5390
vn 0.2405 0.8072 -0.5391
vn -0.7744 0.6269 -0.0856
vn -0.7744 0.6269 -0.0857
vn 0.3184 0.8550 -0.4094
vn -0.6107 0.7775 -0.1501
vn -0.6107 0.7775 -0.1502
vn 0.3901 0.8780 -0.2773
vn -0.4802 0.8702 -0.1104
vn -0.4802 0.8702 -0.1105
vn -0.4801 0.8702 -0.1104
vn 0.4567 0.8780 -0.1432
vn -0.3773 0.9257 -0.0287
vn -0.3773 0.9256 -0.0287
vn -0.3773 0.9256 -0.0288
vn 0.5186 0.8550 -0.0064
vn -0.2976 0.9518 0.0749
vn -0.2976 0.9517 0.0749
vn 0.5748 0.8072 0.1341
vn -0.2395 0.9518 0.1918
vn -0.2394 0.9518 0.1918
vn 0.6226 0.7314 0.2783
vn 0.6226 0.7313 0.2784
vn -0.2052 0.9256 0.3180
vn 0.6564 0.6232 0.4251
vn -0.2020 0.8702 0.4494
vn -0.2021 0.8702 0.4493
vn 0.6664 0.4793 0.5711
vn 0.6663 0.4794 0.5711
vn 0.6664 0.4794 0.5711
vn -0.3422 0.0998 -0.9343
vn -0.2494 0.7775 0.5773
vn -0.2493 0.7775 0.5773
vn -0.2493 0.7775 0.5774
vn 0.6363 0.3010 0.7103
vn 0.6363 0.3011 0.7103
vn -0.1816 0.3010 -0.9362
vn -0.1815 0.3010 -0.9362
vn -0.3997 0.6269 0.6688
vn -0.3996 0.6269 0.6688
vn -0.3996 0.6270 0.6688
vn 0.5377 0.0998 0.8372
vn 0.5378 0.0998 0.8372
vn -0.0526 0.4794 -0.8760
vn -0.0524 0.4795 -0.8760
vn -0.0525 0.4794 -0.8760
vn -0.7796 0.3342 0.5298
vn -0.7796 0.3341 0.5297
vn -0.7796 0.3342 0.5297
vn -0.7796 0.3342 0.5296
vn 0.3010 -0.0878 0.9496
vn 0.7148 -0.0000 -0.6994
vn 0.8375 -0.0000 -0.5465
vn 0.8375 -0.0000 -0.5464
vn 0.9280 -0.0000 -0.3726
vn 0.9829 -0.0000 -0.1844
vn 0.9999 -0.0000 0.0109
vn 0.9786 -0.0000 0.2058
vn 0.9197 -0.0000 0.3927
vn 0.8254 -0.0000 0.5646
vn 0.6993 -0.0000 0.7148
vn 0.5465 -0.0000 0.8375
vn 0.5464 -0.0000 0.8375
vn 0.3726 -0.0000 0.9280
vn 0.1844 -0.0000 0.9829
vn 0.1844 -0.0000 0.9828
vn -0.0109 -0.0000 0.9999
vn -0.2058 -0.0000 0.9786
vn -0.3927 -0.0000 0.9197
vn -0.5646 -0.0000 0.8253
vn -0.5646 -0.0000 0.8254
vn -0.7148 -0.0000 0.6994
vn -0.8375 -0.0000 0.5464
vn -0.8375 -0.0000 0.5465
vn -0.9280 -0.0000 0.3726
vn -0.9829 -0.0000 0.1844
vn -0.9999 -0.0000 -0.0109
vn -0.9786 -0.0000 -0.2058
vn -0.9197 -0.0000 -0.3927
vn -0.9197 -0.0000 -0.3926
vn -0.8254 -0.0000 -0.5645
vn -0.8254 -0.0000 -0.5646
vn -0.6993 -0.0000 -0.7148
vn -0.5465 -0.0000 -0.8375
vn -0.5464 -0.0000 -0.8375
vn -0.3726 -0.0000 -0.9280
vn -0.1844 -0.0000 -0.9829
vn 0.0109 -0.0000 -0.9999
vn 0.2058 -0.0000 -0.9786
vn 0.6179 0.4606 0.6372
vn 0.3927 -0.0000 -0.9197
vn 0.5646 -0.0000 -0.8254
vn -0.0000 -1.0000 0.0001
vn -0.0000 -1.0000 0.0002
vn 0.7379 0.6232 -0.2591
vn 0.7379 0.6232 -0.2592
vn -0.6804 0.7021 0.2099
vn -0.1721 0.9797 -0.1026
vn 0.8918 0.4517 -0.0260
vn 0.8918 0.4517 -0.0261
vn -0.2550 0.4608 0.8501
vn -0.2551 0.4608 0.8501
vn -0.0563 0.9930 -0.1042
vn -0.0563 0.9930 -0.1043
vn 0.5046 0.5300 -0.6815
vn 0.3013 0.6037 -0.7381
vn 0.3012 0.6037 -0.7381
vn 0.4751 0.4584 0.7511
vn -0.5897 0.8075 0.0128
vn -0.5897 0.8075 0.0127
vn -0.5897 0.8075 0.0130
vn -0.2106 0.9504 -0.2289
vn -0.2105 0.9504 -0.2289
vn 0.8759 0.4548 0.1610
vn -0.4351 0.4843 0.7591
vn -0.0364 0.9978 -0.0547
vn 0.6720 0.4843 -0.5603
vn 0.3106 0.4548 0.8347
vn -0.4308 0.8946 -0.1188
vn -0.4308 0.8946 -0.1189
vn -0.1919 0.8946 -0.4036
vn -0.1918 0.8946 -0.4036
vn 0.8222 0.4584 0.3375
vn -0.5835 0.5300 0.6153
vn -0.0602 0.9978 -0.0263
vn 0.7929 0.4608 -0.3987
vn 0.7929 0.4608 -0.3988
vn 0.1291 0.4517 0.8828
vn 0.1292 0.4517 0.8828
vn -0.2619 0.9504 -0.1677
vn -0.2619 0.9504 -0.1676
vn -0.0897 0.8075 -0.5830
vn -0.0896 0.8075 -0.5830
vn -0.0898 0.8075 -0.5830
vn 0.7349 0.4606 0.4978
vn -0.6745 0.6037 0.4249
vn -0.6746 0.6036 0.4248
vn -0.1124 0.9930 -0.0374
vn 0.8654 0.4521 -0.2160
vn -0.0624 0.4521 0.8898
vn -0.1309 0.9797 -0.1517
vn 0.0885 0.7021 -0.7066
vn 0.0885 0.7021 -0.7065
vn 0.0886 0.7021 -0.7065
vn -0.7016 -0.4014 -0.5887
vn -0.7018 -0.4012 -0.5886
vn -0.7017 -0.4014 -0.5887
vn -0.7018 -0.4011 -0.5887
vn -0.7015 -0.4014 -0.5889
vn -0.7017 -0.4015 -0.5886
vn -0.7018 -0.4012 -0.5887
vn -0.7014 -0.4014 -0.5889
vn -0.7017 -0.4013 -0.5888
vn -0.7018 -0.4015 -0.5885
vn -0.7016 -0.4015 -0.5887
vn -0.0686 -0.1056 -0.9920
vn -0.0685 -0.1056 -0.9920
vn -0.9889 -0.1056 0.1047
vn 0.6706 0.7314 -0.1242
vn 0.6706 0.7313 -0.1242
vn 0.6706 0.7314 -0.1241
vn 0.5157 -0.0878 -0.8523
vn 0.5157 -0.0878 -0.8522
vn -0.6333 0.3342 -0.6981
vn -0.6333 0.3342 -0.6980
vn 0.5902 0.8072 0.0046
vn 0.5902 0.8072 0.0047
vn -0.2313 0.6270 -0.7439
vn -0.2313 0.6269 -0.7439
vn -0.2313 0.6269 -0.7440
vn 0.5026 0.8550 0.1280
vn -0.1067 0.7775 -0.6197
vn -0.1068 0.7775 -0.6198
vn 0.4103 0.8780 0.2465
vn 0.4102 0.8780 0.2465
vn 0.4102 0.8780 0.2466
vn -0.0909 0.8702 -0.4843
vn -0.0908 0.8702 -0.4843
vn 0.3140 0.8780 0.3612
vn 0.3140 0.8780 0.3613
vn -0.1247 0.9256 -0.3573
vn 0.2133 0.8550 0.4727
vn -0.1877 0.9518 -0.2428
vn -0.1876 0.9518 -0.2428
vn -0.1877 0.9518 -0.2427
vn 0.1071 0.8072 0.5804
vn -0.2716 0.9518 -0.1427
vn -0.2717 0.9518 -0.1427
vn -0.0059 0.7314 0.6820
vn -0.0058 0.7314 0.6819
vn -0.0060 0.7313 0.6820
vn -0.3735 0.9256 -0.0608
vn -0.3736 0.9256 -0.0608
vn -0.1270 0.6232 0.7717
vn -0.4927 0.8702 -0.0054
vn -0.4926 0.8702 -0.0055
vn -0.4927 0.8702 -0.0055
vn -0.2568 0.4793 0.8392
vn -0.2568 0.4794 0.8392
vn -0.2567 0.4794 0.8392
vn 0.7193 0.0998 -0.6875
vn 0.7194 0.0999 -0.6874
vn 0.7193 0.0999 -0.6874
vn -0.6289 0.7775 0.0024
vn -0.6288 0.7775 0.0024
vn -0.6289 0.7775 0.0025
vn -0.3964 0.3010 0.8673
vn -0.3964 0.3011 0.8673
vn -0.3964 0.3009 0.8673
vn 0.7853 0.3010 -0.5410
vn -0.7728 0.6270 -0.0987
vn -0.7728 0.6269 -0.0987
vn -0.7728 0.6269 -0.0986
vn -0.5521 0.0998 0.8278
vn -0.5520 0.0998 0.8278
vn 0.7819 0.4794 -0.3985
vn 0.7819 0.4794 -0.3986
vn -0.7974 0.3342 -0.5024
vn -0.7974 0.3343 -0.5024
vn -0.7975 0.3343 -0.5023
vn -0.7498 -0.0879 0.6558
vn -0.7498 -0.0878 0.6558
vn -0.7498 -0.0877 0.6559
vn 0.0602 -0.0000 -0.9982
vn 0.2538 -0.0000 -0.9673
vn 0.4375 -0.0000 -0.8992
vn 0.4378 -0.0000 -0.8991
vn 0.6047 -0.0000 -0.7965
vn 0.6046 -0.0000 -0.7965
vn 0.7484 -0.0000 -0.6633
vn 0.8634 -0.0000 -0.5044
vn 0.9452 -0.0000 -0.3264
vn 0.9907 -0.0000 -0.1357
vn 0.9982 -0.0000 0.0602
vn 0.9673 -0.0000 0.2538
vn 0.8992 -0.0000 0.4376
vn 0.7967 -0.0000 0.6044
vn 0.6633 -0.0000 0.7484
vn 0.5044 -0.0000 0.8635
vn 0.5042 -0.0000 0.8636
vn 0.5043 -0.0000 0.8635
vn 0.5045 -0.0000 0.8634
vn 0.3264 -0.0000 0.9452
vn 0.1357 -0.0000 0.9908
vn -0.0602 -0.0000 0.9982
vn -0.2538 -0.0000 0.9673
vn -0.4375 -0.0000 0.8992
vn -0.6046 -0.0000 0.7965
vn -0.7484 -0.0000 0.6633
vn -0.8634 -0.0000 0.5045
vn -0.9452 -0.0000 0.3264
vn -0.9907 -0.0000 0.1357
vn -0.9982 -0.0000 -0.0602
vn -0.9673 -0.0000 -0.2538
vn -0.8992 -0.0000 -0.4376
vn -0.7965 -0.0000 -0.6046
vn -0.6633 -0.0000 -0.7484
vn -0.5044 -0.0000 -0.8634
vn -0.5045 -0.0000 -0.8634
vn 0.8857 0.4606 0.0574
vn -0.3264 -0.0000 -0.9452
vn -0.1357 -0.0000 -0.9907
vn 0.3730 0.6232 -0.6874
vn -0.3634 0.7021 0.6124
vn -0.3635 0.7021 0.6124
vn -0.1964 0.9797 0.0395
vn -0.1964 0.9797 0.0394
vn 0.6435 0.4517 -0.6180
vn 0.3818 0.4608 0.8012
vn 0.3817 0.4608 0.8012
vn -0.1117 0.9930 -0.0394
vn -0.0836 0.5300 -0.8439
vn -0.2723 0.6037 -0.7493
vn -0.2722 0.6037 -0.7493
vn 0.8564 0.4584 0.2376
vn -0.4284 0.8075 0.4055
vn -0.3097 0.9504 -0.0282
vn -0.3097 0.9504 -0.0283
vn 0.7572 0.4548 -0.4688
vn 0.1872 0.4843 0.8547
vn 0.1872 0.4843 0.8546
vn -0.0637 0.9978 -0.0161
vn -0.0637 0.9978 -0.0162
vn 0.1219 0.4843 -0.8664
vn 0.7906 0.4548 0.4100
vn -0.3991 0.8946 0.2012
vn -0.3991 0.8946 0.2011
vn -0.4131 0.8946 -0.1703
vn -0.4132 0.8946 -0.1703
vn 0.8359 0.4584 -0.3019
vn -0.0194 0.5300 0.8478
vn -0.0623 0.9978 0.0209
vn 0.3199 0.4608 -0.8279
vn 0.3198 0.4608 -0.8279
vn 0.6884 0.4517 0.5675
vn 0.6885 0.4517 0.5675
vn -0.3066 0.9504 0.0516
vn -0.3066 0.9504 0.0517
vn -0.3067 0.9504 0.0517
vn -0.4579 0.8075 -0.3718
vn -0.4579 0.8075 -0.3719
vn 0.8788 0.4606 -0.1244
vn -0.2147 0.6037 0.7678
vn -0.2146 0.6037 0.7678
vn -0.2148 0.6037 0.7678
vn -0.1084 0.9930 0.0477
vn 0.4964 0.4521 -0.7411
vn 0.5512 0.4521 0.7013
vn -0.1989 0.9797 -0.0245
vn -0.4088 0.7021 -0.5830
vn -0.4088 0.7021 -0.5831
vn -0.9152 -0.4014 0.0347
vn -0.9152 -0.4015 0.0347
vn -0.9152 -0.4015 0.0348
vn -0.9151 -0.4017 0.0346
vn -0.9154 -0.4011 0.0350
vn -0.9153 -0.4013 0.0347
vn -0.9154 -0.4011 0.0347
vn -0.9153 -0.4014 0.0347
vn -0.9154 -0.4010 0.0346
vn -0.9152 -0.4014 0.0346
vn -0.9153 -0.4014 0.0346
vn -0.9152 -0.4014 0.0348
vn -0.9152 -0.4015 0.0346
vn -0.9154 -0.4012 0.0348
vn -0.9153 -0.4013 0.0348
vn -0.9151 -0.4017 0.0347
vn -0.9152 -0.4016 0.0347
vn -0.7169 -0.1056 -0.6892
vn -0.7169 -0.1056 -0.6891
vn -0.6626 -0.1057 0.7415
vn -0.6626 -0.1056 0.7415
vn 0.4135 0.7314 -0.5423
vn 0.4135 0.7314 -0.5424
vn -0.1901 -0.0878 -0.9778
vn -0.9380 0.3342 -0.0922
vn -0.9380 0.3343 -0.0922
vn -0.9380 0.3341 -0.0922
vn 0.4406 0.8072 -0.3928
vn -0.6709 0.6269 -0.3961
vn 0.4584 0.8550 -0.2426
vn -0.4952 0.7775 -0.3877
vn 0.4695 0.8780 -0.0927
vn 0.4695 0.8780 -0.0928
vn -0.3925 0.8702 -0.2978
vn -0.3925 0.8702 -0.2979
vn 0.4752 0.8780 0.0569
vn -0.3323 0.9256 -0.1810
vn 0.4755 0.8550 0.2071
vn 0.4755 0.8550 0.2070
vn -0.3021 0.9518 -0.0539
vn -0.3021 0.9518 -0.0540
vn 0.4691 0.8072 0.3582
vn 0.4691 0.8072 0.3583
vn -0.2971 0.9518 0.0767
vn -0.2971 0.9518 0.0766
vn 0.4535 0.7314 0.5094
vn 0.4534 0.7313 0.5095
vn 0.4534 0.7313 0.5094
vn -0.3176 0.9256 0.2057
vn -0.3176 0.9256 0.2056
vn 0.4240 0.6232 0.6571
vn 0.4240 0.6232 0.6572
vn -0.3687 0.8702 0.3267
vn -0.3687 0.8703 0.3267
vn -0.3687 0.8702 0.3268
vn 0.3731 0.4795 0.7943
vn 0.3731 0.4794 0.7944
vn 0.0715 0.0998 -0.9924
vn -0.4644 0.7775 0.4240
vn -0.4644 0.7775 0.4241
vn 0.2886 0.3010 0.9089
vn 0.2188 0.3010 -0.9282
vn -0.6389 0.6270 0.4458
vn -0.6389 0.6269 0.4458
vn -0.6389 0.6270 0.4457
vn 0.1465 0.0998 0.9842
vn 0.3118 0.4792 -0.8204
vn 0.3118 0.4793 -0.8204
vn 0.3118 0.4794 -0.8203
vn 0.3118 0.4794 -0.8204
vn -0.9283 0.3342 0.1631
vn -0.9283 0.3341 0.1631
vn -0.9283 0.3342 0.1630
vn -0.1154 -0.0878 0.9894
vt 0.000000 0.000000
vt 1.000000 1.000000
vt 0.968800 1.000000
vt 0.968800 0.500000
vt 1.000000 0.500000
vt 0.937500 1.000000
vt 0.937500 0.500000
vt 0.906200 1.000000
vt 0.906200 0.500000
vt 0.875000 1.000000
vt 0.875000 0.500000
vt 0.843800 1.000000
vt 0.843800 0.500000
vt 0.812500 0.500000
vt 0.812500 1.000000
vt 0.781200 0.500000
vt 0.781200 1.000000
vt 0.750000 1.000000
vt 0.750000 0.500000
vt 0.718800 0.500000
vt 0.718800 1.000000
vt 0.687500 0.500000
vt 0.687500 1.000000
vt 0.656200 0.500000
vt 0.656200 1.000000
vt 0.625000 1.000000
vt 0.625000 0.500000
vt 0.593800 0.500000
vt 0.593800 1.000000
vt 0.562500 0.500000
vt 0.562500 1.000000
vt 0.531200 0.500000
vt 0.531200 1.000000
vt 0.500000 0.500000
vt 0.500000 1.000000
vt 0.468800 0.500000
vt 0.468800 1.000000
vt 0.437500 0.500000
vt 0.437500 1.000000
vt 0.406200 0.500000
vt 0.406200 1.000000
vt 0.375000 1.000000
vt 0.375000 0.500000
vt 0.343800 1.000000
vt 0.343800 0.500000
vt 0.312500 0.500000
vt 0.312500 1.000000
vt 0.281200 0.500000
vt 0.281200 1.000000
vt 0.250000 1.000000
vt 0.250000 0.500000
vt 0.218800 1.000000
vt 0.218800 0.500000
vt 0.187500 0.500000
vt 0.187500 1.000000
vt 0.156200 1.000000
vt 0.156200 0.500000
vt 0.125000 0.500000
vt 0.125000 1.000000
vt 0.093800 0.500000
vt 0.093800 1.000000
vt 0.062500 1.000000
vt 0.062500 0.500000
vt 0.031200 1.000000
vt 0.031200 0.500000
vt 0.000000 1.000000
vt 0.000000 0.500000
vt 0.796800 0.485400
vt 0.841800 0.471700
vt 0.883300 0.449600
vt 0.919700 0.419700
vt 0.949600 0.383300
vt 0.971700 0.341800
vt 0.985400 0.296800
vt 0.990000 0.250000
vt 0.985400 0.203200
vt 0.971700 0.158200
vt 0.949600 0.116700
vt 0.919700 0.080300
vt 0.883300 0.050400
vt 0.841800 0.028300
vt 0.796800 0.014600
vt 0.750000 0.010000
vt 0.703200 0.014600
vt 0.658200 0.028300
vt 0.616700 0.050400
vt 0.580300 0.080300
vt 0.550400 0.116700
vt 0.528300 0.158200
vt 0.514600 0.203200
vt 0.510000 0.250000
vt 0.514600 0.296800
vt 0.528300 0.341800
vt 0.550400 0.383300
vt 0.580300 0.419700
vt 0.616700 0.449600
vt 0.658200 0.471700
vt 0.750000 0.490000
vt 0.703200 0.485400
vt 0.296800 0.485400
vt 0.250000 0.490000
vt 0.203200 0.485400
vt 0.158200 0.471700
vt 0.116700 0.449600
vt 0.080300 0.419700
vt 0.050400 0.383300
vt 0.028300 0.341800
vt 0.014600 0.296800
vt 0.010000 0.250000
vt 0.014600 0.203200
vt 0.028300 0.158200
vt 0.050400 0.116700
vt 0.080300 0.080300
vt 0.116700 0.050400
vt 0.158200 0.028300
vt 0.203200 0.014600
vt 0.250000 0.010000
vt 0.296800 0.014600
vt 0.341800 0.028300
vt 0.383300 0.050400
vt 0.419700 0.080300
vt 0.449600 0.116700
vt 0.471700 0.158200
vt 0.485400 0.203200
vt 0.490000 0.250000
vt 0.485400 0.296800
vt 0.471700 0.341800
vt 0.449600 0.383300
vt 0.419700 0.419700
vt 0.383300 0.449600
vt 0.341800 0.471700
s 1
g off
g Pata_trasera_Goddard_None
usemtl Goddard_None
f 1/1/1 2/1/1 3/1/1
f 3/1/1 4/1/1 5/1/1
f 1/1/1 3/1/1 5/1/1
f 5/1/1 6/1/1 7/1/1
f 7/1/1 8/1/1 9/1/1
f 5/1/1 7/1/1 9/1/1
f 1/1/1 5/1/1 9/1/1
f 9/1/1 10/1/1 11/1/1
f 11/1/1 12/1/1 13/1/1
f 9/1/1 11/1/1 13/1/1
f 13/1/1 14/1/1 15/1/1
f 15/1/1 16/1/1 17/1/1
f 13/1/1 15/1/1 17/1/1
f 9/1/1 13/1/1 17/1/1
f 17/1/1 18/1/1 19/1/1
f 19/1/1 20/1/1 21/1/1
f 17/1/1 19/1/1 21/1/1
f 21/1/1 22/1/1 23/1/1
f 23/1/1 24/1/1 25/1/1
f 21/1/1 23/1/1 25/1/1
f 17/1/1 21/1/1 25/1/1
f 9/1/1 17/1/1 25/1/1
f 1/1/1 9/1/1 25/1/1
f 26/1/1 27/1/1 28/1/1
f 25/1/1 26/1/1 28/1/1
f 25/1/1 28/1/1 29/1/1
f 1/1/1 25/1/1 29/1/1
f 30/1/1 1/1/1 29/1/1
f 30/1/1 29/1/1 31/1/1
f 30/1/1 31/1/1 32/1/1
s 2
f 33/1/2 34/1/2 35/1/2
f 35/1/2 36/1/3 33/1/2
s 3
f 3/1/4 37/1/5 38/1/6
f 38/1/6 4/1/7 3/1/4
s 4
f 16/1/8 39/1/9 40/1/8
f 40/1/8 17/1/10 16/1/8
s 5
f 31/1/11 29/1/12 41/1/12
f 41/1/12 42/1/13 31/1/11
s 6
f 2/1/14 43/1/14 37/1/14
f 37/1/14 3/1/15 2/1/14
s 7
f 15/1/16 44/1/17 39/1/17
f 39/1/17 16/1/18 15/1/16
s 8
f 28/1/19 45/1/20 41/1/21
f 41/1/21 29/1/22 28/1/19
s 9
f 2/1/23 1/1/24 46/1/23
f 46/1/23 43/1/25 2/1/23
s 10
f 14/1/26 47/1/27 44/1/26
f 44/1/26 15/1/28 14/1/26
s 11
f 48/1/29 45/1/30 28/1/30
f 28/1/30 27/1/31 48/1/29
s 12
f 13/1/32 49/1/33 47/1/33
f 47/1/33 14/1/33 13/1/32
s 13
f 26/1/34 50/1/35 48/1/34
f 48/1/34 27/1/36 26/1/34
s 14
f 12/1/37 51/1/38 49/1/39
f 49/1/39 13/1/40 12/1/37
s 15
f 52/1/41 50/1/42 26/1/43
f 26/1/43 25/1/41 52/1/41
s 16
f 11/1/44 53/1/45 51/1/46
f 51/1/46 12/1/47 11/1/44
s 17
f 52/1/48 25/1/49 24/1/49
f 24/1/49 54/1/49 52/1/48
s 18
f 10/1/50 55/1/51 53/1/50
f 53/1/50 11/1/52 10/1/50
s 19
f 24/1/53 23/1/54 56/1/55
f 56/1/55 54/1/56 24/1/53
s 20
f 9/1/57 36/1/58 55/1/59
f 55/1/59 10/1/60 9/1/57
s 21
f 22/1/61 57/1/62 56/1/62
f 56/1/62 23/1/62 22/1/61
s 22
f 8/1/63 33/1/63 36/1/64
f 36/1/64 9/1/65 8/1/63
s 23
f 21/1/66 58/1/67 57/1/68
f 57/1/68 22/1/68 21/1/66
s 24
f 7/1/69 59/1/70 33/1/71
f 33/1/71 8/1/69 7/1/69
s 25
f 20/1/72 60/1/73 58/1/73
f 58/1/73 21/1/72 20/1/72
s 26
f 6/1/74 61/1/75 59/1/76
f 59/1/76 7/1/76 6/1/74
s 27
f 19/1/77 62/1/78 60/1/77
f 60/1/77 20/1/79 19/1/77
s 28
f 46/1/80 1/1/81 30/1/82
f 30/1/82 63/1/83 46/1/80
s 29
f 5/1/84 64/1/85 61/1/85
f 61/1/85 6/1/86 5/1/84
s 30
f 18/1/87 65/1/87 62/1/88
f 62/1/88 19/1/89 18/1/87
s 31
f 63/1/90 30/1/91 32/1/90
f 32/1/90 66/1/90 63/1/90
s 32
f 4/1/92 38/1/93 64/1/94
f 64/1/94 5/1/95 4/1/92
s 33
f 17/1/96 40/1/97 65/1/98
f 65/1/98 18/1/96 17/1/96
s 34
f 66/1/99 32/1/100 31/1/101
f 31/1/101 42/1/102 66/1/99
s 35
f 67/1/103 68/1/103 69/1/103
f 69/1/103 70/1/103 71/1/103
f 67/1/103 69/1/103 71/1/103
f 71/1/103 72/1/103 73/1/103
f 71/1/103 73/1/103 74/1/103
f 67/1/103 71/1/103 74/1/103
f 67/1/103 74/1/103 75/1/103
f 75/1/103 76/1/103 77/1/103
f 77/1/103 78/1/103 79/1/103
f 75/1/103 77/1/103 79/1/103
f 79/1/103 80/1/103 81/1/103
f 81/1/103 82/1/103 83/1/103
f 79/1/103 81/1/103 83/1/103
f 75/1/103 79/1/103 83/1/103
f 83/1/103 84/1/103 85/1/103
f 85/1/103 86/1/103 87/1/103
f 83/1/103 85/1/103 87/1/103
f 87/1/103 88/1/103 89/1/103
f 89/1/103 35/1/103 34/1/103
f 87/1/103 89/1/103 34/1/103
f 83/1/103 87/1/103 34/1/103
f 75/1/103 83/1/103 34/1/103
f 34/1/103 90/1/103 91/1/103
f 91/1/103 92/1/103 93/1/103
f 34/1/103 91/1/103 93/1/103
f 93/1/103 94/1/103 95/1/103
f 93/1/103 95/1/103 96/1/103
f 34/1/103 93/1/103 96/1/103
f 75/1/103 34/1/103 96/1/103
f 67/1/103 75/1/103 96/1/103
s 36
f 58/1/104 78/1/104 77/1/104
f 77/1/104 57/1/104 58/1/104
s 37
f 59/1/105 90/1/105 34/1/105
f 34/1/105 33/1/105 59/1/105
s 38
f 60/1/106 79/1/106 78/1/106
f 78/1/106 58/1/106 60/1/106
s 39
f 61/1/107 91/1/107 90/1/107
f 90/1/107 59/1/107 61/1/107
s 40
f 62/1/108 80/1/108 79/1/108
f 79/1/108 60/1/108 62/1/108
s 41
f 63/1/109 67/1/109 96/1/109
f 96/1/109 46/1/109 63/1/109
s 42
f 64/1/110 92/1/110 91/1/110
f 91/1/110 61/1/110 64/1/110
s 43
f 65/1/111 81/1/111 80/1/111
f 80/1/111 62/1/111 65/1/111
s 44
f 66/1/112 68/1/112 67/1/112
f 67/1/112 63/1/112 66/1/112
s 45
f 38/1/113 93/1/113 92/1/113
f 92/1/113 64/1/113 38/1/113
s 46
f 40/1/114 82/1/114 81/1/114
f 81/1/114 65/1/114 40/1/114
s 47
f 42/1/115 69/1/115 68/1/116
f 68/1/116 66/1/115 42/1/115
s 48
f 37/1/117 94/1/118 93/1/117
f 93/1/117 38/1/119 37/1/117
s 49
f 39/1/120 83/1/120 82/1/120
f 82/1/120 40/1/120 39/1/120
s 50
f 41/1/121 70/1/122 69/1/121
f 69/1/121 42/1/122 41/1/121
s 51
f 43/1/123 95/1/123 94/1/123
f 94/1/123 37/1/123 43/1/123
s 52
f 44/1/124 84/1/124 83/1/124
f 83/1/124 39/1/124 44/1/124
s 53
f 45/1/125 71/1/125 70/1/125
f 70/1/125 41/1/125 45/1/125
s 54
f 43/1/126 46/1/126 96/1/126
f 96/1/126 95/1/127 43/1/126
s 55
f 47/1/128 85/1/128 84/1/128
f 84/1/128 44/1/128 47/1/128
s 56
f 48/1/129 72/1/129 71/1/129
f 71/1/129 45/1/129 48/1/129
s 57
f 49/1/130 86/1/130 85/1/130
f 85/1/130 47/1/130 49/1/130
s 58
f 50/1/131 73/1/131 72/1/131
f 72/1/131 48/1/131 50/1/131
s 59
f 51/1/132 87/1/132 86/1/132
f 86/1/132 49/1/132 51/1/132
s 60
f 52/1/133 74/1/133 73/1/133
f 73/1/133 50/1/133 52/1/133
s 61
f 53/1/134 88/1/134 87/1/134
f 87/1/134 51/1/134 53/1/134
s 62
f 54/1/135 75/1/135 74/1/135
f 74/1/135 52/1/135 54/1/135
s 63
f 55/1/136 89/1/136 88/1/136
f 88/1/136 53/1/136 55/1/136
s 64
f 56/1/137 76/1/137 75/1/137
f 75/1/137 54/1/137 56/1/137
s 65
f 36/1/138 35/1/138 89/1/138
f 89/1/138 55/1/138 36/1/138
s 66
f 57/1/139 77/1/139 76/1/139
f 76/1/139 56/1/139 57/1/139
s 67
f 97/1/140 98/1/141 99/1/142
f 99/1/142 100/1/143 101/1/144
f 97/1/140 99/1/142 101/1/144
f 101/1/144 102/1/141 103/1/145
f 103/1/145 104/1/141 105/1/146
f 101/1/144 103/1/145 105/1/146
f 97/1/140 101/1/144 105/1/146
f 105/1/146 106/1/141 107/1/147
f 107/1/147 108/1/148 109/1/141
f 105/1/146 107/1/147 109/1/141
f 109/1/141 110/1/147 111/1/141
f 111/1/141 112/1/141 113/1/149
f 109/1/141 111/1/141 113/1/149
f 105/1/146 109/1/141 113/1/149
f 113/1/149 114/1/141 115/1/143
f 115/1/143 116/1/141 117/1/141
f 113/1/149 115/1/143 117/1/141
f 117/1/141 118/1/150 119/1/150
f 119/1/150 120/1/141 121/1/148
f 117/1/141 119/1/150 121/1/148
f 113/1/149 117/1/141 121/1/148
f 105/1/146 113/1/149 121/1/148
f 97/1/140 105/1/146 121/1/148
f 122/1/141 123/1/141 124/1/151
f 121/1/148 122/1/141 124/1/151
f 121/1/148 124/1/151 125/1/141
f 97/1/140 121/1/148 125/1/141
f 126/1/140 97/1/140 125/1/141
f 126/1/140 125/1/141 127/1/141
f 126/1/140 127/1/141 128/1/141
s 68
f 129/1/152 130/1/153 131/1/154
f 131/1/154 132/1/155 129/1/152
s 69
f 115/1/156 133/1/157 134/1/156
f 134/1/156 116/1/158 115/1/156
s 70
f 135/1/159 97/1/160 126/1/159
f 126/1/159 136/1/161 135/1/159
s 71
f 101/1/162 137/1/163 138/1/163
f 138/1/163 102/1/163 101/1/162
s 72
f 114/1/164 139/1/165 133/1/166
f 133/1/166 115/1/165 114/1/164
s 73
f 136/1/167 126/1/168 128/1/167
f 128/1/167 140/1/168 136/1/167
s 74
f 100/1/169 141/1/170 137/1/171
f 137/1/171 101/1/172 100/1/169
s 75
f 113/1/173 142/1/174 139/1/173
f 139/1/173 114/1/175 113/1/173
s 76
f 140/1/176 128/1/177 127/1/178
f 127/1/178 143/1/177 140/1/176
s 77
f 99/1/179 144/1/179 141/1/180
f 141/1/180 100/1/181 99/1/179
s 78
f 112/1/182 145/1/182 142/1/182
f 142/1/182 113/1/182 112/1/182
s 79
f 127/1/183 125/1/183 146/1/183
f 146/1/183 143/1/183 127/1/183
s 80
f 98/1/184 147/1/184 144/1/184
f 144/1/184 99/1/185 98/1/184
s 81
f 111/1/186 148/1/186 145/1/187
f 145/1/187 112/1/188 111/1/186
s 82
f 124/1/189 149/1/189 146/1/189
f 146/1/189 125/1/189 124/1/189
s 83
f 98/1/190 97/1/190 135/1/190
f 135/1/190 147/1/190 98/1/190
s 84
f 110/1/191 150/1/192 148/1/191
f 148/1/191 111/1/193 110/1/191
s 85
f 151/1/194 149/1/195 124/1/196
f 124/1/196 123/1/197 151/1/194
s 86
f 109/1/198 152/1/198 150/1/198
f 150/1/198 110/1/198 109/1/198
s 87
f 122/1/199 153/1/199 151/1/199
f 151/1/199 123/1/199 122/1/199
s 88
f 108/1/200 154/1/201 152/1/200
f 152/1/200 109/1/200 108/1/200
s 89
f 132/1/202 153/1/203 122/1/204
f 122/1/204 121/1/202 132/1/202
s 90
f 107/1/205 155/1/206 154/1/207
f 154/1/207 108/1/207 107/1/205
s 91
f 132/1/208 121/1/209 120/1/208
f 120/1/208 129/1/208 132/1/208
s 92
f 106/1/210 156/1/211 155/1/212
f 155/1/212 107/1/213 106/1/210
s 93
f 120/1/214 119/1/214 157/1/214
f 157/1/214 129/1/214 120/1/214
s 94
f 105/1/215 158/1/216 156/1/217
f 156/1/217 106/1/215 105/1/215
s 95
f 118/1/218 159/1/219 157/1/220
f 157/1/220 119/1/221 118/1/218
s 96
f 104/1/222 160/1/223 158/1/224
f 158/1/224 105/1/225 104/1/222
s 97
f 117/1/226 161/1/226 159/1/226
f 159/1/226 118/1/226 117/1/226
s 98
f 103/1/227 162/1/227 160/1/228
f 160/1/228 104/1/227 103/1/227
s 99
f 116/1/229 134/1/230 161/1/229
f 161/1/229 117/1/229 116/1/229
s 100
f 102/1/231 138/1/231 162/1/231
f 162/1/231 103/1/232 102/1/231
s 101
f 163/1/233 164/1/233 165/1/234
f 165/1/234 166/1/233 163/1/233
s 102
f 156/1/235 167/1/236 168/1/237
f 168/1/237 155/1/237 156/1/235
s 103
f 157/1/238 169/1/238 130/1/238
f 130/1/238 129/1/238 157/1/238
s 104
f 158/1/239 170/1/240 167/1/240
f 167/1/240 156/1/241 158/1/239
s 105
f 159/1/242 166/1/242 169/1/242
f 169/1/242 157/1/242 159/1/242
s 106
f 160/1/243 171/1/243 170/1/243
f 170/1/243 158/1/243 160/1/243
s 107
f 161/1/244 163/1/245 166/1/246
f 166/1/246 159/1/247 161/1/244
s 108
f 162/1/248 172/1/249 171/1/250
f 171/1/250 160/1/251 162/1/248
s 109
f 134/1/252 173/1/253 163/1/254
f 163/1/254 161/1/255 134/1/252
s 110
f 138/1/256 174/1/256 172/1/256
f 172/1/256 162/1/256 138/1/256
s 111
f 133/1/257 175/1/258 173/1/259
f 173/1/259 134/1/260 133/1/257
s 112
f 136/1/261 176/1/262 177/1/263
f 177/1/263 135/1/263 136/1/261
s 113
f 137/1/264 178/1/265 174/1/266
f 174/1/266 138/1/265 137/1/264
s 114
f 139/1/267 179/1/268 175/1/267
f 175/1/267 133/1/269 139/1/267
s 115
f 140/1/270 180/1/271 176/1/272
f 176/1/272 136/1/273 140/1/270
s 116
f 141/1/274 181/1/275 178/1/276
f 178/1/276 137/1/277 141/1/274
s 117
f 142/1/278 182/1/279 179/1/278
f 179/1/278 139/1/280 142/1/278
s 118
f 143/1/281 183/1/282 180/1/283
f 180/1/283 140/1/284 143/1/281
s 119
f 144/1/285 184/1/285 181/1/286
f 181/1/286 141/1/285 144/1/285
s 120
f 145/1/287 185/1/288 182/1/289
f 182/1/289 142/1/287 145/1/287
s 121
f 146/1/290 186/1/291 183/1/292
f 183/1/292 143/1/293 146/1/290
s 122
f 147/1/294 187/1/295 184/1/294
f 184/1/294 144/1/296 147/1/294
s 123
f 148/1/297 188/1/298 185/1/299
f 185/1/299 145/1/300 148/1/297
s 124
f 149/1/301 189/1/301 186/1/302
f 186/1/302 146/1/303 149/1/301
s 125
f 147/1/304 135/1/305 177/1/305
f 177/1/305 187/1/305 147/1/304
s 126
f 150/1/306 190/1/306 188/1/307
f 188/1/307 148/1/308 150/1/306
s 127
f 151/1/309 191/1/310 189/1/311
f 189/1/311 149/1/312 151/1/309
s 128
f 152/1/313 192/1/314 190/1/314
f 190/1/314 150/1/314 152/1/313
s 129
f 153/1/315 193/1/316 191/1/315
f 191/1/315 151/1/315 153/1/315
s 130
f 154/1/317 194/1/318 192/1/319
f 192/1/319 152/1/318 154/1/317
s 131
f 132/1/320 131/1/320 193/1/321
f 193/1/321 153/1/320 132/1/320
s 132
f 155/1/322 168/1/323 194/1/322
f 194/1/322 154/1/324 155/1/322
s 133
f 195/1/165 196/1/165 197/1/165
f 197/1/165 198/1/166 195/1/165
s 134
f 172/1/325 199/1/326 200/1/327
f 200/1/327 171/1/326 172/1/325
s 135
f 173/1/328 201/1/329 164/1/330
f 164/1/330 163/1/331 173/1/328
s 136
f 174/1/332 202/1/333 199/1/334
f 199/1/334 172/1/334 174/1/332
s 137
f 175/1/335 195/1/336 201/1/337
f 201/1/337 173/1/338 175/1/335
s 138
f 176/1/339 203/1/340 204/1/340
f 204/1/340 177/1/341 176/1/339
s 139
f 178/1/342 205/1/343 202/1/344
f 202/1/344 174/1/345 178/1/342
s 140
f 179/1/346 196/1/347 195/1/346
f 195/1/346 175/1/348 179/1/346
s 141
f 180/1/349 206/1/349 203/1/349
f 203/1/349 176/1/350 180/1/349
s 142
f 181/1/351 207/1/352 205/1/353
f 205/1/353 178/1/351 181/1/351
s 143
f 182/1/354 208/1/355 196/1/356
f 196/1/356 179/1/354 182/1/354
s 144
f 183/1/357 209/1/357 206/1/358
f 206/1/358 180/1/357 183/1/357
s 145
f 184/1/359 210/1/360 207/1/359
f 207/1/359 181/1/361 184/1/359
s 146
f 185/1/362 211/1/363 208/1/364
f 208/1/364 182/1/365 185/1/362
s 147
f 186/1/366 212/1/366 209/1/367
f 209/1/367 183/1/368 186/1/366
s 148
f 187/1/369 213/1/369 210/1/370
f 210/1/370 184/1/369 187/1/369
s 149
f 188/1/371 214/1/371 211/1/372
f 211/1/372 185/1/372 188/1/371
s 150
f 189/1/373 215/1/374 212/1/374
f 212/1/374 186/1/375 189/1/373
s 151
f 187/1/376 177/1/377 204/1/378
f 204/1/378 213/1/379 187/1/376
s 152
f 190/1/380 216/1/380 214/1/380
f 214/1/380 188/1/380 190/1/380
s 153
f 191/1/381 217/1/381 215/1/381
f 215/1/381 189/1/382 191/1/381
s 154
f 192/1/383 218/1/383 216/1/384
f 216/1/384 190/1/383 192/1/383
s 155
f 193/1/385 219/1/386 217/1/387
f 217/1/387 191/1/388 193/1/385
s 156
f 194/1/389 220/1/390 218/1/390
f 218/1/390 192/1/390 194/1/389
s 157
f 131/1/391 221/1/392 219/1/391
f 219/1/391 193/1/393 131/1/391
s 158
f 168/1/394 222/1/395 220/1/396
f 220/1/396 194/1/396 168/1/394
s 159
f 130/1/397 223/1/398 221/1/398
f 221/1/398 131/1/399 130/1/397
s 160
f 167/1/400 224/1/400 222/1/400
f 222/1/400 168/1/400 167/1/400
s 161
f 169/1/401 225/1/401 223/1/402
f 223/1/402 130/1/403 169/1/401
s 162
f 170/1/404 226/1/405 224/1/404
f 224/1/404 167/1/404 170/1/404
s 163
f 166/1/406 165/1/406 225/1/406
f 225/1/406 169/1/406 166/1/406
s 164
f 171/1/407 200/1/407 226/1/408
f 226/1/408 170/1/407 171/1/407
s 165
f 227/1/409 228/1/410 229/1/411
f 229/1/411 230/1/412 227/1/409
s 166
f 206/1/168 231/1/167 232/1/168
f 232/1/168 203/1/168 206/1/168
s 167
f 233/1/413 234/1/414 205/1/415
f 205/1/415 207/1/416 233/1/413
s 168
f 196/1/417 208/1/418 235/1/173
f 235/1/173 197/1/419 196/1/417
s 169
f 209/1/420 236/1/177 231/1/421
f 231/1/421 206/1/422 209/1/420
s 170
f 207/1/423 210/1/424 237/1/423
f 237/1/423 233/1/425 207/1/423
s 171
f 208/1/426 211/1/427 230/1/426
f 230/1/426 235/1/428 208/1/426
s 172
f 212/1/429 238/1/430 236/1/430
f 236/1/430 209/1/429 212/1/429
s 173
f 210/1/185 213/1/185 239/1/431
f 239/1/431 237/1/185 210/1/185
s 174
f 211/1/432 214/1/186 227/1/433
f 227/1/433 230/1/186 211/1/432
s 175
f 215/1/434 240/1/435 238/1/434
f 238/1/434 212/1/436 215/1/434
s 176
f 239/1/437 213/1/438 204/1/439
f 204/1/439 241/1/440 239/1/437
s 177
f 214/1/441 216/1/442 242/1/443
f 242/1/443 227/1/192 214/1/441
s 178
f 217/1/444 243/1/445 240/1/444
f 240/1/444 215/1/446 217/1/444
s 179
f 244/1/198 242/1/198 216/1/198
f 216/1/198 218/1/198 244/1/198
s 180
f 219/1/447 245/1/448 243/1/449
f 243/1/449 217/1/450 219/1/447
s 181
f 218/1/451 220/1/452 246/1/453
f 246/1/453 244/1/454 218/1/451
s 182
f 219/1/455 221/1/455 247/1/455
f 247/1/455 245/1/455 219/1/455
s 183
f 220/1/456 222/1/207 248/1/456
f 248/1/456 246/1/457 220/1/456
s 184
f 221/1/208 223/1/208 249/1/208
f 249/1/208 247/1/208 221/1/208
s 185
f 250/1/458 248/1/458 222/1/459
f 222/1/459 224/1/460 250/1/458
s 186
f 249/1/461 223/1/462 225/1/463
f 225/1/463 251/1/464 249/1/461
s 187
f 224/1/216 226/1/216 252/1/216
f 252/1/216 250/1/216 224/1/216
s 188
f 225/1/465 165/1/466 253/1/465
f 253/1/465 251/1/467 225/1/465
s 189
f 226/1/225 200/1/225 254/1/225
f 254/1/225 252/1/225 226/1/225
s 190
f 253/1/468 165/1/469 164/1/470
f 164/1/470 255/1/471 253/1/468
s 191
f 256/1/472 254/1/473 200/1/474
f 200/1/474 199/1/227 256/1/472
s 192
f 255/1/475 164/1/230 201/1/230
f 201/1/230 257/1/230 255/1/475
s 193
f 199/1/476 202/1/477 258/1/477
f 258/1/477 256/1/478 199/1/476
s 194
f 198/1/479 257/1/480 201/1/481
f 201/1/481 195/1/482 198/1/479
s 195
f 203/1/483 232/1/484 241/1/483
f 241/1/483 204/1/159 203/1/483
s 196
f 202/1/485 205/1/486 234/1/487
f 234/1/487 258/1/163 202/1/485
s 197
f 259/1/488 260/1/489 261/1/490
f 261/1/490 262/1/490 259/1/488
s 198
f 240/1/491 263/1/492 264/1/493
f 264/1/493 238/1/494 240/1/491
s 199
f 265/1/495 239/1/495 241/1/495
f 241/1/495 266/1/496 265/1/495
s 200
f 228/1/497 227/1/498 242/1/497
f 242/1/497 267/1/499 228/1/497
s 201
f 268/1/500 263/1/501 240/1/502
f 240/1/502 243/1/503 268/1/500
s 202
f 244/1/504 262/1/505 267/1/506
f 267/1/506 242/1/507 244/1/504
s 203
f 245/1/508 269/1/509 268/1/510
f 268/1/510 243/1/511 245/1/508
s 204
f 246/1/512 259/1/513 262/1/513
f 262/1/513 244/1/512 246/1/512
s 205
f 247/1/514 270/1/514 269/1/514
f 269/1/514 245/1/515 247/1/514
s 206
f 271/1/516 259/1/516 246/1/516
f 246/1/516 248/1/516 271/1/516
s 207
f 249/1/517 272/1/518 270/1/519
f 270/1/519 247/1/520 249/1/517
s 208
f 250/1/521 273/1/522 271/1/521
f 271/1/521 248/1/523 250/1/521
s 209
f 274/1/524 272/1/525 249/1/526
f 249/1/526 251/1/527 274/1/524
s 210
f 252/1/528 275/1/529 273/1/528
f 273/1/528 250/1/528 252/1/528
s 211
f 253/1/530 276/1/531 274/1/532
f 274/1/532 251/1/533 253/1/530
s 212
f 277/1/534 275/1/535 252/1/535
f 252/1/535 254/1/535 277/1/534
s 213
f 255/1/536 278/1/537 276/1/538
f 276/1/538 253/1/539 255/1/536
s 214
f 256/1/540 279/1/541 277/1/541
f 277/1/541 254/1/542 256/1/540
s 215
f 280/1/543 278/1/544 255/1/543
f 255/1/543 257/1/543 280/1/543
s 216
f 258/1/545 281/1/546 279/1/547
f 279/1/547 256/1/548 258/1/545
s 217
f 198/1/549 282/1/550 280/1/551
f 280/1/551 257/1/550 198/1/549
s 218
f 232/1/552 283/1/553 266/1/554
f 266/1/554 241/1/555 232/1/552
s 219
f 281/1/556 258/1/557 234/1/558
f 234/1/558 284/1/559 281/1/556
s 220
f 197/1/560 285/1/561 282/1/561
f 282/1/561 198/1/562 197/1/560
s 221
f 231/1/563 286/1/564 283/1/565
f 283/1/565 232/1/566 231/1/563
s 222
f 233/1/567 287/1/568 284/1/569
f 284/1/569 234/1/570 233/1/567
s 223
f 288/1/571 285/1/571 197/1/571
f 197/1/571 235/1/571 288/1/571
s 224
f 289/1/572 286/1/572 231/1/573
f 231/1/573 236/1/574 289/1/572
s 225
f 237/1/575 290/1/576 287/1/577
f 287/1/577 233/1/575 237/1/575
s 226
f 230/1/578 229/1/579 288/1/578
f 288/1/578 235/1/580 230/1/578
s 227
f 238/1/581 264/1/582 289/1/581
f 289/1/581 236/1/581 238/1/581
s 228
f 265/1/583 290/1/583 237/1/584
f 237/1/584 239/1/585 265/1/583
s 229
f 291/1/586 292/1/586 293/1/586
f 293/1/586 294/1/587 291/1/586
s 230
f 295/1/588 269/1/589 270/1/590
f 270/1/590 296/1/591 295/1/588
s 231
f 271/1/592 297/1/593 260/1/592
f 260/1/592 259/1/594 271/1/592
s 232
f 272/1/595 298/1/596 296/1/595
f 296/1/595 270/1/597 272/1/595
s 233
f 297/1/598 271/1/599 273/1/600
f 273/1/600 293/1/601 297/1/598
s 234
f 274/1/602 299/1/603 298/1/602
f 298/1/602 272/1/602 274/1/602
s 235
f 275/1/604 294/1/605 293/1/606
f 293/1/606 273/1/606 275/1/604
s 236
f 300/1/607 299/1/607 274/1/608
f 274/1/608 276/1/609 300/1/607
s 237
f 277/1/610 301/1/611 294/1/612
f 294/1/612 275/1/613 277/1/610
s 238
f 278/1/614 302/1/615 300/1/616
f 300/1/616 276/1/617 278/1/614
s 239
f 301/1/618 277/1/619 279/1/620
f 279/1/620 303/1/619 301/1/618
s 240
f 280/1/621 304/1/621 302/1/622
f 302/1/622 278/1/623 280/1/621
s 241
f 281/1/624 305/1/625 303/1/626
f 303/1/626 279/1/627 281/1/624
s 242
f 306/1/628 304/1/628 280/1/629
f 280/1/629 282/1/630 306/1/628
s 243
f 266/1/631 283/1/632 307/1/631
f 307/1/631 308/1/633 266/1/631
s 244
f 284/1/634 309/1/635 305/1/636
f 305/1/636 281/1/636 284/1/634
s 245
f 285/1/637 310/1/637 306/1/637
f 306/1/637 282/1/637 285/1/637
s 246
f 286/1/638 311/1/639 307/1/640
f 307/1/640 283/1/641 286/1/638
s 247
f 312/1/642 309/1/643 284/1/644
f 284/1/644 287/1/645 312/1/642
s 248
f 288/1/646 313/1/647 310/1/646
f 310/1/646 285/1/647 288/1/646
s 249
f 289/1/648 314/1/649 311/1/650
f 311/1/650 286/1/649 289/1/648
s 250
f 290/1/651 315/1/652 312/1/651
f 312/1/651 287/1/651 290/1/651
s 251
f 313/1/653 288/1/654 229/1/655
f 229/1/655 316/1/654 313/1/653
s 252
f 264/1/656 317/1/657 314/1/658
f 314/1/658 289/1/657 264/1/656
s 253
f 265/1/659 318/1/659 315/1/659
f 315/1/659 290/1/659 265/1/659
s 254
f 228/1/660 319/1/661 316/1/660
f 316/1/660 229/1/662 228/1/660
s 255
f 317/1/663 264/1/664 263/1/663
f 263/1/663 320/1/665 317/1/663
s 256
f 308/1/666 318/1/667 265/1/668
f 265/1/668 266/1/669 308/1/666
s 257
f 267/1/670 321/1/671 319/1/671
f 319/1/671 228/1/670 267/1/670
s 258
f 268/1/672 322/1/673 320/1/674
f 320/1/674 263/1/673 268/1/672
s 259
f 321/1/675 267/1/676 262/1/677
f 262/1/677 261/1/678 321/1/675
s 260
f 269/1/679 295/1/679 322/1/679
f 322/1/679 268/1/679 269/1/679
s 261
f 323/1/680 324/1/680 325/1/681
f 325/1/681 326/1/680 323/1/680
s 262
f 300/1/682 327/1/682 328/1/683
f 328/1/683 299/1/220 300/1/682
s 263
f 301/1/684 329/1/684 291/1/685
f 291/1/685 294/1/686 301/1/684
s 264
f 330/1/687 327/1/688 300/1/689
f 300/1/689 302/1/690 330/1/687
s 265
f 303/1/472 326/1/472 329/1/227
f 329/1/227 301/1/227 303/1/472
s 266
f 304/1/230 331/1/230 330/1/230
f 330/1/230 302/1/230 304/1/230
s 267
f 323/1/691 326/1/691 303/1/692
f 303/1/692 305/1/693 323/1/691
s 268
f 306/1/694 332/1/695 331/1/696
f 331/1/696 304/1/697 306/1/694
s 269
f 308/1/159 307/1/159 333/1/159
f 333/1/159 334/1/159 308/1/159
s 270
f 309/1/162 335/1/698 323/1/162
f 323/1/162 305/1/699 309/1/162
s 271
f 336/1/700 332/1/701 306/1/700
f 306/1/700 310/1/700 336/1/700
s 272
f 333/1/702 307/1/168 311/1/702
f 311/1/702 337/1/168 333/1/702
s 273
f 312/1/703 338/1/170 335/1/704
f 335/1/704 309/1/705 312/1/703
s 274
f 313/1/173 339/1/706 336/1/173
f 336/1/173 310/1/173 313/1/173
s 275
f 337/1/707 311/1/177 314/1/708
f 314/1/708 340/1/709 337/1/707
s 276
f 341/1/710 338/1/710 312/1/179
f 312/1/179 315/1/711 341/1/710
s 277
f 316/1/712 342/1/713 339/1/714
f 339/1/714 313/1/712 316/1/712
s 278
f 317/1/430 343/1/430 340/1/430
f 340/1/430 314/1/430 317/1/430
s 279
f 318/1/715 344/1/185 341/1/716
f 341/1/716 315/1/715 318/1/715
s 280
f 345/1/717 342/1/432 316/1/717
f 316/1/717 319/1/717 345/1/717
s 281
f 320/1/718 346/1/719 343/1/720
f 343/1/720 317/1/721 320/1/718
s 282
f 334/1/722 344/1/190 318/1/722
f 318/1/722 308/1/722 334/1/722
s 283
f 321/1/723 347/1/724 345/1/723
f 345/1/723 319/1/192 321/1/723
s 284
f 346/1/725 320/1/445 322/1/725
f 322/1/725 348/1/726 346/1/725
s 285
f 261/1/727 349/1/728 347/1/729
f 347/1/729 321/1/730 261/1/727
s 286
f 295/1/731 350/1/731 348/1/731
f 348/1/731 322/1/731 295/1/731
s 287
f 351/1/732 349/1/453 261/1/732
f 261/1/732 260/1/200 351/1/732
s 288
f 296/1/733 352/1/733 350/1/455
f 350/1/455 295/1/733 296/1/733
s 289
f 297/1/734 353/1/735 351/1/734
f 351/1/734 260/1/207 297/1/734
s 290
f 354/1/208 352/1/736 296/1/208
f 296/1/208 298/1/208 354/1/208
s 291
f 293/1/458 292/1/458 353/1/210
f 353/1/210 297/1/458 293/1/458
s 292
f 299/1/214 328/1/737 354/1/738
f 354/1/738 298/1/214 299/1/214
s 293
f 355/1/739 356/1/740 357/1/741
f 357/1/741 358/1/739 355/1/739
s 294
f 332/1/742 359/1/742 360/1/742
f 360/1/742 331/1/742 332/1/742
s 295
f 361/1/743 362/1/744 334/1/745
f 334/1/745 333/1/744 361/1/743
s 296
f 363/1/746 324/1/746 323/1/747
f 323/1/747 335/1/746 363/1/746
s 297
f 336/1/748 364/1/748 359/1/749
f 359/1/749 332/1/748 336/1/748
s 298
f 337/1/750 365/1/750 361/1/750
f 361/1/750 333/1/750 337/1/750
s 299
f 338/1/751 366/1/751 363/1/751
f 363/1/751 335/1/751 338/1/751
s 300
f 367/1/752 364/1/753 336/1/753
f 336/1/753 339/1/753 367/1/752
s 301
f 340/1/754 368/1/754 365/1/754
f 365/1/754 337/1/754 340/1/754
s 302
f 341/1/755 369/1/755 366/1/755
f 366/1/755 338/1/755 341/1/755
s 303
f 342/1/756 370/1/756 367/1/756
f 367/1/756 339/1/756 342/1/756
s 304
f 371/1/757 368/1/757 340/1/757
f 340/1/757 343/1/757 371/1/757
s 305
f 369/1/758 341/1/759 344/1/760
f 344/1/760 372/1/759 369/1/758
s 306
f 345/1/761 373/1/762 370/1/763
f 370/1/763 342/1/762 345/1/761
s 307
f 346/1/764 374/1/765 371/1/766
f 371/1/766 343/1/765 346/1/764
s 308
f 362/1/767 372/1/768 344/1/768
f 344/1/768 334/1/768 362/1/767
s 309
f 373/1/769 345/1/769 347/1/769
f 347/1/769 375/1/769 373/1/769
s 310
f 348/1/770 376/1/771 374/1/771
f 374/1/771 346/1/771 348/1/770
s 311
f 349/1/772 377/1/772 375/1/772
f 375/1/772 347/1/772 349/1/772
s 312
f 378/1/773 376/1/773 348/1/773
f 348/1/773 350/1/773 378/1/773
s 313
f 351/1/774 379/1/775 377/1/775
f 377/1/775 349/1/775 351/1/774
s 314
f 352/1/776 380/1/776 378/1/776
f 378/1/776 350/1/776 352/1/776
s 315
f 357/1/777 379/1/778 351/1/779
f 351/1/779 353/1/778 357/1/777
s 316
f 354/1/780 381/1/780 380/1/780
f 380/1/780 352/1/780 354/1/780
s 317
f 292/1/781 358/1/782 357/1/782
f 357/1/782 353/1/782 292/1/781
s 318
f 381/1/783 354/1/783 328/1/784
f 328/1/784 382/1/783 381/1/783
s 319
f 291/1/785 383/1/786 358/1/787
f 358/1/787 292/1/788 291/1/785
s 320
f 327/1/789 384/1/789 382/1/790
f 382/1/790 328/1/789 327/1/789
s 321
f 383/1/791 291/1/792 329/1/793
f 329/1/793 385/1/794 383/1/791
s 322
f 330/1/795 386/1/796 384/1/796
f 384/1/796 327/1/796 330/1/795
s 323
f 326/1/797 325/1/797 385/1/798
f 385/1/798 329/1/797 326/1/797
s 324
f 360/1/799 386/1/800 330/1/800
f 330/1/800 331/1/800 360/1/799
s 325
f 387/1/801 388/1/802 389/1/801
f 389/1/801 390/1/803 387/1/801
s 326
f 382/1/804 391/1/805 392/1/804
f 392/1/804 381/1/806 382/1/804
s 327
f 383/1/807 393/1/808 355/1/809
f 355/1/809 358/1/810 383/1/807
s 328
f 394/1/811 391/1/812 382/1/813
f 382/1/813 384/1/814 394/1/811
s 329
f 385/1/815 390/1/816 393/1/816
f 393/1/816 383/1/816 385/1/815
s 330
f 386/1/817 395/1/818 394/1/819
f 394/1/819 384/1/820 386/1/817
s 331
f 390/1/821 385/1/822 325/1/823
f 325/1/823 387/1/822 390/1/821
s 332
f 360/1/824 396/1/825 395/1/824
f 395/1/824 386/1/826 360/1/824
s 333
f 324/1/827 397/1/827 387/1/827
f 387/1/827 325/1/827 324/1/827
s 334
f 396/1/828 360/1/829 359/1/830
f 359/1/830 398/1/831 396/1/828
s 335
f 362/1/832 361/1/833 399/1/834
f 399/1/834 400/1/834 362/1/832
s 336
f 363/1/835 401/1/836 397/1/837
f 397/1/837 324/1/836 363/1/835
s 337
f 364/1/838 402/1/839 398/1/840
f 398/1/840 359/1/841 364/1/838
s 338
f 365/1/842 403/1/843 399/1/844
f 399/1/844 361/1/845 365/1/842
s 339
f 404/1/846 401/1/847 363/1/848
f 363/1/848 366/1/849 404/1/846
s 340
f 367/1/850 405/1/851 402/1/852
f 402/1/852 364/1/853 367/1/850
s 341
f 368/1/854 406/1/855 403/1/856
f 403/1/856 365/1/857 368/1/854
s 342
f 369/1/858 407/1/859 404/1/858
f 404/1/858 366/1/860 369/1/858
s 343
f 408/1/861 405/1/862 367/1/863
f 367/1/863 370/1/864 408/1/861
s 344
f 371/1/865 409/1/866 406/1/865
f 406/1/865 368/1/867 371/1/865
s 345
f 372/1/868 410/1/868 407/1/868
f 407/1/868 369/1/869 372/1/868
s 346
f 373/1/870 411/1/871 408/1/871
f 408/1/871 370/1/870 373/1/870
s 347
f 409/1/872 371/1/873 374/1/874
f 374/1/874 412/1/873 409/1/872
s 348
f 400/1/875 410/1/876 372/1/877
f 372/1/877 362/1/876 400/1/875
s 349
f 375/1/878 413/1/879 411/1/880
f 411/1/880 373/1/881 375/1/878
s 350
f 376/1/882 414/1/883 412/1/884
f 412/1/884 374/1/883 376/1/882
s 351
f 413/1/885 375/1/886 377/1/887
f 377/1/887 415/1/888 413/1/885
s 352
f 378/1/889 416/1/889 414/1/890
f 414/1/890 376/1/890 378/1/889
s 353
f 379/1/891 417/1/892 415/1/891
f 415/1/891 377/1/893 379/1/891
s 354
f 418/1/894 416/1/895 378/1/894
f 378/1/894 380/1/896 418/1/894
s 355
f 357/1/897 356/1/897 417/1/897
f 417/1/897 379/1/897 357/1/897
s 356
f 381/1/898 392/1/898 418/1/898
f 418/1/898 380/1/899 381/1/898
s 357
f 419/1/900 420/1/901 421/1/902
f 421/1/902 422/1/901 419/1/900
s 358
f 396/1/903 423/1/904 424/1/903
f 424/1/903 395/1/905 396/1/903
s 359
f 387/1/906 397/1/907 425/1/906
f 425/1/906 388/1/908 387/1/906
s 360
f 398/1/909 426/1/910 423/1/909
f 423/1/909 396/1/910 398/1/909
s 361
f 400/1/911 399/1/912 427/1/911
f 427/1/911 428/1/913 400/1/911
s 362
f 425/1/914 397/1/915 401/1/916
f 401/1/916 420/1/917 425/1/914
s 363
f 398/1/918 402/1/919 429/1/919
f 429/1/919 426/1/919 398/1/918
s 364
f 427/1/920 399/1/921 403/1/922
f 403/1/922 430/1/923 427/1/920
s 365
f 404/1/924 421/1/924 420/1/924
f 420/1/924 401/1/925 404/1/924
s 366
f 429/1/926 402/1/927 405/1/926
f 405/1/926 431/1/928 429/1/926
s 367
f 430/1/929 403/1/929 406/1/929
f 406/1/929 432/1/930 430/1/929
s 368
f 404/1/931 407/1/932 433/1/931
f 433/1/931 421/1/932 404/1/931
s 369
f 408/1/933 434/1/934 431/1/933
f 431/1/933 405/1/935 408/1/933
s 370
f 409/1/936 435/1/936 432/1/936
f 432/1/936 406/1/936 409/1/936
s 371
f 433/1/937 407/1/938 410/1/939
f 410/1/939 436/1/940 433/1/937
s 372
f 408/1/941 411/1/942 437/1/942
f 437/1/942 434/1/942 408/1/941
s 373
f 412/1/943 438/1/944 435/1/945
f 435/1/945 409/1/946 412/1/943
s 374
f 410/1/947 400/1/948 428/1/947
f 428/1/947 436/1/949 410/1/947
s 375
f 437/1/950 411/1/951 413/1/952
f 413/1/952 439/1/951 437/1/950
s 376
f 438/1/953 412/1/954 414/1/955
f 414/1/955 440/1/956 438/1/953
s 377
f 415/1/957 441/1/957 439/1/957
f 439/1/957 413/1/958 415/1/957
s 378
f 416/1/959 442/1/960 440/1/961
f 440/1/961 414/1/960 416/1/959
s 379
f 415/1/962 417/1/963 443/1/964
f 443/1/964 441/1/965 415/1/962
s 380
f 418/1/966 444/1/967 442/1/966
f 442/1/966 416/1/968 418/1/966
s 381
f 443/1/969 417/1/970 356/1/971
f 356/1/971 445/1/969 443/1/969
s 382
f 418/1/972 392/1/973 446/1/974
f 446/1/974 444/1/975 418/1/972
s 383
f 355/1/976 447/1/977 445/1/978
f 445/1/978 356/1/979 355/1/976
s 384
f 446/1/980 392/1/981 391/1/980
f 391/1/980 448/1/982 446/1/980
s 385
f 355/1/983 393/1/984 449/1/985
f 449/1/985 447/1/985 355/1/983
s 386
f 450/1/986 448/1/987 391/1/988
f 391/1/988 394/1/989 450/1/986
s 387
f 449/1/990 393/1/991 390/1/992
f 390/1/992 389/1/990 449/1/990
s 388
f 450/1/993 394/1/994 395/1/993
f 395/1/993 424/1/995 450/1/993
s 389
f 451/1/996 452/1/997 453/1/996
f 453/1/996 454/1/998 451/1/996
s 390
f 431/1/999 455/1/1000 456/1/999
f 456/1/999 429/1/1000 431/1/999
s 391
f 432/1/1001 457/1/1001 458/1/1001
f 458/1/1001 430/1/1001 432/1/1001
s 392
f 433/1/1002 459/1/1003 422/1/1004
f 422/1/1004 421/1/1003 433/1/1002
s 393
f 455/1/1005 431/1/1005 434/1/1005
f 434/1/1005 460/1/1005 455/1/1005
s 394
f 432/1/1006 435/1/1006 461/1/1006
f 461/1/1006 457/1/1006 432/1/1006
s 395
f 436/1/1007 453/1/1008 459/1/1009
f 459/1/1009 433/1/1008 436/1/1007
s 396
f 437/1/1010 462/1/1010 460/1/1011
f 460/1/1011 434/1/1010 437/1/1010
s 397
f 461/1/1012 435/1/1013 438/1/1013
f 438/1/1013 463/1/1013 461/1/1012
s 398
f 454/1/1014 453/1/1014 436/1/1014
f 436/1/1014 428/1/1014 454/1/1014
s 399
f 439/1/1015 464/1/1016 462/1/1017
f 462/1/1017 437/1/1016 439/1/1015
s 400
f 440/1/1018 465/1/1018 463/1/1018
f 463/1/1018 438/1/1018 440/1/1018
s 401
f 464/1/1019 439/1/1020 441/1/1021
f 441/1/1021 466/1/1020 464/1/1019
s 402
f 440/1/1022 442/1/1022 467/1/1022
f 467/1/1022 465/1/1022 440/1/1022
s 403
f 443/1/1023 468/1/1023 466/1/1023
f 466/1/1023 441/1/1024 443/1/1023
s 404
f 467/1/1025 442/1/1026 444/1/1027
f 444/1/1027 469/1/1026 467/1/1025
s 405
f 445/1/1028 470/1/1029 468/1/1028
f 468/1/1028 443/1/1029 445/1/1028
s 406
f 446/1/1030 471/1/1031 469/1/1032
f 469/1/1032 444/1/1030 446/1/1030
s 407
f 470/1/1033 445/1/1034 447/1/1035
f 447/1/1035 472/1/1034 470/1/1033
s 408
f 448/1/1036 473/1/1036 471/1/1036
f 471/1/1036 446/1/1036 448/1/1036
s 409
f 449/1/1037 474/1/1038 472/1/1039
f 472/1/1039 447/1/1038 449/1/1037
s 410
f 448/1/1040 450/1/1040 475/1/1040
f 475/1/1040 473/1/1040 448/1/1040
s 411
f 389/1/1041 476/1/1042 474/1/1041
f 474/1/1041 449/1/1042 389/1/1041
s 412
f 477/1/1043 475/1/1044 450/1/1044
f 450/1/1044 424/1/1044 477/1/1043
s 413
f 476/1/1045 389/1/1046 388/1/1045
f 388/1/1045 478/1/1046 476/1/1045
s 414
f 477/1/1047 424/1/1047 423/1/1047
f 423/1/1047 479/1/1047 477/1/1047
s 415
f 425/1/1048 480/1/1049 478/1/1050
f 478/1/1050 388/1/1049 425/1/1048
s 416
f 479/1/1051 423/1/1052 426/1/1052
f 426/1/1052 481/1/1052 479/1/1051
s 417
f 427/1/1053 482/1/1054 454/1/1054
f 454/1/1054 428/1/1054 427/1/1053
s 418
f 420/1/1055 419/1/1056 480/1/1056
f 480/1/1056 425/1/1056 420/1/1055
s 419
f 429/1/1057 456/1/1057 481/1/1057
f 481/1/1057 426/1/1057 429/1/1057
s 420
f 482/1/1058 427/1/1058 430/1/1059
f 430/1/1059 458/1/1059 482/1/1058
s 421
f 483/1/1060 484/1/1061 485/1/1062
f 485/1/1062 486/1/1063 483/1/1060
s 422
f 464/1/1064 487/1/1064 488/1/1064
f 488/1/1064 462/1/1064 464/1/1064
s 423
f 489/1/1065 463/1/1066 465/1/1067
f 465/1/1067 490/1/1068 489/1/1065
s 424
f 466/1/1069 491/1/1070 487/1/1071
f 487/1/1071 464/1/1072 466/1/1069
s 425
f 467/1/1073 492/1/1074 490/1/1075
f 490/1/1075 465/1/1076 467/1/1073
s 426
f 491/1/1077 466/1/1077 468/1/1078
f 468/1/1078 486/1/1079 491/1/1077
s 427
f 469/1/1080 493/1/1081 492/1/1082
f 492/1/1082 467/1/1083 469/1/1080
s 428
f 470/1/1084 483/1/1084 486/1/1084
f 486/1/1084 468/1/1084 470/1/1084
s 429
f 493/1/1085 469/1/1086 471/1/1087
f 471/1/1087 494/1/1085 493/1/1085
s 430
f 472/1/1088 495/1/1089 483/1/1088
f 483/1/1088 470/1/1089 472/1/1088
s 431
f 473/1/1090 496/1/1091 494/1/1092
f 494/1/1092 471/1/1093 473/1/1090
s 432
f 495/1/1094 472/1/1095 474/1/1096
f 474/1/1096 497/1/1097 495/1/1094
s 433
f 475/1/1098 498/1/1099 496/1/1098
f 496/1/1098 473/1/1100 475/1/1098
s 434
f 476/1/1101 499/1/1102 497/1/1103
f 497/1/1103 474/1/1104 476/1/1101
s 435
f 498/1/1105 475/1/1106 477/1/1107
f 477/1/1107 500/1/1108 498/1/1105
s 436
f 478/1/1109 501/1/1110 499/1/1111
f 499/1/1111 476/1/1112 478/1/1109
s 437
f 479/1/1113 502/1/1114 500/1/1115
f 500/1/1115 477/1/1114 479/1/1113
s 438
f 501/1/1116 478/1/1117 480/1/1118
f 480/1/1118 503/1/1119 501/1/1116
s 439
f 481/1/1120 504/1/1121 502/1/1122
f 502/1/1122 479/1/1123 481/1/1120
s 440
f 454/1/1124 482/1/1125 505/1/1126
f 505/1/1126 451/1/1125 454/1/1124
s 441
f 419/1/1127 506/1/1128 503/1/1129
f 503/1/1129 480/1/1130 419/1/1127
s 442
f 504/1/1131 481/1/1132 456/1/1133
f 456/1/1133 507/1/1134 504/1/1131
s 443
f 458/1/1135 508/1/1136 505/1/1135
f 505/1/1135 482/1/1137 458/1/1135
s 444
f 422/1/1138 509/1/1139 506/1/1140
f 506/1/1140 419/1/1141 422/1/1138
s 445
f 455/1/1142 510/1/1142 507/1/1143
f 507/1/1143 456/1/1142 455/1/1142
s 446
f 508/1/1144 458/1/1145 457/1/1146
f 457/1/1146 511/1/1144 508/1/1144
s 447
f 509/1/1147 422/1/1147 459/1/1147
f 459/1/1147 512/1/1147 509/1/1147
s 448
f 460/1/1148 513/1/1149 510/1/1150
f 510/1/1150 455/1/1150 460/1/1148
s 449
f 461/1/1151 514/1/1152 511/1/1152
f 511/1/1152 457/1/1152 461/1/1151
s 450
f 453/1/1153 452/1/1154 512/1/1153
f 512/1/1153 459/1/1155 453/1/1153
s 451
f 513/1/1156 460/1/1156 462/1/1157
f 462/1/1157 488/1/1157 513/1/1156
s 452
f 463/1/1158 489/1/1159 514/1/1160
f 514/1/1160 461/1/1161 463/1/1158
s 453
f 515/1/1162 516/1/1162 517/1/1163
f 517/1/1163 518/1/1162 515/1/1162
s 454
f 519/1/1164 520/1/1165 493/1/1164
f 493/1/1164 494/1/1166 519/1/1164
s 455
f 495/1/1167 521/1/1168 484/1/1167
f 484/1/1167 483/1/1168 495/1/1167
s 456
f 496/1/1169 522/1/1170 519/1/1169
f 519/1/1169 494/1/1169 496/1/1169
s 457
f 516/1/1171 521/1/1172 495/1/1171
f 495/1/1171 497/1/1173 516/1/1171
s 458
f 498/1/1174 523/1/1175 522/1/1174
f 522/1/1174 496/1/1174 498/1/1174
s 459
f 499/1/1176 517/1/1177 516/1/1176
f 516/1/1176 497/1/1178 499/1/1176
s 460
f 524/1/1179 523/1/1180 498/1/1181
f 498/1/1181 500/1/1182 524/1/1179
s 461
f 501/1/1183 525/1/1183 517/1/1183
f 517/1/1183 499/1/1184 501/1/1183
s 462
f 502/1/1185 526/1/1186 524/1/1185
f 524/1/1185 500/1/1187 502/1/1185
s 463
f 527/1/1188 525/1/1189 501/1/1190
f 501/1/1190 503/1/1191 527/1/1188
s 464
f 504/1/1192 528/1/1193 526/1/1192
f 526/1/1192 502/1/1194 504/1/1192
s 465
f 529/1/1195 451/1/1196 505/1/1197
f 505/1/1197 530/1/1197 529/1/1195
s 466
f 506/1/1198 531/1/1199 527/1/1199
f 527/1/1199 503/1/1199 506/1/1198
s 467
f 532/1/1200 528/1/1201 504/1/1201
f 504/1/1201 507/1/1201 532/1/1200
s 468
f 530/1/1202 505/1/1203 508/1/1203
f 508/1/1203 533/1/1204 530/1/1202
s 469
f 509/1/1205 534/1/1206 531/1/1206
f 531/1/1206 506/1/1207 509/1/1205
s 470
f 510/1/1208 535/1/1209 532/1/1210
f 532/1/1210 507/1/1211 510/1/1208
s 471
f 511/1/1212 536/1/1213 533/1/1212
f 533/1/1212 508/1/1214 511/1/1212
s 472
f 537/1/1215 534/1/1216 509/1/1215
f 509/1/1215 512/1/1217 537/1/1215
s 473
f 513/1/1218 538/1/1218 535/1/1218
f 535/1/1218 510/1/1218 513/1/1218
s 474
f 536/1/1219 511/1/1220 514/1/1219
f 514/1/1219 539/1/1221 536/1/1219
s 475
f 452/1/1222 540/1/1222 537/1/1222
f 537/1/1222 512/1/1223 452/1/1222
s 476
f 541/1/1224 538/1/1224 513/1/1225
f 513/1/1225 488/1/1225 541/1/1224
s 477
f 489/1/1226 542/1/1226 539/1/1226
f 539/1/1226 514/1/1226 489/1/1226
s 478
f 529/1/1227 540/1/1227 452/1/1228
f 452/1/1228 451/1/1227 529/1/1227
s 479
f 487/1/1229 543/1/1230 541/1/1229
f 541/1/1229 488/1/1231 487/1/1229
s 480
f 490/1/1232 544/1/1233 542/1/1234
f 542/1/1234 489/1/1232 490/1/1232
s 481
f 491/1/1235 545/1/1235 543/1/1235
f 543/1/1235 487/1/1235 491/1/1235
s 482
f 544/1/1236 490/1/1237 492/1/1238
f 492/1/1238 546/1/1239 544/1/1236
s 483
f 485/1/1240 545/1/1240 491/1/1241
f 491/1/1241 486/1/1240 485/1/1240
s 484
f 493/1/1242 520/1/1243 546/1/1244
f 546/1/1244 492/1/1245 493/1/1242
s 485
f 547/1/1246 548/1/1247 549/1/1247
f 549/1/1247 550/1/1248 547/1/1246
s 486
f 524/1/1249 551/1/1249 552/1/1249
f 552/1/1249 523/1/1249 524/1/1249
s 487
f 525/1/1250 553/1/1251 518/1/1252
f 518/1/1252 517/1/1252 525/1/1250
s 488
f 554/1/1253 551/1/1254 524/1/1255
f 524/1/1255 526/1/1254 554/1/1253
s 489
f 527/1/1256 555/1/1257 553/1/1258
f 553/1/1258 525/1/1257 527/1/1256
s 490
f 528/1/1259 556/1/1259 554/1/1260
f 554/1/1260 526/1/1259 528/1/1259
s 491
f 548/1/1261 547/1/1261 529/1/1261
f 529/1/1261 530/1/1261 548/1/1261
s 492
f 557/1/1262 555/1/1262 527/1/1263
f 527/1/1263 531/1/1262 557/1/1262
s 493
f 532/1/1264 558/1/1264 556/1/1264
f 556/1/1264 528/1/1264 532/1/1264
s 494
f 533/1/1265 559/1/1266 548/1/1266
f 548/1/1266 530/1/1266 533/1/1265
s 495
f 534/1/1267 560/1/1268 557/1/1268
f 557/1/1268 531/1/1268 534/1/1267
s 496
f 561/1/1269 558/1/1269 532/1/1270
f 532/1/1270 535/1/1269 561/1/1269
s 497
f 536/1/1271 562/1/1272 559/1/1271
f 559/1/1271 533/1/1272 536/1/1271
s 498
f 537/1/1273 563/1/1274 560/1/1274
f 560/1/1274 534/1/1274 537/1/1273
s 499
f 538/1/1275 564/1/1275 561/1/1276
f 561/1/1276 535/1/1275 538/1/1275
s 500
f 565/1/1277 562/1/1278 536/1/1279
f 536/1/1279 539/1/1278 565/1/1277
s 501
f 566/1/1280 563/1/1280 537/1/1280
f 537/1/1280 540/1/1280 566/1/1280
s 502
f 541/1/1281 567/1/1282 564/1/1282
f 564/1/1282 538/1/1282 541/1/1281
s 503
f 542/1/1283 568/1/1283 565/1/1284
f 565/1/1284 539/1/1283 542/1/1283
s 504
f 566/1/1285 540/1/1285 529/1/1286
f 529/1/1286 547/1/1285 566/1/1285
s 505
f 567/1/1287 541/1/1287 543/1/1288
f 543/1/1288 569/1/1287 567/1/1287
s 506
f 544/1/1289 570/1/1289 568/1/1290
f 568/1/1290 542/1/1289 544/1/1289
s 507
f 545/1/1291 571/1/1291 569/1/1291
f 569/1/1291 543/1/1291 545/1/1291
s 508
f 572/1/1292 570/1/1292 544/1/1292
f 544/1/1292 546/1/1292 572/1/1292
s 509
f 485/1/1293 573/1/1293 571/1/1293
f 571/1/1293 545/1/1293 485/1/1293
s 510
f 520/1/1294 574/1/1294 572/1/1295
f 572/1/1295 546/1/1294 520/1/1294
s 511
f 573/1/1296 485/1/1297 484/1/1298
f 484/1/1298 575/1/1297 573/1/1296
s 512
f 519/1/1299 576/1/1299 574/1/1299
f 574/1/1299 520/1/1299 519/1/1299
s 513
f 521/1/1300 577/1/1300 575/1/1301
f 575/1/1301 484/1/1302 521/1/1300
s 514
f 578/1/1303 576/1/1304 519/1/1304
f 519/1/1304 522/1/1304 578/1/1303
s 515
f 516/1/1305 515/1/1306 577/1/1306
f 577/1/1306 521/1/1307 516/1/1305
s 516
f 523/1/1308 552/1/1308 578/1/1308
f 578/1/1308 522/1/1308 523/1/1308
s 517
f 579/1/1309 580/1/1310 581/1/1309
f 581/1/1309 582/1/1309 579/1/1309
s 518
f 557/1/1311 583/1/1311 584/1/1311
f 584/1/1311 555/1/1312 557/1/1311
s 519
f 558/1/1313 585/1/1314 586/1/1314
f 586/1/1314 556/1/1315 558/1/1313
s 520
f 559/1/1316 587/1/1317 549/1/1318
f 549/1/1318 548/1/1319 559/1/1316
s 521
f 588/1/1320 583/1/1321 557/1/1320
f 557/1/1320 560/1/1322 588/1/1320
s 522
f 561/1/1323 589/1/1324 585/1/1323
f 585/1/1323 558/1/1325 561/1/1323
s 523
f 562/1/1326 582/1/1327 587/1/1328
f 587/1/1328 559/1/1329 562/1/1326
s 524
f 563/1/1330 590/1/1331 588/1/1330
f 588/1/1330 560/1/1330 563/1/1330
s 525
f 589/1/1332 561/1/1333 564/1/1334
f 564/1/1334 591/1/1335 589/1/1332
s 526
f 565/1/1336 579/1/1337 582/1/1336
f 582/1/1336 562/1/1338 565/1/1336
s 527
f 566/1/1339 592/1/1340 590/1/1341
f 590/1/1341 563/1/1342 566/1/1339
s 528
f 567/1/1343 593/1/1344 591/1/1345
f 591/1/1345 564/1/1345 567/1/1343
s 529
f 579/1/1346 565/1/1346 568/1/1347
f 568/1/1347 594/1/1346 579/1/1346
s 530
f 592/1/1348 566/1/1348 547/1/1348
f 547/1/1348 550/1/1348 592/1/1348
s 531
f 569/1/1349 595/1/1350 593/1/1351
f 593/1/1351 567/1/1352 569/1/1349
s 532
f 570/1/1353 596/1/1354 594/1/1355
f 594/1/1355 568/1/1356 570/1/1353
s 533
f 597/1/1357 595/1/1358 569/1/1359
f 569/1/1359 571/1/1359 597/1/1357
s 534
f 572/1/1360 598/1/1361 596/1/1362
f 596/1/1362 570/1/1362 572/1/1360
s 535
f 573/1/1363 599/1/1364 597/1/1365
f 597/1/1365 571/1/1366 573/1/1363
s 536
f 600/1/1367 598/1/1368 572/1/1369
f 572/1/1369 574/1/1370 600/1/1367
s 537
f 575/1/1371 601/1/1372 599/1/1371
f 599/1/1371 573/1/1373 575/1/1371
s 538
f 576/1/1374 602/1/1375 600/1/1374
f 600/1/1374 574/1/1376 576/1/1374
s 539
f 601/1/1377 575/1/1377 577/1/1378
f 577/1/1378 603/1/1379 601/1/1377
s 540
f 578/1/1380 604/1/1381 602/1/1382
f 602/1/1382 576/1/1383 578/1/1380
s 541
f 515/1/1384 605/1/1385 603/1/1386
f 603/1/1386 577/1/1387 515/1/1384
s 542
f 606/1/1388 604/1/1389 578/1/1390
f 578/1/1390 552/1/1391 606/1/1388
s 543
f 518/1/1392 607/1/1393 605/1/1392
f 605/1/1392 515/1/1392 518/1/1392
s 544
f 551/1/1394 608/1/1395 606/1/1396
f 606/1/1396 552/1/1397 551/1/1394
s 545
f 609/1/1398 607/1/1399 518/1/1398
f 518/1/1398 553/1/1400 609/1/1398
s 546
f 554/1/1401 610/1/1401 608/1/1402
f 608/1/1402 551/1/1402 554/1/1401
s 547
f 555/1/1403 584/1/1403 609/1/1403
f 609/1/1403 553/1/1404 555/1/1403
s 548
f 610/1/1405 554/1/1406 556/1/1405
f 556/1/1405 586/1/1406 610/1/1405
s 549
f 611/1/1407 612/1/1407 613/1/1407
f 613/1/1407 614/1/1407 611/1/1407
s 550
f 592/1/1408 615/1/1408 616/1/1409
f 616/1/1409 590/1/1408 592/1/1408
s 551
f 617/1/1410 618/1/1410 591/1/1410
f 591/1/1410 593/1/1410 617/1/1410
s 552
f 594/1/1411 619/1/1411 580/1/1411
f 580/1/1411 579/1/1411 594/1/1411
s 553
f 620/1/1412 615/1/1412 592/1/1412
f 592/1/1412 550/1/1412 620/1/1412
s 554
f 595/1/1413 621/1/1414 617/1/1413
f 617/1/1413 593/1/1415 595/1/1413
s 555
f 619/1/1416 594/1/1417 596/1/1418
f 596/1/1418 613/1/1417 619/1/1416
s 556
f 597/1/1419 622/1/1420 621/1/1420
f 621/1/1420 595/1/1420 597/1/1419
s 557
f 598/1/1421 614/1/1422 613/1/1421
f 613/1/1421 596/1/1423 598/1/1421
s 558
f 623/1/1424 622/1/1424 597/1/1425
f 597/1/1425 599/1/1424 623/1/1424
s 559
f 600/1/1426 624/1/1426 614/1/1427
f 614/1/1427 598/1/1426 600/1/1426
s 560
f 601/1/1428 625/1/1428 623/1/1429
f 623/1/1429 599/1/1428 601/1/1428
s 561
f 626/1/1430 624/1/1431 600/1/1432
f 600/1/1432 602/1/1433 626/1/1430
s 562
f 603/1/1434 627/1/1435 625/1/1434
f 625/1/1434 601/1/1435 603/1/1434
s 563
f 604/1/1436 628/1/1437 626/1/1438
f 626/1/1438 602/1/1439 604/1/1436
s 564
f 629/1/1440 627/1/1441 603/1/1440
f 603/1/1440 605/1/1442 629/1/1440
s 565
f 606/1/1443 630/1/1444 628/1/1444
f 628/1/1444 604/1/1445 606/1/1443
s 566
f 607/1/1446 631/1/1447 629/1/1446
f 629/1/1446 605/1/1448 607/1/1446
s 567
f 632/1/1449 630/1/1449 606/1/1449
f 606/1/1449 608/1/1449 632/1/1449
s 568
f 609/1/1450 633/1/1451 631/1/1450
f 631/1/1450 607/1/1452 609/1/1450
s 569
f 610/1/1453 634/1/1454 632/1/1455
f 632/1/1455 608/1/1453 610/1/1453
s 570
f 635/1/1456 633/1/1456 609/1/1456
f 609/1/1456 584/1/1456 635/1/1456
s 571
f 586/1/1457 636/1/1458 634/1/1457
f 634/1/1457 610/1/1459 586/1/1457
s 572
f 550/1/1460 549/1/1460 637/1/1460
f 637/1/1460 620/1/1461 550/1/1460
s 573
f 583/1/1462 638/1/1463 635/1/1462
f 635/1/1462 584/1/1462 583/1/1462
s 574
f 639/1/1464 636/1/1464 586/1/1465
f 586/1/1465 585/1/1465 639/1/1464
s 575
f 640/1/1466 637/1/1467 549/1/1468
f 549/1/1468 587/1/1469 640/1/1466
s 576
f 588/1/1470 641/1/1471 638/1/1470
f 638/1/1470 583/1/1471 588/1/1470
s 577
f 589/1/1472 642/1/1473 639/1/1472
f 639/1/1472 585/1/1472 589/1/1472
s 578
f 581/1/1474 640/1/1475 587/1/1474
f 587/1/1474 582/1/1476 581/1/1474
s 579
f 616/1/1477 641/1/1478 588/1/1477
f 588/1/1477 590/1/1479 616/1/1477
s 580
f 591/1/1480 618/1/1480 642/1/1480
f 642/1/1480 589/1/1480 591/1/1480
s 581
f 643/1/1481 644/1/1482 645/1/1483
f 645/1/1483 646/1/1484 643/1/1481
s 582
f 623/1/1485 647/1/1485 648/1/1485
f 648/1/1485 622/1/1485 623/1/1485
s 583
f 624/1/1486 649/1/1487 611/1/1487
f 611/1/1487 614/1/1487 624/1/1486
s 584
f 647/1/1488 623/1/1489 625/1/1490
f 625/1/1490 650/1/1489 647/1/1488
s 585
f 626/1/1491 646/1/1492 649/1/1493
f 649/1/1493 624/1/1492 626/1/1491
s 586
f 627/1/1494 651/1/1495 650/1/1496
f 650/1/1496 625/1/1495 627/1/1494
s 587
f 643/1/1497 646/1/1497 626/1/1497
f 626/1/1497 628/1/1497 643/1/1497
s 588
f 629/1/1498 652/1/1498 651/1/1499
f 651/1/1499 627/1/1500 629/1/1498
s 589
f 630/1/1501 653/1/1502 643/1/1503
f 643/1/1503 628/1/1502 630/1/1501
s 590
f 654/1/1504 652/1/1505 629/1/1506
f 629/1/1506 631/1/1507 654/1/1504
s 591
f 632/1/1508 655/1/1508 653/1/1508
f 653/1/1508 630/1/1508 632/1/1508
s 592
f 633/1/1509 656/1/1510 654/1/1511
f 654/1/1511 631/1/1510 633/1/1509
s 593
f 657/1/1512 655/1/1512 632/1/1512
f 632/1/1512 634/1/1512 657/1/1512
s 594
f 635/1/1513 658/1/1513 656/1/1514
f 656/1/1514 633/1/1513 635/1/1513
s 595
f 636/1/1515 659/1/1515 657/1/1516
f 657/1/1516 634/1/1515 636/1/1515
s 596
f 660/1/1517 661/1/1518 620/1/1517
f 620/1/1517 637/1/1518 660/1/1517
s 597
f 662/1/1519 658/1/1519 635/1/1520
f 635/1/1520 638/1/1519 662/1/1519
s 598
f 639/1/1521 663/1/1521 659/1/1522
f 659/1/1522 636/1/1521 639/1/1521
s 599
f 640/1/1523 664/1/1524 660/1/1525
f 660/1/1525 637/1/1524 640/1/1523
s 600
f 641/1/1526 665/1/1527 662/1/1528
f 662/1/1528 638/1/1527 641/1/1526
s 601
f 663/1/1529 639/1/1530 642/1/1531
f 642/1/1531 666/1/1530 663/1/1529
s 602
f 581/1/1532 667/1/1532 664/1/1533
f 664/1/1533 640/1/1532 581/1/1532
s 603
f 616/1/1534 668/1/1534 665/1/1535
f 665/1/1535 641/1/1534 616/1/1534
s 604
f 618/1/1536 669/1/1537 666/1/1537
f 666/1/1537 642/1/1537 618/1/1536
s 605
f 670/1/1538 667/1/1538 581/1/1538
f 581/1/1538 580/1/1538 670/1/1538
s 606
f 671/1/1539 668/1/1540 616/1/1541
f 616/1/1541 615/1/1540 671/1/1539
s 607
f 617/1/1542 672/1/1543 669/1/1542
f 669/1/1542 618/1/1543 617/1/1542
s 608
f 619/1/1544 673/1/1544 670/1/1545
f 670/1/1545 580/1/1544 619/1/1544
s 609
f 661/1/1546 671/1/1546 615/1/1547
f 615/1/1547 620/1/1546 661/1/1546
s 610
f 672/1/1548 617/1/1549 621/1/1550
f 621/1/1550 674/1/1549 672/1/1548
s 611
f 613/1/1551 612/1/1552 673/1/1553
f 673/1/1553 619/1/1553 613/1/1551
s 612
f 622/1/1554 648/1/1554 674/1/1555
f 674/1/1555 621/1/1554 622/1/1554
s 613
f 675/1/1556 676/1/1557 677/1/1558
f 677/1/1558 678/1/1559 675/1/1556
s 614
f 652/1/1560 679/1/1561 680/1/1560
f 680/1/1560 651/1/1561 652/1/1560
s 615
f 681/1/1562 644/1/1563 643/1/1564
f 643/1/1564 653/1/1565 681/1/1562
s 616
f 654/1/1566 682/1/1567 679/1/1568
f 679/1/1568 652/1/1568 654/1/1566
s 617
f 655/1/1569 678/1/1570 681/1/1571
f 681/1/1571 653/1/1572 655/1/1569
s 618
f 682/1/1573 654/1/1573 656/1/1574
f 656/1/1574 683/1/1574 682/1/1573
s 619
f 657/1/1575 675/1/1576 678/1/1575
f 678/1/1575 655/1/1576 657/1/1575
s 620
f 658/1/1577 684/1/1578 683/1/1579
f 683/1/1579 656/1/1580 658/1/1577
s 621
f 675/1/1581 657/1/1582 659/1/1583
f 659/1/1583 685/1/1584 675/1/1581
s 622
f 661/1/1585 660/1/1586 686/1/1587
f 686/1/1587 687/1/1586 661/1/1585
s 623
f 662/1/1588 688/1/1588 684/1/1589
f 684/1/1589 658/1/1588 662/1/1588
s 624
f 663/1/1590 689/1/1591 685/1/1592
f 685/1/1592 659/1/1593 663/1/1590
s 625
f 664/1/1594 690/1/1595 686/1/1594
f 686/1/1594 660/1/1596 664/1/1594
s 626
f 691/1/1597 688/1/1598 662/1/1599
f 662/1/1599 665/1/1600 691/1/1597
s 627
f 666/1/1601 692/1/1602 689/1/1603
f 689/1/1603 663/1/1602 666/1/1601
s 628
f 667/1/1604 693/1/1605 690/1/1604
f 690/1/1604 664/1/1606 667/1/1604
s 629
f 668/1/1607 694/1/1608 691/1/1609
f 691/1/1609 665/1/1607 668/1/1607
s 630
f 695/1/1610 692/1/1611 666/1/1611
f 666/1/1611 669/1/1612 695/1/1610
s 631
f 670/1/1613 696/1/1614 693/1/1615
f 693/1/1615 667/1/1616 670/1/1613
s 632
f 671/1/1617 697/1/1618 694/1/1619
f 694/1/1619 668/1/1620 671/1/1617
s 633
f 672/1/1621 698/1/1621 695/1/1622
f 695/1/1622 669/1/1621 672/1/1621
s 634
f 696/1/1623 670/1/1624 673/1/1625
f 673/1/1625 699/1/1626 696/1/1623
s 635
f 687/1/1627 697/1/1628 671/1/1629
f 671/1/1629 661/1/1630 687/1/1627
s 636
f 674/1/1631 700/1/1632 698/1/1633
f 698/1/1633 672/1/1633 674/1/1631
s 637
f 612/1/1634 701/1/1635 699/1/1636
f 699/1/1636 673/1/1635 612/1/1634
s 638
f 702/1/1637 700/1/1638 674/1/1639
f 674/1/1639 648/1/1640 702/1/1637
s 639
f 611/1/1641 703/1/1642 701/1/1643
f 701/1/1643 612/1/1644 611/1/1641
s 640
f 647/1/1645 704/1/1646 702/1/1645
f 702/1/1645 648/1/1647 647/1/1645
s 641
f 705/1/1648 703/1/1648 611/1/1648
f 611/1/1648 649/1/1648 705/1/1648
s 642
f 650/1/1649 706/1/1650 704/1/1651
f 704/1/1651 647/1/1652 650/1/1649
s 643
f 646/1/1653 645/1/1653 705/1/1654
f 705/1/1654 649/1/1653 646/1/1653
s 644
f 706/1/1655 650/1/1655 651/1/1656
f 651/1/1656 680/1/1657 706/1/1655
s 645
f 707/1/1658 708/1/1658 709/1/1658
f 709/1/1658 710/1/1658 707/1/1658
s 646
f 683/1/1659 684/1/1660 711/1/1661
f 711/1/1661 712/1/1662 683/1/1659
s 647
f 685/1/1663 713/1/1664 676/1/1665
f 676/1/1665 675/1/1666 685/1/1663
s 648
f 687/1/1667 686/1/1667 714/1/1667
f 714/1/1667 715/1/1668 687/1/1667
s 649
f 711/1/1669 684/1/1670 688/1/1671
f 688/1/1671 716/1/1671 711/1/1669
s 650
f 685/1/1672 689/1/1672 710/1/1672
f 710/1/1672 713/1/1672 685/1/1672
s 651
f 714/1/1673 686/1/1673 690/1/1674
f 690/1/1674 717/1/1674 714/1/1673
s 652
f 691/1/1675 718/1/1676 716/1/1676
f 716/1/1676 688/1/1677 691/1/1675
s 653
f 710/1/1678 689/1/1679 692/1/1678
f 692/1/1678 707/1/1680 710/1/1678
s 654
f 719/1/1681 717/1/1682 690/1/1683
f 690/1/1683 693/1/1684 719/1/1681
s 655
f 691/1/1685 694/1/1686 720/1/1685
f 720/1/1685 718/1/1687 691/1/1685
s 656
f 695/1/1688 721/1/1689 707/1/1689
f 707/1/1689 692/1/1689 695/1/1688
s 657
f 696/1/1690 722/1/1691 719/1/1692
f 719/1/1692 693/1/1693 696/1/1690
s 658
f 720/1/1694 694/1/1695 697/1/1694
f 697/1/1694 723/1/1696 720/1/1694
s 659
f 695/1/1697 698/1/1697 724/1/1697
f 724/1/1697 721/1/1697 695/1/1697
s 660
f 699/1/1698 725/1/1698 722/1/1699
f 722/1/1699 696/1/1698 699/1/1698
s 661
f 697/1/1700 687/1/1701 715/1/1702
f 715/1/1702 723/1/1703 697/1/1700
s 662
f 724/1/1704 698/1/1705 700/1/1706
f 700/1/1706 726/1/1707 724/1/1704
s 663
f 727/1/1708 725/1/1709 699/1/1710
f 699/1/1710 701/1/1711 727/1/1708
s 664
f 702/1/1712 728/1/1712 726/1/1712
f 726/1/1712 700/1/1712 702/1/1712
s 665
f 703/1/1713 729/1/1714 727/1/1715
f 727/1/1715 701/1/1716 703/1/1713
s 666
f 702/1/1717 704/1/1718 730/1/1717
f 730/1/1717 728/1/1717 702/1/1717
s 667
f 705/1/1719 731/1/1720 729/1/1721
f 729/1/1721 703/1/1722 705/1/1719
s 668
f 730/1/1723 704/1/1724 706/1/1723
f 706/1/1723 732/1/1725 730/1/1723
s 669
f 705/1/1726 645/1/1727 733/1/1728
f 733/1/1728 731/1/1729 705/1/1726
s 670
f 680/1/1730 734/1/1730 732/1/1730
f 732/1/1730 706/1/1730 680/1/1730
s 671
f 733/1/1731 645/1/1732 644/1/1731
f 644/1/1731 735/1/1732 733/1/1731
s 672
f 680/1/1733 679/1/1734 736/1/1735
f 736/1/1735 734/1/1736 680/1/1733
s 673
f 737/1/1737 735/1/1738 644/1/1739
f 644/1/1739 681/1/1739 737/1/1737
s 674
f 736/1/1740 679/1/1741 682/1/1742
f 682/1/1742 738/1/1743 736/1/1740
s 675
f 737/1/1744 681/1/1745 678/1/1746
f 678/1/1746 677/1/1747 737/1/1744
s 676
f 683/1/1748 712/1/1749 738/1/1748
f 738/1/1748 682/1/1748 683/1/1748
s 677
f 739/1/1750 740/1/1750 741/1/1750
f 741/1/1750 742/1/1751 739/1/1750
s 678
f 719/1/1752 743/1/1752 744/1/1752
f 744/1/1752 717/1/1752 719/1/1752
s 679
f 720/1/1753 745/1/1754 746/1/1755
f 746/1/1755 718/1/1754 720/1/1753
s 680
f 708/1/1756 707/1/1757 721/1/1758
f 721/1/1758 747/1/1757 708/1/1756
s 681
f 719/1/1759 722/1/1759 748/1/1759
f 748/1/1759 743/1/1759 719/1/1759
s 682
f 723/1/1760 749/1/1761 745/1/1762
f 745/1/1762 720/1/1761 723/1/1760
s 683
f 724/1/1763 742/1/1763 747/1/1764
f 747/1/1764 721/1/1763 724/1/1763
s 684
f 748/1/1765 722/1/1765 725/1/1765
f 725/1/1765 750/1/1765 748/1/1765
s 685
f 751/1/1766 749/1/1767 723/1/1768
f 723/1/1768 715/1/1767 751/1/1766
s 686
f 726/1/1769 739/1/1769 742/1/1769
f 742/1/1769 724/1/1769 726/1/1769
s 687
f 727/1/1770 752/1/1770 750/1/1770
f 750/1/1770 725/1/1770 727/1/1770
s 688
f 739/1/1771 726/1/1771 728/1/1772
f 728/1/1772 753/1/1771 739/1/1771
s 689
f 727/1/1773 729/1/1773 754/1/1773
f 754/1/1773 752/1/1773 727/1/1773
s 690
f 730/1/1774 755/1/1775 753/1/1774
f 753/1/1774 728/1/1775 730/1/1774
s 691
f 754/1/1776 729/1/1776 731/1/1776
f 731/1/1776 756/1/1776 754/1/1776
s 692
f 732/1/1777 757/1/1778 755/1/1778
f 755/1/1778 730/1/1778 732/1/1777
s 693
f 733/1/1779 758/1/1779 756/1/1780
f 756/1/1780 731/1/1779 733/1/1779
s 694
f 757/1/1781 732/1/1782 734/1/1782
f 734/1/1782 759/1/1782 757/1/1781
s 695
f 735/1/1783 760/1/1783 758/1/1783
f 758/1/1783 733/1/1783 735/1/1783
s 696
f 736/1/1784 761/1/1784 759/1/1784
f 759/1/1784 734/1/1785 736/1/1784
s 697
f 735/1/1786 737/1/1786 762/1/1786
f 762/1/1786 760/1/1786 735/1/1786
s 698
f 738/1/1787 763/1/1788 761/1/1789
f 761/1/1789 736/1/1790 738/1/1787
s 699
f 764/1/1791 762/1/1791 737/1/1791
f 737/1/1791 677/1/1791 764/1/1791
s 700
f 763/1/1792 738/1/1793 712/1/1793
f 712/1/1793 765/1/1793 763/1/1792
s 701
f 764/1/1794 677/1/1794 676/1/1794
f 676/1/1794 766/1/1794 764/1/1794
s 702
f 711/1/1795 767/1/1795 765/1/1796
f 765/1/1796 712/1/1795 711/1/1795
s 703
f 766/1/1797 676/1/1797 713/1/1797
f 713/1/1797 768/1/1797 766/1/1797
s 704
f 714/1/1798 769/1/1798 751/1/1798
f 751/1/1798 715/1/1798 714/1/1798
s 705
f 716/1/1799 770/1/1800 767/1/1801
f 767/1/1801 711/1/1799 716/1/1799
s 706
f 710/1/1802 709/1/1802 768/1/1802
f 768/1/1802 713/1/1802 710/1/1802
s 707
f 769/1/1803 714/1/1803 717/1/1803
f 717/1/1803 744/1/1803 769/1/1803
s 708
f 770/1/1804 716/1/1805 718/1/1805
f 718/1/1805 746/1/1804 770/1/1804
s 709
f 771/1/1806 772/1/1807 773/1/1808
f 773/1/1808 774/1/1809 771/1/1806
s 710
f 775/1/1810 750/1/1811 752/1/1812
f 752/1/1812 776/1/1811 775/1/1810
s 711
f 753/1/1813 777/1/1814 740/1/1815
f 740/1/1815 739/1/1813 753/1/1813
s 712
f 754/1/1816 778/1/1817 776/1/1818
f 776/1/1818 752/1/1819 754/1/1816
s 713
f 777/1/1820 753/1/1820 755/1/1820
f 755/1/1820 774/1/1821 777/1/1820
s 714
f 756/1/1822 779/1/1822 778/1/1823
f 778/1/1823 754/1/1822 756/1/1822
s 715
f 757/1/1824 771/1/1825 774/1/1825
f 774/1/1825 755/1/1825 757/1/1824
s 716
f 779/1/1826 756/1/1827 758/1/1828
f 758/1/1828 780/1/1829 779/1/1826
s 717
f 759/1/1830 781/1/1831 771/1/1832
f 771/1/1832 757/1/1833 759/1/1830
s 718
f 760/1/1834 782/1/1835 780/1/1834
f 780/1/1834 758/1/1836 760/1/1834
s 719
f 781/1/1837 759/1/1838 761/1/1837
f 761/1/1837 783/1/1837 781/1/1837
s 720
f 762/1/1839 784/1/1840 782/1/1841
f 782/1/1841 760/1/1842 762/1/1839
s 721
f 763/1/1843 785/1/1844 783/1/1843
f 783/1/1843 761/1/1845 763/1/1843
s 722
f 784/1/1846 762/1/1847 764/1/1848
f 764/1/1848 786/1/1849 784/1/1846
s 723
f 765/1/1850 787/1/1851 785/1/1850
f 785/1/1850 763/1/1852 765/1/1850
s 724
f 766/1/1853 788/1/1854 786/1/1855
f 786/1/1855 764/1/1856 766/1/1853
s 725
f 787/1/1857 765/1/1858 767/1/1858
f 767/1/1858 789/1/1859 787/1/1857
s 726
f 768/1/1860 790/1/1860 788/1/1861
f 788/1/1861 766/1/1860 768/1/1860
s 727
f 751/1/1862 769/1/1862 791/1/1862
f 791/1/1862 792/1/1862 751/1/1862
s 728
f 770/1/1863 793/1/1864 789/1/1863
f 789/1/1863 767/1/1863 770/1/1863
s 729
f 790/1/1865 768/1/1866 709/1/1865
f 709/1/1865 794/1/1867 790/1/1865
s 730
f 744/1/1868 795/1/1868 791/1/1868
f 791/1/1868 769/1/1868 744/1/1868
s 731
f 746/1/1869 796/1/1870 793/1/1871
f 793/1/1871 770/1/1872 746/1/1869
s 732
f 708/1/1873 797/1/1873 794/1/1873
f 794/1/1873 709/1/1873 708/1/1873
s 733
f 795/1/1874 744/1/1875 743/1/1875
f 743/1/1875 798/1/1875 795/1/1874
s 734
f 796/1/1876 746/1/1877 745/1/1877
f 745/1/1877 799/1/1876 796/1/1876
s 735
f 747/1/1878 800/1/1878 797/1/1879
f 797/1/1879 708/1/1879 747/1/1878
s 736
f 748/1/1880 801/1/1881 798/1/1882
f 798/1/1882 743/1/1883 748/1/1880
s 737
f 749/1/1884 802/1/1885 799/1/1886
f 799/1/1886 745/1/1885 749/1/1884
s 738
f 800/1/1887 747/1/1887 742/1/1887
f 742/1/1887 741/1/1888 800/1/1887
s 739
f 750/1/1889 775/1/1890 801/1/1891
f 801/1/1891 748/1/1890 750/1/1889
s 740
f 792/1/1892 802/1/1893 749/1/1892
f 749/1/1892 751/1/1892 792/1/1892
s 741
f 803/1/1894 804/1/1895 805/1/1896
f 805/1/1896 806/1/1894 803/1/1894
s 742
f 780/1/1897 807/1/1898 808/1/1898
f 808/1/1898 779/1/1897 780/1/1897
s 743
f 781/1/1899 809/1/1900 772/1/1899
f 772/1/1899 771/1/1899 781/1/1899
s 744
f 782/1/1901 810/1/1902 807/1/1901
f 807/1/1901 780/1/1903 782/1/1901
s 745
f 783/1/1904 806/1/1905 809/1/1904
f 809/1/1904 781/1/1904 783/1/1904
s 746
f 811/1/1906 810/1/1907 782/1/1907
f 782/1/1907 784/1/1907 811/1/1906
s 747
f 785/1/1908 803/1/1909 806/1/1909
f 806/1/1909 783/1/1909 785/1/1908
s 748
f 786/1/1910 812/1/1911 811/1/1910
f 811/1/1910 784/1/1912 786/1/1910
s 749
f 813/1/1913 803/1/1914 785/1/1913
f 785/1/1913 787/1/1915 813/1/1913
s 750
f 812/1/1916 786/1/1917 788/1/1918
f 788/1/1918 814/1/1917 812/1/1916
s 751
f 815/1/1919 813/1/1920 787/1/1921
f 787/1/1921 789/1/1920 815/1/1919
s 752
f 790/1/1922 816/1/1923 814/1/1923
f 814/1/1923 788/1/1922 790/1/1922
s 753
f 817/1/1924 792/1/1924 791/1/1925
f 791/1/1925 818/1/1926 817/1/1924
s 754
f 819/1/1927 815/1/1928 789/1/1927
f 789/1/1927 793/1/1929 819/1/1927
s 755
f 794/1/1930 820/1/1930 816/1/1930
f 816/1/1930 790/1/1931 794/1/1930
s 756
f 818/1/1932 791/1/1933 795/1/1932
f 795/1/1932 821/1/1932 818/1/1932
s 757
f 819/1/1934 793/1/1935 796/1/1934
f 796/1/1934 822/1/1936 819/1/1934
s 758
f 797/1/1937 823/1/1937 820/1/1938
f 820/1/1938 794/1/1939 797/1/1937
s 759
f 798/1/1940 824/1/1941 821/1/1940
f 821/1/1940 795/1/1942 798/1/1940
s 760
f 799/1/1943 825/1/1944 822/1/1944
f 822/1/1944 796/1/1945 799/1/1943
s 761
f 800/1/1946 826/1/1946 823/1/1947
f 823/1/1947 797/1/1946 800/1/1946
s 762
f 824/1/1948 798/1/1948 801/1/1949
f 801/1/1949 827/1/1948 824/1/1948
s 763
f 802/1/1950 828/1/1950 825/1/1951
f 825/1/1951 799/1/1951 802/1/1950
s 764
f 741/1/1952 829/1/1953 826/1/1952
f 826/1/1952 800/1/1952 741/1/1952
s 765
f 775/1/1954 830/1/1955 827/1/1954
f 827/1/1954 801/1/1956 775/1/1954
s 766
f 817/1/1957 828/1/1957 802/1/1957
f 802/1/1957 792/1/1957 817/1/1957
s 767
f 740/1/1958 831/1/1959 829/1/1958
f 829/1/1958 741/1/1960 740/1/1958
s 768
f 776/1/1961 832/1/1962 830/1/1961
f 830/1/1961 775/1/1963 776/1/1961
s 769
f 777/1/1964 833/1/1965 831/1/1966
f 831/1/1966 740/1/1964 777/1/1964
s 770
f 832/1/1967 776/1/1968 778/1/1968
f 778/1/1968 834/1/1968 832/1/1967
s 771
f 774/1/1969 773/1/1970 833/1/1971
f 833/1/1971 777/1/1972 774/1/1969
s 772
f 808/1/1973 834/1/1973 778/1/1973
f 778/1/1973 779/1/1974 808/1/1973
s 773
f 835/1/1975 836/1/1976 837/1/1975
f 837/1/1975 838/1/1977 835/1/1975
s 774
f 839/1/1978 840/1/1978 811/1/1978
f 811/1/1978 812/1/1978 839/1/1978
s 775
f 841/1/1979 804/1/1980 803/1/1981
f 803/1/1981 813/1/1980 841/1/1979
s 776
f 814/1/1982 842/1/1982 839/1/1982
f 839/1/1982 812/1/1982 814/1/1982
s 777
f 843/1/1983 841/1/1984 813/1/1985
f 813/1/1985 815/1/1984 843/1/1983
s 778
f 816/1/1986 844/1/1986 842/1/1986
f 842/1/1986 814/1/1986 816/1/1986
s 779
f 817/1/1987 818/1/1987 845/1/1987
f 845/1/1987 846/1/1987 817/1/1987
s 780
f 819/1/1988 847/1/1989 843/1/1990
f 843/1/1990 815/1/1989 819/1/1988
s 781
f 844/1/1991 816/1/1991 820/1/1991
f 820/1/1991 848/1/1991 844/1/1991
s 782
f 821/1/1992 849/1/1992 845/1/1992
f 845/1/1992 818/1/1992 821/1/1992
s 783
f 847/1/1993 819/1/1993 822/1/1993
f 822/1/1993 850/1/1993 847/1/1993
s 784
f 823/1/1994 851/1/1994 848/1/1994
f 848/1/1994 820/1/1994 823/1/1994
s 785
f 824/1/1995 852/1/1995 849/1/1995
f 849/1/1995 821/1/1995 824/1/1995
s 786
f 853/1/1996 850/1/1996 822/1/1996
f 822/1/1996 825/1/1996 853/1/1996
s 787
f 836/1/1997 851/1/1997 823/1/1997
f 823/1/1997 826/1/1997 836/1/1997
s 788
f 827/1/1998 854/1/1998 852/1/1998
f 852/1/1998 824/1/1998 827/1/1998
s 789
f 828/1/1999 855/1/1999 853/1/1999
f 853/1/1999 825/1/1999 828/1/1999
s 790
f 836/1/2000 826/1/2001 829/1/2001
f 829/1/2001 837/1/2001 836/1/2000
s 791
f 830/1/2002 856/1/2002 854/1/2002
f 854/1/2002 827/1/2002 830/1/2002
s 792
f 846/1/2003 855/1/2003 828/1/2003
f 828/1/2003 817/1/2003 846/1/2003
s 793
f 831/1/2004 857/1/2004 837/1/2004
f 837/1/2004 829/1/2004 831/1/2004
s 794
f 856/1/2005 830/1/2006 832/1/2006
f 832/1/2006 858/1/2006 856/1/2005
s 795
f 857/1/2007 831/1/2008 833/1/2008
f 833/1/2008 859/1/2008 857/1/2007
s 796
f 834/1/2009 860/1/2009 858/1/2009
f 858/1/2009 832/1/2009 834/1/2009
s 797
f 859/1/2010 833/1/2011 773/1/2012
f 773/1/2012 861/1/2011 859/1/2010
s 798
f 862/1/2013 860/1/2013 834/1/2013
f 834/1/2013 808/1/2013 862/1/2013
s 799
f 863/1/2014 861/1/2015 773/1/2016
f 773/1/2016 772/1/2015 863/1/2014
s 800
f 864/1/2017 862/1/2017 808/1/2018
f 808/1/2018 807/1/2017 864/1/2017
s 801
f 809/1/2019 865/1/2020 863/1/2021
f 863/1/2021 772/1/2022 809/1/2019
s 802
f 810/1/2023 866/1/2023 864/1/2023
f 864/1/2023 807/1/2023 810/1/2023
s 803
f 865/1/2024 809/1/2025 806/1/2026
f 806/1/2026 805/1/2027 865/1/2024
s 804
f 810/1/2028 811/1/2028 840/1/2029
f 840/1/2029 866/1/2028 810/1/2028
s 805
f 867/1/2030 868/1/2031 869/1/2031
f 869/1/2031 870/1/2031 867/1/2030
s 806
f 856/1/2032 871/1/2033 872/1/2032
f 872/1/2032 854/1/2034 856/1/2032
s 807
f 855/1/2035 846/1/2036 873/1/2036
f 873/1/2036 874/1/2037 855/1/2035
s 808
f 875/1/2038 838/1/2038 837/1/2039
f 837/1/2039 857/1/2038 875/1/2038
s 809
f 856/1/2040 858/1/2040 876/1/2041
f 876/1/2041 871/1/2040 856/1/2040
s 810
f 859/1/2042 868/1/2043 875/1/2044
f 875/1/2044 857/1/2045 859/1/2042
s 811
f 877/1/2046 876/1/2046 858/1/2046
f 858/1/2046 860/1/2046 877/1/2046
s 812
f 861/1/2047 869/1/2047 868/1/2048
f 868/1/2048 859/1/2049 861/1/2047
s 813
f 862/1/2050 878/1/2051 877/1/2052
f 877/1/2052 860/1/2053 862/1/2050
s 814
f 869/1/2054 861/1/2055 863/1/2056
f 863/1/2056 879/1/2057 869/1/2054
s 815
f 864/1/2058 880/1/2059 878/1/2060
f 878/1/2060 862/1/2061 864/1/2058
s 816
f 865/1/2062 881/1/2062 879/1/2063
f 879/1/2063 863/1/2064 865/1/2062
s 817
f 864/1/2065 866/1/2066 882/1/2066
f 882/1/2066 880/1/2066 864/1/2065
s 818
f 865/1/2067 805/1/2067 883/1/2068
f 883/1/2068 881/1/2069 865/1/2067
s 819
f 840/1/2070 884/1/2070 882/1/2070
f 882/1/2070 866/1/2070 840/1/2070
s 820
f 885/1/2071 883/1/2072 805/1/2073
f 805/1/2073 804/1/2072 885/1/2071
s 821
f 886/1/2074 884/1/2075 840/1/2075
f 840/1/2075 839/1/2076 886/1/2074
s 822
f 885/1/2077 804/1/2078 841/1/2079
f 841/1/2079 887/1/2078 885/1/2077
s 823
f 888/1/2080 886/1/2081 839/1/2080
f 839/1/2080 842/1/2082 888/1/2080
s 824
f 843/1/2083 889/1/2084 887/1/2085
f 887/1/2085 841/1/2086 843/1/2083
s 825
f 842/1/2087 844/1/2087 890/1/2087
f 890/1/2087 888/1/2087 842/1/2087
s 826
f 891/1/2088 873/1/2089 846/1/2088
f 846/1/2088 845/1/2088 891/1/2088
s 827
f 843/1/2090 847/1/2091 892/1/2092
f 892/1/2092 889/1/2090 843/1/2090
s 828
f 890/1/2093 844/1/2094 848/1/2095
f 848/1/2095 893/1/2096 890/1/2093
s 829
f 891/1/2097 845/1/2098 849/1/2097
f 849/1/2097 894/1/2099 891/1/2097
s 830
f 850/1/2100 895/1/2101 892/1/2101
f 892/1/2101 847/1/2101 850/1/2100
s 831
f 848/1/2102 851/1/2103 896/1/2103
f 896/1/2103 893/1/2103 848/1/2102
s 832
f 849/1/2104 852/1/2104 897/1/2104
f 897/1/2104 894/1/2104 849/1/2104
s 833
f 898/1/2105 895/1/2105 850/1/2105
f 850/1/2105 853/1/2106 898/1/2105
s 834
f 836/1/2107 835/1/2108 896/1/2107
f 896/1/2107 851/1/2107 836/1/2107
s 835
f 872/1/2109 897/1/2110 852/1/2111
f 852/1/2111 854/1/2112 872/1/2109
s 836
f 874/1/2113 898/1/2114 853/1/2115
f 853/1/2115 855/1/2116 874/1/2113
s 837
f 899/1/2117 900/1/2118 901/1/2118
f 901/1/2118 902/1/2118 899/1/2117
s 838
f 903/1/2119 877/1/2120 878/1/2121
f 878/1/2121 904/1/2122 903/1/2119
s 839
f 869/1/2123 879/1/2124 905/1/2123
f 905/1/2123 870/1/2123 869/1/2123
s 840
f 906/1/2125 904/1/2126 878/1/2127
f 878/1/2127 880/1/2128 906/1/2125
s 841
f 900/1/2129 905/1/2130 879/1/2129
f 879/1/2129 881/1/2129 900/1/2129
s 842
f 880/1/2131 882/1/2132 907/1/2133
f 907/1/2133 906/1/2134 880/1/2131
s 843
f 883/1/2135 901/1/2136 900/1/2137
f 900/1/2137 881/1/2136 883/1/2135
s 844
f 908/1/2138 907/1/2139 882/1/2140
f 882/1/2140 884/1/2141 908/1/2138
s 845
f 885/1/2142 909/1/2143 901/1/2144
f 901/1/2144 883/1/2145 885/1/2142
s 846
f 886/1/2146 910/1/2147 908/1/2148
f 908/1/2148 884/1/2149 886/1/2146
s 847
f 909/1/2150 885/1/2151 887/1/2152
f 887/1/2152 911/1/2153 909/1/2150
s 848
f 888/1/2154 912/1/2154 910/1/2154
f 910/1/2154 886/1/2155 888/1/2154
s 849
f 911/1/2156 887/1/2157 889/1/2156
f 889/1/2156 913/1/2158 911/1/2156
s 850
f 912/1/2159 888/1/2160 890/1/2161
f 890/1/2161 914/1/2162 912/1/2159
s 851
f 915/1/2163 916/1/2164 873/1/2164
f 873/1/2164 891/1/2164 915/1/2163
s 852
f 889/1/2165 892/1/2165 917/1/2166
f 917/1/2166 913/1/2167 889/1/2165
s 853
f 918/1/2168 914/1/2169 890/1/2170
f 890/1/2170 893/1/2171 918/1/2168
s 854
f 919/1/2172 915/1/2173 891/1/2174
f 891/1/2174 894/1/2175 919/1/2172
s 855
f 920/1/2176 917/1/2176 892/1/2176
f 892/1/2176 895/1/2176 920/1/2176
s 856
f 893/1/2177 896/1/2178 921/1/2179
f 921/1/2179 918/1/2177 893/1/2177
s 857
f 897/1/2180 922/1/2181 919/1/2182
f 919/1/2182 894/1/2182 897/1/2180
s 858
f 898/1/2183 923/1/2184 920/1/2185
f 920/1/2185 895/1/2186 898/1/2183
s 859
f 924/1/2187 921/1/2188 896/1/2187
f 896/1/2187 835/1/2189 924/1/2187
s 860
f 922/1/2190 897/1/2191 872/1/2192
f 872/1/2192 925/1/2193 922/1/2190
s 861
f 874/1/2194 926/1/2195 923/1/2194
f 923/1/2194 898/1/2194 874/1/2194
s 862
f 838/1/2196 927/1/2197 924/1/2198
f 924/1/2198 835/1/2198 838/1/2196
s 863
f 928/1/2199 925/1/2200 872/1/2201
f 872/1/2201 871/1/2202 928/1/2199
s 864
f 926/1/2203 874/1/2203 873/1/2204
f 873/1/2204 916/1/2203 926/1/2203
s 865
f 875/1/2205 929/1/2206 927/1/2205
f 927/1/2205 838/1/2205 875/1/2205
s 866
f 876/1/2207 930/1/2208 928/1/2209
f 928/1/2209 871/1/2210 876/1/2207
s 867
f 929/1/2211 875/1/2212 868/1/2211
f 868/1/2211 867/1/2212 929/1/2211
s 868
f 877/1/2213 903/1/2214 930/1/2215
f 930/1/2215 876/1/2213 877/1/2213
s 869
f 931/1/2216 932/1/2217 933/1/2217
f 931/1/2216 933/1/2217 934/1/2218
f 934/1/2218 935/1/2217 936/1/2217
f 934/1/2218 936/1/2217 937/1/2219
f 931/1/2216 934/1/2218 937/1/2219
f 937/1/2219 938/1/2217 939/1/2220
f 937/1/2219 939/1/2220 940/1/2221
f 941/1/2217 942/1/2217 943/1/2222
f 940/1/2221 941/1/2217 943/1/2222
f 937/1/2219 940/1/2221 943/1/2222
f 931/1/2216 937/1/2219 943/1/2222
f 943/1/2222 944/1/2217 945/1/2217
f 943/1/2222 945/1/2217 946/1/2223
f 947/1/2220 948/1/2224 949/1/2225
f 946/1/2223 947/1/2220 949/1/2225
f 943/1/2222 946/1/2223 949/1/2225
f 931/1/2216 943/1/2222 949/1/2225
f 949/1/2225 950/1/2226 951/1/2227
f 949/1/2225 951/1/2227 952/1/2225
f 949/1/2225 952/1/2225 899/1/2228
f 931/1/2216 949/1/2225 899/1/2228
f 953/1/2217 954/1/2217 955/1/2217
f 902/1/2217 953/1/2217 955/1/2217
f 899/1/2228 902/1/2217 955/1/2217
f 899/1/2228 955/1/2217 956/1/2229
f 931/1/2216 899/1/2228 956/1/2229
f 956/1/2229 957/1/2217 958/1/2217
f 956/1/2229 958/1/2217 959/1/2230
f 956/1/2229 959/1/2230 960/1/2217
f 931/1/2216 956/1/2229 960/1/2217
s 870
f 908/1/2231 941/1/2231 940/1/2231
f 940/1/2231 907/1/2231 908/1/2231
s 871
f 953/1/2232 902/1/2233 901/1/2233
f 901/1/2233 909/1/2233 953/1/2232
s 872
f 941/1/2234 908/1/2234 910/1/2234
f 910/1/2234 942/1/2234 941/1/2234
s 873
f 909/1/2235 911/1/2236 954/1/2236
f 954/1/2236 953/1/2236 909/1/2235
s 874
f 943/1/2237 942/1/2237 910/1/2237
f 910/1/2237 912/1/2237 943/1/2237
s 875
f 955/1/2238 954/1/2239 911/1/2240
f 911/1/2240 913/1/2239 955/1/2238
s 876
f 912/1/2241 914/1/2242 944/1/2241
f 944/1/2241 943/1/2241 912/1/2241
s 877
f 931/1/2243 960/1/2243 916/1/2243
f 916/1/2243 915/1/2243 931/1/2243
s 878
f 917/1/2244 956/1/2244 955/1/2244
f 955/1/2244 913/1/2244 917/1/2244
s 879
f 945/1/2245 944/1/2245 914/1/2245
f 914/1/2245 918/1/2245 945/1/2245
s 880
f 915/1/2246 919/1/2246 932/1/2246
f 932/1/2246 931/1/2246 915/1/2246
s 881
f 920/1/2247 957/1/2248 956/1/2248
f 956/1/2248 917/1/2248 920/1/2247
s 882
f 921/1/2249 946/1/2249 945/1/2249
f 945/1/2249 918/1/2249 921/1/2249
s 883
f 933/1/2250 932/1/2250 919/1/2250
f 919/1/2250 922/1/2250 933/1/2250
s 884
f 957/1/2251 920/1/2251 923/1/2251
f 923/1/2251 958/1/2251 957/1/2251
s 885
f 924/1/2252 947/1/2252 946/1/2252
f 946/1/2252 921/1/2252 924/1/2252
s 886
f 925/1/2253 934/1/2253 933/1/2253
f 933/1/2253 922/1/2253 925/1/2253
s 887
f 959/1/2254 958/1/2254 923/1/2254
f 923/1/2254 926/1/2254 959/1/2254
s 888
f 947/1/2255 924/1/2255 927/1/2255
f 927/1/2255 948/1/2255 947/1/2255
s 889
f 928/1/2256 935/1/2256 934/1/2256
f 934/1/2256 925/1/2256 928/1/2256
s 890
f 916/1/2257 960/1/2257 959/1/2257
f 959/1/2257 926/1/2257 916/1/2257
s 891
f 949/1/2258 948/1/2258 927/1/2258
f 927/1/2258 929/1/2258 949/1/2258
s 892
f 935/1/2259 928/1/2259 930/1/2259
f 930/1/2259 936/1/2259 935/1/2259
s 893
f 929/1/2260 867/1/2261 950/1/2261
f 950/1/2261 949/1/2261 929/1/2260
s 894
f 937/1/2262 936/1/2262 930/1/2262
f 930/1/2262 903/1/2262 937/1/2262
s 895
f 951/1/2263 950/1/2263 867/1/2263
f 867/1/2263 870/1/2263 951/1/2263
s 896
f 903/1/2264 904/1/2264 938/1/2264
f 938/1/2264 937/1/2264 903/1/2264
s 897
f 905/1/2265 952/1/2266 951/1/2266
f 951/1/2266 870/1/2266 905/1/2265
s 898
f 939/1/2267 938/1/2268 904/1/2268
f 904/1/2268 906/1/2268 939/1/2267
s 899
f 900/1/2269 899/1/2270 952/1/2270
f 952/1/2270 905/1/2270 900/1/2269
s 900
f 907/1/2271 940/1/2271 939/1/2271
f 939/1/2271 906/1/2271 907/1/2271
s 901
f 961/1/1 962/1/1 963/1/1
f 963/1/1 964/1/1 965/1/1
f 961/1/1 963/1/1 965/1/1
f 965/1/1 966/1/1 967/1/1
f 967/1/1 968/1/1 969/1/1
f 965/1/1 967/1/1 969/1/1
f 961/1/1 965/1/1 969/1/1
f 969/1/1 970/1/1 971/1/1
f 971/1/1 972/1/1 973/1/1
f 969/1/1 971/1/1 973/1/1
f 973/1/1 974/1/1 975/1/1
f 975/1/1 976/1/1 977/1/1
f 973/1/1 975/1/1 977/1/1
f 969/1/1 973/1/1 977/1/1
f 977/1/1 978/1/1 979/1/1
f 979/1/1 980/1/1 981/1/1
f 977/1/1 979/1/1 981/1/1
f 981/1/1 982/1/1 983/1/1
f 983/1/1 984/1/1 985/1/1
f 981/1/1 983/1/1 985/1/1
f 977/1/1 981/1/1 985/1/1
f 969/1/1 977/1/1 985/1/1
f 961/1/1 969/1/1 985/1/1
f 986/1/1 987/1/1 988/1/1
f 985/1/1 986/1/1 988/1/1
f 985/1/1 988/1/1 989/1/1
f 961/1/1 985/1/1 989/1/1
f 990/1/1 961/1/1 989/1/1
f 990/1/1 989/1/1 991/1/1
f 990/1/1 991/1/1 992/1/1
s 902
f 993/1/2272 994/1/2272 995/1/2272
f 995/1/2272 996/1/2272 993/1/2272
s 903
f 997/1/2273 985/1/2273 984/1/2274
f 984/1/2274 998/1/2275 997/1/2273
s 904
f 970/1/2276 999/1/2277 1000/1/2276
f 1000/1/2276 971/1/2278 970/1/2276
s 905
f 984/1/2279 983/1/2279 1001/1/2279
f 1001/1/2279 998/1/2280 984/1/2279
s 906
f 969/1/2281 1002/1/2282 999/1/2281
f 999/1/2281 970/1/2283 969/1/2281
s 907
f 982/1/2284 1003/1/2285 1001/1/2286
f 1001/1/2286 983/1/2287 982/1/2284
s 908
f 968/1/2288 1004/1/2289 1002/1/2290
f 1002/1/2290 969/1/2288 968/1/2288
s 909
f 981/1/2291 1005/1/2292 1003/1/2293
f 1003/1/2293 982/1/2294 981/1/2291
s 910
f 967/1/2295 1006/1/2295 1004/1/2295
f 1004/1/2295 968/1/2296 967/1/2295
s 911
f 980/1/2297 1007/1/2297 1005/1/2297
f 1005/1/2297 981/1/2297 980/1/2297
s 912
f 966/1/2298 1008/1/2299 1006/1/2298
f 1006/1/2298 967/1/2300 966/1/2298
s 913
f 979/1/2301 1009/1/2302 1007/1/2301
f 1007/1/2301 980/1/2303 979/1/2301
s 914
f 1010/1/2304 961/1/2305 990/1/2304
f 990/1/2304 1011/1/2305 1010/1/2304
s 915
f 965/1/2306 1012/1/2306 1008/1/2307
f 1008/1/2307 966/1/2307 965/1/2306
s 916
f 978/1/2308 1013/1/2309 1009/1/2310
f 1009/1/2310 979/1/2311 978/1/2308
s 917
f 1011/1/2312 990/1/2313 992/1/2314
f 992/1/2314 1014/1/2315 1011/1/2312
s 918
f 964/1/2316 1015/1/2316 1012/1/2316
f 1012/1/2316 965/1/2317 964/1/2316
s 919
f 977/1/2318 1016/1/2319 1013/1/2318
f 1013/1/2318 978/1/2319 977/1/2318
s 920
f 1014/1/2320 992/1/2321 991/1/2321
f 991/1/2321 996/1/2322 1014/1/2320
s 921
f 963/1/2323 1017/1/2324 1015/1/2325
f 1015/1/2325 964/1/2326 963/1/2323
s 922
f 976/1/2327 1018/1/2328 1016/1/2327
f 1016/1/2327 977/1/2327 976/1/2327
s 923
f 991/1/2329 989/1/2330 993/1/2331
f 993/1/2331 996/1/2332 991/1/2329
s 924
f 962/1/2333 1019/1/2334 1017/1/2334
f 1017/1/2334 963/1/2335 962/1/2333
s 925
f 975/1/2336 1020/1/2336 1018/1/2337
f 1018/1/2337 976/1/2336 975/1/2336
s 926
f 988/1/2338 1021/1/2339 993/1/2340
f 993/1/2340 989/1/2338 988/1/2338
s 927
f 962/1/2341 961/1/2342 1010/1/2341
f 1010/1/2341 1019/1/2343 962/1/2341
s 928
f 974/1/2344 1022/1/2345 1020/1/2346
f 1020/1/2346 975/1/2347 974/1/2344
s 929
f 1023/1/2348 1021/1/2349 988/1/2350
f 988/1/2350 987/1/2351 1023/1/2348
s 930
f 973/1/2352 1024/1/2353 1022/1/2352
f 1022/1/2352 974/1/2354 973/1/2352
s 931
f 986/1/2355 1025/1/2356 1023/1/2357
f 1023/1/2357 987/1/2355 986/1/2355
s 932
f 972/1/2358 1026/1/2359 1024/1/2360
f 1024/1/2360 973/1/2361 972/1/2358
s 933
f 997/1/2362 1025/1/2363 986/1/2363
f 986/1/2363 985/1/2364 997/1/2362
s 934
f 971/1/2365 1000/1/2366 1026/1/2365
f 1026/1/2365 972/1/2365 971/1/2365
s 935
f 1027/1/103 1028/1/103 995/1/103
f 995/1/103 994/1/103 1029/1/103
f 1027/1/103 995/1/103 1029/1/103
f 1029/1/103 1030/1/103 1031/1/103
f 1029/1/103 1031/1/103 1032/1/103
f 1027/1/103 1029/1/103 1032/1/103
f 1027/1/103 1032/1/103 1033/1/103
f 1033/1/103 1034/1/103 1035/1/103
f 1035/1/103 1036/1/103 1037/1/103
f 1033/1/103 1035/1/103 1037/1/103
f 1037/1/103 1038/1/103 1039/1/103
f 1039/1/103 1040/1/103 1041/1/103
f 1037/1/103 1039/1/103 1041/1/103
f 1033/1/103 1037/1/103 1041/1/103
f 1041/1/103 1042/1/103 1043/1/103
f 1043/1/103 1044/1/103 1045/1/103
f 1041/1/103 1043/1/103 1045/1/103
f 1045/1/103 1046/1/103 1047/1/103
f 1047/1/103 1048/1/103 1049/1/103
f 1045/1/103 1047/1/103 1049/1/103
f 1041/1/103 1045/1/103 1049/1/103
f 1033/1/103 1041/1/103 1049/1/103
f 1049/1/103 1050/1/103 1051/1/103
f 1051/1/103 1052/1/103 1053/1/103
f 1049/1/103 1051/1/103 1053/1/103
f 1053/1/103 1054/1/103 1055/1/103
f 1053/1/103 1055/1/103 1056/1/103
f 1049/1/103 1053/1/103 1056/1/103
f 1033/1/103 1049/1/103 1056/1/103
f 1027/1/103 1033/1/103 1056/1/103
s 936
f 1019/1/2367 1055/1/2367 1054/1/2368
f 1054/1/2368 1017/1/123 1019/1/2367
s 937
f 1020/1/2369 1042/1/124 1041/1/2370
f 1041/1/2370 1018/1/2370 1020/1/2369
s 938
f 1021/1/125 1029/1/125 994/1/125
f 994/1/125 993/1/125 1021/1/125
s 939
f 1019/1/2371 1010/1/2371 1056/1/2371
f 1056/1/2371 1055/1/2371 1019/1/2371
s 940
f 1022/1/2372 1043/1/2372 1042/1/2372
f 1042/1/2372 1020/1/2372 1022/1/2372
s 941
f 1023/1/2373 1030/1/2373 1029/1/2373
f 1029/1/2373 1021/1/2373 1023/1/2373
s 942
f 1024/1/130 1044/1/130 1043/1/130
f 1043/1/130 1022/1/130 1024/1/130
s 943
f 1025/1/2374 1031/1/131 1030/1/2374
f 1030/1/2374 1023/1/131 1025/1/2374
s 944
f 1026/1/132 1045/1/2375 1044/1/132
f 1044/1/132 1024/1/132 1026/1/132
s 945
f 997/1/2376 1032/1/2376 1031/1/2376
f 1031/1/2376 1025/1/2377 997/1/2376
s 946
f 1000/1/2378 1046/1/2378 1045/1/2378
f 1045/1/2378 1026/1/2378 1000/1/2378
s 947
f 998/1/2379 1033/1/2380 1032/1/2379
f 1032/1/2379 997/1/135 998/1/2379
s 948
f 999/1/2381 1047/1/2381 1046/1/2381
f 1046/1/2381 1000/1/2382 999/1/2381
s 949
f 1001/1/137 1034/1/2383 1033/1/137
f 1033/1/137 998/1/2383 1001/1/137
s 950
f 1002/1/138 1048/1/138 1047/1/138
f 1047/1/138 999/1/2384 1002/1/138
s 951
f 1003/1/2385 1035/1/2385 1034/1/2385
f 1034/1/2385 1001/1/2385 1003/1/2385
s 952
f 1004/1/2386 1049/1/2386 1048/1/2386
f 1048/1/2386 1002/1/2387 1004/1/2386
s 953
f 1005/1/104 1036/1/104 1035/1/104
f 1035/1/104 1003/1/2388 1005/1/104
s 954
f 1006/1/2389 1050/1/2389 1049/1/2389
f 1049/1/2389 1004/1/105 1006/1/2389
s 955
f 1007/1/106 1037/1/106 1036/1/106
f 1036/1/106 1005/1/106 1007/1/106
s 956
f 1008/1/2390 1051/1/2390 1050/1/2390
f 1050/1/2390 1006/1/2390 1008/1/2390
s 957
f 1009/1/2391 1038/1/2391 1037/1/2391
f 1037/1/2391 1007/1/2391 1009/1/2391
s 958
f 1011/1/2392 1027/1/2392 1056/1/2392
f 1056/1/2392 1010/1/2392 1011/1/2392
s 959
f 1012/1/110 1052/1/110 1051/1/110
f 1051/1/110 1008/1/110 1012/1/110
s 960
f 1013/1/2393 1039/1/2394 1038/1/2394
f 1038/1/2394 1009/1/2394 1013/1/2393
s 961
f 1014/1/2395 1028/1/112 1027/1/112
f 1027/1/112 1011/1/2395 1014/1/2395
s 962
f 1015/1/2396 1053/1/2396 1052/1/2396
f 1052/1/2396 1012/1/2396 1015/1/2396
s 963
f 1016/1/2397 1040/1/2397 1039/1/2397
f 1039/1/2397 1013/1/2397 1016/1/2397
s 964
f 996/1/2398 995/1/2399 1028/1/2398
f 1028/1/2398 1014/1/116 996/1/2398
s 965
f 1017/1/117 1054/1/2400 1053/1/117
f 1053/1/117 1015/1/2400 1017/1/117
s 966
f 1018/1/2401 1041/1/2401 1040/1/2401
f 1040/1/2401 1016/1/2401 1018/1/2401
s 967
f 1057/1/1 1058/1/1 1059/1/1
f 1059/1/1 1060/1/1 1061/1/1
f 1057/1/1 1059/1/1 1061/1/1
f 1061/1/1 1062/1/1 1063/1/1
f 1063/1/1 1064/1/1 1065/1/1
f 1061/1/1 1063/1/1 1065/1/1
f 1057/1/1 1061/1/1 1065/1/1
f 1065/1/1 1066/1/1 1067/1/1
f 1067/1/1 1068/1/1 1069/1/1
f 1065/1/1 1067/1/1 1069/1/1
f 1069/1/1 1070/1/1 1071/1/1
f 1071/1/1 1072/1/1 1073/1/1
f 1069/1/1 1071/1/1 1073/1/1
f 1065/1/1 1069/1/1 1073/1/1
f 1073/1/1 1074/1/1 1075/1/1
f 1075/1/1 1076/1/1 1077/1/1
f 1073/1/1 1075/1/1 1077/1/1
f 1077/1/1 1078/1/1 1079/1/1
f 1079/1/1 1080/1/1 1081/1/1
f 1077/1/1 1079/1/1 1081/1/1
f 1073/1/1 1077/1/1 1081/1/1
f 1065/1/1 1073/1/1 1081/1/1
f 1057/1/1 1065/1/1 1081/1/1
f 1082/1/1 1083/1/1 1084/1/1
f 1081/1/1 1082/1/1 1084/1/1
f 1081/1/1 1084/1/1 1085/1/1
f 1057/1/1 1081/1/1 1085/1/1
f 1086/1/1 1057/1/1 1085/1/1
f 1086/1/1 1085/1/1 1087/1/1
f 1086/1/1 1087/1/1 1088/1/1
s 968
f 1089/1/103 1090/1/103 1091/1/103
f 1091/1/103 1092/1/103 1093/1/103
f 1089/1/103 1091/1/103 1093/1/103
f 1093/1/103 1094/1/103 1095/1/103
f 1095/1/103 1096/1/103 1097/1/103
f 1093/1/103 1095/1/103 1097/1/103
f 1089/1/103 1093/1/103 1097/1/103
f 1097/1/103 1098/1/103 1099/1/103
f 1099/1/103 1100/1/103 1101/1/103
f 1097/1/103 1099/1/103 1101/1/103
f 1101/1/103 1102/1/103 1103/1/103
f 1103/1/103 1104/1/103 1105/1/103
f 1101/1/103 1103/1/103 1105/1/103
f 1097/1/103 1101/1/103 1105/1/103
f 1089/1/103 1097/1/103 1105/1/103
f 1105/1/103 1106/1/103 1107/1/103
f 1107/1/103 1108/1/103 1109/1/103
f 1105/1/103 1107/1/103 1109/1/103
f 1109/1/103 1110/1/103 1111/1/103
f 1111/1/103 1112/1/103 1113/1/103
f 1109/1/103 1111/1/103 1113/1/103
f 1105/1/103 1109/1/103 1113/1/103
f 1113/1/103 1114/1/103 1115/1/103
f 1115/1/103 1116/1/103 1117/1/103
f 1113/1/103 1115/1/103 1117/1/103
f 1117/1/103 1118/1/103 1119/1/103
f 1117/1/103 1119/1/103 1120/1/103
f 1113/1/103 1117/1/103 1120/1/103
f 1105/1/103 1113/1/103 1120/1/103
f 1089/1/103 1105/1/103 1120/1/103
s 969
f 1082/1/2402 1095/1/2403 1094/1/2404
f 1094/1/2404 1083/1/2405 1082/1/2402
s 970
f 1068/1/2406 1109/1/2407 1108/1/2407
f 1108/1/2407 1069/1/2408 1068/1/2406
s 971
f 1096/1/2409 1095/1/2410 1082/1/2410
f 1082/1/2410 1081/1/2411 1096/1/2409
s 972
f 1067/1/2412 1110/1/2413 1109/1/2414
f 1109/1/2414 1068/1/2415 1067/1/2412
s 973
f 1096/1/2416 1081/1/2417 1080/1/2418
f 1080/1/2418 1097/1/2419 1096/1/2416
s 974
f 1066/1/2420 1111/1/2421 1110/1/2422
f 1110/1/2422 1067/1/2422 1066/1/2420
s 975
f 1080/1/2423 1079/1/2424 1098/1/2425
f 1098/1/2425 1097/1/2426 1080/1/2423
s 976
f 1065/1/2427 1112/1/2428 1111/1/2427
f 1111/1/2427 1066/1/2427 1065/1/2427
s 977
f 1078/1/2429 1099/1/2429 1098/1/2430
f 1098/1/2430 1079/1/2431 1078/1/2429
s 978
f 1064/1/2432 1113/1/2433 1112/1/2433
f 1112/1/2433 1065/1/2433 1064/1/2432
s 979
f 1077/1/2434 1100/1/2434 1099/1/2435
f 1099/1/2435 1078/1/2434 1077/1/2434
s 980
f 1063/1/2436 1114/1/2437 1113/1/2438
f 1113/1/2438 1064/1/2438 1063/1/2436
s 981
f 1076/1/2439 1101/1/2440 1100/1/2441
f 1100/1/2441 1077/1/2442 1076/1/2439
s 982
f 1062/1/2443 1115/1/2444 1114/1/2443
f 1114/1/2443 1063/1/2445 1062/1/2443
s 983
f 1075/1/2446 1102/1/2447 1101/1/2448
f 1101/1/2448 1076/1/2449 1075/1/2446
s 984
f 1120/1/2450 1057/1/2451 1086/1/2452
f 1086/1/2452 1089/1/2451 1120/1/2450
s 985
f 1061/1/2453 1116/1/2454 1115/1/2455
f 1115/1/2455 1062/1/2456 1061/1/2453
s 986
f 1074/1/2457 1103/1/2458 1102/1/2459
f 1102/1/2459 1075/1/2457 1074/1/2457
s 987
f 1089/1/2460 1086/1/2461 1088/1/2462
f 1088/1/2462 1090/1/2461 1089/1/2460
s 988
f 1060/1/2463 1117/1/2463 1116/1/2464
f 1116/1/2464 1061/1/2465 1060/1/2463
s 989
f 1073/1/2466 1104/1/2467 1103/1/2468
f 1103/1/2468 1074/1/2467 1073/1/2466
s 990
f 1090/1/2469 1088/1/2469 1087/1/2469
f 1087/1/2469 1091/1/2469 1090/1/2469
s 991
f 1059/1/2470 1118/1/2471 1117/1/2472
f 1117/1/2472 1060/1/2473 1059/1/2470
s 992
f 1072/1/2474 1105/1/2475 1104/1/2474
f 1104/1/2474 1073/1/2475 1072/1/2474
s 993
f 1087/1/2476 1085/1/2477 1092/1/2478
f 1092/1/2478 1091/1/2478 1087/1/2476
s 994
f 1058/1/2479 1119/1/2480 1118/1/2481
f 1118/1/2481 1059/1/2482 1058/1/2479
s 995
f 1071/1/2483 1106/1/2484 1105/1/2485
f 1105/1/2485 1072/1/2486 1071/1/2483
s 996
f 1084/1/2487 1093/1/2487 1092/1/2488
f 1092/1/2488 1085/1/2489 1084/1/2487
s 997
f 1058/1/2490 1057/1/2491 1120/1/2492
f 1120/1/2492 1119/1/2490 1058/1/2490
s 998
f 1070/1/2493 1107/1/2494 1106/1/2494
f 1106/1/2494 1071/1/2495 1070/1/2493
s 999
f 1094/1/2496 1093/1/2497 1084/1/2498
f 1084/1/2498 1083/1/2497 1094/1/2496
s 1000
f 1069/1/2499 1108/1/2500 1107/1/2501
f 1107/1/2501 1070/1/2502 1069/1/2499
s 1001
f 1121/2/2503 1122/3/2503 1123/4/2504
f 1123/4/2504 1124/5/2504 1121/2/2503
s 1002
f 1122/3/2505 1125/6/2505 1126/7/2505
f 1126/7/2505 1123/4/2505 1122/3/2505
s 1003
f 1125/6/2506 1127/8/2506 1128/9/2506
f 1128/9/2506 1126/7/2506 1125/6/2506
s 1004
f 1127/8/2507 1129/10/2507 1130/11/2507
f 1130/11/2507 1128/9/2507 1127/8/2507
s 1005
f 1131/12/2508 1132/13/2508 1130/11/2508
f 1130/11/2508 1129/10/2508 1131/12/2508
s 1006
f 1133/14/2509 1132/13/2509 1131/12/2509
f 1131/12/2509 1134/15/2509 1133/14/2509
s 1007
f 1135/16/2510 1133/14/2510 1134/15/2510
f 1134/15/2510 1136/17/2510 1135/16/2510
s 1008
f 1137/18/2511 1138/19/2511 1135/16/2511
f 1135/16/2511 1136/17/2511 1137/18/2511
s 1009
f 1139/20/2512 1138/19/2512 1137/18/2512
f 1137/18/2512 1140/21/2513 1139/20/2512
s 1010
f 1141/22/2514 1139/20/2515 1140/21/2516
f 1140/21/2516 1142/23/2514 1141/22/2514
s 1011
f 1143/24/2517 1141/22/2517 1142/23/2517
f 1142/23/2517 1144/25/2517 1143/24/2517
s 1012
f 1145/26/2518 1146/27/2518 1143/24/2518
f 1143/24/2518 1144/25/2518 1145/26/2518
s 1013
f 1147/28/2519 1146/27/2520 1145/26/2521
f 1145/26/2521 1148/29/2519 1147/28/2519
s 1014
f 1149/30/2522 1147/28/2522 1148/29/2522
f 1148/29/2522 1150/31/2522 1149/30/2522
s 1015
f 1151/32/2523 1149/30/2523 1150/31/2523
f 1150/31/2523 1152/33/2523 1151/32/2523
s 1016
f 1153/34/2524 1151/32/2524 1152/33/2524
f 1152/33/2524 1154/35/2524 1153/34/2524
s 1017
f 1155/36/2525 1153/34/2525 1154/35/2526
f 1154/35/2526 1156/37/2525 1155/36/2525
s 1018
f 1157/38/2527 1155/36/2527 1156/37/2527
f 1156/37/2527 1158/39/2527 1157/38/2527
s 1019
f 1159/40/2528 1157/38/2528 1158/39/2528
f 1158/39/2528 1160/41/2528 1159/40/2528
s 1020
f 1161/42/2529 1162/43/2529 1159/40/2529
f 1159/40/2529 1160/41/2529 1161/42/2529
s 1021
f 1161/42/2530 1163/44/2530 1164/45/2530
f 1164/45/2530 1162/43/2530 1161/42/2530
s 1022
f 1165/46/2531 1164/45/2531 1163/44/2531
f 1163/44/2531 1166/47/2531 1165/46/2531
s 1023
f 1167/48/2532 1165/46/2532 1166/47/2532
f 1166/47/2532 1168/49/2532 1167/48/2532
s 1024
f 1169/50/2533 1170/51/2533 1167/48/2533
f 1167/48/2533 1168/49/2533 1169/50/2533
s 1025
f 1171/52/2534 1172/53/2534 1170/51/2534
f 1170/51/2534 1169/50/2534 1171/52/2534
s 1026
f 1173/54/2535 1172/53/2535 1171/52/2535
f 1171/52/2535 1174/55/2535 1173/54/2535
s 1027
f 1175/56/2536 1176/57/2536 1173/54/2536
f 1173/54/2536 1174/55/2536 1175/56/2536
s 1028
f 1177/58/2537 1176/57/2537 1175/56/2537
f 1175/56/2537 1178/59/2537 1177/58/2537
s 1029
f 1179/60/2538 1177/58/2538 1178/59/2539
f 1178/59/2539 1180/61/2538 1179/60/2538
s 1030
f 1181/62/2540 1182/63/2540 1179/60/2540
f 1179/60/2540 1180/61/2540 1181/62/2540
s 1031
f 1137/18/2541 1183/18/2541 1184/21/2541
f 1184/21/2541 1140/21/2541 1137/18/2541
s 1032
f 1185/64/2542 1186/65/2542 1182/63/2542
f 1182/63/2542 1181/62/2542 1185/64/2542
s 1033
f 1186/65/2543 1185/64/2544 1121/66/2543
f 1121/66/2543 1124/67/2544 1186/65/2543
s 1034
f 1123/68/1 1126/69/1 1128/70/1
f 1123/68/1 1128/70/1 1130/71/1
f 1130/71/1 1132/72/2545 1133/73/1
f 1133/73/1 1135/74/1 1138/75/1
f 1138/75/1 1139/76/1 1141/77/1
f 1133/73/1 1138/75/1 1141/77/1
f 1130/71/1 1133/73/1 1141/77/1
f 1141/77/1 1143/78/1 1146/79/1
f 1146/79/1 1147/80/1 1149/81/1
f 1141/77/1 1146/79/1 1149/81/1
f 1149/81/1 1151/82/2545 1153/83/2546
f 1153/83/2546 1155/84/1 1157/85/1
f 1149/81/1 1153/83/2546 1157/85/1
f 1157/85/1 1159/86/1 1162/87/1
f 1162/87/1 1164/88/2547 1165/89/1
f 1157/85/1 1162/87/1 1165/89/1
f 1165/89/1 1167/90/1 1170/91/1
f 1170/91/1 1172/92/1 1173/93/1
f 1165/89/1 1170/91/1 1173/93/1
f 1157/85/1 1165/89/1 1173/93/1
f 1149/81/1 1157/85/1 1173/93/1
f 1141/77/1 1149/81/1 1173/93/1
f 1130/71/1 1141/77/1 1173/93/1
f 1173/93/1 1176/94/2546 1177/95/1
f 1177/95/1 1179/96/1 1182/97/1
f 1173/93/1 1177/95/1 1182/97/1
f 1130/71/1 1173/93/1 1182/97/1
f 1123/68/1 1130/71/1 1182/97/1
f 1124/98/1 1123/68/1 1182/97/1
f 1124/98/1 1182/97/1 1186/99/1
s 1035
f 1187/8/2548 1188/8/2548 1189/10/2548
f 1189/10/2548 1190/10/2548 1187/8/2548
s 1036
f 1191/39/2549 1158/39/2550 1156/37/2549
f 1156/37/2549 1192/37/2549 1191/39/2549
s 1037
f 1193/56/2551 1175/56/2551 1174/55/2551
f 1174/55/2551 1194/55/2551 1193/56/2551
s 1038
f 1195/12/2552 1131/12/2552 1129/10/2552
f 1129/10/2552 1190/10/2552 1195/12/2552
s 1039
f 1196/31/2553 1150/31/2553 1148/29/2553
f 1148/29/2553 1197/29/2553 1196/31/2553
s 1040
f 1198/49/2554 1168/49/2554 1166/47/2554
f 1166/47/2554 1199/47/2554 1198/49/2554
s 1041
f 1122/3/2555 1121/2/2555 1200/2/2555
f 1200/2/2555 1201/3/2555 1122/3/2555
s 1042
f 1185/64/2556 1202/64/2557 1200/66/2557
f 1200/66/2557 1121/66/2558 1185/64/2556
s 1043
f 1203/23/2559 1142/23/2559 1140/21/2559
f 1140/21/2559 1184/21/2559 1203/23/2559
s 1044
f 1204/41/2560 1160/41/2561 1158/39/2560
f 1158/39/2560 1191/39/2560 1204/41/2560
s 1045
f 1193/56/2562 1205/59/2562 1178/59/2563
f 1178/59/2563 1175/56/2563 1193/56/2562
s 1046
f 1206/15/2564 1134/15/2565 1131/12/2565
f 1131/12/2565 1195/12/2565 1206/15/2564
s 1047
f 1207/33/2566 1152/33/2567 1150/31/2567
f 1150/31/2567 1196/31/2568 1207/33/2566
s 1048
f 1208/50/2569 1169/50/2569 1168/49/2569
f 1168/49/2569 1198/49/2570 1208/50/2569
s 1049
f 1201/3/2571 1209/6/2571 1125/6/2572
f 1125/6/2572 1122/3/2572 1201/3/2571
s 1050
f 1210/25/2573 1144/25/2573 1142/23/2573
f 1142/23/2573 1203/23/2573 1210/25/2573
s 1051
f 1204/41/2574 1211/42/2574 1161/42/2574
f 1161/42/2574 1160/41/2575 1204/41/2574
s 1052
f 1180/61/2576 1178/59/2576 1205/59/2577
f 1205/59/2577 1212/61/2577 1180/61/2576
s 1053
f 1213/17/2578 1136/17/2578 1134/15/2578
f 1134/15/2578 1206/15/2578 1213/17/2578
s 1054
f 1214/35/2579 1154/35/2579 1152/33/2579
f 1152/33/2579 1207/33/2579 1214/35/2579
s 1055
f 1215/52/2580 1171/52/2580 1169/50/2580
f 1169/50/2580 1208/50/2580 1215/52/2580
s 1056
f 1187/8/2581 1127/8/2582 1125/6/2582
f 1125/6/2582 1209/6/2582 1187/8/2581
s 1057
f 1216/26/2583 1145/26/2583 1144/25/2583
f 1144/25/2583 1210/25/2584 1216/26/2583
s 1058
f 1217/44/2585 1163/44/2586 1161/42/2586
f 1161/42/2586 1211/42/2585 1217/44/2585
s 1059
f 1181/62/2587 1180/61/2587 1212/61/2588
f 1212/61/2588 1218/62/2588 1181/62/2587
s 1060
f 1136/17/2589 1213/17/2589 1183/18/2589
f 1183/18/2589 1137/18/2589 1136/17/2589
s 1061
f 1192/37/2590 1156/37/2590 1154/35/2590
f 1154/35/2590 1214/35/2590 1192/37/2590
s 1062
f 1194/55/2591 1174/55/2591 1171/52/2591
f 1171/52/2591 1215/52/2591 1194/55/2591
s 1063
f 1129/10/2592 1127/8/2592 1187/8/2593
f 1187/8/2593 1190/10/2593 1129/10/2592
s 1064
f 1197/29/2594 1148/29/2594 1145/26/2594
f 1145/26/2594 1216/26/2594 1197/29/2594
s 1065
f 1199/47/2595 1166/47/2595 1163/44/2595
f 1163/44/2595 1217/44/2595 1199/47/2595
s 1066
f 1185/64/2596 1181/62/2596 1218/62/2596
f 1218/62/2596 1202/64/2596 1185/64/2596
s 1067
f 1219/100/2597 1220/101/2597 1221/102/2597
f 1221/102/2597 1222/103/2598 1223/104/2597
f 1219/100/2597 1221/102/2597 1223/104/2597
f 1223/104/2597 1224/105/2599 1225/106/2600
f 1225/106/2600 1226/107/2598 1227/108/2601
f 1223/104/2597 1225/106/2600 1227/108/2601
f 1227/108/2601 1228/109/2602 1229/110/2601
f 1229/110/2601 1230/111/2603 1231/112/2597
f 1227/108/2601 1229/110/2601 1231/112/2597
f 1223/104/2597 1227/108/2601 1231/112/2597
f 1231/112/2597 1232/113/2600 1233/114/2597
f 1233/114/2597 1234/115/2604 1235/116/2597
f 1231/112/2597 1233/114/2597 1235/116/2597
f 1235/116/2597 1236/117/2597 1237/118/2597
f 1237/118/2597 1238/119/2605 1239/120/2606
f 1235/116/2597 1237/118/2597 1239/120/2606
f 1231/112/2597 1235/116/2597 1239/120/2606
f 1223/104/2597 1231/112/2597 1239/120/2606
f 1239/120/2606 1240/121/2601 1241/122/2597
f 1241/122/2597 1242/123/2607 1243/124/2602
f 1239/120/2606 1241/122/2597 1243/124/2602
f 1239/120/2606 1243/124/2602 1244/125/2597
f 1223/104/2597 1239/120/2606 1244/125/2597
f 1244/125/2597 1245/126/2598 1246/127/2597
f 1246/127/2597 1247/128/2608 1189/129/2597
f 1244/125/2597 1246/127/2597 1189/129/2597
f 1223/104/2597 1244/125/2597 1189/129/2597
f 1219/100/2597 1223/104/2597 1189/129/2597
f 1219/100/2597 1189/129/2597 1188/130/2597
f 1219/100/2597 1188/130/2597 1248/131/2600
s 1068
f 1218/62/2609 1222/62/2610 1221/64/2609
f 1221/64/2609 1202/64/2609 1218/62/2609
s 1069
f 1192/37/2611 1235/37/2612 1234/39/2612
f 1234/39/2612 1191/39/2611 1192/37/2611
s 1070
f 1190/10/2613 1189/10/2613 1247/12/2613
f 1247/12/2613 1195/12/2613 1190/10/2613
s 1071
f 1202/64/2614 1221/64/2615 1220/66/2616
f 1220/66/2616 1200/66/2616 1202/64/2614
s 1072
f 1191/39/2617 1234/39/2617 1233/41/2617
f 1233/41/2617 1204/41/2618 1191/39/2617
s 1073
f 1195/12/2619 1247/12/2620 1246/15/2620
f 1246/15/2620 1206/15/2619 1195/12/2619
s 1074
f 1204/41/2621 1233/41/2622 1232/42/2622
f 1232/42/2622 1211/42/2621 1204/41/2621
s 1075
f 1206/15/2623 1246/15/2623 1245/17/2623
f 1245/17/2623 1213/17/2623 1206/15/2623
s 1076
f 1211/42/2624 1232/42/2625 1231/44/2625
f 1231/44/2625 1217/44/2624 1211/42/2624
s 1077
f 1183/18/2626 1213/17/2626 1245/17/2626
f 1245/17/2626 1244/18/2626 1183/18/2626
s 1078
f 1217/44/2627 1231/44/2628 1230/47/2628
f 1230/47/2628 1199/47/2629 1217/44/2627
s 1079
f 1183/18/2630 1244/18/2630 1243/21/2630
f 1243/21/2630 1184/21/2630 1183/18/2630
s 1080
f 1199/47/2631 1230/47/2632 1229/49/2633
f 1229/49/2633 1198/49/2631 1199/47/2631
s 1081
f 1184/21/2634 1243/21/2634 1242/23/2634
f 1242/23/2634 1203/23/2634 1184/21/2634
s 1082
f 1198/49/2635 1229/49/2636 1228/50/2636
f 1228/50/2636 1208/50/2635 1198/49/2635
s 1083
f 1203/23/2637 1242/23/2637 1241/25/2637
f 1241/25/2637 1210/25/2637 1203/23/2637
s 1084
f 1208/50/2638 1228/50/2639 1227/52/2638
f 1227/52/2638 1215/52/2638 1208/50/2638
s 1085
f 1210/25/2640 1241/25/2640 1240/26/2640
f 1240/26/2640 1216/26/2641 1210/25/2640
s 1086
f 1215/52/2642 1227/52/2642 1226/55/2642
f 1226/55/2642 1194/55/2642 1215/52/2642
s 1087
f 1216/26/2643 1240/26/2643 1239/29/2643
f 1239/29/2643 1197/29/2643 1216/26/2643
s 1088
f 1194/55/2644 1226/55/2644 1225/56/2644
f 1225/56/2644 1193/56/2645 1194/55/2644
s 1089
f 1197/29/2646 1239/29/2647 1238/31/2648
f 1238/31/2648 1196/31/2646 1197/29/2646
s 1090
f 1200/2/2649 1220/2/2649 1219/3/2649
f 1219/3/2649 1201/3/2649 1200/2/2649
s 1091
f 1193/56/2650 1225/56/2651 1224/59/2652
f 1224/59/2652 1205/59/2650 1193/56/2650
s 1092
f 1196/31/2653 1238/31/2653 1237/33/2654
f 1237/33/2654 1207/33/2653 1196/31/2653
s 1093
f 1201/3/2655 1219/3/2656 1248/6/2655
f 1248/6/2655 1209/6/2655 1201/3/2655
s 1094
f 1205/59/2657 1224/59/2658 1223/61/2659
f 1223/61/2659 1212/61/2658 1205/59/2657
s 1095
f 1207/33/2660 1237/33/2661 1236/35/2661
f 1236/35/2661 1214/35/2660 1207/33/2660
s 1096
f 1209/6/2662 1248/6/2663 1188/8/2664
f 1188/8/2664 1187/8/2662 1209/6/2662
s 1097
f 1212/61/2665 1223/61/2666 1222/62/2667
f 1222/62/2667 1218/62/2668 1212/61/2665
s 1098
f 1214/35/2669 1236/35/2669 1235/37/2669
f 1235/37/2669 1192/37/2669 1214/35/2669
s 1099
f 1249/3/2670 1250/4/2670 1251/5/2670
f 1251/5/2670 1252/2/2670 1249/3/2670
s 1100
f 1253/7/2671 1250/4/2671 1249/3/2671
f 1249/3/2671 1254/6/2672 1253/7/2671
s 1101
f 1255/8/2673 1256/9/2673 1253/7/2673
f 1253/7/2673 1254/6/2673 1255/8/2673
s 1102
f 1257/11/2674 1256/9/2674 1255/8/2674
f 1255/8/2674 1258/10/2674 1257/11/2674
s 1103
f 1259/12/2675 1260/13/2675 1257/11/2675
f 1257/11/2675 1258/10/2675 1259/12/2675
s 1104
f 1261/14/2676 1260/13/2676 1259/12/2676
f 1259/12/2676 1262/15/2676 1261/14/2676
s 1105
f 1263/16/2677 1261/14/2677 1262/15/2677
f 1262/15/2677 1264/17/2677 1263/16/2677
s 1106
f 1265/18/2678 1266/19/2678 1263/16/2678
f 1263/16/2678 1264/17/2678 1265/18/2678
s 1107
f 1267/20/2679 1266/19/2679 1265/18/2679
f 1265/18/2679 1268/21/2679 1267/20/2679
s 1108
f 1269/23/2680 1270/22/2680 1267/20/2681
f 1267/20/2681 1268/21/2680 1269/23/2680
s 1109
f 1271/25/2682 1272/24/2682 1270/22/2682
f 1270/22/2682 1269/23/2682 1271/25/2682
s 1110
f 1273/27/2683 1272/24/2683 1271/25/2684
f 1271/25/2684 1274/26/2684 1273/27/2683
s 1111
f 1275/29/2685 1276/28/2685 1273/27/2685
f 1273/27/2685 1274/26/2685 1275/29/2685
s 1112
f 1277/31/2686 1278/30/2686 1276/28/2686
f 1276/28/2686 1275/29/2686 1277/31/2686
s 1113
f 1279/32/2687 1278/30/2687 1277/31/2687
f 1277/31/2687 1280/33/2687 1279/32/2687
s 1114
f 1280/33/2688 1281/35/2688 1282/34/2689
f 1282/34/2689 1279/32/2688 1280/33/2688
s 1115
f 1283/37/2690 1284/36/2690 1282/34/2690
f 1282/34/2690 1281/35/2690 1283/37/2690
s 1116
f 1285/38/2691 1284/36/2692 1283/37/2692
f 1283/37/2692 1286/39/2692 1285/38/2691
s 1117
f 1287/40/2693 1285/38/2693 1286/39/2693
f 1286/39/2693 1288/41/2693 1287/40/2693
s 1118
f 1289/42/2694 1290/43/2694 1287/40/2694
f 1287/40/2694 1288/41/2694 1289/42/2694
s 1119
f 1291/45/2695 1290/43/2695 1289/42/2695
f 1289/42/2695 1292/44/2695 1291/45/2695
s 1120
f 1293/47/2696 1294/46/2696 1291/45/2696
f 1291/45/2696 1292/44/2696 1293/47/2696
s 1121
f 1295/49/2697 1296/48/2698 1294/46/2697
f 1294/46/2697 1293/47/2698 1295/49/2697
s 1122
f 1297/51/2699 1296/48/2700 1295/49/2700
f 1295/49/2700 1298/50/2700 1297/51/2699
s 1123
f 1299/53/2701 1297/51/2701 1298/50/2701
f 1298/50/2701 1300/52/2701 1299/53/2701
s 1124
f 1301/55/2702 1302/54/2703 1299/53/2702
f 1299/53/2702 1300/52/2703 1301/55/2702
s 1125
f 1303/57/2704 1302/54/2704 1301/55/2704
f 1301/55/2704 1304/56/2704 1303/57/2704
s 1126
f 1305/59/2705 1306/58/2705 1303/57/2705
f 1303/57/2705 1304/56/2705 1305/59/2705
s 1127
f 1307/61/2706 1308/60/2706 1306/58/2706
f 1306/58/2706 1305/59/2706 1307/61/2706
s 1128
f 1309/63/2707 1308/60/2707 1307/61/2707
f 1307/61/2707 1310/62/2707 1309/63/2707
s 1129
f 1311/21/2708 1268/21/2708 1265/18/2708
f 1265/18/2708 1312/18/2708 1311/21/2708
s 1130
f 1313/64/2709 1314/65/2709 1309/63/2709
f 1309/63/2709 1310/62/2709 1313/64/2709
s 1131
f 1313/64/2710 1252/66/2710 1251/67/2710
f 1251/67/2710 1314/65/2710 1313/64/2710
s 1132
f 1251/98/1 1250/68/2711 1253/69/1
f 1253/69/1 1256/70/1 1257/71/1
f 1251/98/1 1253/69/1 1257/71/1
f 1260/72/1 1261/73/1 1263/74/1
f 1257/71/1 1260/72/1 1263/74/1
f 1257/71/1 1263/74/1 1266/75/1
f 1266/75/1 1267/76/2545 1270/77/1
f 1257/71/1 1266/75/1 1270/77/1
f 1257/71/1 1270/77/1 1272/78/1
f 1272/78/1 1273/79/2547 1276/80/1
f 1257/71/1 1272/78/1 1276/80/1
f 1257/71/1 1276/80/1 1278/81/1
f 1278/81/1 1279/82/2545 1282/83/1
f 1257/71/1 1278/81/1 1282/83/1
f 1257/71/1 1282/83/1 1284/84/1
f 1284/84/1 1285/85/2711 1287/86/1
f 1257/71/1 1284/84/1 1287/86/1
f 1257/71/1 1287/86/1 1290/87/1
f 1290/87/1 1291/88/1 1294/89/1
f 1257/71/1 1290/87/1 1294/89/1
f 1257/71/1 1294/89/1 1296/90/1
f 1296/90/1 1297/91/1 1299/92/1
f 1257/71/1 1296/90/1 1299/92/1
f 1257/71/1 1299/92/1 1302/93/1
f 1302/93/1 1303/94/1 1306/95/1
f 1257/71/1 1302/93/1 1306/95/1
f 1257/71/1 1306/95/1 1308/96/1
f 1251/98/1 1257/71/1 1308/96/1
f 1251/98/1 1308/96/1 1309/97/1
f 1251/98/1 1309/97/1 1314/99/2712
s 1133
f 1315/10/2713 1316/8/2713 1317/8/2714
f 1317/8/2714 1318/10/2714 1315/10/2713
s 1134
f 1319/39/2715 1286/39/2715 1283/37/2715
f 1283/37/2715 1320/37/2715 1319/39/2715
s 1135
f 1321/56/2716 1304/56/2716 1301/55/2716
f 1301/55/2716 1322/55/2716 1321/56/2716
s 1136
f 1258/10/2717 1315/10/2718 1323/12/2717
f 1323/12/2717 1259/12/2717 1258/10/2717
s 1137
f 1275/29/2719 1324/29/2719 1325/31/2720
f 1325/31/2720 1277/31/2719 1275/29/2719
s 1138
f 1295/49/2721 1293/47/2721 1326/47/2721
f 1326/47/2721 1327/49/2722 1295/49/2721
s 1139
f 1252/2/2723 1328/2/2723 1329/3/2723
f 1329/3/2723 1249/3/2723 1252/2/2723
s 1140
f 1252/66/2724 1313/64/2724 1330/64/2724
f 1330/64/2724 1328/66/2725 1252/66/2724
s 1141
f 1311/21/2726 1331/23/2726 1269/23/2726
f 1269/23/2726 1268/21/2726 1311/21/2726
s 1142
f 1319/39/2727 1332/41/2728 1288/41/2729
f 1288/41/2729 1286/39/2729 1319/39/2727
s 1143
f 1321/56/2730 1333/59/2730 1305/59/2731
f 1305/59/2731 1304/56/2731 1321/56/2730
s 1144
f 1334/15/2732 1262/15/2732 1259/12/2732
f 1259/12/2732 1323/12/2732 1334/15/2732
s 1145
f 1335/33/2733 1280/33/2733 1277/31/2733
f 1277/31/2733 1325/31/2733 1335/33/2733
s 1146
f 1336/50/2734 1298/50/2734 1295/49/2734
f 1295/49/2734 1327/49/2734 1336/50/2734
s 1147
f 1337/6/2735 1254/6/2735 1249/3/2735
f 1249/3/2735 1329/3/2735 1337/6/2735
s 1148
f 1269/23/2736 1331/23/2736 1338/25/2736
f 1338/25/2736 1271/25/2736 1269/23/2736
s 1149
f 1289/42/2737 1288/41/2737 1332/41/2738
f 1332/41/2738 1339/42/2738 1289/42/2737
s 1150
f 1307/61/2739 1305/59/2740 1333/59/2739
f 1333/59/2739 1340/61/2739 1307/61/2739
s 1151
f 1334/15/2741 1341/17/2741 1264/17/2741
f 1264/17/2741 1262/15/2741 1334/15/2741
s 1152
f 1335/33/2742 1342/35/2742 1281/35/2742
f 1281/35/2742 1280/33/2742 1335/33/2742
s 1153
f 1336/50/2743 1343/52/2743 1300/52/2743
f 1300/52/2743 1298/50/2743 1336/50/2743
s 1154
f 1254/6/2744 1337/6/2745 1316/8/2744
f 1316/8/2744 1255/8/2744 1254/6/2744
s 1155
f 1344/26/2746 1274/26/2747 1271/25/2747
f 1271/25/2747 1338/25/2746 1344/26/2746
s 1156
f 1345/44/2748 1292/44/2749 1289/42/2749
f 1289/42/2749 1339/42/2748 1345/44/2748
s 1157
f 1346/62/2750 1310/62/2751 1307/61/2750
f 1307/61/2750 1340/61/2752 1346/62/2750
s 1158
f 1264/17/2753 1341/17/2753 1312/18/2753
f 1312/18/2753 1265/18/2753 1264/17/2753
s 1159
f 1281/35/2754 1342/35/2755 1320/37/2755
f 1320/37/2755 1283/37/2754 1281/35/2754
s 1160
f 1301/55/2756 1300/52/2756 1343/52/2756
f 1343/52/2756 1322/55/2756 1301/55/2756
s 1161
f 1315/10/2757 1258/10/2757 1255/8/2757
f 1255/8/2757 1316/8/2757 1315/10/2757
s 1162
f 1344/26/2758 1324/29/2758 1275/29/2758
f 1275/29/2758 1274/26/2758 1344/26/2758
s 1163
f 1345/44/2759 1326/47/2759 1293/47/2759
f 1293/47/2759 1292/44/2759 1345/44/2759
s 1164
f 1346/62/2760 1330/64/2761 1313/64/2761
f 1313/64/2761 1310/62/2762 1346/62/2760
s 1165
f 1347/102/2763 1348/103/2764 1349/104/2765
f 1347/102/2763 1349/104/2765 1350/105/2763
f 1350/105/2763 1351/106/2766 1352/107/2763
f 1347/102/2763 1350/105/2763 1352/107/2763
f 1347/102/2763 1352/107/2763 1353/108/2763
f 1353/108/2763 1354/109/2763 1355/110/2763
f 1347/102/2763 1353/108/2763 1355/110/2763
f 1347/102/2763 1355/110/2763 1356/111/2763
f 1356/111/2763 1357/112/2767 1358/113/2763
f 1347/102/2763 1356/111/2763 1358/113/2763
f 1347/102/2763 1358/113/2763 1359/114/2763
f 1359/114/2763 1360/115/2768 1361/116/2763
f 1347/102/2763 1359/114/2763 1361/116/2763
f 1347/102/2763 1361/116/2763 1362/117/2763
f 1362/117/2763 1363/118/2767 1364/119/2763
f 1347/102/2763 1362/117/2763 1364/119/2763
f 1347/102/2763 1364/119/2763 1365/120/2763
f 1365/120/2763 1366/121/2769 1367/122/2763
f 1347/102/2763 1365/120/2763 1367/122/2763
f 1347/102/2763 1367/122/2763 1368/123/2763
f 1368/123/2763 1369/124/2768 1370/125/2763
f 1347/102/2763 1368/123/2763 1370/125/2763
f 1370/125/2763 1371/126/2770 1372/127/2771
f 1370/125/2763 1372/127/2771 1373/128/2763
f 1347/102/2763 1370/125/2763 1373/128/2763
f 1347/102/2763 1373/128/2763 1318/129/2763
f 1318/129/2763 1317/130/2772 1374/131/2763
f 1347/102/2763 1318/129/2763 1374/131/2763
f 1375/101/2773 1347/102/2763 1374/131/2763
f 1376/100/2768 1375/101/2773 1374/131/2763
s 1166
f 1330/64/2774 1346/62/2774 1348/62/2775
f 1348/62/2775 1347/64/2774 1330/64/2774
s 1167
f 1361/37/2776 1360/39/2776 1319/39/2776
f 1319/39/2776 1320/37/2776 1361/37/2776
s 1168
f 1323/12/2777 1315/10/2778 1318/10/2779
f 1318/10/2779 1373/12/2779 1323/12/2777
s 1169
f 1328/66/2780 1330/64/2781 1347/64/2780
f 1347/64/2780 1375/66/2780 1328/66/2780
s 1170
f 1332/41/2782 1319/39/2783 1360/39/2783
f 1360/39/2783 1359/41/2783 1332/41/2782
s 1171
f 1372/15/2784 1334/15/2785 1323/12/2785
f 1323/12/2785 1373/12/2784 1372/15/2784
s 1172
f 1339/42/2786 1332/41/2786 1359/41/2787
f 1359/41/2787 1358/42/2788 1339/42/2786
s 1173
f 1341/17/2789 1334/15/2789 1372/15/2789
f 1372/15/2789 1371/17/2789 1341/17/2789
s 1174
f 1358/42/2790 1357/44/2790 1345/44/2791
f 1345/44/2791 1339/42/2791 1358/42/2790
s 1175
f 1312/18/2792 1341/17/2793 1371/17/2794
f 1371/17/2794 1370/18/2793 1312/18/2792
s 1176
f 1326/47/2795 1345/44/2796 1357/44/2796
f 1357/44/2796 1356/47/2796 1326/47/2795
s 1177
f 1370/18/2797 1369/21/2797 1311/21/2798
f 1311/21/2798 1312/18/2798 1370/18/2797
s 1178
f 1327/49/2799 1326/47/2799 1356/47/2799
f 1356/47/2799 1355/49/2799 1327/49/2799
s 1179
f 1331/23/2800 1311/21/2800 1369/21/2800
f 1369/21/2800 1368/23/2800 1331/23/2800
s 1180
f 1355/49/2801 1354/50/2802 1336/50/2803
f 1336/50/2803 1327/49/2803 1355/49/2801
s 1181
f 1338/25/2804 1331/23/2804 1368/23/2804
f 1368/23/2804 1367/25/2804 1338/25/2804
s 1182
f 1343/52/2805 1336/50/2805 1354/50/2806
f 1354/50/2806 1353/52/2805 1343/52/2805
s 1183
f 1367/25/2807 1366/26/2808 1344/26/2809
f 1344/26/2809 1338/25/2809 1367/25/2807
s 1184
f 1322/55/2810 1343/52/2810 1353/52/2811
f 1353/52/2811 1352/55/2811 1322/55/2810
s 1185
f 1324/29/2812 1344/26/2812 1366/26/2812
f 1366/26/2812 1365/29/2812 1324/29/2812
s 1186
f 1352/55/2813 1351/56/2813 1321/56/2814
f 1321/56/2814 1322/55/2815 1352/55/2813
s 1187
f 1325/31/2816 1324/29/2816 1365/29/2817
f 1365/29/2817 1364/31/2818 1325/31/2816
s 1188
f 1328/2/2819 1375/2/2820 1376/3/2821
f 1376/3/2821 1329/3/2819 1328/2/2819
s 1189
f 1333/59/2822 1321/56/2823 1351/56/2824
f 1351/56/2824 1350/59/2824 1333/59/2822
s 1190
f 1364/31/2825 1363/33/2826 1335/33/2825
f 1335/33/2825 1325/31/2827 1364/31/2825
s 1191
f 1374/6/2828 1337/6/2828 1329/3/2828
f 1329/3/2828 1376/3/2828 1374/6/2828
s 1192
f 1340/61/2829 1333/59/2830 1350/59/2831
f 1350/59/2831 1349/61/2831 1340/61/2829
s 1193
f 1342/35/2832 1335/33/2832 1363/33/2833
f 1363/33/2833 1362/35/2833 1342/35/2832
s 1194
f 1317/8/2834 1316/8/2835 1337/6/2835
f 1337/6/2835 1374/6/2834 1317/8/2834
s 1195
f 1349/61/2836 1348/62/2836 1346/62/2837
f 1346/62/2837 1340/61/2838 1349/61/2836
s 1196
f 1320/37/2839 1342/35/2840 1362/35/2840
f 1362/35/2840 1361/37/2841 1320/37/2839
s 1197
f 1377/3/2842 1378/4/2842 1379/5/2842
f 1379/5/2842 1380/2/2842 1377/3/2842
s 1198
f 1381/7/2843 1378/4/2843 1377/3/2843
f 1377/3/2843 1382/6/2843 1381/7/2843
s 1199
f 1383/8/2844 1384/9/2845 1381/7/2844
f 1381/7/2844 1382/6/2845 1383/8/2844
s 1200
f 1385/10/2846 1386/11/2846 1384/9/2846
f 1384/9/2846 1383/8/2847 1385/10/2846
s 1201
f 1387/13/2848 1386/11/2848 1385/10/2848
f 1385/10/2848 1388/12/2848 1387/13/2848
s 1202
f 1389/15/2849 1390/14/2849 1387/13/2849
f 1387/13/2849 1388/12/2849 1389/15/2849
s 1203
f 1391/17/2850 1392/16/2850 1390/14/2850
f 1390/14/2850 1389/15/2850 1391/17/2850
s 1204
f 1393/19/2851 1392/16/2851 1391/17/2851
f 1391/17/2851 1394/18/2851 1393/19/2851
s 1205
f 1395/21/2852 1396/20/2852 1393/19/2852
f 1393/19/2852 1394/18/2852 1395/21/2852
s 1206
f 1397/23/2853 1398/22/2853 1396/20/2853
f 1396/20/2853 1395/21/2853 1397/23/2853
s 1207
f 1399/24/2854 1398/22/2854 1397/23/2854
f 1397/23/2854 1400/25/2854 1399/24/2854
s 1208
f 1401/26/2855 1402/27/2855 1399/24/2855
f 1399/24/2855 1400/25/2855 1401/26/2855
s 1209
f 1403/29/2856 1404/28/2856 1402/27/2856
f 1402/27/2856 1401/26/2856 1403/29/2856
s 1210
f 1405/30/2857 1404/28/2858 1403/29/2859
f 1403/29/2859 1406/31/2860 1405/30/2857
s 1211
f 1407/32/2861 1405/30/2861 1406/31/2861
f 1406/31/2861 1408/33/2861 1407/32/2861
s 1212
f 1409/35/2862 1410/34/2862 1407/32/2862
f 1407/32/2862 1408/33/2862 1409/35/2862
s 1213
f 1411/36/2863 1410/34/2863 1409/35/2863
f 1409/35/2863 1412/37/2863 1411/36/2863
s 1214
f 1413/38/2864 1411/36/2864 1412/37/2864
f 1412/37/2864 1414/39/2864 1413/38/2864
s 1215
f 1415/41/2865 1416/40/2865 1413/38/2865
f 1413/38/2865 1414/39/2865 1415/41/2865
s 1216
f 1417/43/2866 1416/40/2866 1415/41/2866
f 1415/41/2866 1418/42/2866 1417/43/2866
s 1217
f 1419/44/2867 1420/45/2867 1417/43/2867
f 1417/43/2867 1418/42/2867 1419/44/2867
s 1218
f 1421/47/2868 1422/46/2868 1420/45/2868
f 1420/45/2868 1419/44/2868 1421/47/2868
s 1219
f 1423/48/2869 1422/46/2869 1421/47/2869
f 1421/47/2869 1424/49/2869 1423/48/2869
s 1220
f 1425/51/2870 1423/48/2870 1424/49/2870
f 1424/49/2870 1426/50/2870 1425/51/2870
s 1221
f 1427/52/2871 1428/53/2871 1425/51/2871
f 1425/51/2871 1426/50/2871 1427/52/2871
s 1222
f 1429/54/2872 1428/53/2872 1427/52/2872
f 1427/52/2872 1430/55/2872 1429/54/2872
s 1223
f 1431/56/2873 1432/57/2873 1429/54/2873
f 1429/54/2873 1430/55/2873 1431/56/2873
s 1224
f 1433/59/2874 1434/58/2874 1432/57/2874
f 1432/57/2874 1431/56/2874 1433/59/2874
s 1225
f 1435/60/2875 1434/58/2875 1433/59/2875
f 1433/59/2875 1436/61/2875 1435/60/2875
s 1226
f 1437/62/2876 1438/63/2877 1435/60/2876
f 1435/60/2876 1436/61/2877 1437/62/2876
s 1227
f 1394/18/2878 1439/18/2878 1440/21/2878
f 1440/21/2878 1395/21/2878 1394/18/2878
s 1228
f 1441/64/2879 1442/65/2879 1438/63/2879
f 1438/63/2879 1437/62/2879 1441/64/2879
s 1229
f 1441/64/2880 1380/66/2880 1379/67/2880
f 1379/67/2880 1442/65/2880 1441/64/2880
s 1230
f 1378/68/1 1381/69/2547 1384/70/1
f 1379/98/1 1378/68/1 1384/70/1
f 1379/98/1 1384/70/1 1386/71/1
f 1386/71/1 1387/72/1 1390/73/1
f 1379/98/1 1386/71/1 1390/73/1
f 1379/98/1 1390/73/1 1392/74/1
f 1392/74/1 1393/75/1 1396/76/1
f 1379/98/1 1392/74/1 1396/76/1
f 1379/98/1 1396/76/1 1398/77/1
f 1398/77/1 1399/78/2546 1402/79/1
f 1379/98/1 1398/77/1 1402/79/1
f 1379/98/1 1402/79/1 1404/80/1
f 1404/80/1 1405/81/1 1407/82/1
f 1379/98/1 1404/80/1 1407/82/1
f 1379/98/1 1407/82/1 1410/83/1
f 1410/83/1 1411/84/1 1413/85/1
f 1379/98/1 1410/83/1 1413/85/1
f 1379/98/1 1413/85/1 1416/86/1
f 1416/86/1 1417/87/1 1420/88/1
f 1379/98/1 1416/86/1 1420/88/1
f 1379/98/1 1420/88/1 1422/89/1
f 1422/89/1 1423/90/1 1425/91/1
f 1379/98/1 1422/89/1 1425/91/1
f 1379/98/1 1425/91/1 1428/92/1
f 1428/92/1 1429/93/1 1432/94/1
f 1379/98/1 1428/92/1 1432/94/1
f 1379/98/1 1432/94/1 1434/95/1
f 1434/95/1 1435/96/2545 1438/97/1
f 1379/98/1 1434/95/1 1438/97/1
f 1379/98/1 1438/97/1 1442/99/2547
s 1231
f 1443/8/2881 1444/8/2881 1445/10/2881
f 1445/10/2881 1446/10/2881 1443/8/2881
s 1232
f 1447/39/2882 1414/39/2882 1412/37/2882
f 1412/37/2882 1448/37/2883 1447/39/2882
s 1233
f 1449/56/2884 1431/56/2885 1430/55/2885
f 1430/55/2885 1450/55/2884 1449/56/2884
s 1234
f 1385/10/2886 1446/10/2886 1451/12/2886
f 1451/12/2886 1388/12/2886 1385/10/2886
s 1235
f 1406/31/2887 1403/29/2887 1452/29/2888
f 1452/29/2888 1453/31/2888 1406/31/2887
s 1236
f 1424/49/2889 1421/47/2889 1454/47/2889
f 1454/47/2889 1455/49/2889 1424/49/2889
s 1237
f 1456/3/2890 1377/3/2890 1380/2/2890
f 1380/2/2890 1457/2/2890 1456/3/2890
s 1238
f 1458/64/2891 1457/66/2891 1380/66/2892
f 1380/66/2892 1441/64/2892 1458/64/2891
s 1239
f 1395/21/2893 1440/21/2893 1459/23/2893
f 1459/23/2893 1397/23/2893 1395/21/2893
s 1240
f 1460/41/2894 1415/41/2894 1414/39/2894
f 1414/39/2894 1447/39/2894 1460/41/2894
s 1241
f 1461/59/2895 1433/59/2896 1431/56/2896
f 1431/56/2896 1449/56/2895 1461/59/2895
s 1242
f 1388/12/2897 1451/12/2897 1462/15/2897
f 1462/15/2897 1389/15/2897 1388/12/2897
s 1243
f 1463/33/2898 1408/33/2899 1406/31/2899
f 1406/31/2899 1453/31/2898 1463/33/2898
s 1244
f 1464/50/2900 1426/50/2900 1424/49/2900
f 1424/49/2900 1455/49/2901 1464/50/2900
s 1245
f 1377/3/2902 1456/3/2902 1465/6/2902
f 1465/6/2902 1382/6/2902 1377/3/2902
s 1246
f 1459/23/2903 1466/25/2903 1400/25/2903
f 1400/25/2903 1397/23/2903 1459/23/2903
s 1247
f 1418/42/2904 1415/41/2905 1460/41/2905
f 1460/41/2905 1467/42/2905 1418/42/2904
s 1248
f 1436/61/2906 1433/59/2907 1461/59/2907
f 1461/59/2907 1468/61/2907 1436/61/2906
s 1249
f 1389/15/2908 1462/15/2908 1469/17/2908
f 1469/17/2908 1391/17/2908 1389/15/2908
s 1250
f 1470/35/2909 1409/35/2909 1408/33/2909
f 1408/33/2909 1463/33/2909 1470/35/2909
s 1251
f 1471/52/2910 1427/52/2910 1426/50/2910
f 1426/50/2910 1464/50/2910 1471/52/2910
s 1252
f 1382/6/2911 1465/6/2912 1443/8/2912
f 1443/8/2912 1383/8/2911 1382/6/2911
s 1253
f 1466/25/2913 1472/26/2913 1401/26/2914
f 1401/26/2914 1400/25/2914 1466/25/2913
s 1254
f 1473/44/2915 1419/44/2916 1418/42/2916
f 1418/42/2916 1467/42/2917 1473/44/2915
s 1255
f 1474/62/2918 1437/62/2919 1436/61/2919
f 1436/61/2919 1468/61/2918 1474/62/2918
s 1256
f 1391/17/2920 1469/17/2920 1439/18/2920
f 1439/18/2920 1394/18/2920 1391/17/2920
s 1257
f 1412/37/2921 1409/35/2922 1470/35/2923
f 1470/35/2923 1448/37/2923 1412/37/2921
s 1258
f 1430/55/2924 1427/52/2924 1471/52/2924
f 1471/52/2924 1450/55/2924 1430/55/2924
s 1259
f 1383/8/2925 1443/8/2925 1446/10/2925
f 1446/10/2925 1385/10/2925 1383/8/2925
s 1260
f 1403/29/2926 1401/26/2926 1472/26/2926
f 1472/26/2926 1452/29/2926 1403/29/2926
s 1261
f 1454/47/2927 1421/47/2927 1419/44/2927
f 1419/44/2927 1473/44/2927 1454/47/2927
s 1262
f 1458/64/2928 1441/64/2929 1437/62/2929
f 1437/62/2929 1474/62/2929 1458/64/2928
s 1263
f 1475/100/2930 1476/101/2931 1477/102/2930
f 1477/102/2930 1478/103/2932 1479/104/2930
f 1475/100/2930 1477/102/2930 1479/104/2930
f 1480/105/2933 1481/106/2934 1482/107/2930
f 1479/104/2930 1480/105/2933 1482/107/2930
f 1475/100/2930 1479/104/2930 1482/107/2930
f 1483/108/2935 1484/109/2936 1485/110/2937
f 1482/107/2930 1483/108/2935 1485/110/2937
f 1486/111/2931 1487/112/2938 1488/113/2930
f 1485/110/2937 1486/111/2931 1488/113/2930
f 1482/107/2930 1485/110/2937 1488/113/2930
f 1475/100/2930 1482/107/2930 1488/113/2930
f 1489/114/2939 1490/115/2940 1491/116/2930
f 1488/113/2930 1489/114/2939 1491/116/2930
f 1492/117/2941 1493/118/2942 1494/119/2930
f 1491/116/2930 1492/117/2941 1494/119/2930
f 1488/113/2930 1491/116/2930 1494/119/2930
f 1495/120/2942 1496/121/2943 1497/122/2930
f 1494/119/2930 1495/120/2942 1497/122/2930
f 1498/123/2944 1499/124/2945 1500/125/2930
f 1497/122/2930 1498/123/2944 1500/125/2930
f 1494/119/2930 1497/122/2930 1500/125/2930
f 1488/113/2930 1494/119/2930 1500/125/2930
f 1475/100/2930 1488/113/2930 1500/125/2930
f 1501/126/2946 1502/127/2932 1503/128/2937
f 1500/125/2930 1501/126/2946 1503/128/2937
f 1445/129/2935 1444/130/2930 1504/131/2931
f 1503/128/2937 1445/129/2935 1504/131/2931
f 1500/125/2930 1503/128/2937 1504/131/2931
f 1475/100/2930 1500/125/2930 1504/131/2931
s 1264
f 1474/62/2947 1478/62/2948 1477/64/2947
f 1477/64/2947 1458/64/2948 1474/62/2947
s 1265
f 1447/39/2949 1448/37/2950 1491/37/2950
f 1491/37/2950 1490/39/2950 1447/39/2949
s 1266
f 1503/12/2951 1451/12/2952 1446/10/2952
f 1446/10/2952 1445/10/2951 1503/12/2951
s 1267
f 1477/64/2953 1476/66/2953 1457/66/2953
f 1457/66/2953 1458/64/2953 1477/64/2953
s 1268
f 1447/39/2954 1490/39/2955 1489/41/2954
f 1489/41/2954 1460/41/2956 1447/39/2954
s 1269
f 1462/15/2957 1451/12/2957 1503/12/2957
f 1503/12/2957 1502/15/2957 1462/15/2957
s 1270
f 1488/42/2958 1467/42/2958 1460/41/2958
f 1460/41/2958 1489/41/2958 1488/42/2958
s 1271
f 1462/15/2959 1502/15/2959 1501/17/2959
f 1501/17/2959 1469/17/2959 1462/15/2959
s 1272
f 1473/44/2960 1467/42/2960 1488/42/2960
f 1488/42/2960 1487/44/2960 1473/44/2960
s 1273
f 1500/18/2961 1439/18/2962 1469/17/2962
f 1469/17/2962 1501/17/2962 1500/18/2961
s 1274
f 1473/44/2963 1487/44/2964 1486/47/2964
f 1486/47/2964 1454/47/2963 1473/44/2963
s 1275
f 1440/21/2965 1439/18/2965 1500/18/2965
f 1500/18/2965 1499/21/2965 1440/21/2965
s 1276
f 1485/49/2966 1455/49/2966 1454/47/2966
f 1454/47/2966 1486/47/2966 1485/49/2966
s 1277
f 1440/21/2967 1499/21/2968 1498/23/2967
f 1498/23/2967 1459/23/2967 1440/21/2967
s 1278
f 1464/50/2969 1455/49/2969 1485/49/2970
f 1485/49/2970 1484/50/2970 1464/50/2969
s 1279
f 1459/23/2971 1498/23/2972 1497/25/2971
f 1497/25/2971 1466/25/2971 1459/23/2971
s 1280
f 1464/50/2973 1484/50/2973 1483/52/2974
f 1483/52/2974 1471/52/2974 1464/50/2973
s 1281
f 1497/25/2975 1496/26/2975 1472/26/2976
f 1472/26/2976 1466/25/2977 1497/25/2975
s 1282
f 1482/55/2978 1450/55/2979 1471/52/2979
f 1471/52/2979 1483/52/2978 1482/55/2978
s 1283
f 1495/29/2980 1452/29/2981 1472/26/2981
f 1472/26/2981 1496/26/2980 1495/29/2980
s 1284
f 1449/56/2982 1450/55/2983 1482/55/2984
f 1482/55/2984 1481/56/2984 1449/56/2982
s 1285
f 1494/31/2985 1453/31/2986 1452/29/2986
f 1452/29/2986 1495/29/2985 1494/31/2985
s 1286
f 1456/3/2987 1457/2/2987 1476/2/2987
f 1476/2/2987 1475/3/2987 1456/3/2987
s 1287
f 1449/56/2988 1481/56/2989 1480/59/2989
f 1480/59/2989 1461/59/2988 1449/56/2988
s 1288
f 1463/33/2990 1453/31/2990 1494/31/2990
f 1494/31/2990 1493/33/2990 1463/33/2990
s 1289
f 1504/6/2991 1465/6/2991 1456/3/2991
f 1456/3/2991 1475/3/2991 1504/6/2991
s 1290
f 1479/61/2992 1468/61/2993 1461/59/2994
f 1461/59/2994 1480/59/2993 1479/61/2992
s 1291
f 1463/33/2995 1493/33/2995 1492/35/2995
f 1492/35/2995 1470/35/2995 1463/33/2995
s 1292
f 1443/8/2996 1465/6/2997 1504/6/2998
f 1504/6/2998 1444/8/2999 1443/8/2996
s 1293
f 1474/62/3000 1468/61/3001 1479/61/3002
f 1479/61/3002 1478/62/3002 1474/62/3000
s 1294
f 1491/37/3003 1448/37/3003 1470/35/3003
f 1470/35/3003 1492/35/3003 1491/37/3003
