# Blender 5.0.1
# www.blender.org
mtllib goddard_pata_delantera.mtl
g Pata_delantera_Malla
v 0.007684 0.045682 -0.317243
v 0.079584 0.076482 -0.309543
v 0.148684 0.105982 -0.286743
v 0.212384 0.133282 -0.249743
v 0.268283 0.157182 -0.199843
v 0.314084 0.176782 -0.139143
v 0.348184 0.191382 -0.069844
v 0.369084 0.200282 0.005357
v 0.376184 0.203382 0.083556
v 0.369084 0.200282 0.161757
v 0.348184 0.191382 0.236957
v 0.314084 0.176782 0.306257
v 0.268283 0.157182 0.367057
v 0.212384 0.133282 0.416857
v 0.148684 0.105982 0.453957
v 0.079584 0.076482 0.476757
v 0.007684 0.045682 0.484457
v -0.064216 0.014882 0.476757
v -0.133416 -0.014618 0.453957
v -0.197116 -0.041918 0.416857
v -0.252916 -0.065818 0.367057
v -0.298816 -0.085418 0.306257
v -0.332816 -0.100018 0.236957
v -0.353817 -0.108918 0.161757
v -0.360916 -0.112018 0.083556
v -0.353817 -0.108918 0.005357
v -0.332816 -0.100018 -0.069844
v -0.298816 -0.085418 -0.139143
v -0.252916 -0.065818 -0.199843
v -0.064216 0.014882 -0.309543
v -0.197116 -0.041918 -0.249743
v -0.133416 -0.014618 -0.286743
v -0.302117 -0.229818 0.161757
v -0.255516 -0.249018 0.154757
v -0.261917 -0.251818 0.083556
v -0.309116 -0.232918 0.083556
v -0.081617 -0.135518 0.453957
v -0.145416 -0.162818 0.416857
v 0.059384 -0.075218 -0.317243
v -0.012516 -0.105918 -0.309543
v 0.319983 0.036282 -0.199843
v 0.365784 0.055882 -0.139143
v -0.012516 -0.105918 0.476757
v -0.081617 -0.135518 -0.286743
v 0.264184 0.012382 -0.249743
v 0.059384 -0.075218 0.484457
v -0.145416 -0.162818 -0.249743
v 0.200384 -0.014818 -0.286743
v 0.131284 -0.044418 0.476757
v -0.201216 -0.186718 -0.199843
v 0.131284 -0.044418 -0.309543
v 0.200384 -0.014818 0.453957
v -0.247016 -0.206318 -0.139143
v 0.264184 0.012382 0.416857
v -0.281116 -0.220918 -0.069844
v 0.319983 0.036282 0.367057
v -0.302117 -0.229818 0.005357
v 0.365784 0.055882 0.306257
v 0.399884 0.070482 0.236957
v 0.420884 0.079482 0.161757
v -0.281116 -0.220918 0.236957
v 0.427884 0.082482 0.083556
v -0.247016 -0.206318 0.306257
v 0.420884 0.079482 0.005357
v -0.201216 -0.186718 0.367057
v 0.399884 0.070482 -0.069844
v -0.163716 -0.209718 0.341656
v -0.175316 -0.235818 0.362556
v -0.220416 -0.255118 0.302757
v -0.205416 -0.227618 0.286356
v 0.402584 0.032482 0.154757
v 0.383484 0.024382 0.223257
v -0.236416 -0.240918 0.223257
v 0.408984 0.035282 0.083556
v 0.402584 0.032482 0.012357
v 0.383484 0.024382 -0.056043
v -0.112816 -0.188018 0.386956
v 0.352484 0.011082 -0.119143
v -0.054816 -0.163218 0.420757
v 0.008084 -0.136318 -0.274343
v 0.073483 -0.108318 -0.281343
v 0.310784 -0.006818 -0.174443
v 0.008084 -0.136318 0.441457
v -0.054816 -0.163218 -0.253543
v 0.259884 -0.028518 -0.219843
v 0.073483 -0.108318 0.448457
v -0.112816 -0.188018 -0.219843
v 0.201884 -0.053318 -0.253543
v 0.138983 -0.080218 0.441457
v -0.163716 -0.209718 -0.174443
v 0.138983 -0.080218 -0.274343
v 0.201884 -0.053318 0.420757
v -0.205416 -0.227618 -0.119143
v 0.259884 -0.028518 0.386956
v -0.236416 -0.240918 -0.056043
v 0.310784 -0.006818 0.341656
v -0.255516 -0.249018 0.012357
v 0.352484 0.011082 0.286356
v -0.057616 -0.185418 0.448056
v 0.010383 -0.156318 0.470457
v 0.069983 -0.295718 0.470457
v 0.001984 -0.324818 0.448056
v 0.416184 0.017282 -0.067343
v 0.436884 0.026082 0.006657
v -0.120317 -0.212318 0.411557
v 0.382684 0.002882 -0.135543
v 0.010383 -0.156318 -0.303243
v 0.081184 -0.126118 -0.310843
v 0.337584 -0.016418 -0.195343
v -0.057616 -0.185418 -0.280843
v 0.282683 -0.039918 -0.244344
v 0.081184 -0.126118 0.478056
v -0.120317 -0.212318 -0.244344
v 0.219984 -0.066718 -0.280843
v 0.151883 -0.095818 0.470457
v -0.175316 -0.235818 -0.195343
v 0.151883 -0.095818 -0.303243
v 0.219984 -0.066718 0.448056
v -0.220416 -0.255118 -0.135543
v 0.282683 -0.039918 0.411556
v -0.253917 -0.269418 -0.067343
v 0.337584 -0.016418 0.362556
v -0.274516 -0.278218 0.006657
v 0.382684 0.002882 0.302757
v -0.281516 -0.281218 0.083556
v 0.416184 0.017282 0.234556
v -0.274516 -0.278218 0.160557
v 0.436884 0.026082 0.160557
v -0.253917 -0.269418 0.234556
v 0.443784 0.029082 0.083556
v 0.279584 -0.206118 0.448056
v 0.281084 -0.250818 0.409056
v 0.220384 -0.276818 0.429057
v 0.211583 -0.235218 0.470457
v 0.001984 -0.324818 -0.280843
v 0.069983 -0.295718 -0.303243
v 0.342283 -0.179218 -0.244344
v 0.397184 -0.155718 -0.195343
v 0.140784 -0.265418 0.478056
v -0.060717 -0.351618 -0.244343
v 0.279584 -0.206118 -0.280843
v -0.115616 -0.375218 -0.195343
v 0.211583 -0.235218 -0.303243
v -0.160716 -0.394518 -0.135543
v 0.140784 -0.265418 -0.310843
v 0.342283 -0.179218 0.411556
v -0.194317 -0.408818 -0.067343
v 0.397184 -0.155718 0.362556
v -0.214916 -0.417618 0.006657
v 0.442284 -0.136418 0.302757
v -0.221916 -0.420618 0.083556
v 0.475884 -0.122118 0.234556
v -0.214916 -0.417618 0.160557
v 0.496484 -0.113318 0.160557
v -0.194317 -0.408818 0.234556
v 0.503484 -0.110318 0.083556
v -0.160716 -0.394518 0.302757
v 0.496484 -0.113318 0.006657
v -0.115616 -0.375218 0.362556
v 0.475884 -0.122118 -0.067343
v -0.060717 -0.351618 0.411557
v 0.442284 -0.136418 -0.135543
v 0.426484 -0.188618 0.279257
v 0.477284 -0.220318 0.302156
v 0.432284 -0.239518 0.361757
v 0.386184 -0.205818 0.332657
v -0.112116 -0.419018 -0.112143
v -0.071816 -0.401818 -0.165544
v 0.220384 -0.276818 -0.261943
v 0.157184 -0.303818 -0.268643
v 0.337084 -0.226818 0.376457
v -0.142016 -0.431818 -0.051244
v -0.160416 -0.439718 0.014857
v -0.166716 -0.442318 0.083556
v 0.456384 -0.175818 0.218357
v -0.160416 -0.439718 0.152357
v 0.474784 -0.167918 0.152357
v -0.142016 -0.431818 0.218357
v 0.481084 -0.165218 0.083556
v -0.112116 -0.419018 0.279257
v 0.474784 -0.167918 0.014857
v -0.071816 -0.401818 0.332657
v 0.456384 -0.175818 -0.051244
v -0.022717 -0.380818 0.376457
v 0.426484 -0.188618 -0.112144
v 0.033283 -0.356818 0.409056
v 0.093984 -0.330818 -0.261943
v 0.386184 -0.205818 -0.165544
v 0.093984 -0.330818 0.429057
v 0.033283 -0.356818 -0.241843
v 0.337084 -0.226818 -0.209343
v 0.157184 -0.303818 0.435857
v -0.022717 -0.380818 -0.209343
v 0.281084 -0.250818 -0.241843
v 0.597184 -0.331918 0.083556
v 0.590183 -0.334918 0.160357
v 0.531283 -0.197218 0.160357
v 0.538184 -0.194218 0.083556
v -0.178216 -0.500718 0.006856
v -0.185216 -0.503718 0.083556
v 0.510684 -0.206018 0.234157
v -0.178216 -0.500718 0.160357
v -0.157717 -0.491918 0.234157
v -0.124216 -0.477618 0.302156
v 0.531283 -0.197218 0.006856
v -0.079216 -0.458418 0.361757
v 0.510684 -0.206018 -0.066943
v -0.024416 -0.434918 0.410757
v 0.477284 -0.220318 -0.134943
v 0.038084 -0.408218 0.447057
v 0.105983 -0.379118 -0.302243
v 0.176484 -0.349018 -0.309844
v 0.432284 -0.239518 -0.194643
v 0.105983 -0.379118 0.469456
v 0.038084 -0.408218 -0.279843
v 0.377483 -0.263018 -0.243543
v 0.176484 -0.349018 0.477057
v -0.024416 -0.434918 -0.243543
v 0.314983 -0.289718 -0.279843
v 0.247084 -0.318818 0.469456
v -0.079216 -0.458418 -0.194643
v 0.247084 -0.318818 -0.302243
v 0.314983 -0.289718 0.447057
v -0.124216 -0.477618 -0.134943
v 0.377483 -0.263018 0.410757
v -0.157717 -0.491918 -0.066943
v 0.536184 -0.358018 -0.134943
v 0.520184 -0.437918 -0.104343
v 0.549484 -0.427218 -0.045843
v 0.569584 -0.343718 -0.066943
v -0.065316 -0.615318 0.302157
v -0.098716 -0.629618 0.234157
v 0.590183 -0.334918 0.006856
v -0.020316 -0.596118 0.361757
v 0.034484 -0.572618 0.410757
v 0.096984 -0.545918 0.447057
v 0.164883 -0.516918 -0.302243
v 0.235384 -0.486718 -0.309844
v 0.491184 -0.377218 -0.194643
v 0.164883 -0.516918 0.469456
v 0.096984 -0.545918 -0.279843
v 0.436384 -0.400718 -0.243543
v 0.235384 -0.486718 0.477057
v 0.034484 -0.572618 -0.243543
v 0.373883 -0.427418 -0.279843
v 0.305984 -0.456518 0.469456
v -0.020316 -0.596118 -0.194643
v 0.305984 -0.456518 -0.302243
v 0.373883 -0.427418 0.447057
v -0.065316 -0.615318 -0.134943
v 0.436384 -0.400718 0.410757
v -0.098716 -0.629618 -0.066943
v 0.491184 -0.377218 0.361757
v -0.119316 -0.638418 0.006856
v 0.536184 -0.358018 0.302156
v -0.126316 -0.641418 0.083556
v 0.569584 -0.343718 0.234157
v -0.119316 -0.638418 0.160357
v 0.628884 -0.442018 0.159557
v 0.608084 -0.449718 0.232657
v 0.549484 -0.427218 0.213057
v 0.567584 -0.420618 0.149557
v 0.134484 -0.579418 0.396157
v 0.079484 -0.599518 0.364957
v 0.194084 -0.557518 -0.248243
v 0.255983 -0.534818 -0.254743
v 0.480684 -0.452418 -0.155643
v 0.194084 -0.557518 0.415457
v 0.134484 -0.579418 -0.229043
v 0.432484 -0.470118 -0.197743
v 0.255983 -0.534818 0.421957
v 0.079484 -0.599518 -0.197743
v 0.377584 -0.490218 -0.229043
v 0.317984 -0.512118 0.415457
v 0.031384 -0.617118 -0.155643
v 0.317984 -0.512118 -0.248243
v 0.377584 -0.490218 0.396157
v -0.008116 -0.631618 -0.104343
v 0.432484 -0.470118 0.364957
v -0.037516 -0.642418 -0.045843
v 0.480684 -0.452418 0.322856
v -0.055516 -0.649018 0.017556
v 0.520184 -0.437918 0.271557
v -0.061616 -0.651218 0.083556
v -0.055516 -0.649018 0.149557
v -0.037516 -0.642418 0.213057
v 0.573684 -0.418318 0.083556
v -0.008116 -0.631618 0.271557
v 0.567584 -0.420618 0.017556
v 0.031384 -0.617118 0.322856
v 0.608084 -0.449718 -0.065443
v 0.656384 -0.581618 -0.065443
v 0.677184 -0.573918 0.007657
v 0.628884 -0.442018 0.007657
v -0.067616 -0.697418 0.232657
v -0.088416 -0.705018 0.159557
v 0.635884 -0.439418 0.083556
v -0.033816 -0.685018 0.299957
v 0.011684 -0.668318 0.358957
v 0.067083 -0.648018 0.407457
v 0.574284 -0.462018 -0.132743
v 0.130283 -0.624818 0.443456
v 0.198884 -0.599718 -0.298443
v 0.270184 -0.573518 -0.305843
v 0.528784 -0.478718 -0.191843
v 0.198884 -0.599718 0.465557
v 0.130283 -0.624818 -0.276243
v 0.473384 -0.499018 -0.240243
v 0.270184 -0.573518 0.473057
v 0.067083 -0.648018 -0.240243
v 0.410184 -0.522218 -0.276243
v 0.341583 -0.547418 0.465557
v 0.011684 -0.668318 -0.191843
v 0.341583 -0.547418 -0.298444
v 0.410184 -0.522218 0.443456
v -0.033816 -0.685018 -0.132743
v 0.473384 -0.499018 0.407457
v -0.067616 -0.697418 -0.065443
v 0.528784 -0.478718 0.358957
v -0.088416 -0.705018 0.007657
v 0.574284 -0.462018 0.299957
v -0.095516 -0.707618 0.083556
v 0.564784 -0.693118 -0.152243
v 0.577184 -0.610618 -0.191843
v 0.521784 -0.631018 -0.240243
v 0.516384 -0.707718 -0.193643
v 0.115384 -0.779918 0.407457
v 0.059983 -0.800218 0.358957
v 0.622584 -0.594018 -0.132743
v 0.178684 -0.756718 0.443456
v 0.247284 -0.731618 -0.298443
v 0.318583 -0.705418 -0.305843
v 0.247284 -0.731618 0.465557
v 0.178684 -0.756718 -0.276243
v 0.318583 -0.705418 0.473057
v 0.115384 -0.779918 -0.240243
v 0.458484 -0.654118 -0.276243
v 0.389884 -0.679318 0.465557
v 0.059983 -0.800218 -0.191843
v 0.389884 -0.679318 -0.298443
v 0.458484 -0.654118 0.443456
v 0.014484 -0.816918 -0.132743
v 0.521784 -0.631018 0.407457
v -0.019316 -0.829318 -0.065443
v 0.577184 -0.610618 0.358957
v -0.040116 -0.836918 0.007657
v 0.622584 -0.594018 0.299957
v -0.047117 -0.839518 0.083556
v 0.656384 -0.581618 0.232657
v -0.040116 -0.836918 0.159557
v 0.677184 -0.573918 0.159557
v -0.019316 -0.829318 0.232657
v 0.684284 -0.571418 0.083556
v 0.014484 -0.816918 0.299957
v 0.350384 -0.799018 -0.293543
v 0.420884 -0.777718 -0.286343
v 0.401284 -0.742418 -0.243443
v 0.338984 -0.761218 -0.249843
v 0.338984 -0.761218 0.417057
v 0.276684 -0.779918 0.410657
v 0.161584 -0.814618 -0.193643
v 0.216784 -0.798018 -0.224443
v 0.461184 -0.724318 -0.224443
v 0.401284 -0.742418 0.410657
v 0.113284 -0.829218 -0.152243
v 0.461184 -0.724318 0.391657
v 0.073583 -0.841218 -0.101643
v 0.516384 -0.707718 0.360857
v 0.044083 -0.850118 -0.044043
v 0.564784 -0.693118 0.319357
v 0.025884 -0.855518 0.018557
v 0.604484 -0.681218 0.268857
v 0.019683 -0.857418 0.083556
v 0.633984 -0.672318 0.211157
v 0.025884 -0.855518 0.148657
v 0.652184 -0.666818 0.148657
v 0.044083 -0.850118 0.211157
v 0.658284 -0.664918 0.083556
v 0.073583 -0.841218 0.268857
v 0.652184 -0.666818 0.018557
v 0.113284 -0.829218 0.319357
v 0.633984 -0.672318 -0.044043
v 0.161584 -0.814618 0.360857
v 0.604484 -0.681218 -0.101644
v 0.216784 -0.798018 0.391657
v 0.276684 -0.779918 -0.243443
v 0.683984 -0.698418 0.227957
v 0.721284 -0.822118 0.227957
v 0.687883 -0.832218 0.293157
v 0.650684 -0.708518 0.293157
v 0.550984 -0.738518 0.397157
v 0.488584 -0.757318 0.432056
v 0.050184 -0.889518 -0.125943
v 0.016783 -0.899518 -0.060744
v 0.605784 -0.722018 0.350257
v -0.003716 -0.905718 0.010057
v -0.010716 -0.907818 0.083556
v -0.003716 -0.905718 0.157157
v 0.704584 -0.692218 0.157157
v 0.016783 -0.899518 0.227957
v 0.711484 -0.690118 0.083556
v 0.050184 -0.889518 0.293157
v 0.704584 -0.692218 0.010057
v 0.095083 -0.875918 0.350257
v 0.683984 -0.698418 -0.060744
v 0.149783 -0.859418 0.397157
v 0.650684 -0.708518 -0.125943
v 0.212183 -0.840618 0.432056
v 0.279984 -0.820218 -0.286343
v 0.605784 -0.722018 -0.183043
v 0.279984 -0.820218 0.453457
v 0.212183 -0.840618 -0.264843
v 0.550984 -0.738518 -0.229943
v 0.350384 -0.799018 0.460757
v 0.149783 -0.859418 -0.229943
v 0.488584 -0.757318 -0.264843
v 0.420884 -0.777718 0.453457
v 0.095083 -0.875918 -0.183043
v 0.709884 -0.901518 0.083556
v 0.748784 -0.813818 0.083556
v 0.741884 -0.815918 0.010057
v 0.703984 -0.902818 0.022057
v 0.033484 -1.029418 0.157157
v 0.026584 -1.031518 0.083556
v 0.741884 -0.815918 0.157157
v 0.054083 -1.023218 0.227957
v 0.087484 -1.013118 0.293157
v 0.132384 -0.999618 0.350257
v 0.721284 -0.822118 -0.060744
v 0.187083 -0.983118 0.397157
v 0.687883 -0.832218 -0.125943
v 0.249484 -0.964318 0.432056
v 0.387684 -0.922718 -0.293543
v 0.317284 -0.943918 -0.286343
v 0.642984 -0.845718 -0.183043
v 0.317284 -0.943918 0.453457
v 0.249484 -0.964318 -0.264843
v 0.588284 -0.862218 -0.229943
v 0.387684 -0.922718 0.460757
v 0.187083 -0.983118 -0.229943
v 0.525884 -0.881018 -0.264843
v 0.458084 -0.901418 0.453457
v 0.132384 -0.999618 -0.183043
v 0.458084 -0.901418 -0.286343
v 0.525884 -0.881018 0.432056
v 0.087484 -1.013118 -0.125943
v 0.588284 -0.862218 0.397157
v 0.054083 -1.023218 -0.060743
v 0.642984 -0.845718 0.350257
v 0.033484 -1.029418 0.010057
v 0.401384 -0.968018 -0.232043
v 0.341184 -0.981018 -0.225943
v 0.344184 -1.040618 -0.274043
v 0.413784 -1.025618 -0.281143
v 0.183184 -1.015118 0.306757
v 0.144783 -1.023318 0.258957
v 0.686384 -0.906618 -0.037143
v 0.229984 -1.005018 0.346057
v 0.657884 -0.912718 -0.091743
v 0.283283 -0.993518 0.375157
v 0.619484 -0.921018 -0.139543
v 0.341184 -0.981018 0.393157
v 0.283283 -0.993518 -0.207943
v 0.572784 -0.931118 -0.178843
v 0.401384 -0.968018 0.399157
v 0.229984 -1.005018 -0.178843
v 0.519384 -0.942618 -0.207943
v 0.461584 -0.955118 0.393157
v 0.183184 -1.015118 -0.139543
v 0.461584 -0.955118 -0.225943
v 0.519384 -0.942618 0.375157
v 0.144783 -1.023318 -0.091743
v 0.572784 -0.931118 0.346057
v 0.116284 -1.029518 -0.037143
v 0.619484 -0.921018 0.306757
v 0.098783 -1.033318 0.022057
v 0.657884 -0.912718 0.258956
v 0.092883 -1.034518 0.083556
v 0.686384 -0.906618 0.204357
v 0.098783 -1.033318 0.145157
v 0.703984 -0.902818 0.145157
v 0.116284 -1.029518 0.204357
v 0.161684 -1.079918 -0.174243
v 0.188884 -1.205918 -0.174243
v 0.242884 -1.194318 -0.219643
v 0.215684 -1.068318 -0.219643
v 0.665884 -0.971218 -0.174243
v 0.710184 -0.961718 -0.119043
v 0.344184 -1.040618 0.441257
v 0.277384 -1.055018 0.420557
v 0.277384 -1.055018 -0.253343
v 0.611784 -0.982918 -0.219643
v 0.413784 -1.025618 0.448257
v 0.550184 -0.996218 -0.253343
v 0.483284 -1.010618 0.441257
v 0.483284 -1.010618 -0.274043
v 0.550184 -0.996218 0.420557
v 0.117383 -1.089518 -0.119043
v 0.611784 -0.982918 0.386857
v 0.084383 -1.096618 -0.055943
v 0.665884 -0.971218 0.341456
v 0.064084 -1.101018 0.012456
v 0.710184 -0.961718 0.286156
v 0.057284 -1.102518 0.083556
v 0.743084 -0.954618 0.223157
v 0.064084 -1.101018 0.154757
v 0.763384 -0.950218 0.154757
v 0.084383 -1.096618 0.223157
v 0.770284 -0.948718 0.083556
v 0.117383 -1.089518 0.286157
v 0.763384 -0.950218 0.012456
v 0.161684 -1.079918 0.341457
v 0.743084 -0.954618 -0.055943
v 0.215684 -1.068318 0.386857
v 0.151083 -1.228618 0.023957
v 0.168184 -1.225618 -0.033343
v 0.111583 -1.222618 -0.055943
v 0.091284 -1.226918 0.012457
v 0.510484 -1.136618 -0.274043
v 0.577384 -1.122118 -0.253343
v 0.577384 -1.122118 0.420557
v 0.510484 -1.136618 0.441257
v 0.144484 -1.215518 -0.119043
v 0.440884 -1.151618 -0.281143
v 0.638984 -1.108818 0.386857
v 0.692984 -1.097218 0.341457
v 0.737384 -1.087618 0.286157
v 0.084383 -1.228418 0.083557
v 0.770284 -1.080518 0.223157
v 0.091284 -1.226918 0.154757
v 0.790584 -1.076218 0.154757
v 0.111583 -1.222618 0.223157
v 0.797384 -1.074718 0.083556
v 0.144484 -1.215518 0.286157
v 0.790584 -1.076218 0.012456
v 0.188884 -1.205918 0.341457
v 0.770284 -1.080518 -0.055943
v 0.242884 -1.194318 0.386857
v 0.737384 -1.087618 -0.119043
v 0.304484 -1.181018 0.420557
v 0.371384 -1.166518 -0.274043
v 0.692984 -1.097218 -0.174243
v 0.371384 -1.166518 0.441257
v 0.304484 -1.181018 -0.253343
v 0.638984 -1.108818 -0.219643
v 0.440884 -1.151618 0.448257
v 0.168184 -1.225618 0.200557
v 0.128284 -1.266518 0.219757
v 0.108384 -1.270018 0.152957
v 0.151083 -1.228618 0.143257
v 0.696884 -1.133918 0.253457
v 0.659484 -1.140418 0.299757
v 0.145284 -1.229618 0.083557
v 0.724784 -1.129118 0.200557
v 0.741884 -1.126118 0.143257
v 0.747684 -1.125118 0.083556
v 0.196084 -1.220818 0.253457
v 0.741884 -1.126118 0.023957
v 0.233484 -1.214318 0.299757
v 0.724784 -1.129118 -0.033343
v 0.279184 -1.206418 0.337757
v 0.696884 -1.133918 -0.086243
v 0.331184 -1.197318 0.365957
v 0.387684 -1.187518 -0.216243
v 0.446484 -1.177318 -0.222143
v 0.659484 -1.140418 -0.132543
v 0.387684 -1.187518 0.383357
v 0.331184 -1.197318 -0.198843
v 0.613784 -1.148318 -0.170543
v 0.446484 -1.177318 0.389257
v 0.279184 -1.206418 -0.170543
v 0.561784 -1.157418 -0.198843
v 0.505284 -1.167218 0.383357
v 0.233484 -1.214318 -0.132543
v 0.505284 -1.167218 -0.216243
v 0.561784 -1.157418 0.365957
v 0.196084 -1.220818 -0.086243
v 0.613784 -1.148318 0.337757
v 0.257483 -1.244118 0.379457
v 0.279083 -1.369118 0.379457
v 0.225984 -1.378318 0.335157
v 0.204283 -1.253418 0.335157
v 0.802784 -1.149618 0.083557
v 0.796084 -1.150718 0.152957
v 0.160684 -1.260918 0.281257
v 0.796084 -1.150718 0.014157
v 0.776084 -1.154218 -0.052543
v 0.743684 -1.159818 -0.114043
v 0.318084 -1.233618 0.412357
v 0.383784 -1.222218 -0.265343
v 0.452184 -1.210418 -0.272243
v 0.700084 -1.167418 -0.168043
v 0.383784 -1.222218 0.432557
v 0.318084 -1.233618 -0.245143
v 0.646984 -1.176618 -0.212243
v 0.452184 -1.210418 0.439357
v 0.257483 -1.244118 -0.212243
v 0.586384 -1.187118 -0.245143
v 0.520584 -1.198518 0.432557
v 0.204283 -1.253418 -0.168043
v 0.520584 -1.198518 -0.265343
v 0.586384 -1.187118 0.412357
v 0.160684 -1.260918 -0.114043
v 0.646984 -1.176618 0.379457
v 0.128284 -1.266518 -0.052543
v 0.700084 -1.167418 0.335157
v 0.108384 -1.270018 0.014157
v 0.743684 -1.159818 0.281257
v 0.101583 -1.271218 0.083557
v 0.776084 -1.154218 0.219757
v 0.473884 -1.335318 0.439357
v 0.482284 -1.384018 0.393657
v 0.421984 -1.387518 0.387657
v 0.405484 -1.347118 0.432557
v 0.765384 -1.284718 -0.114043
v 0.797784 -1.279118 -0.052543
v 0.339684 -1.358518 0.412357
v 0.405484 -1.347118 -0.265343
v 0.473884 -1.335318 -0.272243
v 0.721784 -1.292318 -0.168043
v 0.339684 -1.358518 -0.245143
v 0.668684 -1.301518 -0.212243
v 0.279083 -1.369118 -0.212243
v 0.607984 -1.312018 -0.245143
v 0.542284 -1.323418 0.432557
v 0.225984 -1.378318 -0.168043
v 0.542284 -1.323418 -0.265343
v 0.607984 -1.312018 0.412357
v 0.182384 -1.385818 -0.114043
v 0.668684 -1.301518 0.379457
v 0.149984 -1.391418 -0.052543
v 0.721784 -1.292318 0.335157
v 0.129984 -1.394918 0.014157
v 0.765384 -1.284718 0.281257
v 0.123284 -1.396118 0.083557
v 0.797784 -1.279118 0.219757
v 0.129984 -1.394918 0.152957
v 0.817684 -1.275718 0.152957
v 0.149984 -1.391418 0.219757
v 0.824484 -1.274518 0.083557
v 0.182384 -1.385818 0.281257
v 0.817684 -1.275718 0.014157
v 0.654284 -1.374318 0.341357
v 0.678384 -1.396618 0.375457
v 0.617784 -1.400018 0.407857
v 0.600784 -1.377318 0.370057
v 0.310384 -1.393818 -0.174243
v 0.363883 -1.390818 -0.202843
v 0.600784 -1.377318 -0.202843
v 0.654284 -1.374318 -0.174243
v 0.542684 -1.380618 0.387657
v 0.263484 -1.396518 -0.135643
v 0.542684 -1.380618 -0.220543
v 0.224984 -1.398718 -0.088643
v 0.482284 -1.384018 -0.226443
v 0.196383 -1.400318 -0.035043
v 0.701184 -1.371618 0.302857
v 0.178684 -1.401318 0.023057
v 0.739684 -1.369418 0.255857
v 0.172783 -1.401718 0.083557
v 0.768284 -1.367818 0.202257
v 0.178684 -1.401318 0.144057
v 0.785884 -1.366818 0.144057
v 0.196383 -1.400318 0.202257
v 0.791884 -1.366418 0.083557
v 0.224984 -1.398718 0.255857
v 0.785884 -1.366818 0.023057
v 0.263484 -1.396518 0.302857
v 0.768284 -1.367818 -0.035043
v 0.310384 -1.393818 0.341357
v 0.739684 -1.369418 -0.088643
v 0.363883 -1.390818 0.370057
v 0.421984 -1.387518 -0.220543
v 0.701184 -1.371618 -0.135643
v 0.807484 -1.389218 0.217957
v 0.814484 -1.512218 0.217957
v 0.782084 -1.514118 0.278657
v 0.775084 -1.391118 0.278657
v 0.192284 -1.424318 -0.111443
v 0.159883 -1.426118 -0.050743
v 0.731484 -1.393618 0.331757
v 0.139984 -1.427218 0.015157
v 0.133183 -1.427618 0.083557
v 0.139984 -1.427218 0.152057
v 0.827384 -1.388118 0.152057
v 0.159883 -1.426118 0.217957
v 0.834084 -1.387718 0.083557
v 0.192284 -1.424318 0.278657
v 0.827384 -1.388118 0.015157
v 0.235883 -1.421818 0.331757
v 0.807484 -1.389218 -0.050743
v 0.288984 -1.418818 0.375457
v 0.775084 -1.391118 -0.111443
v 0.349584 -1.415318 0.407857
v 0.415284 -1.411618 -0.260643
v 0.483684 -1.407718 -0.267443
v 0.731484 -1.393618 -0.164643
v 0.415284 -1.411618 0.427857
v 0.349584 -1.415318 -0.240743
v 0.678384 -1.396618 -0.208243
v 0.483684 -1.407718 0.434657
v 0.288984 -1.418818 -0.208243
v 0.617784 -1.400018 -0.240743
v 0.552084 -1.403818 0.427857
v 0.235883 -1.421818 -0.164643
v 0.552084 -1.403818 -0.260643
v 0.834384 -1.511118 0.015157
v 0.798884 -1.566118 0.022657
v 0.804884 -1.566118 0.083557
v 0.841184 -1.510718 0.083557
v 0.146984 -1.550218 0.152057
v 0.140184 -1.550618 0.083557
v 0.834384 -1.511118 0.152057
v 0.166883 -1.549118 0.217957
v 0.199283 -1.547318 0.278657
v 0.242884 -1.544818 0.331757
v 0.814484 -1.512218 -0.050743
v 0.295984 -1.541818 0.375457
v 0.782084 -1.514118 -0.111443
v 0.356583 -1.538318 0.407857
v 0.490684 -1.530718 -0.267443
v 0.422284 -1.534618 -0.260643
v 0.738484 -1.516618 -0.164643
v 0.422284 -1.534618 0.427857
v 0.356583 -1.538318 -0.240743
v 0.685384 -1.519618 -0.208243
v 0.490684 -1.530718 0.434657
v 0.295984 -1.541818 -0.208243
v 0.624784 -1.523018 -0.240743
v 0.559084 -1.526818 0.427857
v 0.242884 -1.544818 -0.164643
v 0.559084 -1.526818 -0.260643
v 0.624784 -1.523018 0.407857
v 0.199283 -1.547318 -0.111443
v 0.685384 -1.519618 0.375457
v 0.166883 -1.549118 -0.050743
v 0.738484 -1.516618 0.331757
v 0.146984 -1.550218 0.015157
v 0.684284 -1.600018 0.370157
v 0.624683 -1.600218 0.401957
v 0.612184 -1.566618 0.371957
v 0.666184 -1.566518 0.343157
v 0.271984 -1.567518 0.304357
v 0.233184 -1.567618 0.257057
v 0.781084 -1.566218 -0.035843
v 0.319283 -1.567318 0.343157
v 0.752284 -1.566218 -0.089843
v 0.373284 -1.567218 0.371957
v 0.431884 -1.567118 -0.222543
v 0.492784 -1.566918 -0.228543
v 0.713484 -1.566318 -0.137143
v 0.431884 -1.567118 0.389757
v 0.373284 -1.567218 -0.204843
v 0.666184 -1.566518 -0.175943
v 0.492784 -1.566918 0.395757
v 0.319283 -1.567318 -0.175943
v 0.612184 -1.566618 -0.204843
v 0.553684 -1.566718 0.389757
v 0.271984 -1.567518 -0.137143
v 0.553684 -1.566718 -0.222543
v 0.233184 -1.567618 -0.089843
v 0.204383 -1.567618 -0.035843
v 0.713484 -1.566318 0.304357
v 0.186584 -1.567718 0.022657
v 0.752284 -1.566218 0.257057
v 0.180583 -1.567718 0.083557
v 0.781084 -1.566218 0.203057
v 0.186584 -1.567718 0.144457
v 0.798884 -1.566118 0.144457
v 0.204383 -1.567618 0.203057
v 0.779384 -1.599818 0.275057
v 0.811184 -1.599718 0.215457
v 0.811484 -1.665318 0.215457
v 0.779684 -1.665418 0.275057
v 0.174384 -1.601318 -0.048243
v 0.206284 -1.601218 -0.107843
v 0.736484 -1.599918 0.327257
v 0.154783 -1.601418 0.016357
v 0.148184 -1.601418 0.083557
v 0.154783 -1.601418 0.150857
v 0.830784 -1.599618 0.150857
v 0.174384 -1.601318 0.215457
v 0.837484 -1.599618 0.083557
v 0.206284 -1.601218 0.275057
v 0.830784 -1.599618 0.016357
v 0.249184 -1.601118 0.327257
v 0.811184 -1.599718 -0.048243
v 0.301383 -1.601018 0.370157
v 0.779384 -1.599818 -0.107843
v 0.360983 -1.600818 0.401957
v 0.425584 -1.600718 -0.254443
v 0.492784 -1.600518 -0.261043
v 0.736484 -1.599918 -0.160143
v 0.425584 -1.600718 0.421557
v 0.360983 -1.600818 -0.234843
v 0.684284 -1.600018 -0.202943
v 0.492784 -1.600518 0.428257
v 0.301383 -1.601018 -0.202943
v 0.624683 -1.600218 -0.234843
v 0.560084 -1.600318 0.421557
v 0.249184 -1.601118 -0.160143
v 0.560084 -1.600318 -0.254443
v 0.425884 -1.666318 -0.254443
v 0.361184 -1.666518 -0.234843
v 0.301684 -1.666618 -0.202943
v 0.249384 -1.666818 -0.160143
v 0.206583 -1.666918 -0.107843
v 0.174684 -1.667018 -0.048243
v 0.155084 -1.667018 0.016357
v 0.148484 -1.667018 0.083557
v 0.155084 -1.667018 0.150857
v 0.174684 -1.667018 0.215457
v 0.206583 -1.666918 0.275057
v 0.249384 -1.666818 0.327257
v 0.301684 -1.666618 0.370157
v 0.361184 -1.666518 0.401957
v 0.425884 -1.666318 0.421557
v 0.493084 -1.666218 0.428257
v 0.560384 -1.666018 0.421557
v 0.624984 -1.665818 0.401957
v 0.684584 -1.665718 0.370157
v 0.736784 -1.665518 0.327257
v 0.831084 -1.665318 0.150857
v 0.837784 -1.665318 0.083557
v 0.831084 -1.665318 0.016357
v 0.811484 -1.665318 -0.048243
v 0.779684 -1.665418 -0.107843
v 0.736784 -1.665518 -0.160143
v 0.684584 -1.665718 -0.202943
v 0.624984 -1.665818 -0.234843
v 0.560384 -1.666018 -0.254443
v 0.493084 -1.666218 -0.261043
v 0.493784 -1.666118 -0.273743
v 0.563584 -1.666118 -0.266843
v 0.630784 -1.666118 -0.246443
v 0.692684 -1.666118 -0.213343
v 0.746984 -1.666118 -0.168843
v 0.791584 -1.666118 -0.114543
v 0.824684 -1.666118 -0.052643
v 0.844984 -1.666118 0.014557
v 0.851884 -1.666118 0.084457
v 0.844984 -1.666118 0.154257
v 0.824684 -1.666118 0.221457
v 0.791584 -1.666118 0.283457
v 0.746984 -1.666118 0.337657
v 0.692684 -1.666118 0.382257
v 0.630784 -1.666118 0.415357
v 0.563584 -1.666118 0.435757
v 0.493784 -1.666118 0.442557
v 0.423884 -1.666118 0.435757
v 0.356683 -1.666118 0.415357
v 0.294783 -1.666118 0.382257
v 0.240484 -1.666118 0.337657
v 0.195984 -1.666118 0.283457
v 0.162884 -1.666118 0.221457
v 0.142483 -1.666118 0.154257
v 0.135584 -1.666118 0.084457
v 0.142483 -1.666118 0.014557
v 0.162884 -1.666118 -0.052643
v 0.195984 -1.666118 -0.114543
v 0.240484 -1.666118 -0.168843
v 0.423884 -1.666118 -0.266843
v 0.294783 -1.666118 -0.213343
v 0.356683 -1.666118 -0.246443
v 0.225984 -1.697018 -0.183343
v 0.225984 -1.731818 -0.183343
v 0.283383 -1.731818 -0.230443
v 0.283383 -1.697018 -0.230443
v 0.115084 -1.697018 0.084457
v 0.122383 -1.697018 0.158257
v 0.865084 -1.697018 0.158257
v 0.843584 -1.697018 0.229357
v 0.143883 -1.697018 0.229357
v 0.872384 -1.697018 0.084457
v 0.178884 -1.697018 0.294757
v 0.865084 -1.697018 0.010557
v 0.225984 -1.697018 0.352157
v 0.843584 -1.697018 -0.060443
v 0.283383 -1.697018 0.399257
v 0.808583 -1.697018 -0.125943
v 0.348884 -1.697018 0.434257
v 0.493784 -1.697018 -0.294243
v 0.419884 -1.697018 -0.286943
v 0.761484 -1.697018 -0.183343
v 0.419884 -1.697018 0.455757
v 0.348884 -1.697018 -0.265443
v 0.704084 -1.697018 -0.230443
v 0.493784 -1.697018 0.463057
v 0.638684 -1.697018 -0.265443
v 0.567584 -1.697018 0.455757
v 0.567584 -1.697018 -0.286943
v 0.638684 -1.697018 0.434257
v 0.178884 -1.697018 -0.125943
v 0.704084 -1.697018 0.399257
v 0.143883 -1.697018 -0.060443
v 0.761484 -1.697018 0.352157
v 0.122383 -1.697018 0.010557
v 0.808583 -1.697018 0.294757
v 0.419884 -1.731818 -0.286943
v 0.348884 -1.731818 -0.265443
v 0.178884 -1.731818 -0.125943
v 0.143883 -1.731818 -0.060443
v 0.122383 -1.731818 0.010557
v 0.115084 -1.731818 0.084457
v 0.122383 -1.731818 0.158257
v 0.143883 -1.731818 0.229357
v 0.178884 -1.731818 0.294757
v 0.225984 -1.731818 0.352157
v 0.283383 -1.731818 0.399257
v 0.348884 -1.731818 0.434257
v 0.419884 -1.731818 0.455757
v 0.493784 -1.731818 0.463057
v 0.567584 -1.731818 0.455757
v 0.638684 -1.731818 0.434257
v 0.704084 -1.731818 0.399257
v 0.761484 -1.731818 0.352157
v 0.808583 -1.731818 0.294757
v 0.843584 -1.731818 0.229357
v 0.865084 -1.731818 0.158257
v 0.872384 -1.731818 0.084457
v 0.865084 -1.731818 0.010557
v 0.843584 -1.731818 -0.060443
v 0.808583 -1.731818 -0.125943
v 0.761484 -1.731818 -0.183343
v 0.704084 -1.731818 -0.230443
v 0.638684 -1.731818 -0.265443
v 0.567584 -1.731818 -0.286943
v 0.493784 -1.731818 -0.294243
v 0.493184 -1.730718 -0.291243
v 0.566784 -1.730718 -0.284043
v 0.637584 -1.730718 -0.262543
v 0.702784 -1.730718 -0.227643
v 0.759984 -1.730718 -0.180743
v 0.806884 -1.730718 -0.123543
v 0.841784 -1.730718 -0.058343
v 0.863284 -1.730718 0.012457
v 0.870484 -1.730718 0.086057
v 0.863284 -1.730718 0.159757
v 0.841784 -1.730718 0.230557
v 0.806884 -1.730718 0.295757
v 0.759984 -1.730718 0.352957
v 0.702784 -1.730718 0.399857
v 0.637584 -1.730718 0.434757
v 0.566784 -1.730718 0.456257
v 0.493184 -1.730718 0.463457
v 0.419484 -1.730718 0.456257
v 0.348683 -1.730718 0.434757
v 0.283484 -1.730718 0.399857
v 0.226284 -1.730718 0.352957
v 0.179384 -1.730718 0.295757
v 0.144484 -1.730718 0.230557
v 0.122984 -1.730718 0.159757
v 0.115784 -1.730718 0.086057
v 0.122984 -1.730718 0.012457
v 0.144484 -1.730718 -0.058343
v 0.179384 -1.730718 -0.123543
v 0.226284 -1.730718 -0.180743
v 0.419484 -1.730718 -0.284043
v 0.283484 -1.730718 -0.227643
v 0.348683 -1.730718 -0.262543
v 0.400084 -1.909918 -0.381643
v 0.310683 -1.909918 -0.354443
v 0.228184 -1.909918 -0.310443
v 0.155984 -1.909918 -0.251043
v 0.096684 -1.909918 -0.178843
v 0.052584 -1.909918 -0.096343
v 0.025483 -1.909918 -0.006943
v 0.016284 -1.909918 0.086057
v 0.025483 -1.909918 0.179157
v 0.052584 -1.909918 0.268557
v 0.096684 -1.909918 0.351057
v 0.155984 -1.909918 0.423257
v 0.228184 -1.909918 0.482557
v 0.310683 -1.909918 0.526657
v 0.400084 -1.909918 0.553757
v 0.493184 -1.909918 0.562957
v 0.586184 -1.909918 0.553757
v 0.675584 -1.909918 0.526657
v 0.758084 -1.909918 0.482557
v 0.830284 -1.909918 0.423257
v 0.889684 -1.909918 0.351057
v 0.933684 -1.909918 0.268557
v 0.960883 -1.909918 0.179157
v 0.969983 -1.909918 0.086057
v 0.960883 -1.909918 -0.006943
v 0.933684 -1.909918 -0.096343
v 0.889684 -1.909918 -0.178843
v 0.830284 -1.909918 -0.251043
v 0.758084 -1.909918 -0.310443
v 0.675584 -1.909918 -0.354443
v 0.586184 -1.909918 -0.381643
v 0.493184 -1.909918 -0.390743
v 0.494384 -1.908618 -0.392843
v 0.587884 -1.908618 -0.383643
v 0.677784 -1.908618 -0.356343
v 0.760684 -1.908618 -0.312143
v 0.833284 -1.908618 -0.252443
v 0.892984 -1.908618 -0.179843
v 0.937183 -1.908618 -0.096943
v 0.964483 -1.908618 -0.007043
v 0.973683 -1.908618 0.086457
v 0.964483 -1.908618 0.179957
v 0.937183 -1.908618 0.269857
v 0.892984 -1.908618 0.352757
v 0.833284 -1.908618 0.425457
v 0.760684 -1.908618 0.485057
v 0.677784 -1.908618 0.529357
v 0.587884 -1.908618 0.556557
v 0.494384 -1.908618 0.565757
v 0.400884 -1.908618 0.556557
v 0.310984 -1.908618 0.529357
v 0.228083 -1.908618 0.485057
v 0.155483 -1.908618 0.425457
v 0.095783 -1.908618 0.352757
v 0.051484 -1.908618 0.269857
v 0.024284 -1.908618 0.179957
v 0.015084 -1.908618 0.086457
v 0.024284 -1.908618 -0.007043
v 0.051484 -1.908618 -0.096943
v 0.095783 -1.908618 -0.179843
v 0.155483 -1.908618 -0.252443
v 0.400884 -1.908618 -0.383643
v 0.228083 -1.908618 -0.312143
v 0.310984 -1.908618 -0.356343
v 0.999384 -1.930018 -0.013943
v 0.999384 -2.030818 -0.013943
v 1.009284 -2.030818 0.086457
v 1.009284 -1.930018 0.086457
v 0.691384 -1.930018 -0.389243
v 0.780384 -1.930018 -0.341643
v 0.594784 -1.930018 0.591457
v 0.494384 -1.930018 0.601357
v 0.130283 -1.930018 -0.277643
v 0.208384 -1.930018 -0.341643
v 0.594784 -1.930018 -0.418543
v 0.691384 -1.930018 0.562157
v 0.066284 -1.930018 -0.199543
v 0.494384 -1.930018 -0.428443
v 0.780384 -1.930018 0.514557
v 0.018684 -1.930018 -0.110543
v 0.858484 -1.930018 0.450557
v -0.010616 -1.930018 -0.013943
v 0.922484 -1.930018 0.372457
v -0.020517 -1.930018 0.086457
v 0.970084 -1.930018 0.283457
v -0.010616 -1.930018 0.186857
v 0.999384 -1.930018 0.186857
v 0.018684 -1.930018 0.283457
v 0.066284 -1.930018 0.372457
v 0.130283 -1.930018 0.450557
v 0.970084 -1.930018 -0.110543
v 0.208384 -1.930018 0.514557
v 0.922484 -1.930018 -0.199543
v 0.297384 -1.930018 0.562157
v 0.393984 -1.930018 -0.418543
v 0.858484 -1.930018 -0.277643
v 0.393984 -1.930018 0.591457
v 0.297384 -1.930018 -0.389243
v 0.393984 -2.030818 -0.418543
v 0.297384 -2.030818 -0.389243
v 0.208384 -2.030818 -0.341643
v 0.130283 -2.030818 -0.277643
v 0.066284 -2.030818 -0.199543
v 0.018684 -2.030818 -0.110543
v -0.010616 -2.030818 -0.013943
v -0.020517 -2.030818 0.086457
v -0.010616 -2.030818 0.186857
v 0.018684 -2.030818 0.283457
v 0.066284 -2.030818 0.372457
v 0.130283 -2.030818 0.450557
v 0.208384 -2.030818 0.514557
v 0.297384 -2.030818 0.562157
v 0.393984 -2.030818 0.591457
v 0.494384 -2.030818 0.601357
v 0.594784 -2.030818 0.591457
v 0.691384 -2.030818 0.562157
v 0.780384 -2.030818 0.514557
v 0.858484 -2.030818 0.450557
v 0.922484 -2.030818 0.372457
v 0.970084 -2.030818 0.283457
v 0.999384 -2.030818 0.186857
v 0.970084 -2.030818 -0.110543
v 0.922484 -2.030818 -0.199543
v 0.858484 -2.030818 -0.277643
v 0.780384 -2.030818 -0.341643
v 0.691384 -2.030818 -0.389243
v 0.594784 -2.030818 -0.418543
v 0.494384 -2.030818 -0.428443
v 0.941883 -1.957718 -0.173643
v 0.945783 -1.957718 -0.175143
v 0.945783 -2.032118 -0.175143
v 0.941883 -2.032118 -0.173643
v 0.949884 -1.957718 -0.175843
v 0.949884 -2.032118 -0.175843
v 0.954084 -1.957718 -0.175743
v 0.954084 -2.032118 -0.175743
v 0.958183 -1.957718 -0.174743
v 0.958183 -2.032118 -0.174743
v 0.961984 -1.957718 -0.173043
v 0.961984 -2.032118 -0.173043
v 0.965383 -2.032118 -0.170643
v 0.965383 -1.957718 -0.170643
v 0.968284 -2.032118 -0.167543
v 0.968284 -1.957718 -0.167543
v 0.970483 -1.957718 -0.164043
v 0.970483 -2.032118 -0.164043
v 0.971984 -2.032118 -0.160143
v 0.971984 -1.957718 -0.160143
v 0.972684 -2.032118 -0.156043
v 0.972684 -1.957718 -0.156043
v 0.972583 -2.032118 -0.151843
v 0.972583 -1.957718 -0.151843
v 0.971583 -1.957718 -0.147743
v 0.971583 -2.032118 -0.147743
v 0.969884 -2.032118 -0.143943
v 0.969884 -1.957718 -0.143943
v 0.967483 -2.032118 -0.140543
v 0.967483 -1.957718 -0.140543
v 0.964383 -2.032118 -0.137643
v 0.964383 -1.957718 -0.137643
v 0.960883 -2.032118 -0.135443
v 0.960883 -1.957718 -0.135443
v 0.956983 -2.032118 -0.133943
v 0.956983 -1.957718 -0.133943
v 0.952884 -2.032118 -0.133243
v 0.952884 -1.957718 -0.133243
v 0.948683 -2.032118 -0.133343
v 0.948683 -1.957718 -0.133343
v 0.944584 -1.957718 -0.134343
v 0.944584 -2.032118 -0.134343
v 0.940783 -1.957718 -0.136043
v 0.940783 -2.032118 -0.136043
v 0.937384 -2.032118 -0.138443
v 0.937384 -1.957718 -0.138443
v 0.934483 -2.032118 -0.141543
v 0.934483 -1.957718 -0.141543
v 0.932284 -1.957718 -0.145043
v 0.932284 -2.032118 -0.145043
v 0.930783 -1.957718 -0.148943
v 0.930783 -2.032118 -0.148943
v 0.930083 -2.032118 -0.153043
v 0.930083 -1.957718 -0.153043
v 0.930184 -1.957718 -0.157243
v 0.930184 -2.032118 -0.157243
v 0.931183 -2.032118 -0.161343
v 0.931183 -1.957718 -0.161343
v 0.932883 -2.032118 -0.165143
v 0.932883 -1.957718 -0.165143
v 0.935284 -1.957718 -0.168543
v 0.935284 -2.032118 -0.168543
v 0.961984 -1.939318 -0.159843
v 0.963083 -1.939518 -0.157143
v 0.938383 -1.957718 -0.171443
v 0.938383 -2.032118 -0.171443
v 0.951784 -1.943318 -0.168443
v 0.937384 -1.932518 -0.161343
v 0.937483 -1.930518 -0.159343
v 0.954183 -1.942018 -0.167643
v 0.953384 -1.951718 -0.140343
v 0.955783 -1.950018 -0.140543
v 0.938883 -1.955718 -0.157543
v 0.939083 -1.956518 -0.154743
v 0.956483 -1.940818 -0.166243
v 0.961484 -1.944818 -0.144343
v 0.962684 -1.943318 -0.146443
v 0.942284 -1.957018 -0.146843
v 0.944084 -1.956518 -0.144643
v 0.944784 -1.948218 -0.167843
v 0.946983 -1.946518 -0.168543
v 0.942884 -1.950018 -0.166543
v 0.963683 -1.940018 -0.154343
v 0.950983 -1.953218 -0.140643
v 0.939283 -1.954518 -0.160243
v 0.958684 -1.940018 -0.164443
v 0.959884 -1.946518 -0.142543
v 0.940783 -1.957218 -0.149343
v 0.949383 -1.944818 -0.168843
v 0.963783 -1.940818 -0.151543
v 0.948583 -1.954518 -0.141443
v 0.939983 -1.953218 -0.162643
v 0.960483 -1.939518 -0.162243
v 0.957984 -1.948218 -0.141343
v 0.939684 -1.957018 -0.151943
v 0.963483 -1.942018 -0.148943
v 0.946283 -1.955718 -0.142843
v 0.941284 -1.951718 -0.164743
v 0.938383 -1.937418 -0.164243
v 0.939283 -1.940118 -0.165043
v 0.940483 -1.942718 -0.165343
v 0.941784 -1.945218 -0.165043
v 0.943384 -1.947618 -0.164243
v 0.944984 -1.949618 -0.163043
v 0.946583 -1.951318 -0.161343
v 0.948284 -1.952618 -0.159343
v 0.949783 -1.953318 -0.156943
v 0.951183 -1.953618 -0.154443
v 0.952383 -1.953318 -0.151843
v 0.953283 -1.952618 -0.149143
v 0.953884 -1.951318 -0.146643
v 0.954284 -1.949618 -0.144343
v 0.954284 -1.947618 -0.142243
v 0.953983 -1.945218 -0.140543
v 0.953384 -1.942718 -0.139343
v 0.952383 -1.940118 -0.138543
v 0.951284 -1.937418 -0.138243
v 0.949884 -1.934918 -0.138543
v 0.948383 -1.932518 -0.139343
v 0.946783 -1.930518 -0.140543
v 0.945083 -1.928818 -0.142243
v 0.943483 -1.927518 -0.144243
v 0.941883 -1.926818 -0.146643
v 0.940483 -1.926518 -0.149143
v 0.939383 -1.926818 -0.151843
v 0.938383 -1.927518 -0.154443
v 0.937784 -1.928818 -0.156943
v 0.937784 -1.934918 -0.163043
v 0.983184 -1.957718 0.284457
v 0.983184 -2.032118 0.284457
v 0.980283 -2.032118 0.281457
v 0.980283 -1.957718 0.281457
v 0.985484 -2.032118 0.287957
v 0.985484 -1.957718 0.287957
v 0.987084 -1.957718 0.291857
v 0.987084 -2.032118 0.291857
v 0.987784 -2.032118 0.295957
v 0.987784 -1.957718 0.295957
v 0.987784 -1.957718 0.300157
v 0.987784 -2.032118 0.300157
v 0.986884 -2.032118 0.304157
v 0.986884 -1.957718 0.304157
v 0.985283 -2.032118 0.308057
v 0.985283 -1.957718 0.308057
v 0.982884 -1.957718 0.311457
v 0.982884 -2.032118 0.311457
v 0.979884 -2.032118 0.314457
v 0.979884 -1.957718 0.314457
v 0.976384 -1.957718 0.316757
v 0.976384 -2.032118 0.316757
v 0.972484 -1.957718 0.318257
v 0.972484 -2.032118 0.318257
v 0.968383 -2.032118 0.319057
v 0.968383 -1.957718 0.319057
v 0.964183 -1.957718 0.318957
v 0.964183 -2.032118 0.318957
v 0.960084 -1.957718 0.318157
v 0.960084 -2.032118 0.318157
v 0.956283 -2.032118 0.316457
v 0.956283 -1.957718 0.316457
v 0.952783 -1.957718 0.314157
v 0.952783 -2.032118 0.314157
v 0.949884 -1.957718 0.311157
v 0.949884 -2.032118 0.311157
v 0.947584 -2.032118 0.307657
v 0.947584 -1.957718 0.307657
v 0.946083 -2.032118 0.303757
v 0.946083 -1.957718 0.303757
v 0.945284 -1.957718 0.299657
v 0.945284 -2.032118 0.299657
v 0.945383 -2.032118 0.295457
v 0.945383 -1.957718 0.295457
v 0.946184 -1.957718 0.291357
v 0.946184 -2.032118 0.291357
v 0.947883 -1.957718 0.287557
v 0.947883 -2.032118 0.287557
v 0.950184 -2.032118 0.284057
v 0.950184 -1.957718 0.284057
v 0.953184 -2.032118 0.281157
v 0.953184 -1.957718 0.281157
v 0.956684 -1.957718 0.278857
v 0.956684 -2.032118 0.278857
v 0.960584 -2.032118 0.277257
v 0.960584 -1.957718 0.277257
v 0.964683 -1.957718 0.276557
v 0.964683 -2.032118 0.276557
v 0.968883 -1.957718 0.276557
v 0.968883 -2.032118 0.276557
v 0.972983 -2.032118 0.277457
v 0.972983 -1.957718 0.277457
v 0.973584 -1.939518 0.307457
v 0.975583 -1.939318 0.305357
v 0.976783 -1.957718 0.279057
v 0.976783 -2.032118 0.279057
v 0.979684 -1.942018 0.295157
v 0.979483 -1.943318 0.292557
v 0.967183 -1.932518 0.282257
v 0.965284 -1.930518 0.283057
v 0.954284 -1.951718 0.305357
v 0.955484 -1.950018 0.307457
v 0.964284 -1.955718 0.285157
v 0.961784 -1.956518 0.286457
v 0.979384 -1.940818 0.297757
v 0.963683 -1.943318 0.311457
v 0.961183 -1.944818 0.311157
v 0.954584 -1.956518 0.295057
v 0.955783 -1.957018 0.292557
v 0.976083 -1.948218 0.286457
v 0.977683 -1.946518 0.288157
v 0.974084 -1.950018 0.285157
v 0.971284 -1.940018 0.309157
v 0.953584 -1.953218 0.302957
v 0.966884 -1.954518 0.284357
v 0.978583 -1.940018 0.300457
v 0.958984 -1.946518 0.310357
v 0.957483 -1.957218 0.290157
v 0.978783 -1.944818 0.290257
v 0.968783 -1.940818 0.310357
v 0.953384 -1.954518 0.300457
v 0.969384 -1.953218 0.284157
v 0.977284 -1.939518 0.303057
v 0.957084 -1.948218 0.309157
v 0.959484 -1.957018 0.288157
v 0.966184 -1.942018 0.311157
v 0.953783 -1.955718 0.297757
v 0.971883 -1.951718 0.284457
v 0.972083 -1.942718 0.283457
v 0.972383 -1.945218 0.284757
v 0.972283 -1.947618 0.286557
v 0.971784 -1.949618 0.288457
v 0.970883 -1.951318 0.290657
v 0.969684 -1.952618 0.292957
v 0.968183 -1.953318 0.295357
v 0.966384 -1.953618 0.297657
v 0.964383 -1.953318 0.299757
v 0.962383 -1.952618 0.301657
v 0.960283 -1.951318 0.303257
v 0.958284 -1.949618 0.304557
v 0.956483 -1.947618 0.305357
v 0.954784 -1.945218 0.305757
v 0.953384 -1.942718 0.305657
v 0.952284 -1.940118 0.305157
v 0.951584 -1.937418 0.304157
v 0.951284 -1.934918 0.302857
v 0.951383 -1.932518 0.301157
v 0.951883 -1.930518 0.299157
v 0.952783 -1.928818 0.296957
v 0.953983 -1.927518 0.294657
v 0.955484 -1.926818 0.292257
v 0.957283 -1.926518 0.289957
v 0.959184 -1.926818 0.287857
v 0.961284 -1.927518 0.285957
v 0.963283 -1.928818 0.284357
v 0.968883 -1.934918 0.281857
v 0.971284 -1.940118 0.282457
v 0.970283 -1.937418 0.281957
v 1.014884 -1.957718 0.046157
v 1.014884 -2.032118 0.046157
v 1.010684 -2.032118 0.045957
v 1.010684 -1.957718 0.045957
v 1.018884 -2.032118 0.047257
v 1.018884 -1.957718 0.047257
v 1.022684 -1.957718 0.049057
v 1.022684 -2.032118 0.049057
v 1.025984 -1.957718 0.051657
v 1.025984 -2.032118 0.051657
v 1.028784 -2.032118 0.054757
v 1.028784 -1.957718 0.054757
v 1.030884 -1.957718 0.058357
v 1.030884 -2.032118 0.058357
v 1.032284 -1.957718 0.062357
v 1.032284 -2.032118 0.062357
v 1.032784 -2.032118 0.066457
v 1.032784 -1.957718 0.066457
v 1.032584 -1.957718 0.070657
v 1.032584 -2.032118 0.070657
v 1.031484 -1.957718 0.074657
v 1.031484 -2.032118 0.074657
v 1.029684 -2.032118 0.078457
v 1.029684 -1.957718 0.078457
v 1.027084 -1.957718 0.081757
v 1.027084 -2.032118 0.081757
v 1.023984 -1.957718 0.084557
v 1.023984 -2.032118 0.084557
v 1.020384 -2.032118 0.086657
v 1.020384 -1.957718 0.086657
v 1.016384 -2.032118 0.088057
v 1.016384 -1.957718 0.088057
v 1.012284 -1.957718 0.088557
v 1.012284 -2.032118 0.088557
v 1.008084 -2.032118 0.088357
v 1.008084 -1.957718 0.088357
v 1.004084 -2.032118 0.087257
v 1.004084 -1.957718 0.087257
v 1.000284 -1.957718 0.085457
v 1.000284 -2.032118 0.085457
v 0.996983 -2.032118 0.082957
v 0.996983 -1.957718 0.082957
v 0.994183 -1.957718 0.079757
v 0.994183 -2.032118 0.079757
v 0.992083 -1.957718 0.076157
v 0.992083 -2.032118 0.076157
v 0.990683 -2.032118 0.072257
v 0.990683 -1.957718 0.072257
v 0.990183 -2.032118 0.068057
v 0.990183 -1.957718 0.068057
v 0.990384 -1.957718 0.063857
v 0.990384 -2.032118 0.063857
v 0.991484 -2.032118 0.059857
v 0.991484 -1.957718 0.059857
v 0.993283 -1.957718 0.056057
v 0.993283 -2.032118 0.056057
v 0.995783 -1.957718 0.052757
v 0.995783 -2.032118 0.052757
v 0.998984 -2.032118 0.049957
v 0.998984 -1.957718 0.049957
v 1.002583 -1.957718 0.047857
v 1.002583 -2.032118 0.047857
v 1.023284 -1.939318 0.066857
v 1.023184 -1.939518 0.069757
v 1.006484 -1.957718 0.046557
v 1.006484 -2.032118 0.046557
v 1.017584 -1.943318 0.054757
v 1.001583 -1.932518 0.055357
v 1.000683 -1.930518 0.057257
v 1.019384 -1.942018 0.056457
v 1.007484 -1.951718 0.081057
v 1.009684 -1.950018 0.081857
v 1.001383 -1.955718 0.059457
v 1.000383 -1.956518 0.062057
v 1.020984 -1.940818 0.058657
v 1.018484 -1.943318 0.079357
v 1.016484 -1.944818 0.080757
v 1.000784 -1.956518 0.073357
v 0.999983 -1.957018 0.070557
v 1.013184 -1.946518 0.052657
v 1.010884 -1.948218 0.052457
v 1.008584 -1.950018 0.052857
v 1.022584 -1.940018 0.072557
v 1.005384 -1.953218 0.079857
v 1.002684 -1.954518 0.057157
v 1.022184 -1.940018 0.061157
v 1.014284 -1.946518 0.081657
v 0.999683 -1.957218 0.067757
v 1.015484 -1.944818 0.053457
v 1.021584 -1.940818 0.075157
v 1.003484 -1.954518 0.078057
v 1.004484 -1.953218 0.055257
v 1.022984 -1.939518 0.063957
v 1.012084 -1.948218 0.082057
v 0.999783 -1.957018 0.064857
v 1.020184 -1.942018 0.077457
v 1.001984 -1.955718 0.075857
v 1.006484 -1.951718 0.053757
v 1.003584 -1.937418 0.053057
v 1.004784 -1.940118 0.052757
v 1.005884 -1.942718 0.052957
v 1.007084 -1.945218 0.053757
v 1.008184 -1.947618 0.055057
v 1.009084 -1.949618 0.056857
v 1.009884 -1.951318 0.059157
v 1.010584 -1.952618 0.061657
v 1.010984 -1.953318 0.064357
v 1.011284 -1.953618 0.067257
v 1.011284 -1.953318 0.070157
v 1.010984 -1.952618 0.072957
v 1.010584 -1.951318 0.075557
v 1.009884 -1.949618 0.077757
v 1.009084 -1.947618 0.079657
v 1.008084 -1.945218 0.081057
v 1.006984 -1.942718 0.081957
v 1.005884 -1.940118 0.082257
v 1.004684 -1.937418 0.082057
v 1.003584 -1.934918 0.081257
v 1.002483 -1.932518 0.079957
v 1.001484 -1.930518 0.078157
v 1.000683 -1.928818 0.075857
v 1.000084 -1.927518 0.073357
v 0.999584 -1.926818 0.070657
v 0.999384 -1.926518 0.067757
v 0.999384 -1.926818 0.064857
v 0.999584 -1.927518 0.062057
v 1.000084 -1.928818 0.059457
v 1.002483 -1.934918 0.053957
vn 0.3934 -0.9194 -0.0000
vn 0.3933 -0.9194 -0.0000
vn 0.3933 -0.9194 0.0001
vn 0.3933 -0.9194 -0.0002
vn 0.3934 -0.9193 -0.0002
vn 0.3933 -0.9194 -0.0001
vn 0.3930 -0.9195 -0.0000
vn 0.3931 -0.9195 -0.0002
vn 0.3934 -0.9194 0.0001
vn 0.3934 -0.9194 -0.0001
vn 0.3934 -0.9194 -0.0003
vn 0.3712 0.9260 -0.0696
vn 0.3710 0.9260 -0.0698
vn 0.3711 0.9260 -0.0696
vn 0.3714 0.9259 -0.0693
vn 0.4334 0.1853 -0.8820
vn 0.4334 0.1852 -0.8820
vn 0.4334 0.1854 -0.8819
vn 0.0901 0.0385 0.9952
vn 0.0901 0.0386 0.9952
vn -0.7107 -0.3039 0.6344
vn 0.2667 0.1142 -0.9570
vn 0.2668 0.1142 -0.9570
vn 0.2671 0.1142 -0.9569
vn 0.2671 0.1142 0.9569
vn 0.2667 0.1141 0.9570
vn 0.2670 0.1142 0.9569
vn 0.2670 0.1141 0.9569
vn -0.5835 -0.2497 0.7728
vn -0.5833 -0.2495 0.7730
vn -0.5832 -0.2494 0.7730
vn 0.0901 0.0385 -0.9952
vn 0.4336 0.1854 0.8818
vn 0.4337 0.1854 0.8818
vn 0.4335 0.1854 0.8819
vn 0.4335 0.1854 0.8818
vn -0.4334 -0.1854 0.8819
vn -0.4335 -0.1854 0.8819
vn -0.0901 -0.0385 -0.9952
vn 0.5835 0.2495 0.7729
vn 0.5835 0.2495 0.7728
vn 0.5834 0.2495 0.7729
vn -0.2669 -0.1142 0.9569
vn -0.2669 -0.1141 0.9570
vn -0.2670 -0.1143 0.9569
vn -0.2669 -0.1142 -0.9569
vn -0.2668 -0.1142 -0.9570
vn -0.2670 -0.1142 -0.9569
vn 0.7106 0.3041 0.6345
vn 0.7107 0.3041 0.6344
vn 0.7104 0.3042 0.6347
vn 0.7105 0.3040 0.6346
vn -0.0901 -0.0385 0.9952
vn -0.4335 -0.1854 -0.8819
vn -0.4334 -0.1853 -0.8819
vn -0.4334 -0.1854 -0.8819
vn 0.8106 0.3471 0.4716
vn 0.8109 0.3469 0.4713
vn 0.8108 0.3470 0.4713
vn 0.8111 0.3468 0.4710
vn -0.5832 -0.2495 -0.7731
vn -0.5832 -0.2494 -0.7731
vn -0.5833 -0.2495 -0.7730
vn -0.5832 -0.2495 -0.7730
vn 0.8799 0.3763 0.2902
vn -0.7108 -0.3041 -0.6343
vn -0.7109 -0.3041 -0.6342
vn -0.7106 -0.3041 -0.6344
vn 0.9150 0.3915 0.0978
vn 0.9150 0.3914 0.0978
vn 0.9150 0.3914 0.0979
vn 0.9150 0.3914 0.0980
vn -0.8108 -0.3469 -0.4714
vn -0.8108 -0.3469 -0.4715
vn -0.8106 -0.3466 -0.4719
vn 0.9150 0.3913 -0.0981
vn 0.9150 0.3914 -0.0980
vn 0.9150 0.3915 -0.0980
vn 0.9150 0.3914 -0.0978
vn -0.8798 -0.3764 -0.2902
vn -0.8798 -0.3764 -0.2903
vn 0.8799 0.3763 -0.2902
vn -0.9149 -0.3916 -0.0980
vn -0.9150 -0.3914 -0.0978
vn -0.9149 -0.3916 -0.0975
vn -0.9150 -0.3914 -0.0980
vn 0.8108 0.3470 -0.4713
vn 0.8108 0.3469 -0.4715
vn 0.8106 0.3471 -0.4716
vn 0.8111 0.3468 -0.4710
vn -0.9150 -0.3913 0.0981
vn -0.9149 -0.3915 0.0978
vn -0.9150 -0.3914 0.0981
vn -0.9150 -0.3913 0.0986
vn 0.7105 0.3042 -0.6345
vn 0.7108 0.3041 -0.6342
vn 0.7106 0.3042 -0.6344
vn 0.7105 0.3044 -0.6345
vn -0.8798 -0.3764 0.2904
vn -0.8798 -0.3765 0.2903
vn 0.5832 0.2494 -0.7731
vn -0.8108 -0.3469 0.4713
vn -0.8108 -0.3469 0.4715
vn -0.8109 -0.3470 0.4712
vn 0.7199 -0.5999 -0.3491
vn 0.7196 -0.6002 -0.3491
vn 0.7198 -0.6002 -0.3487
vn 0.7196 -0.6004 -0.3489
vn -0.9011 0.3816 -0.2061
vn -0.9011 0.3817 -0.2056
vn -0.9012 0.3816 -0.2057
vn -0.9013 0.3813 -0.2055
vn 0.3463 0.9153 -0.2059
vn 0.3463 0.9153 -0.2060
vn 0.3463 0.9153 -0.2058
vn 0.3463 0.9153 -0.2055
vn -0.9261 0.3709 -0.0695
vn -0.9261 0.3709 -0.0693
vn -0.9261 0.3709 -0.0694
vn -0.9261 0.3709 -0.0696
vn 0.2975 0.8942 -0.3344
vn 0.2975 0.8943 -0.3343
vn 0.2974 0.8943 -0.3344
vn -0.9261 0.3709 0.0692
vn -0.9261 0.3709 0.0693
vn 0.2261 0.8641 -0.4497
vn 0.2264 0.8640 -0.4497
vn 0.2266 0.8640 -0.4497
vn -0.9009 0.3819 0.2062
vn -0.9011 0.3817 0.2058
vn -0.9011 0.3815 0.2059
vn -0.9011 0.3815 0.2060
vn 0.1359 0.8254 -0.5480
vn 0.1361 0.8253 -0.5480
vn -0.8522 0.4026 0.3341
vn -0.8525 0.4022 0.3340
vn -0.8521 0.4028 0.3342
vn -0.8519 0.4031 0.3343
vn 0.0297 0.7800 -0.6251
vn 0.0299 0.7799 -0.6252
vn 0.0297 0.7800 -0.6250
vn -0.2135 0.6758 0.7055
vn -0.7813 0.4329 0.4496
vn -0.7813 0.4329 0.4497
vn -0.7813 0.4331 0.4495
vn -0.0882 0.7293 -0.6785
vn -0.0882 0.7294 -0.6784
vn -0.0881 0.7293 0.6784
vn -0.0882 0.7294 0.6784
vn -0.6909 0.4716 0.5480
vn -0.6909 0.4715 0.5480
vn -0.6911 0.4714 0.5479
vn -0.2135 0.6758 -0.7055
vn -0.2132 0.6757 -0.7057
vn -0.2133 0.6758 -0.7056
vn 0.0299 0.7798 0.6253
vn 0.0300 0.7797 0.6254
vn 0.0299 0.7799 0.6252
vn 0.0298 0.7799 0.6252
vn -0.5847 0.5167 0.6254
vn -0.5845 0.5167 0.6256
vn -0.5846 0.5168 0.6254
vn -0.5847 0.5170 0.6252
vn -0.3414 0.6212 -0.7054
vn -0.3412 0.6210 -0.7056
vn -0.3413 0.6211 -0.7055
vn -0.3417 0.6213 -0.7051
vn 0.1361 0.8253 0.5480
vn 0.1361 0.8254 0.5479
vn 0.1361 0.8254 0.5480
vn 0.1361 0.8252 0.5482
vn -0.4665 0.5677 0.6783
vn -0.4664 0.5678 0.6782
vn -0.4666 0.5676 0.6784
vn -0.4664 0.5676 -0.6785
vn -0.4666 0.5675 -0.6784
vn -0.4667 0.5674 -0.6784
vn -0.4667 0.5677 -0.6782
vn 0.2263 0.8641 0.4496
vn 0.2264 0.8640 0.4497
vn 0.2260 0.8642 0.4495
vn -0.3412 0.6212 0.7055
vn -0.3413 0.6211 0.7055
vn -0.5847 0.5171 -0.6251
vn -0.5847 0.5170 -0.6251
vn -0.5845 0.5172 -0.6252
vn -0.5846 0.5170 -0.6252
vn 0.2970 0.8944 0.3345
vn 0.2969 0.8944 0.3344
vn 0.2974 0.8944 0.3342
vn -0.6909 0.4715 -0.5480
vn -0.6909 0.4716 -0.5480
vn 0.3463 0.9152 0.2059
vn 0.3463 0.9153 0.2058
vn 0.3463 0.9153 0.2059
vn 0.3463 0.9152 0.2060
vn -0.7813 0.4329 -0.4497
vn -0.7813 0.4328 -0.4497
vn 0.3711 0.9260 0.0696
vn 0.3708 0.9261 0.0698
vn 0.3710 0.9260 0.0699
vn 0.3712 0.9259 0.0695
vn -0.8523 0.4025 -0.3341
vn -0.8524 0.4025 -0.3339
vn -0.8523 0.4025 -0.3340
vn -0.8522 0.4025 -0.3342
vn 0.2670 0.1142 -0.9569
vn 0.2669 0.1142 -0.9569
vn 0.2668 0.1141 -0.9570
vn -0.1559 -0.9748 0.1595
vn -0.1561 -0.9747 0.1597
vn -0.1558 -0.9748 0.1596
vn -0.1555 -0.9750 0.1589
vn 0.6494 -0.6304 -0.4254
vn -0.1177 -0.9586 0.2594
vn 0.5669 -0.6657 -0.4853
vn 0.5670 -0.6657 -0.4852
vn 0.3780 -0.7465 0.5476
vn 0.3782 -0.7464 0.5476
vn 0.3780 -0.7464 0.5478
vn -0.0627 -0.9350 0.3492
vn -0.0627 -0.9350 0.3491
vn -0.0626 -0.9350 0.3492
vn 0.4753 -0.7048 -0.5266
vn 0.4753 -0.7049 -0.5266
vn 0.4753 -0.7049 -0.5265
vn 0.4752 -0.7049 0.5266
vn 0.4753 -0.7049 0.5266
vn 0.4752 -0.7048 0.5266
vn 0.4752 -0.7048 0.5267
vn 0.0075 -0.9050 0.4254
vn 0.3780 -0.7464 -0.5477
vn 0.3780 -0.7465 -0.5476
vn 0.3780 -0.7465 -0.5475
vn 0.5669 -0.6657 0.4852
vn 0.5669 -0.6657 0.4853
vn 0.5669 -0.6658 0.4852
vn 0.0899 -0.8697 0.4853
vn 0.0898 -0.8697 0.4853
vn 0.0900 -0.8697 0.4853
vn 0.0900 -0.8697 0.4854
vn 0.2790 -0.7887 -0.5478
vn 0.2789 -0.7887 -0.5478
vn 0.2792 -0.7888 -0.5476
vn 0.2789 -0.7889 -0.5476
vn 0.6494 -0.6304 0.4254
vn 0.6494 -0.6304 0.4253
vn 0.1816 -0.8305 0.5266
vn 0.1816 -0.8305 -0.5265
vn 0.1816 -0.8305 -0.5266
vn 0.7197 -0.6003 0.3489
vn 0.7195 -0.6005 0.3488
vn 0.7196 -0.6003 0.3490
vn 0.7196 -0.6003 0.3491
vn 0.2789 -0.7889 0.5476
vn 0.0898 -0.8697 -0.4853
vn 0.0899 -0.8697 -0.4853
vn 0.0900 -0.8697 -0.4853
vn 0.7746 -0.5769 0.2593
vn 0.7746 -0.5768 0.2594
vn 0.7746 -0.5770 0.2590
vn 0.0077 -0.9050 -0.4254
vn 0.0076 -0.9049 -0.4255
vn 0.0071 -0.9049 -0.4256
vn 0.0075 -0.9050 -0.4254
vn 0.8125 -0.5606 0.1598
vn 0.8129 -0.5601 0.1597
vn 0.8125 -0.5606 0.1597
vn 0.8125 -0.5607 0.1597
vn -0.0626 -0.9350 -0.3491
vn -0.0626 -0.9350 -0.3492
vn 0.8319 -0.5524 0.0539
vn 0.8318 -0.5525 0.0539
vn 0.8319 -0.5523 0.0540
vn -0.1177 -0.9586 -0.2594
vn 0.8320 -0.5522 -0.0540
vn 0.8320 -0.5521 -0.0541
vn 0.8319 -0.5522 -0.0540
vn 0.8319 -0.5523 -0.0539
vn -0.1556 -0.9749 -0.1595
vn -0.1555 -0.9749 -0.1596
vn -0.1556 -0.9748 -0.1597
vn -0.1556 -0.9748 -0.1598
vn 0.8124 -0.5608 -0.1597
vn 0.8124 -0.5608 -0.1596
vn 0.8125 -0.5607 -0.1597
vn 0.8125 -0.5606 -0.1599
vn -0.1749 -0.9831 -0.0541
vn -0.1751 -0.9831 -0.0540
vn -0.1748 -0.9831 -0.0541
vn -0.1748 -0.9831 -0.0540
vn 0.7743 -0.5773 -0.2592
vn 0.7744 -0.5771 -0.2594
vn 0.7745 -0.5769 -0.2594
vn 0.7746 -0.5768 -0.2594
vn -0.1749 -0.9831 0.0539
vn -0.1745 -0.9832 0.0540
vn -0.1749 -0.9831 0.0540
vn -0.1750 -0.9831 0.0539
vn -0.4672 0.5718 -0.6743
vn -0.4672 0.5719 -0.6743
vn -0.4672 0.5720 -0.6742
vn -0.4673 0.5718 -0.6743
vn 0.2670 0.1143 0.9569
vn -0.5835 -0.2495 0.7729
vn -0.5832 -0.2495 0.7731
vn -0.5837 -0.2495 0.7727
vn 0.0903 0.0386 -0.9952
vn 0.0903 0.0387 -0.9952
vn 0.0900 0.0386 -0.9952
vn 0.4334 0.1854 0.8820
vn 0.4333 0.1854 0.8820
vn -0.0900 -0.0386 -0.9952
vn -0.0904 -0.0387 -0.9952
vn -0.0903 -0.0387 -0.9952
vn 0.5832 0.2495 0.7730
vn 0.5833 0.2495 0.7730
vn -0.2668 -0.1142 0.9570
vn -0.2671 -0.1143 -0.9569
vn -0.2669 -0.1142 -0.9570
vn 0.7107 0.3044 0.6342
vn 0.7107 0.3040 0.6345
vn -0.0900 -0.0386 0.9952
vn -0.0901 -0.0386 0.9952
vn -0.0904 -0.0387 0.9952
vn -0.0903 -0.0387 0.9952
vn 0.8108 0.3471 0.4714
vn 0.8108 0.3468 0.4715
vn 0.8108 0.3469 0.4715
vn 0.8108 0.3473 0.4711
vn -0.5836 -0.2495 -0.7728
vn 0.8799 0.3763 0.2900
vn 0.8799 0.3764 0.2901
vn -0.7108 -0.3041 -0.6342
vn 0.9150 0.3914 0.0981
vn 0.9149 0.3915 0.0979
vn -0.8109 -0.3468 -0.4714
vn -0.8107 -0.3469 -0.4716
vn 0.9150 0.3912 -0.0984
vn 0.9150 0.3914 -0.0981
vn -0.8798 -0.3763 -0.2905
vn 0.8799 0.3763 -0.2900
vn 0.8800 0.3763 -0.2897
vn 0.8799 0.3764 -0.2902
vn 0.8798 0.3764 -0.2902
vn -0.9150 -0.3915 -0.0978
vn -0.9150 -0.3914 -0.0981
vn -0.9150 -0.3912 -0.0984
vn 0.8108 0.3471 -0.4714
vn 0.8108 0.3473 -0.4711
vn 0.8108 0.3468 -0.4715
vn -0.9150 -0.3914 0.0979
vn -0.9150 -0.3914 0.0980
vn -0.9149 -0.3915 0.0982
vn 0.7107 0.3044 -0.6342
vn 0.7107 0.3041 -0.6344
vn -0.8799 -0.3764 0.2901
vn -0.8800 -0.3763 0.2897
vn -0.8797 -0.3765 0.2905
vn -0.8798 -0.3764 0.2903
vn 0.5832 0.2495 -0.7731
vn 0.5832 0.2495 -0.7730
vn 0.5830 0.2494 -0.7733
vn -0.8107 -0.3469 0.4717
vn -0.8108 -0.3469 0.4714
vn -0.8109 -0.3469 0.4713
vn 0.4335 0.1854 -0.8819
vn 0.0903 0.0386 0.9952
vn 0.0903 0.0387 0.9952
vn -0.7108 -0.3041 0.6342
vn -0.2939 -0.8224 -0.4871
vn -0.2939 -0.8223 -0.4872
vn -0.2939 -0.8226 -0.4868
vn -0.2940 -0.8225 -0.4868
vn 0.2216 0.8667 0.4469
vn 0.2219 0.8668 0.4466
vn 0.2215 0.8667 0.4470
vn -0.3426 0.6252 0.7013
vn -0.3426 0.6252 0.7012
vn -0.3425 0.6252 0.7013
vn -0.5845 0.5217 -0.6214
vn -0.5844 0.5217 -0.6215
vn -0.5846 0.5217 -0.6214
vn 0.2922 0.8969 0.3320
vn 0.2923 0.8969 0.3320
vn -0.6900 0.4767 -0.5447
vn -0.6899 0.4766 -0.5448
vn -0.6900 0.4768 -0.5446
vn -0.6901 0.4765 -0.5447
vn 0.3410 0.9176 0.2043
vn 0.3412 0.9174 0.2046
vn 0.3411 0.9175 0.2047
vn 0.3409 0.9176 0.2046
vn -0.7799 0.4378 -0.4473
vn -0.7799 0.4380 -0.4471
vn -0.7800 0.4378 -0.4472
vn -0.7800 0.4380 -0.4469
vn 0.3657 0.9282 0.0691
vn 0.3654 0.9283 0.0689
vn 0.3655 0.9282 0.0691
vn 0.3657 0.9281 0.0692
vn -0.8506 0.4078 -0.3321
vn -0.8506 0.4077 -0.3322
vn -0.8503 0.4079 -0.3325
vn -0.8505 0.4079 -0.3322
vn 0.3657 0.9282 -0.0692
vn 0.3657 0.9282 -0.0691
vn 0.3654 0.9283 -0.0690
vn 0.3655 0.9282 -0.0691
vn -0.8991 0.3871 -0.2046
vn 0.3408 0.9177 -0.2043
vn 0.3412 0.9174 -0.2049
vn 0.3409 0.9176 -0.2045
vn 0.3408 0.9177 -0.2044
vn -0.9238 0.3766 -0.0691
vn -0.9239 0.3765 -0.0689
vn -0.9238 0.3767 -0.0691
vn -0.9237 0.3769 -0.0692
vn 0.2920 0.8969 -0.3320
vn 0.2918 0.8971 -0.3318
vn 0.2921 0.8969 -0.3321
vn 0.2920 0.8970 -0.3320
vn -0.9238 0.3765 0.0691
vn -0.9238 0.3766 0.0692
vn -0.9238 0.3766 0.0691
vn -0.9238 0.3767 0.0691
vn 0.2217 0.8666 -0.4470
vn -0.8991 0.3871 0.2046
vn -0.8991 0.3870 0.2046
vn -0.8991 0.3870 0.2047
vn 0.1319 0.8282 -0.5447
vn 0.1318 0.8282 -0.5447
vn -0.8504 0.4080 0.3321
vn -0.8504 0.4080 0.3322
vn -0.8504 0.4079 0.3322
vn -0.8504 0.4079 0.3323
vn 0.0262 0.7830 -0.6215
vn -0.2156 0.6794 0.7014
vn -0.2156 0.6795 0.7013
vn -0.2155 0.6793 0.7015
vn -0.2153 0.6792 0.7017
vn -0.7799 0.4381 0.4470
vn -0.7799 0.4383 0.4469
vn -0.0915 0.7327 -0.6744
vn -0.0917 0.7327 -0.6743
vn -0.0914 0.7326 -0.6745
vn -0.0910 0.7328 0.6744
vn -0.0907 0.7330 0.6742
vn -0.0909 0.7327 0.6745
vn -0.0910 0.7327 0.6744
vn -0.6901 0.4764 0.5448
vn -0.6901 0.4765 0.5448
vn -0.6901 0.4765 0.5447
vn -0.6901 0.4763 0.5449
vn -0.2157 0.6795 -0.7013
vn -0.2156 0.6795 -0.7013
vn -0.2155 0.6795 -0.7013
vn 0.0264 0.7829 0.6215
vn 0.0264 0.7830 0.6215
vn 0.0263 0.7830 0.6214
vn 0.0263 0.7830 0.6215
vn -0.5847 0.5217 0.6213
vn -0.5845 0.5219 0.6213
vn -0.5845 0.5217 0.6215
vn -0.3423 0.6252 -0.7014
vn -0.3426 0.6250 -0.7015
vn -0.3425 0.6251 -0.7014
vn -0.3426 0.6252 -0.7013
vn 0.1319 0.8282 0.5447
vn 0.1319 0.8282 0.5446
vn -0.4674 0.5716 0.6744
vn -0.4671 0.5719 0.6743
vn -0.4672 0.5718 0.6743
vn -0.9150 -0.3915 -0.0980
vn -0.9148 -0.3918 -0.0979
vn -0.9149 -0.3916 -0.0978
vn 0.9546 -0.2881 0.0754
vn 0.9546 -0.2881 0.0753
vn 0.9546 -0.2881 0.0752
vn 0.9546 -0.2880 0.0755
vn -0.3706 -0.8554 -0.3618
vn -0.3705 -0.8555 -0.3619
vn -0.3707 -0.8554 -0.3618
vn 0.9546 -0.2882 -0.0753
vn 0.9546 -0.2882 -0.0754
vn 0.9546 -0.2881 -0.0752
vn -0.4236 -0.8780 -0.2231
vn -0.4239 -0.8779 -0.2229
vn -0.4236 -0.8780 -0.2230
vn -0.4237 -0.8779 -0.2230
vn 0.9276 -0.2999 -0.2227
vn 0.9276 -0.2997 -0.2229
vn -0.4508 -0.8894 -0.0753
vn -0.4509 -0.8894 -0.0753
vn -0.4510 -0.8893 -0.0758
vn 0.8747 -0.3222 -0.3619
vn 0.8746 -0.3224 -0.3620
vn 0.8748 -0.3222 -0.3619
vn 0.8749 -0.3220 -0.3618
vn -0.4510 -0.8893 0.0758
vn -0.4506 -0.8895 0.0753
vn -0.4507 -0.8895 0.0753
vn -0.4509 -0.8894 0.0754
vn 0.7977 -0.3552 -0.4874
vn 0.7977 -0.3553 -0.4872
vn 0.7976 -0.3551 -0.4876
vn -0.4238 -0.8779 0.2229
vn -0.4237 -0.8779 0.2229
vn -0.4238 -0.8779 0.2230
vn 0.6999 -0.3971 -0.5936
vn 0.6999 -0.3971 -0.5937
vn -0.3710 -0.8551 0.3620
vn -0.3705 -0.8554 0.3619
vn -0.3710 -0.8552 0.3620
vn -0.3710 -0.8552 0.3619
vn 0.5848 -0.4463 -0.6773
vn 0.5848 -0.4464 -0.6773
vn 0.5848 -0.4463 -0.6774
vn 0.3210 -0.5593 0.7643
vn 0.3211 -0.5592 0.7643
vn 0.3211 -0.5593 0.7643
vn 0.3212 -0.5594 0.7642
vn -0.2939 -0.8223 0.4873
vn -0.2939 -0.8223 0.4872
vn -0.2941 -0.8223 0.4871
vn -0.2940 -0.8223 0.4872
vn 0.4570 -0.5010 -0.7350
vn 0.4572 -0.5011 -0.7348
vn 0.4568 -0.5009 -0.7352
vn 0.4569 -0.5011 0.7350
vn 0.4569 -0.5010 0.7350
vn -0.1961 -0.7804 0.5937
vn -0.1961 -0.7804 0.5938
vn 0.3212 -0.5594 -0.7642
vn 0.5848 -0.4464 0.6773
vn 0.5850 -0.4464 0.6771
vn -0.0810 -0.7313 0.6773
vn -0.0806 -0.7316 0.6770
vn -0.0809 -0.7312 0.6773
vn -0.0810 -0.7311 0.6774
vn 0.1827 -0.6184 -0.7644
vn 0.1827 -0.6184 -0.7643
vn 0.6998 -0.3970 0.5938
vn 0.7000 -0.3968 0.5938
vn 0.6998 -0.3971 0.5938
vn 0.6997 -0.3974 0.5938
vn 0.0469 -0.6763 0.7351
vn 0.0469 -0.6764 0.7350
vn 0.0468 -0.6764 0.7350
vn 0.0467 -0.6769 0.7346
vn 0.0471 -0.6765 -0.7349
vn 0.0468 -0.6765 -0.7350
vn 0.0477 -0.6766 -0.7349
vn 0.7977 -0.3551 0.4873
vn 0.7976 -0.3550 0.4876
vn 0.7978 -0.3550 0.4874
vn 0.7978 -0.3550 0.4873
vn 0.1827 -0.6185 0.7643
vn 0.1827 -0.6184 0.7643
vn 0.1828 -0.6185 0.7642
vn -0.0810 -0.7313 -0.6773
vn -0.0809 -0.7313 -0.6772
vn -0.0809 -0.7313 -0.6773
vn -0.0810 -0.7312 -0.6773
vn 0.8745 -0.3224 0.3624
vn 0.8746 -0.3224 0.3621
vn 0.8746 -0.3223 0.3623
vn -0.1962 -0.7804 -0.5937
vn -0.1961 -0.7804 -0.5937
vn 0.9276 -0.2997 0.2228
vn 0.9277 -0.2997 0.2226
vn 0.9276 -0.2998 0.2226
vn 0.9276 -0.3000 0.2226
vn -0.8745 0.3110 0.3723
vn -0.8744 0.3110 0.3723
vn 0.8105 0.3471 -0.4719
vn 0.8107 0.3470 -0.4716
vn 0.8107 0.3470 -0.4715
vn -0.9150 -0.3915 0.0980
vn 0.7107 0.3040 -0.6345
vn -0.8798 -0.3763 0.2904
vn -0.8798 -0.3765 0.2902
vn 0.5834 0.2495 -0.7729
vn 0.5835 0.2496 -0.7728
vn 0.5833 0.2495 -0.7730
vn -0.8107 -0.3470 0.4716
vn -0.8107 -0.3469 0.4715
vn 0.4332 0.1853 -0.8821
vn 0.4337 0.1856 -0.8818
vn 0.0902 0.0386 0.9952
vn -0.7107 -0.3041 0.6344
vn 0.2669 0.1141 -0.9569
vn 0.2669 0.1141 -0.9570
vn 0.2671 0.1144 -0.9569
vn 0.2669 0.1141 0.9569
vn 0.2668 0.1140 0.9570
vn 0.2669 0.1141 0.9570
vn 0.2669 0.1142 0.9569
vn -0.5830 -0.2494 0.7732
vn -0.5834 -0.2495 0.7729
vn 0.0902 0.0386 -0.9952
vn 0.4332 0.1853 0.8821
vn 0.4334 0.1854 0.8819
vn 0.4335 0.1855 0.8818
vn -0.4332 -0.1853 0.8821
vn -0.0901 -0.0386 -0.9952
vn -0.0906 -0.0387 -0.9951
vn -0.0902 -0.0386 -0.9952
vn 0.5830 0.2494 0.7732
vn -0.2671 -0.1143 0.9569
vn -0.2668 -0.1141 0.9570
vn -0.2672 -0.1145 -0.9568
vn -0.2673 -0.1145 -0.9568
vn -0.2672 -0.1144 -0.9568
vn -0.2673 -0.1146 -0.9568
vn 0.7108 0.3041 0.6342
vn 0.7111 0.3042 0.6339
vn -0.4332 -0.1853 -0.8821
vn 0.8106 0.3472 0.4715
vn 0.8107 0.3468 0.4718
vn 0.8108 0.3469 0.4714
vn -0.5834 -0.2495 -0.7729
vn 0.8798 0.3764 0.2903
vn 0.8798 0.3763 0.2905
vn 0.8798 0.3763 0.2904
vn 0.8798 0.3765 0.2901
vn -0.7106 -0.3040 -0.6345
vn -0.7107 -0.3040 -0.6345
vn 0.9149 0.3914 0.0985
vn -0.8109 -0.3469 -0.4713
vn 0.9150 0.3914 -0.0982
vn 0.9150 0.3914 -0.0983
vn -0.8798 -0.3763 -0.2904
vn 0.8798 0.3765 -0.2902
vn 0.8796 0.3769 -0.2904
vn 0.8797 0.3767 -0.2901
vn 0.8798 0.3764 -0.2903
vn -0.2982 -0.9368 -0.1830
vn -0.2983 -0.9367 -0.1835
vn -0.2983 -0.9367 -0.1830
vn -0.2983 -0.9368 -0.1828
vn -0.0225 0.8395 -0.5429
vn -0.2114 0.7087 0.6731
vn -0.2115 0.7087 0.6731
vn -0.2117 0.7089 0.6728
vn -0.7921 0.3575 0.4948
vn -0.1083 0.7781 -0.6187
vn -0.1085 0.7781 -0.6187
vn -0.1084 0.7781 -0.6187
vn -0.1083 0.7782 0.6186
vn -0.1085 0.7781 0.6187
vn -0.1084 0.7782 0.6186
vn -0.6898 0.4161 0.5925
vn -0.2115 0.7087 -0.6731
vn -0.2115 0.7086 -0.6731
vn -0.0224 0.8395 0.5429
vn -0.0225 0.8395 0.5429
vn -0.5737 0.4840 0.6608
vn -0.3274 0.6340 -0.7006
vn 0.0443 0.8907 0.4525
vn 0.0445 0.8906 0.4525
vn -0.4505 0.5579 0.6970
vn -0.4505 0.5579 -0.6970
vn 0.0930 0.9306 0.3539
vn 0.0930 0.9307 0.3539
vn -0.3274 0.6340 0.7006
vn -0.5737 0.4840 -0.6608
vn 0.1251 0.9596 0.2521
vn 0.1251 0.9596 0.2522
vn -0.6898 0.4161 -0.5925
vn 0.1441 0.9781 0.1505
vn 0.1440 0.9781 0.1505
vn -0.7921 0.3575 -0.4948
vn 0.1526 0.9870 0.0499
vn 0.1526 0.9870 0.0500
vn 0.1526 0.9870 0.0501
vn -0.8745 0.3110 -0.3723
vn -0.8744 0.3110 -0.3723
vn 0.1528 0.9870 -0.0497
vn 0.1526 0.9870 -0.0500
vn 0.1524 0.9871 -0.0500
vn -0.9321 0.2789 -0.2311
vn -0.9321 0.2788 -0.2312
vn -0.9321 0.2788 -0.2313
vn 0.1440 0.9781 -0.1505
vn -0.9618 0.2623 -0.0783
vn -0.9618 0.2623 -0.0784
vn -0.9617 0.2624 -0.0787
vn -0.9618 0.2625 -0.0782
vn 0.1251 0.9596 -0.2522
vn -0.9618 0.2623 0.0784
vn -0.9618 0.2622 0.0782
vn -0.9618 0.2624 0.0784
vn 0.0930 0.9306 -0.3539
vn 0.0931 0.9306 -0.3540
vn -0.9321 0.2788 0.2312
vn 0.0446 0.8907 -0.4525
vn 0.0445 0.8906 -0.4525
vn 0.0445 0.8907 -0.4525
vn -0.8986 -0.3290 0.2903
vn 0.8334 -0.5217 -0.1825
vn 0.8332 -0.5219 -0.1828
vn 0.8331 -0.5220 -0.1828
vn -0.3210 -0.9451 -0.0617
vn -0.3211 -0.9450 -0.0617
vn 0.7888 -0.5382 -0.2969
vn 0.7888 -0.5381 -0.2969
vn -0.3210 -0.9451 0.0617
vn 0.7245 -0.5617 -0.3996
vn 0.7245 -0.5616 -0.3997
vn 0.7244 -0.5618 -0.3995
vn -0.2983 -0.9368 0.1830
vn -0.2982 -0.9369 0.1827
vn -0.2980 -0.9368 0.1831
vn -0.2983 -0.9367 0.1835
vn 0.6425 -0.5918 -0.4868
vn 0.6424 -0.5919 -0.4868
vn -0.2542 -0.9205 0.2966
vn -0.2542 -0.9205 0.2967
vn -0.2541 -0.9205 0.2967
vn 0.5461 -0.6272 -0.5553
vn 0.3254 -0.7082 0.6266
vn 0.3255 -0.7082 0.6265
vn 0.3253 -0.7081 0.6267
vn -0.1897 -0.8969 0.3995
vn -0.1897 -0.8968 0.3996
vn 0.4390 -0.6665 -0.6026
vn 0.4389 -0.6664 -0.6027
vn 0.4390 -0.6664 -0.6026
vn 0.4389 -0.6667 0.6023
vn 0.4389 -0.6668 0.6023
vn 0.4390 -0.6666 0.6024
vn -0.1072 -0.8669 0.4868
vn -0.1076 -0.8669 0.4868
vn -0.1073 -0.8669 0.4868
vn -0.1074 -0.8669 0.4868
vn 0.3254 -0.7080 -0.6268
vn 0.3254 -0.7081 -0.6267
vn 0.3253 -0.7080 -0.6269
vn 0.5460 -0.6271 0.5555
vn 0.5463 -0.6270 0.5554
vn 0.5460 -0.6272 0.5555
vn 0.5461 -0.6272 0.5553
vn -0.0115 -0.8316 0.5552
vn -0.0114 -0.8313 0.5557
vn -0.0114 -0.8315 0.5554
vn -0.0113 -0.8316 0.5553
vn 0.2093 -0.7506 -0.6268
vn 0.2095 -0.7506 -0.6267
vn 0.2092 -0.7505 -0.6269
vn 0.6425 -0.5918 0.4868
vn 0.6424 -0.5916 0.4872
vn 0.6425 -0.5918 0.4869
vn 0.6424 -0.5919 0.4867
vn 0.0957 -0.7923 0.6026
vn 0.0961 -0.7924 0.6024
vn 0.0958 -0.7923 0.6026
vn 0.0958 -0.7923 -0.6026
vn 0.0959 -0.7922 -0.6026
vn 0.7245 -0.5617 0.3995
vn 0.7244 -0.5618 0.3995
vn 0.2093 -0.7507 0.6265
vn 0.2095 -0.7508 0.6264
vn 0.2094 -0.7507 0.6265
vn 0.2096 -0.7505 0.6267
vn -0.0109 -0.8317 -0.5551
vn -0.0112 -0.8316 -0.5552
vn -0.0110 -0.8317 -0.5551
vn 0.7889 -0.5381 0.2969
vn 0.7888 -0.5383 0.2967
vn 0.7888 -0.5382 0.2968
vn -0.1077 -0.8669 -0.4868
vn -0.1078 -0.8669 -0.4868
vn 0.8332 -0.5218 0.1828
vn 0.8333 -0.5218 0.1827
vn 0.8335 -0.5215 0.1826
vn -0.1898 -0.8967 -0.3999
vn -0.1895 -0.8967 -0.4000
vn -0.1899 -0.8968 -0.3997
vn 0.8558 -0.5137 0.0617
vn 0.8557 -0.5137 0.0621
vn 0.8557 -0.5137 0.0618
vn 0.8556 -0.5139 0.0618
vn -0.2541 -0.9206 -0.2967
vn -0.2542 -0.9206 -0.2965
vn -0.2541 -0.9206 -0.2966
vn -0.2542 -0.9206 -0.2966
vn 0.8557 -0.5138 -0.0618
vn 0.8557 -0.5137 -0.0618
vn -0.6722 0.4089 0.6172
vn -0.6723 0.4089 0.6172
vn 0.5957 0.2184 -0.7730
vn 0.5957 0.2184 -0.7729
vn 0.5956 0.2184 -0.7730
vn -0.8281 -0.3034 0.4714
vn -0.8282 -0.3031 0.4714
vn -0.8281 -0.3032 0.4716
vn -0.8280 -0.3037 0.4713
vn 0.4426 0.1622 -0.8819
vn 0.4422 0.1623 -0.8821
vn 0.4427 0.1622 -0.8819
vn 0.4428 0.1621 -0.8818
vn 0.0920 0.0337 0.9952
vn 0.0919 0.0337 0.9952
vn -0.7258 -0.2661 0.6344
vn -0.7258 -0.2660 0.6343
vn -0.7257 -0.2661 0.6344
vn 0.2725 0.0999 -0.9570
vn 0.2723 0.0999 -0.9570
vn 0.2727 0.0999 -0.9569
vn 0.2727 0.1000 0.9569
vn 0.2726 0.0999 0.9569
vn -0.5957 -0.2184 0.7729
vn -0.5956 -0.2184 0.7730
vn -0.5957 -0.2184 0.7730
vn -0.5959 -0.2183 0.7728
vn 0.0922 0.0338 -0.9952
vn 0.4424 0.1621 0.8820
vn 0.4427 0.1624 0.8818
vn 0.4426 0.1623 0.8819
vn 0.4423 0.1620 0.8821
vn -0.4427 -0.1622 0.8819
vn -0.4428 -0.1621 0.8818
vn -0.4425 -0.1622 0.8820
vn -0.4424 -0.1622 0.8820
vn -0.0922 -0.0338 -0.9952
vn -0.0920 -0.0337 -0.9952
vn -0.0923 -0.0338 -0.9952
vn 0.5955 0.2181 0.7732
vn -0.2729 -0.0999 0.9568
vn -0.2726 -0.0999 0.9569
vn -0.2724 -0.0998 -0.9570
vn -0.2725 -0.0999 -0.9569
vn -0.2722 -0.0997 -0.9571
vn 0.7261 0.2659 0.6341
vn 0.7259 0.2660 0.6343
vn -0.0920 -0.0337 0.9952
vn -0.0919 -0.0337 0.9952
vn -0.0921 -0.0337 0.9952
vn -0.4425 -0.1622 -0.8820
vn -0.4428 -0.1621 -0.8818
vn -0.4427 -0.1622 -0.8819
vn -0.4424 -0.1622 -0.8820
vn 0.8280 0.3037 0.4714
vn 0.8280 0.3036 0.4714
vn -0.5958 -0.2185 -0.7729
vn -0.5956 -0.2184 -0.7730
vn -0.5957 -0.2184 -0.7729
vn -0.5958 -0.2185 -0.7728
vn 0.8987 0.3291 0.2899
vn -0.7258 -0.2658 -0.6345
vn -0.7258 -0.2661 -0.6344
vn -0.7260 -0.2662 -0.6341
vn -0.7259 -0.2661 -0.6343
vn 0.9344 0.3425 0.0981
vn 0.9344 0.3425 0.0980
vn 0.9343 0.3426 0.0983
vn -0.8280 -0.3036 -0.4714
vn -0.8280 -0.3037 -0.4714
vn 0.9344 0.3425 -0.0981
vn 0.9344 0.3425 -0.0982
vn 0.9343 0.3426 -0.0982
vn 0.9343 0.3428 -0.0978
vn -0.8986 -0.3290 -0.2903
vn -0.8985 -0.3294 -0.2903
vn 0.8987 0.3291 -0.2899
vn 0.8985 0.3293 -0.2902
vn -0.9344 -0.3425 -0.0980
vn -0.9344 -0.3426 -0.0978
vn -0.9344 -0.3424 -0.0983
vn 0.8280 0.3036 -0.4714
vn 0.8280 0.3038 -0.4713
vn -0.9344 -0.3425 0.0981
vn -0.9344 -0.3426 0.0979
vn -0.9344 -0.3425 0.0982
vn -0.9344 -0.3424 0.0983
vn 0.7256 0.2657 -0.6348
vn 0.1506 -0.7276 0.6692
vn 0.1505 -0.7276 0.6693
vn 0.1505 -0.7277 0.6692
vn -0.1561 0.6844 -0.7122
vn 0.0545 0.8122 0.5808
vn 0.0545 0.8123 0.5807
vn -0.5483 0.4720 0.6904
vn -0.5482 0.4720 0.6904
vn -0.2828 0.6131 -0.7377
vn 0.1313 0.8637 0.4866
vn 0.1312 0.8636 0.4867
vn -0.4159 0.5411 0.7309
vn -0.4159 0.5411 -0.7309
vn 0.1880 0.9046 0.3826
vn 0.1880 0.9046 0.3827
vn 0.1881 0.9047 0.3823
vn -0.2828 0.6131 0.7377
vn -0.2828 0.6131 0.7376
vn -0.5482 0.4720 -0.6904
vn 0.2264 0.9348 0.2737
vn 0.2266 0.9347 0.2739
vn 0.2267 0.9346 0.2740
vn -0.6721 0.4089 -0.6173
vn -0.6722 0.4089 -0.6172
vn -0.6722 0.4089 -0.6173
vn 0.2499 0.9543 0.1639
vn 0.2499 0.9543 0.1640
vn -0.7807 0.3549 -0.5143
vn 0.2606 0.9639 0.0547
vn 0.2606 0.9639 0.0546
vn -0.8679 0.3122 -0.3864
vn 0.2605 0.9639 -0.0550
vn 0.2606 0.9639 -0.0546
vn -0.9288 0.2828 -0.2396
vn 0.2499 0.9543 -0.1640
vn 0.2499 0.9543 -0.1638
vn -0.9601 0.2675 -0.0814
vn -0.9601 0.2677 -0.0812
vn 0.2266 0.9346 -0.2740
vn 0.2266 0.9347 -0.2739
vn 0.2267 0.9346 -0.2740
vn -0.9601 0.2674 0.0815
vn -0.9601 0.2677 0.0812
vn -0.9601 0.2676 0.0813
vn -0.9601 0.2675 0.0812
vn 0.1877 0.9047 -0.3824
vn 0.1880 0.9045 -0.3827
vn 0.1878 0.9046 -0.3827
vn 0.1880 0.9046 -0.3827
vn -0.9288 0.2828 0.2396
vn 0.1313 0.8636 -0.4867
vn -0.8679 0.3122 0.3864
vn -0.8679 0.3122 0.3863
vn 0.0545 0.8123 -0.5807
vn 0.0541 0.8124 -0.5806
vn -0.1561 0.6844 0.7122
vn -0.7807 0.3549 0.5143
vn -0.0422 0.7518 -0.6580
vn -0.0421 0.7518 -0.6580
vn -0.0421 0.7518 0.6580
vn -0.0423 0.7518 0.6580
vn -0.8443 -0.2545 -0.4716
vn -0.8441 -0.2545 -0.4719
vn -0.8444 -0.2544 -0.4715
vn -0.8444 -0.2545 -0.4714
vn -0.0900 -0.8001 -0.5931
vn 0.7813 -0.5376 0.3170
vn 0.7814 -0.5375 0.3170
vn 0.7814 -0.5376 0.3170
vn -0.1947 -0.8318 -0.5199
vn -0.1945 -0.8318 -0.5199
vn -0.1947 -0.8317 -0.5199
vn -0.1949 -0.8317 -0.5199
vn 0.8297 -0.5229 0.1951
vn 0.8298 -0.5229 0.1951
vn 0.8297 -0.5229 0.1952
vn -0.2842 -0.8586 -0.4266
vn -0.2842 -0.8587 -0.4265
vn -0.2841 -0.8587 -0.4265
vn 0.8544 -0.5154 0.0663
vn 0.8544 -0.5153 0.0666
vn 0.8544 -0.5154 0.0662
vn 0.8545 -0.5151 0.0665
vn -0.3543 -0.8797 -0.3170
vn -0.3545 -0.8797 -0.3170
vn -0.3544 -0.8797 -0.3170
vn -0.3542 -0.8798 -0.3169
vn 0.8544 -0.5155 -0.0659
vn 0.8544 -0.5154 -0.0663
vn 0.8544 -0.5154 -0.0659
vn -0.4025 -0.8943 -0.1952
vn -0.4026 -0.8943 -0.1952
vn -0.4025 -0.8944 -0.1952
vn 0.8297 -0.5229 -0.1953
vn 0.8297 -0.5230 -0.1952
vn 0.8296 -0.5231 -0.1953
vn -0.4273 -0.9017 -0.0658
vn -0.4272 -0.9017 -0.0659
vn -0.4272 -0.9018 -0.0658
vn 0.7813 -0.5376 -0.3170
vn 0.7811 -0.5377 -0.3172
vn 0.7814 -0.5375 -0.3171
vn 0.7814 -0.5374 -0.3170
vn -0.4273 -0.9017 0.0659
vn -0.4266 -0.9021 0.0658
vn -0.4271 -0.9018 0.0659
vn -0.4272 -0.9017 0.0660
vn 0.7113 -0.5587 -0.4265
vn 0.7112 -0.5590 -0.4263
vn 0.7113 -0.5586 -0.4266
vn -0.4024 -0.8944 0.1952
vn -0.4024 -0.8944 0.1953
vn 0.6222 -0.5853 -0.5199
vn 0.6223 -0.5852 -0.5199
vn 0.6222 -0.5854 -0.5198
vn 0.6221 -0.5855 -0.5198
vn -0.3543 -0.8798 0.3170
vn -0.3541 -0.8798 0.3170
vn -0.3545 -0.8797 0.3170
vn 0.5170 -0.6171 -0.5932
vn 0.5171 -0.6171 -0.5931
vn 0.5170 -0.6173 -0.5930
vn 0.5167 -0.6170 -0.5935
vn 0.2766 -0.6896 0.6693
vn 0.2765 -0.6896 0.6693
vn 0.2764 -0.6897 0.6692
vn -0.2843 -0.8587 0.4265
vn -0.2843 -0.8586 0.4266
vn -0.2842 -0.8586 0.4266
vn 0.4004 -0.6523 -0.6435
vn 0.4006 -0.6524 -0.6434
vn 0.4002 -0.6522 -0.6438
vn 0.4005 -0.6523 -0.6436
vn 0.4006 -0.6524 0.6434
vn 0.4005 -0.6524 0.6434
vn 0.4005 -0.6522 0.6435
vn 0.4007 -0.6522 0.6435
vn -0.1948 -0.8317 0.5200
vn -0.1947 -0.8316 0.5201
vn -0.1948 -0.8316 0.5201
vn -0.1949 -0.8317 0.5199
vn 0.2768 -0.6897 -0.6691
vn 0.2771 -0.6898 -0.6689
vn 0.2766 -0.6895 -0.6694
vn 0.5170 -0.6174 0.5929
vn 0.5171 -0.6172 0.5931
vn 0.5171 -0.6173 0.5929
vn 0.5175 -0.6168 0.5930
vn -0.0902 -0.8003 0.5928
vn -0.0902 -0.8002 0.5929
vn -0.0900 -0.8001 0.5931
vn -0.0901 -0.8002 0.5929
vn 0.1507 -0.7278 -0.6691
vn 0.1505 -0.7275 -0.6694
vn 0.1505 -0.7276 -0.6693
vn 0.6223 -0.5852 0.5198
vn 0.6222 -0.5853 0.5198
vn 0.6221 -0.5854 0.5199
vn 0.0269 -0.7650 0.6435
vn 0.0267 -0.7649 0.6436
vn 0.0269 -0.7650 0.6434
vn 0.0271 -0.7651 0.6433
vn 0.0268 -0.7650 -0.6435
vn 0.0271 -0.7651 -0.6434
vn 0.0267 -0.7649 -0.6436
vn 0.7114 -0.5586 0.4264
vn 0.7113 -0.5586 0.4267
vn 0.7113 -0.5586 0.4266
vn 0.7115 -0.5585 0.4264
vn -0.9107 0.4059 0.0766
vn -0.9107 0.4059 0.0767
vn 0.9529 0.2871 -0.0980
vn 0.9528 0.2872 -0.0983
vn 0.9528 0.2872 -0.0981
vn 0.9529 0.2870 -0.0983
vn -0.9163 -0.2761 -0.2902
vn -0.9162 -0.2761 -0.2904
vn 0.9162 0.2761 -0.2903
vn 0.9161 0.2762 -0.2907
vn 0.9162 0.2760 -0.2903
vn 0.9162 0.2761 -0.2904
vn -0.9528 -0.2872 -0.0980
vn -0.9529 -0.2873 -0.0975
vn -0.9528 -0.2872 -0.0979
vn -0.9528 -0.2872 -0.0982
vn 0.8442 0.2546 -0.4717
vn 0.8441 0.2547 -0.4719
vn 0.8441 0.2547 -0.4718
vn 0.8443 0.2546 -0.4716
vn -0.9528 -0.2873 0.0977
vn 0.7398 0.2232 -0.6347
vn 0.7401 0.2231 -0.6344
vn 0.7398 0.2231 -0.6348
vn -0.9162 -0.2761 0.2903
vn -0.9163 -0.2761 0.2901
vn -0.9162 -0.2761 0.2904
vn -0.9161 -0.2762 0.2907
vn 0.6075 0.1832 -0.7729
vn -0.8444 -0.2544 0.4715
vn -0.8444 -0.2545 0.4714
vn -0.8443 -0.2546 0.4715
vn -0.8444 -0.2545 0.4715
vn 0.4515 0.1361 -0.8818
vn 0.4514 0.1361 -0.8819
vn 0.0938 0.0283 0.9952
vn 0.0939 0.0283 0.9952
vn 0.0936 0.0282 0.9952
vn -0.7401 -0.2230 0.6344
vn -0.7401 -0.2231 0.6344
vn 0.2779 0.0838 -0.9570
vn 0.2778 0.0838 -0.9570
vn 0.2781 0.0838 -0.9569
vn 0.2782 0.0839 0.9569
vn -0.6074 -0.1831 0.7730
vn -0.6075 -0.1832 0.7729
vn -0.6073 -0.1829 0.7731
vn 0.0937 0.0283 -0.9952
vn 0.4520 0.1363 0.8816
vn 0.4516 0.1361 0.8818
vn 0.4515 0.1361 0.8818
vn -0.4514 -0.1360 0.8819
vn -0.4513 -0.1360 0.8820
vn -0.4515 -0.1360 0.8819
vn -0.0937 -0.0283 -0.9952
vn -0.0939 -0.0283 -0.9952
vn 0.6075 0.1832 0.7729
vn -0.2780 -0.0838 0.9569
vn -0.2776 -0.0838 0.9570
vn -0.2779 -0.0838 0.9570
vn -0.2781 -0.0838 0.9569
vn -0.2779 -0.0838 -0.9569
vn -0.2778 -0.0838 -0.9570
vn 0.7401 0.2232 0.6344
vn 0.7399 0.2233 0.6346
vn 0.7398 0.2232 0.6347
vn 0.7400 0.2231 0.6346
vn -0.0937 -0.0283 0.9952
vn -0.0938 -0.0283 0.9952
vn -0.0937 -0.0282 0.9952
vn -0.0936 -0.0283 0.9952
vn -0.4514 -0.1361 -0.8819
vn -0.4516 -0.1362 -0.8818
vn -0.4515 -0.1361 -0.8818
vn 0.8444 0.2544 0.4714
vn 0.8443 0.2545 0.4716
vn 0.8444 0.2545 0.4714
vn -0.6074 -0.1829 -0.7731
vn -0.6076 -0.1827 -0.7729
vn -0.6074 -0.1828 -0.7731
vn -0.6069 -0.1830 -0.7735
vn 0.9163 0.2758 0.2903
vn 0.9162 0.2761 0.2904
vn 0.9163 0.2761 0.2903
vn 0.9162 0.2760 0.2904
vn -0.7401 -0.2232 -0.6344
vn -0.7401 -0.2229 -0.6345
vn -0.7401 -0.2230 -0.6344
vn 0.9528 0.2872 0.0980
vn 0.9529 0.2871 0.0981
vn 0.2085 -0.6081 0.7660
vn 0.2084 -0.6081 0.7660
vn 0.2083 -0.6081 0.7660
vn 0.0542 0.9682 -0.2441
vn -0.8789 0.4203 0.2255
vn -0.8790 0.4202 0.2255
vn 0.0372 0.9418 -0.3342
vn 0.0372 0.9417 -0.3343
vn -0.8175 0.4482 0.3617
vn -0.0003 0.9039 -0.4277
vn -0.0003 0.9040 -0.4275
vn -0.1490 0.7969 0.5854
vn -0.7300 0.4889 0.4776
vn -0.0626 0.8552 -0.5145
vn -0.0625 0.8552 -0.5145
vn -0.0625 0.8552 0.5145
vn -0.0625 0.8552 0.5146
vn -0.6223 0.5404 0.5663
vn -0.1490 0.7969 -0.5854
vn -0.1491 0.7969 -0.5854
vn -0.0005 0.9040 0.4275
vn -0.0003 0.9040 0.4275
vn -0.5016 0.6003 0.6229
vn -0.2561 0.7324 -0.6309
vn 0.0372 0.9417 0.3343
vn -0.3765 0.6655 0.6444
vn -0.3765 0.6655 -0.6444
vn -0.3765 0.6655 -0.6445
vn 0.0542 0.9682 0.2441
vn -0.2561 0.7324 0.6309
vn -0.5016 0.6003 -0.6229
vn 0.0569 0.9850 0.1626
vn 0.0571 0.9850 0.1627
vn 0.0567 0.9850 0.1628
vn -0.6223 0.5404 -0.5663
vn 0.0535 0.9943 0.0920
vn -0.7300 0.4889 -0.4776
vn 0.0499 0.9983 0.0296
vn 0.0499 0.9983 0.0295
vn -0.8175 0.4482 -0.3617
vn 0.0499 0.9983 -0.0295
vn 0.0499 0.9983 -0.0296
vn -0.8790 0.4202 -0.2255
vn 0.0533 0.9943 -0.0921
vn 0.0535 0.9943 -0.0920
vn -0.9107 0.4059 -0.0765
vn -0.9107 0.4059 -0.0766
vn 0.0572 0.9850 -0.1628
vn 0.0571 0.9850 -0.1627
vn 0.0572 0.9850 -0.1629
vn 0.6201 0.1337 0.7731
vn 0.6202 0.1337 0.7730
vn -0.4468 -0.7496 0.4883
vn -0.4471 -0.7494 0.4883
vn -0.4470 -0.7495 0.4883
vn -0.4470 -0.7493 0.4886
vn 0.3531 -0.5771 -0.7364
vn 0.3527 -0.5769 -0.7368
vn 0.3530 -0.5770 -0.7365
vn 0.3535 -0.5773 -0.7361
vn 0.3531 -0.5770 0.7365
vn 0.3530 -0.5770 0.7366
vn 0.3530 -0.5771 0.7364
vn 0.3530 -0.5769 0.7366
vn -0.3426 -0.7272 0.5949
vn -0.3428 -0.7270 0.5950
vn -0.3427 -0.7271 0.5949
vn -0.3430 -0.7270 0.5949
vn 0.2083 -0.6082 -0.7660
vn 0.2081 -0.6082 -0.7660
vn 0.2079 -0.6081 -0.7661
vn 0.2083 -0.6081 -0.7660
vn 0.4888 -0.5480 0.6788
vn 0.4889 -0.5480 0.6788
vn -0.2196 -0.7006 0.6789
vn -0.2201 -0.7005 0.6788
vn -0.2201 -0.7005 0.6789
vn 0.0609 -0.6400 -0.7660
vn 0.0608 -0.6399 -0.7660
vn 0.0609 -0.6399 -0.7660
vn 0.0606 -0.6398 -0.7661
vn 0.6119 -0.5215 0.5946
vn 0.6119 -0.5211 0.5950
vn 0.6119 -0.5212 0.5949
vn -0.0837 -0.6712 0.7366
vn -0.0835 -0.6711 0.7367
vn -0.0837 -0.6714 0.7364
vn -0.0839 -0.6714 0.7363
vn -0.0838 -0.6714 -0.7364
vn -0.0838 -0.6712 -0.7366
vn -0.0837 -0.6714 -0.7364
vn -0.0842 -0.6712 -0.7365
vn 0.7160 -0.4985 0.4887
vn 0.7161 -0.4986 0.4884
vn 0.7161 -0.4986 0.4885
vn 0.7162 -0.4986 0.4883
vn 0.0608 -0.6399 0.7660
vn 0.0607 -0.6400 0.7660
vn 0.0607 -0.6399 0.7660
vn -0.2200 -0.7005 -0.6789
vn -0.2202 -0.7005 -0.6789
vn -0.2201 -0.7005 -0.6788
vn 0.7981 -0.4810 0.3628
vn 0.7979 -0.4811 0.3632
vn 0.7981 -0.4811 0.3628
vn -0.3426 -0.7271 -0.5949
vn -0.3425 -0.7268 -0.5954
vn -0.3427 -0.7269 -0.5952
vn -0.3428 -0.7271 -0.5948
vn 0.8546 -0.4689 0.2232
vn 0.8545 -0.4690 0.2234
vn 0.8545 -0.4690 0.2232
vn 0.8547 -0.4688 0.2231
vn -0.4471 -0.7496 -0.4882
vn -0.4472 -0.7494 -0.4883
vn -0.4473 -0.7495 -0.4881
vn -0.4470 -0.7495 -0.4883
vn 0.8832 -0.4629 0.0751
vn 0.8833 -0.4627 0.0754
vn 0.8833 -0.4626 0.0755
vn 0.8833 -0.4626 0.0754
vn -0.5291 -0.7671 -0.3628
vn -0.5290 -0.7672 -0.3628
vn 0.8833 -0.4628 -0.0751
vn 0.8833 -0.4627 -0.0753
vn 0.8834 -0.4625 -0.0756
vn -0.5855 -0.7792 -0.2236
vn -0.5855 -0.7793 -0.2236
vn -0.5855 -0.7793 -0.2234
vn 0.8545 -0.4689 -0.2233
vn 0.8545 -0.4689 -0.2235
vn 0.8545 -0.4690 -0.2233
vn 0.8546 -0.4688 -0.2234
vn -0.6142 -0.7855 -0.0757
vn -0.6141 -0.7856 -0.0758
vn -0.6142 -0.7855 -0.0758
vn -0.6145 -0.7853 -0.0754
vn 0.7981 -0.4809 -0.3629
vn 0.7980 -0.4810 -0.3630
vn 0.7981 -0.4810 -0.3629
vn 0.7981 -0.4811 -0.3628
vn -0.6141 -0.7856 0.0753
vn -0.6143 -0.7855 0.0752
vn -0.6142 -0.7856 0.0756
vn -0.6140 -0.7857 0.0755
vn 0.7162 -0.4985 -0.4884
vn 0.7163 -0.4986 -0.4881
vn 0.7162 -0.4985 -0.4883
vn 0.7162 -0.4986 -0.4883
vn -0.5855 -0.7792 0.2236
vn -0.5855 -0.7793 0.2234
vn -0.5855 -0.7793 0.2235
vn -0.5855 -0.7793 0.2236
vn 0.6119 -0.5215 -0.5946
vn 0.6119 -0.5211 -0.5950
vn -0.5290 -0.7671 0.3628
vn -0.5291 -0.7671 0.3628
vn 0.4889 -0.5480 -0.6788
vn 0.4888 -0.5480 -0.6788
vn 0.0213 0.9977 0.0644
vn 0.0211 0.9977 0.0645
vn -0.2838 -0.0612 0.9569
vn -0.2837 -0.0612 0.9570
vn -0.2838 -0.0612 -0.9569
vn 0.7555 0.1630 0.6345
vn 0.7556 0.1629 0.6345
vn 0.7555 0.1630 0.6346
vn 0.7554 0.1631 0.6346
vn -0.0958 -0.0207 0.9952
vn -0.4609 -0.0996 -0.8818
vn -0.4608 -0.0993 -0.8819
vn 0.8622 0.1859 0.4713
vn 0.8620 0.1854 0.4717
vn 0.8622 0.1857 0.4714
vn 0.8621 0.1859 0.4714
vn -0.6202 -0.1338 -0.7730
vn -0.6201 -0.1337 -0.7730
vn -0.6200 -0.1338 -0.7731
vn -0.6199 -0.1339 -0.7732
vn 0.9355 0.2016 0.2902
vn 0.9355 0.2015 0.2903
vn 0.9354 0.2017 0.2903
vn -0.7557 -0.1628 -0.6344
vn -0.7556 -0.1628 -0.6345
vn -0.7557 -0.1629 -0.6343
vn -0.7558 -0.1631 -0.6341
vn 0.9728 0.2099 0.0979
vn 0.9728 0.2097 0.0981
vn 0.9728 0.2096 0.0984
vn 0.9728 0.2100 0.0977
vn -0.8621 -0.1863 -0.4712
vn -0.8621 -0.1860 -0.4714
vn 0.9728 0.2097 -0.0983
vn 0.9728 0.2097 -0.0981
vn 0.9728 0.2099 -0.0978
vn 0.9728 0.2100 -0.0976
vn -0.9355 -0.2016 -0.2903
vn -0.9355 -0.2015 -0.2903
vn -0.9355 -0.2017 -0.2903
vn -0.9355 -0.2015 -0.2901
vn 0.9353 0.2020 -0.2905
vn 0.9354 0.2019 -0.2903
vn 0.9354 0.2020 -0.2904
vn 0.9354 0.2018 -0.2904
vn -0.9729 -0.2098 -0.0978
vn -0.9729 -0.2097 -0.0980
vn -0.9728 -0.2097 -0.0980
vn -0.9728 -0.2097 -0.0981
vn 0.8620 0.1859 -0.4715
vn 0.8621 0.1859 -0.4714
vn 0.8621 0.1856 -0.4716
vn 0.8621 0.1859 -0.4715
vn -0.9728 -0.2098 0.0980
vn -0.9728 -0.2098 0.0979
vn -0.9728 -0.2097 0.0981
vn 0.7557 0.1630 -0.6343
vn 0.7557 0.1631 -0.6343
vn 0.7558 0.1630 -0.6342
vn 0.7560 0.1632 -0.6339
vn -0.9354 -0.2016 0.2904
vn -0.9355 -0.2016 0.2903
vn -0.9354 -0.2016 0.2905
vn -0.9353 -0.2019 0.2906
vn 0.6202 0.1338 -0.7729
vn 0.6201 0.1337 -0.7731
vn -0.8621 -0.1859 0.4713
vn -0.8622 -0.1861 0.4711
vn -0.8621 -0.1859 0.4714
vn 0.4606 0.0993 -0.8820
vn 0.4610 0.0992 -0.8818
vn 0.4608 0.0992 -0.8819
vn 0.4604 0.0994 -0.8821
vn 0.0958 0.0207 0.9952
vn 0.0957 0.0207 0.9952
vn -0.7556 -0.1631 0.6344
vn -0.7555 -0.1629 0.6345
vn -0.7555 -0.1632 0.6344
vn 0.2837 0.0612 -0.9570
vn 0.2838 0.0612 -0.9569
vn 0.2837 0.0611 0.9570
vn 0.2838 0.0612 0.9569
vn 0.2836 0.0611 0.9570
vn 0.2834 0.0610 0.9571
vn -0.6200 -0.1337 0.7731
vn -0.6201 -0.1337 0.7730
vn -0.6201 -0.1336 0.7731
vn -0.6200 -0.1333 0.7732
vn 0.0957 0.0206 -0.9952
vn 0.0958 0.0206 -0.9952
vn 0.0962 0.0207 -0.9951
vn 0.0961 0.0207 -0.9952
vn 0.4608 0.0992 0.8819
vn 0.4610 0.0992 0.8818
vn 0.4606 0.0993 0.8820
vn 0.4604 0.0994 0.8821
vn -0.4609 -0.0996 0.8818
vn -0.0957 -0.0206 -0.9952
vn -0.0956 -0.0206 -0.9952
vn -0.0958 -0.0206 -0.9952
vn 0.6677 -0.7267 -0.1616
vn 0.6677 -0.7266 -0.1617
vn 0.6679 -0.7266 -0.1613
vn -0.5677 0.7505 -0.3381
vn -0.5675 0.7507 -0.3383
vn 0.0211 0.9996 0.0210
vn 0.0210 0.9996 0.0210
vn -0.6358 0.7273 -0.2586
vn -0.6358 0.7273 -0.2585
vn -0.6358 0.7271 -0.2588
vn 0.0210 0.9996 -0.0210
vn 0.0211 0.9996 -0.0210
vn -0.6844 0.7108 -0.1623
vn -0.6844 0.7108 -0.1622
vn 0.0210 0.9977 -0.0645
vn 0.0211 0.9977 -0.0645
vn 0.0211 0.9977 -0.0644
vn -0.7096 0.7025 -0.0549
vn -0.7097 0.7023 -0.0553
vn -0.7097 0.7023 -0.0551
vn 0.0191 0.9935 -0.1123
vn 0.0188 0.9935 -0.1120
vn -0.7097 0.7023 0.0552
vn -0.7097 0.7023 0.0553
vn 0.0120 0.9861 -0.1655
vn -0.6845 0.7107 0.1623
vn -0.6844 0.7108 0.1622
vn -0.0041 0.9747 -0.2236
vn -0.0042 0.9747 -0.2236
vn -0.6359 0.7272 0.2586
vn -0.6358 0.7273 0.2585
vn -0.6357 0.7273 0.2586
vn -0.0332 0.9583 -0.2838
vn -0.0335 0.9583 -0.2838
vn -0.1394 0.9100 0.3904
vn -0.5675 0.7507 0.3383
vn -0.5675 0.7507 0.3382
vn -0.0780 0.9366 -0.3415
vn -0.0783 0.9367 -0.3413
vn -0.0784 0.9367 -0.3413
vn -0.0783 0.9367 0.3412
vn -0.0783 0.9367 0.3413
vn -0.4848 0.7796 0.3965
vn -0.4847 0.7796 0.3966
vn -0.1393 0.9101 -0.3903
vn -0.1394 0.9100 -0.3904
vn -0.1393 0.9100 -0.3904
vn -0.0335 0.9583 0.2838
vn -0.3941 0.8120 0.4306
vn -0.3940 0.8120 0.4306
vn -0.3941 0.8122 0.4302
vn -0.2152 0.8793 -0.4249
vn -0.2151 0.8793 -0.4249
vn -0.0043 0.9747 0.2237
vn -0.0042 0.9747 0.2236
vn -0.3019 0.8459 0.4396
vn -0.3019 0.8460 0.4395
vn -0.3019 0.8459 -0.4396
vn -0.3019 0.8460 -0.4395
vn -0.3019 0.8459 -0.4397
vn 0.0120 0.9861 0.1655
vn 0.0120 0.9861 0.1656
vn -0.2153 0.8793 0.4249
vn -0.2152 0.8793 0.4249
vn -0.2151 0.8793 0.4249
vn -0.3940 0.8119 -0.4307
vn -0.3940 0.8120 -0.4306
vn -0.3942 0.8119 -0.4306
vn 0.0191 0.9935 0.1123
vn -0.4847 0.7796 -0.3966
vn -0.4847 0.7796 -0.3965
vn 0.6251 0.1084 -0.7730
vn 0.6252 0.1083 -0.7729
vn -0.4051 -0.9126 -0.0546
vn -0.4051 -0.9126 -0.0547
vn 0.6265 -0.7338 -0.2629
vn 0.6264 -0.7338 -0.2629
vn -0.4052 -0.9126 0.0548
vn -0.4051 -0.9126 0.0547
vn -0.4052 -0.9126 0.0547
vn 0.5664 -0.7443 -0.3539
vn 0.5666 -0.7442 -0.3539
vn 0.5664 -0.7444 -0.3538
vn 0.5666 -0.7443 -0.3535
vn -0.3841 -0.9090 0.1619
vn -0.3839 -0.9090 0.1621
vn 0.4903 -0.7576 -0.4309
vn 0.4904 -0.7575 -0.4310
vn 0.4903 -0.7575 -0.4310
vn 0.4904 -0.7574 -0.4311
vn -0.3430 -0.9018 0.2628
vn -0.3430 -0.9019 0.2628
vn -0.3429 -0.9019 0.2627
vn 0.4009 -0.7729 -0.4919
vn 0.1957 -0.8085 0.5550
vn -0.2831 -0.8914 0.3540
vn -0.2832 -0.8913 0.3541
vn -0.2831 -0.8914 0.3539
vn 0.3012 -0.7904 -0.5334
vn 0.3012 -0.7903 -0.5335
vn 0.3013 -0.7904 -0.5334
vn 0.3013 -0.7904 -0.5333
vn 0.3013 -0.7901 0.5337
vn 0.3013 -0.7899 0.5341
vn 0.3013 -0.7901 0.5338
vn 0.3014 -0.7900 0.5339
vn -0.2068 -0.8782 0.4313
vn -0.2069 -0.8782 0.4313
vn 0.1958 -0.8086 -0.5549
vn 0.1957 -0.8085 -0.5550
vn 0.1958 -0.8085 -0.5549
vn 0.1959 -0.8086 -0.5548
vn 0.4008 -0.7729 0.4919
vn 0.4009 -0.7729 0.4919
vn -0.1171 -0.8628 0.4918
vn -0.1172 -0.8628 0.4918
vn -0.1171 -0.8627 0.4920
vn 0.0879 -0.8272 -0.5550
vn 0.0880 -0.8272 -0.5549
vn 0.0877 -0.8272 -0.5550
vn 0.0880 -0.8272 -0.5550
vn 0.4904 -0.7575 0.4310
vn 0.4904 -0.7575 0.4309
vn 0.4906 -0.7573 0.4310
vn 0.4905 -0.7573 0.4311
vn -0.0175 -0.8454 0.5338
vn -0.0173 -0.8455 0.5336
vn -0.0174 -0.8457 0.5334
vn -0.0175 -0.8458 0.5332
vn -0.0176 -0.8456 -0.5336
vn -0.0177 -0.8455 -0.5336
vn -0.0176 -0.8456 -0.5335
vn 0.5665 -0.7443 0.3537
vn 0.5666 -0.7442 0.3538
vn 0.5664 -0.7445 0.3535
vn 0.0880 -0.8273 0.5549
vn 0.0880 -0.8273 0.5548
vn 0.0880 -0.8272 0.5549
vn 0.0880 -0.8272 0.5550
vn -0.1174 -0.8627 -0.4919
vn -0.1176 -0.8627 -0.4919
vn -0.1175 -0.8627 -0.4919
vn -0.1172 -0.8627 -0.4919
vn 0.6264 -0.7338 0.2629
vn 0.6263 -0.7339 0.2629
vn -0.2069 -0.8782 -0.4312
vn -0.2068 -0.8783 -0.4311
vn -0.2070 -0.8781 -0.4314
vn 0.6677 -0.7266 0.1617
vn 0.6677 -0.7267 0.1616
vn 0.6677 -0.7267 0.1617
vn 0.6677 -0.7266 0.1619
vn -0.2830 -0.8914 -0.3539
vn -0.2829 -0.8914 -0.3540
vn -0.2830 -0.8915 -0.3539
vn -0.2832 -0.8914 -0.3538
vn 0.6885 -0.7232 0.0549
vn 0.6885 -0.7231 0.0550
vn -0.3430 -0.9019 -0.2628
vn -0.3429 -0.9019 -0.2628
vn -0.3430 -0.9018 -0.2628
vn -0.3426 -0.9019 -0.2629
vn 0.6885 -0.7231 -0.0549
vn 0.6886 -0.7231 -0.0550
vn 0.6885 -0.7232 -0.0548
vn -0.3840 -0.9090 -0.1621
vn -0.3840 -0.9090 -0.1622
vn -0.3841 -0.9090 -0.1620
vn -0.3838 -0.9091 -0.1622
vn -0.0145 0.7110 -0.7031
vn -0.0146 0.7110 -0.7030
vn -0.8690 -0.1507 0.4713
vn -0.8689 -0.1510 0.4715
vn -0.8690 -0.1507 0.4714
vn 0.4643 0.0807 -0.8820
vn 0.4644 0.0807 -0.8820
vn 0.4644 0.0806 -0.8820
vn 0.0966 0.0167 0.9952
vn -0.7617 -0.1322 0.6342
vn 0.2858 0.0496 -0.9570
vn 0.2856 0.0496 -0.9571
vn 0.2860 0.0496 -0.9570
vn 0.2857 0.0496 0.9570
vn 0.2856 0.0496 0.9571
vn 0.2855 0.0495 0.9571
vn 0.2858 0.0496 0.9570
vn -0.6252 -0.1084 0.7729
vn -0.6251 -0.1084 0.7730
vn -0.6251 -0.1083 0.7730
vn 0.0961 0.0167 -0.9952
vn 0.4644 0.0806 0.8820
vn 0.4643 0.0807 0.8820
vn 0.4644 0.0806 0.8819
vn 0.4648 0.0803 0.8818
vn -0.4646 -0.0805 0.8819
vn -0.4648 -0.0804 0.8818
vn -0.4644 -0.0806 0.8820
vn -0.0965 -0.0167 -0.9952
vn -0.0967 -0.0167 -0.9952
vn -0.0966 -0.0167 -0.9952
vn 0.6251 0.1084 0.7730
vn 0.6251 0.1083 0.7730
vn 0.6249 0.1084 0.7731
vn -0.2860 -0.0496 0.9569
vn -0.2860 -0.0496 0.9570
vn -0.2859 -0.0497 0.9570
vn -0.2856 -0.0496 0.9571
vn -0.2857 -0.0496 -0.9570
vn -0.2858 -0.0496 -0.9570
vn -0.2855 -0.0495 -0.9571
vn -0.2856 -0.0496 -0.9571
vn 0.7616 0.1321 0.6344
vn -0.0966 -0.0167 0.9952
vn -0.4644 -0.0806 -0.8820
vn -0.4648 -0.0804 -0.8818
vn -0.4646 -0.0805 -0.8819
vn -0.4641 -0.0806 -0.8821
vn 0.8689 0.1510 0.4715
vn 0.8690 0.1507 0.4714
vn -0.6250 -0.1084 -0.7730
vn -0.6250 -0.1084 -0.7731
vn 0.9429 0.1637 0.2900
vn 0.9429 0.1635 0.2903
vn 0.9429 0.1638 0.2899
vn -0.7614 -0.1323 -0.6346
vn 0.9806 0.1700 0.0980
vn 0.9805 0.1701 0.0981
vn 0.9806 0.1700 0.0978
vn -0.8690 -0.1507 -0.4713
vn -0.8690 -0.1507 -0.4714
vn -0.8689 -0.1510 -0.4715
vn 0.9806 0.1700 -0.0979
vn 0.9806 0.1700 -0.0980
vn 0.9805 0.1701 -0.0981
vn -0.9429 -0.1635 -0.2903
vn -0.9428 -0.1635 -0.2903
vn -0.9428 -0.1636 -0.2904
vn 0.9428 0.1636 -0.2904
vn 0.9429 0.1635 -0.2903
vn -0.9806 -0.1701 -0.0979
vn -0.9806 -0.1700 -0.0980
vn 0.8690 0.1507 -0.4714
vn 0.8690 0.1505 -0.4713
vn 0.8689 0.1510 -0.4715
vn -0.9806 -0.1699 0.0982
vn -0.9806 -0.1699 0.0981
vn -0.9806 -0.1701 0.0979
vn -0.9806 -0.1700 0.0980
vn 0.7616 0.1323 -0.6344
vn 0.7617 0.1319 -0.6344
vn -0.9429 -0.1635 0.2903
vn -0.9428 -0.1634 0.2905
vn -0.1871 -0.8770 -0.4426
vn -0.1871 -0.8769 -0.4427
vn 0.1644 0.8543 0.4931
vn -0.4563 0.4998 0.7362
vn -0.1507 0.6353 -0.7574
vn 0.1948 0.9100 0.3659
vn -0.3022 0.5638 0.7687
vn -0.3022 0.5638 -0.7687
vn 0.1909 0.9500 0.2471
vn -0.1507 0.6353 0.7574
vn -0.4563 0.4998 -0.7362
vn 0.1663 0.9747 0.1495
vn -0.6018 0.4452 -0.6631
vn 0.1377 0.9875 0.0767
vn -0.7292 0.4010 -0.5545
vn 0.1194 0.9926 0.0232
vn 0.1193 0.9926 0.0232
vn -0.8311 0.3677 -0.4173
vn 0.1194 0.9926 -0.0232
vn -0.9020 0.3454 -0.2589
vn 0.1377 0.9875 -0.0767
vn -0.9384 0.3344 -0.0877
vn -0.9384 0.3342 -0.0877
vn -0.9384 0.3343 -0.0877
vn 0.1663 0.9747 -0.1495
vn -0.9384 0.3343 0.0875
vn -0.9384 0.3342 0.0877
vn 0.1909 0.9500 -0.2471
vn -0.9020 0.3454 0.2589
vn -0.9020 0.3454 0.2590
vn 0.1948 0.9100 -0.3659
vn -0.8311 0.3677 0.4173
vn 0.1644 0.8543 -0.4931
vn -0.0146 0.7111 0.7030
vn -0.0146 0.7110 0.7030
vn -0.7292 0.4010 0.5545
vn 0.0936 0.7861 -0.6110
vn 0.0936 0.7861 0.6110
vn -0.6018 0.4452 0.6631
vn -0.8804 -0.0501 -0.4715
vn 0.4912 -0.8383 0.2367
vn 0.4910 -0.8383 0.2370
vn 0.4911 -0.8383 0.2368
vn 0.4912 -0.8383 0.2366
vn -0.2688 -0.8816 -0.3880
vn -0.2690 -0.8815 -0.3880
vn -0.2689 -0.8816 -0.3880
vn 0.5288 -0.8361 0.1457
vn 0.5290 -0.8360 0.1458
vn 0.5288 -0.8362 0.1457
vn 0.5288 -0.8362 0.1456
vn -0.3382 -0.8854 -0.3188
vn -0.3382 -0.8856 -0.3184
vn -0.3379 -0.8856 -0.3186
vn 0.5478 -0.8351 0.0491
vn 0.5479 -0.8351 0.0492
vn 0.5479 -0.8351 0.0491
vn -0.3928 -0.8887 -0.2366
vn 0.5479 -0.8351 -0.0492
vn 0.5482 -0.8349 -0.0494
vn -0.4303 -0.8908 -0.1457
vn -0.4304 -0.8908 -0.1457
vn -0.4303 -0.8909 -0.1457
vn 0.5287 -0.8361 -0.1460
vn 0.5285 -0.8363 -0.1456
vn 0.5286 -0.8363 -0.1457
vn 0.5288 -0.8361 -0.1459
vn -0.4497 -0.8918 -0.0493
vn -0.4495 -0.8919 -0.0492
vn -0.4498 -0.8918 -0.0492
vn -0.4501 -0.8916 -0.0492
vn 0.4913 -0.8383 -0.2365
vn 0.4912 -0.8383 -0.2366
vn 0.4915 -0.8382 -0.2364
vn -0.4496 -0.8919 0.0492
vn -0.4497 -0.8918 0.0492
vn -0.4496 -0.8919 0.0494
vn 0.4368 -0.8412 -0.3187
vn 0.4367 -0.8414 -0.3184
vn 0.4366 -0.8414 -0.3183
vn 0.4366 -0.8414 -0.3184
vn -0.4303 -0.8909 0.1456
vn -0.4304 -0.8908 0.1457
vn -0.4303 -0.8908 0.1457
vn -0.4301 -0.8910 0.1456
vn 0.3672 -0.8453 -0.3881
vn 0.3671 -0.8454 -0.3880
vn -0.3928 -0.8887 0.2366
vn 0.2856 -0.8500 -0.4427
vn 0.2858 -0.8499 -0.4427
vn 0.2854 -0.8500 -0.4428
vn 0.0983 -0.8606 0.4996
vn 0.0983 -0.8607 0.4996
vn -0.3383 -0.8856 0.3183
vn -0.3383 -0.8856 0.3182
vn -0.3383 -0.8856 0.3184
vn -0.3384 -0.8855 0.3185
vn 0.1943 -0.8552 -0.4806
vn 0.1942 -0.8551 -0.4808
vn 0.1943 -0.8552 -0.4805
vn 0.1944 -0.8553 -0.4803
vn 0.1946 -0.8552 0.4804
vn 0.1947 -0.8552 0.4804
vn 0.1947 -0.8551 0.4804
vn -0.2687 -0.8817 0.3879
vn -0.2687 -0.8816 0.3880
vn -0.2687 -0.8816 0.3881
vn 0.0984 -0.8607 -0.4996
vn 0.0983 -0.8607 -0.4996
vn 0.2854 -0.8500 0.4427
vn 0.2852 -0.8501 0.4427
vn -0.1871 -0.8769 0.4428
vn -0.1871 -0.8769 0.4427
vn 0.0001 -0.8663 -0.4995
vn -0.0000 -0.8663 -0.4996
vn 0.3671 -0.8453 0.3882
vn 0.3667 -0.8453 0.3885
vn 0.3671 -0.8454 0.3881
vn 0.3671 -0.8454 0.3880
vn -0.0961 -0.8717 0.4805
vn -0.0963 -0.8718 0.4804
vn -0.0960 -0.8719 0.4802
vn -0.0960 -0.8717 -0.4805
vn -0.0961 -0.8717 -0.4806
vn -0.0959 -0.8717 -0.4805
vn -0.0958 -0.8718 -0.4804
vn 0.4367 -0.8414 0.3184
vn -0.0000 -0.8662 0.4996
vn -0.0000 -0.8663 0.4996
vn -0.0000 -0.8662 0.4997
vn -0.8332 0.5471 0.0803
vn -0.8331 0.5472 0.0805
vn -0.8333 0.5469 0.0801
vn 0.9936 0.0566 -0.0981
vn 0.9936 0.0566 -0.0980
vn -0.9554 -0.0544 -0.2904
vn -0.9554 -0.0544 -0.2903
vn 0.9554 0.0544 -0.2904
vn -0.9936 -0.0568 -0.0980
vn -0.9936 -0.0566 -0.0981
vn -0.9936 -0.0566 -0.0980
vn 0.8805 0.0501 -0.4715
vn -0.9936 -0.0568 0.0981
vn -0.9936 -0.0566 0.0981
vn -0.9936 -0.0566 0.0980
vn -0.9936 -0.0567 0.0980
vn 0.7717 0.0439 -0.6345
vn 0.7716 0.0439 -0.6346
vn 0.7718 0.0439 -0.6344
vn -0.9554 -0.0544 0.2904
vn -0.9553 -0.0544 0.2905
vn 0.6338 0.0361 -0.7726
vn 0.6335 0.0361 -0.7729
vn -0.8806 -0.0501 0.4712
vn -0.8804 -0.0501 0.4715
vn 0.4701 0.0268 -0.8822
vn 0.4705 0.0268 -0.8820
vn 0.0981 0.0056 0.9952
vn 0.0979 0.0056 0.9952
vn 0.0977 0.0056 0.9952
vn -0.7717 -0.0439 0.6345
vn 0.2898 0.0165 -0.9570
vn 0.2900 0.0165 -0.9569
vn 0.2896 0.0165 -0.9570
vn 0.2896 0.0165 0.9570
vn 0.2897 0.0165 0.9570
vn 0.2898 0.0165 0.9569
vn -0.6330 -0.0360 0.7733
vn -0.6333 -0.0361 0.7730
vn 0.0981 0.0056 -0.9952
vn 0.0980 0.0056 -0.9952
vn 0.4707 0.0268 0.8819
vn -0.4707 -0.0268 0.8819
vn -0.0980 -0.0056 -0.9952
vn -0.0978 -0.0056 -0.9952
vn -0.0979 -0.0056 -0.9952
vn 0.6332 0.0361 0.7731
vn 0.6333 0.0361 0.7730
vn -0.2897 -0.0165 0.9570
vn -0.2898 -0.0165 0.9569
vn -0.2897 -0.0165 -0.9570
vn -0.2898 -0.0165 -0.9570
vn 0.7717 0.0439 0.6345
vn -0.0981 -0.0056 0.9952
vn -0.0986 -0.0056 0.9951
vn -0.0980 -0.0056 0.9952
vn -0.4702 -0.0268 -0.8822
vn 0.8805 0.0501 0.4715
vn -0.6338 -0.0361 -0.7726
vn -0.6335 -0.0361 -0.7729
vn 0.9554 0.0544 0.2904
vn -0.7718 -0.0439 -0.6344
vn -0.7719 -0.0439 -0.6343
vn 0.9936 0.0566 0.0982
vn -0.3381 -0.6941 -0.6356
vn -0.3380 -0.6941 -0.6356
vn -0.3381 -0.6941 -0.6355
vn 0.3555 0.8803 -0.3141
vn -0.7986 0.5533 0.2368
vn -0.7985 0.5534 0.2368
vn -0.7986 0.5534 0.2367
vn 0.3135 0.8544 -0.4143
vn -0.7311 0.5659 0.3810
vn -0.7311 0.5660 0.3810
vn -0.7310 0.5662 0.3808
vn 0.2478 0.8228 -0.5114
vn 0.0418 0.7486 0.6617
vn -0.6346 0.5847 0.5054
vn -0.6345 0.5848 0.5053
vn 0.1566 0.7869 -0.5969
vn 0.1566 0.7869 0.5969
vn -0.5146 0.6092 0.6034
vn -0.5147 0.6091 0.6034
vn 0.0418 0.7486 -0.6617
vn 0.2478 0.8228 0.5114
vn -0.3786 0.6388 0.6698
vn -0.3784 0.6387 0.6699
vn -0.0911 0.7099 -0.6984
vn 0.3135 0.8544 0.4143
vn -0.2342 0.6727 0.7018
vn -0.2342 0.6728 -0.7018
vn -0.2342 0.6727 -0.7018
vn -0.2342 0.6727 -0.7019
vn 0.3555 0.8803 0.3141
vn -0.0911 0.7099 0.6984
vn -0.3784 0.6387 -0.6700
vn -0.3784 0.6387 -0.6699
vn -0.3782 0.6389 -0.6700
vn 0.3785 0.8998 0.2172
vn -0.5147 0.6091 -0.6034
vn -0.5147 0.6092 -0.6033
vn 0.3889 0.9125 0.1265
vn 0.3889 0.9126 0.1265
vn -0.6344 0.5849 -0.5055
vn -0.6346 0.5847 -0.5054
vn -0.6345 0.5847 -0.5055
vn 0.3924 0.9189 0.0414
vn -0.7311 0.5660 -0.3810
vn 0.3924 0.9189 -0.0414
vn -0.7985 0.5535 -0.2365
vn -0.7985 0.5535 -0.2368
vn -0.7986 0.5535 -0.2366
vn 0.3889 0.9125 -0.1265
vn -0.8330 0.5473 -0.0808
vn -0.8331 0.5472 -0.0803
vn -0.8330 0.5473 -0.0807
vn -0.8332 0.5471 -0.0803
vn 0.3785 0.8998 -0.2172
vn -0.8820 -0.0039 -0.4713
vn -0.8820 -0.0039 -0.4712
vn -0.8819 -0.0039 -0.4714
vn 0.6372 -0.6918 0.3397
vn 0.6374 -0.6916 0.3397
vn 0.6370 -0.6920 0.3397
vn 0.6370 -0.6920 0.3398
vn -0.4554 -0.6944 -0.5571
vn 0.6913 -0.6917 0.2089
vn 0.6912 -0.6918 0.2088
vn 0.6914 -0.6915 0.2092
vn -0.5553 -0.6947 -0.4572
vn 0.7192 -0.6913 0.0705
vn 0.7191 -0.6913 0.0706
vn 0.7189 -0.6915 0.0707
vn 0.7192 -0.6913 0.0704
vn -0.6339 -0.6949 -0.3396
vn -0.6338 -0.6949 -0.3397
vn -0.6338 -0.6949 -0.3396
vn 0.7189 -0.6915 -0.0706
vn 0.7188 -0.6916 -0.0705
vn 0.7189 -0.6915 -0.0707
vn 0.7191 -0.6913 -0.0708
vn -0.6878 -0.6950 -0.2094
vn -0.6878 -0.6950 -0.2097
vn -0.6877 -0.6951 -0.2096
vn -0.6879 -0.6950 -0.2092
vn 0.6913 -0.6917 -0.2089
vn 0.6913 -0.6917 -0.2090
vn 0.6914 -0.6916 -0.2091
vn -0.7153 -0.6952 -0.0709
vn -0.7151 -0.6954 -0.0705
vn -0.7152 -0.6954 -0.0708
vn -0.7154 -0.6951 -0.0707
vn 0.6370 -0.6920 -0.3397
vn 0.6370 -0.6920 -0.3398
vn -0.7155 -0.6951 0.0705
vn -0.7153 -0.6952 0.0706
vn -0.7155 -0.6951 0.0706
vn -0.7157 -0.6948 0.0705
vn 0.5588 -0.6919 -0.4572
vn 0.5583 -0.6921 -0.4575
vn -0.6878 -0.6950 0.2094
vn -0.6879 -0.6950 0.2092
vn -0.6878 -0.6950 0.2093
vn -0.6878 -0.6951 0.2093
vn 0.4591 -0.6920 -0.5571
vn 0.4591 -0.6919 -0.5571
vn -0.6338 -0.6949 0.3397
vn -0.6337 -0.6950 0.3397
vn -0.6338 -0.6949 0.3396
vn 0.3415 -0.6924 -0.6356
vn 0.3414 -0.6923 -0.6357
vn 0.0725 -0.6934 0.7169
vn 0.0726 -0.6936 0.7167
vn 0.0724 -0.6931 0.7172
vn -0.5553 -0.6947 0.4572
vn -0.5554 -0.6947 0.4572
vn -0.5554 -0.6946 0.4572
vn 0.2106 -0.6927 -0.6898
vn 0.2111 -0.6926 -0.6897
vn 0.2111 -0.6927 -0.6897
vn 0.2110 -0.6927 -0.6897
vn 0.2108 -0.6928 0.6897
vn 0.2108 -0.6927 0.6897
vn 0.2107 -0.6928 0.6897
vn 0.2103 -0.6928 0.6897
vn -0.4555 -0.6944 0.5571
vn -0.4554 -0.6944 0.5571
vn -0.4554 -0.6944 0.5572
vn -0.4554 -0.6943 0.5573
vn 0.0725 -0.6931 -0.7172
vn 0.0726 -0.6932 -0.7171
vn 0.0726 -0.6931 -0.7172
vn 0.0724 -0.6931 -0.7172
vn 0.3417 -0.6923 0.6356
vn 0.3415 -0.6924 0.6356
vn 0.3416 -0.6923 0.6356
vn 0.3417 -0.6924 0.6355
vn -0.3380 -0.6941 0.6356
vn -0.3377 -0.6945 0.6353
vn -0.3382 -0.6942 0.6354
vn -0.3379 -0.6941 0.6356
vn -0.0689 -0.6935 -0.7171
vn -0.0689 -0.6934 -0.7172
vn -0.0688 -0.6932 -0.7174
vn 0.4589 -0.6921 0.5571
vn 0.4590 -0.6921 0.5571
vn -0.2077 -0.6938 0.6896
vn -0.2074 -0.6937 0.6897
vn -0.2075 -0.6938 0.6896
vn -0.2074 -0.6940 0.6894
vn -0.2075 -0.6937 -0.6897
vn -0.2074 -0.6938 -0.6897
vn 0.5588 -0.6921 0.4570
vn 0.5589 -0.6918 0.4572
vn 0.5588 -0.6920 0.4570
vn -0.0686 -0.6936 0.7171
vn -0.0684 -0.6936 0.7171
vn -0.0688 -0.6935 0.7172
vn -0.0687 -0.6935 0.7171
vn -0.0026 1.0000 -0.0000
vn -0.0025 1.0000 0.0002
vn -0.0028 1.0000 -0.0000
vn -0.0023 1.0000 0.0001
vn -0.0025 1.0000 -0.0000
vn -0.0029 1.0000 0.0004
vn -0.0026 1.0000 0.0001
vn -0.0025 1.0000 -0.0001
vn -0.0026 1.0000 -0.0001
vn -0.0029 1.0000 0.0002
vn -0.0026 1.0000 -0.0002
vn -0.0029 1.0000 -0.0004
vn -0.0028 1.0000 -0.0003
vn -0.0024 1.0000 -0.0001
vn -0.0025 1.0000 0.0003
vn -0.0027 1.0000 -0.0000
vn -0.0025 1.0000 -0.0004
vn -0.0027 1.0000 -0.0003
vn 0.9952 0.0044 -0.0979
vn 0.9952 0.0044 -0.0980
vn 0.9952 0.0043 -0.0980
vn -0.9569 -0.0044 -0.2903
vn 0.9569 0.0044 -0.2903
vn -0.9952 -0.0044 -0.0981
vn -0.9951 -0.0044 -0.0983
vn -0.9952 -0.0044 -0.0980
vn 0.8816 0.0040 -0.4719
vn 0.8818 0.0039 -0.4716
vn 0.8818 0.0040 -0.4716
vn -0.9952 -0.0044 0.0981
vn -0.9952 -0.0044 0.0980
vn 0.7729 0.0029 -0.6345
vn 0.7730 0.0036 -0.6344
vn 0.7730 0.0034 -0.6344
vn 0.7732 0.0034 -0.6342
vn -0.9569 -0.0044 0.2903
vn 0.6342 0.0030 -0.7731
vn 0.6342 0.0029 -0.7732
vn 0.6343 0.0029 -0.7731
vn 0.6345 0.0027 -0.7729
vn -0.8820 -0.0039 0.4712
vn -0.8820 -0.0039 0.4713
vn 0.4714 0.0021 -0.8819
vn 0.4712 0.0021 -0.8820
vn 0.4713 0.0020 -0.8820
vn 0.4714 0.0018 -0.8819
vn 0.0977 0.0004 0.9952
vn 0.0981 0.0004 0.9952
vn -0.7732 -0.0035 0.6342
vn 0.2901 0.0011 -0.9570
vn 0.2899 0.0009 -0.9571
vn 0.2903 0.0013 -0.9569
vn 0.2901 0.0011 0.9570
vn 0.2902 0.0013 0.9570
vn 0.2903 0.0009 0.9569
vn -0.6344 -0.0028 0.7730
vn -0.6340 -0.0029 0.7733
vn -0.6343 -0.0028 0.7731
vn 0.0980 0.0004 -0.9952
vn 0.0979 0.0004 -0.9952
vn 0.4714 0.0021 0.8819
vn -0.4714 -0.0021 0.8819
vn -0.4715 -0.0021 0.8819
vn -0.4716 -0.0021 0.8818
vn -0.0980 -0.0004 -0.9952
vn -0.0978 -0.0004 -0.9952
vn -0.0979 -0.0004 -0.9952
vn -0.0983 -0.0004 -0.9952
vn 0.6344 0.0028 0.7730
vn -0.2903 -0.0013 0.9569
vn -0.2903 -0.0013 -0.9569
vn 0.7731 0.0035 0.6343
vn 0.7730 0.0034 0.6344
vn 0.7731 0.0034 0.6343
vn 0.7732 0.0035 0.6342
vn -0.0979 -0.0004 0.9952
vn -0.0976 -0.0004 0.9952
vn -0.4715 -0.0021 -0.8818
vn -0.4716 -0.0021 -0.8818
vn -0.4715 -0.0021 -0.8819
vn 0.8818 0.0039 0.4716
vn 0.8819 0.0039 0.4715
vn -0.6344 -0.0028 -0.7730
vn -0.6345 -0.0028 -0.7729
vn -0.6349 -0.0029 -0.7726
vn 0.9569 0.0044 0.2903
vn -0.7729 -0.0034 -0.6346
vn -0.7730 -0.0034 -0.6344
vn -0.7726 -0.0035 -0.6349
vn 0.9952 0.0046 0.0977
vn -0.0000 -1.0000 -0.0000
vn 0.6343 -0.0000 0.7731
vn 0.8305 -0.5509 -0.0821
vn 0.8305 -0.5510 -0.0821
vn 0.8305 -0.5509 -0.0822
vn -0.7989 -0.5505 -0.2423
vn 0.7989 -0.5506 -0.2422
vn 0.7989 -0.5505 -0.2423
vn 0.7989 -0.5505 -0.2422
vn -0.8308 -0.5505 -0.0817
vn -0.8308 -0.5506 -0.0818
vn -0.8307 -0.5506 -0.0818
vn 0.7362 -0.5506 -0.3936
vn 0.7357 -0.5511 -0.3937
vn 0.7361 -0.5507 -0.3935
vn 0.7362 -0.5506 -0.3935
vn -0.8307 -0.5507 0.0819
vn -0.8308 -0.5505 0.0818
vn 0.6453 -0.5506 -0.5295
vn 0.6451 -0.5511 -0.5293
vn 0.6454 -0.5505 -0.5295
vn 0.6455 -0.5504 -0.5296
vn -0.7989 -0.5505 0.2424
vn -0.7989 -0.5505 0.2423
vn 0.5296 -0.5506 -0.6452
vn 0.5296 -0.5505 -0.6454
vn 0.5296 -0.5505 -0.6453
vn -0.7364 -0.5502 0.3936
vn -0.7361 -0.5507 0.3935
vn -0.7364 -0.5503 0.3936
vn -0.7362 -0.5505 0.3935
vn 0.3937 -0.5500 -0.7365
vn 0.3936 -0.5502 -0.7365
vn 0.3937 -0.5502 -0.7364
vn 0.3937 -0.5503 -0.7363
vn 0.0818 -0.5506 0.8308
vn 0.0817 -0.5505 0.8309
vn 0.0818 -0.5505 0.8308
vn -0.6454 -0.5505 0.5296
vn -0.6453 -0.5506 0.5296
vn -0.6451 -0.5506 0.5297
vn -0.6454 -0.5505 0.5295
vn 0.2423 -0.5505 -0.7989
vn 0.2423 -0.5504 0.7989
vn 0.2423 -0.5505 0.7989
vn -0.5297 -0.5504 0.6453
vn -0.5296 -0.5506 0.6453
vn -0.5297 -0.5505 0.6453
vn 0.0817 -0.5504 -0.8309
vn 0.0820 -0.5510 -0.8305
vn 0.0818 -0.5505 -0.8308
vn 0.3935 -0.5507 0.7362
vn 0.3935 -0.5506 0.7362
vn -0.3935 -0.5506 0.7362
vn -0.3935 -0.5505 0.7362
vn -0.3935 -0.5505 0.7363
vn -0.0818 -0.5505 -0.8308
vn -0.0813 -0.5504 -0.8309
vn -0.0817 -0.5506 -0.8308
vn 0.5296 -0.5506 0.6453
vn 0.5295 -0.5507 0.6453
vn 0.5296 -0.5505 0.6453
vn -0.2422 -0.5506 0.7989
vn -0.2416 -0.5509 0.7988
vn -0.2423 -0.5505 0.7989
vn -0.2423 -0.5505 -0.7989
vn 0.6453 -0.5506 0.5296
vn 0.6453 -0.5505 0.5296
vn 0.6453 -0.5506 0.5295
vn -0.0819 -0.5507 0.8307
vn -0.0821 -0.5510 0.8305
vn -0.0819 -0.5506 0.8307
vn -0.0822 -0.5509 0.8305
vn -0.3938 -0.5505 -0.7361
vn -0.3935 -0.5505 -0.7362
vn -0.3937 -0.5507 -0.7361
vn -0.3935 -0.5506 -0.7362
vn 0.7362 -0.5506 0.3935
vn 0.7362 -0.5507 0.3935
vn 0.7361 -0.5507 0.3935
vn -0.5297 -0.5505 -0.6452
vn -0.5296 -0.5505 -0.6453
vn -0.5297 -0.5506 -0.6451
vn -0.5299 -0.5504 -0.6452
vn 0.7988 -0.5506 0.2422
vn 0.7988 -0.5509 0.2419
vn 0.7989 -0.5506 0.2422
vn 0.7990 -0.5504 0.2423
vn -0.6453 -0.5505 -0.5296
vn -0.6452 -0.5505 -0.5297
vn -0.6452 -0.5506 -0.5297
vn 0.8308 -0.5505 0.0818
vn 0.8307 -0.5506 0.0819
vn -0.7362 -0.5504 -0.3937
vn -0.7361 -0.5506 -0.3936
vn -0.7363 -0.5505 -0.3935
vn -0.7363 -0.5504 -0.3935
vn -0.0000 1.0000 -0.0000
vn -0.2903 -0.0000 0.9569
vn -0.2901 -0.0000 0.9570
vn -0.2903 -0.0000 -0.9569
vn -0.2901 -0.0000 -0.9570
vn 0.7731 -0.0000 0.6343
vn -0.0981 -0.0000 0.9952
vn -0.0984 -0.0000 0.9951
vn -0.0980 -0.0000 0.9952
vn -0.4716 -0.0000 -0.8818
vn -0.4718 -0.0000 -0.8817
vn -0.4713 -0.0000 -0.8820
vn 0.8820 -0.0000 0.4713
vn -0.6343 -0.0000 -0.7731
vn 0.9570 -0.0000 0.2901
vn 0.9571 -0.0000 0.2898
vn -0.7731 -0.0000 -0.6343
vn 0.9952 -0.0000 0.0983
vn 0.9952 -0.0000 0.0980
vn -0.8817 -0.0000 -0.4718
vn 0.9952 -0.0000 -0.0981
vn 0.9951 -0.0000 -0.0984
vn 0.9952 -0.0000 -0.0980
vn -0.9569 -0.0000 -0.2903
vn 0.9569 -0.0000 -0.2903
vn 0.9570 -0.0000 -0.2900
vn -0.9952 -0.0000 -0.0981
vn -0.9952 -0.0000 -0.0980
vn -0.9951 -0.0000 -0.0984
vn 0.8817 -0.0000 -0.4718
vn -0.9952 -0.0000 0.0983
vn -0.9952 -0.0000 0.0980
vn 0.7731 -0.0000 -0.6343
vn -0.9571 -0.0000 0.2898
vn -0.9569 -0.0000 0.2903
vn -0.9570 -0.0000 0.2901
vn 0.6343 -0.0000 -0.7731
vn -0.8820 -0.0000 0.4713
vn 0.4713 -0.0000 -0.8820
vn 0.0983 -0.0000 0.9952
vn -0.7731 -0.0000 0.6343
vn 0.2903 -0.0000 -0.9569
vn 0.2901 -0.0000 0.9570
vn 0.2903 -0.0000 0.9569
vn -0.6343 -0.0000 0.7731
vn 0.0983 -0.0000 -0.9952
vn 0.4713 -0.0000 0.8820
vn -0.4716 -0.0000 0.8818
vn -0.4718 -0.0000 0.8817
vn -0.4713 -0.0000 0.8820
vn -0.0981 -0.0000 -0.9952
vn -0.0980 -0.0000 -0.9952
vn -0.0984 -0.0000 -0.9951
vn 0.8376 -0.4837 0.2540
vn 0.8376 -0.4836 0.2541
vn 0.8375 -0.4838 0.2540
vn 0.8376 -0.4836 0.2540
vn -0.6767 -0.4835 -0.5553
vn -0.6766 -0.4836 -0.5553
vn -0.6767 -0.4835 -0.5552
vn -0.6770 -0.4833 -0.5551
vn 0.8712 -0.4834 0.0860
vn 0.8711 -0.4836 0.0858
vn 0.8711 -0.4836 0.0860
vn -0.7718 -0.4838 -0.4127
vn -0.7720 -0.4836 -0.4125
vn -0.7719 -0.4836 -0.4126
vn -0.7717 -0.4838 -0.4128
vn 0.8712 -0.4834 -0.0859
vn 0.8711 -0.4836 -0.0858
vn 0.8711 -0.4836 -0.0857
vn 0.8712 -0.4833 -0.0861
vn -0.8376 -0.4836 -0.2540
vn -0.8376 -0.4836 -0.2541
vn -0.8375 -0.4836 -0.2542
vn 0.8376 -0.4837 -0.2540
vn 0.8376 -0.4836 -0.2540
vn 0.8377 -0.4834 -0.2540
vn 0.8374 -0.4839 -0.2542
vn -0.8711 -0.4836 -0.0858
vn -0.8711 -0.4836 -0.0860
vn 0.7719 -0.4836 -0.4126
vn 0.7719 -0.4835 -0.4127
vn 0.7719 -0.4835 -0.4128
vn -0.8711 -0.4837 0.0852
vn -0.8711 -0.4836 0.0857
vn 0.6768 -0.4836 -0.5551
vn 0.6766 -0.4836 -0.5552
vn 0.6766 -0.4834 -0.5555
vn 0.6766 -0.4836 -0.5553
vn -0.8376 -0.4836 0.2541
vn -0.8375 -0.4836 0.2544
vn -0.8375 -0.4837 0.2543
vn 0.5552 -0.4834 -0.6768
vn 0.5552 -0.4836 -0.6767
vn 0.5554 -0.4835 -0.6765
vn 0.5551 -0.4833 -0.6770
vn -0.7719 -0.4835 0.4128
vn -0.7719 -0.4836 0.4127
vn -0.7719 -0.4836 0.4126
vn 0.4126 -0.4835 -0.7720
vn 0.4127 -0.4834 -0.7720
vn 0.4128 -0.4835 -0.7719
vn 0.4126 -0.4836 -0.7719
vn 0.0858 -0.4836 0.8711
vn 0.0860 -0.4836 0.8711
vn -0.6767 -0.4835 0.5553
vn -0.6766 -0.4836 0.5553
vn -0.6767 -0.4836 0.5552
vn -0.6767 -0.4837 0.5551
vn 0.2542 -0.4834 -0.8376
vn 0.2542 -0.4839 -0.8374
vn 0.2543 -0.4837 -0.8375
vn 0.2544 -0.4835 -0.8376
vn 0.2542 -0.4836 0.8375
vn 0.2543 -0.4837 0.8375
vn 0.2541 -0.4837 0.8376
vn 0.2541 -0.4836 0.8376
vn -0.5553 -0.4835 0.6767
vn -0.5554 -0.4836 0.6765
vn -0.5553 -0.4836 0.6766
vn -0.5551 -0.4833 0.6770
vn 0.0858 -0.4835 -0.8711
vn 0.0861 -0.4836 -0.8710
vn 0.0859 -0.4836 -0.8711
vn 0.4126 -0.4836 0.7719
vn 0.4127 -0.4836 0.7719
vn 0.4128 -0.4835 0.7719
vn -0.4126 -0.4836 0.7720
vn -0.4126 -0.4836 0.7719
vn -0.0855 -0.4836 -0.8711
vn -0.0858 -0.4836 -0.8711
vn -0.0860 -0.4834 -0.8712
vn -0.0852 -0.4837 -0.8711
vn 0.5553 -0.4835 0.6767
vn 0.5555 -0.4838 0.6763
vn 0.5555 -0.4837 0.6764
vn 0.5554 -0.4836 0.6765
vn -0.2541 -0.4836 0.8376
vn -0.2539 -0.4837 0.8376
vn -0.2540 -0.4836 -0.8377
vn -0.2539 -0.4835 -0.8377
vn -0.2540 -0.4834 -0.8377
vn -0.2541 -0.4836 -0.8376
vn 0.6765 -0.4836 0.5554
vn 0.6764 -0.4836 0.5555
vn 0.6765 -0.4835 0.5554
vn 0.6766 -0.4836 0.5553
vn -0.0859 -0.4836 0.8711
vn -0.0858 -0.4836 0.8711
vn -0.4130 -0.4835 -0.7718
vn -0.4126 -0.4836 -0.7719
vn -0.4127 -0.4835 -0.7719
vn -0.4127 -0.4836 -0.7719
vn 0.7719 -0.4835 0.4127
vn 0.7719 -0.4836 0.4126
vn 0.7718 -0.4835 0.4130
vn 0.7719 -0.4835 0.4128
vn -0.5551 -0.4836 -0.6768
vn -0.5552 -0.4836 -0.6766
vn -0.5555 -0.4834 -0.6766
vn -0.5550 -0.4836 -0.6768
vn -0.9952 -0.0000 0.0981
vn -0.2439 -0.8557 0.4563
vn -0.2439 -0.8559 0.4560
vn -0.2440 -0.8556 0.4565
vn -0.2440 -0.8557 0.4564
vn -0.0507 -0.8559 -0.5147
vn -0.0508 -0.8558 -0.5147
vn -0.0507 -0.8559 -0.5146
vn -0.0506 -0.8560 -0.5145
vn 0.3284 -0.8556 0.4002
vn 0.3283 -0.8557 0.4000
vn 0.3285 -0.8554 0.4005
vn -0.1502 -0.8556 0.4954
vn -0.1502 -0.8558 0.4951
vn -0.1502 -0.8557 0.4952
vn -0.1503 -0.8557 -0.4952
vn -0.1502 -0.8557 -0.4953
vn -0.1500 -0.8557 -0.4953
vn -0.1504 -0.8556 -0.4953
vn 0.4002 -0.8556 0.3283
vn 0.3998 -0.8558 0.3283
vn 0.4001 -0.8557 0.3283
vn -0.0507 -0.8559 0.5147
vn -0.0507 -0.8557 0.5149
vn -0.0507 -0.8559 0.5146
vn -0.0508 -0.8558 0.5147
vn -0.2441 -0.8556 -0.4565
vn -0.2442 -0.8555 -0.4566
vn -0.2441 -0.8555 -0.4566
vn 0.4565 -0.8556 0.2441
vn 0.4566 -0.8555 0.2442
vn 0.4566 -0.8556 0.2441
vn 0.4569 -0.8554 0.2441
vn -0.3282 -0.8556 -0.4004
vn -0.3280 -0.8557 -0.4003
vn -0.3283 -0.8555 -0.4003
vn -0.3284 -0.8555 -0.4002
vn 0.4950 -0.8558 0.1503
vn 0.4951 -0.8558 0.1502
vn 0.4951 -0.8557 0.1502
vn -0.4003 -0.8556 -0.3284
vn -0.4001 -0.8557 -0.3283
vn -0.4001 -0.8556 -0.3284
vn -0.3998 -0.8558 -0.3283
vn 0.5149 -0.8558 0.0507
vn 0.5147 -0.8558 0.0508
vn 0.5147 -0.8559 0.0507
vn 0.5151 -0.8556 0.0507
vn -0.4563 -0.8557 -0.2439
vn -0.4559 -0.8559 -0.2439
vn -0.4564 -0.8557 -0.2439
vn -0.4566 -0.8556 -0.2440
vn 0.5149 -0.8558 -0.0508
vn 0.5145 -0.8560 -0.0506
vn 0.5150 -0.8557 -0.0508
vn 0.5147 -0.8558 -0.0508
vn -0.4950 -0.8558 -0.1502
vn -0.4951 -0.8558 -0.1502
vn -0.4948 -0.8559 -0.1502
vn 0.4953 -0.8557 -0.1501
vn 0.4956 -0.8555 -0.1501
vn 0.4952 -0.8557 -0.1501
vn 0.4951 -0.8558 -0.1502
vn -0.5149 -0.8558 -0.0507
vn -0.5150 -0.8557 -0.0507
vn -0.5147 -0.8559 -0.0507
vn -0.5148 -0.8558 -0.0506
vn 0.4565 -0.8556 -0.2441
vn 0.4566 -0.8555 -0.2441
vn 0.4569 -0.8554 -0.2441
vn -0.5147 -0.8559 0.0507
vn -0.5147 -0.8558 0.0508
vn -0.5150 -0.8557 0.0508
vn -0.5148 -0.8558 0.0507
vn 0.4003 -0.8556 -0.3282
vn 0.4001 -0.8556 -0.3284
vn 0.4001 -0.8557 -0.3283
vn 0.4001 -0.8557 -0.3282
vn -0.4948 -0.8559 0.1501
vn -0.4951 -0.8557 0.1502
vn -0.4949 -0.8558 0.1503
vn -0.4950 -0.8558 0.1503
vn 0.3283 -0.8557 -0.4000
vn 0.3284 -0.8556 -0.4002
vn 0.3283 -0.8557 -0.3999
vn -0.4564 -0.8557 0.2439
vn -0.4564 -0.8557 0.2440
vn -0.4564 -0.8557 0.2438
vn 0.2441 -0.8556 -0.4565
vn 0.2443 -0.8554 -0.4568
vn 0.2440 -0.8556 -0.4564
vn 0.0507 -0.8559 0.5146
vn 0.0506 -0.8560 0.5145
vn 0.0507 -0.8559 0.5147
vn 0.0508 -0.8558 0.5147
vn -0.4000 -0.8558 0.3281
vn -0.4000 -0.8557 0.3282
vn -0.4001 -0.8557 0.3283
vn -0.4001 -0.8557 0.3282
vn 0.1501 -0.8557 -0.4953
vn 0.1502 -0.8558 -0.4951
vn 0.1502 -0.8557 -0.4951
vn 0.1502 -0.8557 -0.4953
vn 0.1502 -0.8556 0.4954
vn 0.1502 -0.8556 0.4953
vn 0.1502 -0.8557 0.4952
vn 0.1502 -0.8558 0.4950
vn -0.3283 -0.8557 0.4001
vn -0.3283 -0.8556 0.4001
vn -0.3283 -0.8557 0.3999
vn -0.3283 -0.8557 0.4000
vn 0.0506 -0.8558 -0.5149
vn 0.0507 -0.8560 -0.5145
vn 0.0507 -0.8559 -0.5147
vn 0.0507 -0.8558 -0.5148
vn 0.2440 -0.8556 0.4564
vn 0.2438 -0.8557 0.4564
vn 0.2440 -0.8557 0.4564
vn 0.2441 -0.8556 0.4565
vn 0.7732 -0.0000 -0.6342
vn 0.6342 -0.0000 -0.7732
vn 0.6344 -0.0000 -0.7730
vn -0.8818 -0.0000 0.4716
vn 0.4716 -0.0000 -0.8818
vn 0.0981 -0.0000 0.9952
vn 0.0977 -0.0000 0.9952
vn -0.7730 -0.0000 0.6343
vn -0.7735 -0.0000 0.6338
vn -0.7732 -0.0000 0.6342
vn -0.6344 -0.0000 0.7730
vn 0.0981 -0.0000 -0.9952
vn 0.0977 -0.0000 -0.9952
vn 0.4716 -0.0000 0.8818
vn -0.0977 -0.0000 -0.9952
vn 0.6345 -0.0000 0.7729
vn 0.6342 -0.0000 0.7732
vn 0.6346 -0.0000 0.7729
vn 0.7732 -0.0000 0.6342
vn -0.0977 -0.0000 0.9952
vn 0.8818 -0.0000 0.4716
vn -0.6344 -0.0000 -0.7730
vn 0.9569 -0.0000 0.2903
vn -0.7729 -0.0000 -0.6346
vn 0.9952 -0.0000 0.0981
vn -0.8818 -0.0000 -0.4716
vn 0.8818 -0.0000 -0.4716
vn -0.3549 -0.0000 -0.9349
vn -0.1657 -0.0000 -0.9862
vn 0.0299 -0.0000 -0.9996
vn 0.0298 -0.0000 -0.9996
vn 0.2243 -0.0000 -0.9745
vn 0.4101 -0.0000 -0.9120
vn 0.4100 -0.0000 -0.9121
vn 0.5801 -0.0000 -0.8145
vn 0.5802 -0.0000 -0.8145
vn 0.7279 -0.0000 -0.6857
vn 0.8476 -0.0000 -0.5306
vn 0.8477 -0.0000 -0.5305
vn 0.8476 -0.0000 -0.5307
vn 0.9349 -0.0000 -0.3549
vn 0.9862 -0.0000 -0.1657
vn 0.9996 -0.0000 0.0299
vn 0.9745 -0.0000 0.2243
vn 0.9121 -0.0000 0.4101
vn 0.9121 -0.0000 0.4100
vn 0.8145 -0.0000 0.5802
vn 0.6857 -0.0000 0.7279
vn 0.6856 -0.0000 0.7279
vn 0.5305 -0.0000 0.8477
vn 0.3549 -0.0000 0.9349
vn 0.1657 -0.0000 0.9862
vn -0.0299 -0.0000 0.9996
vn -0.2243 -0.0000 0.9745
vn -0.4101 -0.0000 0.9120
vn -0.5802 -0.0000 0.8145
vn -0.7279 -0.0000 0.6857
vn -0.8477 -0.0000 0.5305
vn -0.8477 -0.0000 0.5304
vn -0.9349 -0.0000 0.3549
vn -0.9862 -0.0000 0.1657
vn -0.9996 -0.0000 -0.0299
vn -0.9745 -0.0000 -0.2243
vn -0.9120 -0.0000 -0.4101
vn -0.9121 -0.0000 -0.4101
vn -0.8145 -0.0000 -0.5802
vn 0.8312 0.4607 -0.3113
vn -0.6857 -0.0000 -0.7279
vn -0.5306 -0.0000 -0.8477
vn -0.5307 -0.0000 -0.8476
vn -0.5306 -0.0000 -0.8476
vn -0.5305 -0.0000 -0.8477
vn -0.0000 -1.0000 0.0001
vn -0.0000 -1.0000 0.0006
vn -0.0000 -1.0000 -0.0001
vn -0.0000 -1.0000 0.0003
vn -0.0000 -1.0000 -0.0003
vn -0.0000 -1.0000 -0.0004
vn 0.0579 0.6232 -0.7799
vn -0.0799 0.7022 0.7075
vn -0.0799 0.7021 0.7076
vn -0.0798 0.7022 0.7075
vn -0.1629 0.9797 0.1167
vn -0.1629 0.9797 0.1166
vn 0.3330 0.4516 -0.8278
vn 0.3330 0.4516 -0.8277
vn 0.6770 0.4608 0.5738
vn -0.1180 0.9930 0.0100
vn -0.4226 0.5301 -0.7351
vn -0.4227 0.5301 -0.7351
vn -0.5559 0.6037 -0.5715
vn -0.5559 0.6037 -0.5714
vn -0.5558 0.6037 -0.5715
vn 0.8784 0.4584 -0.1349
vn -0.2241 0.8074 0.5457
vn -0.2241 0.8075 0.5457
vn -0.2242 0.8074 0.5457
vn -0.2940 0.9504 0.1015
vn -0.2940 0.9504 0.1014
vn 0.4980 0.4548 -0.7383
vn 0.5216 0.4843 0.7025
vn 0.5216 0.4843 0.7024
vn -0.0647 0.9978 0.0115
vn -0.0647 0.9978 0.0116
vn -0.2447 0.4843 -0.8400
vn -0.2447 0.4842 -0.8400
vn -0.2446 0.4843 -0.8400
vn 0.8892 0.4548 0.0493
vn -0.2814 0.8945 0.3473
vn -0.2814 0.8945 0.3474
vn -0.2814 0.8946 0.3473
vn -0.4467 0.8946 0.0144
vn -0.4466 0.8946 0.0144
vn 0.6383 0.4584 -0.6184
vn 0.3304 0.5300 0.7810
vn -0.0482 0.9978 0.0446
vn -0.0482 0.4608 -0.8862
vn 0.8607 0.4517 0.2349
vn 0.8607 0.4517 0.2348
vn -0.2585 0.9504 0.1730
vn -0.2584 0.9504 0.1730
vn -0.5702 0.8075 -0.1511
vn -0.5702 0.8075 -0.1512
vn -0.5707 0.8070 -0.1517
vn -0.5702 0.8075 -0.1510
vn 0.7503 0.4606 -0.4742
vn 0.1195 0.6037 0.7882
vn 0.1194 0.6037 0.7882
vn -0.0792 0.9930 0.0879
vn -0.0792 0.9930 0.0880
vn 0.1484 0.4521 -0.8796
vn 0.1485 0.4521 -0.8796
vn 0.1484 0.4521 -0.8795
vn 0.7905 0.4521 0.4132
vn 0.7905 0.4521 0.4131
vn -0.1914 0.9797 0.0593
vn -0.1915 0.9797 0.0593
vn -0.6121 0.7021 -0.3638
vn -0.6122 0.7021 -0.3638
vn -0.8203 -0.4015 0.4074
vn -0.8203 -0.4016 0.4072
vn -0.8203 -0.4016 0.4073
vn -0.8202 -0.4018 0.4072
vn -0.8201 -0.4018 0.4073
vn -0.8206 -0.4009 0.4073
vn -0.8197 -0.4024 0.4076
vn -0.8203 -0.4014 0.4074
vn -0.8203 -0.4016 0.4071
vn -0.8202 -0.4016 0.4074
vn -0.8202 -0.4014 0.4076
vn -0.8203 -0.4012 0.4077
vn -0.8200 -0.4020 0.4074
vn -0.8205 -0.4008 0.4076
vn -0.8205 -0.4011 0.4073
vn -0.8204 -0.4016 0.4070
vn -0.9366 -0.1056 -0.3342
vn -0.9366 -0.1055 -0.3341
vn -0.9366 -0.1056 -0.3340
vn -0.9366 -0.1056 -0.3341
vn -0.2996 -0.1056 0.9482
vn -0.2996 -0.1054 0.9482
vn -0.2995 -0.1055 0.9482
vn 0.1544 0.7313 -0.6643
vn 0.1544 0.7314 -0.6643
vn 0.1543 0.7313 -0.6643
vn -0.5748 -0.0878 -0.8136
vn -0.5747 -0.0879 -0.8136
vn -0.5747 -0.0878 -0.8136
vn -0.8931 0.3342 0.3011
vn -0.8931 0.3342 0.3010
vn -0.8932 0.3341 0.3010
vn 0.2405 0.8073 -0.5390
vn 0.2405 0.8072 -0.5390
vn -0.7743 0.6270 -0.0856
vn -0.7743 0.6270 -0.0858
vn -0.7743 0.6270 -0.0857
vn -0.7742 0.6271 -0.0856
vn 0.3184 0.8550 -0.4094
vn 0.3184 0.8550 -0.4093
vn -0.6107 0.7775 -0.1502
vn -0.6107 0.7775 -0.1501
vn 0.3901 0.8780 -0.2774
vn 0.3901 0.8780 -0.2772
vn -0.4802 0.8702 -0.1105
vn 0.4567 0.8780 -0.1431
vn 0.4567 0.8780 -0.1432
vn -0.3773 0.9256 -0.0287
vn 0.5185 0.8551 -0.0064
vn 0.5186 0.8550 -0.0064
vn 0.5186 0.8550 -0.0065
vn 0.5185 0.8550 -0.0064
vn -0.2976 0.9518 0.0749
vn -0.2976 0.9518 0.0748
vn 0.5748 0.8072 0.1340
vn 0.5748 0.8072 0.1341
vn -0.2395 0.9518 0.1918
vn -0.2395 0.9518 0.1919
vn 0.6226 0.7314 0.2784
vn 0.6226 0.7314 0.2783
vn -0.2052 0.9256 0.3179
vn -0.2052 0.9256 0.3180
vn 0.6564 0.6232 0.4251
vn -0.2021 0.8702 0.4493
vn -0.2021 0.8702 0.4494
vn 0.6664 0.4793 0.5711
vn 0.6664 0.4794 0.5711
vn -0.3423 0.0998 -0.9343
vn -0.3421 0.0999 -0.9343
vn -0.3422 0.0998 -0.9343
vn -0.2494 0.7775 0.5773
vn -0.2493 0.7775 0.5774
vn -0.2493 0.7775 0.5773
vn 0.6363 0.3010 0.7103
vn 0.6363 0.3011 0.7102
vn -0.1816 0.3010 -0.9362
vn -0.1815 0.3010 -0.9362
vn -0.1817 0.3009 -0.9362
vn -0.3997 0.6269 0.6687
vn -0.3996 0.6269 0.6688
vn -0.3996 0.6270 0.6688
vn -0.3995 0.6269 0.6688
vn 0.5377 0.0997 0.8372
vn 0.5377 0.0998 0.8372
vn -0.0525 0.4793 -0.8761
vn -0.0523 0.4793 -0.8761
vn -0.0524 0.4793 -0.8761
vn -0.7795 0.3342 0.5298
vn -0.7796 0.3341 0.5297
vn -0.7796 0.3342 0.5297
vn -0.7796 0.3342 0.5296
vn 0.3010 -0.0878 0.9496
vn 0.3010 -0.0876 0.9496
vn 0.7148 -0.0000 -0.6994
vn 0.7147 -0.0000 -0.6994
vn 0.8375 -0.0000 -0.5465
vn 0.9280 -0.0000 -0.3726
vn 0.9829 -0.0000 -0.1844
vn 0.9999 -0.0000 0.0109
vn 0.9786 -0.0000 0.2057
vn 0.9197 -0.0000 0.3927
vn 0.8254 -0.0000 0.5646
vn 0.6993 -0.0000 0.7148
vn 0.5465 -0.0000 0.8375
vn 0.5465 -0.0000 0.8374
vn 0.3726 -0.0000 0.9280
vn 0.1844 -0.0000 0.9829
vn 0.1843 -0.0000 0.9829
vn -0.0108 -0.0000 0.9999
vn -0.0109 -0.0000 0.9999
vn -0.2058 -0.0000 0.9786
vn -0.3927 -0.0000 0.9197
vn -0.3926 -0.0000 0.9197
vn -0.5646 -0.0000 0.8254
vn -0.7148 -0.0000 0.6993
vn -0.7148 -0.0000 0.6994
vn -0.8375 -0.0000 0.5465
vn -0.9280 -0.0000 0.3726
vn -0.9829 -0.0000 0.1844
vn -0.9999 -0.0000 -0.0109
vn -0.9786 -0.0000 -0.2058
vn -0.9197 -0.0000 -0.3927
vn -0.8254 -0.0000 -0.5646
vn -0.6993 -0.0000 -0.7149
vn -0.6993 -0.0000 -0.7148
vn -0.5465 -0.0000 -0.8375
vn -0.5465 -0.0000 -0.8374
vn -0.3726 -0.0000 -0.9280
vn -0.1844 -0.0000 -0.9829
vn 0.0109 -0.0000 -0.9999
vn 0.2058 -0.0000 -0.9786
vn 0.6179 0.4606 0.6372
vn 0.3928 -0.0000 -0.9196
vn 0.3927 -0.0000 -0.9197
vn 0.5647 -0.0000 -0.8253
vn 0.5649 -0.0000 -0.8252
vn 0.5646 -0.0000 -0.8254
vn 0.5645 -0.0000 -0.8254
vn -0.0000 -1.0000 -0.0005
vn -0.0000 -1.0000 0.0002
vn 0.7379 0.6232 -0.2590
vn 0.7379 0.6231 -0.2591
vn -0.6804 0.7021 0.2099
vn -0.1721 0.9797 -0.1026
vn 0.8918 0.4517 -0.0260
vn 0.8918 0.4517 -0.0261
vn -0.2550 0.4607 0.8501
vn -0.2550 0.4608 0.8501
vn -0.0563 0.9930 -0.1042
vn 0.5046 0.5300 -0.6815
vn 0.5046 0.5300 -0.6816
vn 0.3013 0.6037 -0.7381
vn 0.3012 0.6037 -0.7381
vn 0.4751 0.4584 0.7511
vn -0.5897 0.8075 0.0128
vn -0.5897 0.8075 0.0127
vn -0.5897 0.8075 0.0130
vn -0.2106 0.9504 -0.2289
vn -0.2105 0.9504 -0.2289
vn 0.8759 0.4548 0.1611
vn 0.8759 0.4548 0.1610
vn -0.4350 0.4843 0.7591
vn -0.0364 0.9978 -0.0547
vn 0.6720 0.4843 -0.5603
vn 0.6720 0.4843 -0.5602
vn 0.6720 0.4842 -0.5603
vn 0.3106 0.4548 0.8347
vn 0.3107 0.4548 0.8347
vn -0.4308 0.8946 -0.1189
vn -0.4308 0.8946 -0.1190
vn -0.1919 0.8946 -0.4037
vn -0.1918 0.8946 -0.4037
vn -0.1919 0.8945 -0.4037
vn 0.8222 0.4584 0.3375
vn 0.8222 0.4583 0.3375
vn 0.8223 0.4582 0.3375
vn -0.5836 0.5300 0.6152
vn -0.5835 0.5301 0.6153
vn -0.0602 0.9978 -0.0263
vn -0.0602 0.9978 -0.0264
vn 0.7929 0.4608 -0.3987
vn 0.7928 0.4608 -0.3988
vn 0.7929 0.4608 -0.3988
vn 0.1291 0.4517 0.8828
vn 0.1293 0.4517 0.8828
vn 0.1292 0.4517 0.8828
vn -0.2619 0.9504 -0.1677
vn -0.2619 0.9504 -0.1675
vn -0.2619 0.9504 -0.1676
vn -0.0898 0.8075 -0.5830
vn -0.0896 0.8075 -0.5830
vn -0.0897 0.8075 -0.5830
vn 0.7348 0.4606 0.4979
vn 0.7348 0.4606 0.4978
vn -0.6745 0.6037 0.4249
vn -0.6745 0.6038 0.4249
vn -0.1124 0.9930 -0.0374
vn -0.1124 0.9930 -0.0373
vn 0.8654 0.4521 -0.2160
vn 0.8654 0.4521 -0.2161
vn -0.0624 0.4521 0.8898
vn -0.0624 0.4520 0.8898
vn -0.1309 0.9797 -0.1517
vn 0.0885 0.7021 -0.7065
vn 0.0885 0.7021 -0.7066
vn 0.0886 0.7021 -0.7065
vn -0.7016 -0.4014 -0.5887
vn -0.7016 -0.4015 -0.5887
vn -0.7020 -0.4010 -0.5885
vn -0.7017 -0.4013 -0.5887
vn -0.7019 -0.4007 -0.5889
vn -0.7015 -0.4015 -0.5887
vn -0.7018 -0.4013 -0.5886
vn -0.7015 -0.4010 -0.5891
vn -0.7016 -0.4017 -0.5885
vn -0.7017 -0.4014 -0.5886
vn -0.7020 -0.4014 -0.5883
vn -0.7020 -0.4005 -0.5889
vn -0.7016 -0.4011 -0.5889
vn -0.7016 -0.4012 -0.5889
vn -0.7018 -0.4014 -0.5885
vn -0.7015 -0.4014 -0.5889
vn -0.7019 -0.4014 -0.5884
vn -0.0687 -0.1055 -0.9920
vn -0.0686 -0.1054 -0.9921
vn -0.9889 -0.1055 0.1046
vn -0.9889 -0.1055 0.1044
vn -0.9889 -0.1054 0.1047
vn 0.6706 0.7313 -0.1242
vn 0.6705 0.7314 -0.1241
vn 0.5157 -0.0878 -0.8523
vn 0.5157 -0.0879 -0.8523
vn 0.5157 -0.0879 -0.8522
vn -0.6333 0.3342 -0.6980
vn -0.6334 0.3342 -0.6980
vn -0.6334 0.3342 -0.6979
vn 0.5902 0.8072 0.0047
vn 0.5902 0.8073 0.0047
vn -0.2314 0.6269 -0.7439
vn -0.2313 0.6270 -0.7439
vn -0.2312 0.6268 -0.7440
vn -0.2313 0.6268 -0.7441
vn 0.5026 0.8550 0.1280
vn 0.5027 0.8550 0.1280
vn -0.1067 0.7775 -0.6197
vn -0.1068 0.7775 -0.6197
vn 0.4102 0.8781 0.2464
vn 0.4102 0.8781 0.2465
vn 0.4101 0.8781 0.2463
vn -0.0908 0.8702 -0.4843
vn -0.0909 0.8702 -0.4843
vn 0.3140 0.8780 0.3612
vn 0.3141 0.8780 0.3612
vn 0.3140 0.8780 0.3613
vn -0.1247 0.9256 -0.3573
vn -0.1248 0.9256 -0.3572
vn -0.1247 0.9256 -0.3574
vn 0.2134 0.8550 0.4727
vn 0.2133 0.8550 0.4727
vn -0.1877 0.9518 -0.2426
vn -0.1876 0.9518 -0.2426
vn -0.1877 0.9518 -0.2427
vn 0.1071 0.8072 0.5804
vn 0.1071 0.8073 0.5804
vn -0.2716 0.9518 -0.1427
vn -0.2717 0.9518 -0.1427
vn -0.0059 0.7314 0.6820
vn -0.0060 0.7313 0.6820
vn -0.3735 0.9256 -0.0609
vn -0.3735 0.9256 -0.0608
vn -0.1270 0.6232 0.7717
vn -0.1269 0.6232 0.7717
vn -0.4927 0.8702 -0.0053
vn -0.4927 0.8702 -0.0054
vn -0.2568 0.4793 0.8392
vn -0.2568 0.4794 0.8392
vn -0.2568 0.4795 0.8392
vn -0.2568 0.4795 0.8391
vn 0.7192 0.0997 -0.6876
vn 0.7196 0.0999 -0.6872
vn 0.7194 0.0998 -0.6874
vn -0.6288 0.7776 0.0025
vn -0.6288 0.7775 0.0025
vn -0.3964 0.3009 0.8674
vn -0.3964 0.3010 0.8673
vn -0.3964 0.3008 0.8674
vn 0.7853 0.3011 -0.5410
vn 0.7853 0.3010 -0.5410
vn 0.7853 0.3011 -0.5409
vn -0.7727 0.6270 -0.0987
vn -0.7728 0.6270 -0.0987
vn -0.7729 0.6268 -0.0986
vn -0.7729 0.6268 -0.0985
vn -0.5522 0.0998 0.8277
vn -0.5523 0.0998 0.8277
vn -0.5524 0.0997 0.8276
vn 0.7819 0.4793 -0.3986
vn 0.7819 0.4793 -0.3987
vn 0.7819 0.4794 -0.3985
vn -0.7974 0.3343 -0.5024
vn -0.7974 0.3343 -0.5023
vn -0.7497 -0.0878 0.6559
vn -0.7498 -0.0878 0.6559
vn -0.7499 -0.0878 0.6557
vn 0.0602 -0.0000 -0.9982
vn 0.2538 -0.0000 -0.9673
vn 0.4376 -0.0000 -0.8992
vn 0.4377 -0.0000 -0.8991
vn 0.6047 -0.0000 -0.7965
vn 0.6046 -0.0000 -0.7965
vn 0.7484 -0.0000 -0.6632
vn 0.7484 -0.0000 -0.6633
vn 0.8634 -0.0000 -0.5045
vn 0.8635 -0.0000 -0.5044
vn 0.9452 -0.0000 -0.3264
vn 0.9452 -0.0000 -0.3265
vn 0.9908 -0.0000 -0.1357
vn 0.9982 -0.0000 0.0602
vn 0.9673 -0.0000 0.2538
vn 0.9672 -0.0000 0.2538
vn 0.8992 -0.0000 0.4376
vn 0.7965 -0.0000 0.6046
vn 0.6633 -0.0000 0.7484
vn 0.5045 -0.0000 0.8634
vn 0.5044 -0.0000 0.8635
vn 0.3264 -0.0000 0.9452
vn 0.3265 -0.0000 0.9452
vn 0.1356 -0.0000 0.9908
vn 0.1357 -0.0000 0.9908
vn -0.0602 -0.0000 0.9982
vn -0.0603 -0.0000 0.9982
vn -0.2538 -0.0000 0.9673
vn -0.2538 -0.0000 0.9672
vn -0.4375 -0.0000 0.8992
vn -0.4376 -0.0000 0.8992
vn -0.6045 -0.0000 0.7966
vn -0.6046 -0.0000 0.7965
vn -0.6047 -0.0000 0.7964
vn -0.7484 -0.0000 0.6632
vn -0.7484 -0.0000 0.6633
vn -0.8634 -0.0000 0.5045
vn -0.9452 -0.0000 0.3264
vn -0.9907 -0.0000 0.1357
vn -0.9982 -0.0000 -0.0602
vn -0.9673 -0.0000 -0.2538
vn -0.8992 -0.0000 -0.4376
vn -0.7966 -0.0000 -0.6046
vn -0.7967 -0.0000 -0.6044
vn -0.7967 -0.0000 -0.6043
vn -0.6632 -0.0000 -0.7484
vn -0.5044 -0.0000 -0.8635
vn -0.5045 -0.0000 -0.8634
vn 0.8857 0.4606 0.0574
vn 0.8858 0.4606 0.0575
vn 0.8858 0.4606 0.0574
vn -0.3264 -0.0000 -0.9452
vn -0.3265 -0.0000 -0.9452
vn -0.1356 -0.0000 -0.9908
vn -0.1357 -0.0000 -0.9908
vn 0.3730 0.6232 -0.6874
vn 0.3731 0.6232 -0.6874
vn -0.3634 0.7021 0.6124
vn -0.3633 0.7021 0.6124
vn -0.1964 0.9797 0.0395
vn -0.1964 0.9797 0.0394
vn 0.6435 0.4517 -0.6180
vn 0.6434 0.4517 -0.6181
vn 0.6434 0.4517 -0.6180
vn 0.3818 0.4608 0.8012
vn 0.3817 0.4608 0.8012
vn -0.1117 0.9930 -0.0394
vn -0.0837 0.5300 -0.8439
vn -0.0836 0.5300 -0.8439
vn -0.2722 0.6037 -0.7493
vn 0.8564 0.4584 0.2376
vn -0.4284 0.8075 0.4055
vn -0.4283 0.8075 0.4055
vn -0.3097 0.9504 -0.0282
vn -0.3097 0.9504 -0.0283
vn 0.7572 0.4548 -0.4688
vn 0.1871 0.4843 0.8547
vn 0.1872 0.4843 0.8546
vn -0.0637 0.9978 -0.0161
vn 0.1219 0.4843 -0.8664
vn 0.1220 0.4843 -0.8664
vn 0.7906 0.4548 0.4101
vn 0.7906 0.4548 0.4100
vn -0.3992 0.8945 0.2011
vn -0.3992 0.8945 0.2012
vn -0.4132 0.8945 -0.1704
vn -0.4133 0.8945 -0.1704
vn 0.8359 0.4584 -0.3019
vn -0.0194 0.5301 0.8477
vn -0.0623 0.9978 0.0210
vn -0.0623 0.9978 0.0208
vn -0.0623 0.9978 0.0209
vn 0.3199 0.4608 -0.8278
vn 0.3198 0.4608 -0.8279
vn 0.6884 0.4516 0.5676
vn 0.6886 0.4516 0.5674
vn -0.3067 0.9504 0.0516
vn -0.3066 0.9504 0.0517
vn -0.3068 0.9504 0.0516
vn -0.4580 0.8075 -0.3718
vn -0.4579 0.8075 -0.3719
vn 0.8788 0.4606 -0.1244
vn 0.8788 0.4606 -0.1245
vn -0.2146 0.6037 0.7678
vn -0.2147 0.6037 0.7678
vn -0.1084 0.9930 0.0478
vn -0.1084 0.9930 0.0477
vn -0.1084 0.9930 0.0479
vn 0.4964 0.4521 -0.7411
vn 0.5512 0.4521 0.7013
vn 0.5511 0.4521 0.7013
vn 0.5512 0.4521 0.7012
vn -0.1989 0.9797 -0.0245
vn -0.4088 0.7021 -0.5831
vn -0.9152 -0.4015 0.0347
vn -0.9154 -0.4011 0.0343
vn -0.9151 -0.4017 0.0348
vn -0.9152 -0.4014 0.0348
vn -0.9151 -0.4017 0.0345
vn -0.9150 -0.4020 0.0347
vn -0.9154 -0.4011 0.0347
vn -0.9152 -0.4014 0.0347
vn -0.9152 -0.4016 0.0347
vn -0.9153 -0.4013 0.0346
vn -0.9152 -0.4016 0.0343
vn -0.9152 -0.4015 0.0346
vn -0.9152 -0.4015 0.0350
vn -0.9152 -0.4014 0.0346
vn -0.9154 -0.4009 0.0351
vn -0.9152 -0.4016 0.0346
vn -0.9152 -0.4015 0.0348
vn -0.9151 -0.4016 0.0347
vn -0.9153 -0.4012 0.0347
vn -0.9152 -0.4016 0.0348
vn -0.9151 -0.4017 0.0347
vn -0.7169 -0.1055 -0.6891
vn -0.7169 -0.1056 -0.6891
vn -0.7170 -0.1056 -0.6891
vn -0.6625 -0.1056 0.7416
vn -0.6626 -0.1055 0.7415
vn -0.6626 -0.1056 0.7415
vn 0.4135 0.7314 -0.5423
vn 0.4134 0.7314 -0.5424
vn -0.1902 -0.0877 -0.9778
vn -0.1903 -0.0877 -0.9778
vn -0.1900 -0.0877 -0.9779
vn -0.9380 0.3342 -0.0922
vn -0.9380 0.3342 -0.0921
vn -0.9380 0.3341 -0.0921
vn 0.4406 0.8072 -0.3928
vn 0.4406 0.8071 -0.3929
vn 0.4406 0.8072 -0.3929
vn -0.6709 0.6269 -0.3961
vn -0.6710 0.6269 -0.3959
vn 0.4584 0.8550 -0.2426
vn 0.4584 0.8550 -0.2425
vn -0.4952 0.7775 -0.3876
vn 0.4694 0.8781 -0.0926
vn 0.4695 0.8781 -0.0928
vn 0.4695 0.8781 -0.0927
vn 0.4695 0.8781 -0.0926
vn -0.3925 0.8702 -0.2978
vn 0.4752 0.8780 0.0570
vn 0.4752 0.8780 0.0569
vn -0.3323 0.9256 -0.1811
vn -0.3323 0.9257 -0.1809
vn 0.4755 0.8550 0.2071
vn 0.4755 0.8550 0.2070
vn -0.3021 0.9518 -0.0539
vn -0.3021 0.9517 -0.0540
vn 0.4691 0.8072 0.3582
vn 0.4691 0.8072 0.3583
vn -0.2971 0.9518 0.0766
vn -0.2971 0.9518 0.0767
vn 0.4535 0.7314 0.5093
vn 0.4535 0.7314 0.5092
vn 0.4534 0.7313 0.5095
vn -0.3176 0.9256 0.2057
vn -0.3176 0.9256 0.2058
vn 0.4240 0.6232 0.6572
vn 0.4240 0.6232 0.6571
vn 0.4240 0.6231 0.6572
vn -0.3687 0.8702 0.3267
vn -0.3687 0.8702 0.3268
vn 0.3731 0.4795 0.7943
vn 0.3731 0.4794 0.7944
vn 0.0714 0.0998 -0.9924
vn 0.0716 0.0997 -0.9924
vn -0.4644 0.7775 0.4240
vn -0.4644 0.7775 0.4241
vn -0.4644 0.7776 0.4239
vn 0.2887 0.3010 0.9089
vn 0.2886 0.3010 0.9089
vn 0.2188 0.3010 -0.9282
vn 0.2189 0.3010 -0.9282
vn -0.6389 0.6269 0.4458
vn -0.6390 0.6269 0.4457
vn 0.1465 0.0998 0.9842
vn 0.1466 0.0999 0.9841
vn 0.3118 0.4794 -0.8203
vn 0.3118 0.4795 -0.8203
vn -0.9283 0.3342 0.1631
vn -0.9284 0.3340 0.1631
vn -0.9283 0.3342 0.1629
vn -0.9283 0.3343 0.1629
vn -0.1153 -0.0877 0.9895
vn -0.1155 -0.0878 0.9894
vn -0.1153 -0.0878 0.9895
vt 0.000000 0.000000
vt 1.000000 1.000000
vt 0.968800 1.000000
vt 0.968800 0.500000
vt 1.000000 0.500000
vt 0.937500 1.000000
vt 0.937500 0.500000
vt 0.906200 1.000000
vt 0.906200 0.500000
vt 0.875000 1.000000
vt 0.875000 0.500000
vt 0.843800 1.000000
vt 0.843800 0.500000
vt 0.812500 0.500000
vt 0.812500 1.000000
vt 0.781200 0.500000
vt 0.781200 1.000000
vt 0.750000 1.000000
vt 0.750000 0.500000
vt 0.718800 0.500000
vt 0.718800 1.000000
vt 0.687500 0.500000
vt 0.687500 1.000000
vt 0.656200 0.500000
vt 0.656200 1.000000
vt 0.625000 1.000000
vt 0.625000 0.500000
vt 0.593800 0.500000
vt 0.593800 1.000000
vt 0.562500 0.500000
vt 0.562500 1.000000
vt 0.531200 0.500000
vt 0.531200 1.000000
vt 0.500000 0.500000
vt 0.500000 1.000000
vt 0.468800 0.500000
vt 0.468800 1.000000
vt 0.437500 0.500000
vt 0.437500 1.000000
vt 0.406200 0.500000
vt 0.406200 1.000000
vt 0.375000 1.000000
vt 0.375000 0.500000
vt 0.343800 1.000000
vt 0.343800 0.500000
vt 0.312500 0.500000
vt 0.312500 1.000000
vt 0.281200 0.500000
vt 0.281200 1.000000
vt 0.250000 1.000000
vt 0.250000 0.500000
vt 0.218800 1.000000
vt 0.218800 0.500000
vt 0.187500 0.500000
vt 0.187500 1.000000
vt 0.156200 1.000000
vt 0.156200 0.500000
vt 0.125000 0.500000
vt 0.125000 1.000000
vt 0.093800 0.500000
vt 0.093800 1.000000
vt 0.062500 1.000000
vt 0.062500 0.500000
vt 0.031200 1.000000
vt 0.031200 0.500000
vt 0.000000 1.000000
vt 0.000000 0.500000
vt 0.796800 0.485400
vt 0.841800 0.471700
vt 0.883300 0.449600
vt 0.919700 0.419700
vt 0.949600 0.383300
vt 0.971700 0.341800
vt 0.985400 0.296800
vt 0.990000 0.250000
vt 0.985400 0.203200
vt 0.971700 0.158200
vt 0.949600 0.116700
vt 0.919700 0.080300
vt 0.883300 0.050400
vt 0.841800 0.028300
vt 0.796800 0.014600
vt 0.750000 0.010000
vt 0.703200 0.014600
vt 0.658200 0.028300
vt 0.616700 0.050400
vt 0.580300 0.080300
vt 0.550400 0.116700
vt 0.528300 0.158200
vt 0.514600 0.203200
vt 0.510000 0.250000
vt 0.514600 0.296800
vt 0.528300 0.341800
vt 0.550400 0.383300
vt 0.580300 0.419700
vt 0.616700 0.449600
vt 0.658200 0.471700
vt 0.750000 0.490000
vt 0.703200 0.485400
vt 0.296800 0.485400
vt 0.250000 0.490000
vt 0.203200 0.485400
vt 0.158200 0.471700
vt 0.116700 0.449600
vt 0.080300 0.419700
vt 0.050400 0.383300
vt 0.028300 0.341800
vt 0.014600 0.296800
vt 0.010000 0.250000
vt 0.014600 0.203200
vt 0.028300 0.158200
vt 0.050400 0.116700
vt 0.080300 0.080300
vt 0.116700 0.050400
vt 0.158200 0.028300
vt 0.203200 0.014600
vt 0.250000 0.010000
vt 0.296800 0.014600
vt 0.341800 0.028300
vt 0.383300 0.050400
vt 0.419700 0.080300
vt 0.449600 0.116700
vt 0.471700 0.158200
vt 0.485400 0.203200
vt 0.490000 0.250000
vt 0.485400 0.296800
vt 0.471700 0.341800
vt 0.449600 0.383300
vt 0.419700 0.419700
vt 0.383300 0.449600
vt 0.341800 0.471700
s 1
g off
g Pata_delantera_Goddard_None
usemtl Goddard_None
f 1/1/1 2/1/2 3/1/3
f 3/1/3 4/1/2 5/1/4
f 1/1/1 3/1/3 5/1/4
f 5/1/4 6/1/5 7/1/6
f 7/1/6 8/1/2 9/1/7
f 5/1/4 7/1/6 9/1/7
f 1/1/1 5/1/4 9/1/7
f 9/1/7 10/1/2 11/1/8
f 11/1/8 12/1/9 13/1/10
f 9/1/7 11/1/8 13/1/10
f 13/1/10 14/1/2 15/1/2
f 15/1/2 16/1/2 17/1/10
f 13/1/10 15/1/2 17/1/10
f 9/1/7 13/1/10 17/1/10
f 17/1/10 18/1/2 19/1/3
f 19/1/3 20/1/2 21/1/11
f 17/1/10 19/1/3 21/1/11
f 21/1/11 22/1/2 23/1/10
f 23/1/10 24/1/2 25/1/1
f 21/1/11 23/1/10 25/1/1
f 17/1/10 21/1/11 25/1/1
f 9/1/7 17/1/10 25/1/1
f 1/1/1 9/1/7 25/1/1
f 26/1/2 27/1/2 28/1/2
f 25/1/1 26/1/2 28/1/2
f 25/1/1 28/1/2 29/1/9
f 1/1/1 25/1/1 29/1/9
f 30/1/3 1/1/1 29/1/9
f 30/1/3 29/1/9 31/1/2
f 30/1/3 31/1/2 32/1/2
s 2
f 33/1/12 34/1/13 35/1/14
f 35/1/14 36/1/15 33/1/12
s 3
f 19/1/16 37/1/17 38/1/18
f 38/1/18 20/1/18 19/1/16
s 4
f 39/1/19 1/1/19 30/1/19
f 30/1/19 40/1/20 39/1/19
s 5
f 5/1/21 41/1/21 42/1/21
f 42/1/21 6/1/21 5/1/21
s 6
f 18/1/22 43/1/23 37/1/23
f 37/1/23 19/1/24 18/1/22
s 7
f 40/1/25 30/1/26 32/1/27
f 32/1/27 44/1/28 40/1/25
s 8
f 4/1/29 45/1/30 41/1/31
f 41/1/31 5/1/30 4/1/29
s 9
f 17/1/32 46/1/32 43/1/32
f 43/1/32 18/1/32 17/1/32
s 10
f 44/1/33 32/1/34 31/1/35
f 31/1/35 47/1/36 44/1/33
s 11
f 3/1/37 48/1/38 45/1/38
f 45/1/38 4/1/37 3/1/37
s 12
f 16/1/39 49/1/39 46/1/39
f 46/1/39 17/1/39 16/1/39
s 13
f 31/1/40 29/1/41 50/1/40
f 50/1/40 47/1/42 31/1/40
s 14
f 2/1/43 51/1/44 48/1/43
f 48/1/43 3/1/45 2/1/43
s 15
f 15/1/46 52/1/47 49/1/46
f 49/1/46 16/1/48 15/1/46
s 16
f 28/1/49 53/1/50 50/1/51
f 50/1/51 29/1/52 28/1/49
s 17
f 2/1/53 1/1/53 39/1/53
f 39/1/53 51/1/53 2/1/53
s 18
f 14/1/54 54/1/55 52/1/56
f 52/1/56 15/1/56 14/1/54
s 19
f 55/1/57 53/1/58 28/1/59
f 28/1/59 27/1/60 55/1/57
s 20
f 13/1/61 56/1/62 54/1/63
f 54/1/63 14/1/64 13/1/61
s 21
f 26/1/65 57/1/65 55/1/65
f 55/1/65 27/1/65 26/1/65
s 22
f 12/1/66 58/1/67 56/1/66
f 56/1/66 13/1/68 12/1/66
s 23
f 36/1/69 57/1/70 26/1/71
f 26/1/71 25/1/72 36/1/69
s 24
f 11/1/73 59/1/74 58/1/74
f 58/1/74 12/1/75 11/1/73
s 25
f 36/1/76 25/1/77 24/1/78
f 24/1/78 33/1/79 36/1/76
s 26
f 10/1/80 60/1/81 59/1/81
f 59/1/81 11/1/81 10/1/80
s 27
f 24/1/82 23/1/82 61/1/82
f 61/1/82 33/1/82 24/1/82
s 28
f 9/1/83 62/1/84 60/1/85
f 60/1/85 10/1/86 9/1/83
s 29
f 22/1/87 63/1/88 61/1/89
f 61/1/89 23/1/90 22/1/87
s 30
f 8/1/91 64/1/92 62/1/93
f 62/1/93 9/1/94 8/1/91
s 31
f 21/1/95 65/1/96 63/1/97
f 63/1/97 22/1/98 21/1/95
s 32
f 7/1/99 66/1/100 64/1/99
f 64/1/99 8/1/99 7/1/99
s 33
f 20/1/101 38/1/101 65/1/101
f 65/1/101 21/1/101 20/1/101
s 34
f 6/1/102 42/1/103 66/1/103
f 66/1/103 7/1/104 6/1/102
s 35
f 67/1/105 68/1/106 69/1/107
f 69/1/107 70/1/108 67/1/105
s 36
f 60/1/109 71/1/110 72/1/111
f 72/1/111 59/1/112 60/1/109
s 37
f 61/1/113 73/1/114 34/1/115
f 34/1/115 33/1/116 61/1/113
s 38
f 62/1/117 74/1/118 71/1/119
f 71/1/119 60/1/120 62/1/117
s 39
f 63/1/121 70/1/122 73/1/121
f 73/1/121 61/1/123 63/1/121
s 40
f 64/1/124 75/1/125 74/1/125
f 74/1/125 62/1/124 64/1/124
s 41
f 65/1/126 67/1/127 70/1/128
f 70/1/128 63/1/128 65/1/126
s 42
f 66/1/129 76/1/130 75/1/131
f 75/1/131 64/1/132 66/1/129
s 43
f 38/1/133 77/1/133 67/1/133
f 67/1/133 65/1/134 38/1/133
s 44
f 42/1/135 78/1/136 76/1/137
f 76/1/137 66/1/138 42/1/135
s 45
f 37/1/139 79/1/140 77/1/139
f 77/1/139 38/1/141 37/1/139
s 46
f 40/1/142 80/1/142 81/1/142
f 81/1/142 39/1/142 40/1/142
s 47
f 41/1/143 82/1/144 78/1/144
f 78/1/144 42/1/145 41/1/143
s 48
f 43/1/146 83/1/147 79/1/146
f 79/1/146 37/1/147 43/1/146
s 49
f 44/1/148 84/1/149 80/1/149
f 80/1/149 40/1/149 44/1/148
s 50
f 45/1/150 85/1/151 82/1/152
f 82/1/152 41/1/151 45/1/150
s 51
f 46/1/153 86/1/153 83/1/154
f 83/1/154 43/1/155 46/1/153
s 52
f 47/1/156 87/1/157 84/1/158
f 84/1/158 44/1/159 47/1/156
s 53
f 48/1/160 88/1/161 85/1/162
f 85/1/162 45/1/163 48/1/160
s 54
f 49/1/164 89/1/165 86/1/166
f 86/1/166 46/1/167 49/1/164
s 55
f 50/1/168 90/1/169 87/1/170
f 87/1/170 47/1/171 50/1/168
s 56
f 51/1/172 91/1/173 88/1/172
f 88/1/172 48/1/174 51/1/172
s 57
f 52/1/175 92/1/176 89/1/177
f 89/1/177 49/1/178 52/1/175
s 58
f 53/1/179 93/1/180 90/1/180
f 90/1/180 50/1/181 53/1/179
s 59
f 51/1/182 39/1/183 81/1/183
f 81/1/183 91/1/182 51/1/182
s 60
f 54/1/184 94/1/185 92/1/186
f 92/1/186 52/1/187 54/1/184
s 61
f 55/1/188 95/1/189 93/1/188
f 93/1/188 53/1/190 55/1/188
s 62
f 56/1/191 96/1/191 94/1/192
f 94/1/192 54/1/191 56/1/191
s 63
f 57/1/193 97/1/194 95/1/195
f 95/1/195 55/1/196 57/1/193
s 64
f 58/1/197 98/1/198 96/1/197
f 96/1/197 56/1/198 58/1/197
s 65
f 36/1/199 35/1/200 97/1/201
f 97/1/201 57/1/202 36/1/199
s 66
f 59/1/203 72/1/204 98/1/205
f 98/1/205 58/1/206 59/1/203
s 67
f 99/1/207 100/1/207 101/1/208
f 101/1/208 102/1/209 99/1/207
s 68
f 76/1/210 103/1/211 104/1/212
f 104/1/212 75/1/213 76/1/210
s 69
f 77/1/214 105/1/214 68/1/214
f 68/1/214 67/1/214 77/1/214
s 70
f 78/1/215 106/1/215 103/1/215
f 103/1/215 76/1/215 78/1/215
s 71
f 79/1/216 99/1/216 105/1/216
f 105/1/216 77/1/217 79/1/216
s 72
f 80/1/218 107/1/219 108/1/220
f 108/1/220 81/1/218 80/1/218
s 73
f 82/1/221 109/1/222 106/1/222
f 106/1/222 78/1/223 82/1/221
s 74
f 83/1/224 100/1/224 99/1/225
f 99/1/225 79/1/226 83/1/224
s 75
f 84/1/227 110/1/228 107/1/229
f 107/1/229 80/1/230 84/1/227
s 76
f 85/1/231 111/1/231 109/1/231
f 109/1/231 82/1/231 85/1/231
s 77
f 86/1/232 112/1/233 100/1/234
f 100/1/234 83/1/233 86/1/232
s 78
f 87/1/235 113/1/236 110/1/235
f 110/1/235 84/1/237 87/1/235
s 79
f 88/1/238 114/1/239 111/1/240
f 111/1/240 85/1/241 88/1/238
s 80
f 89/1/242 115/1/243 112/1/244
f 112/1/244 86/1/245 89/1/242
s 81
f 90/1/246 116/1/246 113/1/246
f 113/1/246 87/1/247 90/1/246
s 82
f 91/1/248 117/1/248 114/1/248
f 114/1/248 88/1/248 91/1/248
s 83
f 92/1/249 118/1/249 115/1/250
f 115/1/250 89/1/249 92/1/249
s 84
f 93/1/251 119/1/252 116/1/253
f 116/1/253 90/1/254 93/1/251
s 85
f 91/1/255 81/1/255 108/1/255
f 108/1/255 117/1/255 91/1/255
s 86
f 94/1/256 120/1/257 118/1/257
f 118/1/257 92/1/258 94/1/256
s 87
f 95/1/259 121/1/260 119/1/259
f 119/1/259 93/1/261 95/1/259
s 88
f 96/1/262 122/1/263 120/1/264
f 120/1/264 94/1/265 96/1/262
s 89
f 97/1/266 123/1/267 121/1/268
f 121/1/268 95/1/269 97/1/266
s 90
f 98/1/270 124/1/270 122/1/271
f 122/1/271 96/1/270 98/1/270
s 91
f 35/1/272 125/1/273 123/1/272
f 123/1/272 97/1/274 35/1/272
s 92
f 72/1/275 126/1/275 124/1/275
f 124/1/275 98/1/275 72/1/275
s 93
f 34/1/276 127/1/277 125/1/278
f 125/1/278 35/1/279 34/1/276
s 94
f 71/1/280 128/1/281 126/1/282
f 126/1/282 72/1/283 71/1/280
s 95
f 73/1/284 129/1/285 127/1/286
f 127/1/286 34/1/287 73/1/284
s 96
f 74/1/288 130/1/289 128/1/290
f 128/1/290 71/1/291 74/1/288
s 97
f 70/1/292 69/1/293 129/1/294
f 129/1/294 73/1/295 70/1/292
s 98
f 75/1/296 104/1/297 130/1/298
f 130/1/298 74/1/299 75/1/296
s 99
f 131/1/300 132/1/301 133/1/302
f 133/1/302 134/1/303 131/1/300
s 100
f 110/1/27 135/1/25 136/1/27
f 136/1/27 107/1/304 110/1/27
s 101
f 137/1/305 138/1/306 109/1/305
f 109/1/305 111/1/307 137/1/305
s 102
f 100/1/308 112/1/309 139/1/310
f 139/1/310 101/1/308 100/1/308
s 103
f 113/1/35 140/1/311 135/1/312
f 135/1/312 110/1/312 113/1/35
s 104
f 111/1/38 114/1/37 141/1/38
f 141/1/38 137/1/37 111/1/38
s 105
f 112/1/313 115/1/314 134/1/314
f 134/1/314 139/1/315 112/1/313
s 106
f 116/1/316 142/1/317 140/1/317
f 140/1/317 113/1/317 116/1/316
s 107
f 114/1/45 117/1/318 143/1/45
f 143/1/45 141/1/45 114/1/45
s 108
f 115/1/319 118/1/320 131/1/48
f 131/1/48 134/1/46 115/1/319
s 109
f 119/1/321 144/1/322 142/1/321
f 142/1/321 116/1/321 119/1/321
s 110
f 143/1/323 117/1/324 108/1/325
f 108/1/325 145/1/326 143/1/323
s 111
f 118/1/56 120/1/56 146/1/56
f 146/1/56 131/1/56 118/1/56
s 112
f 121/1/327 147/1/328 144/1/329
f 144/1/329 119/1/330 121/1/327
s 113
f 148/1/61 146/1/61 120/1/61
f 120/1/61 122/1/331 148/1/61
s 114
f 123/1/332 149/1/333 147/1/332
f 147/1/332 121/1/332 123/1/332
s 115
f 122/1/334 124/1/334 150/1/334
f 150/1/334 148/1/334 122/1/334
s 116
f 123/1/335 125/1/335 151/1/72
f 151/1/72 149/1/336 123/1/335
s 117
f 124/1/73 126/1/337 152/1/338
f 152/1/338 150/1/74 124/1/73
s 118
f 125/1/339 127/1/340 153/1/339
f 153/1/339 151/1/339 125/1/339
s 119
f 154/1/81 152/1/81 126/1/341
f 126/1/341 128/1/341 154/1/81
s 120
f 153/1/342 127/1/343 129/1/344
f 129/1/344 155/1/345 153/1/342
s 121
f 128/1/86 130/1/346 156/1/347
f 156/1/347 154/1/348 128/1/86
s 122
f 129/1/349 69/1/350 157/1/88
f 157/1/88 155/1/351 129/1/349
s 123
f 130/1/93 104/1/352 158/1/353
f 158/1/353 156/1/354 130/1/93
s 124
f 157/1/355 69/1/356 68/1/355
f 68/1/355 159/1/356 157/1/355
s 125
f 160/1/357 158/1/358 104/1/359
f 104/1/359 103/1/360 160/1/357
s 126
f 159/1/361 68/1/362 105/1/101
f 105/1/101 161/1/363 159/1/361
s 127
f 103/1/364 106/1/103 162/1/365
f 162/1/365 160/1/366 103/1/364
s 128
f 102/1/18 161/1/18 105/1/367
f 105/1/367 99/1/18 102/1/18
s 129
f 107/1/368 136/1/368 145/1/368
f 145/1/368 108/1/369 107/1/368
s 130
f 106/1/370 109/1/370 138/1/370
f 138/1/370 162/1/370 106/1/370
s 131
f 163/1/371 164/1/372 165/1/373
f 165/1/373 166/1/374 163/1/371
s 132
f 144/1/375 167/1/376 168/1/375
f 168/1/375 142/1/377 144/1/375
s 133
f 169/1/378 143/1/379 145/1/378
f 145/1/378 170/1/380 169/1/378
s 134
f 132/1/381 131/1/382 146/1/381
f 146/1/381 171/1/383 132/1/381
s 135
f 172/1/384 167/1/385 144/1/384
f 144/1/384 147/1/384 172/1/384
s 136
f 148/1/386 166/1/387 171/1/388
f 171/1/388 146/1/389 148/1/386
s 137
f 149/1/390 173/1/391 172/1/392
f 172/1/392 147/1/393 149/1/390
s 138
f 150/1/394 163/1/395 166/1/396
f 166/1/396 148/1/397 150/1/394
s 139
f 151/1/398 174/1/399 173/1/400
f 173/1/400 149/1/401 151/1/398
s 140
f 175/1/402 163/1/403 150/1/404
f 150/1/404 152/1/405 175/1/402
s 141
f 153/1/406 176/1/407 174/1/408
f 174/1/408 151/1/409 153/1/406
s 142
f 154/1/410 177/1/410 175/1/410
f 175/1/410 152/1/410 154/1/410
s 143
f 178/1/411 176/1/412 153/1/413
f 153/1/413 155/1/414 178/1/411
s 144
f 156/1/415 179/1/416 177/1/417
f 177/1/417 154/1/418 156/1/415
s 145
f 157/1/419 180/1/420 178/1/421
f 178/1/421 155/1/422 157/1/419
s 146
f 181/1/423 179/1/424 156/1/425
f 156/1/425 158/1/426 181/1/423
s 147
f 159/1/427 182/1/427 180/1/427
f 180/1/427 157/1/427 159/1/427
s 148
f 160/1/428 183/1/428 181/1/429
f 181/1/429 158/1/430 160/1/428
s 149
f 184/1/431 182/1/432 159/1/432
f 159/1/432 161/1/431 184/1/431
s 150
f 162/1/433 185/1/434 183/1/435
f 183/1/435 160/1/436 162/1/433
s 151
f 102/1/437 186/1/437 184/1/437
f 184/1/437 161/1/437 102/1/437
s 152
f 136/1/438 187/1/439 170/1/440
f 170/1/440 145/1/441 136/1/438
s 153
f 185/1/442 162/1/442 138/1/442
f 138/1/442 188/1/443 185/1/442
s 154
f 101/1/444 189/1/445 186/1/444
f 186/1/444 102/1/446 101/1/444
s 155
f 135/1/447 190/1/448 187/1/449
f 187/1/449 136/1/450 135/1/447
s 156
f 137/1/451 191/1/452 188/1/453
f 188/1/453 138/1/454 137/1/451
s 157
f 192/1/455 189/1/456 101/1/457
f 101/1/457 139/1/456 192/1/455
s 158
f 193/1/458 190/1/459 135/1/460
f 135/1/460 140/1/461 193/1/458
s 159
f 141/1/462 194/1/463 191/1/464
f 191/1/464 137/1/464 141/1/462
s 160
f 134/1/465 133/1/466 192/1/467
f 192/1/467 139/1/468 134/1/465
s 161
f 142/1/469 168/1/469 193/1/470
f 193/1/470 140/1/469 142/1/469
s 162
f 169/1/471 194/1/472 141/1/472
f 141/1/472 143/1/473 169/1/471
s 163
f 195/1/474 196/1/86 197/1/475
f 197/1/475 198/1/476 195/1/474
s 164
f 199/1/477 173/1/478 174/1/479
f 174/1/479 200/1/480 199/1/477
s 165
f 175/1/481 201/1/482 164/1/481
f 164/1/481 163/1/483 175/1/481
s 166
f 176/1/484 202/1/485 200/1/484
f 200/1/484 174/1/486 176/1/484
s 167
f 201/1/487 175/1/488 177/1/489
f 177/1/489 197/1/490 201/1/487
s 168
f 178/1/491 203/1/492 202/1/491
f 202/1/491 176/1/491 178/1/491
s 169
f 179/1/493 198/1/494 197/1/495
f 197/1/495 177/1/493 179/1/493
s 170
f 204/1/496 203/1/497 178/1/498
f 178/1/498 180/1/499 204/1/496
s 171
f 181/1/500 205/1/501 198/1/502
f 198/1/502 179/1/503 181/1/500
s 172
f 182/1/504 206/1/505 204/1/506
f 204/1/506 180/1/505 182/1/504
s 173
f 205/1/507 181/1/508 183/1/507
f 183/1/507 207/1/509 205/1/507
s 174
f 184/1/510 208/1/511 206/1/511
f 206/1/511 182/1/511 184/1/510
s 175
f 185/1/512 209/1/513 207/1/514
f 207/1/514 183/1/515 185/1/512
s 176
f 210/1/516 208/1/517 184/1/518
f 184/1/518 186/1/517 210/1/516
s 177
f 170/1/519 187/1/520 211/1/521
f 211/1/521 212/1/522 170/1/519
s 178
f 188/1/523 213/1/524 209/1/525
f 209/1/525 185/1/526 188/1/523
s 179
f 189/1/527 214/1/528 210/1/527
f 210/1/527 186/1/529 189/1/527
s 180
f 190/1/530 215/1/531 211/1/531
f 211/1/531 187/1/530 190/1/530
s 181
f 216/1/532 213/1/532 188/1/532
f 188/1/532 191/1/533 216/1/532
s 182
f 192/1/534 217/1/534 214/1/534
f 214/1/534 189/1/534 192/1/534
s 183
f 193/1/535 218/1/535 215/1/535
f 215/1/535 190/1/536 193/1/535
s 184
f 194/1/537 219/1/538 216/1/539
f 216/1/539 191/1/540 194/1/537
s 185
f 217/1/541 192/1/542 133/1/541
f 133/1/541 220/1/541 217/1/541
s 186
f 168/1/543 221/1/544 218/1/545
f 218/1/545 193/1/546 168/1/543
s 187
f 169/1/547 222/1/548 219/1/549
f 219/1/549 194/1/550 169/1/547
s 188
f 132/1/551 223/1/552 220/1/551
f 220/1/551 133/1/553 132/1/551
s 189
f 221/1/554 168/1/555 167/1/556
f 167/1/556 224/1/557 221/1/554
s 190
f 212/1/558 222/1/559 169/1/560
f 169/1/560 170/1/559 212/1/558
s 191
f 171/1/561 225/1/562 223/1/563
f 223/1/563 132/1/564 171/1/561
s 192
f 172/1/565 226/1/566 224/1/567
f 224/1/567 167/1/566 172/1/565
s 193
f 225/1/568 171/1/568 166/1/568
f 166/1/568 165/1/569 225/1/568
s 194
f 173/1/570 199/1/571 226/1/572
f 226/1/572 172/1/573 173/1/570
s 195
f 227/1/574 228/1/574 229/1/575
f 229/1/575 230/1/574 227/1/574
s 196
f 204/1/576 231/1/577 232/1/578
f 232/1/578 203/1/88 204/1/576
s 197
f 205/1/579 233/1/352 195/1/93
f 195/1/93 198/1/353 205/1/579
s 198
f 234/1/580 231/1/580 204/1/580
f 204/1/580 206/1/580 234/1/580
s 199
f 207/1/581 230/1/581 233/1/581
f 233/1/581 205/1/582 207/1/581
s 200
f 208/1/583 235/1/584 234/1/583
f 234/1/583 206/1/585 208/1/583
s 201
f 227/1/366 230/1/586 207/1/587
f 207/1/587 209/1/366 227/1/366
s 202
f 210/1/588 236/1/18 235/1/588
f 235/1/588 208/1/589 210/1/588
s 203
f 212/1/590 211/1/590 237/1/20
f 237/1/20 238/1/590 212/1/590
s 204
f 213/1/591 239/1/591 227/1/591
f 227/1/591 209/1/591 213/1/591
s 205
f 240/1/592 236/1/208 210/1/593
f 210/1/593 214/1/594 240/1/592
s 206
f 237/1/595 211/1/596 215/1/597
f 215/1/597 241/1/598 237/1/595
s 207
f 216/1/599 242/1/600 239/1/599
f 239/1/599 213/1/599 216/1/599
s 208
f 217/1/601 243/1/601 240/1/601
f 240/1/601 214/1/601 217/1/601
s 209
f 241/1/602 215/1/603 218/1/604
f 218/1/604 244/1/602 241/1/602
s 210
f 245/1/605 242/1/605 216/1/605
f 216/1/605 219/1/605 245/1/605
s 211
f 220/1/606 246/1/607 243/1/608
f 243/1/608 217/1/608 220/1/606
s 212
f 221/1/42 247/1/609 244/1/609
f 244/1/609 218/1/41 221/1/42
s 213
f 222/1/610 248/1/611 245/1/611
f 245/1/611 219/1/611 222/1/610
s 214
f 249/1/612 246/1/613 220/1/614
f 220/1/614 223/1/615 249/1/612
s 215
f 224/1/616 250/1/617 247/1/616
f 247/1/616 221/1/617 224/1/616
s 216
f 238/1/324 248/1/324 222/1/324
f 222/1/324 212/1/324 238/1/324
s 217
f 225/1/618 251/1/618 249/1/618
f 249/1/618 223/1/56 225/1/618
s 218
f 250/1/619 224/1/620 226/1/329
f 226/1/329 252/1/621 250/1/619
s 219
f 165/1/63 253/1/63 251/1/63
f 251/1/63 225/1/622 165/1/63
s 220
f 199/1/623 254/1/624 252/1/625
f 252/1/625 226/1/626 199/1/623
s 221
f 255/1/627 253/1/627 165/1/628
f 165/1/628 164/1/628 255/1/627
s 222
f 200/1/335 256/1/629 254/1/335
f 254/1/335 199/1/72 200/1/335
s 223
f 201/1/630 257/1/630 255/1/630
f 255/1/630 164/1/630 201/1/630
s 224
f 258/1/631 256/1/632 200/1/631
f 200/1/631 202/1/632 258/1/631
s 225
f 197/1/633 196/1/633 257/1/633
f 257/1/633 201/1/633 197/1/633
s 226
f 203/1/634 232/1/635 258/1/636
f 258/1/636 202/1/637 203/1/634
s 227
f 259/1/638 260/1/639 261/1/640
f 261/1/640 262/1/641 259/1/638
s 228
f 236/1/642 263/1/642 264/1/642
f 264/1/642 235/1/642 236/1/642
s 229
f 265/1/643 266/1/644 238/1/645
f 238/1/645 237/1/644 265/1/643
s 230
f 267/1/646 228/1/646 227/1/646
f 227/1/646 239/1/646 267/1/646
s 231
f 240/1/647 268/1/648 263/1/649
f 263/1/649 236/1/648 240/1/647
s 232
f 241/1/650 269/1/651 265/1/652
f 265/1/652 237/1/651 241/1/650
s 233
f 242/1/653 270/1/653 267/1/653
f 267/1/653 239/1/653 242/1/653
s 234
f 271/1/654 268/1/654 240/1/655
f 240/1/655 243/1/654 271/1/654
s 235
f 244/1/656 272/1/657 269/1/657
f 269/1/657 241/1/657 244/1/656
s 236
f 245/1/658 273/1/658 270/1/658
f 270/1/658 242/1/658 245/1/658
s 237
f 246/1/659 274/1/659 271/1/659
f 271/1/659 243/1/659 246/1/659
s 238
f 275/1/660 272/1/661 244/1/661
f 244/1/661 247/1/661 275/1/660
s 239
f 273/1/662 245/1/662 248/1/662
f 248/1/662 276/1/662 273/1/662
s 240
f 249/1/663 277/1/663 274/1/663
f 274/1/663 246/1/663 249/1/663
s 241
f 250/1/664 278/1/664 275/1/665
f 275/1/665 247/1/664 250/1/664
s 242
f 266/1/666 276/1/666 248/1/666
f 248/1/666 238/1/666 266/1/666
s 243
f 277/1/667 249/1/667 251/1/667
f 251/1/667 279/1/667 277/1/667
s 244
f 252/1/668 280/1/669 278/1/669
f 278/1/669 250/1/669 252/1/668
s 245
f 253/1/670 281/1/670 279/1/670
f 279/1/670 251/1/670 253/1/670
s 246
f 282/1/671 280/1/672 252/1/672
f 252/1/672 254/1/672 282/1/671
s 247
f 255/1/673 283/1/673 281/1/673
f 281/1/673 253/1/673 255/1/673
s 248
f 256/1/674 284/1/675 282/1/676
f 282/1/676 254/1/675 256/1/674
s 249
f 261/1/677 283/1/678 255/1/677
f 255/1/677 257/1/677 261/1/677
s 250
f 258/1/679 285/1/680 284/1/681
f 284/1/681 256/1/680 258/1/679
s 251
f 196/1/682 262/1/683 261/1/684
f 261/1/684 257/1/683 196/1/682
s 252
f 285/1/685 258/1/685 232/1/685
f 232/1/685 286/1/685 285/1/685
s 253
f 195/1/686 287/1/687 262/1/688
f 262/1/688 196/1/689 195/1/686
s 254
f 231/1/690 288/1/690 286/1/690
f 286/1/690 232/1/690 231/1/690
s 255
f 287/1/691 195/1/692 233/1/693
f 233/1/693 289/1/691 287/1/691
s 256
f 234/1/694 290/1/694 288/1/695
f 288/1/695 231/1/694 234/1/694
s 257
f 230/1/696 229/1/696 289/1/696
f 289/1/696 233/1/696 230/1/696
s 258
f 264/1/697 290/1/698 234/1/699
f 234/1/699 235/1/698 264/1/697
s 259
f 291/1/700 292/1/700 293/1/700
f 293/1/700 294/1/700 291/1/700
s 260
f 286/1/701 295/1/702 296/1/703
f 296/1/703 285/1/703 286/1/701
s 261
f 287/1/704 297/1/705 259/1/704
f 259/1/704 262/1/704 287/1/704
s 262
f 298/1/706 295/1/707 286/1/706
f 286/1/706 288/1/706 298/1/706
s 263
f 289/1/708 294/1/708 297/1/708
f 297/1/708 287/1/708 289/1/708
s 264
f 290/1/709 299/1/710 298/1/709
f 298/1/709 288/1/711 290/1/709
s 265
f 294/1/712 289/1/713 229/1/714
f 229/1/714 291/1/715 294/1/712
s 266
f 264/1/716 300/1/717 299/1/716
f 299/1/716 290/1/716 264/1/716
s 267
f 228/1/718 301/1/719 291/1/718
f 291/1/718 229/1/720 228/1/718
s 268
f 300/1/721 264/1/721 263/1/721
f 263/1/721 302/1/721 300/1/721
s 269
f 266/1/722 265/1/723 303/1/722
f 303/1/722 304/1/724 266/1/722
s 270
f 267/1/725 305/1/725 301/1/725
f 301/1/725 228/1/726 267/1/725
s 271
f 268/1/727 306/1/728 302/1/729
f 302/1/729 263/1/729 268/1/727
s 272
f 269/1/730 307/1/731 303/1/730
f 303/1/730 265/1/732 269/1/730
s 273
f 308/1/733 305/1/734 267/1/735
f 267/1/735 270/1/736 308/1/733
s 274
f 271/1/737 309/1/738 306/1/737
f 306/1/737 268/1/739 271/1/737
s 275
f 272/1/740 310/1/741 307/1/742
f 307/1/742 269/1/743 272/1/740
s 276
f 273/1/744 311/1/745 308/1/746
f 308/1/746 270/1/747 273/1/744
s 277
f 312/1/748 309/1/749 271/1/748
f 271/1/748 274/1/750 312/1/748
s 278
f 275/1/751 313/1/752 310/1/753
f 310/1/753 272/1/754 275/1/751
s 279
f 276/1/755 314/1/756 311/1/757
f 311/1/757 273/1/757 276/1/755
s 280
f 277/1/758 315/1/758 312/1/759
f 312/1/759 274/1/758 277/1/758
s 281
f 313/1/760 275/1/760 278/1/760
f 278/1/760 316/1/761 313/1/760
s 282
f 304/1/762 314/1/763 276/1/764
f 276/1/764 266/1/765 304/1/762
s 283
f 279/1/766 317/1/767 315/1/766
f 315/1/766 277/1/768 279/1/766
s 284
f 280/1/769 318/1/770 316/1/771
f 316/1/771 278/1/771 280/1/769
s 285
f 317/1/772 279/1/772 281/1/773
f 281/1/773 319/1/772 317/1/772
s 286
f 282/1/774 320/1/774 318/1/775
f 318/1/775 280/1/776 282/1/774
s 287
f 283/1/777 321/1/778 319/1/777
f 319/1/777 281/1/779 283/1/777
s 288
f 322/1/780 320/1/781 282/1/782
f 282/1/782 284/1/783 322/1/780
s 289
f 261/1/784 260/1/785 321/1/786
f 321/1/786 283/1/787 261/1/784
s 290
f 285/1/788 296/1/789 322/1/789
f 322/1/789 284/1/788 285/1/788
s 291
f 323/1/790 324/1/790 325/1/791
f 325/1/791 326/1/790 323/1/790
s 292
f 300/1/792 327/1/793 328/1/792
f 328/1/792 299/1/794 300/1/792
s 293
f 291/1/795 301/1/796 329/1/797
f 329/1/797 292/1/798 291/1/795
s 294
f 302/1/799 330/1/800 327/1/801
f 327/1/801 300/1/802 302/1/799
s 295
f 304/1/803 303/1/803 331/1/804
f 331/1/804 332/1/804 304/1/803
s 296
f 329/1/805 301/1/806 305/1/807
f 305/1/807 324/1/805 329/1/805
s 297
f 302/1/808 306/1/809 333/1/808
f 333/1/808 330/1/810 302/1/808
s 298
f 331/1/811 303/1/811 307/1/812
f 307/1/812 334/1/811 331/1/811
s 299
f 308/1/813 325/1/814 324/1/815
f 324/1/815 305/1/816 308/1/813
s 300
f 333/1/817 306/1/817 309/1/817
f 309/1/817 335/1/817 333/1/817
s 301
f 334/1/818 307/1/819 310/1/820
f 310/1/820 336/1/821 334/1/818
s 302
f 308/1/822 311/1/823 337/1/824
f 337/1/824 325/1/825 308/1/822
s 303
f 312/1/826 338/1/827 335/1/828
f 335/1/828 309/1/826 312/1/826
s 304
f 313/1/829 339/1/829 336/1/829
f 336/1/829 310/1/829 313/1/829
s 305
f 337/1/830 311/1/830 314/1/831
f 314/1/831 340/1/830 337/1/830
s 306
f 312/1/832 315/1/833 341/1/832
f 341/1/832 338/1/834 312/1/832
s 307
f 316/1/835 342/1/835 339/1/835
f 339/1/835 313/1/836 316/1/835
s 308
f 314/1/837 304/1/837 332/1/838
f 332/1/838 340/1/839 314/1/837
s 309
f 341/1/840 315/1/841 317/1/842
f 317/1/842 343/1/843 341/1/840
s 310
f 342/1/844 316/1/845 318/1/845
f 318/1/845 344/1/845 342/1/844
s 311
f 319/1/846 345/1/847 343/1/848
f 343/1/848 317/1/849 319/1/846
s 312
f 320/1/850 346/1/850 344/1/850
f 344/1/850 318/1/850 320/1/850
s 313
f 319/1/851 321/1/852 347/1/853
f 347/1/853 345/1/854 319/1/851
s 314
f 322/1/855 348/1/856 346/1/857
f 346/1/857 320/1/856 322/1/855
s 315
f 347/1/858 321/1/858 260/1/859
f 260/1/859 349/1/858 347/1/858
s 316
f 322/1/860 296/1/861 350/1/862
f 350/1/862 348/1/863 322/1/860
s 317
f 259/1/864 351/1/864 349/1/864
f 349/1/864 260/1/865 259/1/864
s 318
f 350/1/866 296/1/867 295/1/866
f 295/1/866 352/1/866 350/1/866
s 319
f 259/1/868 297/1/869 353/1/868
f 353/1/868 351/1/870 259/1/868
s 320
f 354/1/871 352/1/871 295/1/872
f 295/1/872 298/1/871 354/1/871
s 321
f 353/1/873 297/1/874 294/1/875
f 294/1/875 293/1/876 353/1/873
s 322
f 354/1/877 298/1/877 299/1/877
f 299/1/877 328/1/877 354/1/877
s 323
f 355/1/878 356/1/879 357/1/879
f 357/1/879 358/1/880 355/1/878
s 324
f 335/1/881 359/1/881 360/1/881
f 360/1/881 333/1/881 335/1/881
s 325
f 336/1/882 361/1/883 362/1/883
f 362/1/883 334/1/883 336/1/882
s 326
f 337/1/884 363/1/885 326/1/885
f 326/1/885 325/1/885 337/1/884
s 327
f 359/1/886 335/1/886 338/1/886
f 338/1/886 364/1/886 359/1/886
s 328
f 336/1/887 339/1/888 365/1/888
f 365/1/888 361/1/888 336/1/887
s 329
f 340/1/889 357/1/889 363/1/889
f 363/1/889 337/1/889 340/1/889
s 330
f 341/1/890 366/1/890 364/1/890
f 364/1/890 338/1/890 341/1/890
s 331
f 365/1/891 339/1/892 342/1/893
f 342/1/893 367/1/892 365/1/891
s 332
f 358/1/894 357/1/894 340/1/895
f 340/1/895 332/1/894 358/1/894
s 333
f 343/1/896 368/1/896 366/1/896
f 366/1/896 341/1/896 343/1/896
s 334
f 344/1/897 369/1/898 367/1/899
f 367/1/899 342/1/898 344/1/897
s 335
f 368/1/900 343/1/901 345/1/902
f 345/1/902 370/1/900 368/1/900
s 336
f 344/1/903 346/1/904 371/1/904
f 371/1/904 369/1/904 344/1/903
s 337
f 347/1/905 372/1/905 370/1/905
f 370/1/905 345/1/905 347/1/905
s 338
f 371/1/906 346/1/907 348/1/906
f 348/1/906 373/1/907 371/1/906
s 339
f 349/1/908 374/1/908 372/1/908
f 372/1/908 347/1/908 349/1/908
s 340
f 350/1/909 375/1/910 373/1/910
f 373/1/910 348/1/910 350/1/909
s 341
f 374/1/911 349/1/911 351/1/911
f 351/1/911 376/1/911 374/1/911
s 342
f 352/1/912 377/1/912 375/1/913
f 375/1/913 350/1/912 352/1/912
s 343
f 353/1/914 378/1/915 376/1/915
f 376/1/915 351/1/915 353/1/914
s 344
f 352/1/916 354/1/917 379/1/918
f 379/1/918 377/1/917 352/1/916
s 345
f 293/1/919 380/1/920 378/1/921
f 378/1/921 353/1/922 293/1/919
s 346
f 381/1/923 379/1/924 354/1/925
f 354/1/925 328/1/926 381/1/923
s 347
f 380/1/927 293/1/927 292/1/927
f 292/1/927 382/1/927 380/1/927
s 348
f 381/1/928 328/1/928 327/1/928
f 327/1/928 383/1/928 381/1/928
s 349
f 329/1/929 384/1/929 382/1/930
f 382/1/930 292/1/929 329/1/929
s 350
f 383/1/931 327/1/931 330/1/932
f 330/1/932 385/1/931 383/1/931
s 351
f 331/1/933 386/1/933 358/1/933
f 358/1/933 332/1/933 331/1/933
s 352
f 324/1/934 323/1/934 384/1/934
f 384/1/934 329/1/934 324/1/934
s 353
f 333/1/935 360/1/936 385/1/936
f 385/1/936 330/1/936 333/1/935
s 354
f 386/1/937 331/1/937 334/1/938
f 334/1/938 362/1/937 386/1/937
s 355
f 387/1/939 388/1/940 389/1/941
f 389/1/941 390/1/942 387/1/939
s 356
f 368/1/943 391/1/943 392/1/943
f 392/1/943 366/1/943 368/1/943
s 357
f 393/1/944 367/1/945 369/1/946
f 369/1/946 394/1/944 393/1/944
s 358
f 370/1/947 395/1/948 391/1/949
f 391/1/949 368/1/950 370/1/947
s 359
f 371/1/951 396/1/952 394/1/952
f 394/1/952 369/1/953 371/1/951
s 360
f 395/1/954 370/1/954 372/1/955
f 372/1/955 390/1/956 395/1/954
s 361
f 373/1/957 397/1/958 396/1/959
f 396/1/959 371/1/960 373/1/957
s 362
f 374/1/961 387/1/962 390/1/963
f 390/1/963 372/1/964 374/1/961
s 363
f 397/1/965 373/1/966 375/1/967
f 375/1/967 398/1/965 397/1/965
s 364
f 376/1/968 399/1/969 387/1/970
f 387/1/970 374/1/969 376/1/968
s 365
f 377/1/971 400/1/972 398/1/973
f 398/1/973 375/1/971 377/1/971
s 366
f 399/1/974 376/1/975 378/1/974
f 378/1/974 401/1/976 399/1/974
s 367
f 379/1/977 402/1/978 400/1/979
f 400/1/979 377/1/980 379/1/977
s 368
f 380/1/981 403/1/982 401/1/983
f 401/1/983 378/1/984 380/1/981
s 369
f 402/1/985 379/1/986 381/1/985
f 381/1/985 404/1/987 402/1/985
s 370
f 382/1/988 405/1/988 403/1/988
f 403/1/988 380/1/989 382/1/988
s 371
f 383/1/990 406/1/991 404/1/992
f 404/1/992 381/1/993 383/1/990
s 372
f 405/1/994 382/1/995 384/1/994
f 384/1/994 407/1/996 405/1/994
s 373
f 385/1/997 408/1/998 406/1/999
f 406/1/999 383/1/1000 385/1/997
s 374
f 358/1/1001 386/1/1002 409/1/1003
f 409/1/1003 355/1/1001 358/1/1001
s 375
f 323/1/1004 410/1/1005 407/1/1004
f 407/1/1004 384/1/1006 323/1/1004
s 376
f 408/1/1007 385/1/1008 360/1/1009
f 360/1/1009 411/1/1010 408/1/1007
s 377
f 362/1/1011 412/1/1012 409/1/1013
f 409/1/1013 386/1/1014 362/1/1011
s 378
f 326/1/1015 413/1/1016 410/1/1017
f 410/1/1017 323/1/1018 326/1/1015
s 379
f 359/1/1019 414/1/1020 411/1/1021
f 411/1/1021 360/1/1021 359/1/1019
s 380
f 412/1/1022 362/1/1023 361/1/1024
f 361/1/1024 415/1/1025 412/1/1022
s 381
f 413/1/1026 326/1/1027 363/1/1028
f 363/1/1028 416/1/1029 413/1/1026
s 382
f 364/1/1030 417/1/1031 414/1/1032
f 414/1/1032 359/1/1032 364/1/1030
s 383
f 365/1/1033 418/1/1034 415/1/1033
f 415/1/1033 361/1/1035 365/1/1033
s 384
f 357/1/1036 356/1/1037 416/1/1038
f 416/1/1038 363/1/1039 357/1/1036
s 385
f 417/1/1040 364/1/1041 366/1/1041
f 366/1/1041 392/1/1042 417/1/1040
s 386
f 367/1/1043 393/1/1044 418/1/1045
f 418/1/1045 365/1/1046 367/1/1043
s 387
f 419/1/1047 420/1/1047 421/1/1048
f 421/1/1048 422/1/1047 419/1/1047
s 388
f 423/1/1049 424/1/1050 397/1/1051
f 397/1/1051 398/1/1052 423/1/1049
s 389
f 399/1/1053 425/1/1053 388/1/1053
f 388/1/1053 387/1/1054 399/1/1053
s 390
f 400/1/1055 426/1/1056 423/1/1057
f 423/1/1057 398/1/1058 400/1/1055
s 391
f 420/1/1059 425/1/1060 399/1/1061
f 399/1/1061 401/1/1062 420/1/1059
s 392
f 402/1/1063 427/1/1064 426/1/1065
f 426/1/1065 400/1/1066 402/1/1063
s 393
f 403/1/1067 421/1/1067 420/1/1067
f 420/1/1067 401/1/1067 403/1/1067
s 394
f 428/1/1068 427/1/1069 402/1/1070
f 402/1/1070 404/1/1070 428/1/1068
s 395
f 405/1/1071 429/1/1072 421/1/1073
f 421/1/1073 403/1/1074 405/1/1071
s 396
f 406/1/1075 430/1/1075 428/1/1075
f 428/1/1075 404/1/1075 406/1/1075
s 397
f 431/1/1076 429/1/1077 405/1/1078
f 405/1/1078 407/1/1079 431/1/1076
s 398
f 408/1/1080 432/1/1080 430/1/1081
f 430/1/1081 406/1/1080 408/1/1080
s 399
f 433/1/1082 355/1/1083 409/1/1084
f 409/1/1084 434/1/1083 433/1/1082
s 400
f 410/1/1085 435/1/1086 431/1/1086
f 431/1/1086 407/1/1086 410/1/1085
s 401
f 436/1/1087 432/1/1088 408/1/1087
f 408/1/1087 411/1/1089 436/1/1087
s 402
f 434/1/1090 409/1/1090 412/1/1090
f 412/1/1090 437/1/1090 434/1/1090
s 403
f 413/1/1091 438/1/1092 435/1/1092
f 435/1/1092 410/1/1093 413/1/1091
s 404
f 414/1/1094 439/1/1094 436/1/1094
f 436/1/1094 411/1/1094 414/1/1094
s 405
f 415/1/1095 440/1/1096 437/1/1097
f 437/1/1097 412/1/1096 415/1/1095
s 406
f 441/1/1098 438/1/1099 413/1/1100
f 413/1/1100 416/1/1100 441/1/1098
s 407
f 417/1/1101 442/1/1101 439/1/1101
f 439/1/1101 414/1/1102 417/1/1101
s 408
f 440/1/1103 415/1/1103 418/1/1103
f 418/1/1103 443/1/1103 440/1/1103
s 409
f 356/1/1104 444/1/1105 441/1/1106
f 441/1/1106 416/1/1107 356/1/1104
s 410
f 445/1/1108 442/1/1108 417/1/1109
f 417/1/1109 392/1/1109 445/1/1108
s 411
f 393/1/1110 446/1/1111 443/1/1112
f 443/1/1112 418/1/1113 393/1/1110
s 412
f 433/1/1114 444/1/1115 356/1/1116
f 356/1/1116 355/1/1117 433/1/1114
s 413
f 391/1/1118 447/1/1118 445/1/1119
f 445/1/1119 392/1/1120 391/1/1118
s 414
f 394/1/1121 448/1/1122 446/1/1121
f 446/1/1121 393/1/1123 394/1/1121
s 415
f 395/1/1124 449/1/1125 447/1/1126
f 447/1/1126 391/1/1127 395/1/1124
s 416
f 448/1/1128 394/1/1129 396/1/1130
f 396/1/1130 450/1/1131 448/1/1128
s 417
f 389/1/1132 449/1/1133 395/1/1134
f 395/1/1134 390/1/1132 389/1/1132
s 418
f 397/1/1135 424/1/1135 450/1/1136
f 450/1/1136 396/1/1135 397/1/1135
s 419
f 451/1/1137 452/1/1137 453/1/1138
f 453/1/1138 454/1/1139 451/1/1137
s 420
f 428/1/1140 455/1/1140 456/1/1140
f 456/1/1140 427/1/1140 428/1/1140
s 421
f 429/1/1141 457/1/1142 422/1/1142
f 422/1/1142 421/1/1142 429/1/1141
s 422
f 458/1/1143 455/1/1144 428/1/1144
f 428/1/1144 430/1/1144 458/1/1143
s 423
f 431/1/1145 459/1/1145 457/1/1145
f 457/1/1145 429/1/1145 431/1/1145
s 424
f 432/1/1146 460/1/1147 458/1/1147
f 458/1/1147 430/1/1147 432/1/1146
s 425
f 452/1/1148 451/1/1148 433/1/1148
f 433/1/1148 434/1/1148 452/1/1148
s 426
f 461/1/1149 459/1/1149 431/1/1149
f 431/1/1149 435/1/1149 461/1/1149
s 427
f 436/1/1150 462/1/1151 460/1/1151
f 460/1/1151 432/1/1151 436/1/1150
s 428
f 437/1/1152 463/1/1153 452/1/1153
f 452/1/1153 434/1/1153 437/1/1152
s 429
f 438/1/1154 464/1/1154 461/1/1154
f 461/1/1154 435/1/1154 438/1/1154
s 430
f 465/1/1155 462/1/1155 436/1/1156
f 436/1/1156 439/1/1155 465/1/1155
s 431
f 440/1/1157 466/1/1158 463/1/1158
f 463/1/1158 437/1/1158 440/1/1157
s 432
f 441/1/1159 467/1/1159 464/1/1159
f 464/1/1159 438/1/1159 441/1/1159
s 433
f 442/1/1160 468/1/1160 465/1/1160
f 465/1/1160 439/1/1160 442/1/1160
s 434
f 469/1/1161 466/1/1161 440/1/1161
f 440/1/1161 443/1/1161 469/1/1161
s 435
f 470/1/1162 467/1/1162 441/1/1162
f 441/1/1162 444/1/1162 470/1/1162
s 436
f 445/1/1163 471/1/1164 468/1/1163
f 468/1/1163 442/1/1163 445/1/1163
s 437
f 446/1/1165 472/1/1165 469/1/1165
f 469/1/1165 443/1/1165 446/1/1165
s 438
f 470/1/1166 444/1/1166 433/1/1166
f 433/1/1166 451/1/1166 470/1/1166
s 439
f 471/1/1167 445/1/1167 447/1/1167
f 447/1/1167 473/1/1167 471/1/1167
s 440
f 448/1/1168 474/1/1169 472/1/1170
f 472/1/1170 446/1/1169 448/1/1168
s 441
f 449/1/1171 475/1/1171 473/1/1171
f 473/1/1171 447/1/1171 449/1/1171
s 442
f 476/1/1172 474/1/1172 448/1/1172
f 448/1/1172 450/1/1172 476/1/1172
s 443
f 389/1/1173 477/1/1173 475/1/1173
f 475/1/1173 449/1/1173 389/1/1173
s 444
f 424/1/1174 478/1/1174 476/1/1175
f 476/1/1175 450/1/1174 424/1/1174
s 445
f 477/1/1176 389/1/1176 388/1/1176
f 388/1/1176 479/1/1176 477/1/1176
s 446
f 423/1/1177 480/1/1178 478/1/1178
f 478/1/1178 424/1/1178 423/1/1177
s 447
f 425/1/1179 481/1/1179 479/1/1179
f 479/1/1179 388/1/1179 425/1/1179
s 448
f 482/1/1180 480/1/1181 423/1/1181
f 423/1/1181 426/1/1181 482/1/1180
s 449
f 420/1/1182 419/1/1183 481/1/1183
f 481/1/1183 425/1/1183 420/1/1182
s 450
f 427/1/1184 456/1/1185 482/1/1186
f 482/1/1186 426/1/1185 427/1/1184
s 451
f 483/1/1187 484/1/1188 485/1/1187
f 485/1/1187 486/1/1187 483/1/1187
s 452
f 461/1/1189 487/1/1190 488/1/1191
f 488/1/1191 459/1/1192 461/1/1189
s 453
f 462/1/1193 489/1/1194 490/1/1195
f 490/1/1195 460/1/1196 462/1/1193
s 454
f 463/1/1197 491/1/1198 453/1/1199
f 453/1/1199 452/1/1200 463/1/1197
s 455
f 492/1/1201 487/1/1202 461/1/1203
f 461/1/1203 464/1/1204 492/1/1201
s 456
f 465/1/1205 493/1/1206 489/1/1207
f 489/1/1207 462/1/1208 465/1/1205
s 457
f 466/1/1209 486/1/1210 491/1/1210
f 491/1/1210 463/1/1209 466/1/1209
s 458
f 467/1/1211 494/1/1212 492/1/1212
f 492/1/1212 464/1/1213 467/1/1211
s 459
f 493/1/1214 465/1/1215 468/1/1216
f 468/1/1216 495/1/1217 493/1/1214
s 460
f 469/1/1218 483/1/1219 486/1/1220
f 486/1/1220 466/1/1219 469/1/1218
s 461
f 470/1/1221 496/1/1222 494/1/1223
f 494/1/1223 467/1/1224 470/1/1221
s 462
f 471/1/1225 497/1/1226 495/1/1227
f 495/1/1227 468/1/1228 471/1/1225
s 463
f 483/1/1229 469/1/1230 472/1/1231
f 472/1/1231 498/1/1232 483/1/1229
s 464
f 496/1/1233 470/1/1234 451/1/1233
f 451/1/1233 454/1/1235 496/1/1233
s 465
f 473/1/1236 499/1/1237 497/1/1236
f 497/1/1236 471/1/1238 473/1/1236
s 466
f 474/1/1239 500/1/1240 498/1/1241
f 498/1/1241 472/1/1239 474/1/1239
s 467
f 501/1/1242 499/1/1243 473/1/1244
f 473/1/1244 475/1/1245 501/1/1242
s 468
f 476/1/1246 502/1/1247 500/1/1248
f 500/1/1248 474/1/1249 476/1/1246
s 469
f 477/1/1250 503/1/1251 501/1/1252
f 501/1/1252 475/1/1253 477/1/1250
s 470
f 504/1/1254 502/1/1255 476/1/1256
f 476/1/1256 478/1/1257 504/1/1254
s 471
f 479/1/1258 505/1/1258 503/1/1259
f 503/1/1259 477/1/1259 479/1/1258
s 472
f 480/1/1260 506/1/1261 504/1/1261
f 504/1/1261 478/1/1262 480/1/1260
s 473
f 505/1/1263 479/1/1264 481/1/1263
f 481/1/1263 507/1/1265 505/1/1263
s 474
f 482/1/1266 508/1/1267 506/1/1268
f 506/1/1268 480/1/1269 482/1/1266
s 475
f 419/1/1270 509/1/1271 507/1/1272
f 507/1/1272 481/1/1273 419/1/1270
s 476
f 510/1/1274 508/1/1275 482/1/1276
f 482/1/1276 456/1/1277 510/1/1274
s 477
f 422/1/1278 511/1/1279 509/1/1280
f 509/1/1280 419/1/1281 422/1/1278
s 478
f 455/1/1282 512/1/1283 510/1/1284
f 510/1/1284 456/1/1285 455/1/1282
s 479
f 513/1/1286 511/1/1287 422/1/1288
f 422/1/1288 457/1/1289 513/1/1286
s 480
f 458/1/1290 514/1/1290 512/1/1290
f 512/1/1290 455/1/1291 458/1/1290
s 481
f 459/1/1292 488/1/1292 513/1/1293
f 513/1/1293 457/1/1292 459/1/1292
s 482
f 514/1/1294 458/1/1295 460/1/1295
f 460/1/1295 490/1/1294 514/1/1294
s 483
f 515/1/1296 516/1/1297 517/1/1297
f 517/1/1297 518/1/1297 515/1/1296
s 484
f 496/1/1298 519/1/1298 520/1/1299
f 520/1/1299 494/1/1298 496/1/1298
s 485
f 521/1/1300 522/1/1300 495/1/1300
f 495/1/1300 497/1/1300 521/1/1300
s 486
f 498/1/1301 523/1/1302 484/1/1303
f 484/1/1303 483/1/1304 498/1/1301
s 487
f 524/1/1305 519/1/1305 496/1/1305
f 496/1/1305 454/1/1305 524/1/1305
s 488
f 499/1/1306 525/1/1306 521/1/1306
f 521/1/1306 497/1/1307 499/1/1306
s 489
f 523/1/1308 498/1/1309 500/1/1310
f 500/1/1310 517/1/1311 523/1/1308
s 490
f 501/1/1312 526/1/1313 525/1/1314
f 525/1/1314 499/1/1315 501/1/1312
s 491
f 502/1/1316 518/1/1317 517/1/1318
f 517/1/1318 500/1/1316 502/1/1316
s 492
f 527/1/1319 526/1/1320 501/1/1321
f 501/1/1321 503/1/1322 527/1/1319
s 493
f 504/1/1323 528/1/1324 518/1/1325
f 518/1/1325 502/1/1326 504/1/1323
s 494
f 505/1/1327 529/1/1327 527/1/1328
f 527/1/1328 503/1/1327 505/1/1327
s 495
f 530/1/1329 528/1/1330 504/1/1331
f 504/1/1331 506/1/1332 530/1/1329
s 496
f 507/1/1333 531/1/1334 529/1/1335
f 529/1/1335 505/1/1336 507/1/1333
s 497
f 508/1/1337 532/1/1338 530/1/1339
f 530/1/1339 506/1/1340 508/1/1337
s 498
f 533/1/1341 531/1/1342 507/1/1343
f 507/1/1343 509/1/1344 533/1/1341
s 499
f 510/1/1345 534/1/1346 532/1/1347
f 532/1/1347 508/1/1348 510/1/1345
s 500
f 511/1/1349 535/1/1350 533/1/1350
f 533/1/1350 509/1/1351 511/1/1349
s 501
f 536/1/1352 534/1/1353 510/1/1354
f 510/1/1354 512/1/1355 536/1/1352
s 502
f 513/1/1356 537/1/1357 535/1/1358
f 535/1/1358 511/1/1359 513/1/1356
s 503
f 514/1/1360 538/1/1361 536/1/1361
f 536/1/1361 512/1/1361 514/1/1360
s 504
f 539/1/1362 537/1/1363 513/1/1362
f 513/1/1362 488/1/1364 539/1/1362
s 505
f 490/1/1365 540/1/1366 538/1/1367
f 538/1/1367 514/1/1368 490/1/1365
s 506
f 454/1/1369 453/1/1369 541/1/1370
f 541/1/1370 524/1/1370 454/1/1369
s 507
f 487/1/1371 542/1/1372 539/1/1371
f 539/1/1371 488/1/1373 487/1/1371
s 508
f 543/1/1374 540/1/1375 490/1/1374
f 490/1/1374 489/1/1374 543/1/1374
s 509
f 544/1/1376 541/1/1377 453/1/1378
f 453/1/1378 491/1/1379 544/1/1376
s 510
f 492/1/1380 545/1/1381 542/1/1382
f 542/1/1382 487/1/1383 492/1/1380
s 511
f 493/1/1384 546/1/1385 543/1/1386
f 543/1/1386 489/1/1387 493/1/1384
s 512
f 485/1/1388 544/1/1389 491/1/1390
f 491/1/1390 486/1/1391 485/1/1388
s 513
f 520/1/1392 545/1/1392 492/1/1392
f 492/1/1392 494/1/1392 520/1/1392
s 514
f 495/1/1393 522/1/1394 546/1/1393
f 546/1/1393 493/1/1395 495/1/1393
s 515
f 547/1/1396 548/1/1397 549/1/1397
f 549/1/1397 550/1/1398 547/1/1396
s 516
f 527/1/1399 551/1/1400 552/1/1400
f 552/1/1400 526/1/1400 527/1/1399
s 517
f 528/1/1401 553/1/1401 515/1/1402
f 515/1/1402 518/1/1401 528/1/1401
s 518
f 551/1/1403 527/1/1404 529/1/1405
f 529/1/1405 554/1/1404 551/1/1403
s 519
f 530/1/1406 550/1/1407 553/1/1407
f 553/1/1407 528/1/1407 530/1/1406
s 520
f 531/1/1408 555/1/1409 554/1/1408
f 554/1/1408 529/1/1409 531/1/1408
s 521
f 547/1/1410 550/1/1411 530/1/1412
f 530/1/1412 532/1/1411 547/1/1410
s 522
f 533/1/1413 556/1/1414 555/1/1415
f 555/1/1415 531/1/1414 533/1/1413
s 523
f 534/1/1416 557/1/1416 547/1/1417
f 547/1/1417 532/1/1416 534/1/1416
s 524
f 558/1/1418 556/1/1419 533/1/1418
f 533/1/1418 535/1/1419 558/1/1418
s 525
f 536/1/1420 559/1/1420 557/1/1420
f 557/1/1420 534/1/1420 536/1/1420
s 526
f 537/1/1421 560/1/1422 558/1/1422
f 558/1/1422 535/1/1422 537/1/1421
s 527
f 561/1/1423 559/1/1424 536/1/1424
f 536/1/1424 538/1/1424 561/1/1423
s 528
f 539/1/1425 562/1/1426 560/1/1427
f 560/1/1427 537/1/1426 539/1/1425
s 529
f 540/1/1428 563/1/1429 561/1/1429
f 561/1/1429 538/1/1429 540/1/1428
s 530
f 564/1/1430 565/1/1430 524/1/1430
f 524/1/1430 541/1/1430 564/1/1430
s 531
f 566/1/1431 562/1/1431 539/1/1432
f 539/1/1432 542/1/1431 566/1/1431
s 532
f 543/1/1433 567/1/1434 563/1/1435
f 563/1/1435 540/1/1434 543/1/1433
s 533
f 544/1/1436 568/1/1437 564/1/1437
f 564/1/1437 541/1/1437 544/1/1436
s 534
f 545/1/1438 569/1/1439 566/1/1439
f 566/1/1439 542/1/1439 545/1/1438
s 535
f 567/1/1440 543/1/1441 546/1/1442
f 546/1/1442 570/1/1441 567/1/1440
s 536
f 485/1/1443 571/1/1443 568/1/1443
f 568/1/1443 544/1/1443 485/1/1443
s 537
f 520/1/1444 572/1/1445 569/1/1446
f 569/1/1446 545/1/1445 520/1/1444
s 538
f 522/1/1447 573/1/1447 570/1/1448
f 570/1/1448 546/1/1447 522/1/1447
s 539
f 574/1/1449 571/1/1450 485/1/1450
f 485/1/1450 484/1/1450 574/1/1449
s 540
f 575/1/1451 572/1/1452 520/1/1451
f 520/1/1451 519/1/1452 575/1/1451
s 541
f 521/1/1453 576/1/1454 573/1/1455
f 573/1/1455 522/1/1454 521/1/1453
s 542
f 523/1/1456 577/1/1456 574/1/1457
f 574/1/1457 484/1/1456 523/1/1456
s 543
f 565/1/1458 575/1/1459 519/1/1460
f 519/1/1460 524/1/1459 565/1/1458
s 544
f 576/1/1461 521/1/1462 525/1/1463
f 525/1/1463 578/1/1462 576/1/1461
s 545
f 517/1/1464 516/1/1464 577/1/1464
f 577/1/1464 523/1/1464 517/1/1464
s 546
f 526/1/1465 552/1/1465 578/1/1466
f 578/1/1466 525/1/1465 526/1/1465
s 547
f 579/1/1467 580/1/1467 581/1/1467
f 581/1/1467 582/1/1468 579/1/1467
s 548
f 556/1/1469 583/1/1470 584/1/1469
f 584/1/1469 555/1/1470 556/1/1469
s 549
f 585/1/1471 548/1/1472 547/1/1472
f 547/1/1472 557/1/1471 585/1/1471
s 550
f 558/1/1473 586/1/1474 583/1/1475
f 583/1/1475 556/1/1475 558/1/1473
s 551
f 559/1/1476 582/1/1477 585/1/1478
f 585/1/1478 557/1/1479 559/1/1476
s 552
f 586/1/1480 558/1/1480 560/1/1481
f 560/1/1481 587/1/1480 586/1/1480
s 553
f 561/1/1482 579/1/1483 582/1/1484
f 582/1/1484 559/1/1485 561/1/1482
s 554
f 562/1/1486 588/1/1486 587/1/1487
f 587/1/1487 560/1/1488 562/1/1486
s 555
f 579/1/1489 561/1/1489 563/1/1489
f 563/1/1489 589/1/1489 579/1/1489
s 556
f 565/1/1490 564/1/1490 590/1/1490
f 590/1/1490 591/1/1490 565/1/1490
s 557
f 566/1/1491 592/1/1492 588/1/1491
f 588/1/1491 562/1/1493 566/1/1491
s 558
f 567/1/1494 593/1/1495 589/1/1496
f 589/1/1496 563/1/1497 567/1/1494
s 559
f 568/1/1498 594/1/1499 590/1/1500
f 590/1/1500 564/1/1501 568/1/1498
s 560
f 595/1/1502 592/1/1503 566/1/1503
f 566/1/1503 569/1/1502 595/1/1502
s 561
f 570/1/1504 596/1/1505 593/1/1506
f 593/1/1506 567/1/1507 570/1/1504
s 562
f 571/1/1508 597/1/1509 594/1/1509
f 594/1/1509 568/1/1508 571/1/1508
s 563
f 572/1/1510 598/1/1511 595/1/1510
f 595/1/1510 569/1/1512 572/1/1510
s 564
f 599/1/1513 596/1/1514 570/1/1515
f 570/1/1515 573/1/1516 599/1/1513
s 565
f 574/1/1517 600/1/1518 597/1/1519
f 597/1/1519 571/1/1520 574/1/1517
s 566
f 575/1/1521 601/1/1522 598/1/1523
f 598/1/1523 572/1/1524 575/1/1521
s 567
f 576/1/1525 602/1/1526 599/1/1526
f 599/1/1526 573/1/1527 576/1/1525
s 568
f 600/1/1528 574/1/1529 577/1/1530
f 577/1/1530 603/1/1529 600/1/1528
s 569
f 591/1/1531 601/1/1532 575/1/1533
f 575/1/1533 565/1/1534 591/1/1531
s 570
f 578/1/1535 604/1/1536 602/1/1537
f 602/1/1537 576/1/1538 578/1/1535
s 571
f 516/1/1539 605/1/1539 603/1/1539
f 603/1/1539 577/1/1540 516/1/1539
s 572
f 606/1/1541 604/1/1542 578/1/1541
f 578/1/1541 552/1/1543 606/1/1541
s 573
f 515/1/1544 607/1/1545 605/1/1546
f 605/1/1546 516/1/1547 515/1/1544
s 574
f 551/1/1548 608/1/1549 606/1/1550
f 606/1/1550 552/1/1551 551/1/1548
s 575
f 609/1/1552 607/1/1553 515/1/1552
f 515/1/1552 553/1/1552 609/1/1552
s 576
f 554/1/1554 610/1/1555 608/1/1556
f 608/1/1556 551/1/1557 554/1/1554
s 577
f 550/1/1558 549/1/1559 609/1/1558
f 609/1/1558 553/1/1560 550/1/1558
s 578
f 610/1/1561 554/1/1562 555/1/1563
f 555/1/1563 584/1/1564 610/1/1561
s 579
f 611/1/1565 612/1/1566 613/1/1565
f 613/1/1565 614/1/1566 611/1/1565
s 580
f 587/1/1567 588/1/1568 615/1/1567
f 615/1/1567 616/1/1569 587/1/1567
s 581
f 589/1/1570 617/1/1571 580/1/1572
f 580/1/1572 579/1/1572 589/1/1570
s 582
f 591/1/1573 590/1/1573 618/1/1573
f 618/1/1573 619/1/1573 591/1/1573
s 583
f 615/1/1574 588/1/1574 592/1/1574
f 592/1/1574 620/1/1574 615/1/1574
s 584
f 589/1/1575 593/1/1576 614/1/1575
f 614/1/1575 617/1/1577 589/1/1575
s 585
f 618/1/1578 590/1/1579 594/1/1580
f 594/1/1580 621/1/1581 618/1/1578
s 586
f 595/1/1582 622/1/1582 620/1/1583
f 620/1/1583 592/1/1584 595/1/1582
s 587
f 614/1/1585 593/1/1585 596/1/1585
f 596/1/1585 611/1/1585 614/1/1585
s 588
f 623/1/1586 621/1/1587 594/1/1588
f 594/1/1588 597/1/1589 623/1/1586
s 589
f 595/1/1590 598/1/1591 624/1/1592
f 624/1/1592 622/1/1590 595/1/1590
s 590
f 599/1/1593 625/1/1594 611/1/1593
f 611/1/1593 596/1/1595 599/1/1593
s 591
f 600/1/1596 626/1/1597 623/1/1598
f 623/1/1598 597/1/1596 600/1/1596
s 592
f 624/1/1599 598/1/1600 601/1/1601
f 601/1/1601 627/1/1602 624/1/1599
s 593
f 599/1/1603 602/1/1604 628/1/1605
f 628/1/1605 625/1/1606 599/1/1603
s 594
f 603/1/1607 629/1/1607 626/1/1607
f 626/1/1607 600/1/1607 603/1/1607
s 595
f 601/1/1608 591/1/1608 619/1/1608
f 619/1/1608 627/1/1608 601/1/1608
s 596
f 628/1/1609 602/1/1610 604/1/1611
f 604/1/1611 630/1/1612 628/1/1609
s 597
f 631/1/1613 629/1/1613 603/1/1613
f 603/1/1613 605/1/1614 631/1/1613
s 598
f 606/1/1615 632/1/1616 630/1/1616
f 630/1/1616 604/1/1616 606/1/1615
s 599
f 607/1/1617 633/1/1618 631/1/1617
f 631/1/1617 605/1/1619 607/1/1617
s 600
f 606/1/1620 608/1/1620 634/1/1620
f 634/1/1620 632/1/1620 606/1/1620
s 601
f 609/1/1621 635/1/1621 633/1/1622
f 633/1/1622 607/1/1623 609/1/1621
s 602
f 634/1/1624 608/1/1625 610/1/1626
f 610/1/1626 636/1/1626 634/1/1624
s 603
f 609/1/1627 549/1/1628 637/1/1629
f 637/1/1629 635/1/1628 609/1/1627
s 604
f 584/1/1630 638/1/1630 636/1/1631
f 636/1/1631 610/1/1632 584/1/1630
s 605
f 637/1/1633 549/1/1634 548/1/1633
f 548/1/1633 639/1/1634 637/1/1633
s 606
f 584/1/1635 583/1/1636 640/1/1636
f 640/1/1636 638/1/1636 584/1/1635
s 607
f 641/1/1637 639/1/1638 548/1/1639
f 548/1/1639 585/1/1637 641/1/1637
s 608
f 640/1/1640 583/1/1641 586/1/1642
f 586/1/1642 642/1/1643 640/1/1640
s 609
f 641/1/1644 585/1/1645 582/1/1644
f 582/1/1644 581/1/1644 641/1/1644
s 610
f 587/1/1646 616/1/1646 642/1/1647
f 642/1/1647 586/1/1646 587/1/1646
s 611
f 643/1/1648 644/1/1649 645/1/1649
f 645/1/1649 646/1/1649 643/1/1648
s 612
f 623/1/1650 647/1/1650 648/1/1650
f 648/1/1650 621/1/1650 623/1/1650
s 613
f 624/1/1651 649/1/1651 650/1/1651
f 650/1/1651 622/1/1651 624/1/1651
s 614
f 612/1/1652 611/1/1652 625/1/1652
f 625/1/1652 651/1/1652 612/1/1652
s 615
f 623/1/1653 626/1/1653 652/1/1653
f 652/1/1653 647/1/1653 623/1/1653
s 616
f 627/1/1654 653/1/1654 649/1/1654
f 649/1/1654 624/1/1654 627/1/1654
s 617
f 628/1/1655 646/1/1655 651/1/1655
f 651/1/1655 625/1/1655 628/1/1655
s 618
f 652/1/1656 626/1/1656 629/1/1656
f 629/1/1656 654/1/1656 652/1/1656
s 619
f 655/1/1657 653/1/1657 627/1/1657
f 627/1/1657 619/1/1657 655/1/1657
s 620
f 630/1/1658 643/1/1658 646/1/1658
f 646/1/1658 628/1/1658 630/1/1658
s 621
f 631/1/1659 656/1/1659 654/1/1659
f 654/1/1659 629/1/1659 631/1/1659
s 622
f 643/1/1660 630/1/1660 632/1/1660
f 632/1/1660 657/1/1660 643/1/1660
s 623
f 631/1/1661 633/1/1661 658/1/1661
f 658/1/1661 656/1/1661 631/1/1661
s 624
f 634/1/1662 659/1/1662 657/1/1662
f 657/1/1662 632/1/1662 634/1/1662
s 625
f 658/1/1663 633/1/1663 635/1/1664
f 635/1/1664 660/1/1663 658/1/1663
s 626
f 636/1/1665 661/1/1665 659/1/1665
f 659/1/1665 634/1/1665 636/1/1665
s 627
f 637/1/1666 662/1/1666 660/1/1666
f 660/1/1666 635/1/1666 637/1/1666
s 628
f 661/1/1667 636/1/1667 638/1/1667
f 638/1/1667 663/1/1667 661/1/1667
s 629
f 639/1/1668 664/1/1668 662/1/1668
f 662/1/1668 637/1/1668 639/1/1668
s 630
f 640/1/1669 665/1/1670 663/1/1670
f 663/1/1670 638/1/1671 640/1/1669
s 631
f 639/1/1672 641/1/1672 666/1/1672
f 666/1/1672 664/1/1672 639/1/1672
s 632
f 642/1/1673 667/1/1674 665/1/1674
f 665/1/1674 640/1/1674 642/1/1673
s 633
f 668/1/1675 666/1/1675 641/1/1675
f 641/1/1675 581/1/1675 668/1/1675
s 634
f 667/1/1676 642/1/1676 616/1/1677
f 616/1/1677 669/1/1676 667/1/1676
s 635
f 668/1/1678 581/1/1678 580/1/1678
f 580/1/1678 670/1/1678 668/1/1678
s 636
f 615/1/1679 671/1/1679 669/1/1679
f 669/1/1679 616/1/1679 615/1/1679
s 637
f 670/1/1680 580/1/1680 617/1/1680
f 617/1/1680 672/1/1680 670/1/1680
s 638
f 618/1/1681 673/1/1682 655/1/1681
f 655/1/1681 619/1/1682 618/1/1681
s 639
f 620/1/1683 674/1/1683 671/1/1683
f 671/1/1683 615/1/1683 620/1/1683
s 640
f 614/1/1684 613/1/1684 672/1/1684
f 672/1/1684 617/1/1684 614/1/1684
s 641
f 673/1/1685 618/1/1685 621/1/1685
f 621/1/1685 648/1/1685 673/1/1685
s 642
f 674/1/1686 620/1/1686 622/1/1686
f 622/1/1686 650/1/1686 674/1/1686
s 643
f 675/1/1687 676/1/1687 677/1/1687
f 677/1/1687 678/1/1687 675/1/1687
s 644
f 679/1/1688 654/1/1689 656/1/1690
f 656/1/1690 680/1/1691 679/1/1688
s 645
f 657/1/1692 681/1/1693 644/1/1694
f 644/1/1694 643/1/1692 657/1/1692
s 646
f 658/1/1695 682/1/1696 680/1/1697
f 680/1/1697 656/1/1698 658/1/1695
s 647
f 681/1/1699 657/1/1700 659/1/1700
f 659/1/1700 678/1/1701 681/1/1699
s 648
f 660/1/1702 683/1/1703 682/1/1704
f 682/1/1704 658/1/1704 660/1/1702
s 649
f 661/1/1705 675/1/1705 678/1/1705
f 678/1/1705 659/1/1705 661/1/1705
s 650
f 683/1/1706 660/1/1706 662/1/1706
f 662/1/1706 684/1/1707 683/1/1706
s 651
f 663/1/1708 685/1/1709 675/1/1710
f 675/1/1710 661/1/1710 663/1/1708
s 652
f 664/1/1711 686/1/1712 684/1/1713
f 684/1/1713 662/1/1714 664/1/1711
s 653
f 685/1/1715 663/1/1716 665/1/1717
f 665/1/1717 687/1/1718 685/1/1715
s 654
f 666/1/1719 688/1/1720 686/1/1720
f 686/1/1720 664/1/1721 666/1/1719
s 655
f 667/1/1722 689/1/1723 687/1/1722
f 687/1/1722 665/1/1724 667/1/1722
s 656
f 688/1/1725 666/1/1726 668/1/1727
f 668/1/1727 690/1/1728 688/1/1725
s 657
f 669/1/1729 691/1/1730 689/1/1731
f 689/1/1731 667/1/1732 669/1/1729
s 658
f 670/1/1733 692/1/1733 690/1/1733
f 690/1/1733 668/1/1734 670/1/1733
s 659
f 691/1/1735 669/1/1735 671/1/1735
f 671/1/1735 693/1/1735 691/1/1735
s 660
f 672/1/1736 694/1/1737 692/1/1736
f 692/1/1736 670/1/1738 672/1/1736
s 661
f 655/1/1739 673/1/1740 695/1/1740
f 695/1/1740 696/1/1740 655/1/1739
s 662
f 674/1/1741 697/1/1742 693/1/1743
f 693/1/1743 671/1/1744 674/1/1741
s 663
f 694/1/1745 672/1/1746 613/1/1747
f 613/1/1747 698/1/1748 694/1/1745
s 664
f 648/1/1749 699/1/1750 695/1/1750
f 695/1/1750 673/1/1751 648/1/1749
s 665
f 650/1/1752 700/1/1752 697/1/1753
f 697/1/1753 674/1/1754 650/1/1752
s 666
f 612/1/1755 701/1/1756 698/1/1755
f 698/1/1755 613/1/1755 612/1/1755
s 667
f 699/1/1757 648/1/1758 647/1/1757
f 647/1/1757 702/1/1757 699/1/1757
s 668
f 700/1/1759 650/1/1760 649/1/1759
f 649/1/1759 703/1/1759 700/1/1759
s 669
f 651/1/1761 704/1/1762 701/1/1762
f 701/1/1762 612/1/1762 651/1/1761
s 670
f 652/1/1763 705/1/1764 702/1/1765
f 702/1/1765 647/1/1766 652/1/1763
s 671
f 653/1/1767 706/1/1768 703/1/1769
f 703/1/1769 649/1/1768 653/1/1767
s 672
f 704/1/1770 651/1/1771 646/1/1772
f 646/1/1772 645/1/1773 704/1/1770
s 673
f 654/1/1774 679/1/1774 705/1/1774
f 705/1/1774 652/1/1774 654/1/1774
s 674
f 696/1/1775 706/1/1776 653/1/1776
f 653/1/1776 655/1/1777 696/1/1775
s 675
f 707/1/1778 708/1/1778 709/1/1779
f 709/1/1779 710/1/1780 707/1/1778
s 676
f 684/1/1781 711/1/1782 712/1/1781
f 712/1/1781 683/1/1782 684/1/1781
s 677
f 685/1/1783 713/1/1784 676/1/1783
f 676/1/1783 675/1/1783 685/1/1783
s 678
f 686/1/1785 714/1/1785 711/1/1785
f 711/1/1785 684/1/1785 686/1/1785
s 679
f 687/1/1786 710/1/1787 713/1/1788
f 713/1/1788 685/1/1788 687/1/1786
s 680
f 715/1/1789 714/1/1789 686/1/1789
f 686/1/1789 688/1/1789 715/1/1789
s 681
f 689/1/1790 707/1/1791 710/1/1792
f 710/1/1792 687/1/1793 689/1/1790
s 682
f 690/1/1794 716/1/1795 715/1/1794
f 715/1/1794 688/1/1796 690/1/1794
s 683
f 717/1/1797 707/1/1797 689/1/1797
f 689/1/1797 691/1/1798 717/1/1797
s 684
f 716/1/1799 690/1/1799 692/1/1799
f 692/1/1799 718/1/1800 716/1/1799
s 685
f 719/1/1801 717/1/1801 691/1/1801
f 691/1/1801 693/1/1802 719/1/1801
s 686
f 694/1/1803 720/1/1803 718/1/1803
f 718/1/1803 692/1/1804 694/1/1803
s 687
f 721/1/1805 696/1/1806 695/1/1806
f 695/1/1806 722/1/1807 721/1/1805
s 688
f 723/1/1808 719/1/1808 693/1/1808
f 693/1/1808 697/1/1808 723/1/1808
s 689
f 698/1/1809 724/1/1810 720/1/1809
f 720/1/1809 694/1/1811 698/1/1809
s 690
f 722/1/1812 695/1/1813 699/1/1814
f 699/1/1814 725/1/1813 722/1/1812
s 691
f 723/1/1815 697/1/1816 700/1/1815
f 700/1/1815 726/1/1816 723/1/1815
s 692
f 701/1/1817 727/1/1818 724/1/1818
f 724/1/1818 698/1/1818 701/1/1817
s 693
f 702/1/1819 728/1/1819 725/1/1819
f 725/1/1819 699/1/1819 702/1/1819
s 694
f 703/1/1820 729/1/1820 726/1/1820
f 726/1/1820 700/1/1820 703/1/1820
s 695
f 704/1/1821 730/1/1822 727/1/1823
f 727/1/1823 701/1/1821 704/1/1821
s 696
f 728/1/1824 702/1/1825 705/1/1825
f 705/1/1825 731/1/1825 728/1/1824
s 697
f 706/1/1826 732/1/1827 729/1/1827
f 729/1/1827 703/1/1827 706/1/1826
s 698
f 645/1/1828 733/1/1829 730/1/1829
f 730/1/1829 704/1/1828 645/1/1828
s 699
f 679/1/1830 734/1/1830 731/1/1830
f 731/1/1830 705/1/1830 679/1/1830
s 700
f 721/1/1831 732/1/1832 706/1/1831
f 706/1/1831 696/1/1833 721/1/1831
s 701
f 644/1/1834 735/1/1834 733/1/1834
f 733/1/1834 645/1/1834 644/1/1834
s 702
f 680/1/1835 736/1/1835 734/1/1835
f 734/1/1835 679/1/1835 680/1/1835
s 703
f 681/1/1836 737/1/1836 735/1/1836
f 735/1/1836 644/1/1837 681/1/1836
s 704
f 736/1/1838 680/1/1838 682/1/1838
f 682/1/1838 738/1/1838 736/1/1838
s 705
f 678/1/1839 677/1/1839 737/1/1839
f 737/1/1839 681/1/1840 678/1/1839
s 706
f 712/1/1841 738/1/1841 682/1/1841
f 682/1/1841 683/1/1841 712/1/1841
s 707
f 739/1/1842 740/1/1843 741/1/1844
f 741/1/1844 742/1/1843 739/1/1842
s 708
f 743/1/1845 744/1/1845 715/1/1845
f 715/1/1845 716/1/1845 743/1/1845
s 709
f 745/1/1846 708/1/1847 707/1/1848
f 707/1/1848 717/1/1847 745/1/1846
s 710
f 718/1/1849 746/1/1849 743/1/1849
f 743/1/1849 716/1/1849 718/1/1849
s 711
f 747/1/1850 745/1/1851 717/1/1852
f 717/1/1852 719/1/1851 747/1/1850
s 712
f 720/1/1853 748/1/1853 746/1/1853
f 746/1/1853 718/1/1853 720/1/1853
s 713
f 721/1/1854 722/1/1854 749/1/1854
f 749/1/1854 750/1/1854 721/1/1854
s 714
f 723/1/1855 751/1/1855 747/1/1856
f 747/1/1856 719/1/1855 723/1/1855
s 715
f 748/1/1857 720/1/1857 724/1/1857
f 724/1/1857 752/1/1857 748/1/1857
s 716
f 725/1/1858 753/1/1858 749/1/1858
f 749/1/1858 722/1/1858 725/1/1858
s 717
f 751/1/1859 723/1/1860 726/1/1860
f 726/1/1860 754/1/1860 751/1/1859
s 718
f 727/1/1861 755/1/1861 752/1/1861
f 752/1/1861 724/1/1861 727/1/1861
s 719
f 728/1/1862 756/1/1862 753/1/1862
f 753/1/1862 725/1/1862 728/1/1862
s 720
f 757/1/1863 754/1/1864 726/1/1864
f 726/1/1864 729/1/1864 757/1/1863
s 721
f 758/1/1865 755/1/1865 727/1/1865
f 727/1/1865 730/1/1865 758/1/1865
s 722
f 731/1/1866 759/1/1866 756/1/1866
f 756/1/1866 728/1/1866 731/1/1866
s 723
f 732/1/1867 760/1/1867 757/1/1867
f 757/1/1867 729/1/1867 732/1/1867
s 724
f 758/1/1868 730/1/1869 733/1/1870
f 733/1/1870 741/1/1869 758/1/1868
s 725
f 734/1/1871 761/1/1871 759/1/1871
f 759/1/1871 731/1/1871 734/1/1871
s 726
f 750/1/1872 760/1/1872 732/1/1872
f 732/1/1872 721/1/1872 750/1/1872
s 727
f 735/1/1873 742/1/1874 741/1/1875
f 741/1/1875 733/1/1874 735/1/1873
s 728
f 761/1/1876 734/1/1876 736/1/1876
f 736/1/1876 762/1/1876 761/1/1876
s 729
f 742/1/1877 735/1/1877 737/1/1878
f 737/1/1878 763/1/1877 742/1/1877
s 730
f 738/1/1879 764/1/1879 762/1/1880
f 762/1/1880 736/1/1880 738/1/1879
s 731
f 763/1/1881 737/1/1882 677/1/1883
f 677/1/1883 765/1/1882 763/1/1881
s 732
f 766/1/1884 764/1/1884 738/1/1884
f 738/1/1884 712/1/1884 766/1/1884
s 733
f 767/1/1885 765/1/1885 677/1/1885
f 677/1/1885 676/1/1885 767/1/1885
s 734
f 768/1/1886 766/1/1886 712/1/1886
f 712/1/1886 711/1/1886 768/1/1886
s 735
f 713/1/1887 769/1/1888 767/1/1889
f 767/1/1889 676/1/1888 713/1/1887
s 736
f 714/1/1890 770/1/1890 768/1/1890
f 768/1/1890 711/1/1890 714/1/1890
s 737
f 769/1/1891 713/1/1892 710/1/1893
f 710/1/1893 709/1/1894 769/1/1891
s 738
f 714/1/1895 715/1/1895 744/1/1895
f 744/1/1895 770/1/1895 714/1/1895
s 739
f 771/1/1896 772/1/1897 773/1/1897
f 773/1/1897 774/1/1898 771/1/1896
s 740
f 761/1/1899 762/1/1900 775/1/1901
f 775/1/1901 776/1/1902 761/1/1899
s 741
f 763/1/1903 777/1/1903 739/1/1903
f 739/1/1903 742/1/1903 763/1/1903
s 742
f 778/1/1904 775/1/1904 762/1/1905
f 762/1/1905 764/1/1906 778/1/1904
s 743
f 765/1/1907 771/1/1907 777/1/1907
f 777/1/1907 763/1/1907 765/1/1907
s 744
f 766/1/1908 779/1/1909 778/1/1910
f 778/1/1910 764/1/1911 766/1/1908
s 745
f 771/1/1912 765/1/1913 767/1/1914
f 767/1/1914 772/1/1914 771/1/1912
s 746
f 768/1/1915 780/1/1916 779/1/1917
f 779/1/1917 766/1/1918 768/1/1915
s 747
f 769/1/1919 781/1/1920 772/1/1921
f 772/1/1921 767/1/1922 769/1/1919
s 748
f 768/1/1923 770/1/1924 782/1/1924
f 782/1/1924 780/1/1925 768/1/1923
s 749
f 769/1/1926 709/1/1927 783/1/1928
f 783/1/1928 781/1/1929 769/1/1926
s 750
f 744/1/1930 784/1/1931 782/1/1930
f 782/1/1930 770/1/1930 744/1/1930
s 751
f 785/1/1932 783/1/1933 709/1/1934
f 709/1/1934 708/1/1935 785/1/1932
s 752
f 786/1/1936 784/1/1937 744/1/1936
f 744/1/1936 743/1/1936 786/1/1936
s 753
f 785/1/1938 708/1/1939 745/1/1940
f 745/1/1940 787/1/1941 785/1/1938
s 754
f 788/1/1942 786/1/1943 743/1/1942
f 743/1/1942 746/1/1942 788/1/1942
s 755
f 747/1/1944 789/1/1945 787/1/1944
f 787/1/1944 745/1/1946 747/1/1944
s 756
f 746/1/1947 748/1/1947 790/1/1948
f 790/1/1948 788/1/1947 746/1/1947
s 757
f 791/1/1949 792/1/1949 750/1/1950
f 750/1/1950 749/1/1951 791/1/1949
s 758
f 747/1/1952 751/1/1952 793/1/1953
f 793/1/1953 789/1/1954 747/1/1952
s 759
f 790/1/1955 748/1/1956 752/1/1957
f 752/1/1957 794/1/1958 790/1/1955
s 760
f 791/1/1959 749/1/1960 753/1/1961
f 753/1/1961 795/1/1962 791/1/1959
s 761
f 754/1/1963 796/1/1964 793/1/1965
f 793/1/1965 751/1/1966 754/1/1963
s 762
f 752/1/1967 755/1/1968 797/1/1969
f 797/1/1969 794/1/1970 752/1/1967
s 763
f 753/1/1971 756/1/1972 798/1/1973
f 798/1/1973 795/1/1974 753/1/1971
s 764
f 799/1/1975 796/1/1976 754/1/1977
f 754/1/1977 757/1/1978 799/1/1975
s 765
f 758/1/1979 800/1/1980 797/1/1981
f 797/1/1981 755/1/1980 758/1/1979
s 766
f 801/1/1982 798/1/1983 756/1/1983
f 756/1/1983 759/1/1983 801/1/1982
s 767
f 802/1/1984 799/1/1985 757/1/1986
f 757/1/1986 760/1/1987 802/1/1984
s 768
f 800/1/1988 758/1/1989 741/1/1988
f 741/1/1988 740/1/1988 800/1/1988
s 769
f 761/1/1990 776/1/1991 801/1/1990
f 801/1/1990 759/1/1992 761/1/1990
s 770
f 760/1/1993 750/1/1994 792/1/1995
f 792/1/1995 802/1/1996 760/1/1993
s 771
f 803/1/1997 804/1/1997 805/1/1998
f 805/1/1998 806/1/1997 807/1/1999
f 805/1/1998 807/1/1999 808/1/2000
f 803/1/1997 805/1/1998 808/1/2000
f 809/1/1997 810/1/1997 811/1/2001
f 808/1/2000 809/1/1997 811/1/2001
f 811/1/2001 812/1/1997 813/1/2002
f 811/1/2001 813/1/2002 814/1/2003
f 808/1/2000 811/1/2001 814/1/2003
f 808/1/2000 814/1/2003 815/1/1997
f 808/1/2000 815/1/1997 816/1/2004
f 817/1/1997 818/1/1997 819/1/1997
f 816/1/2004 817/1/1997 819/1/1997
f 816/1/2004 819/1/1997 820/1/2005
f 816/1/2004 820/1/2005 821/1/2006
f 808/1/2000 816/1/2004 821/1/2006
f 808/1/2000 821/1/2006 822/1/2007
f 774/1/2008 773/1/1997 823/1/2009
f 822/1/2007 774/1/2008 823/1/2009
f 822/1/2007 823/1/2009 824/1/2010
f 822/1/2007 824/1/2010 825/1/2011
f 808/1/2000 822/1/2007 825/1/2011
f 808/1/2000 825/1/2011 826/1/2003
f 827/1/2012 828/1/1997 829/1/2005
f 826/1/2003 827/1/2012 829/1/2005
f 826/1/2003 829/1/2005 830/1/2013
f 808/1/2000 826/1/2003 830/1/2013
f 808/1/2000 830/1/2013 831/1/2014
f 808/1/2000 831/1/2014 832/1/2007
f 803/1/1997 808/1/2000 832/1/2007
s 772
f 811/1/2015 810/1/2016 779/1/2015
f 779/1/2015 780/1/2017 811/1/2015
s 773
f 823/1/2018 773/1/2018 772/1/2018
f 772/1/2018 781/1/2018 823/1/2018
s 774
f 780/1/2019 782/1/2019 812/1/2019
f 812/1/2019 811/1/2019 780/1/2019
s 775
f 783/1/2020 824/1/2021 823/1/2020
f 823/1/2020 781/1/2022 783/1/2020
s 776
f 813/1/2023 812/1/2024 782/1/2025
f 782/1/2025 784/1/2023 813/1/2023
s 777
f 785/1/2026 825/1/2027 824/1/2026
f 824/1/2026 783/1/2027 785/1/2026
s 778
f 786/1/2028 814/1/2029 813/1/2030
f 813/1/2030 784/1/2031 786/1/2028
s 779
f 825/1/2032 785/1/2032 787/1/2032
f 787/1/2032 826/1/2032 825/1/2032
s 780
f 788/1/2033 815/1/2034 814/1/2035
f 814/1/2035 786/1/2036 788/1/2033
s 781
f 826/1/2037 787/1/2038 789/1/2038
f 789/1/2038 827/1/2037 826/1/2037
s 782
f 815/1/2039 788/1/2040 790/1/2041
f 790/1/2041 816/1/2042 815/1/2039
s 783
f 803/1/2043 832/1/2044 792/1/2043
f 792/1/2043 791/1/2043 803/1/2043
s 784
f 789/1/2045 793/1/2045 828/1/2045
f 828/1/2045 827/1/2045 789/1/2045
s 785
f 817/1/2046 816/1/2047 790/1/2046
f 790/1/2046 794/1/2048 817/1/2046
s 786
f 804/1/2049 803/1/2050 791/1/2049
f 791/1/2049 795/1/2051 804/1/2049
s 787
f 829/1/2052 828/1/2053 793/1/2054
f 793/1/2054 796/1/2053 829/1/2052
s 788
f 794/1/2055 797/1/2055 818/1/2055
f 818/1/2055 817/1/2056 794/1/2055
s 789
f 798/1/2057 805/1/2057 804/1/2057
f 804/1/2057 795/1/2057 798/1/2057
s 790
f 799/1/2058 830/1/2059 829/1/2059
f 829/1/2059 796/1/2060 799/1/2058
s 791
f 819/1/2061 818/1/2062 797/1/2063
f 797/1/2063 800/1/2064 819/1/2061
s 792
f 805/1/2065 798/1/2065 801/1/2065
f 801/1/2065 806/1/2065 805/1/2065
s 793
f 802/1/2066 831/1/2066 830/1/2066
f 830/1/2066 799/1/2066 802/1/2066
s 794
f 740/1/2067 820/1/2067 819/1/2067
f 819/1/2067 800/1/2067 740/1/2067
s 795
f 807/1/2068 806/1/2069 801/1/2070
f 801/1/2070 776/1/2071 807/1/2068
s 796
f 831/1/2072 802/1/2073 792/1/2073
f 792/1/2073 832/1/2073 831/1/2072
s 797
f 739/1/2074 821/1/2075 820/1/2075
f 820/1/2075 740/1/2076 739/1/2074
s 798
f 775/1/2077 808/1/2078 807/1/2078
f 807/1/2078 776/1/2078 775/1/2077
s 799
f 821/1/2079 739/1/2079 777/1/2080
f 777/1/2080 822/1/2081 821/1/2079
s 800
f 778/1/2082 809/1/2082 808/1/2082
f 808/1/2082 775/1/2082 778/1/2082
s 801
f 822/1/2083 777/1/2084 771/1/2083
f 771/1/2083 774/1/2085 822/1/2083
s 802
f 809/1/2086 778/1/2086 779/1/2086
f 779/1/2086 810/1/2086 809/1/2086
s 803
f 833/1/2087 834/1/2087 835/1/2087
f 835/1/2087 836/1/2087 837/1/2087
f 833/1/2087 835/1/2087 837/1/2087
f 837/1/2087 838/1/2087 839/1/2087
f 839/1/2087 840/1/2087 841/1/2087
f 837/1/2087 839/1/2087 841/1/2087
f 833/1/2087 837/1/2087 841/1/2087
f 841/1/2087 842/1/2087 843/1/2087
f 843/1/2087 844/1/2087 845/1/2087
f 841/1/2087 843/1/2087 845/1/2087
f 845/1/2087 846/1/2087 847/1/2087
f 847/1/2087 848/1/2087 849/1/2087
f 845/1/2087 847/1/2087 849/1/2087
f 841/1/2087 845/1/2087 849/1/2087
f 849/1/2087 850/1/2087 851/1/2087
f 851/1/2087 852/1/2087 853/1/2087
f 849/1/2087 851/1/2087 853/1/2087
f 853/1/2087 854/1/2087 855/1/2087
f 855/1/2087 856/1/2087 857/1/2087
f 853/1/2087 855/1/2087 857/1/2087
f 849/1/2087 853/1/2087 857/1/2087
f 841/1/2087 849/1/2087 857/1/2087
f 833/1/2087 841/1/2087 857/1/2087
f 858/1/2087 859/1/2087 860/1/2087
f 857/1/2087 858/1/2087 860/1/2087
f 857/1/2087 860/1/2087 861/1/2087
f 833/1/2087 857/1/2087 861/1/2087
f 862/1/2087 833/1/2087 861/1/2087
f 862/1/2087 861/1/2087 863/1/2087
f 862/1/2087 863/1/2087 864/1/2087
s 804
f 865/1/2088 866/1/2088 867/1/2088
f 867/1/2088 868/1/2088 865/1/2088
s 805
f 869/1/2089 857/1/2090 856/1/2089
f 856/1/2089 870/1/2091 869/1/2089
s 806
f 842/1/2092 871/1/2092 872/1/2092
f 872/1/2092 843/1/2092 842/1/2092
s 807
f 856/1/2093 855/1/2094 873/1/2094
f 873/1/2094 870/1/2095 856/1/2093
s 808
f 841/1/2096 874/1/2097 871/1/2098
f 871/1/2098 842/1/2096 841/1/2096
s 809
f 854/1/2099 875/1/2100 873/1/2101
f 873/1/2101 855/1/2102 854/1/2099
s 810
f 840/1/2103 876/1/2104 874/1/2103
f 874/1/2103 841/1/2104 840/1/2103
s 811
f 853/1/2105 877/1/2106 875/1/2107
f 875/1/2107 854/1/2108 853/1/2105
s 812
f 839/1/2109 878/1/2110 876/1/2110
f 876/1/2110 840/1/2110 839/1/2109
s 813
f 852/1/2111 879/1/2112 877/1/2113
f 877/1/2113 853/1/2112 852/1/2111
s 814
f 838/1/2114 880/1/2115 878/1/2116
f 878/1/2116 839/1/2117 838/1/2114
s 815
f 851/1/2118 881/1/2119 879/1/2120
f 879/1/2120 852/1/2121 851/1/2118
s 816
f 882/1/2122 833/1/2123 862/1/2122
f 862/1/2122 883/1/2124 882/1/2122
s 817
f 837/1/2125 884/1/2126 880/1/2127
f 880/1/2127 838/1/2128 837/1/2125
s 818
f 850/1/2129 885/1/2129 881/1/2129
f 881/1/2129 851/1/2129 850/1/2129
s 819
f 883/1/2130 862/1/2131 864/1/2131
f 864/1/2131 886/1/2131 883/1/2130
s 820
f 836/1/2132 887/1/2133 884/1/2134
f 884/1/2134 837/1/2134 836/1/2132
s 821
f 849/1/2135 888/1/2136 885/1/2137
f 885/1/2137 850/1/2137 849/1/2135
s 822
f 886/1/2138 864/1/2139 863/1/2139
f 863/1/2139 868/1/2138 886/1/2138
s 823
f 835/1/2140 889/1/2140 887/1/2141
f 887/1/2141 836/1/2142 835/1/2140
s 824
f 848/1/2143 890/1/2143 888/1/2144
f 888/1/2144 849/1/2145 848/1/2143
s 825
f 863/1/2146 861/1/2147 865/1/2146
f 865/1/2146 868/1/2148 863/1/2146
s 826
f 834/1/2149 891/1/2150 889/1/2149
f 889/1/2149 835/1/2151 834/1/2149
s 827
f 847/1/2152 892/1/2152 890/1/2152
f 890/1/2152 848/1/2152 847/1/2152
s 828
f 860/1/2153 893/1/2153 865/1/2154
f 865/1/2154 861/1/2155 860/1/2153
s 829
f 834/1/2156 833/1/2157 882/1/2158
f 882/1/2158 891/1/2159 834/1/2156
s 830
f 846/1/2160 894/1/2161 892/1/2162
f 892/1/2162 847/1/2163 846/1/2160
s 831
f 895/1/2164 893/1/2165 860/1/2164
f 860/1/2164 859/1/2166 895/1/2164
s 832
f 845/1/2167 896/1/2168 894/1/2169
f 894/1/2169 846/1/2170 845/1/2167
s 833
f 858/1/2171 897/1/2172 895/1/2173
f 895/1/2173 859/1/2174 858/1/2171
s 834
f 844/1/2175 898/1/2175 896/1/2176
f 896/1/2176 845/1/2177 844/1/2175
s 835
f 869/1/2178 897/1/2179 858/1/2178
f 858/1/2178 857/1/2178 869/1/2178
s 836
f 843/1/2180 872/1/2181 898/1/2182
f 898/1/2182 844/1/2183 843/1/2180
s 837
f 899/1/2184 900/1/2184 867/1/2184
f 867/1/2184 866/1/2184 901/1/2184
f 899/1/2184 867/1/2184 901/1/2184
f 901/1/2184 902/1/2184 903/1/2184
f 901/1/2184 903/1/2184 904/1/2184
f 899/1/2184 901/1/2184 904/1/2184
f 899/1/2184 904/1/2184 905/1/2184
f 905/1/2184 906/1/2184 907/1/2184
f 907/1/2184 908/1/2184 909/1/2184
f 905/1/2184 907/1/2184 909/1/2184
f 909/1/2184 910/1/2184 911/1/2184
f 911/1/2184 912/1/2184 913/1/2184
f 909/1/2184 911/1/2184 913/1/2184
f 905/1/2184 909/1/2184 913/1/2184
f 913/1/2184 914/1/2184 915/1/2184
f 915/1/2184 916/1/2184 917/1/2184
f 913/1/2184 915/1/2184 917/1/2184
f 917/1/2184 918/1/2184 919/1/2184
f 919/1/2184 920/1/2184 921/1/2184
f 917/1/2184 919/1/2184 921/1/2184
f 913/1/2184 917/1/2184 921/1/2184
f 905/1/2184 913/1/2184 921/1/2184
f 921/1/2184 922/1/2184 923/1/2184
f 923/1/2184 924/1/2184 925/1/2184
f 921/1/2184 923/1/2184 925/1/2184
f 925/1/2184 926/1/2184 927/1/2184
f 925/1/2184 927/1/2184 928/1/2184
f 921/1/2184 925/1/2184 928/1/2184
f 905/1/2184 921/1/2184 928/1/2184
f 899/1/2184 905/1/2184 928/1/2184
s 838
f 891/1/2185 927/1/2186 926/1/2185
f 926/1/2185 889/1/2185 891/1/2185
s 839
f 892/1/2187 914/1/2188 913/1/2187
f 913/1/2187 890/1/2187 892/1/2187
s 840
f 893/1/2189 901/1/2189 866/1/2189
f 866/1/2189 865/1/2189 893/1/2189
s 841
f 891/1/2190 882/1/2191 928/1/2191
f 928/1/2191 927/1/2192 891/1/2190
s 842
f 894/1/2193 915/1/2194 914/1/2194
f 914/1/2194 892/1/2195 894/1/2193
s 843
f 895/1/2196 902/1/2196 901/1/2196
f 901/1/2196 893/1/2196 895/1/2196
s 844
f 896/1/2197 916/1/2197 915/1/2197
f 915/1/2197 894/1/2197 896/1/2197
s 845
f 897/1/2198 903/1/2199 902/1/2198
f 902/1/2198 895/1/2199 897/1/2198
s 846
f 898/1/2200 917/1/2200 916/1/2200
f 916/1/2200 896/1/2200 898/1/2200
s 847
f 869/1/2201 904/1/2202 903/1/2201
f 903/1/2201 897/1/2202 869/1/2201
s 848
f 872/1/2203 918/1/2203 917/1/2203
f 917/1/2203 898/1/2203 872/1/2203
s 849
f 870/1/2204 905/1/2205 904/1/2204
f 904/1/2204 869/1/2206 870/1/2204
s 850
f 871/1/2207 919/1/2207 918/1/2207
f 918/1/2207 872/1/2207 871/1/2207
s 851
f 873/1/2208 906/1/2209 905/1/2208
f 905/1/2208 870/1/2208 873/1/2208
s 852
f 874/1/2210 920/1/2211 919/1/2212
f 919/1/2212 871/1/2212 874/1/2210
s 853
f 875/1/2213 907/1/2213 906/1/2213
f 906/1/2213 873/1/2213 875/1/2213
s 854
f 876/1/2214 921/1/2215 920/1/2214
f 920/1/2214 874/1/2215 876/1/2214
s 855
f 877/1/2216 908/1/2216 907/1/2216
f 907/1/2216 875/1/2216 877/1/2216
s 856
f 878/1/2217 922/1/2218 921/1/2219
f 921/1/2219 876/1/2217 878/1/2217
s 857
f 879/1/2220 909/1/2220 908/1/2220
f 908/1/2220 877/1/2220 879/1/2220
s 858
f 880/1/2221 923/1/2221 922/1/2221
f 922/1/2221 878/1/2221 880/1/2221
s 859
f 881/1/2222 910/1/2222 909/1/2222
f 909/1/2222 879/1/2222 881/1/2222
s 860
f 883/1/2223 899/1/2223 928/1/2223
f 928/1/2223 882/1/2223 883/1/2223
s 861
f 884/1/2224 924/1/2224 923/1/2224
f 923/1/2224 880/1/2224 884/1/2224
s 862
f 885/1/2225 911/1/2225 910/1/2225
f 910/1/2225 881/1/2225 885/1/2225
s 863
f 886/1/2226 900/1/2227 899/1/2226
f 899/1/2226 883/1/2227 886/1/2226
s 864
f 887/1/2228 925/1/2228 924/1/2228
f 924/1/2228 884/1/2228 887/1/2228
s 865
f 888/1/2229 912/1/2229 911/1/2229
f 911/1/2229 885/1/2229 888/1/2229
s 866
f 868/1/2230 867/1/2230 900/1/2230
f 900/1/2230 886/1/2230 868/1/2230
s 867
f 889/1/2231 926/1/2232 925/1/2232
f 925/1/2232 887/1/2233 889/1/2231
s 868
f 890/1/2234 913/1/2235 912/1/2234
f 912/1/2234 888/1/2236 890/1/2234
s 869
f 929/1/2087 930/1/2087 931/1/2087
f 931/1/2087 932/1/2087 933/1/2087
f 929/1/2087 931/1/2087 933/1/2087
f 933/1/2087 934/1/2087 935/1/2087
f 935/1/2087 936/1/2087 937/1/2087
f 933/1/2087 935/1/2087 937/1/2087
f 929/1/2087 933/1/2087 937/1/2087
f 937/1/2087 938/1/2087 939/1/2087
f 939/1/2087 940/1/2087 941/1/2087
f 937/1/2087 939/1/2087 941/1/2087
f 941/1/2087 942/1/2087 943/1/2087
f 943/1/2087 944/1/2087 945/1/2087
f 941/1/2087 943/1/2087 945/1/2087
f 937/1/2087 941/1/2087 945/1/2087
f 945/1/2087 946/1/2087 947/1/2087
f 947/1/2087 948/1/2087 949/1/2087
f 945/1/2087 947/1/2087 949/1/2087
f 949/1/2087 950/1/2087 951/1/2087
f 951/1/2087 952/1/2087 953/1/2087
f 949/1/2087 951/1/2087 953/1/2087
f 945/1/2087 949/1/2087 953/1/2087
f 937/1/2087 945/1/2087 953/1/2087
f 929/1/2087 937/1/2087 953/1/2087
f 954/1/2087 955/1/2087 956/1/2087
f 953/1/2087 954/1/2087 956/1/2087
f 953/1/2087 956/1/2087 957/1/2087
f 929/1/2087 953/1/2087 957/1/2087
f 958/1/2087 929/1/2087 957/1/2087
f 958/1/2087 957/1/2087 959/1/2087
f 958/1/2087 959/1/2087 960/1/2087
s 870
f 961/1/2184 962/1/2184 963/1/2184
f 963/1/2184 964/1/2184 965/1/2184
f 961/1/2184 963/1/2184 965/1/2184
f 965/1/2184 966/1/2184 967/1/2184
f 967/1/2184 968/1/2184 969/1/2184
f 965/1/2184 967/1/2184 969/1/2184
f 961/1/2184 965/1/2184 969/1/2184
f 969/1/2184 970/1/2184 971/1/2184
f 971/1/2184 972/1/2184 973/1/2184
f 969/1/2184 971/1/2184 973/1/2184
f 973/1/2184 974/1/2184 975/1/2184
f 975/1/2184 976/1/2184 977/1/2184
f 973/1/2184 975/1/2184 977/1/2184
f 969/1/2184 973/1/2184 977/1/2184
f 961/1/2184 969/1/2184 977/1/2184
f 977/1/2184 978/1/2184 979/1/2184
f 979/1/2184 980/1/2184 981/1/2184
f 977/1/2184 979/1/2184 981/1/2184
f 981/1/2184 982/1/2184 983/1/2184
f 983/1/2184 984/1/2184 985/1/2184
f 981/1/2184 983/1/2184 985/1/2184
f 977/1/2184 981/1/2184 985/1/2184
f 985/1/2184 986/1/2184 987/1/2184
f 987/1/2184 988/1/2184 989/1/2184
f 985/1/2184 987/1/2184 989/1/2184
f 989/1/2184 990/1/2184 991/1/2184
f 989/1/2184 991/1/2184 992/1/2184
f 985/1/2184 989/1/2184 992/1/2184
f 977/1/2184 985/1/2184 992/1/2184
f 961/1/2184 977/1/2184 992/1/2184
s 871
f 954/1/2237 967/1/2238 966/1/2239
f 966/1/2239 955/1/2240 954/1/2237
s 872
f 940/1/2241 981/1/2242 980/1/2243
f 980/1/2243 941/1/2244 940/1/2241
s 873
f 968/1/2245 967/1/2246 954/1/2247
f 954/1/2247 953/1/2246 968/1/2245
s 874
f 939/1/2248 982/1/2249 981/1/2250
f 981/1/2250 940/1/2251 939/1/2248
s 875
f 968/1/2252 953/1/2253 952/1/2254
f 952/1/2254 969/1/2255 968/1/2252
s 876
f 938/1/2256 983/1/2257 982/1/2258
f 982/1/2258 939/1/2256 938/1/2256
s 877
f 952/1/2259 951/1/2260 970/1/2261
f 970/1/2261 969/1/2262 952/1/2259
s 878
f 937/1/2263 984/1/2264 983/1/2263
f 983/1/2263 938/1/2263 937/1/2263
s 879
f 950/1/2265 971/1/2265 970/1/2266
f 970/1/2266 951/1/2267 950/1/2265
s 880
f 936/1/2268 985/1/2268 984/1/2269
f 984/1/2269 937/1/2268 936/1/2268
s 881
f 949/1/2270 972/1/2271 971/1/2272
f 971/1/2272 950/1/2273 949/1/2270
s 882
f 935/1/2274 986/1/2274 985/1/2275
f 985/1/2275 936/1/2276 935/1/2274
s 883
f 948/1/2277 973/1/2278 972/1/2279
f 972/1/2279 949/1/2280 948/1/2277
s 884
f 934/1/2281 987/1/2282 986/1/2283
f 986/1/2283 935/1/2283 934/1/2281
s 885
f 947/1/2284 974/1/2285 973/1/2286
f 973/1/2286 948/1/2287 947/1/2284
s 886
f 992/1/2288 929/1/2289 958/1/2288
f 958/1/2288 961/1/2288 992/1/2288
s 887
f 933/1/2290 988/1/2291 987/1/2292
f 987/1/2292 934/1/2293 933/1/2290
s 888
f 946/1/2294 975/1/2295 974/1/2296
f 974/1/2296 947/1/2297 946/1/2294
s 889
f 961/1/2298 958/1/2299 960/1/2300
f 960/1/2300 962/1/2301 961/1/2298
s 890
f 932/1/2302 989/1/2303 988/1/2304
f 988/1/2304 933/1/2305 932/1/2302
s 891
f 945/1/2306 976/1/2307 975/1/2308
f 975/1/2308 946/1/2308 945/1/2306
s 892
f 962/1/2309 960/1/2310 959/1/2311
f 959/1/2311 963/1/2309 962/1/2309
s 893
f 931/1/2312 990/1/2313 989/1/2312
f 989/1/2312 932/1/2312 931/1/2312
s 894
f 944/1/2314 977/1/2315 976/1/2316
f 976/1/2316 945/1/2317 944/1/2314
s 895
f 959/1/2318 957/1/2319 964/1/2320
f 964/1/2320 963/1/2321 959/1/2318
s 896
f 930/1/2322 991/1/2322 990/1/2323
f 990/1/2323 931/1/2323 930/1/2322
s 897
f 943/1/2324 978/1/2325 977/1/2326
f 977/1/2326 944/1/2327 943/1/2324
s 898
f 956/1/2328 965/1/2329 964/1/2330
f 964/1/2330 957/1/2331 956/1/2328
s 899
f 930/1/2332 929/1/2333 992/1/2333
f 992/1/2333 991/1/2333 930/1/2332
s 900
f 942/1/2334 979/1/2335 978/1/2336
f 978/1/2336 943/1/2337 942/1/2334
s 901
f 966/1/2338 965/1/2339 956/1/2340
f 956/1/2340 955/1/2341 966/1/2338
s 902
f 941/1/2342 980/1/2343 979/1/2344
f 979/1/2344 942/1/2345 941/1/2342
s 903
f 993/1/2087 994/1/2087 995/1/2087
f 995/1/2087 996/1/2087 997/1/2087
f 993/1/2087 995/1/2087 997/1/2087
f 997/1/2087 998/1/2087 999/1/2087
f 999/1/2087 1000/1/2087 1001/1/2087
f 997/1/2087 999/1/2087 1001/1/2087
f 993/1/2087 997/1/2087 1001/1/2087
f 1001/1/2087 1002/1/2087 1003/1/2087
f 1003/1/2087 1004/1/2087 1005/1/2087
f 1001/1/2087 1003/1/2087 1005/1/2087
f 1005/1/2087 1006/1/2087 1007/1/2087
f 1007/1/2087 1008/1/2087 1009/1/2087
f 1005/1/2087 1007/1/2087 1009/1/2087
f 1001/1/2087 1005/1/2087 1009/1/2087
f 1009/1/2087 1010/1/2087 1011/1/2087
f 1011/1/2087 1012/1/2087 1013/1/2087
f 1009/1/2087 1011/1/2087 1013/1/2087
f 1013/1/2087 1014/1/2087 1015/1/2087
f 1015/1/2087 1016/1/2087 1017/1/2087
f 1013/1/2087 1015/1/2087 1017/1/2087
f 1009/1/2087 1013/1/2087 1017/1/2087
f 1001/1/2087 1009/1/2087 1017/1/2087
f 993/1/2087 1001/1/2087 1017/1/2087
f 1018/1/2087 1019/1/2087 1020/1/2087
f 1017/1/2087 1018/1/2087 1020/1/2087
f 1017/1/2087 1020/1/2087 1021/1/2087
f 993/1/2087 1017/1/2087 1021/1/2087
f 1022/1/2087 993/1/2087 1021/1/2087
f 1022/1/2087 1021/1/2087 1023/1/2087
f 1022/1/2087 1023/1/2087 1024/1/2087
s 904
f 1025/1/2346 1026/1/2346 1027/1/2346
f 1027/1/2346 1028/1/2346 1025/1/2346
s 905
f 995/1/2347 1029/1/2348 1030/1/2349
f 1030/1/2349 996/1/2350 995/1/2347
s 906
f 1008/1/2351 1031/1/2352 1032/1/2353
f 1032/1/2353 1009/1/2354 1008/1/2351
s 907
f 1023/1/2355 1021/1/2356 1033/1/2356
f 1033/1/2356 1034/1/2357 1023/1/2355
s 908
f 994/1/2358 1035/1/2359 1029/1/2358
f 1029/1/2358 995/1/2360 994/1/2358
s 909
f 1007/1/2361 1036/1/2362 1031/1/2363
f 1031/1/2363 1008/1/2364 1007/1/2361
s 910
f 1020/1/2365 1037/1/2365 1033/1/2366
f 1033/1/2366 1021/1/2367 1020/1/2365
s 911
f 994/1/2368 993/1/2369 1038/1/2370
f 1038/1/2370 1035/1/2371 994/1/2368
s 912
f 1006/1/2372 1039/1/2373 1036/1/2372
f 1036/1/2372 1007/1/2374 1006/1/2372
s 913
f 1040/1/2375 1037/1/2376 1020/1/2377
f 1020/1/2377 1019/1/2378 1040/1/2375
s 914
f 1005/1/2379 1041/1/2380 1039/1/2381
f 1039/1/2381 1006/1/2382 1005/1/2379
s 915
f 1018/1/2383 1042/1/2384 1040/1/2385
f 1040/1/2385 1019/1/2385 1018/1/2383
s 916
f 1004/1/2386 1043/1/2387 1041/1/2388
f 1041/1/2388 1005/1/2389 1004/1/2386
s 917
f 1044/1/2390 1042/1/2391 1018/1/2392
f 1018/1/2392 1017/1/2393 1044/1/2390
s 918
f 1003/1/2394 1045/1/2395 1043/1/2396
f 1043/1/2396 1004/1/2397 1003/1/2394
s 919
f 1044/1/2398 1017/1/2399 1016/1/2400
f 1016/1/2400 1046/1/2401 1044/1/2398
s 920
f 1002/1/2402 1047/1/2403 1045/1/2404
f 1045/1/2404 1003/1/2403 1002/1/2402
s 921
f 1016/1/2405 1015/1/2406 1048/1/2407
f 1048/1/2407 1046/1/2408 1016/1/2405
s 922
f 1001/1/2409 1028/1/2410 1047/1/2411
f 1047/1/2411 1002/1/2412 1001/1/2409
s 923
f 1014/1/2413 1049/1/2413 1048/1/2414
f 1048/1/2414 1015/1/2415 1014/1/2413
s 924
f 1000/1/2416 1025/1/2417 1028/1/2418
f 1028/1/2418 1001/1/2419 1000/1/2416
s 925
f 1013/1/2420 1050/1/2421 1049/1/2422
f 1049/1/2422 1014/1/2423 1013/1/2420
s 926
f 999/1/2424 1051/1/2425 1025/1/2426
f 1025/1/2426 1000/1/2427 999/1/2424
s 927
f 1012/1/2428 1052/1/2428 1050/1/2429
f 1050/1/2429 1013/1/2430 1012/1/2428
s 928
f 998/1/2431 1053/1/2432 1051/1/2432
f 1051/1/2432 999/1/2433 998/1/2431
s 929
f 1011/1/2434 1054/1/2435 1052/1/2434
f 1052/1/2434 1012/1/2436 1011/1/2434
s 930
f 1038/1/2437 993/1/2438 1022/1/2439
f 1022/1/2439 1055/1/2440 1038/1/2437
s 931
f 997/1/2441 1056/1/2442 1053/1/2443
f 1053/1/2443 998/1/2444 997/1/2441
s 932
f 1010/1/2445 1057/1/2446 1054/1/2447
f 1054/1/2447 1011/1/2448 1010/1/2445
s 933
f 1055/1/2449 1022/1/2450 1024/1/2451
f 1024/1/2451 1058/1/2452 1055/1/2449
s 934
f 996/1/2453 1030/1/2454 1056/1/2455
f 1056/1/2455 997/1/2456 996/1/2453
s 935
f 1009/1/2457 1032/1/2458 1057/1/2459
f 1057/1/2459 1010/1/2460 1009/1/2457
s 936
f 1058/1/2461 1024/1/2462 1023/1/2463
f 1023/1/2463 1034/1/2464 1058/1/2461
s 937
f 1059/1/2184 1060/1/2184 1061/1/2184
f 1061/1/2184 1062/1/2184 1063/1/2184
f 1059/1/2184 1061/1/2184 1063/1/2184
f 1063/1/2184 1064/1/2184 1065/1/2184
f 1063/1/2184 1065/1/2184 1066/1/2184
f 1059/1/2184 1063/1/2184 1066/1/2184
f 1059/1/2184 1066/1/2184 1067/1/2184
f 1067/1/2184 1068/1/2184 1069/1/2184
f 1069/1/2184 1070/1/2184 1071/1/2184
f 1067/1/2184 1069/1/2184 1071/1/2184
f 1071/1/2184 1072/1/2184 1073/1/2184
f 1073/1/2184 1074/1/2184 1075/1/2184
f 1071/1/2184 1073/1/2184 1075/1/2184
f 1067/1/2184 1071/1/2184 1075/1/2184
f 1075/1/2184 1076/1/2184 1077/1/2184
f 1077/1/2184 1078/1/2184 1079/1/2184
f 1075/1/2184 1077/1/2184 1079/1/2184
f 1079/1/2184 1080/1/2184 1081/1/2184
f 1081/1/2184 1027/1/2184 1026/1/2184
f 1079/1/2184 1081/1/2184 1026/1/2184
f 1075/1/2184 1079/1/2184 1026/1/2184
f 1067/1/2184 1075/1/2184 1026/1/2184
f 1026/1/2184 1082/1/2184 1083/1/2184
f 1083/1/2184 1084/1/2184 1085/1/2184
f 1026/1/2184 1083/1/2184 1085/1/2184
f 1085/1/2184 1086/1/2184 1087/1/2184
f 1085/1/2184 1087/1/2184 1088/1/2184
f 1026/1/2184 1085/1/2184 1088/1/2184
f 1067/1/2184 1026/1/2184 1088/1/2184
f 1059/1/2184 1067/1/2184 1088/1/2184
s 938
f 1050/1/2216 1070/1/2465 1069/1/2216
f 1069/1/2216 1049/1/2465 1050/1/2216
s 939
f 1051/1/2218 1082/1/2218 1026/1/2218
f 1026/1/2218 1025/1/2218 1051/1/2218
s 940
f 1052/1/2220 1071/1/2466 1070/1/2220
f 1070/1/2220 1050/1/2467 1052/1/2220
s 941
f 1053/1/2468 1083/1/2468 1082/1/2468
f 1082/1/2468 1051/1/2468 1053/1/2468
s 942
f 1054/1/2469 1072/1/2469 1071/1/2469
f 1071/1/2469 1052/1/2469 1054/1/2469
s 943
f 1055/1/2470 1059/1/2470 1088/1/2470
f 1088/1/2470 1038/1/2471 1055/1/2470
s 944
f 1056/1/2472 1084/1/2473 1083/1/2472
f 1083/1/2472 1053/1/2474 1056/1/2472
s 945
f 1057/1/2225 1073/1/2225 1072/1/2225
f 1072/1/2225 1054/1/2225 1057/1/2225
s 946
f 1058/1/2227 1060/1/2227 1059/1/2227
f 1059/1/2227 1055/1/2227 1058/1/2227
s 947
f 1030/1/2475 1085/1/2475 1084/1/2475
f 1084/1/2475 1056/1/2475 1030/1/2475
s 948
f 1032/1/2476 1074/1/2476 1073/1/2476
f 1073/1/2476 1057/1/2477 1032/1/2476
s 949
f 1034/1/2478 1061/1/2478 1060/1/2478
f 1060/1/2478 1058/1/2478 1034/1/2478
s 950
f 1029/1/2231 1086/1/2231 1085/1/2231
f 1085/1/2231 1030/1/2231 1029/1/2231
s 951
f 1031/1/2234 1075/1/2234 1074/1/2234
f 1074/1/2234 1032/1/2479 1031/1/2234
s 952
f 1033/1/2480 1062/1/2481 1061/1/2480
f 1061/1/2480 1034/1/2482 1033/1/2480
s 953
f 1035/1/2185 1087/1/2185 1086/1/2185
f 1086/1/2185 1029/1/2185 1035/1/2185
s 954
f 1036/1/2187 1076/1/2187 1075/1/2187
f 1075/1/2187 1031/1/2187 1036/1/2187
s 955
f 1037/1/2483 1063/1/2483 1062/1/2483
f 1062/1/2483 1033/1/2483 1037/1/2483
s 956
f 1035/1/2190 1038/1/2484 1088/1/2190
f 1088/1/2190 1087/1/2190 1035/1/2190
s 957
f 1039/1/2193 1077/1/2193 1076/1/2193
f 1076/1/2193 1036/1/2193 1039/1/2193
s 958
f 1040/1/2485 1064/1/2485 1063/1/2485
f 1063/1/2485 1037/1/2485 1040/1/2485
s 959
f 1041/1/2486 1078/1/2486 1077/1/2486
f 1077/1/2486 1039/1/2486 1041/1/2486
s 960
f 1042/1/2487 1065/1/2487 1064/1/2487
f 1064/1/2487 1040/1/2487 1042/1/2487
s 961
f 1043/1/2488 1079/1/2488 1078/1/2488
f 1078/1/2488 1041/1/2488 1043/1/2488
s 962
f 1044/1/2489 1066/1/2489 1065/1/2489
f 1065/1/2489 1042/1/2489 1044/1/2489
s 963
f 1045/1/2490 1080/1/2490 1079/1/2490
f 1079/1/2490 1043/1/2490 1045/1/2490
s 964
f 1046/1/2204 1067/1/2204 1066/1/2204
f 1066/1/2204 1044/1/2204 1046/1/2204
s 965
f 1047/1/2207 1081/1/2207 1080/1/2207
f 1080/1/2207 1045/1/2207 1047/1/2207
s 966
f 1048/1/2208 1068/1/2208 1067/1/2208
f 1067/1/2208 1046/1/2208 1048/1/2208
s 967
f 1028/1/2210 1027/1/2210 1081/1/2210
f 1081/1/2210 1047/1/2210 1028/1/2210
s 968
f 1049/1/2491 1069/1/2491 1068/1/2491
f 1068/1/2491 1048/1/2491 1049/1/2491
s 969
f 1089/2/2492 1090/3/2492 1091/4/2492
f 1091/4/2492 1092/5/2492 1089/2/2492
s 970
f 1090/3/2493 1093/6/2493 1094/7/2493
f 1094/7/2493 1091/4/2493 1090/3/2493
s 971
f 1093/6/2494 1095/8/2494 1096/9/2494
f 1096/9/2494 1094/7/2495 1093/6/2494
s 972
f 1095/8/2496 1097/10/2496 1098/11/2496
f 1098/11/2496 1096/9/2496 1095/8/2496
s 973
f 1099/12/2497 1100/13/2498 1098/11/2498
f 1098/11/2498 1097/10/2497 1099/12/2497
s 974
f 1101/14/2499 1100/13/2499 1099/12/2500
f 1099/12/2500 1102/15/2500 1101/14/2499
s 975
f 1103/16/2501 1101/14/2501 1102/15/2501
f 1102/15/2501 1104/17/2501 1103/16/2501
s 976
f 1105/18/2502 1106/19/2503 1103/16/2502
f 1103/16/2502 1104/17/2504 1105/18/2502
s 977
f 1107/20/2505 1106/19/2505 1105/18/2505
f 1105/18/2505 1108/21/2505 1107/20/2505
s 978
f 1109/22/2506 1107/20/2506 1108/21/2506
f 1108/21/2506 1110/23/2506 1109/22/2506
s 979
f 1111/24/2507 1109/22/2507 1110/23/2507
f 1110/23/2507 1112/25/2507 1111/24/2507
s 980
f 1113/26/2508 1114/27/2508 1111/24/2508
f 1111/24/2508 1112/25/2508 1113/26/2508
s 981
f 1115/28/2509 1114/27/2509 1113/26/2509
f 1113/26/2509 1116/29/2510 1115/28/2509
s 982
f 1117/30/2511 1115/28/2511 1116/29/2511
f 1116/29/2511 1118/31/2511 1117/30/2511
s 983
f 1119/32/2512 1117/30/2513 1118/31/2512
f 1118/31/2512 1120/33/2512 1119/32/2512
s 984
f 1121/34/2514 1119/32/2514 1120/33/2514
f 1120/33/2514 1122/35/2514 1121/34/2514
s 985
f 1123/36/2515 1121/34/2515 1122/35/2515
f 1122/35/2515 1124/37/2515 1123/36/2515
s 986
f 1125/38/2516 1123/36/2516 1124/37/2516
f 1124/37/2516 1126/39/2516 1125/38/2516
s 987
f 1127/40/2517 1125/38/2517 1126/39/2517
f 1126/39/2517 1128/41/2517 1127/40/2517
s 988
f 1129/42/2518 1130/43/2518 1127/40/2518
f 1127/40/2518 1128/41/2518 1129/42/2518
s 989
f 1129/42/2519 1131/44/2519 1132/45/2519
f 1132/45/2519 1130/43/2519 1129/42/2519
s 990
f 1133/46/2520 1132/45/2520 1131/44/2520
f 1131/44/2520 1134/47/2520 1133/46/2520
s 991
f 1135/48/2521 1133/46/2521 1134/47/2521
f 1134/47/2521 1136/49/2521 1135/48/2521
s 992
f 1137/50/2522 1138/51/2522 1135/48/2522
f 1135/48/2522 1136/49/2523 1137/50/2522
s 993
f 1139/52/2524 1140/53/2524 1138/51/2524
f 1138/51/2524 1137/50/2524 1139/52/2524
s 994
f 1141/54/2525 1140/53/2525 1139/52/2525
f 1139/52/2525 1142/55/2525 1141/54/2525
s 995
f 1143/56/2526 1144/57/2526 1141/54/2526
f 1141/54/2526 1142/55/2526 1143/56/2526
s 996
f 1145/58/2527 1144/57/2527 1143/56/2527
f 1143/56/2527 1146/59/2527 1145/58/2527
s 997
f 1147/60/2528 1145/58/2529 1146/59/2528
f 1146/59/2528 1148/61/2529 1147/60/2528
s 998
f 1149/62/2530 1150/63/2530 1147/60/2530
f 1147/60/2530 1148/61/2530 1149/62/2530
s 999
f 1105/18/2531 1151/18/2531 1152/21/2531
f 1152/21/2531 1108/21/2531 1105/18/2531
s 1000
f 1153/64/2532 1154/65/2532 1150/63/2532
f 1150/63/2532 1149/62/2532 1153/64/2532
s 1001
f 1154/65/2533 1153/64/2534 1089/66/2535
f 1089/66/2535 1092/67/2536 1154/65/2533
s 1002
f 1091/68/2537 1094/69/2538 1096/70/2539
f 1091/68/2537 1096/70/2539 1098/71/2087
f 1098/71/2087 1100/72/2087 1101/73/2087
f 1101/73/2087 1103/74/2087 1106/75/2087
f 1106/75/2087 1107/76/2537 1109/77/2087
f 1101/73/2087 1106/75/2087 1109/77/2087
f 1098/71/2087 1101/73/2087 1109/77/2087
f 1109/77/2087 1111/78/2087 1114/79/2539
f 1114/79/2539 1115/80/2540 1117/81/2087
f 1109/77/2087 1114/79/2539 1117/81/2087
f 1117/81/2087 1119/82/2541 1121/83/2087
f 1121/83/2087 1123/84/2087 1125/85/2087
f 1117/81/2087 1121/83/2087 1125/85/2087
f 1125/85/2087 1127/86/2087 1130/87/2537
f 1130/87/2537 1132/88/2087 1133/89/2087
f 1125/85/2087 1130/87/2537 1133/89/2087
f 1133/89/2087 1135/90/2087 1138/91/2087
f 1138/91/2087 1140/92/2539 1141/93/2087
f 1133/89/2087 1138/91/2087 1141/93/2087
f 1125/85/2087 1133/89/2087 1141/93/2087
f 1117/81/2087 1125/85/2087 1141/93/2087
f 1109/77/2087 1117/81/2087 1141/93/2087
f 1098/71/2087 1109/77/2087 1141/93/2087
f 1141/93/2087 1144/94/2087 1145/95/2537
f 1145/95/2537 1147/96/2541 1150/97/2087
f 1141/93/2087 1145/95/2537 1150/97/2087
f 1098/71/2087 1141/93/2087 1150/97/2087
f 1091/68/2537 1098/71/2087 1150/97/2087
f 1092/98/2542 1091/68/2537 1150/97/2087
f 1092/98/2542 1150/97/2087 1154/99/2540
s 1003
f 1155/8/2543 1156/8/2543 1157/10/2543
f 1157/10/2543 1158/10/2543 1155/8/2543
s 1004
f 1159/39/2544 1126/39/2545 1124/37/2546
f 1124/37/2546 1160/37/2545 1159/39/2544
s 1005
f 1161/56/2547 1143/56/2547 1142/55/2547
f 1142/55/2547 1162/55/2548 1161/56/2547
s 1006
f 1163/12/2549 1099/12/2550 1097/10/2549
f 1097/10/2549 1158/10/2550 1163/12/2549
s 1007
f 1164/31/2551 1118/31/2551 1116/29/2551
f 1116/29/2551 1165/29/2551 1164/31/2551
s 1008
f 1166/49/2552 1136/49/2552 1134/47/2552
f 1134/47/2552 1167/47/2552 1166/49/2552
s 1009
f 1090/3/2553 1089/2/2553 1168/2/2553
f 1168/2/2553 1169/3/2554 1090/3/2553
s 1010
f 1153/64/2555 1170/64/2556 1168/66/2556
f 1168/66/2556 1089/66/2557 1153/64/2555
s 1011
f 1171/23/2558 1110/23/2558 1108/21/2558
f 1108/21/2558 1152/21/2558 1171/23/2558
s 1012
f 1172/41/2559 1128/41/2560 1126/39/2560
f 1126/39/2560 1159/39/2561 1172/41/2559
s 1013
f 1161/56/2562 1173/59/2562 1146/59/2563
f 1146/59/2563 1143/56/2563 1161/56/2562
s 1014
f 1174/15/2564 1102/15/2564 1099/12/2564
f 1099/12/2564 1163/12/2564 1174/15/2564
s 1015
f 1175/33/2565 1120/33/2566 1118/31/2566
f 1118/31/2566 1164/31/2566 1175/33/2565
s 1016
f 1176/50/2567 1137/50/2567 1136/49/2567
f 1136/49/2567 1166/49/2568 1176/50/2567
s 1017
f 1169/3/2569 1177/6/2570 1093/6/2571
f 1093/6/2571 1090/3/2571 1169/3/2569
s 1018
f 1178/25/2572 1112/25/2572 1110/23/2572
f 1110/23/2572 1171/23/2572 1178/25/2572
s 1019
f 1172/41/2573 1179/42/2574 1129/42/2575
f 1129/42/2575 1128/41/2573 1172/41/2573
s 1020
f 1148/61/2576 1146/59/2576 1173/59/2576
f 1173/59/2576 1180/61/2577 1148/61/2576
s 1021
f 1181/17/2578 1104/17/2578 1102/15/2578
f 1102/15/2578 1174/15/2578 1181/17/2578
s 1022
f 1182/35/2579 1122/35/2579 1120/33/2579
f 1120/33/2579 1175/33/2579 1182/35/2579
s 1023
f 1183/52/2580 1139/52/2580 1137/50/2580
f 1137/50/2580 1176/50/2580 1183/52/2580
s 1024
f 1155/8/2581 1095/8/2581 1093/6/2581
f 1093/6/2581 1177/6/2581 1155/8/2581
s 1025
f 1184/26/2582 1113/26/2583 1112/25/2583
f 1112/25/2583 1178/25/2582 1184/26/2582
s 1026
f 1185/44/2584 1131/44/2585 1129/42/2585
f 1129/42/2585 1179/42/2584 1185/44/2584
s 1027
f 1149/62/2586 1148/61/2587 1180/61/2588
f 1180/61/2588 1186/62/2589 1149/62/2586
s 1028
f 1104/17/2590 1181/17/2590 1151/18/2590
f 1151/18/2590 1105/18/2590 1104/17/2590
s 1029
f 1160/37/2591 1124/37/2591 1122/35/2591
f 1122/35/2591 1182/35/2592 1160/37/2591
s 1030
f 1162/55/2593 1142/55/2594 1139/52/2594
f 1139/52/2594 1183/52/2593 1162/55/2593
s 1031
f 1097/10/2595 1095/8/2596 1155/8/2597
f 1155/8/2597 1158/10/2595 1097/10/2595
s 1032
f 1165/29/2598 1116/29/2599 1113/26/2598
f 1113/26/2598 1184/26/2598 1165/29/2598
s 1033
f 1167/47/2600 1134/47/2600 1131/44/2600
f 1131/44/2600 1185/44/2601 1167/47/2600
s 1034
f 1153/64/2602 1149/62/2602 1186/62/2603
f 1186/62/2603 1170/64/2603 1153/64/2602
s 1035
f 1187/100/2604 1188/101/2605 1189/102/2604
f 1189/102/2604 1190/103/2606 1191/104/2604
f 1187/100/2604 1189/102/2604 1191/104/2604
f 1191/104/2604 1192/105/2607 1193/106/2604
f 1193/106/2604 1194/107/2607 1195/108/2604
f 1191/104/2604 1193/106/2604 1195/108/2604
f 1195/108/2604 1196/109/2605 1197/110/2608
f 1197/110/2608 1198/111/2609 1199/112/2604
f 1195/108/2604 1197/110/2608 1199/112/2604
f 1191/104/2604 1195/108/2604 1199/112/2604
f 1199/112/2604 1200/113/2610 1201/114/2611
f 1201/114/2611 1202/115/2612 1203/116/2604
f 1199/112/2604 1201/114/2611 1203/116/2604
f 1203/116/2604 1204/117/2613 1205/118/2604
f 1205/118/2604 1206/119/2614 1207/120/2604
f 1203/116/2604 1205/118/2604 1207/120/2604
f 1199/112/2604 1203/116/2604 1207/120/2604
f 1191/104/2604 1199/112/2604 1207/120/2604
f 1207/120/2604 1208/121/2615 1209/122/2604
f 1209/122/2604 1210/123/2616 1211/124/2604
f 1207/120/2604 1209/122/2604 1211/124/2604
f 1207/120/2604 1211/124/2604 1212/125/2611
f 1191/104/2604 1207/120/2604 1212/125/2611
f 1212/125/2611 1213/126/2617 1214/127/2613
f 1214/127/2613 1215/128/2618 1157/129/2604
f 1212/125/2611 1214/127/2613 1157/129/2604
f 1191/104/2604 1212/125/2611 1157/129/2604
f 1187/100/2604 1191/104/2604 1157/129/2604
f 1187/100/2604 1157/129/2604 1156/130/2604
f 1187/100/2604 1156/130/2604 1216/131/2619
s 1036
f 1186/62/2620 1190/62/2621 1189/64/2622
f 1189/64/2622 1170/64/2623 1186/62/2620
s 1037
f 1160/37/2624 1203/37/2625 1202/39/2626
f 1202/39/2626 1159/39/2624 1160/37/2624
s 1038
f 1158/10/2627 1157/10/2628 1215/12/2627
f 1215/12/2627 1163/12/2629 1158/10/2627
s 1039
f 1170/64/2630 1189/64/2631 1188/66/2632
f 1188/66/2632 1168/66/2630 1170/64/2630
s 1040
f 1159/39/2633 1202/39/2633 1201/41/2634
f 1201/41/2634 1172/41/2635 1159/39/2633
s 1041
f 1163/12/2636 1215/12/2637 1214/15/2637
f 1214/15/2637 1174/15/2636 1163/12/2636
s 1042
f 1172/41/2638 1201/41/2639 1200/42/2640
f 1200/42/2640 1179/42/2641 1172/41/2638
s 1043
f 1174/15/2642 1214/15/2642 1213/17/2642
f 1213/17/2642 1181/17/2643 1174/15/2642
s 1044
f 1179/42/2644 1200/42/2644 1199/44/2644
f 1199/44/2644 1185/44/2645 1179/42/2644
s 1045
f 1151/18/2646 1181/17/2646 1213/17/2647
f 1213/17/2647 1212/18/2647 1151/18/2646
s 1046
f 1185/44/2648 1199/44/2648 1198/47/2648
f 1198/47/2648 1167/47/2648 1185/44/2648
s 1047
f 1151/18/2649 1212/18/2650 1211/21/2650
f 1211/21/2650 1152/21/2649 1151/18/2649
s 1048
f 1167/47/2651 1198/47/2651 1197/49/2651
f 1197/49/2651 1166/49/2651 1167/47/2651
s 1049
f 1152/21/2652 1211/21/2653 1210/23/2654
f 1210/23/2654 1171/23/2655 1152/21/2652
s 1050
f 1166/49/2656 1197/49/2656 1196/50/2656
f 1196/50/2656 1176/50/2657 1166/49/2656
s 1051
f 1171/23/2658 1210/23/2659 1209/25/2659
f 1209/25/2659 1178/25/2658 1171/23/2658
s 1052
f 1176/50/2660 1196/50/2661 1195/52/2661
f 1195/52/2661 1183/52/2660 1176/50/2660
s 1053
f 1178/25/2662 1209/25/2663 1208/26/2663
f 1208/26/2663 1184/26/2662 1178/25/2662
s 1054
f 1183/52/2664 1195/52/2665 1194/55/2665
f 1194/55/2665 1162/55/2664 1183/52/2664
s 1055
f 1184/26/2666 1208/26/2666 1207/29/2666
f 1207/29/2666 1165/29/2666 1184/26/2666
s 1056
f 1162/55/2667 1194/55/2668 1193/56/2668
f 1193/56/2668 1161/56/2667 1162/55/2667
s 1057
f 1165/29/2669 1207/29/2670 1206/31/2670
f 1206/31/2670 1164/31/2669 1165/29/2669
s 1058
f 1168/2/2671 1188/2/2672 1187/3/2673
f 1187/3/2673 1169/3/2671 1168/2/2671
s 1059
f 1161/56/2674 1193/56/2675 1192/59/2675
f 1192/59/2675 1173/59/2676 1161/56/2674
s 1060
f 1164/31/2677 1206/31/2678 1205/33/2678
f 1205/33/2678 1175/33/2677 1164/31/2677
s 1061
f 1169/3/2679 1187/3/2680 1216/6/2679
f 1216/6/2679 1177/6/2681 1169/3/2679
s 1062
f 1173/59/2682 1192/59/2683 1191/61/2684
f 1191/61/2684 1180/61/2685 1173/59/2682
s 1063
f 1175/33/2686 1205/33/2687 1204/35/2687
f 1204/35/2687 1182/35/2687 1175/33/2686
s 1064
f 1177/6/2688 1216/6/2689 1156/8/2690
f 1156/8/2690 1155/8/2688 1177/6/2688
s 1065
f 1180/61/2691 1191/61/2692 1190/62/2693
f 1190/62/2693 1186/62/2694 1180/61/2691
s 1066
f 1182/35/2695 1204/35/2696 1203/37/2696
f 1203/37/2696 1160/37/2695 1182/35/2695
s 1067
f 1217/3/2697 1218/4/2698 1219/5/2697
f 1219/5/2697 1220/2/2698 1217/3/2697
s 1068
f 1221/7/2699 1218/4/2699 1217/3/2699
f 1217/3/2699 1222/6/2699 1221/7/2699
s 1069
f 1223/8/2700 1224/9/2700 1221/7/2700
f 1221/7/2700 1222/6/2700 1223/8/2700
s 1070
f 1225/11/2701 1224/9/2701 1223/8/2701
f 1223/8/2701 1226/10/2701 1225/11/2701
s 1071
f 1227/12/2702 1228/13/2702 1225/11/2702
f 1225/11/2702 1226/10/2702 1227/12/2702
s 1072
f 1229/14/2703 1228/13/2703 1227/12/2703
f 1227/12/2703 1230/15/2703 1229/14/2703
s 1073
f 1231/16/2704 1229/14/2704 1230/15/2704
f 1230/15/2704 1232/17/2704 1231/16/2704
s 1074
f 1233/18/2705 1234/19/2705 1231/16/2705
f 1231/16/2705 1232/17/2705 1233/18/2705
s 1075
f 1235/20/2706 1234/19/2706 1233/18/2706
f 1233/18/2706 1236/21/2706 1235/20/2706
s 1076
f 1237/23/2707 1238/22/2707 1235/20/2707
f 1235/20/2707 1236/21/2708 1237/23/2707
s 1077
f 1239/25/2709 1240/24/2709 1238/22/2709
f 1238/22/2709 1237/23/2709 1239/25/2709
s 1078
f 1241/27/2710 1240/24/2710 1239/25/2711
f 1239/25/2711 1242/26/2711 1241/27/2710
s 1079
f 1243/29/2712 1244/28/2713 1241/27/2713
f 1241/27/2713 1242/26/2712 1243/29/2712
s 1080
f 1245/31/2714 1246/30/2714 1244/28/2714
f 1244/28/2714 1243/29/2714 1245/31/2714
s 1081
f 1247/32/2715 1246/30/2715 1245/31/2716
f 1245/31/2716 1248/33/2716 1247/32/2715
s 1082
f 1248/33/2717 1249/35/2717 1250/34/2717
f 1250/34/2717 1247/32/2717 1248/33/2717
s 1083
f 1251/37/2718 1252/36/2718 1250/34/2718
f 1250/34/2718 1249/35/2719 1251/37/2718
s 1084
f 1253/38/2720 1252/36/2720 1251/37/2720
f 1251/37/2720 1254/39/2720 1253/38/2720
s 1085
f 1255/40/2721 1253/38/2721 1254/39/2721
f 1254/39/2721 1256/41/2721 1255/40/2721
s 1086
f 1257/42/2722 1258/43/2722 1255/40/2722
f 1255/40/2722 1256/41/2722 1257/42/2722
s 1087
f 1259/45/2723 1258/43/2723 1257/42/2723
f 1257/42/2723 1260/44/2723 1259/45/2723
s 1088
f 1261/47/2724 1262/46/2724 1259/45/2724
f 1259/45/2724 1260/44/2724 1261/47/2724
s 1089
f 1263/49/2725 1264/48/2725 1262/46/2725
f 1262/46/2725 1261/47/2725 1263/49/2725
s 1090
f 1265/51/2726 1264/48/2726 1263/49/2726
f 1263/49/2726 1266/50/2726 1265/51/2726
s 1091
f 1267/53/2727 1265/51/2727 1266/50/2728
f 1266/50/2728 1268/52/2728 1267/53/2727
s 1092
f 1269/55/2729 1270/54/2730 1267/53/2730
f 1267/53/2730 1268/52/2729 1269/55/2729
s 1093
f 1271/57/2731 1270/54/2731 1269/55/2731
f 1269/55/2731 1272/56/2731 1271/57/2731
s 1094
f 1273/59/2732 1274/58/2732 1271/57/2732
f 1271/57/2732 1272/56/2732 1273/59/2732
s 1095
f 1275/61/2733 1276/60/2733 1274/58/2733
f 1274/58/2733 1273/59/2733 1275/61/2733
s 1096
f 1277/63/2734 1276/60/2734 1275/61/2734
f 1275/61/2734 1278/62/2734 1277/63/2734
s 1097
f 1279/21/2735 1236/21/2735 1233/18/2735
f 1233/18/2735 1280/18/2735 1279/21/2735
s 1098
f 1281/64/2736 1282/65/2737 1277/63/2737
f 1277/63/2737 1278/62/2736 1281/64/2736
s 1099
f 1281/64/2738 1220/66/2739 1219/67/2740
f 1219/67/2740 1282/65/2741 1281/64/2738
s 1100
f 1219/98/2087 1218/68/2087 1221/69/2087
f 1221/69/2087 1224/70/2537 1225/71/2087
f 1219/98/2087 1221/69/2087 1225/71/2087
f 1228/72/2087 1229/73/2087 1231/74/2087
f 1225/71/2087 1228/72/2087 1231/74/2087
f 1225/71/2087 1231/74/2087 1234/75/2087
f 1234/75/2087 1235/76/2541 1238/77/2087
f 1225/71/2087 1234/75/2087 1238/77/2087
f 1225/71/2087 1238/77/2087 1240/78/2087
f 1240/78/2087 1241/79/2742 1244/80/2087
f 1225/71/2087 1240/78/2087 1244/80/2087
f 1225/71/2087 1244/80/2087 1246/81/2087
f 1246/81/2087 1247/82/2540 1250/83/2087
f 1225/71/2087 1246/81/2087 1250/83/2087
f 1225/71/2087 1250/83/2087 1252/84/2087
f 1252/84/2087 1253/85/2087 1255/86/2087
f 1225/71/2087 1252/84/2087 1255/86/2087
f 1225/71/2087 1255/86/2087 1258/87/2087
f 1258/87/2087 1259/88/2539 1262/89/2087
f 1225/71/2087 1258/87/2087 1262/89/2087
f 1225/71/2087 1262/89/2087 1264/90/2087
f 1264/90/2087 1265/91/2743 1267/92/2087
f 1225/71/2087 1264/90/2087 1267/92/2087
f 1225/71/2087 1267/92/2087 1270/93/2087
f 1270/93/2087 1271/94/2087 1274/95/2087
f 1225/71/2087 1270/93/2087 1274/95/2087
f 1225/71/2087 1274/95/2087 1276/96/2087
f 1219/98/2087 1225/71/2087 1276/96/2087
f 1219/98/2087 1276/96/2087 1277/97/2087
f 1219/98/2087 1277/97/2087 1282/99/2540
s 1101
f 1283/10/2744 1284/8/2744 1285/8/2745
f 1285/8/2745 1286/10/2745 1283/10/2744
s 1102
f 1287/39/2746 1254/39/2746 1251/37/2746
f 1251/37/2746 1288/37/2746 1287/39/2746
s 1103
f 1289/56/2747 1272/56/2747 1269/55/2747
f 1269/55/2747 1290/55/2747 1289/56/2747
s 1104
f 1226/10/2748 1283/10/2749 1291/12/2749
f 1291/12/2749 1227/12/2748 1226/10/2748
s 1105
f 1243/29/2750 1292/29/2750 1293/31/2750
f 1293/31/2750 1245/31/2751 1243/29/2750
s 1106
f 1263/49/2752 1261/47/2752 1294/47/2752
f 1294/47/2752 1295/49/2752 1263/49/2752
s 1107
f 1220/2/2753 1296/2/2754 1297/3/2753
f 1297/3/2753 1217/3/2753 1220/2/2753
s 1108
f 1220/66/2755 1281/64/2755 1298/64/2756
f 1298/64/2756 1296/66/2756 1220/66/2755
s 1109
f 1279/21/2757 1299/23/2757 1237/23/2757
f 1237/23/2757 1236/21/2757 1279/21/2757
s 1110
f 1287/39/2758 1300/41/2759 1256/41/2760
f 1256/41/2760 1254/39/2760 1287/39/2758
s 1111
f 1289/56/2761 1301/59/2761 1273/59/2762
f 1273/59/2762 1272/56/2762 1289/56/2761
s 1112
f 1302/15/2763 1230/15/2764 1227/12/2764
f 1227/12/2764 1291/12/2763 1302/15/2763
s 1113
f 1303/33/2765 1248/33/2765 1245/31/2765
f 1245/31/2765 1293/31/2765 1303/33/2765
s 1114
f 1304/50/2766 1266/50/2766 1263/49/2766
f 1263/49/2766 1295/49/2766 1304/50/2766
s 1115
f 1305/6/2767 1222/6/2768 1217/3/2768
f 1217/3/2768 1297/3/2769 1305/6/2767
s 1116
f 1237/23/2770 1299/23/2771 1306/25/2771
f 1306/25/2771 1239/25/2770 1237/23/2770
s 1117
f 1257/42/2772 1256/41/2772 1300/41/2773
f 1300/41/2773 1307/42/2772 1257/42/2772
s 1118
f 1275/61/2774 1273/59/2775 1301/59/2776
f 1301/59/2776 1308/61/2776 1275/61/2774
s 1119
f 1302/15/2777 1309/17/2777 1232/17/2778
f 1232/17/2778 1230/15/2779 1302/15/2777
s 1120
f 1303/33/2780 1310/35/2780 1249/35/2781
f 1249/35/2781 1248/33/2781 1303/33/2780
s 1121
f 1304/50/2782 1311/52/2783 1268/52/2782
f 1268/52/2782 1266/50/2782 1304/50/2782
s 1122
f 1222/6/2784 1305/6/2785 1284/8/2786
f 1284/8/2786 1223/8/2784 1222/6/2784
s 1123
f 1312/26/2787 1242/26/2788 1239/25/2788
f 1239/25/2788 1306/25/2789 1312/26/2787
s 1124
f 1313/44/2790 1260/44/2791 1257/42/2792
f 1257/42/2792 1307/42/2790 1313/44/2790
s 1125
f 1314/62/2793 1278/62/2794 1275/61/2795
f 1275/61/2795 1308/61/2793 1314/62/2793
s 1126
f 1232/17/2796 1309/17/2796 1280/18/2796
f 1280/18/2796 1233/18/2797 1232/17/2796
s 1127
f 1249/35/2798 1310/35/2799 1288/37/2799
f 1288/37/2799 1251/37/2798 1249/35/2798
s 1128
f 1269/55/2800 1268/52/2800 1311/52/2800
f 1311/52/2800 1290/55/2801 1269/55/2800
s 1129
f 1283/10/2802 1226/10/2802 1223/8/2802
f 1223/8/2802 1284/8/2803 1283/10/2802
s 1130
f 1312/26/2804 1292/29/2805 1243/29/2804
f 1243/29/2804 1242/26/2804 1312/26/2804
s 1131
f 1313/44/2806 1294/47/2806 1261/47/2806
f 1261/47/2806 1260/44/2806 1313/44/2806
s 1132
f 1314/62/2807 1298/64/2808 1281/64/2809
f 1281/64/2809 1278/62/2809 1314/62/2807
s 1133
f 1315/102/2810 1316/103/2811 1317/104/2812
f 1315/102/2810 1317/104/2812 1318/105/2813
f 1318/105/2813 1319/106/2814 1320/107/2815
f 1315/102/2810 1318/105/2813 1320/107/2815
f 1315/102/2810 1320/107/2815 1321/108/2810
f 1321/108/2810 1322/109/2816 1323/110/2811
f 1315/102/2810 1321/108/2810 1323/110/2811
f 1315/102/2810 1323/110/2811 1324/111/2810
f 1324/111/2810 1325/112/2817 1326/113/2810
f 1315/102/2810 1324/111/2810 1326/113/2810
f 1315/102/2810 1326/113/2810 1327/114/2810
f 1327/114/2810 1328/115/2818 1329/116/2810
f 1315/102/2810 1327/114/2810 1329/116/2810
f 1315/102/2810 1329/116/2810 1330/117/2810
f 1330/117/2810 1331/118/2819 1332/119/2810
f 1315/102/2810 1330/117/2810 1332/119/2810
f 1315/102/2810 1332/119/2810 1333/120/2811
f 1333/120/2811 1334/121/2820 1335/122/2811
f 1315/102/2810 1333/120/2811 1335/122/2811
f 1315/102/2810 1335/122/2811 1336/123/2810
f 1336/123/2810 1337/124/2821 1338/125/2810
f 1315/102/2810 1336/123/2810 1338/125/2810
f 1338/125/2810 1339/126/2822 1340/127/2823
f 1338/125/2810 1340/127/2823 1341/128/2810
f 1315/102/2810 1338/125/2810 1341/128/2810
f 1315/102/2810 1341/128/2810 1286/129/2810
f 1286/129/2810 1285/130/2824 1342/131/2810
f 1315/102/2810 1286/129/2810 1342/131/2810
f 1343/101/2825 1315/102/2810 1342/131/2810
f 1344/100/2826 1343/101/2825 1342/131/2810
s 1134
f 1298/64/2827 1314/62/2827 1316/62/2828
f 1316/62/2828 1315/64/2828 1298/64/2827
s 1135
f 1329/37/2829 1328/39/2830 1287/39/2831
f 1287/39/2831 1288/37/2829 1329/37/2829
s 1136
f 1291/12/2832 1283/10/2832 1286/10/2833
f 1286/10/2833 1341/12/2833 1291/12/2832
s 1137
f 1296/66/2834 1298/64/2834 1315/64/2835
f 1315/64/2835 1343/66/2836 1296/66/2834
s 1138
f 1300/41/2837 1287/39/2838 1328/39/2839
f 1328/39/2839 1327/41/2839 1300/41/2837
s 1139
f 1340/15/2840 1302/15/2840 1291/12/2841
f 1291/12/2841 1341/12/2840 1340/15/2840
s 1140
f 1307/42/2842 1300/41/2843 1327/41/2844
f 1327/41/2844 1326/42/2845 1307/42/2842
s 1141
f 1309/17/2846 1302/15/2846 1340/15/2847
f 1340/15/2847 1339/17/2846 1309/17/2846
s 1142
f 1326/42/2848 1325/44/2848 1313/44/2849
f 1313/44/2849 1307/42/2849 1326/42/2848
s 1143
f 1280/18/2850 1309/17/2851 1339/17/2850
f 1339/17/2850 1338/18/2852 1280/18/2850
s 1144
f 1294/47/2853 1313/44/2853 1325/44/2853
f 1325/44/2853 1324/47/2854 1294/47/2853
s 1145
f 1338/18/2855 1337/21/2856 1279/21/2857
f 1279/21/2857 1280/18/2857 1338/18/2855
s 1146
f 1295/49/2858 1294/47/2859 1324/47/2858
f 1324/47/2858 1323/49/2860 1295/49/2858
s 1147
f 1299/23/2861 1279/21/2862 1337/21/2862
f 1337/21/2862 1336/23/2862 1299/23/2861
s 1148
f 1323/49/2863 1322/50/2864 1304/50/2865
f 1304/50/2865 1295/49/2865 1323/49/2863
s 1149
f 1306/25/2866 1299/23/2867 1336/23/2867
f 1336/23/2867 1335/25/2867 1306/25/2866
s 1150
f 1311/52/2868 1304/50/2868 1322/50/2868
f 1322/50/2868 1321/52/2869 1311/52/2868
s 1151
f 1335/25/2870 1334/26/2870 1312/26/2871
f 1312/26/2871 1306/25/2871 1335/25/2870
s 1152
f 1290/55/2872 1311/52/2872 1321/52/2873
f 1321/52/2873 1320/55/2873 1290/55/2872
s 1153
f 1292/29/2874 1312/26/2874 1334/26/2874
f 1334/26/2874 1333/29/2875 1292/29/2874
s 1154
f 1320/55/2876 1319/56/2876 1289/56/2876
f 1289/56/2876 1290/55/2877 1320/55/2876
s 1155
f 1293/31/2878 1292/29/2879 1333/29/2880
f 1333/29/2880 1332/31/2881 1293/31/2878
s 1156
f 1296/2/2882 1343/2/2883 1344/3/2884
f 1344/3/2884 1297/3/2882 1296/2/2882
s 1157
f 1301/59/2885 1289/56/2885 1319/56/2886
f 1319/56/2886 1318/59/2885 1301/59/2885
s 1158
f 1332/31/2887 1331/33/2888 1303/33/2889
f 1303/33/2889 1293/31/2889 1332/31/2887
s 1159
f 1342/6/2890 1305/6/2891 1297/3/2891
f 1297/3/2891 1344/3/2892 1342/6/2890
s 1160
f 1308/61/2893 1301/59/2894 1318/59/2895
f 1318/59/2895 1317/61/2896 1308/61/2893
s 1161
f 1310/35/2897 1303/33/2897 1331/33/2898
f 1331/33/2898 1330/35/2899 1310/35/2897
s 1162
f 1285/8/2900 1284/8/2901 1305/6/2901
f 1305/6/2901 1342/6/2902 1285/8/2900
s 1163
f 1317/61/2903 1316/62/2903 1314/62/2904
f 1314/62/2904 1308/61/2903 1317/61/2903
s 1164
f 1288/37/2905 1310/35/2906 1330/35/2906
f 1330/35/2906 1329/37/2907 1288/37/2905
s 1165
f 1345/3/2908 1346/4/2908 1347/5/2908
f 1347/5/2908 1348/2/2908 1345/3/2908
s 1166
f 1349/7/2909 1346/4/2909 1345/3/2909
f 1345/3/2909 1350/6/2909 1349/7/2909
s 1167
f 1351/8/2910 1352/9/2911 1349/7/2911
f 1349/7/2911 1350/6/2910 1351/8/2910
s 1168
f 1353/10/2912 1354/11/2913 1352/9/2913
f 1352/9/2913 1351/8/2912 1353/10/2912
s 1169
f 1355/13/2914 1354/11/2914 1353/10/2915
f 1353/10/2915 1356/12/2915 1355/13/2914
s 1170
f 1357/15/2916 1358/14/2916 1355/13/2917
f 1355/13/2917 1356/12/2916 1357/15/2916
s 1171
f 1359/17/2918 1360/16/2919 1358/14/2918
f 1358/14/2918 1357/15/2918 1359/17/2918
s 1172
f 1361/19/2920 1360/16/2920 1359/17/2920
f 1359/17/2920 1362/18/2920 1361/19/2920
s 1173
f 1363/21/2921 1364/20/2921 1361/19/2921
f 1361/19/2921 1362/18/2921 1363/21/2921
s 1174
f 1365/23/2922 1366/22/2923 1364/20/2922
f 1364/20/2922 1363/21/2923 1365/23/2922
s 1175
f 1367/24/2924 1366/22/2924 1365/23/2924
f 1365/23/2924 1368/25/2924 1367/24/2924
s 1176
f 1369/26/2925 1370/27/2925 1367/24/2925
f 1367/24/2925 1368/25/2925 1369/26/2925
s 1177
f 1371/29/2926 1372/28/2926 1370/27/2926
f 1370/27/2926 1369/26/2926 1371/29/2926
s 1178
f 1373/30/2927 1372/28/2927 1371/29/2928
f 1371/29/2928 1374/31/2927 1373/30/2927
s 1179
f 1375/32/2929 1373/30/2929 1374/31/2929
f 1374/31/2929 1376/33/2930 1375/32/2929
s 1180
f 1377/35/2931 1378/34/2932 1375/32/2932
f 1375/32/2932 1376/33/2932 1377/35/2931
s 1181
f 1379/36/2933 1378/34/2933 1377/35/2934
f 1377/35/2934 1380/37/2934 1379/36/2933
s 1182
f 1381/38/2935 1379/36/2935 1380/37/2936
f 1380/37/2936 1382/39/2936 1381/38/2935
s 1183
f 1383/41/2937 1384/40/2938 1381/38/2938
f 1381/38/2938 1382/39/2937 1383/41/2937
s 1184
f 1385/43/2939 1384/40/2939 1383/41/2940
f 1383/41/2940 1386/42/2941 1385/43/2939
s 1185
f 1387/44/2942 1388/45/2942 1385/43/2942
f 1385/43/2942 1386/42/2943 1387/44/2942
s 1186
f 1389/47/2944 1390/46/2944 1388/45/2944
f 1388/45/2944 1387/44/2944 1389/47/2944
s 1187
f 1391/48/2945 1390/46/2945 1389/47/2945
f 1389/47/2945 1392/49/2945 1391/48/2945
s 1188
f 1393/51/2946 1391/48/2946 1392/49/2946
f 1392/49/2946 1394/50/2946 1393/51/2946
s 1189
f 1395/52/2947 1396/53/2947 1393/51/2947
f 1393/51/2947 1394/50/2947 1395/52/2947
s 1190
f 1397/54/2948 1396/53/2948 1395/52/2948
f 1395/52/2948 1398/55/2948 1397/54/2948
s 1191
f 1399/56/2949 1400/57/2949 1397/54/2949
f 1397/54/2949 1398/55/2949 1399/56/2949
s 1192
f 1401/59/2950 1402/58/2951 1400/57/2951
f 1400/57/2951 1399/56/2952 1401/59/2950
s 1193
f 1403/60/2953 1402/58/2953 1401/59/2953
f 1401/59/2953 1404/61/2953 1403/60/2953
s 1194
f 1405/62/2954 1406/63/2955 1403/60/2955
f 1403/60/2955 1404/61/2955 1405/62/2954
s 1195
f 1362/18/2956 1407/18/2957 1408/21/2958
f 1408/21/2958 1363/21/2956 1362/18/2956
s 1196
f 1409/64/2959 1410/65/2960 1406/63/2960
f 1406/63/2960 1405/62/2959 1409/64/2959
s 1197
f 1409/64/2961 1348/66/2961 1347/67/2962
f 1347/67/2962 1410/65/2962 1409/64/2961
s 1198
f 1346/68/2541 1349/69/2538 1352/70/2087
f 1347/98/2087 1346/68/2541 1352/70/2087
f 1347/98/2087 1352/70/2087 1354/71/2087
f 1354/71/2087 1355/72/2087 1358/73/2087
f 1347/98/2087 1354/71/2087 1358/73/2087
f 1347/98/2087 1358/73/2087 1360/74/2087
f 1360/74/2087 1361/75/2087 1364/76/2087
f 1347/98/2087 1360/74/2087 1364/76/2087
f 1347/98/2087 1364/76/2087 1366/77/2087
f 1366/77/2087 1367/78/2087 1370/79/2087
f 1347/98/2087 1366/77/2087 1370/79/2087
f 1347/98/2087 1370/79/2087 1372/80/2087
f 1372/80/2087 1373/81/2087 1375/82/2087
f 1347/98/2087 1372/80/2087 1375/82/2087
f 1347/98/2087 1375/82/2087 1378/83/2087
f 1378/83/2087 1379/84/2742 1381/85/2087
f 1347/98/2087 1378/83/2087 1381/85/2087
f 1347/98/2087 1381/85/2087 1384/86/2087
f 1384/86/2087 1385/87/2087 1388/88/2087
f 1347/98/2087 1384/86/2087 1388/88/2087
f 1347/98/2087 1388/88/2087 1390/89/2087
f 1390/89/2087 1391/90/2087 1393/91/2087
f 1347/98/2087 1390/89/2087 1393/91/2087
f 1347/98/2087 1393/91/2087 1396/92/2087
f 1396/92/2087 1397/93/2087 1400/94/2087
f 1347/98/2087 1396/92/2087 1400/94/2087
f 1347/98/2087 1400/94/2087 1402/95/2087
f 1402/95/2087 1403/96/2541 1406/97/2537
f 1347/98/2087 1402/95/2087 1406/97/2537
f 1347/98/2087 1406/97/2537 1410/99/2087
s 1199
f 1411/8/2963 1412/8/2963 1413/10/2964
f 1413/10/2964 1414/10/2963 1411/8/2963
s 1200
f 1415/39/2965 1382/39/2966 1380/37/2966
f 1380/37/2966 1416/37/2966 1415/39/2965
s 1201
f 1417/56/2967 1399/56/2968 1398/55/2968
f 1398/55/2968 1418/55/2967 1417/56/2967
s 1202
f 1353/10/2969 1414/10/2970 1419/12/2971
f 1419/12/2971 1356/12/2969 1353/10/2969
s 1203
f 1374/31/2972 1371/29/2972 1420/29/2973
f 1420/29/2973 1421/31/2972 1374/31/2972
s 1204
f 1392/49/2974 1389/47/2974 1422/47/2974
f 1422/47/2974 1423/49/2974 1392/49/2974
s 1205
f 1424/3/2975 1345/3/2976 1348/2/2976
f 1348/2/2976 1425/2/2976 1424/3/2975
s 1206
f 1426/64/2977 1425/66/2977 1348/66/2977
f 1348/66/2977 1409/64/2977 1426/64/2977
s 1207
f 1363/21/2978 1408/21/2978 1427/23/2978
f 1427/23/2978 1365/23/2978 1363/21/2978
s 1208
f 1428/41/2979 1383/41/2980 1382/39/2979
f 1382/39/2979 1415/39/2979 1428/41/2979
s 1209
f 1429/59/2981 1401/59/2982 1399/56/2982
f 1399/56/2982 1417/56/2981 1429/59/2981
s 1210
f 1356/12/2983 1419/12/2983 1430/15/2983
f 1430/15/2983 1357/15/2983 1356/12/2983
s 1211
f 1431/33/2984 1376/33/2985 1374/31/2985
f 1374/31/2985 1421/31/2984 1431/33/2984
s 1212
f 1432/50/2986 1394/50/2986 1392/49/2986
f 1392/49/2986 1423/49/2986 1432/50/2986
s 1213
f 1345/3/2987 1424/3/2988 1433/6/2988
f 1433/6/2988 1350/6/2987 1345/3/2987
s 1214
f 1427/23/2989 1434/25/2989 1368/25/2990
f 1368/25/2990 1365/23/2990 1427/23/2989
s 1215
f 1386/42/2991 1383/41/2992 1428/41/2991
f 1428/41/2991 1435/42/2991 1386/42/2991
s 1216
f 1404/61/2993 1401/59/2993 1429/59/2994
f 1429/59/2994 1436/61/2994 1404/61/2993
s 1217
f 1357/15/2995 1430/15/2995 1437/17/2995
f 1437/17/2995 1359/17/2995 1357/15/2995
s 1218
f 1438/35/2996 1377/35/2996 1376/33/2996
f 1376/33/2996 1431/33/2996 1438/35/2996
s 1219
f 1439/52/2997 1395/52/2998 1394/50/2999
f 1394/50/2999 1432/50/2997 1439/52/2997
s 1220
f 1350/6/3000 1433/6/3001 1411/8/3001
f 1411/8/3001 1351/8/3000 1350/6/3000
s 1221
f 1434/25/3002 1440/26/3002 1369/26/3003
f 1369/26/3003 1368/25/3003 1434/25/3002
s 1222
f 1441/44/3004 1387/44/3005 1386/42/3005
f 1386/42/3005 1435/42/3006 1441/44/3004
s 1223
f 1442/62/3007 1405/62/3008 1404/61/3008
f 1404/61/3008 1436/61/3007 1442/62/3007
s 1224
f 1359/17/3009 1437/17/3009 1407/18/3010
f 1407/18/3010 1362/18/3009 1359/17/3009
s 1225
f 1380/37/3011 1377/35/3011 1438/35/3012
f 1438/35/3012 1416/37/3012 1380/37/3011
s 1226
f 1398/55/3013 1395/52/3014 1439/52/3013
f 1439/52/3013 1418/55/3015 1398/55/3013
s 1227
f 1351/8/3016 1411/8/3016 1414/10/3016
f 1414/10/3016 1353/10/3016 1351/8/3016
s 1228
f 1371/29/3017 1369/26/3018 1440/26/3017
f 1440/26/3017 1420/29/3019 1371/29/3017
s 1229
f 1422/47/3020 1389/47/3020 1387/44/3020
f 1387/44/3020 1441/44/3020 1422/47/3020
s 1230
f 1426/64/3021 1409/64/3021 1405/62/3021
f 1405/62/3021 1442/62/3021 1426/64/3021
s 1231
f 1443/100/3022 1444/101/3023 1445/102/3022
f 1445/102/3022 1446/103/3024 1447/104/3022
f 1443/100/3022 1445/102/3022 1447/104/3022
f 1448/105/3025 1449/106/3026 1450/107/3022
f 1447/104/3022 1448/105/3025 1450/107/3022
f 1443/100/3022 1447/104/3022 1450/107/3022
f 1451/108/3027 1452/109/3028 1453/110/3029
f 1450/107/3022 1451/108/3027 1453/110/3029
f 1454/111/3022 1455/112/3030 1456/113/3022
f 1453/110/3029 1454/111/3022 1456/113/3022
f 1450/107/3022 1453/110/3029 1456/113/3022
f 1443/100/3022 1450/107/3022 1456/113/3022
f 1457/114/3031 1458/115/3032 1459/116/3033
f 1456/113/3022 1457/114/3031 1459/116/3033
f 1460/117/3034 1461/118/3035 1462/119/3022
f 1459/116/3033 1460/117/3034 1462/119/3022
f 1456/113/3022 1459/116/3033 1462/119/3022
f 1463/120/3026 1464/121/3036 1465/122/3037
f 1462/119/3022 1463/120/3026 1465/122/3037
f 1466/123/3029 1467/124/3038 1468/125/3022
f 1465/122/3037 1466/123/3029 1468/125/3022
f 1462/119/3022 1465/122/3037 1468/125/3022
f 1456/113/3022 1462/119/3022 1468/125/3022
f 1443/100/3022 1456/113/3022 1468/125/3022
f 1469/126/3039 1470/127/3040 1471/128/3022
f 1468/125/3022 1469/126/3039 1471/128/3022
f 1413/129/3041 1412/130/3042 1472/131/3038
f 1471/128/3022 1413/129/3041 1472/131/3038
f 1468/125/3022 1471/128/3022 1472/131/3038
f 1443/100/3022 1468/125/3022 1472/131/3038
s 1232
f 1442/62/3043 1446/62/3043 1445/64/3044
f 1445/64/3044 1426/64/3045 1442/62/3043
s 1233
f 1415/39/3046 1416/37/3046 1459/37/3047
f 1459/37/3047 1458/39/3048 1415/39/3046
s 1234
f 1471/12/3049 1419/12/3050 1414/10/3050
f 1414/10/3050 1413/10/3049 1471/12/3049
s 1235
f 1445/64/3051 1444/66/3052 1425/66/3053
f 1425/66/3053 1426/64/3053 1445/64/3051
s 1236
f 1415/39/3054 1458/39/3055 1457/41/3056
f 1457/41/3056 1428/41/3054 1415/39/3054
s 1237
f 1430/15/3057 1419/12/3057 1471/12/3058
f 1471/12/3058 1470/15/3059 1430/15/3057
s 1238
f 1456/42/3060 1435/42/3061 1428/41/3061
f 1428/41/3061 1457/41/3060 1456/42/3060
s 1239
f 1430/15/3062 1470/15/3063 1469/17/3063
f 1469/17/3063 1437/17/3063 1430/15/3062
s 1240
f 1441/44/3064 1435/42/3064 1456/42/3064
f 1456/42/3064 1455/44/3064 1441/44/3064
s 1241
f 1468/18/3065 1407/18/3066 1437/17/3067
f 1437/17/3067 1469/17/3068 1468/18/3065
s 1242
f 1441/44/3069 1455/44/3069 1454/47/3069
f 1454/47/3069 1422/47/3069 1441/44/3069
s 1243
f 1408/21/3070 1407/18/3071 1468/18/3071
f 1468/18/3071 1467/21/3070 1408/21/3070
s 1244
f 1453/49/3072 1423/49/3073 1422/47/3073
f 1422/47/3073 1454/47/3072 1453/49/3072
s 1245
f 1408/21/3074 1467/21/3075 1466/23/3075
f 1466/23/3075 1427/23/3074 1408/21/3074
s 1246
f 1432/50/3076 1423/49/3076 1453/49/3077
f 1453/49/3077 1452/50/3077 1432/50/3076
s 1247
f 1427/23/3078 1466/23/3079 1465/25/3079
f 1465/25/3079 1434/25/3078 1427/23/3078
s 1248
f 1432/50/3080 1452/50/3081 1451/52/3081
f 1451/52/3081 1439/52/3080 1432/50/3080
s 1249
f 1465/25/3082 1464/26/3083 1440/26/3084
f 1440/26/3084 1434/25/3084 1465/25/3082
s 1250
f 1450/55/3085 1418/55/3086 1439/52/3085
f 1439/52/3085 1451/52/3085 1450/55/3085
s 1251
f 1463/29/3087 1420/29/3088 1440/26/3088
f 1440/26/3088 1464/26/3089 1463/29/3087
s 1252
f 1417/56/3090 1418/55/3090 1450/55/3091
f 1450/55/3091 1449/56/3090 1417/56/3090
s 1253
f 1462/31/3092 1421/31/3093 1420/29/3093
f 1420/29/3093 1463/29/3092 1462/31/3092
s 1254
f 1424/3/3094 1425/2/3094 1444/2/3095
f 1444/2/3095 1443/3/3095 1424/3/3094
s 1255
f 1417/56/3096 1449/56/3097 1448/59/3097
f 1448/59/3097 1429/59/3098 1417/56/3096
s 1256
f 1431/33/3099 1421/31/3099 1462/31/3100
f 1462/31/3100 1461/33/3100 1431/33/3099
s 1257
f 1472/6/3101 1433/6/3101 1424/3/3101
f 1424/3/3101 1443/3/3102 1472/6/3101
s 1258
f 1447/61/3103 1436/61/3103 1429/59/3104
f 1429/59/3104 1448/59/3103 1447/61/3103
s 1259
f 1431/33/3105 1461/33/3106 1460/35/3106
f 1460/35/3106 1438/35/3105 1431/33/3105
s 1260
f 1411/8/3107 1433/6/3107 1472/6/3108
f 1472/6/3108 1412/8/3108 1411/8/3107
s 1261
f 1442/62/3109 1436/61/3110 1447/61/3111
f 1447/61/3111 1446/62/3112 1442/62/3109
s 1262
f 1459/37/3113 1416/37/3114 1438/35/3114
f 1438/35/3114 1460/35/3115 1459/37/3113
