# Blender 5.0.1
# www.blender.org
mtllib goddard_mandibula.mtl
o cabeza.001
v -0.015593 -0.030201 -0.559436
v 0.048707 -0.077201 -0.559436
v 0.113307 -0.030601 -0.559436
v 0.088907 0.045299 -0.559436
v 0.009307 0.045500 -0.559436
v -0.015593 -0.030201 -0.768936
v 0.009307 0.045500 -0.768936
v 0.088907 0.045299 -0.768936
v 0.113307 -0.030601 -0.768936
v 0.048707 -0.077201 -0.768936
v -0.126493 -0.491601 0.340164
v -0.083893 -0.516401 0.378964
v -0.124093 -0.485001 0.396264
v -0.175793 -0.452401 0.354564
v -0.158093 -0.453501 0.417064
v -0.215993 -0.414301 0.372664
v -0.185893 -0.422201 0.440164
v -0.247693 -0.377501 0.393464
v -0.206993 -0.391701 0.464764
v -0.271193 -0.342301 0.416464
v -0.220593 -0.363101 0.490764
v -0.286193 -0.309701 0.441864
v -0.226293 -0.337300 0.518364
v -0.292393 -0.280801 0.469864
v -0.223493 -0.315201 0.547664
v -0.289393 -0.256701 0.500664
v -0.163493 -0.468401 0.294464
v -0.218993 -0.422601 0.306564
v -0.263893 -0.378201 0.322064
v -0.298993 -0.335500 0.340464
v -0.324693 -0.294700 0.361564
v -0.340993 -0.257100 0.385864
v -0.347693 -0.224200 0.414064
v -0.344293 -0.197500 0.446764
v -0.254393 -0.395901 0.253164
v -0.194893 -0.447101 0.243164
v -0.302693 -0.345700 0.266164
v -0.340393 -0.296701 0.281764
v -0.368193 -0.249301 0.300364
v -0.385793 -0.205500 0.323064
v -0.392893 -0.167401 0.351164
v -0.389193 -0.137301 0.386064
v -0.220293 -0.428601 0.187564
v -0.282293 -0.372901 0.195464
v -0.332893 -0.317401 0.205764
v -0.372793 -0.262000 0.218264
v -0.238993 -0.414100 0.128764
v -0.302593 -0.354901 0.134564
v -0.314993 -0.343200 0.071264
v -0.250593 -0.404600 0.067764
v 0.004007 -0.273400 0.743464
v -0.032493 -0.231600 0.731264
v -0.091893 -0.220400 0.704164
v -0.045593 -0.267901 0.722364
v -0.061893 -0.187501 0.718264
v -0.128393 -0.172101 0.685264
v -0.155793 -0.123400 0.666564
v -0.084593 -0.141901 0.704964
v -0.143793 -0.214700 0.673864
v -0.090493 -0.266700 0.697964
v -0.185893 -0.162601 0.648764
v -0.217593 -0.110500 0.623664
v -0.174493 -0.074801 0.649064
v -0.239393 -0.058900 0.599864
v -0.188493 -0.213700 0.640864
v -0.130593 -0.269100 0.670564
v -0.234893 -0.158301 0.609164
v -0.270393 -0.103000 0.576764
v -0.295393 -0.048000 0.545164
v -0.225993 -0.217100 0.605764
v -0.164693 -0.274800 0.640764
v -0.275693 -0.159101 0.567464
v -0.314493 -0.100801 0.526864
v -0.342793 -0.042401 0.485864
v -0.255693 -0.225101 0.569864
v -0.191993 -0.284200 0.609764
v -0.307893 -0.165401 0.525164
v -0.349393 -0.104901 0.476464
v -0.380793 -0.043600 0.425364
v -0.276993 -0.238200 0.534364
v -0.211893 -0.297500 0.578364
v -0.330893 -0.178001 0.484264
v -0.374593 -0.116700 0.428664
v -0.408693 -0.053800 0.367964
v -0.039493 -0.251001 -0.705336
v -0.002993 -0.292600 -0.718236
v -0.052093 -0.285801 -0.697536
v -0.098393 -0.238401 -0.678436
v -0.096493 -0.283201 -0.673536
v -0.149793 -0.231100 -0.648536
v -0.135993 -0.284101 -0.646636
v -0.193893 -0.228501 -0.615836
v -0.169493 -0.288301 -0.617636
v -0.230693 -0.230201 -0.581336
v -0.196393 -0.296100 -0.587336
v -0.259793 -0.236601 -0.546136
v -0.215693 -0.308000 -0.556936
v -0.280593 -0.248101 -0.511636
v -0.226793 -0.324401 -0.527336
v -0.292493 -0.265200 -0.479036
v -0.134993 -0.190301 -0.658536
v -0.068993 -0.207300 -0.691436
v -0.191893 -0.179001 -0.622236
v -0.240193 -0.172900 -0.582936
v -0.280293 -0.171901 -0.541636
v -0.311793 -0.176400 -0.500036
v -0.334293 -0.187300 -0.460036
v -0.347193 -0.205301 -0.423636
v -0.091893 -0.162000 -0.677136
v -0.162493 -0.141801 -0.638736
v -0.223593 -0.126900 -0.595836
v -0.275593 -0.117400 -0.549136
v -0.318993 -0.113200 -0.499536
v -0.353193 -0.115300 -0.449736
v -0.377693 -0.125200 -0.402636
v -0.391793 -0.144301 -0.361236
v -0.107393 -0.116501 -0.663436
v -0.181193 -0.093500 -0.620036
v -0.245393 -0.075501 -0.570836
v -0.300593 -0.062401 -0.516136
v -0.347093 -0.054401 -0.456936
v -0.384393 -0.053401 -0.396736
v -0.411393 -0.061501 -0.340036
v -0.427193 -0.081600 -0.291736
v -0.404393 0.008799 -0.345536
v -0.125693 -0.489401 -0.385036
v -0.085293 -0.520401 -0.369036
v -0.127793 -0.495101 -0.329936
v -0.177193 -0.456201 -0.342736
v -0.164593 -0.471401 -0.283936
v -0.220193 -0.425901 -0.294236
v -0.195793 -0.449601 -0.232436
v -0.255393 -0.398600 -0.240436
v -0.220993 -0.430501 -0.176536
v -0.282993 -0.375001 -0.182336
v -0.239493 -0.415301 -0.117536
v -0.303093 -0.356301 -0.121036
v -0.250793 -0.405201 -0.056436
v -0.315293 -0.343900 -0.057536
v -0.254693 -0.401400 0.005764
v -0.319293 -0.339201 0.006864
v -0.159793 -0.458401 -0.404336
v -0.217493 -0.418600 -0.359136
v -0.265193 -0.381901 -0.307836
v -0.303793 -0.348701 -0.251336
v -0.333793 -0.319700 -0.190236
v -0.355293 -0.296500 -0.125936
v -0.368193 -0.281000 -0.059336
v -0.249493 -0.382301 -0.378236
v -0.187893 -0.427601 -0.425836
v -0.300493 -0.339700 -0.324336
v -0.341693 -0.300101 -0.264836
v -0.373793 -0.264701 -0.200436
v -0.273193 -0.347800 -0.399536
v -0.209193 -0.397900 -0.448836
v -0.326393 -0.299501 -0.343536
v -0.369693 -0.253300 -0.281136
v -0.403493 -0.210400 -0.213236
v -0.288493 -0.316001 -0.423236
v -0.223093 -0.370101 -0.473336
v -0.342993 -0.262700 -0.365936
v -0.387493 -0.210301 -0.301736
v -0.229193 -0.345300 -0.499536
v -0.295093 -0.288100 -0.449636
v -0.349993 -0.230800 -0.392436
v -0.394993 -0.173200 -0.327936
v -0.430793 -0.115201 -0.256036
v -0.037493 -0.547401 0.366064
v -0.011593 -0.559801 0.393164
v -0.035693 -0.542501 0.410264
v -0.062093 -0.521001 0.430764
v -0.089193 -0.495601 0.454664
v -0.112793 -0.469000 0.479864
v -0.131093 -0.442601 0.505864
v -0.143193 -0.417300 0.532364
v -0.148193 -0.393901 0.559564
v -0.145493 -0.373400 0.587464
v -0.066193 -0.532501 0.330664
v -0.096393 -0.515601 0.286164
v -0.123693 -0.499101 0.236064
v -0.146193 -0.484501 0.181764
v -0.163193 -0.472801 0.124464
v -0.173993 -0.465101 0.065064
v -0.177793 -0.462401 0.004664
v 0.078407 -0.311101 0.764664
v 0.057807 -0.283701 0.760864
v 0.047507 -0.312300 0.754264
v 0.036007 -0.249800 0.754964
v 0.014407 -0.209201 0.746964
v 0.016507 0.080200 0.735564
v 0.012607 -0.314601 0.739564
v -0.025093 -0.318401 0.719964
v -0.060393 -0.324101 0.696964
v -0.091093 -0.332101 0.671463
v -0.116193 -0.342701 0.644164
v -0.134693 -0.356401 0.615864
v 0.040607 -0.331401 -0.729736
v 0.050507 -0.304001 -0.735436
v 0.071207 -0.331101 -0.739836
v 0.006107 -0.332600 -0.715436
v -0.031193 -0.335100 -0.696336
v -0.065893 -0.339401 -0.674036
v -0.096093 -0.345901 -0.649336
v -0.120693 -0.355100 -0.622836
v -0.138593 -0.367301 -0.595636
v -0.148993 -0.383101 -0.568436
v 0.028507 -0.270500 -0.728936
v 0.006707 -0.230500 -0.720136
v -0.011193 -0.188000 -0.710436
v 0.017207 0.081899 -0.700636
v -0.038893 -0.551101 -0.357336
v -0.037293 -0.546801 -0.400636
v -0.012993 -0.563901 -0.384336
v -0.067393 -0.535801 -0.321936
v -0.097393 -0.518401 -0.277236
v -0.124493 -0.501401 -0.227136
v -0.146893 -0.486201 -0.172736
v -0.163693 -0.473900 -0.115336
v -0.174193 -0.465601 -0.055836
v -0.063793 -0.525801 -0.420136
v -0.091093 -0.500901 -0.442736
v -0.114893 -0.475001 -0.466536
v -0.133493 -0.449301 -0.490936
v -0.145893 -0.424801 -0.516036
v -0.151293 -0.402401 -0.541836
v 1.592807 -0.813001 0.657564
v 1.678307 -0.837101 0.630964
v 1.707906 -0.821901 0.627064
v 1.616707 -0.793501 0.656764
v 1.742306 -0.804901 0.621064
v 1.645507 -0.772900 0.653764
v 1.776807 -0.785101 0.614364
v 1.715507 -0.610901 0.649564
v 1.514607 -0.762700 0.685764
v 1.494507 -0.785700 0.684564
v 1.539107 -0.738901 0.684864
v 1.565207 -0.713601 0.682764
v 1.403307 -0.729101 0.713364
v 1.385607 -0.754901 0.710864
v 1.424506 -0.702500 0.714064
v 1.492306 -0.551901 0.713464
v 1.268807 -0.720600 0.735364
v 1.284607 -0.692701 0.738864
v 1.303107 -0.663601 0.740664
v 1.323006 -0.633401 0.741264
v 1.160607 -0.653500 0.761564
v 1.146307 -0.683200 0.757464
v 1.176807 -0.622600 0.764164
v 1.251507 -0.394701 0.765563
v 1.033207 -0.612201 0.780964
v 1.020207 -0.643201 0.776564
v 1.047307 -0.579600 0.784064
v 1.062407 -0.545701 0.785964
v 0.892707 -0.601001 0.791864
v 0.904307 -0.568900 0.796464
v 0.916507 -0.535000 0.799664
v 0.943207 -0.381301 0.801764
v 0.775907 -0.524101 0.807464
v 0.765807 -0.557001 0.802864
v 0.786107 -0.489200 0.810664
v 0.796607 -0.452801 0.812764
v 0.650007 -0.478701 0.813864
v 0.641407 -0.512200 0.809564
v 0.657807 -0.443101 0.816764
v 0.665607 -0.405700 0.818564
v 0.521607 -0.467301 0.811664
v 0.528107 -0.433601 0.815564
v 0.533207 -0.397301 0.817964
v 0.554607 -0.284701 0.819164
v 0.412207 -0.389601 0.812464
v 0.408307 -0.423401 0.809164
v 0.413907 -0.352901 0.813964
v 0.415207 -0.314201 0.814264
v 0.303807 -0.347800 0.804464
v 0.303407 -0.381501 0.802263
v 0.301407 -0.310801 0.804764
v 0.316207 -0.186700 0.803764
v 0.209107 -0.343001 0.791364
v 0.204407 -0.309500 0.791964
v 0.196707 -0.272000 0.790464
v 0.189207 -0.231900 0.787564
v 0.115007 -0.276200 0.775364
v 0.126907 -0.309900 0.777364
v 0.100707 -0.237701 0.771164
v 0.131807 0.065100 0.760364
v 1.656507 -0.851301 0.631764
v 1.716407 -0.864501 0.612464
v 1.748807 -0.858301 0.605664
v 1.786607 -0.848701 0.597264
v 1.827907 -0.835101 0.587464
v 1.880306 -0.750901 0.573964
v 0.133607 -0.337600 0.776364
v 0.206007 -0.370701 0.787664
v 0.297507 -0.410600 0.797564
v 0.400707 -0.453501 0.803864
v 0.512807 -0.497901 0.805864
v 0.631707 -0.542900 0.803464
v 0.755407 -0.587601 0.796664
v 0.881807 -0.631101 0.785564
v 1.008907 -0.672601 0.770364
v 1.134707 -0.711501 0.751464
v 1.256807 -0.747501 0.729764
v 1.373206 -0.780100 0.705764
v 1.481507 -0.808801 0.680264
v 1.578707 -0.833001 0.654564
v 0.201207 -0.364900 -0.766136
v 0.119307 -0.331101 -0.752036
v 0.107107 -0.298001 -0.749336
v 0.196207 -0.332300 -0.766036
v 0.092607 -0.260201 -0.744336
v 0.188107 -0.295601 -0.763636
v 0.079807 -0.219701 -0.738036
v 0.180407 -0.256301 -0.760036
v 0.132407 0.066300 -0.731436
v 0.175407 -0.215801 -0.755736
v 0.295307 -0.371401 -0.778536
v 0.295307 -0.404001 -0.777136
v 0.292507 -0.335301 -0.778036
v 0.289307 -0.296901 -0.776236
v 0.322007 -0.124701 -0.773736
v 0.403407 -0.413801 -0.786636
v 0.400007 -0.446501 -0.784236
v 0.404707 -0.378201 -0.787336
v 0.405707 -0.340501 -0.786936
v 0.407807 -0.301601 -0.785636
v 0.519207 -0.458301 -0.789836
v 0.513107 -0.490801 -0.786736
v 0.523907 -0.423201 -0.791436
v 0.528307 -0.386201 -0.791836
v 0.583307 -0.135300 -0.791536
v 0.640907 -0.503801 -0.788236
v 0.632807 -0.536001 -0.784636
v 0.648307 -0.469301 -0.790336
v 0.655707 -0.433101 -0.791436
v 0.663707 -0.395701 -0.791636
v 0.766807 -0.549401 -0.781836
v 0.757107 -0.581001 -0.778036
v 0.776607 -0.515701 -0.784236
v 0.786607 -0.480501 -0.785636
v 0.838307 -0.311001 -0.786136
v 0.895107 -0.594201 -0.770836
v 0.884007 -0.625001 -0.767036
v 0.906907 -0.561601 -0.773236
v 0.919307 -0.527401 -0.774636
v 0.932107 -0.492101 -0.775136
v 1.024007 -0.637401 -0.755336
v 1.011507 -0.667201 -0.751736
v 1.037807 -0.606101 -0.757636
v 1.052407 -0.573301 -0.758736
v 1.107806 -0.429601 -0.759036
v 1.151507 -0.678601 -0.735936
v 1.137707 -0.707001 -0.732636
v 1.167307 -0.648801 -0.737736
v 1.184306 -0.617701 -0.738336
v 1.201607 -0.585301 -0.738236
v 1.275707 -0.717301 -0.713136
v 1.260307 -0.744101 -0.710436
v 1.293807 -0.689501 -0.714136
v 1.313307 -0.660301 -0.714036
v 1.370307 -0.440901 -0.713136
v 1.394507 -0.753301 -0.687636
v 1.377207 -0.777901 -0.685836
v 1.415306 -0.727701 -0.687436
v 1.437707 -0.700901 -0.686136
v 1.460006 -0.672301 -0.684236
v 1.506107 -0.786201 -0.659936
v 1.486306 -0.808301 -0.659436
v 1.530206 -0.763401 -0.658236
v 1.556007 -0.739101 -0.655336
v 1.607907 -0.616701 -0.646736
v 1.608506 -0.816301 -0.630836
v 1.584907 -0.834901 -0.632336
v 1.636907 -0.796501 -0.626936
v 1.666707 -0.774901 -0.622036
v 1.695007 -0.750801 -0.616936
v 1.700007 -0.843801 -0.601036
v 1.670607 -0.858301 -0.605636
v 1.734107 -0.827401 -0.594236
v 1.768407 -0.808401 -0.586736
v 1.756907 -0.711201 -0.582236
v 0.126207 -0.358001 -0.751736
v 1.892107 -0.760501 -0.549236
v 1.820307 -0.856401 -0.560636
v 1.779207 -0.869601 -0.571236
v 1.741807 -0.878701 -0.580336
v 1.709207 -0.884601 -0.587536
v 1.649107 -0.871801 -0.607036
v 1.571107 -0.853901 -0.630036
v 1.473807 -0.830201 -0.655836
v 1.365307 -0.801901 -0.681536
v 1.248807 -0.769801 -0.705636
v 1.126507 -0.734001 -0.727536
v 1.000807 -0.695201 -0.746436
v 0.873607 -0.653801 -0.761636
v 0.747207 -0.610201 -0.772736
v 0.623607 -0.565401 -0.779436
v 0.504807 -0.520101 -0.781736
v 0.392807 -0.475301 -0.779636
v 0.289807 -0.432001 -0.773236
v 0.198507 -0.391601 -0.763136
v 0.109907 -0.617501 0.445164
v 0.098007 -0.603801 0.477464
v 0.012007 -0.560901 0.457464
v 0.030107 -0.577801 0.429764
v 0.202607 -0.660501 0.456664
v 0.195007 -0.648800 0.492164
v 0.306407 -0.705201 0.464764
v 0.301807 -0.694901 0.502164
v 0.419307 -0.750301 0.469464
v 0.417007 -0.740901 0.507864
v 0.539207 -0.794801 0.470664
v 0.538807 -0.786201 0.509364
v 0.664107 -0.838001 0.468464
v 0.665307 -0.830101 0.506864
v 0.792107 -0.879201 0.462664
v 0.794807 -0.871701 0.500364
v 0.921007 -0.917501 0.453464
v 0.925307 -0.910501 0.490064
v 1.048907 -0.952601 0.441264
v 1.054807 -0.946201 0.476364
v 1.173506 -0.984101 0.426364
v 1.181407 -0.978201 0.459664
v 1.292707 -1.011601 0.409364
v 1.303006 -1.006400 0.440264
v 1.404407 -1.035000 0.390664
v 1.417806 -1.030501 0.418564
v 1.505707 -1.053901 0.370664
v 1.523806 -1.050501 0.394864
v 1.594507 -1.068801 0.349564
v 1.619507 -1.066600 0.368764
v 0.082907 -0.586501 0.508164
v -0.008593 -0.540201 0.484864
v 0.184507 -0.634001 0.525164
v 0.294907 -0.681901 0.536664
v 0.413207 -0.729301 0.543164
v 0.537507 -0.775801 0.544864
v 0.666307 -0.820501 0.542064
v 0.797907 -0.863001 0.534864
v 0.930607 -0.902501 0.523564
v 1.062507 -0.938801 0.508464
v 1.191807 -0.971601 0.489964
v 1.316706 -1.000600 0.468364
v 1.435406 -1.025501 0.444064
v 1.546607 -1.046401 0.417064
v 1.648707 -1.063201 0.387264
v 0.068007 -0.567101 0.537464
v -0.027893 -0.517601 0.512264
v 0.173507 -0.617101 0.556164
v 0.287707 -0.666901 0.568764
v 0.409007 -0.716000 0.575764
v 0.536207 -0.763801 0.577564
v 0.667507 -0.809601 0.574364
v 0.801607 -0.853001 0.566464
v 0.936707 -0.893301 0.554164
v 1.071207 -0.930401 0.537764
v 1.203507 -0.963901 0.517664
v 1.331907 -0.993701 0.494164
v 1.454706 -1.019301 0.467564
v 1.570606 -1.040800 0.438064
v 1.677407 -1.057801 0.405664
v 0.055707 -0.546800 0.565764
v -0.043193 -0.494501 0.539464
v 0.164407 -0.599100 0.585364
v 0.281507 -0.650801 0.598564
v 0.405707 -0.701501 0.605864
v 0.535407 -0.750501 0.607564
v 0.669207 -0.797401 0.603964
v 0.805607 -0.841700 0.595364
v 0.943207 -0.883001 0.582164
v 1.080307 -0.920801 0.564764
v 1.215307 -0.955001 0.543264
v 1.346807 -0.985301 0.518264
v 1.473107 -1.011500 0.489964
v 1.592706 -1.033301 0.458564
v 1.702607 -1.049901 0.424164
v 0.047507 -0.526501 0.593264
v -0.053393 -0.471901 0.566464
v 0.158407 -0.580801 0.613164
v 0.277607 -0.634101 0.626464
v 0.403907 -0.686101 0.633764
v 0.535707 -0.736301 0.635164
v 0.671607 -0.784201 0.631064
v 0.810107 -0.829301 0.621864
v 0.949807 -0.871301 0.607964
v 1.089007 -0.909801 0.589564
v 1.226406 -0.944601 0.567064
v 1.360407 -0.975401 0.540964
v 1.489307 -1.001901 0.511364
v 1.611407 -1.023701 0.478664
v 1.722807 -1.039501 0.443064
v 0.044407 -0.506901 0.619864
v -0.057693 -0.450501 0.593364
v 0.156407 -0.562600 0.639464
v 0.276907 -0.617200 0.652564
v 0.404507 -0.670200 0.659464
v 0.537707 -0.721300 0.660564
v 0.675107 -0.769900 0.655964
v 0.815007 -0.815701 0.646264
v 0.956107 -0.858301 0.631664
v 1.096907 -0.897401 0.612564
v 1.235906 -0.932601 0.589364
v 1.371407 -0.963701 0.562464
v 1.502007 -0.990301 0.532164
v 1.625507 -1.011801 0.498764
v 1.737207 -1.026801 0.462764
v 0.047207 -0.488801 0.645664
v -0.054893 -0.431301 0.620064
v 0.159507 -0.545301 0.664564
v 0.280407 -0.600601 0.676964
v 0.408407 -0.654301 0.683364
v 0.542107 -0.705801 0.683864
v 0.679907 -0.754901 0.678964
v 0.820307 -0.801101 0.668764
v 0.962007 -0.844001 0.653664
v 1.103307 -0.883301 0.634064
v 1.242807 -0.918801 0.610464
v 1.378906 -0.950001 0.583164
v 1.510106 -0.976601 0.552664
v 1.633907 -0.997801 0.519164
v 1.745207 -1.012000 0.483264
v 0.056807 -0.472601 0.670664
v -0.044693 -0.414800 0.646564
v 0.168407 -0.529400 0.688364
v 0.288707 -0.584801 0.699864
v 0.416007 -0.638501 0.705464
v 0.549007 -0.690001 0.705464
v 0.686207 -0.739101 0.700064
v 0.826007 -0.785200 0.689464
v 0.967007 -0.828201 0.674164
v 1.107707 -0.867601 0.654364
v 1.246607 -0.903001 0.630564
v 1.382107 -0.934201 0.603264
v 1.512707 -0.960701 0.572964
v 1.636007 -0.981701 0.539864
v 1.746907 -0.995501 0.504564
v 0.072307 -0.458100 0.694464
v -0.027693 -0.400800 0.672364
v 0.182407 -0.514401 0.710664
v 0.301107 -0.569301 0.721064
v 0.426907 -0.622501 0.725764
v 0.558307 -0.673601 0.725164
v 0.694007 -0.722301 0.719364
v 0.832207 -0.768201 0.708564
v 0.971607 -0.810901 0.693064
v 1.110606 -0.850101 0.673264
v 1.247807 -0.885401 0.649664
v 1.381706 -0.916401 0.622664
v 1.510707 -0.942801 0.592864
v 1.632707 -0.963801 0.560664
v 1.742607 -0.977501 0.526464
v -0.004993 -0.388901 0.696764
v 0.092607 -0.444901 0.716664
v 0.200307 -0.500001 0.731164
v 0.316607 -0.553800 0.740364
v 0.440207 -0.606001 0.744264
v 0.569407 -0.656301 0.743064
v 0.702807 -0.704401 0.736864
v 0.838907 -0.749801 0.725964
v 0.976007 -0.792101 0.710364
v 1.112706 -0.831001 0.690664
v 1.247506 -0.866001 0.667364
v 1.378806 -0.896801 0.640964
v 1.505107 -0.923101 0.612064
v 1.624707 -0.944101 0.580964
v 1.733007 -0.958100 0.548264
v 0.022407 -0.378600 0.719164
v 0.116607 -0.432500 0.736764
v 0.221107 -0.485601 0.749564
v 0.334407 -0.537601 0.757664
v 0.455107 -0.588501 0.760764
v 0.581707 -0.637801 0.759064
v 0.712607 -0.685001 0.752564
v 0.846107 -0.729801 0.741564
v 0.980707 -0.771601 0.726064
v 1.114707 -0.810201 0.706564
v 1.246506 -0.845001 0.683664
v 1.374507 -0.875701 0.657964
v 1.497206 -0.901801 0.629964
v 1.613106 -0.922901 0.600364
v 1.718907 -0.937301 0.569464
v 0.053007 -0.369600 0.738864
v 0.143007 -0.420301 0.754264
v 0.243607 -0.470600 0.765664
v 0.353307 -0.520401 0.772764
v 0.470907 -0.569501 0.775264
v 0.594707 -0.617501 0.773064
v 0.723007 -0.663900 0.766464
v 0.854007 -0.708100 0.755364
v 0.985907 -0.749501 0.739864
v 1.117107 -0.787801 0.720664
v 1.245707 -0.822501 0.698264
v 1.370006 -0.853101 0.673264
v 1.488307 -0.879301 0.646364
v 1.599406 -0.900401 0.618164
v 1.701007 -0.915501 0.589464
v 0.084407 -0.360800 0.755264
v 0.169107 -0.407201 0.768764
v 0.265407 -0.454001 0.779064
v 0.371807 -0.501201 0.785564
v 0.486507 -0.548501 0.787564
v 0.607807 -0.595301 0.785164
v 0.733807 -0.640801 0.778464
v 0.862507 -0.684501 0.767264
v 0.992107 -0.725700 0.751964
v 1.120707 -0.763901 0.732964
v 1.246307 -0.798601 0.711064
v 1.367007 -0.829501 0.686664
v 1.480907 -0.855901 0.660564
v 1.586406 -0.877401 0.633864
v 1.681906 -0.893101 0.607264
v 0.112207 -0.350600 0.767964
v 0.191607 -0.391401 0.780064
v 0.284307 -0.434400 0.789864
v 0.388107 -0.479200 0.795964
v 0.500907 -0.524801 0.797864
v 0.620307 -0.570500 0.795364
v 0.744607 -0.615501 0.788464
v 0.871707 -0.658901 0.777364
v 0.999707 -0.700001 0.762164
v 1.126307 -0.738401 0.743364
v 1.249606 -0.773600 0.721564
v 1.367407 -0.805001 0.697564
v 1.477607 -0.832301 0.672164
v 1.577807 -0.854701 0.646364
v 1.665807 -0.871401 0.621564
v 0.042607 -0.589401 0.401364
v 0.113907 -0.625301 0.409864
v 0.204607 -0.667701 0.417964
v 0.307207 -0.712101 0.424164
v 0.419107 -0.757001 0.427764
v 0.538307 -0.801301 0.428664
v 0.662507 -0.844301 0.426664
v 0.789907 -0.885301 0.421564
v 0.918307 -0.923401 0.413464
v 1.045507 -0.958201 0.402664
v 1.169407 -0.989401 0.389764
v 1.287707 -1.016600 0.375064
v 1.398106 -1.039400 0.359264
v 1.497506 -1.057601 0.343264
v 1.577207 -1.070500 0.329064
v 1.669107 -1.079701 0.327364
v 1.639007 -1.079001 0.316964
v 1.703407 -1.079001 0.339864
v 1.740107 -1.076100 0.354664
v 1.773807 -1.070300 0.370464
v 1.801907 -1.061601 0.387364
v 1.823507 -1.050201 0.405464
v 1.838107 -1.036400 0.424964
v 1.846007 -1.020800 0.445964
v 1.847306 -1.003801 0.468264
v 1.842207 -0.985601 0.491464
v 1.831007 -0.966101 0.515164
v 1.813907 -0.945501 0.538564
v 1.791707 -0.923901 0.561164
v 1.765807 -0.902001 0.581964
v 1.739807 -0.881801 0.599264
v 1.771507 -1.098400 -0.255436
v 1.722207 -1.092101 -0.288936
v 1.773607 -1.092800 -0.296236
v 1.834507 -1.099001 -0.259936
v 1.819707 -1.090500 -0.306536
v 1.886307 -1.094900 -0.267636
v 1.859607 -1.085001 -0.318736
v 1.925807 -1.086201 -0.277936
v 1.891007 -1.076001 -0.332636
v 1.956506 -1.074500 -0.290936
v 1.913607 -1.064000 -0.348536
v 1.979306 -1.060401 -0.306536
v 1.994607 -1.044601 -0.325236
v 1.928807 -1.050100 -0.366636
v 1.937207 -1.035101 -0.387036
v 2.002407 -1.027800 -0.347036
v 1.883407 -1.101701 -0.220636
v 1.815006 -1.103001 -0.217936
v 1.937707 -1.095201 -0.226436
v 1.979107 -1.084201 -0.235336
v 2.011307 -1.070001 -0.247336
v 2.035707 -1.053601 -0.262736
v 2.052307 -1.035601 -0.282136
v 2.060007 -1.016600 -0.305736
v 1.851207 -1.105501 -0.176936
v 1.922907 -1.102301 -0.178536
v 1.979207 -1.093601 -0.183036
v 2.022207 -1.080101 -0.190636
v 2.056507 -1.063201 -0.201536
v 2.083307 -1.043901 -0.216436
v 2.101907 -1.022801 -0.236436
v 2.110407 -1.001001 -0.262536
v 1.954507 -1.101801 -0.134236
v 1.879207 -1.106201 -0.133436
v 2.011307 -1.090701 -0.137536
v 2.055007 -1.074401 -0.143636
v 2.090606 -1.054301 -0.153036
v 2.119406 -1.030800 -0.166936
v 2.140307 -1.005000 -0.187236
v 2.150507 -0.978801 -0.216236
v 1.978606 -1.100901 -0.088236
v 1.901407 -1.106501 -0.088036
v 2.034407 -1.087500 -0.090136
v 2.077307 -1.068200 -0.094336
v 2.113407 -1.044201 -0.101336
v 2.143907 -1.015301 -0.112836
v 2.167707 -0.982001 -0.131836
v 2.187407 -0.876701 -0.176236
v 1.995507 -1.100401 -0.040936
v 1.916307 -1.106701 -0.041436
v 2.048807 -1.084801 -0.041336
v 2.090107 -1.063001 -0.042836
v 2.126007 -1.035101 -0.046136
v 2.158107 -0.999801 -0.052636
v 2.210607 -0.842001 -0.074336
v 1.791507 -0.900601 -0.557936
v 1.845307 -0.894601 -0.541836
v 1.899907 -0.918701 -0.512436
v 1.835006 -0.922901 -0.534336
v 1.894607 -0.883601 -0.526536
v 1.949207 -0.906301 -0.492936
v 1.935707 -0.866901 -0.512336
v 1.995607 -0.827001 -0.476036
v 1.939607 -0.939901 -0.483436
v 1.872307 -0.945201 -0.509636
v 1.985207 -0.924801 -0.460736
v 2.020707 -0.904201 -0.440936
v 1.965307 -0.958001 -0.454836
v 1.902907 -0.966701 -0.484136
v 2.012207 -0.942301 -0.428536
v 2.050707 -0.921701 -0.404636
v 2.082607 -0.896501 -0.383536
v 2.068607 -0.789101 -0.409636
v 1.984107 -0.975701 -0.426436
v 1.923107 -0.985601 -0.458536
v 2.033607 -0.960201 -0.396136
v 2.075807 -0.939901 -0.367536
v 2.124907 -0.827101 -0.331536
v 1.996607 -0.993101 -0.398436
v 1.934407 -1.002700 -0.433536
v 2.049407 -0.978501 -0.364036
v 2.095607 -0.959201 -0.330236
v 2.133907 -0.934101 -0.297536
v 2.002807 -1.010501 -0.371636
v 1.938907 -1.019101 -0.409536
v 2.058707 -0.997401 -0.333536
v 2.107806 -0.979601 -0.294536
v 2.164107 -0.870401 -0.248536
v 1.851107 -0.874601 0.567864
v 1.797507 -0.880901 0.583064
v 1.838506 -0.903701 0.559264
v 1.903106 -0.899501 0.538464
v 1.872507 -0.926301 0.534264
v 1.943506 -0.922701 0.509064
v 1.899507 -0.948001 0.508464
v 1.972607 -0.943901 0.479664
v 1.918707 -0.968501 0.482264
v 1.991606 -0.963501 0.450564
v 1.930506 -0.987701 0.456464
v 2.002207 -0.982101 0.422164
v 1.935307 -1.006001 0.431464
v 2.005907 -1.000501 0.394764
v 1.933607 -1.023501 0.407764
v 2.003307 -1.018700 0.369164
v 1.958907 -0.889201 0.519364
v 1.901006 -0.863501 0.553364
v 2.000207 -0.911601 0.486164
v 2.028207 -0.931401 0.453564
v 2.046207 -0.950101 0.421264
v 2.056807 -0.968701 0.389264
v 2.060707 -0.987801 0.358464
v 2.057606 -1.007300 0.329964
v 2.014007 -0.816901 0.499064
v 1.945007 -0.847501 0.540064
v 2.041507 -0.892901 0.466764
v 2.068506 -0.911501 0.430764
v 2.115107 -0.835101 0.397364
v 2.100106 -0.949001 0.357664
v 2.105407 -0.969301 0.321864
v 2.102206 -0.990801 0.289164
v 2.136807 -0.923901 0.326964
v 2.120907 -0.904201 0.369964
v 2.166907 -0.833301 0.284964
v 2.140807 -0.969301 0.244964
v 1.772707 -1.094900 0.265664
v 1.835307 -1.094900 0.271764
v 1.775007 -1.088400 0.307564
v 1.723706 -1.088200 0.298864
v 1.815507 -1.099800 0.228364
v 1.886007 -1.098801 0.232864
v 1.852407 -1.103201 0.187664
v 1.929407 -1.101301 0.191164
v 1.882807 -1.105301 0.144464
v 1.964507 -1.102401 0.147264
v 1.905407 -1.106401 0.099264
v 1.988907 -1.102100 0.101564
v 1.918807 -1.106701 0.052864
v 2.001907 -1.101200 0.054664
v 1.922307 -1.106701 0.005764
v 2.003607 -1.100401 0.006964
v 1.820507 -1.085301 0.319264
v 1.888307 -1.090701 0.281064
v 1.944807 -1.093101 0.240464
v 1.988407 -1.092701 0.197664
v 2.018007 -1.089800 0.152964
v 2.038306 -1.086701 0.106264
v 2.050606 -1.084401 0.057864
v 2.054106 -1.083601 0.008364
v 1.930107 -1.082201 0.293064
v 1.859107 -1.078601 0.332964
v 1.984607 -1.081101 0.251364
v 2.024407 -1.076800 0.207864
v 2.053607 -1.071101 0.161964
v 2.074806 -1.065601 0.113464
v 2.088307 -1.061501 0.062564
v 2.093607 -1.060300 0.009964
v 1.959707 -1.069301 0.307864
v 1.889406 -1.068501 0.348564
v 2.012207 -1.065001 0.265664
v 2.052006 -1.057601 0.221564
v 2.082807 -1.048700 0.174464
v 2.106107 -1.039901 0.123764
v 2.121707 -1.032801 0.069164
v 2.128707 -1.030300 0.011664
v 1.980607 -1.053800 0.325464
v 1.911206 -1.055301 0.366164
v 2.033107 -1.046701 0.283464
v 2.074207 -1.036201 0.239164
v 2.107407 -1.023401 0.191364
v 2.133707 -1.009501 0.138464
v 2.152607 -0.996701 0.079064
v 2.161906 -0.990201 0.013464
v 1.994807 -1.036600 0.345964
v 1.925507 -1.040001 0.385964
v 2.048107 -1.027201 0.304864
v 2.091207 -1.013501 0.261564
v 2.127307 -0.996201 0.214264
v 2.157706 -0.975301 0.160364
v 2.203307 -0.847601 0.093764
v 2.197006 -0.931201 0.015564
v 2.187007 -0.884901 0.193764
v 1.666007 -1.088400 -0.285036
v 1.637507 -1.083001 -0.308236
v 1.667506 -1.084101 -0.317836
v 1.701707 -1.083800 -0.329236
v 1.738907 -1.081601 -0.342736
v 1.773707 -1.077101 -0.357336
v 1.804106 -1.070201 -0.372836
v 1.828507 -1.060801 -0.389336
v 1.845906 -1.049201 -0.407236
v 1.855507 -1.035601 -0.426736
v 1.698207 -1.093801 -0.255336
v 1.732707 -1.098701 -0.218636
v 1.764507 -1.102600 -0.178036
v 1.791207 -1.105101 -0.134736
v 1.810607 -1.106100 -0.089336
v 1.823007 -1.106401 -0.042636
v 1.827607 -1.106300 0.004664
v 1.733607 -0.901301 -0.574536
v 1.760707 -0.920701 -0.558036
v 1.789207 -0.942301 -0.537736
v 1.814707 -0.963701 -0.515836
v 1.835207 -0.984001 -0.493036
v 1.849607 -1.002900 -0.470236
v 1.856707 -1.020100 -0.447836
v 1.667307 -1.084700 0.293764
v 1.699307 -1.090500 0.264064
v 1.733607 -1.095901 0.227464
v 1.765007 -1.100101 0.186964
v 1.791106 -1.103001 0.143764
v 1.810807 -1.104801 0.098464
v 1.823207 -1.105801 0.051964
v 1.617607 -1.071601 -0.358836
v 1.592907 -1.073300 -0.340636
v 1.504107 -1.058601 -0.362536
v 1.521907 -1.055701 -0.385636
v 1.402706 -1.039701 -0.383236
v 1.415807 -1.035900 -0.410136
v 1.291006 -1.016400 -0.402636
v 1.301007 -1.011901 -0.432436
v 1.171807 -0.988901 -0.420236
v 1.179406 -0.983801 -0.452436
v 1.047207 -0.957401 -0.435536
v 1.052807 -0.951701 -0.469536
v 0.919307 -0.922301 -0.448136
v 0.923207 -0.916101 -0.483536
v 0.790307 -0.884001 -0.457336
v 0.792707 -0.877301 -0.493936
v 0.662407 -0.842801 -0.463036
v 0.663307 -0.835701 -0.500336
v 0.536707 -0.791801 -0.502536
v 0.537507 -0.799601 -0.465036
v 0.415007 -0.746401 -0.500636
v 0.417607 -0.755101 -0.463336
v 0.299807 -0.700301 -0.494336
v 0.304707 -0.709901 -0.458036
v 0.193007 -0.654201 -0.483736
v 0.200907 -0.665201 -0.449236
v 0.096107 -0.609101 -0.468336
v 0.108207 -0.622101 -0.436936
v 0.028507 -0.582301 -0.420836
v 0.010207 -0.565901 -0.447536
v 1.646806 -1.068900 -0.376136
v 1.544507 -1.052301 -0.406636
v 1.433207 -1.031601 -0.434436
v 1.314407 -1.006801 -0.459436
v 1.189507 -0.977901 -0.481536
v 1.060107 -0.945201 -0.500436
v 0.928207 -0.909001 -0.515836
v 0.795607 -0.869401 -0.527236
v 0.664007 -0.827001 -0.534336
v 0.535207 -0.782201 -0.536836
v 0.410907 -0.735701 -0.534736
v 0.292707 -0.688101 -0.527736
v 0.182307 -0.640101 -0.515536
v 0.080807 -0.592401 -0.497736
v -0.010693 -0.545801 -0.473736
v 1.675807 -1.064500 -0.393236
v 1.568207 -1.047500 -0.426436
v 1.452206 -1.026201 -0.456736
v 1.329306 -1.000701 -0.483936
v 1.200907 -0.971201 -0.508036
v 1.068507 -0.937801 -0.528536
v 0.934007 -0.900701 -0.545136
v 0.798907 -0.860401 -0.557536
v 0.664907 -0.817001 -0.565336
v 0.533507 -0.771101 -0.568236
v 0.406407 -0.723301 -0.566036
v 0.285107 -0.674001 -0.558436
v 0.171107 -0.624001 -0.545236
v 0.065607 -0.573801 -0.525836
v -0.030193 -0.523901 -0.499736
v 1.701906 -1.057901 -0.410436
v 1.590107 -1.040901 -0.445536
v 1.470307 -1.019301 -0.477636
v 1.343907 -0.993301 -0.506636
v 1.212406 -0.963201 -0.532236
v 1.077307 -0.929101 -0.554136
v 0.940107 -0.891301 -0.571836
v 0.802607 -0.850101 -0.585036
v 0.666207 -0.805801 -0.593536
v 0.532407 -0.758801 -0.596936
v 0.402707 -0.709701 -0.594836
v 0.278607 -0.658901 -0.587036
v 0.161607 -0.606901 -0.573136
v 0.053007 -0.554301 -0.552736
v -0.045793 -0.501601 -0.525536
v 1.723407 -1.049101 -0.428036
v 1.608807 -1.032301 -0.464336
v 1.486207 -1.010701 -0.497736
v 1.357106 -0.984401 -0.527936
v 1.223107 -0.953801 -0.554636
v 1.085707 -0.919201 -0.577536
v 0.946407 -0.880701 -0.596136
v 0.806707 -0.838801 -0.610236
v 0.668207 -0.793601 -0.619336
v 0.532307 -0.745601 -0.623136
v 0.400607 -0.695301 -0.621336
v 0.274407 -0.643101 -0.613536
v 0.155207 -0.589501 -0.599536
v 0.044507 -0.534901 -0.578836
v -0.056293 -0.479901 -0.551136
v 1.739307 -1.038200 -0.446336
v 1.622807 -1.021701 -0.483136
v 1.498507 -1.000100 -0.517136
v 1.367707 -0.973801 -0.548136
v 1.232106 -0.942901 -0.575536
v 1.093107 -0.907901 -0.599136
v 0.952307 -0.868901 -0.618536
v 0.811207 -0.826301 -0.633136
v 0.671207 -0.780501 -0.642836
v 0.534007 -0.731701 -0.647136
v 0.400807 -0.680501 -0.645636
v 0.273307 -0.627301 -0.638236
v 0.152907 -0.572401 -0.624536
v 0.041007 -0.516401 -0.604036
v -0.060893 -0.459601 -0.576636
v 1.748307 -1.025101 -0.465536
v 1.631107 -1.009001 -0.502136
v 1.506207 -0.987601 -0.536336
v 1.374807 -0.961201 -0.567536
v 1.238607 -0.930201 -0.595336
v 1.099107 -0.895001 -0.619336
v 0.957707 -0.855801 -0.639136
v 0.816107 -0.812901 -0.654236
v 0.675607 -0.766601 -0.664336
v 0.537807 -0.717501 -0.669136
v 0.404307 -0.665801 -0.668236
v 0.276307 -0.611901 -0.661336
v 0.155607 -0.556301 -0.648236
v 0.043407 -0.499401 -0.628536
v -0.058593 -0.441501 -0.602036
v 1.749507 -1.010001 -0.485736
v 1.632807 -0.994101 -0.521736
v 1.508307 -0.972901 -0.555436
v 1.377506 -0.946601 -0.586336
v 1.241906 -0.915701 -0.614136
v 1.103007 -0.880501 -0.638236
v 0.962307 -0.841201 -0.658236
v 0.821307 -0.798301 -0.673636
v 0.681507 -0.752101 -0.684136
v 0.544407 -0.702901 -0.689336
v 0.411407 -0.651201 -0.689036
v 0.284107 -0.597301 -0.682936
v 0.164007 -0.541601 -0.670736
v 0.052507 -0.484401 -0.652336
v -0.048893 -0.426201 -0.627436
v 1.743706 -0.993001 -0.506536
v 1.628607 -0.977301 -0.541336
v 1.505807 -0.956301 -0.574136
v 1.376706 -0.930201 -0.604536
v 1.242807 -0.899401 -0.631936
v 1.105507 -0.864301 -0.655836
v 0.966407 -0.825301 -0.675836
v 0.827007 -0.782601 -0.691436
v 0.688807 -0.736701 -0.702136
v 0.553207 -0.687901 -0.707736
v 0.421807 -0.636601 -0.708036
v 0.296107 -0.583101 -0.702836
v 0.177507 -0.527901 -0.691936
v 0.067507 -0.471301 -0.675036
v -0.032393 -0.413601 -0.652136
v 1.732106 -0.974301 -0.527336
v 1.619807 -0.958801 -0.560536
v 1.499707 -0.937901 -0.592136
v 1.373307 -0.912001 -0.621636
v 1.242007 -0.881401 -0.648436
v 1.107106 -0.846601 -0.672036
v 0.970307 -0.807801 -0.691836
v 0.833207 -0.765501 -0.707536
v 0.697107 -0.720101 -0.718436
v 0.563807 -0.671901 -0.724436
v 0.434607 -0.621401 -0.725336
v 0.311107 -0.568901 -0.721036
v 0.194907 -0.514801 -0.711336
v 0.087307 -0.459401 -0.696236
v -0.010093 -0.403001 -0.675536
v 1.715707 -0.954201 -0.547636
v 1.607507 -0.938801 -0.578936
v 1.491307 -0.918001 -0.609136
v 1.368507 -0.892201 -0.637536
v 1.240407 -0.861801 -0.663636
v 1.108506 -0.827201 -0.686736
v 0.974507 -0.788701 -0.706336
v 0.839907 -0.746901 -0.721836
v 0.706407 -0.702101 -0.732936
v 0.575607 -0.654701 -0.739236
v 0.449107 -0.605301 -0.740636
v 0.328407 -0.554201 -0.737236
v 0.215207 -0.501801 -0.728736
v 0.110907 -0.448401 -0.715336
v 0.016707 -0.394201 -0.697036
v 1.695907 -0.933001 -0.566736
v 1.593107 -0.917701 -0.595936
v 1.481907 -0.896901 -0.624536
v 1.363507 -0.871001 -0.651836
v 1.239106 -0.840701 -0.677136
v 1.110407 -0.806201 -0.699736
v 0.979207 -0.768001 -0.719036
v 0.847207 -0.726601 -0.734536
v 0.716307 -0.682401 -0.745536
v 0.588107 -0.635901 -0.752136
v 0.464407 -0.587701 -0.754036
v 0.346807 -0.538301 -0.751336
v 0.237207 -0.488201 -0.743836
v 0.136807 -0.437601 -0.731936
v 0.046907 -0.386501 -0.716036
v 1.675507 -0.911601 -0.583736
v 1.579707 -0.896001 -0.610736
v 1.474006 -0.874901 -0.637936
v 1.360007 -0.848701 -0.664236
v 1.239207 -0.818201 -0.688836
v 1.113607 -0.783601 -0.710936
v 0.984907 -0.745601 -0.730036
v 0.855307 -0.704401 -0.745336
v 0.726607 -0.660701 -0.756436
v 0.600707 -0.615001 -0.763136
v 0.479507 -0.568101 -0.765436
v 0.364807 -0.520501 -0.763136
v 0.258607 -0.472901 -0.756436
v 0.162407 -0.425701 -0.745736
v 0.077807 -0.379101 -0.731736
v 1.658807 -0.890901 -0.597436
v 1.570606 -0.874501 -0.622536
v 1.470307 -0.852501 -0.648536
v 1.360007 -0.825601 -0.674236
v 1.242107 -0.794501 -0.698436
v 1.118706 -0.759601 -0.720236
v 0.992007 -0.721301 -0.739136
v 0.864007 -0.680201 -0.754436
v 0.736907 -0.636701 -0.765536
v 0.612707 -0.591701 -0.772236
v 0.493307 -0.545701 -0.774636
v 0.380707 -0.499801 -0.772636
v 0.277007 -0.454601 -0.766236
v 0.184407 -0.411201 -0.756336
v 0.105207 -0.370001 -0.743836
v 1.575707 -1.074601 -0.321036
v 1.496007 -1.061700 -0.335936
v 1.396607 -1.043501 -0.352836
v 1.286206 -1.020701 -0.369336
v 1.167907 -0.993501 -0.384536
v 1.044007 -0.962301 -0.397936
v 0.916807 -0.927501 -0.409036
v 0.788407 -0.889401 -0.417236
v 0.661007 -0.848401 -0.422236
v 0.536807 -0.805401 -0.423936
v 0.417607 -0.761101 -0.422636
v 0.305707 -0.716201 -0.418336
v 0.203107 -0.671801 -0.411436
v 0.112507 -0.629401 -0.402536
v 0.041107 -0.593401 -0.393336
v 0.005507 -0.579001 -0.319736
v 0.026207 -0.588401 -0.359436
v 0.105507 -0.629501 -0.364136
v 0.090607 -0.624201 -0.321436
v 0.187007 -0.670801 -0.324836
v 0.197907 -0.673301 -0.369936
v 0.301607 -0.718601 -0.375036
v 0.293407 -0.717901 -0.328236
v 0.414307 -0.764101 -0.378236
v 0.408407 -0.764701 -0.330536
v 0.534107 -0.808901 -0.379236
v 0.530007 -0.810601 -0.331236
v 0.659007 -0.852301 -0.377736
v 0.656407 -0.854701 -0.329936
v 0.786907 -0.893501 -0.373436
v 0.785807 -0.896401 -0.326336
v 0.915907 -0.931701 -0.366336
v 0.916407 -0.935201 -0.320236
v 1.043807 -0.966701 -0.356736
v 1.046007 -0.970501 -0.312036
v 1.168506 -0.997901 -0.345136
v 1.172807 -1.002000 -0.302136
v 1.294707 -1.029400 -0.291236
v 1.287906 -1.025101 -0.332036
v 1.399707 -1.047801 -0.318236
v 1.409806 -1.052400 -0.279936
v 1.501406 -1.066001 -0.304836
v 1.516506 -1.070801 -0.269136
v 1.590606 -1.079401 -0.293336
v 1.613007 -1.084601 -0.260336
v -0.018293 -0.566801 -0.274536
v 0.072307 -0.616001 -0.274636
v 0.173007 -0.665601 -0.276336
v 0.283007 -0.715001 -0.278436
v 0.400807 -0.763501 -0.279936
v 0.524907 -0.810701 -0.280336
v 0.653607 -0.855901 -0.279236
v 0.785107 -0.898401 -0.276336
v 0.917807 -0.937801 -0.271236
v 1.049907 -0.973701 -0.264336
v 1.179507 -1.005700 -0.256236
v 1.304806 -1.033501 -0.247336
v 1.424106 -1.056800 -0.238236
v 1.536106 -1.075501 -0.229736
v 1.639307 -1.089501 -0.222836
v -0.040993 -0.553901 -0.224536
v 0.053707 -0.606701 -0.224036
v 0.158407 -0.659101 -0.224736
v 0.271807 -0.710801 -0.225936
v 0.392707 -0.761201 -0.226836
v 0.519507 -0.809901 -0.227036
v 0.650707 -0.856201 -0.226236
v 0.784707 -0.899701 -0.223836
v 0.919907 -0.939801 -0.219836
v 1.054607 -0.976301 -0.214336
v 1.187307 -1.008801 -0.207836
v 1.316207 -1.037001 -0.200836
v 1.439707 -1.060701 -0.193636
v 1.556506 -1.079701 -0.187036
v 1.665207 -1.093701 -0.181636
v -0.060393 -0.542101 -0.170736
v 0.037407 -0.597701 -0.170136
v 0.145107 -0.652601 -0.170436
v 0.261507 -0.706301 -0.171136
v 0.385107 -0.758401 -0.171736
v 0.514407 -0.808401 -0.171836
v 0.648107 -0.855901 -0.171236
v 0.784507 -0.900301 -0.169436
v 0.922107 -0.941201 -0.166436
v 1.059507 -0.978301 -0.162336
v 1.195007 -1.011300 -0.157436
v 1.327107 -1.039901 -0.152136
v 1.454207 -1.063800 -0.146736
v 1.575007 -1.082801 -0.141836
v 1.687807 -1.096701 -0.137636
v -0.075293 -0.532301 -0.114136
v 0.024607 -0.590101 -0.113836
v 0.134507 -0.646901 -0.114136
v 0.253007 -0.702201 -0.114536
v 0.378707 -0.755701 -0.115036
v 0.510207 -0.806801 -0.115136
v 0.645907 -0.855201 -0.114736
v 0.784407 -0.900401 -0.113636
v 0.924207 -0.942001 -0.111636
v 1.063807 -0.979601 -0.108836
v 1.201707 -1.013001 -0.105436
v 1.336306 -1.041901 -0.101836
v 1.466107 -1.066001 -0.098136
v 1.589707 -1.085001 -0.094636
v 1.705507 -1.098601 -0.091636
v 0.016207 -0.584801 -0.055936
v -0.084793 -0.525601 -0.055736
v 0.127407 -0.642801 -0.056336
v 0.247307 -0.699201 -0.056836
v 0.374407 -0.753601 -0.057236
v 0.507307 -0.805501 -0.057436
v 0.644407 -0.854601 -0.057336
v 0.784407 -0.900301 -0.056836
v 0.925807 -0.942301 -0.055736
v 1.066907 -0.980301 -0.054236
v 1.206406 -1.014001 -0.052436
v 1.342706 -1.043100 -0.050436
v 1.474207 -1.067201 -0.048336
v 1.599507 -1.086100 -0.046236
v 1.717107 -1.099601 -0.044336
v 0.013307 -0.582601 0.002864
v -0.088093 -0.522901 0.003664
v 0.124907 -0.641101 0.002164
v 0.245307 -0.697901 0.001564
v 0.372907 -0.752601 0.001064
v 0.506307 -0.804801 0.000764
v 0.644007 -0.854101 0.000564
v 0.784507 -0.900101 0.000464
v 0.926407 -0.942301 0.000564
v 1.068207 -0.980401 0.000764
v 1.208206 -1.014201 0.001064
v 1.345106 -1.043301 0.001564
v 1.477307 -1.067500 0.002164
v 1.603207 -1.086401 0.002864
v 1.721207 -1.099701 0.003664
v 0.016407 -0.584201 0.061664
v -0.084593 -0.525001 0.063064
v 0.127607 -0.642301 0.060664
v 0.247507 -0.698701 0.059964
v 0.374607 -0.753101 0.059464
v 0.507407 -0.805101 0.059064
v 0.644607 -0.854101 0.058564
v 0.784607 -0.899901 0.057864
v 0.925907 -0.941901 0.056964
v 1.067107 -0.979901 0.055864
v 1.206607 -1.013600 0.054664
v 1.342807 -1.042601 0.053564
v 1.474406 -1.066701 0.052564
v 1.599707 -1.085600 0.051864
v 1.717207 -1.099001 0.051664
v 0.024907 -0.589101 0.119564
v -0.074893 -0.531201 0.121464
v 0.134807 -0.645901 0.118464
v 0.253307 -0.701301 0.117764
v 0.379007 -0.754800 0.117364
v 0.510507 -0.806001 0.116864
v 0.646207 -0.854401 0.116064
v 0.784707 -0.899601 0.114864
v 0.924507 -0.941101 0.112864
v 1.064107 -0.978701 0.110464
v 1.202007 -1.012101 0.107764
v 1.336607 -1.041000 0.105064
v 1.466507 -1.065001 0.102464
v 1.590107 -1.084000 0.100364
v 1.705806 -1.097500 0.098964
v 0.037907 -0.596201 0.175964
v -0.059793 -0.540401 0.178064
v 0.145607 -0.651101 0.174964
v 0.262007 -0.704901 0.174464
v 0.385607 -0.757101 0.174264
v 0.514907 -0.807101 0.173764
v 0.648507 -0.854601 0.172764
v 0.784907 -0.899001 0.170864
v 0.922607 -0.939901 0.167964
v 1.060007 -0.976901 0.164164
v 1.195506 -1.009900 0.159964
v 1.327606 -1.038501 0.155464
v 1.454807 -1.062400 0.151264
v 1.575506 -1.081301 0.147564
v 1.688407 -1.095101 0.144864
v 0.054407 -0.604601 0.229864
v -0.040293 -0.551801 0.231864
v 0.159107 -0.657201 0.229364
v 0.272507 -0.708901 0.229564
v 0.393307 -0.759401 0.229664
v 0.520207 -0.808101 0.229264
v 0.651307 -0.854401 0.228064
v 0.785307 -0.897901 0.225564
v 0.920507 -0.938001 0.221664
v 1.055307 -0.974501 0.216564
v 1.187907 -1.007001 0.210664
v 1.316807 -1.035101 0.204464
v 1.440407 -1.058801 0.198264
v 1.557307 -1.077601 0.192864
v 1.666007 -1.091501 0.188864
v 0.073207 -0.613501 0.280664
v -0.017293 -0.564101 0.281864
v 0.173907 -0.663201 0.281264
v 0.283807 -0.712601 0.282364
v 0.401607 -0.761201 0.283164
v 0.525707 -0.808401 0.282964
v 0.654407 -0.853601 0.281564
v 0.785907 -0.896201 0.278464
v 0.918607 -0.935501 0.273564
v 1.050707 -0.971401 0.267064
v 1.180307 -1.003301 0.259464
v 1.305607 -1.031101 0.251264
v 1.425007 -1.054401 0.243064
v 1.537007 -1.073001 0.235764
v 1.640307 -1.086901 0.230164
v 0.091707 -0.621201 0.327764
v 0.006607 -0.575900 0.327164
v 0.188107 -0.667801 0.330164
v 0.294507 -0.715001 0.332664
v 0.409407 -0.761801 0.334264
v 0.531007 -0.807701 0.334464
v 0.657407 -0.851901 0.332764
v 0.786907 -0.893601 0.329064
v 0.917407 -0.932301 0.323064
v 1.047007 -0.967601 0.315164
v 1.173806 -0.999101 0.305864
v 1.295807 -1.026501 0.295664
v 1.410907 -1.049400 0.285164
v 1.517606 -1.067801 0.275464
v 1.614107 -1.081401 0.267864
v 0.106807 -0.626001 0.370864
v 0.027507 -0.584801 0.367164
v 0.199207 -0.669801 0.375764
v 0.302807 -0.715101 0.380064
v 0.415607 -0.760701 0.382564
v 0.535407 -0.805501 0.383164
v 0.660207 -0.848901 0.381364
v 0.788207 -0.890001 0.376964
v 0.917107 -0.928301 0.369864
v 1.045007 -0.963201 0.360564
v 1.169807 -0.994401 0.349464
v 1.289107 -1.021601 0.337064
v 1.401006 -1.044300 0.324064
v 1.502707 -1.062400 0.311464
v 1.591907 -1.075801 0.300964
v -0.046893 -0.468300 0.367864
v -0.087593 -0.444401 0.332264
v -0.133593 -0.408201 0.343264
v -0.084593 -0.439401 0.381264
v -0.170693 -0.373601 0.357264
v -0.116293 -0.410701 0.397964
v -0.142093 -0.382500 0.416564
v -0.199693 -0.340601 0.373764
v -0.220993 -0.309701 0.392264
v -0.161493 -0.355601 0.436564
v -0.234493 -0.281501 0.412864
v -0.174093 -0.330701 0.457864
v -0.179393 -0.308700 0.480564
v -0.240093 -0.257100 0.435764
v -0.237493 -0.237200 0.461464
v -0.177093 -0.290401 0.504764
v -0.122893 -0.422201 0.289164
v -0.174493 -0.379801 0.298464
v -0.215593 -0.339600 0.310464
v -0.247193 -0.301500 0.324864
v -0.270193 -0.265801 0.341564
v -0.284693 -0.233501 0.361264
v -0.290493 -0.205801 0.384364
v -0.287593 -0.183700 0.411764
v -0.207993 -0.354601 0.247764
v -0.152993 -0.401800 0.239864
v -0.251893 -0.309200 0.257864
v -0.285693 -0.265701 0.270164
v -0.310293 -0.224200 0.284864
v -0.325793 -0.186501 0.303064
v -0.331993 -0.154200 0.326264
v -0.328793 -0.129300 0.355664
v -0.177193 -0.384301 0.185764
v -0.234293 -0.333000 0.192164
v -0.280093 -0.282901 0.200264
v -0.194893 -0.370500 0.127864
v -0.205993 -0.361500 0.067364
v -0.009393 -0.232300 0.660164
v 0.025807 -0.270100 0.672163
v -0.018993 -0.262100 0.653464
v -0.063193 -0.219300 0.635864
v -0.097993 -0.175100 0.617764
v -0.037293 -0.190900 0.647763
v -0.122293 -0.129000 0.600964
v -0.059393 -0.146500 0.634864
v -0.109593 -0.211301 0.609064
v -0.059393 -0.258101 0.632164
v -0.149193 -0.164001 0.585263
v -0.178793 -0.116201 0.561764
v -0.138493 -0.082801 0.585364
v -0.198493 -0.066600 0.539964
v -0.149093 -0.207600 0.580364
v -0.095093 -0.257500 0.608464
v -0.192293 -0.157601 0.550664
v -0.225093 -0.107401 0.520564
v -0.247893 -0.054701 0.491564
v -0.125393 -0.260101 0.583163
v -0.182093 -0.208100 0.550164
v -0.227893 -0.155901 0.514564
v -0.263593 -0.103201 0.476964
v -0.289693 -0.047200 0.438964
v -0.208093 -0.213000 0.519564
v -0.149593 -0.266300 0.556764
v -0.255893 -0.159300 0.478264
v -0.294093 -0.104700 0.433264
v -0.323493 -0.045601 0.385364
v -0.166993 -0.276301 0.530364
v -0.226693 -0.222500 0.489664
v -0.275893 -0.168300 0.443464
v -0.315993 -0.113001 0.392064
v -0.025393 -0.280801 -0.628536
v 0.018807 -0.290201 -0.646836
v -0.016593 -0.252801 -0.634136
v -0.069693 -0.238200 -0.610036
v -0.115293 -0.228501 -0.583736
v -0.065093 -0.275301 -0.607736
v -0.154093 -0.223100 -0.555536
v -0.100093 -0.273000 -0.584736
v -0.129693 -0.273901 -0.560236
v -0.186293 -0.221700 -0.526136
v -0.211593 -0.224800 -0.496436
v -0.153293 -0.278401 -0.534936
v -0.229693 -0.232701 -0.467636
v -0.170193 -0.286901 -0.509636
v -0.239993 -0.245900 -0.440636
v -0.179793 -0.299600 -0.485236
v -0.104593 -0.194300 -0.591036
v -0.044993 -0.212301 -0.620836
v -0.154993 -0.181300 -0.558836
v -0.197293 -0.173001 -0.524636
v -0.232093 -0.169300 -0.489136
v -0.259393 -0.170701 -0.453636
v -0.278793 -0.177901 -0.419936
v -0.289893 -0.191800 -0.389536
v -0.066093 -0.168700 -0.607436
v -0.130593 -0.149201 -0.572336
v -0.184793 -0.133701 -0.534136
v -0.230193 -0.122700 -0.493136
v -0.267793 -0.116400 -0.450036
v -0.297493 -0.115700 -0.407036
v -0.318693 -0.122000 -0.366736
v -0.330893 -0.136601 -0.331636
v -0.080993 -0.123901 -0.594136
v -0.147293 -0.102501 -0.555136
v -0.204393 -0.084100 -0.511136
v -0.252793 -0.069901 -0.462836
v -0.293693 -0.059900 -0.410536
v -0.325793 -0.057300 -0.358936
v -0.048293 -0.472201 -0.359136
v -0.086093 -0.443601 -0.371136
v -0.134893 -0.412001 -0.332536
v -0.088793 -0.447801 -0.323136
v -0.175593 -0.383101 -0.287336
v -0.123993 -0.425101 -0.279736
v -0.153893 -0.404301 -0.230136
v -0.208893 -0.357301 -0.236136
v -0.235093 -0.335001 -0.180036
v -0.177893 -0.386101 -0.175736
v -0.253893 -0.317500 -0.120136
v -0.195393 -0.371700 -0.117636
v -0.206193 -0.362200 -0.056936
v -0.209793 -0.358501 0.005264
v -0.117793 -0.415401 -0.386336
v -0.172093 -0.377801 -0.344936
v -0.216793 -0.343200 -0.297436
v -0.252893 -0.312201 -0.244136
v -0.280893 -0.285101 -0.185836
v -0.300993 -0.263601 -0.123636
v -0.143793 -0.387801 -0.403336
v -0.201193 -0.345401 -0.359636
v -0.248593 -0.305701 -0.309836
v -0.286793 -0.269100 -0.254236
v -0.316593 -0.236301 -0.193236
v -0.163293 -0.361701 -0.421636
v -0.222593 -0.315201 -0.376336
v -0.271693 -0.270701 -0.324636
v -0.311493 -0.228300 -0.266636
v -0.176093 -0.337701 -0.441336
v -0.236293 -0.287901 -0.395236
v -0.286293 -0.239200 -0.342336
v -0.327193 -0.191301 -0.282736
v -0.242193 -0.264601 -0.416536
v -0.181793 -0.316701 -0.462536
v -0.292493 -0.212600 -0.363636
v -0.333693 -0.160200 -0.303936
v -0.001093 -0.493400 0.395764
v 0.021407 -0.509201 0.382164
v -0.003193 -0.497301 0.358064
v -0.025893 -0.473801 0.412264
v -0.051493 -0.450601 0.432164
v -0.073693 -0.426701 0.452864
v -0.090893 -0.403301 0.474164
v -0.102293 -0.381100 0.496064
v -0.107193 -0.361001 0.518564
v -0.105093 -0.343801 0.541764
v -0.030793 -0.482801 0.325364
v -0.059893 -0.466501 0.282764
v -0.086093 -0.450701 0.234164
v -0.107693 -0.436601 0.181064
v -0.123993 -0.425401 0.124264
v -0.134193 -0.418101 0.064964
v -0.137893 -0.415601 0.004164
v 0.095007 -0.306201 0.691764
v 0.067607 -0.304801 0.682864
v 0.075007 -0.282301 0.687864
v 0.053607 -0.251401 0.681964
v 0.032707 -0.212600 0.674264
v 0.032307 0.076700 0.662064
v 0.036307 -0.304101 0.670364
v 0.002307 -0.304900 0.653464
v -0.029393 -0.307501 0.633864
v -0.056893 -0.312201 0.612264
v -0.079293 -0.319700 0.589164
v -0.095593 -0.330101 0.565464
v 0.087707 -0.327101 -0.666736
v 0.067507 -0.303601 -0.662336
v 0.060707 -0.324701 -0.658236
v 0.030007 -0.322701 -0.646136
v -0.003393 -0.322100 -0.629836
v -0.034493 -0.323100 -0.611036
v -0.061393 -0.326300 -0.590436
v -0.083093 -0.332101 -0.568436
v -0.098993 -0.341100 -0.545836
v -0.107993 -0.353501 -0.523436
v 0.045907 -0.273201 -0.655936
v 0.024807 -0.235601 -0.647436
v 0.008407 -0.193701 -0.638236
v 0.035007 0.077100 -0.627836
v -0.002593 -0.497601 -0.387336
v -0.004493 -0.500901 -0.350436
v 0.020007 -0.513101 -0.374536
v -0.031993 -0.486001 -0.317736
v -0.060893 -0.469201 -0.275036
v -0.086893 -0.452901 -0.226336
v -0.108393 -0.438301 -0.172936
v -0.124493 -0.426601 -0.116036
v -0.134493 -0.418600 -0.056636
v -0.027393 -0.478401 -0.402736
v -0.053093 -0.455801 -0.421236
v -0.075493 -0.432501 -0.440536
v -0.092793 -0.409801 -0.460336
v -0.104493 -0.388501 -0.480636
v -0.109793 -0.369500 -0.501636
v 1.662606 -0.822701 0.559264
v 1.579207 -0.799301 0.585264
v 1.602007 -0.782101 0.584064
v 1.691207 -0.809400 0.555164
v 1.723907 -0.795501 0.548964
v 1.629107 -0.764401 0.580964
v 1.756107 -0.777800 0.542764
v 1.698406 -0.604401 0.576664
v 1.482607 -0.772601 0.611664
v 1.501806 -0.752000 0.612564
v 1.525107 -0.730901 0.611464
v 1.549906 -0.707400 0.609364
v 1.392307 -0.719101 0.639664
v 1.375407 -0.742401 0.637464
v 1.412307 -0.695101 0.640164
v 1.479507 -0.546201 0.639464
v 1.260407 -0.708701 0.661664
v 1.275407 -0.683200 0.664764
v 1.292907 -0.657101 0.666264
v 1.312007 -0.628600 0.666864
v 1.139607 -0.672101 0.683464
v 1.153106 -0.644801 0.687164
v 1.168206 -0.616801 0.689464
v 1.242206 -0.390900 0.690764
v 1.015207 -0.632800 0.702164
v 1.027407 -0.604200 0.706264
v 1.040607 -0.574500 0.708964
v 1.054807 -0.542501 0.710864
v 0.889507 -0.591401 0.717164
v 0.900407 -0.561700 0.721464
v 0.911707 -0.530800 0.724464
v 0.937807 -0.379000 0.726464
v 0.764507 -0.548301 0.728064
v 0.773907 -0.517901 0.732264
v 0.783207 -0.485301 0.735264
v 0.792807 -0.450200 0.737364
v 0.649907 -0.473501 0.738564
v 0.642107 -0.504401 0.734564
v 0.657307 -0.440001 0.741264
v 0.665107 -0.404001 0.743064
v 0.524307 -0.460600 0.736564
v 0.530007 -0.429601 0.740164
v 0.534707 -0.395601 0.742364
v 0.555807 -0.284200 0.743564
v 0.413307 -0.417900 0.734164
v 0.416307 -0.386801 0.737064
v 0.417607 -0.352400 0.738464
v 0.419007 -0.314700 0.738764
v 0.310507 -0.346400 0.729264
v 0.310807 -0.377101 0.727364
v 0.308007 -0.311501 0.729464
v 0.323007 -0.188300 0.728464
v 0.219107 -0.340000 0.716763
v 0.214007 -0.309500 0.717164
v 0.206307 -0.273901 0.715564
v 0.199407 -0.234800 0.712864
v 0.140007 -0.308301 0.703264
v 0.128007 -0.277401 0.701164
v 0.114007 -0.240700 0.697064
v 0.145307 0.061600 0.686364
v 1.700607 -0.846201 0.541964
v 1.642307 -0.833701 0.560764
v 1.731406 -0.841901 0.535064
v 1.767707 -0.834101 0.526464
v 1.806407 -0.824101 0.516664
v 1.857507 -0.743701 0.503064
v 0.147607 -0.331600 0.702964
v 0.217407 -0.363600 0.713764
v 0.306307 -0.402401 0.723364
v 0.406907 -0.444301 0.729464
v 0.516707 -0.487701 0.731464
v 0.633507 -0.531801 0.729064
v 0.755207 -0.575601 0.722464
v 0.879707 -0.618301 0.711564
v 1.005007 -0.659001 0.696664
v 1.129007 -0.697201 0.678164
v 1.249407 -0.732501 0.656764
v 1.364106 -0.764401 0.633164
v 1.470707 -0.792401 0.608064
v 1.566207 -0.816001 0.582964
v 0.132107 -0.330500 -0.677736
v 0.210907 -0.362901 -0.691436
v 0.205407 -0.333300 -0.691136
v 0.119807 -0.300300 -0.675036
v 0.197407 -0.298600 -0.688836
v 0.105707 -0.264601 -0.670236
v 0.190207 -0.260101 -0.685336
v 0.093707 -0.224500 -0.664236
v 0.185807 -0.219301 -0.681036
v 0.147707 0.062000 -0.657836
v 0.302407 -0.400601 -0.702136
v 0.301707 -0.370900 -0.703336
v 0.298707 -0.336901 -0.702836
v 0.295907 -0.299401 -0.701036
v 0.329107 -0.127301 -0.698636
v 0.407307 -0.412001 -0.711136
v 0.404607 -0.441801 -0.709036
v 0.408307 -0.378401 -0.711836
v 0.409307 -0.341700 -0.711436
v 0.411607 -0.303001 -0.710136
v 0.515607 -0.485001 -0.711536
v 0.520807 -0.455201 -0.714336
v 0.525107 -0.422001 -0.715836
v 0.529507 -0.386201 -0.716236
v 0.584607 -0.135700 -0.715936
v 0.640507 -0.499501 -0.712736
v 0.633207 -0.529101 -0.709536
v 0.647507 -0.466901 -0.714836
v 0.654607 -0.432101 -0.715836
v 0.662507 -0.395301 -0.716036
v 0.764507 -0.544101 -0.706536
v 0.755507 -0.573201 -0.703036
v 0.773707 -0.512201 -0.708836
v 0.783407 -0.478501 -0.710136
v 0.834907 -0.309701 -0.710636
v 0.880507 -0.616301 -0.692236
v 0.890907 -0.587901 -0.695736
v 0.902207 -0.557101 -0.698036
v 0.914007 -0.524501 -0.699336
v 0.926607 -0.489901 -0.699836
v 1.006207 -0.657701 -0.677136
v 1.018007 -0.630301 -0.680536
v 1.031107 -0.600701 -0.682636
v 1.045207 -0.569501 -0.683636
v 1.100407 -0.426601 -0.683936
v 1.130606 -0.696701 -0.658436
v 1.143707 -0.670701 -0.661336
v 1.158907 -0.642701 -0.663036
v 1.175107 -0.613401 -0.663636
v 1.191706 -0.582001 -0.663436
v 1.251507 -0.733101 -0.636536
v 1.266106 -0.708801 -0.638936
v 1.283507 -0.682701 -0.639836
v 1.302107 -0.655601 -0.639536
v 1.358707 -0.437501 -0.638636
v 1.366707 -0.766301 -0.612336
v 1.383207 -0.744201 -0.613736
v 1.403207 -0.720401 -0.613536
v 1.424707 -0.695701 -0.612136
v 1.446007 -0.668701 -0.610336
v 1.492807 -0.776501 -0.586536
v 1.474006 -0.796101 -0.586336
v 1.516207 -0.755401 -0.584736
v 1.540706 -0.733401 -0.581836
v 1.592006 -0.612801 -0.573336
v 1.593307 -0.805901 -0.558036
v 1.570807 -0.822201 -0.559836
v 1.620806 -0.787701 -0.554136
v 1.648807 -0.769301 -0.549336
v 1.673907 -0.748801 -0.545036
v 1.682807 -0.832401 -0.529036
v 1.654607 -0.844801 -0.533836
v 1.715707 -0.817601 -0.522236
v 1.747307 -0.801301 -0.515236
v 1.732907 -0.710501 -0.511536
v 0.140007 -0.352801 -0.678036
v 1.799107 -0.845101 -0.489836
v 1.869607 -0.750901 -0.478636
v 1.759907 -0.856301 -0.500236
v 1.724007 -0.863401 -0.509436
v 1.634506 -0.854901 -0.535836
v 1.693107 -0.867201 -0.516936
v 1.558207 -0.837701 -0.558236
v 1.462507 -0.814601 -0.583536
v 1.355807 -0.787101 -0.608736
v 1.241007 -0.755601 -0.632436
v 1.120507 -0.720601 -0.653936
v 0.996507 -0.682501 -0.672436
v 0.871207 -0.641901 -0.687436
v 0.746707 -0.599201 -0.698336
v 0.625107 -0.555201 -0.704936
v 0.508407 -0.510801 -0.707136
v 0.398807 -0.467001 -0.705136
v 0.298307 -0.424701 -0.698836
v 0.209607 -0.385301 -0.689136
v 0.044607 -0.512000 0.436964
v 0.127407 -0.553300 0.456364
v 0.138707 -0.565501 0.428864
v 0.061707 -0.527201 0.413664
v 0.221607 -0.596901 0.470864
v 0.228907 -0.607301 0.440364
v 0.325807 -0.641701 0.480864
v 0.330507 -0.651001 0.448364
v 0.441307 -0.695201 0.453064
v 0.438707 -0.686801 0.486564
v 0.558407 -0.731300 0.488064
v 0.559207 -0.739000 0.454164
v 0.682807 -0.774500 0.485364
v 0.682107 -0.781601 0.451764
v 0.810207 -0.815601 0.478764
v 0.808107 -0.822101 0.445864
v 0.935207 -0.860001 0.436364
v 0.938707 -0.853901 0.468264
v 1.061207 -0.894601 0.423864
v 1.066307 -0.889101 0.454164
v 1.190907 -0.920801 0.437064
v 1.183907 -0.925801 0.408664
v 1.301306 -0.953001 0.391264
v 1.310507 -0.948701 0.417364
v 1.410907 -0.976101 0.372264
v 1.423106 -0.972601 0.395464
v 1.526807 -0.992301 0.371464
v 1.510307 -0.994801 0.352064
v 1.596807 -1.009400 0.330964
v 1.620007 -1.008101 0.345764
v 0.025007 -0.493201 0.459964
v 0.112907 -0.537701 0.482164
v 0.211307 -0.583701 0.498864
v 0.319007 -0.630201 0.510264
v 0.434707 -0.676601 0.516764
v 0.556707 -0.722201 0.518464
v 0.683307 -0.766201 0.515564
v 0.812707 -0.808101 0.508164
v 0.943207 -0.847101 0.496664
v 1.073007 -0.883001 0.481264
v 1.200106 -0.915401 0.462364
v 1.322907 -0.944101 0.440464
v 1.439306 -0.968801 0.415964
v 1.548007 -0.989401 0.389064
v 1.647307 -1.005901 0.359764
v 0.098507 -0.520401 0.506764
v 0.006707 -0.472901 0.482764
v 0.200607 -0.568701 0.524764
v 0.311607 -0.617101 0.537164
v 0.430207 -0.665100 0.544164
v 0.554807 -0.711901 0.545864
v 0.683807 -0.756901 0.542564
v 0.815507 -0.799701 0.534564
v 0.948307 -0.839501 0.522064
v 1.080607 -0.876201 0.505464
v 1.210606 -0.909301 0.485164
v 1.336607 -0.938701 0.461364
v 1.457007 -0.964101 0.434764
v 1.570107 -0.985401 0.405364
v 1.673707 -1.002101 0.373264
v 0.086507 -0.502501 0.530264
v -0.007993 -0.452401 0.505264
v 0.191407 -0.553001 0.549164
v 0.305207 -0.603201 0.561964
v 0.426407 -0.652601 0.569164
v 0.553407 -0.700601 0.570664
v 0.684607 -0.746801 0.566864
v 0.818507 -0.790401 0.558164
v 0.953707 -0.831101 0.544864
v 1.088407 -0.868501 0.527264
v 1.221107 -0.902301 0.505764
v 1.350106 -0.932301 0.480664
v 1.473807 -0.958201 0.452364
v 1.590307 -0.979801 0.421164
v 1.696507 -0.996201 0.386864
v -0.017893 -0.432601 0.527764
v 0.078407 -0.484800 0.553064
v 0.185107 -0.537101 0.572064
v 0.300807 -0.588801 0.584964
v 0.423907 -0.639601 0.591964
v 0.552807 -0.688800 0.593164
v 0.686007 -0.735901 0.588864
v 0.821907 -0.780300 0.579564
v 0.959107 -0.821801 0.565564
v 1.095907 -0.859801 0.547164
v 1.230807 -0.894201 0.524764
v 1.362207 -0.924601 0.498664
v 1.488406 -0.950801 0.469264
v 1.607106 -0.972301 0.436864
v 1.714407 -0.988101 0.401364
v -0.022293 -0.414201 0.550064
v 0.074907 -0.467901 0.575164
v 0.182607 -0.521601 0.593864
v 0.299407 -0.574601 0.606364
v 0.423707 -0.626401 0.612964
v 0.553907 -0.676401 0.613664
v 0.688407 -0.724201 0.608964
v 0.825707 -0.769400 0.599164
v 0.964207 -0.811401 0.584564
v 1.102507 -0.849901 0.565564
v 1.238907 -0.884601 0.542464
v 1.371907 -0.915301 0.515764
v 1.499606 -0.941601 0.485764
v 1.619406 -0.962901 0.452864
v 1.726907 -0.977901 0.417064
v 0.076907 -0.452700 0.596564
v -0.020193 -0.398001 0.572364
v 0.184907 -0.507201 0.614564
v 0.301907 -0.560901 0.626464
v 0.426607 -0.613201 0.632364
v 0.557107 -0.663801 0.632664
v 0.692007 -0.712000 0.627564
v 0.829807 -0.757501 0.617264
v 0.968807 -0.799801 0.602264
v 1.107607 -0.838601 0.582864
v 1.244607 -0.873601 0.559364
v 1.378106 -0.904301 0.532364
v 1.506407 -0.930601 0.502264
v 1.626307 -0.951501 0.469364
v 1.733607 -0.965701 0.434164
v -0.011293 -0.384600 0.594464
v 0.085207 -0.439500 0.617364
v 0.192507 -0.494201 0.634164
v 0.308907 -0.548000 0.645064
v 0.432907 -0.600500 0.650364
v 0.562807 -0.651001 0.650064
v 0.697107 -0.699301 0.644564
v 0.834207 -0.744701 0.633964
v 0.972607 -0.787101 0.618664
v 1.110807 -0.825900 0.599064
v 1.247107 -0.860801 0.575564
v 1.380107 -0.891501 0.548664
v 1.507907 -0.917601 0.518864
v 1.627407 -0.938301 0.486564
v 1.734307 -0.951801 0.452264
v 0.003807 -0.373601 0.616064
v 0.099007 -0.428100 0.637164
v 0.204807 -0.482401 0.652464
v 0.319707 -0.535801 0.662264
v 0.442207 -0.587901 0.666664
v 0.570607 -0.638101 0.665764
v 0.703407 -0.686000 0.659864
v 0.839007 -0.731201 0.649164
v 0.975807 -0.773301 0.633764
v 1.112406 -0.811901 0.614164
v 1.247206 -0.846601 0.590864
v 1.378607 -0.877101 0.564364
v 1.504906 -0.903001 0.535164
v 1.623307 -0.923401 0.503864
v 1.729407 -0.936601 0.470864
v 0.024107 -0.364900 0.636464
v 0.117107 -0.418201 0.655464
v 0.220707 -0.471401 0.669264
v 0.333407 -0.523901 0.677864
v 0.453707 -0.575101 0.681364
v 0.580007 -0.624701 0.679964
v 0.710707 -0.672001 0.673664
v 0.844107 -0.716601 0.662764
v 0.978807 -0.758301 0.647464
v 1.113207 -0.796601 0.628064
v 1.245707 -0.831001 0.605164
v 1.374606 -0.861201 0.579264
v 1.498407 -0.886801 0.550964
v 1.614807 -0.907201 0.520864
v 1.719507 -0.920501 0.489364
v 0.138707 -0.409301 0.672064
v 0.048707 -0.358101 0.655164
v 0.239307 -0.460701 0.684264
v 0.349107 -0.511601 0.691764
v 0.466707 -0.561601 0.694564
v 0.590507 -0.610201 0.692564
v 0.718707 -0.656700 0.686064
v 0.849807 -0.700801 0.675164
v 0.982007 -0.742000 0.659864
v 1.113806 -0.779801 0.640764
v 1.243507 -0.814001 0.618364
v 1.369306 -0.843901 0.593164
v 1.489707 -0.869401 0.565864
v 1.602707 -0.889701 0.537164
v 1.705207 -0.903500 0.507464
v 0.076307 -0.352400 0.671764
v 0.162407 -0.400800 0.686464
v 0.259307 -0.449601 0.697264
v 0.365807 -0.498401 0.703964
v 0.480507 -0.546800 0.706164
v 0.601607 -0.594101 0.703864
v 0.727407 -0.639901 0.697164
v 0.856107 -0.683301 0.686264
v 0.985807 -0.724100 0.671064
v 1.114907 -0.761601 0.652264
v 1.241506 -0.795601 0.630264
v 1.363806 -0.825401 0.605864
v 1.480006 -0.850801 0.579564
v 1.588607 -0.871201 0.552264
v 1.687307 -0.885601 0.524464
v 0.185607 -0.391401 0.698464
v 0.104607 -0.346901 0.685664
v 0.278607 -0.437101 0.708264
v 0.382007 -0.483501 0.714364
v 0.494007 -0.530001 0.716164
v 0.612907 -0.576100 0.713764
v 0.736507 -0.621001 0.706964
v 0.863107 -0.664001 0.696064
v 0.990607 -0.704401 0.680964
v 1.117306 -0.741901 0.662364
v 1.241107 -0.775801 0.640864
v 1.359906 -0.805901 0.617064
v 1.471807 -0.831501 0.591564
v 1.575207 -0.852201 0.565564
v 1.668206 -0.867201 0.539864
v 0.129307 -0.340300 0.696164
v 0.205407 -0.379801 0.707664
v 0.295107 -0.421901 0.716964
v 0.396207 -0.465801 0.722864
v 0.506407 -0.510600 0.724664
v 0.623707 -0.555501 0.722164
v 0.745907 -0.599701 0.715464
v 0.870907 -0.642401 0.704564
v 0.996907 -0.682801 0.689564
v 1.121707 -0.720400 0.671064
v 1.243306 -0.754800 0.649764
v 1.359307 -0.785501 0.626264
v 1.467807 -0.812001 0.601264
v 1.566107 -0.833501 0.576164
v 1.652007 -0.849501 0.552264
v 0.073307 -0.537501 0.390264
v 0.142507 -0.572400 0.398564
v 0.230907 -0.613701 0.406464
v 0.331307 -0.657200 0.412464
v 0.441207 -0.701201 0.415864
v 0.558407 -0.744901 0.416564
v 0.680907 -0.787300 0.414264
v 0.806307 -0.827701 0.409064
v 0.932907 -0.865301 0.400664
v 1.058307 -0.899701 0.389664
v 1.180506 -0.930501 0.376464
v 1.297006 -0.957301 0.361664
v 1.405607 -0.979801 0.345664
v 1.503106 -0.997801 0.329564
v 1.581107 -1.010401 0.315264
v 1.669307 -1.019900 0.310064
v 1.641007 -1.018700 0.303164
v 1.701507 -1.020001 0.318464
v 1.735707 -1.018201 0.328464
v 1.766507 -1.014300 0.339064
v 1.791707 -1.007901 0.350664
v 1.810607 -0.999101 0.364264
v 1.823207 -0.987701 0.380064
v 1.829807 -0.974501 0.398064
v 1.830507 -0.959801 0.417364
v 1.825207 -0.944301 0.437464
v 1.813907 -0.928001 0.457664
v 1.796907 -0.911201 0.477764
v 1.774807 -0.893801 0.497164
v 1.749207 -0.876101 0.515264
v 1.723507 -0.860001 0.530364
v 1.828007 -1.038200 -0.246936
v 1.769607 -1.032701 -0.279536
v 1.721107 -1.031500 -0.276136
v 1.769207 -1.037300 -0.246036
v 1.874107 -1.035301 -0.250136
v 1.812207 -1.031401 -0.285236
v 1.907507 -1.028700 -0.255236
v 1.847607 -1.027501 -0.292636
v 1.932807 -1.019801 -0.263136
v 1.874306 -1.020701 -0.301936
v 1.951407 -1.009001 -0.274136
v 1.892807 -1.011500 -0.313336
v 1.963707 -0.996601 -0.288536
v 1.905007 -1.000501 -0.327436
v 1.969207 -0.983301 -0.306436
v 1.911307 -0.988501 -0.344036
v 1.873907 -1.040701 -0.211236
v 1.811106 -1.041601 -0.211536
v 1.921107 -1.035601 -0.212136
v 1.955607 -1.027201 -0.215636
v 1.982106 -1.016201 -0.222936
v 2.002107 -1.003301 -0.233936
v 2.015207 -0.989301 -0.248636
v 2.020507 -0.974801 -0.267636
v 1.845607 -1.044001 -0.173036
v 1.910907 -1.041201 -0.171836
v 1.958907 -1.034201 -0.171836
v 1.993907 -1.023701 -0.175236
v 2.021607 -1.010401 -0.182636
v 2.043007 -0.995301 -0.193836
v 2.057107 -0.979301 -0.209136
v 2.061007 -0.966301 -0.227836
v 1.940307 -1.040800 -0.129436
v 1.872407 -1.044601 -0.131236
v 1.987307 -1.031901 -0.129336
v 2.021707 -1.019200 -0.133336
v 2.049607 -1.003400 -0.141236
v 2.071807 -0.985301 -0.152936
v 2.085507 -0.968401 -0.168736
v 2.092107 -0.952401 -0.189436
v 1.962307 -1.040201 -0.084436
v 1.893707 -1.044901 -0.086536
v 2.006607 -1.029701 -0.084536
v 2.039407 -1.014801 -0.088836
v 2.067106 -0.996201 -0.096336
v 2.088506 -0.976201 -0.108436
v 2.105407 -0.954101 -0.124936
v 2.124306 -0.854501 -0.159636
v 1.977206 -1.039901 -0.038236
v 1.908207 -1.045101 -0.040536
v 2.017407 -1.028201 -0.038236
v 2.048307 -1.011701 -0.041436
v 2.076107 -0.990101 -0.046336
v 2.098507 -0.966501 -0.051136
v 2.147207 -0.816801 -0.068636
v 1.875407 -0.898201 -0.445936
v 1.823907 -0.878201 -0.472436
v 1.772506 -0.881901 -0.488536
v 1.815006 -0.900201 -0.466936
v 1.916407 -0.889701 -0.429136
v 1.869406 -0.870101 -0.457836
v 1.959407 -0.814201 -0.413436
v 1.905307 -0.854501 -0.446036
v 1.910207 -0.914901 -0.421336
v 1.850806 -0.918001 -0.445336
v 1.948507 -0.904801 -0.400936
v 1.979907 -0.888801 -0.382536
v 1.932007 -0.928801 -0.397936
v 1.879007 -0.934801 -0.423936
v 1.972707 -0.916401 -0.374136
v 2.004807 -0.902701 -0.352436
v 2.030907 -0.880601 -0.337036
v 2.024807 -0.779701 -0.352636
v 1.949007 -0.942201 -0.374136
v 1.896907 -0.949401 -0.403136
v 1.992707 -0.930501 -0.345636
v 2.027007 -0.917601 -0.320536
v 2.072907 -0.812101 -0.285236
v 1.961207 -0.955601 -0.350436
v 1.907207 -0.962601 -0.382736
v 2.008307 -0.945001 -0.317436
v 2.045207 -0.932701 -0.288436
v 2.076206 -0.909201 -0.267336
v 1.968207 -0.969401 -0.327336
v 1.911807 -0.975601 -0.362736
v 2.017907 -0.959801 -0.290836
v 2.055607 -0.948501 -0.260136
v 2.106406 -0.847001 -0.217036
v 1.778907 -0.860701 0.514164
v 1.830407 -0.856401 0.498864
v 1.880507 -0.876601 0.472164
v 1.819007 -0.879001 0.492864
v 1.918507 -0.894701 0.446564
v 1.852307 -0.896801 0.470964
v 1.945007 -0.910901 0.422164
v 1.878407 -0.913901 0.448864
v 1.961707 -0.926201 0.398364
v 1.896707 -0.930201 0.426864
v 1.970906 -0.941501 0.374664
v 1.907706 -0.946101 0.404864
v 1.974107 -0.957201 0.351064
v 1.912107 -0.961901 0.383264
v 1.971807 -0.973201 0.328564
v 1.910807 -0.977201 0.362464
v 1.929507 -0.870901 0.454264
v 1.877007 -0.850001 0.484164
v 1.967907 -0.889301 0.424464
v 1.988907 -0.900301 0.402764
v 2.002007 -0.917701 0.376764
v 2.014807 -0.934301 0.344364
v 2.020007 -0.946901 0.320264
v 2.017407 -0.963801 0.295464
v 1.915707 -0.835201 0.473064
v 1.981007 -0.803901 0.434364
v 2.005107 -0.873001 0.406664
v 2.017007 -0.879701 0.396264
v 2.067907 -0.810001 0.350164
v 2.049807 -0.916801 0.321364
v 2.051607 -0.934801 0.295864
v 2.052207 -0.953801 0.259064
v 2.085307 -0.878401 0.312464
v 2.079907 -0.888001 0.315264
v 2.107007 -0.806601 0.263264
v 2.083507 -0.939401 0.220464
v 1.770207 -1.033901 0.254864
v 1.722407 -1.027701 0.284664
v 1.770907 -1.028601 0.289064
v 1.829107 -1.034401 0.257064
v 1.811806 -1.038501 0.220464
v 1.877707 -1.037901 0.221464
v 1.918707 -1.040201 0.182464
v 1.847707 -1.041700 0.182064
v 1.877207 -1.043701 0.140864
v 1.950307 -1.041500 0.140664
v 1.898807 -1.044701 0.097564
v 1.971307 -1.041601 0.097264
v 1.982307 -1.041000 0.053264
v 1.911307 -1.045101 0.052364
v 1.914307 -1.045101 0.005964
v 1.984007 -1.040201 0.007964
v 1.877107 -1.031500 0.260964
v 1.812907 -1.026701 0.295664
v 1.928807 -1.033901 0.223164
v 1.966107 -1.034201 0.183164
v 1.989907 -1.032701 0.141964
v 2.006207 -1.030701 0.098864
v 2.016507 -1.028901 0.054464
v 2.020307 -1.027901 0.008564
v 1.847507 -1.022200 0.303564
v 1.912407 -1.025700 0.266364
v 1.959007 -1.025601 0.227964
v 1.991207 -1.023100 0.188964
v 2.015107 -1.019101 0.148064
v 2.032807 -1.015000 0.104164
v 2.044407 -1.011801 0.057364
v 2.049707 -1.010501 0.008064
v 1.873507 -1.014801 0.313464
v 1.935807 -1.016301 0.276064
v 1.979807 -1.013400 0.238764
v 2.012507 -1.008000 0.200164
v 2.038007 -1.001300 0.158664
v 2.057606 -0.994401 0.113064
v 2.070907 -0.989001 0.062864
v 2.077307 -0.986901 0.008364
v 1.891807 -1.004501 0.326764
v 1.952507 -1.003801 0.290164
v 1.996506 -0.998401 0.253864
v 2.030707 -0.990101 0.215764
v 2.058507 -0.979901 0.173964
v 2.078307 -0.971301 0.128164
v 2.093407 -0.963501 0.070464
v 2.102007 -0.957601 0.009764
v 1.903806 -0.991601 0.343364
v 1.964407 -0.989101 0.307964
v 2.009207 -0.981401 0.272964
v 2.045207 -0.970101 0.236064
v 2.073907 -0.958001 0.195064
v 2.097207 -0.945001 0.149364
v 2.140807 -0.821801 0.081364
v 2.133806 -0.905201 0.011664
v 2.126507 -0.856901 0.176564
v 1.667807 -1.024001 -0.301936
v 1.639707 -1.022501 -0.295736
v 1.667506 -1.027501 -0.275436
v 1.699907 -1.024401 -0.309336
v 1.734807 -1.023201 -0.318636
v 1.767007 -1.020100 -0.328436
v 1.794407 -1.015101 -0.339136
v 1.815807 -1.008000 -0.351336
v 1.830607 -0.998901 -0.365236
v 1.838307 -0.988101 -0.380736
v 1.699106 -1.032601 -0.248536
v 1.732907 -1.037401 -0.214036
v 1.763807 -1.041101 -0.175436
v 1.789407 -1.043501 -0.133536
v 1.808207 -1.044500 -0.089036
v 1.820207 -1.044801 -0.042736
v 1.824707 -1.044701 0.004264
v 1.717006 -0.880701 -0.505236
v 1.743907 -0.896301 -0.490536
v 1.772207 -0.914001 -0.472636
v 1.797507 -0.931001 -0.453736
v 1.817806 -0.946801 -0.434836
v 1.831707 -0.961901 -0.416036
v 1.838607 -0.975801 -0.397736
v 1.668707 -1.024001 0.282764
v 1.700207 -1.029400 0.255864
v 1.733707 -1.034601 0.221564
v 1.764207 -1.038700 0.182964
v 1.789607 -1.041500 0.141264
v 1.808707 -1.043201 0.097064
v 1.820707 -1.044201 0.051164
v 1.525007 -0.997201 -0.363636
v 1.508706 -0.999201 -0.345336
v 1.595206 -1.013600 -0.323336
v 1.618307 -1.012801 -0.337136
v 1.421207 -0.977601 -0.388336
v 1.409307 -0.980501 -0.366336
v 1.308606 -0.953901 -0.410936
v 1.299707 -0.957501 -0.386036
v 1.189007 -0.926001 -0.431336
v 1.182307 -0.930301 -0.403936
v 1.064407 -0.894401 -0.448836
v 1.059607 -0.899201 -0.419536
v 0.936807 -0.859201 -0.463136
v 0.933507 -0.864601 -0.432336
v 0.808407 -0.820901 -0.473736
v 0.806507 -0.826701 -0.441936
v 0.681007 -0.779801 -0.480336
v 0.680507 -0.786201 -0.447736
v 0.556507 -0.736601 -0.482636
v 0.557507 -0.743601 -0.449836
v 0.436907 -0.692101 -0.480636
v 0.439607 -0.699801 -0.448236
v 0.324007 -0.647001 -0.474336
v 0.328907 -0.655501 -0.443036
v 0.219807 -0.602001 -0.463636
v 0.227407 -0.611801 -0.434236
v 0.125707 -0.558301 -0.448336
v 0.137107 -0.569901 -0.421836
v 0.043007 -0.516801 -0.428136
v 0.060207 -0.531601 -0.405836
v 1.545907 -0.994901 -0.379936
v 1.645507 -1.011101 -0.350136
v 1.437106 -0.974501 -0.407636
v 1.320707 -0.950001 -0.432836
v 1.198006 -0.921401 -0.455336
v 1.070807 -0.889001 -0.474636
v 0.941007 -0.853201 -0.490336
v 0.810507 -0.814201 -0.501936
v 0.681207 -0.772301 -0.509236
v 0.554607 -0.728301 -0.511836
v 0.432607 -0.682701 -0.509636
v 0.317007 -0.636201 -0.502536
v 0.209407 -0.589501 -0.490436
v 0.111107 -0.543401 -0.472936
v 0.023207 -0.498601 -0.449936
v 1.567806 -0.991501 -0.394936
v 1.672507 -1.008101 -0.362736
v 1.454507 -0.970601 -0.425036
v 1.334107 -0.945401 -0.452336
v 1.208107 -0.916101 -0.476636
v 1.078107 -0.883001 -0.497436
v 0.945807 -0.846401 -0.514336
v 0.813007 -0.806601 -0.526836
v 0.681407 -0.763901 -0.534836
v 0.552407 -0.718801 -0.537836
v 0.427907 -0.671901 -0.535636
v 0.309307 -0.623901 -0.528136
v 0.198407 -0.575301 -0.514936
v 0.096407 -0.526801 -0.496136
v 0.004807 -0.479001 -0.471336
v 1.587907 -0.986801 -0.409336
v 1.696507 -1.003301 -0.375236
v 1.471007 -0.965501 -0.441136
v 1.347306 -0.939901 -0.470036
v 1.218207 -0.910001 -0.495736
v 1.085507 -0.876301 -0.517736
v 0.950807 -0.839001 -0.535636
v 0.815707 -0.798401 -0.549036
v 0.681807 -0.754701 -0.557636
v 0.550607 -0.708501 -0.561136
v 0.423707 -0.660401 -0.559136
v 0.302607 -0.610901 -0.551436
v 0.189007 -0.560501 -0.537836
v 0.084207 -0.509801 -0.518136
v -0.010093 -0.459301 -0.492336
v 1.604907 -0.980301 -0.423636
v 1.716207 -0.996701 -0.388336
v 1.485206 -0.959001 -0.456536
v 1.358907 -0.933101 -0.486536
v 1.227506 -0.902901 -0.513136
v 1.092607 -0.868701 -0.536036
v 0.955807 -0.830701 -0.554736
v 0.818707 -0.789401 -0.568836
v 0.682907 -0.744901 -0.578036
v 0.549807 -0.697701 -0.582036
v 0.420907 -0.648401 -0.580436
v 0.298007 -0.597501 -0.572936
v 0.182407 -0.545501 -0.559336
v 0.075807 -0.493001 -0.539436
v -0.020293 -0.440501 -0.513236
v 1.617306 -0.972101 -0.438136
v 1.730307 -0.988301 -0.402336
v 1.496106 -0.950901 -0.471536
v 1.368107 -0.925001 -0.502136
v 1.235206 -0.894501 -0.529336
v 1.098807 -0.859901 -0.552836
v 0.960507 -0.821501 -0.572136
v 0.822007 -0.779601 -0.586836
v 0.684807 -0.734401 -0.596536
v 0.550407 -0.686501 -0.601036
v 0.420407 -0.636301 -0.599836
v 0.296207 -0.584401 -0.592836
v 0.179507 -0.531201 -0.579636
v 0.071907 -0.477201 -0.560036
v -0.024993 -0.423101 -0.534136
v 1.737807 -0.978001 -0.417336
v 1.624207 -0.962201 -0.453036
v 1.502406 -0.941101 -0.486536
v 1.373906 -0.915201 -0.517236
v 1.240307 -0.884701 -0.544736
v 1.103407 -0.849901 -0.568536
v 0.964707 -0.811201 -0.588236
v 0.825707 -0.768901 -0.603336
v 0.688007 -0.723401 -0.613536
v 0.553207 -0.675101 -0.618436
v 0.422707 -0.624401 -0.617736
v 0.298307 -0.571801 -0.611336
v 0.181407 -0.517901 -0.598836
v 0.073707 -0.463101 -0.580136
v -0.023293 -0.408100 -0.555036
v 1.624807 -0.950401 -0.468636
v 1.737907 -0.965901 -0.433536
v 1.503407 -0.929501 -0.501736
v 1.375407 -0.903701 -0.532136
v 1.242407 -0.873301 -0.559436
v 1.106107 -0.838501 -0.583236
v 0.968007 -0.799801 -0.603136
v 0.829607 -0.757501 -0.618436
v 0.692607 -0.712101 -0.628936
v 0.558407 -0.663701 -0.634236
v 0.428607 -0.613001 -0.634236
v 0.304807 -0.560301 -0.628536
v 0.188607 -0.506201 -0.617036
v 0.081507 -0.451201 -0.599536
v -0.014793 -0.395901 -0.575836
v 1.619707 -0.936901 -0.484536
v 1.731307 -0.952401 -0.450436
v 1.499807 -0.916301 -0.516636
v 1.373407 -0.890701 -0.546436
v 1.242007 -0.860501 -0.573336
v 1.107207 -0.826001 -0.596836
v 0.970607 -0.787501 -0.616636
v 0.833807 -0.745501 -0.632036
v 0.698307 -0.700301 -0.642736
v 0.565607 -0.652301 -0.648536
v 0.437407 -0.601901 -0.649136
v 0.315107 -0.549501 -0.644336
v 0.200307 -0.495801 -0.634036
v 0.094707 -0.441201 -0.618036
v -0.000193 -0.386401 -0.596236
v 1.719107 -0.937401 -0.467736
v 1.610007 -0.922101 -0.500236
v 1.492807 -0.901601 -0.531236
v 1.368907 -0.876301 -0.560036
v 1.239907 -0.846401 -0.586236
v 1.107406 -0.812201 -0.609336
v 0.973107 -0.774101 -0.628836
v 0.838407 -0.732501 -0.644336
v 0.705007 -0.687801 -0.655136
v 0.574407 -0.640301 -0.661236
v 0.448307 -0.590601 -0.662436
v 0.328207 -0.539101 -0.658636
v 0.215707 -0.486301 -0.649536
v 0.112307 -0.432801 -0.635236
v 0.019507 -0.379201 -0.615536
v 1.702207 -0.921301 -0.484836
v 1.597007 -0.906001 -0.515436
v 1.483506 -0.885701 -0.544936
v 1.363106 -0.860601 -0.572736
v 1.237207 -0.831001 -0.598136
v 1.107507 -0.797101 -0.620736
v 0.975707 -0.759401 -0.639936
v 0.843507 -0.718201 -0.655236
v 0.712507 -0.674101 -0.666236
v 0.584307 -0.627401 -0.672536
v 0.460707 -0.578601 -0.674336
v 0.343307 -0.528301 -0.671236
v 0.233707 -0.477101 -0.663436
v 0.133307 -0.425401 -0.650636
v 0.043507 -0.373901 -0.633236
v 1.682207 -0.904101 -0.501136
v 1.582107 -0.888901 -0.529736
v 1.473306 -0.868701 -0.557636
v 1.357007 -0.843701 -0.584236
v 1.234707 -0.814201 -0.608936
v 1.108007 -0.780501 -0.630936
v 0.978907 -0.743101 -0.649936
v 0.849207 -0.702401 -0.665136
v 0.720607 -0.658901 -0.676036
v 0.594907 -0.613001 -0.682636
v 0.473907 -0.565401 -0.684736
v 0.359407 -0.516701 -0.682336
v 0.253007 -0.467601 -0.675336
v 0.156307 -0.418401 -0.664136
v 0.070507 -0.369701 -0.648836
v 1.661607 -0.886501 -0.515936
v 1.568106 -0.871301 -0.542236
v 1.464607 -0.851001 -0.568736
v 1.352607 -0.825701 -0.594336
v 1.233707 -0.796001 -0.618436
v 1.109906 -0.762301 -0.640036
v 0.983207 -0.725001 -0.658736
v 0.855607 -0.684601 -0.673836
v 0.729107 -0.641601 -0.684736
v 0.605507 -0.596501 -0.691336
v 0.486807 -0.550201 -0.693736
v 0.375007 -0.503301 -0.691636
v 0.271807 -0.456601 -0.685336
v 0.179007 -0.410501 -0.675236
v 0.098107 -0.365701 -0.662036
v 1.644706 -0.869701 -0.527836
v 1.558507 -0.854001 -0.552136
v 1.460107 -0.832801 -0.577536
v 1.351506 -0.806801 -0.602636
v 1.235407 -0.776501 -0.626336
v 1.113806 -0.742401 -0.647736
v 0.988907 -0.704901 -0.666336
v 0.862907 -0.664501 -0.681336
v 0.737907 -0.621801 -0.692136
v 0.615807 -0.577501 -0.698836
v 0.498707 -0.532301 -0.701236
v 0.388607 -0.487101 -0.699336
v 0.287707 -0.442801 -0.693236
v 0.198107 -0.400301 -0.683736
v 0.122307 -0.360400 -0.671836
v 1.579707 -1.014300 -0.308536
v 1.501706 -1.001701 -0.323636
v 1.404207 -0.983701 -0.340536
v 1.295606 -0.961201 -0.357236
v 1.179106 -0.934401 -0.372636
v 1.057007 -0.903601 -0.386336
v 0.931507 -0.869201 -0.397636
v 0.805007 -0.831601 -0.406036
v 0.679507 -0.791201 -0.411136
v 0.557007 -0.748801 -0.413136
v 0.439807 -0.705201 -0.411936
v 0.329907 -0.661101 -0.407936
v 0.229507 -0.617701 -0.401236
v 0.141107 -0.576301 -0.392436
v 0.071907 -0.541501 -0.383336
v 0.119907 -0.570901 -0.318336
v 0.134307 -0.576101 -0.358236
v 0.057607 -0.536400 -0.353736
v 0.037607 -0.527201 -0.316536
v 0.213907 -0.616301 -0.321436
v 0.224407 -0.618901 -0.363636
v 0.318107 -0.662401 -0.324436
v 0.326007 -0.663201 -0.368336
v 0.430907 -0.708501 -0.326336
v 0.436707 -0.707901 -0.371236
v 0.550607 -0.753601 -0.326636
v 0.554607 -0.752101 -0.371936
v 0.675307 -0.797101 -0.325036
v 0.677707 -0.794801 -0.370136
v 0.802907 -0.838301 -0.321236
v 0.803807 -0.835401 -0.365736
v 0.931607 -0.876501 -0.314936
v 0.931007 -0.873201 -0.358336
v 1.059507 -0.911301 -0.306636
v 1.057107 -0.907701 -0.348636
v 1.184607 -0.942401 -0.296836
v 1.180106 -0.938501 -0.336936
v 1.304706 -0.969501 -0.285936
v 1.297706 -0.965301 -0.323836
v 1.418007 -0.992101 -0.274636
v 1.407706 -0.987701 -0.310036
v 1.522506 -1.010100 -0.263936
v 1.507507 -1.005500 -0.296636
v 1.616707 -1.023600 -0.254836
v 1.594607 -1.018700 -0.285036
v 0.102207 -0.563001 -0.273336
v 0.014707 -0.515401 -0.273136
v 0.200307 -0.611301 -0.274836
v 0.307907 -0.659601 -0.276636
v 0.423607 -0.707301 -0.277736
v 0.545807 -0.753701 -0.277736
v 0.672607 -0.798301 -0.276336
v 0.802307 -0.840201 -0.273136
v 0.933207 -0.879101 -0.267936
v 1.063507 -0.914501 -0.261036
v 1.191306 -0.946001 -0.252936
v 1.314807 -0.973401 -0.244136
v 1.432107 -0.996401 -0.235036
v 1.541907 -1.014701 -0.226536
v 1.642606 -1.028401 -0.219236
v 0.084207 -0.553901 -0.224036
v -0.007293 -0.503001 -0.224436
v 0.186107 -0.605001 -0.224536
v 0.297107 -0.655501 -0.225436
v 0.415807 -0.705101 -0.225936
v 0.540607 -0.752901 -0.225836
v 0.669807 -0.798601 -0.224736
v 0.801907 -0.841401 -0.222136
v 0.935307 -0.881001 -0.218036
v 1.068207 -0.917001 -0.212436
v 1.199007 -0.949101 -0.206036
v 1.326007 -0.976901 -0.199136
v 1.447507 -1.000201 -0.192036
v 1.562007 -1.018801 -0.185336
v 1.668007 -1.032400 -0.179636
v 0.068407 -0.545201 -0.170936
v -0.025993 -0.491601 -0.171536
v 0.173207 -0.598601 -0.171036
v 0.287007 -0.651201 -0.171436
v 0.408407 -0.702301 -0.171736
v 0.535707 -0.751501 -0.171536
v 0.667307 -0.798301 -0.170736
v 0.801807 -0.842001 -0.168836
v 0.937507 -0.882401 -0.165636
v 1.073107 -0.919001 -0.161536
v 1.206707 -0.951501 -0.156636
v 1.336807 -0.979701 -0.151436
v 1.461807 -1.003201 -0.146136
v 1.580106 -1.021901 -0.141136
v 1.690107 -1.035401 -0.136836
v 0.056007 -0.537901 -0.114936
v -0.040293 -0.482101 -0.115236
v 0.162907 -0.593101 -0.115036
v 0.278807 -0.647201 -0.115236
v 0.402207 -0.699701 -0.115436
v 0.531507 -0.750001 -0.115436
v 0.665207 -0.797701 -0.114836
v 0.801807 -0.842201 -0.113636
v 0.939607 -0.883201 -0.111536
v 1.077307 -0.920301 -0.108636
v 1.213307 -0.953201 -0.105336
v 1.345806 -0.981701 -0.101736
v 1.473507 -1.005401 -0.098136
v 1.594507 -1.024001 -0.094736
v 1.707307 -1.037300 -0.091736
v 0.048007 -0.532701 -0.056836
v -0.049393 -0.475601 -0.056636
v 0.156107 -0.589101 -0.057136
v 0.273307 -0.644301 -0.057536
v 0.398007 -0.697601 -0.057736
v 0.528707 -0.748701 -0.057936
v 0.663807 -0.797001 -0.057736
v 0.801807 -0.842101 -0.057136
v 0.941207 -0.883601 -0.056036
v 1.080407 -0.921001 -0.054536
v 1.217907 -0.954201 -0.052736
v 1.352106 -0.982801 -0.050736
v 1.481406 -1.006600 -0.048636
v 1.604107 -1.025101 -0.046636
v 1.718507 -1.038200 -0.044736
v 0.045207 -0.530601 0.002464
v -0.052493 -0.473101 0.003264
v 0.153707 -0.587401 0.001764
v 0.271407 -0.643001 0.001164
v 0.396607 -0.696701 0.000664
v 0.527707 -0.748001 0.000364
v 0.663407 -0.796601 0.000164
v 0.801907 -0.841901 0.000164
v 0.941807 -0.883501 0.000164
v 1.081607 -0.921101 0.000364
v 1.219707 -0.954401 0.000664
v 1.354507 -0.983101 0.001064
v 1.484307 -1.006801 0.001664
v 1.607707 -1.025301 0.002364
v 1.722407 -1.038301 0.003164
v 0.048207 -0.532201 0.061664
v -0.049193 -0.475101 0.063064
v 0.156307 -0.588601 0.060564
v 0.273507 -0.643801 0.059864
v 0.398207 -0.697201 0.059264
v 0.528907 -0.748301 0.058664
v 0.664007 -0.796601 0.058164
v 0.802007 -0.841701 0.057464
v 0.941307 -0.883101 0.056464
v 1.080607 -0.920601 0.055264
v 1.218107 -0.953801 0.054064
v 1.352307 -0.982401 0.052964
v 1.481507 -1.006101 0.051964
v 1.604306 -1.024601 0.051264
v 1.718507 -1.037601 0.050964
v 0.056407 -0.536901 0.119764
v -0.039893 -0.481100 0.121664
v 0.163307 -0.592101 0.118464
v 0.279207 -0.646300 0.117664
v 0.402607 -0.698801 0.116964
v 0.531907 -0.749101 0.116264
v 0.665507 -0.796801 0.115364
v 0.802107 -0.841401 0.114064
v 0.939907 -0.882301 0.112064
v 1.077607 -0.919401 0.109564
v 1.213607 -0.952401 0.106864
v 1.346107 -0.980801 0.104064
v 1.473807 -1.004401 0.101564
v 1.594907 -1.023001 0.099364
v 1.707507 -1.036101 0.097864
v 0.069007 -0.543701 0.175764
v -0.025393 -0.490001 0.177864
v 0.173807 -0.597201 0.174564
v 0.287607 -0.649801 0.173964
v 0.408907 -0.701001 0.173364
v 0.536107 -0.750201 0.172664
v 0.667807 -0.797001 0.171364
v 0.802207 -0.840801 0.169364
v 0.938007 -0.881101 0.166364
v 1.073507 -0.917701 0.162564
v 1.207106 -0.950201 0.158264
v 1.337207 -0.978301 0.153864
v 1.462207 -1.001801 0.149564
v 1.580607 -1.020301 0.145864
v 1.690507 -1.033800 0.142964
v 0.084907 -0.551901 0.228864
v -0.006493 -0.500901 0.230664
v 0.186807 -0.603101 0.228264
v 0.297807 -0.653701 0.228064
v 0.416407 -0.703201 0.227864
v 0.541207 -0.751101 0.227164
v 0.670507 -0.796801 0.225664
v 0.802607 -0.839701 0.222964
v 0.935907 -0.879301 0.218964
v 1.068807 -0.915201 0.213764
v 1.199607 -0.947301 0.207864
v 1.326607 -0.975001 0.201664
v 1.448107 -0.998301 0.195564
v 1.562707 -1.016801 0.190064
v 1.668707 -1.030300 0.185664
v 0.103107 -0.560501 0.278364
v 0.015707 -0.512801 0.279364
v 0.201207 -0.608801 0.278764
v 0.308807 -0.657201 0.279564
v 0.424507 -0.705001 0.279964
v 0.546607 -0.751501 0.279364
v 0.673407 -0.796001 0.277664
v 0.803107 -0.838001 0.274364
v 0.934007 -0.876801 0.269264
v 1.064207 -0.912201 0.262664
v 1.192106 -0.943701 0.255064
v 1.315507 -0.971101 0.246964
v 1.432906 -0.993901 0.238764
v 1.542707 -1.012200 0.231264
v 1.643507 -1.025801 0.225264
v 0.121007 -0.567901 0.323564
v 0.038807 -0.524101 0.322964
v 0.215007 -0.613401 0.325564
v 0.319107 -0.659601 0.327764
v 0.432007 -0.705601 0.328964
v 0.551707 -0.750801 0.328764
v 0.676307 -0.794301 0.326864
v 0.803907 -0.835501 0.322864
v 0.932607 -0.873701 0.316664
v 1.060507 -0.908501 0.308664
v 1.185507 -0.939601 0.299364
v 1.305707 -0.966601 0.289164
v 1.418906 -0.989201 0.278664
v 1.523506 -1.007201 0.268964
v 1.617707 -1.020600 0.260964
v 0.135607 -0.572601 0.363764
v 0.058907 -0.532901 0.360264
v 0.225707 -0.615401 0.368264
v 0.327207 -0.659801 0.372164
v 0.437907 -0.704601 0.374464
v 0.555807 -0.748701 0.374664
v 0.678807 -0.791501 0.372564
v 0.804907 -0.832101 0.367964
v 0.932107 -0.869901 0.360764
v 1.058307 -0.904301 0.351264
v 1.181307 -0.935201 0.339964
v 1.298907 -0.961901 0.327564
v 1.408907 -0.984301 0.314464
v 1.508706 -1.002101 0.301964
v 1.595807 -1.015200 0.291364
v 0.000207 -0.030201 0.799064
v 0.064507 -0.077201 0.799064
v 0.129107 -0.030601 0.799064
v 0.104807 0.045200 0.799064
v 0.025107 0.045500 0.799064
v 0.000207 -0.030201 0.589564
v 0.025107 0.045500 0.589564
v 0.104807 0.045200 0.589564
v 0.129107 -0.030601 0.589564
v 0.064507 -0.077201 0.589564
vn -0.0000 -0.0000 -1.0000
vn 0.5850 -0.8110 -0.0000
vn 0.0031 1.0000 -0.0000
vn -0.5905 -0.8070 -0.0000
vn 0.9520 0.3060 -0.0000
vn -0.9499 0.3125 -0.0000
vn -0.5886 -0.7998 0.1181
vn -0.5886 -0.7997 0.1182
vn -0.6278 -0.7610 0.1636
vn -0.6642 -0.7168 0.2121
vn -0.6974 -0.6658 0.2653
vn -0.7241 -0.6100 0.3220
vn -0.7422 -0.5500 0.3828
vn -0.7422 -0.5501 0.3828
vn -0.7423 -0.5500 0.3828
vn -0.7492 -0.4880 0.4479
vn -0.6150 -0.7842 0.0826
vn -0.6650 -0.7367 0.1223
vn -0.6651 -0.7367 0.1223
vn -0.7126 -0.6810 0.1686
vn -0.7553 -0.6173 0.2201
vn -0.7898 -0.5480 0.2756
vn -0.8133 -0.4746 0.3365
vn -0.8228 -0.4009 0.4027
vn -0.8228 -0.4010 0.4027
vn -0.8229 -0.4009 0.4027
vn -0.6377 -0.7683 0.0553
vn -0.6964 -0.7124 0.0865
vn -0.6965 -0.7124 0.0865
vn -0.7536 -0.6451 0.1263
vn -0.7536 -0.6450 0.1263
vn -0.8053 -0.5670 0.1731
vn -0.8462 -0.4828 0.2253
vn -0.8732 -0.3954 0.2850
vn -0.8732 -0.3953 0.2850
vn -0.8834 -0.3098 0.3517
vn -0.6575 -0.7527 0.0338
vn -0.6576 -0.7526 0.0338
vn -0.7228 -0.6887 0.0569
vn -0.7228 -0.6887 0.0570
vn -0.7733 -0.6271 0.0939
vn -0.7877 -0.6097 0.0881
vn -0.7752 -0.6251 0.0918
vn -0.8300 -0.5426 0.1289
vn -0.8460 -0.5178 0.1271
vn -0.8350 -0.5358 0.1256
vn -0.6737 -0.7388 0.0185
vn -0.7352 -0.6764 0.0446
vn -0.7441 -0.6672 0.0346
vn -0.7334 -0.6783 0.0452
vn -0.6855 -0.7280 0.0086
vn -0.6855 -0.7281 0.0086
vn -0.6875 -0.7261 0.0093
vn -0.6894 -0.7244 0.0047
vn -0.4120 -0.0726 0.9083
vn -0.4119 -0.0726 0.9083
vn -0.4289 0.0061 0.9033
vn -0.4456 0.0667 0.8928
vn -0.4456 0.0667 0.8927
vn -0.4946 -0.1301 0.8593
vn -0.5248 -0.0378 0.8504
vn -0.5248 -0.0377 0.8504
vn -0.5486 0.0418 0.8350
vn -0.5486 0.0418 0.8351
vn -0.5686 0.1062 0.8157
vn -0.5685 -0.1882 0.8009
vn -0.6132 -0.0898 0.7848
vn -0.6471 0.0040 0.7624
vn -0.6472 0.0039 0.7623
vn -0.6723 0.0860 0.7353
vn -0.6328 -0.2477 0.7336
vn -0.6894 -0.1459 0.7095
vn -0.6894 -0.1459 0.7096
vn -0.7333 -0.0434 0.6785
vn -0.7334 -0.0434 0.6785
vn -0.7636 0.0524 0.6435
vn -0.7636 0.0525 0.6435
vn -0.6838 -0.3067 0.6621
vn -0.6838 -0.3067 0.6620
vn -0.7491 -0.2040 0.6302
vn -0.8004 -0.0975 0.5914
vn -0.8352 0.0066 0.5500
vn -0.8351 0.0066 0.5500
vn -0.7206 -0.3662 0.5887
vn -0.7916 -0.2661 0.5500
vn -0.8481 -0.1610 0.5048
vn -0.8874 -0.0558 0.4577
vn -0.8874 -0.0558 0.4576
vn -0.4108 -0.0550 -0.9101
vn -0.4967 -0.1156 -0.8602
vn -0.5732 -0.1768 -0.8001
vn -0.6396 -0.2393 -0.7305
vn -0.6918 -0.3010 -0.6564
vn -0.7288 -0.3625 -0.5808
vn -0.7503 -0.4245 -0.5068
vn -0.4260 0.0261 -0.9043
vn -0.5251 -0.0202 -0.8508
vn -0.6165 -0.0753 -0.7838
vn -0.6165 -0.0753 -0.7837
vn -0.6950 -0.1346 -0.7063
vn -0.7561 -0.1956 -0.6246
vn -0.7991 -0.2603 -0.5420
vn -0.8233 -0.3282 -0.4631
vn -0.4415 0.0881 -0.8929
vn -0.5471 0.0615 -0.8348
vn -0.6484 0.0209 -0.7610
vn -0.6485 0.0209 -0.7609
vn -0.7371 -0.0296 -0.6751
vn -0.8058 -0.0868 -0.5858
vn -0.8541 -0.1532 -0.4970
vn -0.8815 -0.2273 -0.4140
vn -0.8814 -0.2273 -0.4140
vn -0.4569 0.1361 -0.8790
vn -0.5658 0.1271 -0.8147
vn -0.6717 0.1047 -0.7334
vn -0.6716 0.1047 -0.7334
vn -0.6716 0.1047 -0.7335
vn -0.7652 0.0683 -0.6401
vn -0.7653 0.0684 -0.6401
vn -0.8384 0.0193 -0.5447
vn -0.8916 -0.0464 -0.4504
vn -0.9233 -0.1262 -0.3628
vn -0.9036 0.0565 -0.4246
vn -0.9129 0.0587 -0.4040
vn -0.9060 0.0609 -0.4188
vn -0.5894 -0.8009 -0.1057
vn -0.5893 -0.8009 -0.1057
vn -0.6152 -0.7853 -0.0702
vn -0.6152 -0.7852 -0.0702
vn -0.6152 -0.7853 -0.0701
vn -0.6376 -0.7692 -0.0433
vn -0.6375 -0.7692 -0.0433
vn -0.6571 -0.7535 -0.0223
vn -0.6732 -0.7394 -0.0075
vn -0.6850 -0.7285 0.0020
vn -0.6883 -0.7254 0.0053
vn -0.6886 -0.7251 0.0024
vn -0.6916 -0.7223 0.0053
vn -0.6916 -0.7223 0.0049
vn -0.6296 -0.7621 -0.1512
vn -0.6662 -0.7376 -0.1099
vn -0.6969 -0.7133 -0.0743
vn -0.6968 -0.7134 -0.0743
vn -0.7229 -0.6895 -0.0453
vn -0.7333 -0.6790 -0.0342
vn -0.7439 -0.6679 -0.0234
vn -0.7349 -0.6773 -0.0340
vn -0.7591 -0.6510 -0.0071
vn -0.7590 -0.6510 -0.0070
vn -0.6670 -0.7177 -0.1998
vn -0.7147 -0.6818 -0.1563
vn -0.7551 -0.6456 -0.1141
vn -0.7885 -0.6103 -0.0763
vn -0.7013 -0.6663 -0.2533
vn -0.7585 -0.6175 -0.2080
vn -0.8078 -0.5670 -0.1612
vn -0.8364 -0.5363 -0.1136
vn -0.8478 -0.5176 -0.1155
vn -0.8307 -0.5443 -0.1169
vn -0.7292 -0.6098 -0.3104
vn -0.7943 -0.5473 -0.2639
vn -0.8498 -0.4818 -0.2137
vn -0.8869 -0.4347 -0.1563
vn -0.8937 -0.4184 -0.1620
vn -0.8797 -0.4489 -0.1571
vn -0.7484 -0.5493 -0.3718
vn -0.8188 -0.4729 -0.3254
vn -0.8778 -0.3929 -0.2740
vn -0.7424 -0.4268 0.5164
vn -0.7424 -0.4268 0.5163
vn -0.8162 -0.3321 0.4728
vn -0.8755 -0.2327 0.4234
vn -0.9174 -0.1303 0.3761
vn -0.9188 -0.1327 0.3717
vn -0.9161 -0.1290 0.3795
vn -0.7563 -0.4863 -0.4376
vn -0.8293 -0.3981 -0.3922
vn -0.8888 -0.3058 -0.3414
vn -0.9332 -0.2197 -0.2843
vn -0.9334 -0.2149 -0.2872
vn -0.9320 -0.2269 -0.2826
vn -0.5282 -0.8412 0.1161
vn -0.5282 -0.8411 0.1161
vn -0.5558 -0.8156 0.1611
vn -0.5823 -0.7866 0.2054
vn -0.6088 -0.7519 0.2532
vn -0.6088 -0.7518 0.2532
vn -0.6087 -0.7519 0.2532
vn -0.6329 -0.7108 0.3070
vn -0.6520 -0.6654 0.3636
vn -0.6641 -0.6165 0.4230
vn -0.6673 -0.5646 0.4856
vn -0.6674 -0.5646 0.4857
vn -0.6673 -0.5646 0.4857
vn -0.6673 -0.5647 0.4856
vn -0.5466 -0.8337 0.0788
vn -0.5465 -0.8337 0.0787
vn -0.5637 -0.8243 0.0530
vn -0.5804 -0.8136 0.0332
vn -0.5951 -0.8034 0.0173
vn -0.5951 -0.8035 0.0173
vn -0.6102 -0.7922 0.0073
vn -0.6129 -0.7902 0.0021
vn -0.6072 -0.7945 0.0070
vn -0.6173 -0.7867 0.0036
vn -0.6188 -0.7855 0.0017
vn -0.6200 -0.7846 0.0030
vn -0.6198 -0.7847 0.0073
vn -0.3204 -0.1020 0.9418
vn -0.3205 -0.1019 0.9418
vn -0.3237 -0.0231 0.9459
vn -0.3328 0.0331 0.9424
vn -0.3640 0.0464 0.9302
vn -0.3898 -0.1670 0.9056
vn -0.4526 -0.2256 0.8627
vn -0.5123 -0.2832 0.8108
vn -0.5660 -0.3433 0.7495
vn -0.5660 -0.3433 0.7496
vn -0.6089 -0.4010 0.6844
vn -0.6402 -0.4567 0.6178
vn -0.6597 -0.5113 0.5508
vn -0.3179 -0.0843 -0.9444
vn -0.3179 -0.0844 -0.9444
vn -0.3903 -0.1528 -0.9079
vn -0.4558 -0.2144 -0.8639
vn -0.5177 -0.2748 -0.8102
vn -0.5732 -0.3378 -0.7465
vn -0.6172 -0.3978 -0.6789
vn -0.6486 -0.4551 -0.6100
vn -0.6679 -0.5105 -0.5416
vn -0.6679 -0.5106 -0.5416
vn -0.3193 -0.0028 -0.9477
vn -0.3193 -0.0028 -0.9476
vn -0.3275 0.0547 -0.9433
vn -0.3398 0.0990 -0.9353
vn -0.3858 0.0839 -0.9188
vn -0.3858 0.0839 -0.9187
vn -0.5289 -0.8424 -0.1034
vn -0.5288 -0.8424 -0.1034
vn -0.5466 -0.8348 -0.0661
vn -0.5466 -0.8348 -0.0662
vn -0.5633 -0.8252 -0.0407
vn -0.5798 -0.8145 -0.0215
vn -0.5944 -0.8041 -0.0061
vn -0.6065 -0.7951 0.0037
vn -0.6107 -0.7918 0.0076
vn -0.6114 -0.7913 0.0047
vn -0.6173 -0.7866 0.0094
vn -0.6183 -0.7859 0.0068
vn -0.5573 -0.8169 -0.1487
vn -0.5847 -0.7879 -0.1931
vn -0.6122 -0.7531 -0.2410
vn -0.6374 -0.7117 -0.2953
vn -0.6575 -0.6659 -0.3524
vn -0.6706 -0.6166 -0.4124
vn -0.6747 -0.5643 -0.4757
vn 0.2328 -0.2300 0.9449
vn 0.2521 -0.1941 0.9480
vn 0.2768 -0.1022 0.9555
vn 0.2707 -0.1060 0.9568
vn 0.2745 -0.1039 0.9560
vn 0.2029 -0.2193 0.9543
vn 0.2029 -0.2194 0.9543
vn 0.2209 -0.1794 0.9587
vn 0.2684 -0.1058 0.9575
vn 0.1740 -0.2099 0.9621
vn 0.1740 -0.2100 0.9621
vn 0.1908 -0.1684 0.9671
vn 0.2087 -0.0967 0.9732
vn 0.1993 -0.0983 0.9750
vn 0.2056 -0.0975 0.9738
vn 0.1457 -0.2002 0.9689
vn 0.1617 -0.1584 0.9740
vn 0.1966 -0.0956 0.9758
vn 0.1183 -0.1902 0.9746
vn 0.1334 -0.1485 0.9799
vn 0.1487 -0.0626 0.9869
vn 0.1500 -0.0625 0.9867
vn 0.1470 -0.0628 0.9871
vn 0.0912 -0.1790 0.9796
vn 0.0910 -0.1788 0.9797
vn 0.0911 -0.1789 0.9796
vn 0.0912 -0.1791 0.9796
vn 0.1054 -0.1372 0.9849
vn 0.1054 -0.1371 0.9849
vn 0.1457 -0.0623 0.9874
vn 0.0629 -0.1659 0.9841
vn 0.0631 -0.1661 0.9841
vn 0.0628 -0.1660 0.9841
vn 0.0628 -0.1656 0.9842
vn 0.0768 -0.1236 0.9894
vn 0.0910 -0.0414 0.9950
vn 0.0851 -0.0406 0.9955
vn 0.0887 -0.0412 0.9952
vn 0.0330 -0.1508 0.9880
vn 0.0467 -0.1080 0.9930
vn 0.0467 -0.1080 0.9931
vn 0.0825 -0.0381 0.9959
vn 0.0030 -0.1344 0.9909
vn 0.0164 -0.0907 0.9957
vn 0.0250 -0.0587 0.9980
vn -0.0276 -0.1161 0.9929
vn -0.0148 -0.0710 0.9974
vn -0.0149 -0.0710 0.9974
vn -0.0063 -0.0189 0.9998
vn -0.0607 -0.0956 0.9936
vn -0.0486 -0.0488 0.9976
vn -0.0346 -0.0049 0.9994
vn -0.0347 -0.0048 0.9994
vn -0.0347 -0.0045 0.9994
vn -0.0981 -0.0733 0.9925
vn -0.0870 -0.0253 0.9959
vn -0.0871 -0.0253 0.9959
vn -0.0828 0.0126 0.9965
vn -0.0827 0.0126 0.9965
vn -0.1390 -0.0496 0.9890
vn -0.1390 -0.0496 0.9891
vn -0.1306 -0.0012 0.9914
vn -0.1312 0.0293 0.9909
vn -0.1854 -0.0252 0.9823
vn -0.1826 0.0215 0.9830
vn -0.1826 0.0215 0.9829
vn -0.1856 0.0517 0.9813
vn -0.1856 0.0518 0.9813
vn 0.2389 -0.2951 0.9251
vn 0.2633 -0.2512 0.9314
vn 0.2842 -0.2195 0.9333
vn 0.3639 -0.1250 0.9230
vn -0.2255 0.0492 0.9730
vn -0.2484 0.0365 0.9680
vn -0.2444 -0.0090 0.9696
vn -0.2502 -0.0735 0.9654
vn -0.2004 -0.0945 0.9751
vn -0.1597 -0.1197 0.9799
vn -0.1196 -0.1401 0.9829
vn -0.0817 -0.1592 0.9839
vn -0.0478 -0.1766 0.9831
vn -0.0167 -0.1923 0.9812
vn -0.0166 -0.1924 0.9812
vn 0.0139 -0.2072 0.9782
vn 0.0441 -0.2212 0.9742
vn 0.0442 -0.2212 0.9742
vn 0.0441 -0.2213 0.9742
vn 0.0440 -0.2215 0.9742
vn 0.0724 -0.2340 0.9695
vn 0.0725 -0.2340 0.9695
vn 0.0993 -0.2455 0.9643
vn 0.0993 -0.2453 0.9643
vn 0.0994 -0.2455 0.9643
vn 0.1259 -0.2559 0.9585
vn 0.1260 -0.2562 0.9584
vn 0.1260 -0.2561 0.9584
vn 0.1261 -0.2561 0.9584
vn 0.1537 -0.2667 0.9514
vn 0.1537 -0.2669 0.9514
vn 0.1813 -0.2764 0.9438
vn 0.1813 -0.2765 0.9438
vn 0.1810 -0.2765 0.9438
vn 0.2094 -0.2829 0.9360
vn -0.1790 -0.0041 -0.9838
vn -0.1758 0.0431 -0.9835
vn -0.1787 0.0762 -0.9809
vn -0.1837 0.0597 -0.9812
vn -0.1839 0.0597 -0.9811
vn -0.1327 -0.0294 -0.9907
vn -0.1239 0.0196 -0.9921
vn -0.1227 0.0525 -0.9911
vn -0.1426 0.0503 -0.9885
vn -0.0920 -0.0537 -0.9943
vn -0.0805 -0.0053 -0.9967
vn -0.0763 0.0276 -0.9967
vn -0.0772 0.0294 -0.9966
vn -0.0767 0.0289 -0.9966
vn -0.0776 0.0306 -0.9965
vn -0.0546 -0.0765 -0.9956
vn -0.0422 -0.0297 -0.9987
vn -0.0364 0.0029 -0.9993
vn -0.0393 0.0081 -0.9992
vn -0.0393 0.0090 -0.9992
vn -0.0421 0.0137 -0.9990
vn -0.0214 -0.0975 -0.9950
vn -0.0086 -0.0524 -0.9986
vn -0.0013 -0.0203 -0.9998
vn 0.0020 0.0001 -1.0000
vn 0.0019 0.0002 -1.0000
vn 0.0019 -0.0000 -1.0000
vn 0.0092 -0.1162 -0.9932
vn 0.0092 -0.1163 -0.9932
vn 0.0226 -0.0726 -0.9971
vn 0.0311 -0.0408 -0.9987
vn 0.0390 -0.0145 -0.9991
vn 0.0391 -0.0147 -0.9991
vn 0.0390 -0.0148 -0.9991
vn 0.0389 -0.0148 -0.9991
vn 0.0393 -0.1327 -0.9904
vn 0.0393 -0.1328 -0.9904
vn 0.0393 -0.1329 -0.9904
vn 0.0529 -0.0902 -0.9945
vn 0.0624 -0.0586 -0.9963
vn 0.0624 -0.0587 -0.9963
vn 0.0694 -0.0268 -0.9972
vn 0.0693 -0.0268 -0.9972
vn 0.0692 -0.1479 -0.9866
vn 0.0692 -0.1480 -0.9866
vn 0.0693 -0.1480 -0.9866
vn 0.0693 -0.1483 -0.9865
vn 0.0830 -0.1059 -0.9909
vn 0.0830 -0.1060 -0.9909
vn 0.0930 -0.0744 -0.9929
vn 0.0933 -0.0746 -0.9928
vn 0.0929 -0.0746 -0.9929
vn 0.1053 -0.0449 -0.9934
vn 0.1053 -0.0447 -0.9934
vn 0.0977 -0.1614 -0.9820
vn 0.0977 -0.1611 -0.9821
vn 0.0977 -0.1613 -0.9821
vn 0.0977 -0.1616 -0.9820
vn 0.1120 -0.1193 -0.9865
vn 0.1230 -0.0881 -0.9885
vn 0.1230 -0.0882 -0.9885
vn 0.1229 -0.0882 -0.9885
vn 0.1228 -0.0882 -0.9885
vn 0.1322 -0.0552 -0.9897
vn 0.1317 -0.0553 -0.9897
vn 0.1252 -0.1721 -0.9771
vn 0.1252 -0.1720 -0.9771
vn 0.1403 -0.1303 -0.9815
vn 0.1520 -0.0998 -0.9833
vn 0.1520 -0.0997 -0.9833
vn 0.1800 -0.0491 -0.9824
vn 0.1801 -0.0491 -0.9824
vn 0.1530 -0.1816 -0.9714
vn 0.1530 -0.1815 -0.9714
vn 0.1689 -0.1396 -0.9757
vn 0.1815 -0.1095 -0.9773
vn 0.1947 -0.0512 -0.9795
vn 0.1947 -0.0511 -0.9795
vn 0.1818 -0.1908 -0.9646
vn 0.1818 -0.1908 -0.9647
vn 0.1985 -0.1489 -0.9687
vn 0.2121 -0.1193 -0.9699
vn 0.2515 -0.0561 -0.9662
vn 0.2546 -0.0566 -0.9654
vn 0.2588 -0.0549 -0.9644
vn 0.2111 -0.1996 -0.9569
vn 0.2292 -0.1590 -0.9603
vn 0.2440 -0.1307 -0.9609
vn 0.2618 -0.0532 -0.9637
vn 0.2416 -0.2096 -0.9475
vn 0.2610 -0.1728 -0.9497
vn 0.2776 -0.1459 -0.9496
vn 0.2776 -0.1459 -0.9495
vn 0.3928 0.0184 -0.9194
vn 0.3927 0.0185 -0.9195
vn 0.3928 0.0184 -0.9195
vn -0.2456 -0.0538 -0.9679
vn -0.2385 0.0123 -0.9711
vn -0.2418 0.0585 -0.9686
vn -0.2497 0.0940 -0.9638
vn -0.2579 0.0660 -0.9639
vn 0.3293 -0.1511 -0.9321
vn 0.3293 -0.1511 -0.9320
vn 0.2939 -0.1961 -0.9355
vn 0.2724 -0.2292 -0.9345
vn 0.2476 -0.2763 -0.9286
vn 0.2182 -0.2645 -0.9394
vn 0.1894 -0.2585 -0.9473
vn 0.1615 -0.2489 -0.9550
vn 0.1617 -0.2488 -0.9550
vn 0.1616 -0.2489 -0.9550
vn 0.1333 -0.2386 -0.9619
vn 0.1336 -0.2386 -0.9619
vn 0.1335 -0.2387 -0.9619
vn 0.1335 -0.2384 -0.9619
vn 0.1062 -0.2279 -0.9679
vn 0.1065 -0.2282 -0.9678
vn 0.1063 -0.2281 -0.9678
vn 0.0794 -0.2164 -0.9731
vn 0.0790 -0.2164 -0.9731
vn 0.0791 -0.2163 -0.9731
vn 0.0791 -0.2164 -0.9731
vn 0.0504 -0.2039 -0.9777
vn 0.0505 -0.2036 -0.9777
vn 0.0505 -0.2036 -0.9778
vn 0.0201 -0.1896 -0.9817
vn -0.0104 -0.1747 -0.9846
vn -0.0103 -0.1750 -0.9845
vn -0.0105 -0.1747 -0.9846
vn -0.0419 -0.1587 -0.9864
vn -0.0419 -0.1586 -0.9864
vn -0.0419 -0.1586 -0.9865
vn -0.0761 -0.1410 -0.9871
vn -0.0761 -0.1409 -0.9871
vn -0.1143 -0.1215 -0.9860
vn -0.1546 -0.1008 -0.9828
vn -0.1955 -0.0750 -0.9778
vn -0.4713 -0.8588 0.2009
vn -0.4349 -0.8776 0.2016
vn -0.4019 -0.8933 0.2014
vn -0.4019 -0.8932 0.2014
vn -0.3713 -0.9064 0.2014
vn -0.3433 -0.9173 0.2016
vn -0.3433 -0.9174 0.2015
vn -0.3432 -0.9174 0.2015
vn -0.3171 -0.9265 0.2024
vn -0.3170 -0.9266 0.2024
vn -0.3171 -0.9266 0.2024
vn -0.3172 -0.9265 0.2024
vn -0.2910 -0.9347 0.2042
vn -0.2910 -0.9347 0.2043
vn -0.2646 -0.9419 0.2069
vn -0.2647 -0.9419 0.2069
vn -0.2393 -0.9480 0.2100
vn -0.2391 -0.9480 0.2100
vn -0.2392 -0.9481 0.2094
vn -0.2142 -0.9531 0.2139
vn -0.1886 -0.9575 0.2183
vn -0.1618 -0.9614 0.2225
vn -0.1338 -0.9649 0.2262
vn -0.1338 -0.9648 0.2262
vn -0.1038 -0.9680 0.2283
vn -0.4834 -0.8384 0.2520
vn -0.4414 -0.8598 0.2568
vn -0.4044 -0.8775 0.2576
vn -0.3709 -0.8923 0.2573
vn -0.3406 -0.9045 0.2567
vn -0.3406 -0.9045 0.2568
vn -0.3120 -0.9146 0.2572
vn -0.2839 -0.9232 0.2590
vn -0.2838 -0.9233 0.2586
vn -0.2837 -0.9234 0.2586
vn -0.2839 -0.9231 0.2592
vn -0.2558 -0.9307 0.2615
vn -0.2558 -0.9307 0.2616
vn -0.2558 -0.9306 0.2619
vn -0.2285 -0.9369 0.2647
vn -0.2016 -0.9418 0.2689
vn -0.1739 -0.9460 0.2736
vn -0.1447 -0.9497 0.2778
vn -0.1139 -0.9531 0.2803
vn -0.0805 -0.9569 0.2792
vn -0.4954 -0.8135 0.3046
vn -0.4480 -0.8375 0.3128
vn -0.4067 -0.8573 0.3156
vn -0.3699 -0.8737 0.3159
vn -0.3366 -0.8872 0.3156
vn -0.3054 -0.8983 0.3160
vn -0.3054 -0.8982 0.3161
vn -0.3054 -0.8982 0.3162
vn -0.2751 -0.9074 0.3178
vn -0.2751 -0.9073 0.3179
vn -0.2752 -0.9074 0.3177
vn -0.2449 -0.9151 0.3204
vn -0.2156 -0.9214 0.3232
vn -0.2156 -0.9214 0.3233
vn -0.2156 -0.9215 0.3231
vn -0.1864 -0.9265 0.3270
vn -0.1566 -0.9305 0.3312
vn -0.1252 -0.9340 0.3345
vn -0.1252 -0.9341 0.3345
vn -0.0918 -0.9377 0.3350
vn -0.0532 -0.9414 0.3331
vn -0.5056 -0.7836 0.3610
vn -0.4531 -0.8107 0.3708
vn -0.4076 -0.8327 0.3749
vn -0.4076 -0.8326 0.3749
vn -0.3674 -0.8505 0.3763
vn -0.3674 -0.8506 0.3763
vn -0.3310 -0.8651 0.3770
vn -0.3310 -0.8651 0.3768
vn -0.2970 -0.8768 0.3782
vn -0.2969 -0.8769 0.3780
vn -0.2970 -0.8769 0.3781
vn -0.2643 -0.8863 0.3803
vn -0.2642 -0.8864 0.3802
vn -0.2644 -0.8862 0.3804
vn -0.2319 -0.8945 0.3823
vn -0.2319 -0.8944 0.3824
vn -0.2319 -0.8943 0.3827
vn -0.2319 -0.8944 0.3825
vn -0.2006 -0.9010 0.3847
vn -0.2006 -0.9009 0.3848
vn -0.1694 -0.9062 0.3874
vn -0.1374 -0.9104 0.3902
vn -0.1038 -0.9141 0.3921
vn -0.1038 -0.9140 0.3921
vn -0.0675 -0.9175 0.3920
vn -0.0217 -0.9203 0.3907
vn -0.0217 -0.9202 0.3907
vn -0.5125 -0.7503 0.4177
vn -0.4556 -0.7801 0.4289
vn -0.4556 -0.7800 0.4289
vn -0.4062 -0.8037 0.4347
vn -0.4062 -0.8038 0.4347
vn -0.3626 -0.8228 0.4377
vn -0.3230 -0.8380 0.4399
vn -0.3230 -0.8379 0.4399
vn -0.3230 -0.8379 0.4401
vn -0.2863 -0.8501 0.4420
vn -0.2512 -0.8600 0.4442
vn -0.2513 -0.8600 0.4441
vn -0.2169 -0.8684 0.4460
vn -0.2169 -0.8683 0.4460
vn -0.1838 -0.8752 0.4475
vn -0.1508 -0.8808 0.4488
vn -0.1170 -0.8854 0.4498
vn -0.1170 -0.8854 0.4499
vn -0.0816 -0.8894 0.4498
vn -0.0420 -0.8925 0.4491
vn 0.0111 -0.8941 0.4478
vn -0.5149 -0.7136 0.4750
vn -0.4543 -0.7458 0.4872
vn -0.4543 -0.7459 0.4872
vn -0.4015 -0.7708 0.4946
vn -0.3548 -0.7904 0.4993
vn -0.3548 -0.7904 0.4994
vn -0.3125 -0.8059 0.5028
vn -0.3125 -0.8060 0.5027
vn -0.3125 -0.8060 0.5028
vn -0.2734 -0.8184 0.5055
vn -0.2734 -0.8183 0.5056
vn -0.2735 -0.8183 0.5056
vn -0.2362 -0.8285 0.5078
vn -0.2003 -0.8371 0.5091
vn -0.2003 -0.8371 0.5090
vn -0.1657 -0.8442 0.5098
vn -0.1657 -0.8442 0.5097
vn -0.1312 -0.8504 0.5096
vn -0.1312 -0.8503 0.5097
vn -0.1312 -0.8504 0.5095
vn -0.0960 -0.8555 0.5089
vn -0.0592 -0.8599 0.5070
vn -0.0164 -0.8630 0.5050
vn -0.0164 -0.8629 0.5050
vn 0.0426 -0.8634 0.5027
vn 0.0426 -0.8635 0.5026
vn -0.5116 -0.6736 0.5334
vn -0.4481 -0.7080 0.5458
vn -0.4481 -0.7079 0.5460
vn -0.3927 -0.7338 0.5543
vn -0.3927 -0.7339 0.5542
vn -0.3927 -0.7338 0.5544
vn -0.3928 -0.7338 0.5543
vn -0.3436 -0.7540 0.5598
vn -0.2992 -0.7698 0.5639
vn -0.2992 -0.7698 0.5638
vn -0.2584 -0.7823 0.5667
vn -0.2584 -0.7824 0.5666
vn -0.2584 -0.7824 0.5667
vn -0.2198 -0.7927 0.5686
vn -0.1826 -0.8015 0.5695
vn -0.1826 -0.8014 0.5695
vn -0.1830 -0.8015 0.5693
vn -0.1467 -0.8089 0.5694
vn -0.1112 -0.8153 0.5683
vn -0.1112 -0.8152 0.5684
vn -0.0751 -0.8207 0.5664
vn -0.0372 -0.8255 0.5632
vn 0.0079 -0.8289 0.5594
vn 0.0079 -0.8288 0.5594
vn 0.0706 -0.8291 0.5546
vn -0.5012 -0.6307 0.5925
vn -0.4363 -0.6668 0.6042
vn -0.4363 -0.6667 0.6042
vn -0.3794 -0.6935 0.6125
vn -0.3794 -0.6935 0.6124
vn -0.3288 -0.7138 0.6184
vn -0.2833 -0.7296 0.6224
vn -0.2833 -0.7296 0.6225
vn -0.2413 -0.7424 0.6250
vn -0.2019 -0.7530 0.6263
vn -0.1640 -0.7619 0.6267
vn -0.1639 -0.7618 0.6267
vn -0.1640 -0.7619 0.6266
vn -0.1273 -0.7693 0.6261
vn -0.0911 -0.7756 0.6246
vn -0.0544 -0.7811 0.6221
vn -0.0544 -0.7811 0.6220
vn -0.0160 -0.7860 0.6180
vn -0.0162 -0.7862 0.6178
vn -0.0161 -0.7861 0.6179
vn -0.0161 -0.7860 0.6180
vn 0.0298 -0.7901 0.6123
vn 0.0297 -0.7901 0.6123
vn 0.0296 -0.7899 0.6125
vn 0.0939 -0.7911 0.6045
vn 0.0939 -0.7910 0.6045
vn 0.0940 -0.7909 0.6046
vn -0.4833 -0.5844 0.6519
vn -0.4179 -0.6211 0.6630
vn -0.3605 -0.6474 0.6716
vn -0.3605 -0.6474 0.6715
vn -0.3605 -0.6473 0.6716
vn -0.3093 -0.6669 0.6779
vn -0.3093 -0.6669 0.6780
vn -0.2631 -0.6821 0.6823
vn -0.2207 -0.6946 0.6847
vn -0.2208 -0.6947 0.6846
vn -0.2208 -0.6946 0.6846
vn -0.2208 -0.6946 0.6847
vn -0.1807 -0.7051 0.6857
vn -0.1809 -0.7052 0.6855
vn -0.1808 -0.7052 0.6856
vn -0.1427 -0.7142 0.6853
vn -0.1427 -0.7142 0.6852
vn -0.1059 -0.7216 0.6842
vn -0.1059 -0.7217 0.6841
vn -0.1059 -0.7217 0.6840
vn -0.1058 -0.7218 0.6840
vn -0.0697 -0.7285 0.6815
vn -0.0332 -0.7346 0.6777
vn -0.0333 -0.7346 0.6776
vn -0.0333 -0.7346 0.6777
vn 0.0049 -0.7399 0.6727
vn 0.0494 -0.7456 0.6646
vn 0.1123 -0.7487 0.6533
vn -0.4575 -0.5341 0.7109
vn -0.3930 -0.5702 0.7214
vn -0.3358 -0.5948 0.7304
vn -0.2847 -0.6124 0.7375
vn -0.2385 -0.6261 0.7424
vn -0.1962 -0.6376 0.7449
vn -0.1565 -0.6480 0.7454
vn -0.1566 -0.6482 0.7452
vn -0.1564 -0.6480 0.7454
vn -0.1184 -0.6572 0.7443
vn -0.1184 -0.6573 0.7443
vn -0.1182 -0.6575 0.7441
vn -0.0821 -0.6653 0.7420
vn -0.0467 -0.6730 0.7382
vn -0.0466 -0.6729 0.7382
vn -0.0467 -0.6730 0.7381
vn -0.0112 -0.6803 0.7329
vn 0.0255 -0.6870 0.7262
vn 0.0670 -0.6944 0.7165
vn 0.1266 -0.7001 0.7027
vn -0.4240 -0.4782 0.7691
vn -0.3616 -0.5126 0.7787
vn -0.3616 -0.5126 0.7788
vn -0.3057 -0.5350 0.7876
vn -0.2553 -0.5502 0.7950
vn -0.2097 -0.5619 0.8002
vn -0.1680 -0.5722 0.8027
vn -0.1291 -0.5822 0.8027
vn -0.1291 -0.5822 0.8028
vn -0.1291 -0.5821 0.8028
vn -0.0915 -0.5918 0.8009
vn -0.0917 -0.5921 0.8006
vn -0.0564 -0.6007 0.7975
vn -0.0564 -0.6006 0.7976
vn -0.0564 -0.6006 0.7975
vn -0.0225 -0.6095 0.7924
vn 0.0111 -0.6187 0.7855
vn 0.0459 -0.6273 0.7774
vn 0.0842 -0.6358 0.7673
vn 0.1381 -0.6437 0.7527
vn -0.3834 -0.4155 0.8249
vn -0.3242 -0.4473 0.8336
vn -0.2705 -0.4673 0.8417
vn -0.2216 -0.4806 0.8485
vn -0.1775 -0.4904 0.8532
vn -0.1372 -0.4996 0.8553
vn -0.0996 -0.5095 0.8547
vn -0.0996 -0.5094 0.8547
vn -0.0634 -0.5194 0.8522
vn -0.0635 -0.5194 0.8522
vn -0.0296 -0.5293 0.8479
vn -0.0297 -0.5293 0.8479
vn 0.0023 -0.5398 0.8418
vn 0.0337 -0.5508 0.8340
vn 0.0663 -0.5611 0.8251
vn 0.1018 -0.5699 0.8154
vn 0.1480 -0.5793 0.8016
vn -0.3387 -0.3499 0.8734
vn -0.2828 -0.3758 0.8825
vn -0.2318 -0.3922 0.8902
vn -0.1852 -0.4042 0.8957
vn -0.1433 -0.4133 0.8992
vn -0.1433 -0.4133 0.8993
vn -0.1051 -0.4223 0.9003
vn -0.0693 -0.4324 0.8990
vn -0.0693 -0.4325 0.8990
vn -0.0347 -0.4431 0.8958
vn -0.0026 -0.4539 0.8910
vn -0.0026 -0.4539 0.8911
vn 0.0273 -0.4655 0.8846
vn 0.0566 -0.4779 0.8766
vn 0.0869 -0.4899 0.8674
vn 0.1192 -0.5003 0.8576
vn 0.1575 -0.5111 0.8450
vn 0.1575 -0.5111 0.8449
vn -0.2911 -0.2787 0.9152
vn -0.2389 -0.2967 0.9246
vn -0.1916 -0.3106 0.9310
vn -0.1480 -0.3227 0.9349
vn -0.1088 -0.3330 0.9366
vn -0.0732 -0.3432 0.9364
vn -0.0393 -0.3542 0.9344
vn -0.0393 -0.3540 0.9344
vn -0.0393 -0.3542 0.9343
vn -0.0394 -0.3544 0.9343
vn -0.0065 -0.3657 0.9307
vn -0.0064 -0.3655 0.9308
vn -0.0064 -0.3656 0.9307
vn 0.0238 -0.3774 0.9257
vn 0.0238 -0.3774 0.9258
vn 0.0521 -0.3895 0.9196
vn 0.0521 -0.3895 0.9195
vn 0.0798 -0.4023 0.9120
vn 0.1083 -0.4150 0.9034
vn 0.1373 -0.4272 0.8937
vn 0.1687 -0.4401 0.8820
vn 0.1687 -0.4400 0.8820
vn -0.4964 -0.8558 0.1458
vn -0.4613 -0.8748 0.1480
vn -0.4302 -0.8907 0.1468
vn -0.4303 -0.8907 0.1468
vn -0.4303 -0.8907 0.1466
vn -0.4303 -0.8907 0.1467
vn -0.4007 -0.9042 0.1477
vn -0.4006 -0.9043 0.1477
vn -0.4007 -0.9042 0.1476
vn -0.4009 -0.9042 0.1475
vn -0.3721 -0.9161 0.1489
vn -0.3722 -0.9162 0.1487
vn -0.3722 -0.9161 0.1489
vn -0.3722 -0.9161 0.1490
vn -0.3458 -0.9262 0.1505
vn -0.3459 -0.9261 0.1505
vn -0.3456 -0.9262 0.1506
vn -0.3211 -0.9347 0.1524
vn -0.3210 -0.9347 0.1526
vn -0.3210 -0.9347 0.1524
vn -0.2964 -0.9425 0.1546
vn -0.2963 -0.9425 0.1547
vn -0.2964 -0.9425 0.1547
vn -0.2714 -0.9495 0.1572
vn -0.2714 -0.9496 0.1572
vn -0.2714 -0.9496 0.1571
vn -0.2474 -0.9556 0.1600
vn -0.2472 -0.9557 0.1599
vn -0.2472 -0.9556 0.1602
vn -0.2240 -0.9608 0.1631
vn -0.2242 -0.9608 0.1630
vn -0.2004 -0.9655 0.1662
vn -0.1753 -0.9699 0.1691
vn -0.1753 -0.9699 0.1690
vn -0.1753 -0.9699 0.1692
vn -0.1753 -0.9699 0.1693
vn -0.1498 -0.9736 0.1722
vn -0.1235 -0.9765 0.1765
vn -0.0953 -0.9797 0.1762
vn -0.0719 -0.9722 0.2227
vn -0.0439 -0.9617 0.2704
vn -0.0439 -0.9618 0.2704
vn -0.0096 -0.9451 0.3267
vn 0.0290 -0.9207 0.3892
vn 0.0674 -0.8907 0.4496
vn 0.1020 -0.8576 0.5041
vn 0.1300 -0.8240 0.5515
vn 0.1510 -0.7889 0.5957
vn 0.1510 -0.7889 0.5956
vn 0.1666 -0.7506 0.6394
vn 0.1666 -0.7507 0.6393
vn 0.1786 -0.7057 0.6856
vn 0.1891 -0.6512 0.7350
vn 0.1978 -0.5868 0.7852
vn 0.2037 -0.5174 0.8311
vn 0.2081 -0.4479 0.8695
vn 0.2151 -0.3755 0.9015
vn 0.1843 -0.3643 0.9129
vn 0.1580 -0.3501 0.9233
vn 0.1309 -0.3385 0.9318
vn 0.1033 -0.3267 0.9395
vn 0.0764 -0.3147 0.9461
vn 0.0492 -0.3028 0.9518
vn 0.0492 -0.3029 0.9518
vn 0.0492 -0.3027 0.9518
vn 0.0204 -0.2901 0.9568
vn 0.0202 -0.2905 0.9567
vn 0.0202 -0.2904 0.9567
vn -0.0111 -0.2778 0.9606
vn -0.0111 -0.2777 0.9606
vn -0.0429 -0.2651 0.9633
vn -0.0428 -0.2650 0.9633
vn -0.0428 -0.2652 0.9632
vn -0.0759 -0.2520 0.9648
vn -0.0761 -0.2523 0.9647
vn -0.0760 -0.2520 0.9647
vn -0.0758 -0.2518 0.9648
vn -0.1123 -0.2391 0.9645
vn -0.1123 -0.2390 0.9645
vn -0.1527 -0.2240 0.9626
vn -0.1527 -0.2241 0.9625
vn -0.1955 -0.2083 0.9583
vn -0.2423 -0.1957 0.9503
vn -0.2928 -0.1734 0.9403
vn -0.3460 -0.2433 0.9061
vn -0.3974 -0.3034 0.8660
vn -0.4474 -0.3633 0.8172
vn -0.4931 -0.4239 0.7597
vn -0.5301 -0.4798 0.6992
vn -0.5578 -0.5314 0.6376
vn -0.5761 -0.5804 0.5756
vn -0.5849 -0.6272 0.5143
vn -0.5849 -0.6271 0.5144
vn -0.5852 -0.6714 0.4547
vn -0.5784 -0.7125 0.3972
vn -0.5660 -0.7506 0.3409
vn -0.5496 -0.7849 0.2861
vn -0.5313 -0.8134 0.2370
vn -0.5129 -0.8367 0.1922
vn -0.0248 -0.9902 -0.1375
vn -0.0248 -0.9902 -0.1376
vn 0.0293 -0.9818 -0.1874
vn 0.1038 -0.9649 -0.2414
vn 0.1864 -0.9372 -0.2947
vn 0.2643 -0.8952 -0.3589
vn 0.2643 -0.8952 -0.3588
vn 0.3234 -0.8497 -0.4164
vn 0.3682 -0.8043 -0.4665
vn 0.3682 -0.8043 -0.4664
vn 0.0007 -0.9954 -0.0963
vn 0.0007 -0.9953 -0.0963
vn 0.0807 -0.9871 -0.1380
vn 0.1835 -0.9604 -0.2095
vn 0.2728 -0.9225 -0.2730
vn 0.3484 -0.8769 -0.3313
vn 0.3484 -0.8768 -0.3313
vn 0.4102 -0.8249 -0.3889
vn 0.4609 -0.7673 -0.4460
vn 0.0301 -0.9974 -0.0650
vn 0.1263 -0.9861 -0.1080
vn 0.1262 -0.9861 -0.1080
vn 0.2433 -0.9547 -0.1711
vn 0.2434 -0.9547 -0.1711
vn 0.3466 -0.9098 -0.2282
vn 0.4314 -0.8574 -0.2807
vn 0.5244 -0.7765 -0.3494
vn 0.5044 -0.7941 -0.3390
vn 0.5122 -0.7868 -0.3445
vn 0.5652 -0.7183 -0.4057
vn 0.0510 -0.9980 -0.0363
vn 0.1669 -0.9826 -0.0815
vn 0.1669 -0.9826 -0.0816
vn 0.3044 -0.9441 -0.1268
vn 0.4255 -0.8905 -0.1611
vn 0.5313 -0.8244 -0.1950
vn 0.6290 -0.7382 -0.2438
vn 0.7059 -0.6346 -0.3148
vn 0.7059 -0.6345 -0.3148
vn 0.7058 -0.6346 -0.3148
vn 0.0653 -0.9975 -0.0271
vn 0.0703 -0.9972 -0.0264
vn 0.0729 -0.9971 -0.0220
vn 0.2096 -0.9758 -0.0628
vn 0.3705 -0.9251 -0.0837
vn 0.5081 -0.8566 -0.0893
vn 0.6343 -0.7669 -0.0976
vn 0.7495 -0.6499 -0.1257
vn 0.9251 -0.3225 -0.2005
vn 0.9251 -0.3225 -0.2004
vn 0.0759 -0.9969 -0.0215
vn 0.0773 -0.9969 -0.0137
vn 0.2558 -0.9654 -0.0510
vn 0.4358 -0.8988 -0.0468
vn 0.5817 -0.8129 -0.0292
vn 0.5816 -0.8129 -0.0292
vn 0.7142 -0.6997 -0.0170
vn 0.9303 -0.3654 0.0306
vn 0.9304 -0.3654 0.0306
vn 0.9304 -0.3654 0.0305
vn 0.3124 -0.3473 -0.8842
vn 0.3123 -0.3473 -0.8842
vn 0.3796 -0.2925 -0.8777
vn 0.5321 -0.2208 -0.8174
vn 0.5322 -0.2208 -0.8173
vn 0.3349 -0.4385 -0.8340
vn 0.4646 -0.3629 -0.8077
vn 0.4646 -0.3629 -0.8078
vn 0.5818 -0.1858 -0.7919
vn 0.5818 -0.1858 -0.7918
vn 0.3853 -0.5056 -0.7720
vn 0.3853 -0.5055 -0.7720
vn 0.5302 -0.4451 -0.7217
vn 0.6158 -0.3641 -0.6988
vn 0.6158 -0.3640 -0.6988
vn 0.6830 -0.1197 -0.7206
vn 0.4339 -0.5690 -0.6986
vn 0.5523 -0.5080 -0.6610
vn 0.6349 -0.4246 -0.6455
vn 0.8354 -0.2998 -0.4606
vn 0.8355 -0.2998 -0.4606
vn 0.4421 -0.6473 -0.6209
vn 0.5507 -0.5761 -0.6040
vn 0.6385 -0.4894 -0.5940
vn 0.7651 -0.1760 -0.6193
vn 0.7651 -0.1761 -0.6193
vn 0.4274 -0.7086 -0.5615
vn 0.5312 -0.6439 -0.5506
vn 0.6291 -0.5626 -0.5363
vn 0.8499 -0.4980 -0.1720
vn 0.3003 -0.3860 0.8722
vn 0.3075 -0.4780 0.8228
vn 0.3075 -0.4780 0.8227
vn 0.3159 -0.5665 0.7611
vn 0.3267 -0.6431 0.6926
vn 0.3375 -0.7015 0.6277
vn 0.3442 -0.7426 0.5745
vn 0.3444 -0.7425 0.5745
vn 0.3423 -0.7746 0.5319
vn 0.3423 -0.7745 0.5319
vn 0.3461 -0.3418 0.8737
vn 0.3856 -0.4307 0.8160
vn 0.4309 -0.5169 0.7397
vn 0.4685 -0.5951 0.6530
vn 0.4681 -0.5954 0.6530
vn 0.4888 -0.6555 0.5756
vn 0.4888 -0.6555 0.5757
vn 0.4926 -0.7019 0.5145
vn 0.4854 -0.7396 0.4663
vn 0.4854 -0.7395 0.4663
vn 0.5003 -0.2444 0.8306
vn 0.5217 -0.1888 0.8320
vn 0.5672 -0.4349 0.6994
vn 0.7890 -0.5328 0.3060
vn 0.7890 -0.5328 0.3058
vn 0.7890 -0.5328 0.3059
vn 0.7178 -0.3491 0.6024
vn 0.6279 -0.6295 0.4578
vn 0.6278 -0.6295 0.4578
vn 0.6120 -0.6838 0.3973
vn 0.6121 -0.6838 0.3973
vn 0.5279 -0.4445 0.7237
vn 0.5278 -0.4446 0.7237
vn 0.8222 -0.5546 -0.1283
vn 0.8222 -0.5546 -0.1282
vn 0.8542 -0.3401 0.3932
vn 0.8542 -0.3401 0.3933
vn -0.0222 -0.9879 0.1533
vn -0.0020 -0.9935 0.1137
vn 0.0149 -0.9963 0.0846
vn 0.0148 -0.9963 0.0846
vn 0.0283 -0.9979 0.0581
vn 0.0426 -0.9986 0.0316
vn 0.0580 -0.9983 0.0103
vn 0.0742 -0.9972 -0.0105
vn 0.0751 -0.9971 -0.0075
vn 0.0715 -0.9974 -0.0045
vn 0.0284 -0.9781 0.2063
vn 0.0626 -0.9846 0.1631
vn 0.0625 -0.9846 0.1631
vn 0.1043 -0.9859 0.1305
vn 0.1043 -0.9860 0.1304
vn 0.1721 -0.9793 0.1065
vn 0.1720 -0.9793 0.1064
vn 0.2527 -0.9636 0.0875
vn 0.2526 -0.9636 0.0874
vn 0.3088 -0.9498 0.0497
vn 0.3216 -0.9469 0.0016
vn 0.3214 -0.9469 0.0015
vn 0.0929 -0.9570 0.2747
vn 0.1713 -0.9539 0.2464
vn 0.2821 -0.9335 0.2214
vn 0.3917 -0.9043 0.1696
vn 0.4598 -0.8799 0.1202
vn 0.4598 -0.8798 0.1202
vn 0.5003 -0.8627 0.0739
vn 0.5002 -0.8628 0.0740
vn 0.5112 -0.8590 0.0277
vn 0.1733 -0.9190 0.3542
vn 0.2937 -0.9019 0.3166
vn 0.2937 -0.9020 0.3166
vn 0.4197 -0.8682 0.2647
vn 0.5159 -0.8323 0.2028
vn 0.5822 -0.8001 0.1447
vn 0.6270 -0.7736 0.0915
vn 0.6464 -0.7616 0.0471
vn 0.6464 -0.7616 0.0470
vn 0.6463 -0.7616 0.0471
vn 0.2459 -0.8758 0.4153
vn 0.3827 -0.8499 0.3623
vn 0.3827 -0.8498 0.3623
vn 0.5045 -0.8109 0.2966
vn 0.5983 -0.7681 0.2281
vn 0.6716 -0.7229 0.1627
vn 0.6716 -0.7228 0.1627
vn 0.6715 -0.7229 0.1627
vn 0.7274 -0.6786 0.1021
vn 0.7600 -0.6476 0.0541
vn 0.7600 -0.6477 0.0541
vn 0.2991 -0.8344 0.4630
vn 0.4393 -0.8046 0.3996
vn 0.5592 -0.7620 0.3266
vn 0.6552 -0.7121 0.2522
vn 0.7351 -0.6543 0.1775
vn 0.9222 -0.3843 0.0433
vn 0.8937 -0.3868 0.2272
vn 0.8937 -0.3868 0.2273
vn 0.4034 -0.7562 -0.5152
vn 0.5017 -0.7052 -0.5010
vn 0.6065 -0.6383 -0.4740
vn 0.6065 -0.6384 -0.4739
vn 0.6066 -0.6384 -0.4739
vn 0.6066 -0.6383 -0.4739
vn 0.8395 -0.2970 -0.4550
vn 0.3274 -0.8049 0.4949
vn 0.4685 -0.7725 0.4287
vn 0.5900 -0.7255 0.3543
vn 0.5901 -0.7255 0.3542
vn 0.6893 -0.6690 0.2783
vn 0.6890 -0.6691 0.2784
vn 0.6890 -0.6692 0.2783
vn 0.8776 -0.4330 0.2059
vn 0.8775 -0.4331 0.2059
vn 0.2982 -0.9541 -0.0293
vn 0.2981 -0.9541 -0.0292
vn 0.4875 -0.8731 -0.0091
vn 0.6313 -0.7753 0.0166
vn 0.7568 -0.6527 0.0352
vn 0.9137 -0.3821 -0.1381
vn -0.0761 -0.9881 -0.1338
vn -0.0445 -0.9827 -0.1796
vn -0.0118 -0.9741 -0.2256
vn -0.0118 -0.9742 -0.2256
vn 0.0288 -0.9598 -0.2793
vn 0.0805 -0.9371 -0.3398
vn 0.0805 -0.9370 -0.3398
vn 0.1385 -0.9079 -0.3956
vn 0.1936 -0.8746 -0.4445
vn 0.2388 -0.8359 -0.4943
vn 0.2388 -0.8358 -0.4943
vn -0.0675 -0.9930 -0.0965
vn -0.0573 -0.9960 -0.0683
vn -0.0426 -0.9982 -0.0421
vn -0.0234 -0.9995 -0.0216
vn -0.0059 -1.0000 -0.0052
vn -0.0090 -0.9999 -0.0108
vn -0.0074 -0.9999 -0.0088
vn -0.0044 -1.0000 -0.0036
vn -0.0054 -1.0000 -0.0002
vn -0.0050 -1.0000 0.0018
vn -0.0057 -1.0000 0.0046
vn 0.2637 -0.3258 -0.9079
vn 0.2978 -0.2748 -0.9142
vn 0.3261 -0.2370 -0.9152
vn 0.3261 -0.2370 -0.9151
vn 0.3681 -0.1619 -0.9156
vn 0.3681 -0.1618 -0.9156
vn 0.2635 -0.3994 -0.8781
vn 0.2622 -0.4694 -0.8431
vn 0.2622 -0.4694 -0.8432
vn 0.2597 -0.5440 -0.7979
vn 0.2579 -0.6322 -0.7306
vn 0.2688 -0.6948 -0.6671
vn 0.2783 -0.7431 -0.6086
vn 0.2692 -0.7904 -0.5503
vn 0.2562 -0.3481 0.9018
vn 0.2551 -0.4290 0.8665
vn 0.2518 -0.5082 0.8236
vn 0.2473 -0.5842 0.7730
vn 0.2424 -0.6526 0.7179
vn 0.2381 -0.7086 0.6642
vn 0.2334 -0.7515 0.6171
vn 0.2246 -0.7862 0.5758
vn 0.2246 -0.7861 0.5758
vn 0.2881 -0.3033 0.9083
vn 0.3147 -0.2677 0.9107
vn 0.3641 -0.1023 0.9257
vn 0.3641 -0.1022 0.9257
vn 0.3641 -0.1024 0.9257
vn -0.0749 -0.9860 0.1492
vn -0.0749 -0.9860 0.1491
vn -0.0658 -0.9915 0.1120
vn -0.0546 -0.9951 0.0827
vn -0.0415 -0.9974 0.0587
vn -0.0300 -0.9988 0.0386
vn -0.0208 -0.9995 0.0221
vn -0.0156 -0.9998 0.0128
vn -0.0169 -0.9997 0.0186
vn -0.0109 -0.9999 0.0099
vn -0.0091 -0.9999 0.0057
vn -0.0435 -0.9797 0.1956
vn -0.0079 -0.9688 0.2479
vn -0.0079 -0.9687 0.2479
vn 0.0361 -0.9499 0.3105
vn 0.0869 -0.9210 0.3797
vn 0.1370 -0.8858 0.4434
vn 0.1796 -0.8492 0.4966
vn 0.2074 -0.8183 0.5360
vn -0.1046 -0.9713 -0.2136
vn -0.1349 -0.9681 -0.2112
vn -0.1633 -0.9646 -0.2071
vn -0.1904 -0.9606 -0.2027
vn -0.2160 -0.9561 -0.1981
vn -0.2410 -0.9509 -0.1942
vn -0.2664 -0.9447 -0.1911
vn -0.2662 -0.9448 -0.1911
vn -0.2662 -0.9448 -0.1909
vn -0.2927 -0.9374 -0.1887
vn -0.2927 -0.9374 -0.1886
vn -0.3187 -0.9292 -0.1870
vn -0.3187 -0.9292 -0.1872
vn -0.3187 -0.9292 -0.1871
vn -0.3186 -0.9293 -0.1869
vn -0.3450 -0.9198 -0.1867
vn -0.3450 -0.9198 -0.1868
vn -0.3730 -0.9088 -0.1869
vn -0.3731 -0.9088 -0.1868
vn -0.3730 -0.9088 -0.1870
vn -0.4036 -0.8955 -0.1876
vn -0.4036 -0.8955 -0.1875
vn -0.4367 -0.8797 -0.1882
vn -0.4732 -0.8606 -0.1881
vn -0.0814 -0.9610 -0.2643
vn -0.1147 -0.9572 -0.2657
vn -0.1459 -0.9538 -0.2627
vn -0.1755 -0.9500 -0.2581
vn -0.2035 -0.9458 -0.2530
vn -0.2306 -0.9407 -0.2487
vn -0.2581 -0.9344 -0.2455
vn -0.2583 -0.9344 -0.2454
vn -0.2581 -0.9344 -0.2454
vn -0.2580 -0.9345 -0.2453
vn -0.2859 -0.9269 -0.2432
vn -0.2860 -0.9269 -0.2431
vn -0.2860 -0.9268 -0.2433
vn -0.2861 -0.9268 -0.2433
vn -0.3142 -0.9181 -0.2417
vn -0.3142 -0.9182 -0.2414
vn -0.3142 -0.9181 -0.2416
vn -0.3142 -0.9180 -0.2418
vn -0.3429 -0.9078 -0.2417
vn -0.3428 -0.9078 -0.2416
vn -0.3429 -0.9077 -0.2418
vn -0.3732 -0.8954 -0.2429
vn -0.3732 -0.8954 -0.2430
vn -0.4069 -0.8803 -0.2438
vn -0.4441 -0.8622 -0.2436
vn -0.4861 -0.8405 -0.2394
vn -0.0556 -0.9468 -0.3169
vn -0.0920 -0.9425 -0.3212
vn -0.1260 -0.9390 -0.3201
vn -0.1260 -0.9389 -0.3202
vn -0.1580 -0.9354 -0.3164
vn -0.1884 -0.9313 -0.3118
vn -0.2178 -0.9262 -0.3078
vn -0.2178 -0.9262 -0.3079
vn -0.2473 -0.9197 -0.3048
vn -0.2473 -0.9198 -0.3048
vn -0.2778 -0.9118 -0.3025
vn -0.2778 -0.9117 -0.3025
vn -0.3083 -0.9024 -0.3011
vn -0.3083 -0.9024 -0.3010
vn -0.3395 -0.8912 -0.3009
vn -0.3730 -0.8773 -0.3019
vn -0.4100 -0.8605 -0.3023
vn -0.4515 -0.8403 -0.3001
vn -0.4990 -0.8158 -0.2924
vn -0.0277 -0.9273 -0.3732
vn -0.0674 -0.9230 -0.3788
vn -0.1041 -0.9195 -0.3791
vn -0.1385 -0.9159 -0.3767
vn -0.1711 -0.9117 -0.3734
vn -0.2028 -0.9065 -0.3704
vn -0.2028 -0.9065 -0.3703
vn -0.2345 -0.8997 -0.3682
vn -0.2343 -0.8997 -0.3684
vn -0.2342 -0.8997 -0.3685
vn -0.2669 -0.8915 -0.3661
vn -0.2671 -0.8915 -0.3659
vn -0.2667 -0.8914 -0.3663
vn -0.3002 -0.8817 -0.3639
vn -0.3000 -0.8818 -0.3640
vn -0.3001 -0.8817 -0.3641
vn -0.3002 -0.8816 -0.3642
vn -0.3344 -0.8696 -0.3633
vn -0.3712 -0.8546 -0.3632
vn -0.4117 -0.8361 -0.3624
vn -0.4117 -0.8362 -0.3624
vn -0.4117 -0.8361 -0.3625
vn -0.4576 -0.8135 -0.3589
vn -0.5102 -0.7859 -0.3494
vn 0.0003 -0.9030 -0.4297
vn -0.0423 -0.8988 -0.4362
vn -0.0423 -0.8989 -0.4362
vn -0.0813 -0.8951 -0.4383
vn -0.0813 -0.8952 -0.4383
vn -0.1175 -0.8913 -0.4379
vn -0.1521 -0.8868 -0.4365
vn -0.1521 -0.8868 -0.4364
vn -0.1857 -0.8811 -0.4350
vn -0.2195 -0.8741 -0.4333
vn -0.2195 -0.8741 -0.4334
vn -0.2542 -0.8655 -0.4316
vn -0.2542 -0.8656 -0.4315
vn -0.2899 -0.8552 -0.4296
vn -0.2898 -0.8553 -0.4295
vn -0.2900 -0.8553 -0.4295
vn -0.2900 -0.8551 -0.4297
vn -0.3270 -0.8427 -0.4277
vn -0.3669 -0.8270 -0.4260
vn -0.4109 -0.8075 -0.4233
vn -0.4109 -0.8075 -0.4232
vn -0.4109 -0.8074 -0.4233
vn -0.4608 -0.7829 -0.4179
vn -0.5181 -0.7523 -0.4070
vn 0.0274 -0.8737 -0.4858
vn 0.0274 -0.8737 -0.4857
vn -0.0175 -0.8697 -0.4933
vn -0.0582 -0.8657 -0.4971
vn -0.0959 -0.8613 -0.4989
vn -0.0959 -0.8614 -0.4989
vn -0.1319 -0.8562 -0.4994
vn -0.1319 -0.8562 -0.4995
vn -0.1319 -0.8563 -0.4994
vn -0.1319 -0.8563 -0.4993
vn -0.1672 -0.8500 -0.4995
vn -0.1672 -0.8501 -0.4994
vn -0.2027 -0.8427 -0.4988
vn -0.2027 -0.8426 -0.4989
vn -0.2393 -0.8340 -0.4972
vn -0.2392 -0.8339 -0.4974
vn -0.2392 -0.8340 -0.4973
vn -0.2770 -0.8235 -0.4951
vn -0.2770 -0.8234 -0.4952
vn -0.3169 -0.8107 -0.4923
vn -0.3167 -0.8107 -0.4924
vn -0.3595 -0.7947 -0.4890
vn -0.3595 -0.7947 -0.4891
vn -0.3595 -0.7948 -0.4890
vn -0.4068 -0.7744 -0.4846
vn -0.4068 -0.7744 -0.4845
vn -0.4601 -0.7487 -0.4772
vn -0.5212 -0.7155 -0.4651
vn 0.0530 -0.8389 -0.5417
vn 0.0063 -0.8353 -0.5497
vn -0.0357 -0.8313 -0.5547
vn -0.0356 -0.8312 -0.5548
vn -0.0356 -0.8312 -0.5549
vn -0.0744 -0.8264 -0.5582
vn -0.0744 -0.8264 -0.5581
vn -0.1115 -0.8208 -0.5602
vn -0.1115 -0.8208 -0.5603
vn -0.1479 -0.8143 -0.5613
vn -0.1479 -0.8142 -0.5614
vn -0.1846 -0.8068 -0.5613
vn -0.2225 -0.7978 -0.5604
vn -0.2225 -0.7978 -0.5603
vn -0.2225 -0.7977 -0.5605
vn -0.2619 -0.7871 -0.5584
vn -0.3036 -0.7742 -0.5554
vn -0.3487 -0.7580 -0.5512
vn -0.3487 -0.7581 -0.5512
vn -0.3486 -0.7582 -0.5511
vn -0.3985 -0.7375 -0.5452
vn -0.3985 -0.7376 -0.5451
vn -0.3985 -0.7374 -0.5453
vn -0.3986 -0.7373 -0.5455
vn -0.4545 -0.7108 -0.5369
vn -0.4545 -0.7108 -0.5368
vn -0.4545 -0.7107 -0.5369
vn -0.5186 -0.6755 -0.5242
vn -0.5186 -0.6754 -0.5242
vn 0.0762 -0.7984 -0.5973
vn 0.0286 -0.7955 -0.6053
vn -0.0140 -0.7914 -0.6112
vn -0.0140 -0.7916 -0.6108
vn -0.0139 -0.7914 -0.6112
vn -0.0530 -0.7862 -0.6157
vn -0.0532 -0.7862 -0.6156
vn -0.0529 -0.7861 -0.6158
vn -0.0529 -0.7862 -0.6157
vn -0.0908 -0.7806 -0.6185
vn -0.0908 -0.7805 -0.6185
vn -0.0908 -0.7806 -0.6184
vn -0.1277 -0.7739 -0.6203
vn -0.1277 -0.7740 -0.6202
vn -0.1278 -0.7740 -0.6201
vn -0.1279 -0.7741 -0.6200
vn -0.1654 -0.7663 -0.6208
vn -0.1655 -0.7664 -0.6207
vn -0.1654 -0.7662 -0.6210
vn -0.1653 -0.7662 -0.6210
vn -0.2043 -0.7574 -0.6202
vn -0.2043 -0.7574 -0.6201
vn -0.2043 -0.7573 -0.6202
vn -0.2445 -0.7464 -0.6189
vn -0.2446 -0.7466 -0.6187
vn -0.2445 -0.7465 -0.6188
vn -0.2446 -0.7465 -0.6188
vn -0.2875 -0.7335 -0.6159
vn -0.3339 -0.7173 -0.6116
vn -0.3339 -0.7173 -0.6115
vn -0.3854 -0.6967 -0.6051
vn -0.4431 -0.6694 -0.5963
vn -0.5087 -0.6325 -0.5841
vn 0.0972 -0.7514 -0.6527
vn 0.0972 -0.7513 -0.6527
vn 0.0498 -0.7489 -0.6608
vn 0.0077 -0.7443 -0.6679
vn 0.0077 -0.7442 -0.6679
vn 0.0077 -0.7443 -0.6678
vn -0.0312 -0.7385 -0.6735
vn -0.0312 -0.7385 -0.6736
vn -0.0686 -0.7321 -0.6777
vn -0.0686 -0.7321 -0.6778
vn -0.0686 -0.7320 -0.6778
vn -0.1057 -0.7250 -0.6806
vn -0.1057 -0.7249 -0.6807
vn -0.1057 -0.7251 -0.6805
vn -0.1436 -0.7173 -0.6818
vn -0.1438 -0.7174 -0.6816
vn -0.1436 -0.7174 -0.6818
vn -0.1434 -0.7173 -0.6819
vn -0.1826 -0.7081 -0.6821
vn -0.1825 -0.7080 -0.6822
vn -0.2235 -0.6972 -0.6811
vn -0.2669 -0.6847 -0.6782
vn -0.3141 -0.6693 -0.6733
vn -0.3663 -0.6497 -0.6662
vn -0.3663 -0.6497 -0.6661
vn -0.4248 -0.6231 -0.6568
vn -0.4248 -0.6231 -0.6567
vn -0.4909 -0.5856 -0.6450
vn 0.1160 -0.6977 -0.7069
vn 0.0697 -0.6952 -0.7155
vn 0.0292 -0.6893 -0.7239
vn -0.0083 -0.6820 -0.7313
vn -0.0445 -0.6740 -0.7374
vn -0.0445 -0.6741 -0.7373
vn -0.0808 -0.6660 -0.7416
vn -0.1178 -0.6577 -0.7440
vn -0.1180 -0.6576 -0.7440
vn -0.1177 -0.6576 -0.7442
vn -0.1177 -0.6578 -0.7440
vn -0.1571 -0.6483 -0.7450
vn -0.1979 -0.6379 -0.7443
vn -0.2413 -0.6264 -0.7412
vn -0.2887 -0.6129 -0.7355
vn -0.3410 -0.5953 -0.7275
vn -0.3994 -0.5707 -0.7175
vn -0.4649 -0.5341 -0.7061
vn 0.1332 -0.6369 -0.7594
vn 0.0891 -0.6341 -0.7681
vn 0.0505 -0.6268 -0.7776
vn 0.0505 -0.6267 -0.7776
vn 0.0150 -0.6173 -0.7866
vn -0.0192 -0.6072 -0.7943
vn -0.0538 -0.5977 -0.7999
vn -0.0900 -0.5885 -0.8034
vn -0.0900 -0.5885 -0.8035
vn -0.1283 -0.5789 -0.8053
vn -0.1283 -0.5788 -0.8053
vn -0.1682 -0.5690 -0.8049
vn -0.2111 -0.5590 -0.8018
vn -0.2580 -0.5479 -0.7958
vn -0.3097 -0.5331 -0.7874
vn -0.3097 -0.5331 -0.7873
vn -0.3670 -0.5109 -0.7774
vn -0.4305 -0.4761 -0.7668
vn 0.1491 -0.5693 -0.8085
vn 0.1079 -0.5659 -0.8174
vn 0.0719 -0.5570 -0.8274
vn 0.0388 -0.5456 -0.8371
vn 0.0068 -0.5335 -0.8458
vn -0.0258 -0.5224 -0.8523
vn -0.0604 -0.5122 -0.8568
vn -0.0603 -0.5120 -0.8569
vn -0.0603 -0.5121 -0.8568
vn -0.0602 -0.5121 -0.8568
vn -0.0974 -0.5023 -0.8592
vn -0.0975 -0.5024 -0.8591
vn -0.0972 -0.5020 -0.8594
vn -0.1358 -0.4925 -0.8596
vn -0.1358 -0.4925 -0.8597
vn -0.1771 -0.4838 -0.8571
vn -0.1771 -0.4839 -0.8570
vn -0.2226 -0.4747 -0.8516
vn -0.2226 -0.4747 -0.8515
vn -0.2226 -0.4746 -0.8516
vn -0.2729 -0.4621 -0.8438
vn -0.3279 -0.4425 -0.8347
vn -0.3882 -0.4106 -0.8251
vn 0.1629 -0.4999 -0.8506
vn 0.1260 -0.4932 -0.8607
vn 0.0934 -0.4819 -0.8712
vn 0.0626 -0.4687 -0.8811
vn 0.0329 -0.4553 -0.8897
vn 0.0025 -0.4430 -0.8965
vn 0.0025 -0.4432 -0.8964
vn 0.0025 -0.4428 -0.8966
vn -0.0301 -0.4318 -0.9015
vn -0.0301 -0.4318 -0.9014
vn -0.0653 -0.4210 -0.9047
vn -0.0653 -0.4211 -0.9047
vn -0.1020 -0.4113 -0.9058
vn -0.1412 -0.4028 -0.9043
vn -0.1842 -0.3945 -0.9002
vn -0.1842 -0.3945 -0.9003
vn -0.2321 -0.3832 -0.8940
vn -0.2844 -0.3674 -0.8855
vn -0.3415 -0.3417 -0.8756
vn 0.1763 -0.4280 -0.8864
vn 0.1448 -0.4163 -0.8976
vn 0.1154 -0.4030 -0.9079
vn 0.0866 -0.3894 -0.9170
vn 0.0585 -0.3758 -0.9249
vn 0.0585 -0.3758 -0.9248
vn 0.0299 -0.3631 -0.9313
vn -0.0010 -0.3514 -0.9362
vn -0.0009 -0.3509 -0.9364
vn -0.0009 -0.3511 -0.9363
vn -0.0010 -0.3516 -0.9361
vn -0.0343 -0.3396 -0.9400
vn -0.0343 -0.3396 -0.9399
vn -0.0687 -0.3285 -0.9420
vn -0.0686 -0.3285 -0.9420
vn -0.0686 -0.3287 -0.9419
vn -0.0686 -0.3288 -0.9419
vn -0.1051 -0.3190 -0.9419
vn -0.1051 -0.3191 -0.9419
vn -0.1451 -0.3093 -0.9398
vn -0.1897 -0.2978 -0.9356
vn -0.2383 -0.2845 -0.9286
vn -0.2916 -0.2671 -0.9185
vn -0.0963 -0.9822 -0.1612
vn -0.1247 -0.9790 -0.1614
vn -0.1512 -0.9760 -0.1569
vn -0.1769 -0.9721 -0.1540
vn -0.1769 -0.9721 -0.1539
vn -0.2020 -0.9677 -0.1509
vn -0.2020 -0.9677 -0.1510
vn -0.2258 -0.9629 -0.1478
vn -0.2256 -0.9629 -0.1480
vn -0.2255 -0.9629 -0.1480
vn -0.2490 -0.9576 -0.1449
vn -0.2728 -0.9515 -0.1423
vn -0.2729 -0.9515 -0.1423
vn -0.2728 -0.9515 -0.1421
vn -0.2978 -0.9443 -0.1399
vn -0.2979 -0.9443 -0.1398
vn -0.2978 -0.9443 -0.1398
vn -0.2977 -0.9443 -0.1400
vn -0.3223 -0.9366 -0.1378
vn -0.3222 -0.9366 -0.1379
vn -0.3224 -0.9365 -0.1378
vn -0.3224 -0.9365 -0.1379
vn -0.3469 -0.9280 -0.1364
vn -0.3468 -0.9280 -0.1365
vn -0.3468 -0.9280 -0.1364
vn -0.3731 -0.9179 -0.1351
vn -0.3730 -0.9179 -0.1352
vn -0.3731 -0.9179 -0.1352
vn -0.3734 -0.9177 -0.1353
vn -0.4016 -0.9059 -0.1342
vn -0.4016 -0.9059 -0.1343
vn -0.4012 -0.9061 -0.1339
vn -0.4015 -0.9060 -0.1339
vn -0.4312 -0.8923 -0.1333
vn -0.4313 -0.8923 -0.1334
vn -0.4313 -0.8923 -0.1333
vn -0.4624 -0.8763 -0.1352
vn -0.4975 -0.8572 -0.1332
vn -0.5148 -0.8383 -0.1798
vn -0.5340 -0.8151 -0.2247
vn -0.5533 -0.7866 -0.2741
vn -0.5708 -0.7521 -0.3294
vn -0.5708 -0.7522 -0.3294
vn -0.5840 -0.7139 -0.3863
vn -0.5918 -0.6724 -0.4446
vn -0.5923 -0.6280 -0.5048
vn -0.5922 -0.6279 -0.5050
vn -0.5841 -0.5811 -0.5667
vn -0.5660 -0.5315 -0.6302
vn -0.5660 -0.5315 -0.6301
vn -0.5382 -0.4786 -0.6938
vn -0.5382 -0.4786 -0.6937
vn -0.5003 -0.4207 -0.7568
vn -0.4530 -0.3574 -0.8168
vn -0.4530 -0.3574 -0.8167
vn -0.4010 -0.2945 -0.8675
vn -0.3473 -0.2315 -0.9087
vn -0.2913 -0.1581 -0.9435
vn -0.2401 -0.1803 -0.9539
vn -0.1925 -0.1924 -0.9623
vn -0.1926 -0.1924 -0.9622
vn -0.1925 -0.1924 -0.9622
vn -0.1488 -0.2078 -0.9668
vn -0.1080 -0.2230 -0.9688
vn -0.1079 -0.2226 -0.9689
vn -0.0712 -0.2359 -0.9692
vn -0.0710 -0.2358 -0.9692
vn -0.0711 -0.2359 -0.9692
vn -0.0712 -0.2358 -0.9692
vn -0.0376 -0.2485 -0.9679
vn -0.0374 -0.2483 -0.9680
vn -0.0375 -0.2483 -0.9680
vn -0.0376 -0.2484 -0.9679
vn -0.0052 -0.2609 -0.9653
vn -0.0052 -0.2610 -0.9653
vn -0.0053 -0.2612 -0.9653
vn 0.0264 -0.2739 -0.9614
vn 0.0264 -0.2738 -0.9614
vn 0.0557 -0.2863 -0.9565
vn 0.0557 -0.2862 -0.9566
vn 0.0558 -0.2863 -0.9565
vn 0.0833 -0.2984 -0.9508
vn 0.0833 -0.2983 -0.9508
vn 0.0833 -0.2985 -0.9508
vn 0.1105 -0.3108 -0.9440
vn 0.1384 -0.3232 -0.9362
vn 0.1661 -0.3354 -0.9273
vn 0.1925 -0.3499 -0.9168
vn 0.2234 -0.3584 -0.9064
vn 0.2234 -0.3584 -0.9065
vn 0.2144 -0.4289 -0.8775
vn 0.2076 -0.4947 -0.8439
vn 0.1987 -0.5627 -0.8024
vn 0.1863 -0.6314 -0.7527
vn 0.1712 -0.6942 -0.6991
vn 0.1531 -0.7509 -0.6424
vn 0.1322 -0.8006 -0.5844
vn 0.1086 -0.8416 -0.5291
vn 0.0802 -0.8772 -0.4735
vn 0.0802 -0.8771 -0.4735
vn 0.0485 -0.9079 -0.4163
vn 0.0485 -0.9080 -0.4163
vn 0.0157 -0.9333 -0.3588
vn -0.0165 -0.9528 -0.3030
vn -0.0463 -0.9664 -0.2529
vn -0.0727 -0.9755 -0.2077
vn -0.4656 -0.8839 -0.0435
vn -0.4332 -0.9001 -0.0469
vn -0.4038 -0.9134 -0.0508
vn -0.4038 -0.9134 -0.0509
vn -0.3763 -0.9249 -0.0550
vn -0.3512 -0.9344 -0.0591
vn -0.3512 -0.9344 -0.0592
vn -0.3512 -0.9344 -0.0590
vn -0.3274 -0.9428 -0.0625
vn -0.3275 -0.9428 -0.0626
vn -0.3042 -0.9504 -0.0653
vn -0.3042 -0.9504 -0.0654
vn -0.3043 -0.9503 -0.0653
vn -0.2806 -0.9575 -0.0675
vn -0.2806 -0.9574 -0.0676
vn -0.2581 -0.9636 -0.0690
vn -0.2581 -0.9636 -0.0691
vn -0.2581 -0.9636 -0.0694
vn -0.2581 -0.9636 -0.0692
vn -0.2360 -0.9692 -0.0699
vn -0.2360 -0.9692 -0.0698
vn -0.2134 -0.9745 -0.0699
vn -0.2134 -0.9745 -0.0698
vn -0.1896 -0.9794 -0.0697
vn -0.1646 -0.9839 -0.0691
vn -0.1375 -0.9881 -0.0690
vn -0.4737 -0.8804 -0.0208
vn -0.4386 -0.8984 -0.0224
vn -0.4077 -0.9127 -0.0261
vn -0.3795 -0.9247 -0.0303
vn -0.3539 -0.9346 -0.0348
vn -0.3539 -0.9346 -0.0347
vn -0.3539 -0.9346 -0.0349
vn -0.3298 -0.9433 -0.0384
vn -0.3062 -0.9511 -0.0412
vn -0.3062 -0.9511 -0.0414
vn -0.2826 -0.9583 -0.0429
vn -0.2825 -0.9583 -0.0432
vn -0.2826 -0.9583 -0.0428
vn -0.2598 -0.9646 -0.0445
vn -0.2598 -0.9646 -0.0444
vn -0.2373 -0.9704 -0.0447
vn -0.2143 -0.9758 -0.0441
vn -0.1899 -0.9808 -0.0433
vn -0.1899 -0.9809 -0.0433
vn -0.1637 -0.9856 -0.0429
vn -0.1343 -0.9900 -0.0443
vn -0.4823 -0.8760 -0.0052
vn -0.4448 -0.8956 -0.0061
vn -0.4480 -0.8940 0.0014
vn -0.4471 -0.8945 -0.0038
vn -0.4140 -0.9102 -0.0074
vn -0.4123 -0.9110 -0.0092
vn -0.4153 -0.9097 -0.0001
vn -0.3845 -0.9230 -0.0114
vn -0.3831 -0.9236 -0.0132
vn -0.3853 -0.9228 -0.0037
vn -0.3576 -0.9337 -0.0160
vn -0.3567 -0.9341 -0.0174
vn -0.3581 -0.9336 -0.0071
vn -0.3327 -0.9428 -0.0197
vn -0.3319 -0.9431 -0.0209
vn -0.3329 -0.9429 -0.0095
vn -0.3083 -0.9510 -0.0229
vn -0.3077 -0.9512 -0.0234
vn -0.3083 -0.9512 -0.0114
vn -0.2841 -0.9587 -0.0125
vn -0.2886 -0.9573 -0.0147
vn -0.2838 -0.9586 -0.0250
vn -0.2838 -0.9586 -0.0249
vn -0.2588 -0.9655 -0.0269
vn -0.2607 -0.9651 -0.0266
vn -0.2606 -0.9651 -0.0263
vn -0.2609 -0.9653 -0.0125
vn -0.2316 -0.9725 -0.0234
vn -0.2374 -0.9711 -0.0262
vn -0.2419 -0.9702 -0.0146
vn -0.2137 -0.9766 -0.0255
vn -0.2130 -0.9768 -0.0227
vn -0.2128 -0.9770 -0.0144
vn -0.1857 -0.9825 -0.0161
vn -0.1884 -0.9818 -0.0246
vn -0.1885 -0.9819 -0.0199
vn -0.1581 -0.9873 -0.0162
vn -0.1608 -0.9867 -0.0243
vn -0.1608 -0.9867 -0.0244
vn -0.1595 -0.9870 -0.0189
vn -0.1295 -0.9912 -0.0260
vn -0.4930 -0.8700 0.0067
vn -0.4906 -0.8714 0.0060
vn -0.4952 -0.8687 0.0110
vn -0.4542 -0.8909 0.0092
vn -0.4537 -0.8911 0.0064
vn -0.4189 -0.9080 0.0028
vn -0.4191 -0.9079 0.0057
vn -0.3881 -0.9216 -0.0007
vn -0.3883 -0.9215 0.0025
vn -0.3608 -0.9326 0.0010
vn -0.3603 -0.9328 -0.0047
vn -0.3344 -0.9424 -0.0071
vn -0.3340 -0.9426 -0.0018
vn -0.3092 -0.9509 -0.0097
vn -0.3092 -0.9510 -0.0025
vn -0.2846 -0.9586 -0.0118
vn -0.2844 -0.9587 -0.0034
vn -0.2604 -0.9655 -0.0046
vn -0.2606 -0.9654 -0.0119
vn -0.2362 -0.9717 -0.0050
vn -0.2362 -0.9716 -0.0112
vn -0.2116 -0.9773 -0.0108
vn -0.2116 -0.9773 -0.0056
vn -0.1844 -0.9828 -0.0047
vn -0.1848 -0.9827 -0.0090
vn -0.1549 -0.9879 -0.0041
vn -0.1555 -0.9878 -0.0080
vn -0.1243 -0.9922 -0.0116
vn -0.1219 -0.9925 -0.0073
vn -0.1214 -0.9926 -0.0061
vn -0.5001 -0.8659 0.0104
vn -0.5004 -0.8657 0.0126
vn -0.4580 -0.8889 0.0098
vn -0.4593 -0.8882 0.0112
vn -0.4225 -0.9063 0.0086
vn -0.4233 -0.9060 0.0080
vn -0.3908 -0.9204 0.0059
vn -0.3913 -0.9203 0.0056
vn -0.3626 -0.9319 0.0041
vn -0.3629 -0.9318 0.0023
vn -0.3354 -0.9421 0.0031
vn -0.3353 -0.9421 0.0005
vn -0.3108 -0.9505 0.0022
vn -0.3095 -0.9509 -0.0015
vn -0.2848 -0.9586 -0.0029
vn -0.2852 -0.9585 0.0023
vn -0.2602 -0.9656 -0.0031
vn -0.2627 -0.9649 -0.0020
vn -0.2354 -0.9719 -0.0030
vn -0.2360 -0.9717 0.0007
vn -0.2084 -0.9781 -0.0005
vn -0.2100 -0.9777 -0.0016
vn -0.1827 -0.9832 -0.0016
vn -0.1822 -0.9833 0.0017
vn -0.1526 -0.9883 -0.0009
vn -0.1518 -0.9884 0.0023
vn -0.1175 -0.9931 -0.0002
vn -0.1170 -0.9931 0.0022
vn -0.5052 -0.8629 0.0118
vn -0.5045 -0.8633 0.0095
vn -0.4623 -0.8867 0.0095
vn -0.4619 -0.8869 0.0088
vn -0.4256 -0.9049 0.0084
vn -0.4253 -0.9050 0.0074
vn -0.3931 -0.9195 0.0068
vn -0.3930 -0.9195 0.0063
vn -0.3640 -0.9314 0.0051
vn -0.3639 -0.9314 0.0050
vn -0.3365 -0.9417 0.0043
vn -0.3365 -0.9417 0.0041
vn -0.3104 -0.9506 0.0035
vn -0.3102 -0.9507 0.0030
vn -0.2853 -0.9584 0.0038
vn -0.2856 -0.9583 0.0033
vn -0.2608 -0.9654 0.0026
vn -0.2597 -0.9657 0.0016
vn -0.2348 -0.9720 0.0034
vn -0.2347 -0.9721 0.0015
vn -0.2087 -0.9780 0.0030
vn -0.2086 -0.9780 0.0033
vn -0.1807 -0.9835 0.0031
vn -0.1809 -0.9835 0.0039
vn -0.1497 -0.9887 0.0037
vn -0.1499 -0.9887 0.0045
vn -0.1142 -0.9935 0.0040
vn -0.1142 -0.9934 0.0052
vn -0.5045 -0.8634 0.0033
vn -0.5077 -0.8616 0.0020
vn -0.4642 -0.8858 0.0021
vn -0.4613 -0.8872 0.0042
vn -0.4265 -0.9045 0.0018
vn -0.4264 -0.9045 0.0067
vn -0.3939 -0.9191 0.0024
vn -0.3941 -0.9191 0.0062
vn -0.3645 -0.9312 0.0036
vn -0.3650 -0.9310 0.0044
vn -0.3369 -0.9415 0.0035
vn -0.3366 -0.9416 0.0042
vn -0.3107 -0.9505 0.0040
vn -0.3107 -0.9505 0.0039
vn -0.2849 -0.9586 0.0037
vn -0.2851 -0.9585 0.0038
vn -0.2598 -0.9657 0.0041
vn -0.2598 -0.9656 0.0037
vn -0.2347 -0.9721 0.0041
vn -0.2347 -0.9721 0.0043
vn -0.2084 -0.9780 0.0042
vn -0.2082 -0.9781 0.0045
vn -0.1801 -0.9836 0.0049
vn -0.1802 -0.9836 0.0050
vn -0.1487 -0.9889 0.0055
vn -0.1488 -0.9889 0.0054
vn -0.1127 -0.9936 0.0056
vn -0.1128 -0.9936 0.0060
vn -0.5056 -0.8628 -0.0025
vn -0.5049 -0.8632 -0.0000
vn -0.4627 -0.8865 -0.0015
vn -0.4622 -0.8868 0.0003
vn -0.4255 -0.9049 0.0003
vn -0.4258 -0.9048 0.0014
vn -0.3931 -0.9195 0.0016
vn -0.3933 -0.9194 0.0022
vn -0.3639 -0.9314 0.0030
vn -0.3639 -0.9314 0.0028
vn -0.3368 -0.9416 0.0038
vn -0.3368 -0.9416 0.0037
vn -0.3105 -0.9506 0.0050
vn -0.3106 -0.9505 0.0044
vn -0.2852 -0.9585 0.0059
vn -0.2849 -0.9585 0.0047
vn -0.2609 -0.9653 0.0061
vn -0.2602 -0.9655 0.0045
vn -0.2337 -0.9723 0.0062
vn -0.2349 -0.9720 0.0047
vn -0.2084 -0.9780 0.0068
vn -0.2087 -0.9780 0.0054
vn -0.1808 -0.9835 0.0067
vn -0.1802 -0.9836 0.0053
vn -0.1496 -0.9887 0.0066
vn -0.1493 -0.9888 0.0058
vn -0.1133 -0.9935 0.0061
vn -0.1135 -0.9935 0.0072
vn -0.5003 -0.8658 -0.0032
vn -0.5015 -0.8652 -0.0016
vn -0.4587 -0.8886 -0.0018
vn -0.4597 -0.8881 -0.0010
vn -0.4233 -0.9060 -0.0001
vn -0.4231 -0.9061 0.0010
vn -0.3915 -0.9202 0.0018
vn -0.3913 -0.9202 0.0033
vn -0.3627 -0.9319 0.0037
vn -0.3626 -0.9319 0.0056
vn -0.3358 -0.9419 0.0048
vn -0.3362 -0.9417 0.0083
vn -0.3096 -0.9509 0.0057
vn -0.3098 -0.9507 0.0097
vn -0.2856 -0.9583 0.0112
vn -0.2870 -0.9579 0.0095
vn -0.2603 -0.9654 0.0125
vn -0.2604 -0.9655 0.0069
vn -0.2350 -0.9719 0.0127
vn -0.2351 -0.9719 0.0078
vn -0.2095 -0.9777 0.0122
vn -0.2094 -0.9778 0.0081
vn -0.1821 -0.9832 0.0115
vn -0.1822 -0.9832 0.0089
vn -0.1516 -0.9884 0.0114
vn -0.1515 -0.9884 0.0089
vn -0.1165 -0.9931 0.0122
vn -0.1165 -0.9931 0.0098
vn -0.4947 -0.8691 0.0001
vn -0.4939 -0.8695 0.0035
vn -0.4540 -0.8910 0.0044
vn -0.4544 -0.8908 0.0010
vn -0.4194 -0.9078 0.0042
vn -0.4196 -0.9077 0.0053
vn -0.3885 -0.9214 0.0068
vn -0.3880 -0.9216 0.0084
vn -0.3618 -0.9322 0.0097
vn -0.3599 -0.9329 0.0119
vn -0.3347 -0.9423 0.0099
vn -0.3340 -0.9424 0.0160
vn -0.3092 -0.9509 0.0111
vn -0.3090 -0.9509 0.0188
vn -0.2888 -0.9572 0.0167
vn -0.2857 -0.9581 0.0209
vn -0.2616 -0.9650 0.0210
vn -0.2607 -0.9653 0.0131
vn -0.2355 -0.9716 0.0208
vn -0.2342 -0.9721 0.0141
vn -0.2106 -0.9775 0.0143
vn -0.2105 -0.9774 0.0206
vn -0.1842 -0.9827 0.0207
vn -0.1838 -0.9828 0.0145
vn -0.1550 -0.9877 0.0208
vn -0.1542 -0.9879 0.0146
vn -0.1214 -0.9924 0.0220
vn -0.1200 -0.9926 0.0157
vn -0.4913 -0.8710 0.0043
vn -0.4493 -0.8933 0.0072
vn -0.4484 -0.8937 0.0134
vn -0.4152 -0.9096 0.0110
vn -0.4148 -0.9098 0.0169
vn -0.3850 -0.9228 0.0144
vn -0.3846 -0.9229 0.0210
vn -0.3580 -0.9334 0.0255
vn -0.3582 -0.9335 0.0174
vn -0.3379 -0.9408 0.0257
vn -0.3280 -0.9445 0.0200
vn -0.3080 -0.9508 0.0339
vn -0.3077 -0.9513 0.0192
vn -0.2845 -0.9580 0.0354
vn -0.2843 -0.9585 0.0212
vn -0.2601 -0.9653 0.0224
vn -0.2601 -0.9653 0.0226
vn -0.2366 -0.9710 0.0351
vn -0.2358 -0.9715 0.0242
vn -0.2123 -0.9766 0.0345
vn -0.2129 -0.9767 0.0258
vn -0.1852 -0.9824 0.0223
vn -0.1562 -0.9875 0.0224
vn -0.1231 -0.9921 0.0240
vn -0.4831 -0.8754 0.0162
vn -0.4454 -0.8952 0.0168
vn -0.4128 -0.9106 0.0195
vn -0.3834 -0.9233 0.0233
vn -0.3568 -0.9338 0.0273
vn -0.3318 -0.9429 0.0307
vn -0.3075 -0.9510 0.0333
vn -0.2833 -0.9584 0.0352
vn -0.2833 -0.9584 0.0353
vn -0.2599 -0.9649 0.0367
vn -0.2599 -0.9649 0.0365
vn -0.2600 -0.9649 0.0366
vn -0.2599 -0.9649 0.0370
vn -0.2368 -0.9709 0.0367
vn -0.2367 -0.9709 0.0368
vn -0.2128 -0.9764 0.0366
vn -0.1873 -0.9816 0.0363
vn -0.1874 -0.9816 0.0364
vn -0.1595 -0.9865 0.0367
vn -0.1281 -0.9910 0.0391
vn -0.4743 -0.8798 0.0325
vn -0.4391 -0.8978 0.0338
vn -0.4080 -0.9122 0.0372
vn -0.3796 -0.9242 0.0413
vn -0.3796 -0.9242 0.0412
vn -0.3539 -0.9342 0.0456
vn -0.3539 -0.9342 0.0455
vn -0.3296 -0.9428 0.0493
vn -0.3296 -0.9428 0.0494
vn -0.3058 -0.9507 0.0522
vn -0.2818 -0.9579 0.0545
vn -0.2818 -0.9579 0.0547
vn -0.2819 -0.9579 0.0544
vn -0.2818 -0.9579 0.0544
vn -0.2590 -0.9643 0.0558
vn -0.2590 -0.9643 0.0557
vn -0.2589 -0.9643 0.0557
vn -0.2364 -0.9700 0.0564
vn -0.2133 -0.9754 0.0562
vn -0.1887 -0.9804 0.0560
vn -0.1622 -0.9852 0.0561
vn -0.1327 -0.9894 0.0582
vn -0.4659 -0.8831 0.0558
vn -0.4333 -0.8993 0.0591
vn -0.4039 -0.9126 0.0630
vn -0.3762 -0.9241 0.0670
vn -0.3510 -0.9337 0.0711
vn -0.3510 -0.9337 0.0710
vn -0.3271 -0.9420 0.0746
vn -0.3271 -0.9420 0.0747
vn -0.3036 -0.9496 0.0775
vn -0.3036 -0.9496 0.0776
vn -0.2799 -0.9567 0.0799
vn -0.2799 -0.9567 0.0800
vn -0.2800 -0.9567 0.0796
vn -0.2801 -0.9567 0.0795
vn -0.2572 -0.9629 0.0817
vn -0.2571 -0.9629 0.0817
vn -0.2572 -0.9629 0.0819
vn -0.2573 -0.9629 0.0820
vn -0.2348 -0.9685 0.0828
vn -0.2348 -0.9685 0.0829
vn -0.2121 -0.9737 0.0832
vn -0.2121 -0.9737 0.0833
vn -0.1882 -0.9786 0.0834
vn -0.1631 -0.9831 0.0833
vn -0.1358 -0.9872 0.0838
vn -0.4932 -0.8665 -0.0774
vn -0.4932 -0.8664 -0.0774
vn -0.4596 -0.8846 -0.0786
vn -0.4301 -0.8989 -0.0835
vn -0.4301 -0.8989 -0.0836
vn -0.4301 -0.8989 -0.0837
vn -0.4015 -0.9118 -0.0866
vn -0.4015 -0.9117 -0.0866
vn -0.3740 -0.9231 -0.0896
vn -0.3742 -0.9230 -0.0896
vn -0.3741 -0.9230 -0.0897
vn -0.3489 -0.9326 -0.0925
vn -0.3251 -0.9409 -0.0952
vn -0.3251 -0.9409 -0.0953
vn -0.3015 -0.9484 -0.0976
vn -0.3015 -0.9484 -0.0978
vn -0.2776 -0.9554 -0.1001
vn -0.2775 -0.9555 -0.0998
vn -0.2776 -0.9555 -0.1000
vn -0.2777 -0.9554 -0.1003
vn -0.2548 -0.9616 -0.1021
vn -0.2324 -0.9670 -0.1040
vn -0.2322 -0.9670 -0.1044
vn -0.2325 -0.9670 -0.1038
vn -0.2100 -0.9720 -0.1052
vn -0.2099 -0.9720 -0.1054
vn -0.2099 -0.9720 -0.1053
vn -0.2100 -0.9720 -0.1051
vn -0.1858 -0.9768 -0.1064
vn -0.1858 -0.9768 -0.1062
vn -0.1860 -0.9768 -0.1060
vn -0.1614 -0.9810 -0.1076
vn -0.1613 -0.9811 -0.1072
vn -0.1614 -0.9810 -0.1075
vn -0.1368 -0.9850 -0.1055
vn -0.1089 -0.9883 -0.1070
vn -0.1058 -0.9916 -0.0744
vn -0.0996 -0.9937 -0.0510
vn -0.0923 -0.9952 -0.0319
vn -0.0845 -0.9963 -0.0151
vn -0.0723 -0.9974 0.0016
vn -0.0757 -0.9971 -0.0016
vn -0.0708 -0.9975 0.0005
vn -0.0653 -0.9979 0.0054
vn -0.0657 -0.9978 0.0041
vn -0.0636 -0.9980 0.0061
vn -0.0636 -0.9980 0.0066
vn -0.0649 -0.9979 0.0083
vn -0.0656 -0.9978 0.0080
vn -0.0700 -0.9975 0.0134
vn -0.0705 -0.9974 0.0122
vn -0.0733 -0.9972 0.0164
vn -0.0815 -0.9963 0.0282
vn -0.0901 -0.9949 0.0452
vn -0.0901 -0.9949 0.0451
vn -0.0979 -0.9930 0.0656
vn -0.1041 -0.9905 0.0897
vn -0.1040 -0.9905 0.0897
vn -0.1073 -0.9866 0.1225
vn -0.1073 -0.9867 0.1225
vn -0.1352 -0.9834 0.1208
vn -0.1596 -0.9796 0.1222
vn -0.1597 -0.9796 0.1222
vn -0.1596 -0.9796 0.1221
vn -0.1598 -0.9796 0.1217
vn -0.1842 -0.9754 0.1211
vn -0.1843 -0.9754 0.1210
vn -0.1843 -0.9754 0.1213
vn -0.1842 -0.9754 0.1213
vn -0.2081 -0.9707 0.1199
vn -0.2083 -0.9707 0.1200
vn -0.2082 -0.9707 0.1198
vn -0.2082 -0.9707 0.1196
vn -0.2311 -0.9658 0.1178
vn -0.2310 -0.9658 0.1174
vn -0.2310 -0.9658 0.1175
vn -0.2535 -0.9604 0.1158
vn -0.2535 -0.9604 0.1160
vn -0.2765 -0.9543 0.1138
vn -0.2766 -0.9542 0.1139
vn -0.2767 -0.9542 0.1139
vn -0.3004 -0.9473 0.1114
vn -0.3003 -0.9473 0.1114
vn -0.3004 -0.9473 0.1113
vn -0.3244 -0.9397 0.1086
vn -0.3243 -0.9397 0.1086
vn -0.3483 -0.9314 0.1057
vn -0.3483 -0.9314 0.1056
vn -0.3735 -0.9219 0.1026
vn -0.4011 -0.9106 0.0996
vn -0.4298 -0.8977 0.0965
vn -0.4298 -0.8977 0.0966
vn -0.4595 -0.8834 0.0915
vn -0.4931 -0.8653 0.0903
vn -0.4931 -0.8652 0.0903
vn -0.5036 -0.8620 0.0585
vn -0.5155 -0.8561 0.0369
vn -0.5276 -0.8492 0.0204
vn -0.5387 -0.8425 0.0074
vn -0.5418 -0.8405 0.0067
vn -0.5447 -0.8386 0.0009
vn -0.5509 -0.8346 0.0016
vn -0.5511 -0.8344 -0.0018
vn -0.5568 -0.8307 0.0010
vn -0.5561 -0.8311 -0.0017
vn -0.5576 -0.8301 0.0077
vn -0.5570 -0.8305 0.0012
vn -0.5551 -0.8317 0.0092
vn -0.5563 -0.8309 0.0103
vn -0.5511 -0.8343 0.0131
vn -0.5504 -0.8349 0.0099
vn -0.5426 -0.8400 0.0057
vn -0.5419 -0.8404 0.0079
vn -0.5378 -0.8431 0.0033
vn -0.5268 -0.8499 -0.0090
vn -0.5149 -0.8569 -0.0250
vn -0.5032 -0.8629 -0.0460
vn 0.5884 0.8000 -0.1176
vn 0.6277 0.7612 -0.1633
vn 0.6640 0.7171 -0.2117
vn 0.6972 0.6661 -0.2650
vn 0.7238 0.6104 -0.3216
vn 0.7420 0.5507 -0.3824
vn 0.7489 0.4886 -0.4477
vn 0.6145 0.7847 -0.0818
vn 0.6147 0.7845 -0.0820
vn 0.6146 0.7846 -0.0819
vn 0.6648 0.7370 -0.1218
vn 0.7123 0.6814 -0.1682
vn 0.7551 0.6177 -0.2197
vn 0.7551 0.6178 -0.2197
vn 0.7896 0.5485 -0.2752
vn 0.8132 0.4751 -0.3362
vn 0.8131 0.4751 -0.3362
vn 0.8228 0.4013 -0.4025
vn 0.6374 0.7686 -0.0549
vn 0.6374 0.7686 -0.0550
vn 0.6960 0.7128 -0.0861
vn 0.7533 0.6455 -0.1258
vn 0.7534 0.6455 -0.1258
vn 0.7958 0.5811 -0.1702
vn 0.8051 0.5674 -0.1728
vn 0.7915 0.5892 -0.1622
vn 0.8461 0.4832 -0.2250
vn 0.8742 0.4113 -0.2580
vn 0.8731 0.3956 -0.2848
vn 0.8728 0.4035 -0.2746
vn 0.8847 0.3147 -0.3439
vn 0.8833 0.3100 -0.3517
vn 0.8834 0.3123 -0.3493
vn 0.6572 0.7529 -0.0337
vn 0.7225 0.6891 -0.0567
vn 0.7225 0.6891 -0.0568
vn 0.6667 0.7448 -0.0285
vn 0.6734 0.7390 -0.0185
vn 0.6674 0.7443 -0.0254
vn 0.4110 0.0710 -0.9089
vn 0.4274 -0.0083 -0.9040
vn 0.4440 -0.0662 -0.8936
vn 0.4943 0.1297 -0.8595
vn 0.5240 0.0364 -0.8509
vn 0.5240 0.0365 -0.8509
vn 0.5470 -0.0443 -0.8360
vn 0.5666 -0.1071 -0.8170
vn 0.5682 0.1879 -0.8011
vn 0.6128 0.0891 -0.7852
vn 0.6466 -0.0048 -0.7628
vn 0.6466 -0.0047 -0.7628
vn 0.6710 -0.0875 -0.7363
vn 0.6327 0.2477 -0.7337
vn 0.6892 0.1457 -0.7098
vn 0.7331 0.0428 -0.6787
vn 0.6837 0.3068 -0.6622
vn 0.7490 0.2040 -0.6304
vn 0.8004 0.0971 -0.5915
vn 0.7204 0.3665 -0.5888
vn 0.7916 0.2663 -0.5499
vn 0.8481 0.1611 -0.5047
vn 0.4097 0.0530 0.9107
vn 0.4098 0.0530 0.9106
vn 0.4963 0.1150 0.8605
vn 0.5730 0.1766 0.8003
vn 0.6395 0.2394 0.7305
vn 0.6916 0.3012 0.6565
vn 0.7287 0.3629 0.5808
vn 0.7286 0.3629 0.5808
vn 0.7500 0.4252 0.5066
vn 0.4247 -0.0279 0.9049
vn 0.5241 0.0188 0.8515
vn 0.5241 0.0188 0.8514
vn 0.6160 0.0745 0.7842
vn 0.6948 0.1343 0.7065
vn 0.7560 0.1956 0.6246
vn 0.7990 0.2607 0.5418
vn 0.7991 0.2607 0.5418
vn 0.8232 0.3288 0.4628
vn 0.4401 -0.0898 0.8934
vn 0.5461 -0.0626 0.8354
vn 0.6478 -0.0220 0.7615
vn 0.7369 0.0289 0.6754
vn 0.8058 0.0864 0.5859
vn 0.8542 0.1534 0.4968
vn 0.8815 0.2279 0.4135
vn 0.4561 -0.1357 0.8795
vn 0.5642 -0.1280 0.8157
vn 0.5892 0.8012 0.1050
vn 0.5892 0.8011 0.1053
vn 0.6148 0.7856 0.0695
vn 0.6149 0.7856 0.0696
vn 0.6372 0.7695 0.0430
vn 0.6371 0.7696 0.0430
vn 0.6568 0.7538 0.0222
vn 0.6729 0.7397 0.0075
vn 0.6821 0.7312 0.0024
vn 0.6847 0.7288 -0.0019
vn 0.6793 0.7338 0.0073
vn 0.6294 0.7623 0.1508
vn 0.6659 0.7380 0.1093
vn 0.6965 0.7138 0.0739
vn 0.7226 0.6898 0.0449
vn 0.7225 0.6899 0.0451
vn 0.7224 0.6901 0.0451
vn 0.7360 0.6770 0.0032
vn 0.7436 0.6683 0.0233
vn 0.7365 0.6764 0.0042
vn 0.6668 0.7180 0.1994
vn 0.7144 0.6822 0.1558
vn 0.7547 0.6461 0.1137
vn 0.7882 0.6107 0.0760
vn 0.7882 0.6107 0.0759
vn 0.7011 0.6667 0.2529
vn 0.7583 0.6179 0.2076
vn 0.8077 0.5673 0.1608
vn 0.8076 0.5673 0.1608
vn 0.8076 0.5674 0.1608
vn 0.7290 0.6103 0.3100
vn 0.7289 0.6104 0.3100
vn 0.7940 0.5479 0.2634
vn 0.8497 0.4821 0.2133
vn 0.8498 0.4821 0.2133
vn 0.7482 0.5499 0.3714
vn 0.7481 0.5499 0.3714
vn 0.8187 0.4734 0.3250
vn 0.8777 0.3932 0.2738
vn 0.7423 0.4273 -0.5162
vn 0.8161 0.3326 -0.4726
vn 0.8751 0.2257 -0.4281
vn 0.8756 0.2331 -0.4231
vn 0.8757 0.2146 -0.4326
vn 0.7561 0.4869 0.4374
vn 0.7561 0.4869 0.4373
vn 0.8292 0.3985 0.3921
vn 0.8292 0.3985 0.3920
vn 0.8887 0.3061 0.3414
vn 0.5281 0.8413 -0.1155
vn 0.5280 0.8413 -0.1156
vn 0.5557 0.8156 -0.1613
vn 0.5822 0.7867 -0.2054
vn 0.5822 0.7866 -0.2054
vn 0.6087 0.7520 -0.2529
vn 0.6328 0.7110 -0.3068
vn 0.6517 0.6657 -0.3635
vn 0.6518 0.6657 -0.3634
vn 0.6638 0.6170 -0.4228
vn 0.6670 0.5651 -0.4855
vn 0.5464 0.8339 -0.0777
vn 0.5463 0.8340 -0.0778
vn 0.5634 0.8245 -0.0526
vn 0.5802 0.8138 -0.0331
vn 0.5949 0.8036 -0.0172
vn 0.6099 0.7924 -0.0074
vn 0.6069 0.7947 -0.0070
vn 0.6126 0.7904 -0.0021
vn 0.6178 0.7863 -0.0016
vn 0.6176 0.7865 -0.0045
vn 0.6192 0.7852 -0.0049
vn 0.6197 0.7848 -0.0068
vn 0.3196 0.1002 -0.9422
vn 0.3219 0.0203 -0.9466
vn 0.3316 -0.0342 -0.9428
vn 0.3655 -0.0454 -0.9297
vn 0.3902 0.1681 -0.9053
vn 0.4527 0.2263 -0.8625
vn 0.5121 0.2834 -0.8108
vn 0.5121 0.2834 -0.8109
vn 0.5658 0.3437 -0.7495
vn 0.6087 0.4015 -0.6843
vn 0.6399 0.4571 -0.6177
vn 0.6594 0.5118 -0.5507
vn 0.3171 0.0822 0.9448
vn 0.3169 0.0822 0.9449
vn 0.3909 0.1541 0.9074
vn 0.4560 0.2153 0.8636
vn 0.4560 0.2153 0.8635
vn 0.5176 0.2751 0.8102
vn 0.5731 0.3384 0.7464
vn 0.6170 0.3984 0.6787
vn 0.6484 0.4557 0.6098
vn 0.6676 0.5112 0.5413
vn 0.6675 0.5112 0.5413
vn 0.3172 -0.0006 0.9484
vn 0.3263 -0.0560 0.9436
vn 0.3388 -0.0993 0.9356
vn 0.3873 -0.0832 0.9182
vn 0.5287 0.8426 0.1028
vn 0.5286 0.8426 0.1028
vn 0.5462 0.8351 0.0652
vn 0.5463 0.8351 0.0652
vn 0.5630 0.8255 0.0403
vn 0.5630 0.8254 0.0403
vn 0.5796 0.8146 0.0214
vn 0.5942 0.8043 0.0061
vn 0.6091 0.7931 -0.0030
vn 0.6120 0.7909 -0.0081
vn 0.6063 0.7952 -0.0037
vn 0.6063 0.7953 -0.0037
vn 0.6168 0.7871 -0.0066
vn 0.6181 0.7860 -0.0087
vn 0.5572 0.8169 0.1489
vn 0.5846 0.7880 0.1931
vn 0.6121 0.7533 0.2407
vn 0.6372 0.7120 0.2950
vn 0.6372 0.7119 0.2950
vn 0.6573 0.6663 0.3522
vn 0.6703 0.6171 0.4121
vn 0.6744 0.5649 0.4755
vn -0.2330 0.2294 -0.9450
vn -0.2516 0.1955 -0.9479
vn -0.2765 0.1018 -0.9556
vn -0.2749 0.1009 -0.9562
vn -0.2721 0.1043 -0.9566
vn -0.2030 0.2189 -0.9544
vn -0.2205 0.1805 -0.9585
vn -0.2685 0.1052 -0.9575
vn -0.1741 0.2095 -0.9622
vn -0.1906 0.1690 -0.9670
vn -0.2087 0.0964 -0.9732
vn -0.2023 0.1013 -0.9741
vn -0.2018 0.0977 -0.9745
vn -0.1458 0.1999 -0.9689
vn -0.1458 0.2000 -0.9689
vn -0.1615 0.1593 -0.9739
vn -0.1615 0.1592 -0.9739
vn -0.1615 0.1592 -0.9740
vn -0.1967 0.0953 -0.9758
vn -0.1184 0.1901 -0.9746
vn -0.1184 0.1900 -0.9746
vn -0.1185 0.1903 -0.9746
vn -0.1332 0.1494 -0.9798
vn -0.1501 0.0622 -0.9867
vn -0.1478 0.0624 -0.9870
vn -0.1471 0.0637 -0.9871
vn -0.0911 0.1787 -0.9797
vn -0.0911 0.1788 -0.9797
vn -0.0910 0.1790 -0.9796
vn -0.1051 0.1380 -0.9848
vn -0.1051 0.1381 -0.9848
vn -0.1457 0.0620 -0.9874
vn -0.0629 0.1656 -0.9842
vn -0.0769 0.1241 -0.9893
vn -0.0769 0.1242 -0.9893
vn -0.0877 0.0409 -0.9953
vn -0.0911 0.0410 -0.9950
vn -0.0848 0.0390 -0.9956
vn -0.0331 0.1505 -0.9881
vn -0.0465 0.1084 -0.9930
vn -0.0826 0.0376 -0.9959
vn -0.0031 0.1341 -0.9910
vn -0.0163 0.0908 -0.9957
vn -0.0247 0.0591 -0.9979
vn 0.0275 0.1157 -0.9929
vn 0.0275 0.1156 -0.9929
vn 0.0147 0.0710 -0.9974
vn 0.0148 0.0710 -0.9974
vn 0.0062 0.0186 -0.9998
vn 0.0606 0.0951 -0.9936
vn 0.0486 0.0488 -0.9976
vn 0.0344 0.0047 -0.9994
vn 0.0346 0.0047 -0.9994
vn 0.0341 0.0043 -0.9994
vn 0.0979 0.0729 -0.9925
vn 0.0870 0.0252 -0.9959
vn 0.0827 -0.0127 -0.9965
vn 0.1388 0.0491 -0.9891
vn 0.1306 0.0009 -0.9914
vn 0.1305 0.0009 -0.9914
vn 0.1311 -0.0293 -0.9909
vn 0.1311 -0.0292 -0.9909
vn 0.1851 0.0245 -0.9824
vn 0.1824 -0.0219 -0.9830
vn 0.1854 -0.0518 -0.9813
vn 0.1850 -0.0518 -0.9814
vn 0.1853 -0.0518 -0.9813
vn -0.2396 0.2933 -0.9255
vn -0.2636 0.2498 -0.9317
vn -0.2831 0.2217 -0.9331
vn -0.3646 0.1229 -0.9230
vn 0.2245 -0.0494 -0.9732
vn 0.2479 -0.0369 -0.9681
vn 0.2434 0.0076 -0.9699
vn 0.2492 0.0708 -0.9659
vn 0.1994 0.0924 -0.9756
vn 0.1592 0.1187 -0.9801
vn 0.1193 0.1393 -0.9830
vn 0.0814 0.1585 -0.9840
vn 0.0475 0.1760 -0.9832
vn 0.0166 0.1919 -0.9813
vn 0.0164 0.1920 -0.9813
vn 0.0167 0.1917 -0.9813
vn -0.0141 0.2067 -0.9783
vn -0.0443 0.2209 -0.9743
vn -0.0725 0.2335 -0.9697
vn -0.0725 0.2335 -0.9696
vn -0.0997 0.2448 -0.9644
vn -0.0995 0.2449 -0.9644
vn -0.0995 0.2452 -0.9643
vn -0.0995 0.2450 -0.9644
vn -0.1264 0.2557 -0.9585
vn -0.1266 0.2558 -0.9584
vn -0.1263 0.2556 -0.9585
vn -0.1263 0.2557 -0.9585
vn -0.1539 0.2661 -0.9516
vn -0.1815 0.2758 -0.9439
vn -0.1815 0.2757 -0.9439
vn -0.2098 0.2815 -0.9363
vn 0.1787 0.0033 0.9839
vn 0.1756 -0.0433 0.9835
vn 0.1785 -0.0762 0.9810
vn 0.1832 -0.0595 0.9813
vn 0.1325 0.0288 0.9908
vn 0.1238 -0.0198 0.9921
vn 0.1226 -0.0527 0.9911
vn 0.1428 -0.0503 0.9885
vn 0.0918 0.0531 0.9944
vn 0.0804 0.0051 0.9967
vn 0.0762 -0.0277 0.9967
vn 0.0768 -0.0293 0.9966
vn 0.0767 -0.0289 0.9966
vn 0.0774 -0.0305 0.9965
vn 0.0775 -0.0305 0.9965
vn 0.0545 0.0760 0.9956
vn 0.0421 0.0295 0.9987
vn 0.0384 -0.0062 0.9992
vn 0.0363 -0.0030 0.9993
vn 0.0391 -0.0105 0.9992
vn 0.0420 -0.0139 0.9990
vn 0.0422 -0.0137 0.9990
vn 0.0213 0.0972 0.9950
vn 0.0085 0.0523 0.9986
vn 0.0013 0.0202 0.9998
vn -0.0016 -0.0001 1.0000
vn -0.0019 -0.0000 1.0000
vn -0.0093 0.1161 0.9932
vn -0.0093 0.1160 0.9932
vn -0.0227 0.0725 0.9971
vn -0.0311 0.0408 0.9987
vn -0.0390 0.0148 0.9991
vn -0.0389 0.0147 0.9991
vn -0.0389 0.0148 0.9991
vn -0.0394 0.1327 0.9904
vn -0.0394 0.1328 0.9904
vn -0.0530 0.0901 0.9945
vn -0.0624 0.0587 0.9963
vn -0.0693 0.0268 0.9972
vn -0.0697 0.1478 0.9866
vn -0.0692 0.1478 0.9866
vn -0.0693 0.1477 0.9866
vn -0.0831 0.1057 0.9909
vn -0.0930 0.0747 0.9929
vn -0.0931 0.0746 0.9929
vn -0.1053 0.0448 0.9934
vn -0.0978 0.1608 0.9821
vn -0.1121 0.1194 0.9865
vn -0.1122 0.1196 0.9865
vn -0.1120 0.1194 0.9865
vn -0.1120 0.1193 0.9865
vn -0.1228 0.0885 0.9885
vn -0.1228 0.0884 0.9885
vn -0.1316 0.0552 0.9898
vn -0.1316 0.0551 0.9898
vn -0.1316 0.0553 0.9898
vn -0.1253 0.1720 0.9771
vn -0.1253 0.1718 0.9771
vn -0.1252 0.1722 0.9771
vn -0.1252 0.1721 0.9771
vn -0.1403 0.1302 0.9815
vn -0.1519 0.1000 0.9833
vn -0.1801 0.0489 0.9824
vn -0.1531 0.1813 0.9714
vn -0.1689 0.1395 0.9757
vn -0.1813 0.1100 0.9773
vn -0.1948 0.0509 0.9795
vn -0.1947 0.0510 0.9795
vn -0.1819 0.1904 0.9647
vn -0.1819 0.1905 0.9647
vn -0.1986 0.1486 0.9688
vn -0.1986 0.1486 0.9687
vn -0.2118 0.1201 0.9699
vn -0.2545 0.0572 0.9654
vn -0.2556 0.0553 0.9652
vn -0.2517 0.0557 0.9662
vn -0.2112 0.1991 0.9570
vn -0.2292 0.1588 0.9603
vn -0.2431 0.1324 0.9609
vn -0.2602 0.0535 0.9641
vn -0.2418 0.2090 0.9476
vn -0.2418 0.2090 0.9475
vn -0.2610 0.1725 0.9498
vn -0.2763 0.1493 0.9494
vn -0.3935 -0.0272 0.9189
vn -0.3935 -0.0271 0.9189
vn 0.2444 0.0506 0.9684
vn 0.2373 -0.0140 0.9713
vn 0.2412 -0.0590 0.9687
vn 0.2493 -0.0936 0.9639
vn 0.2573 -0.0662 0.9641
vn -0.3294 0.1509 0.9321
vn -0.2938 0.1957 0.9356
vn -0.2726 0.2278 0.9348
vn -0.2484 0.2742 0.9290
vn -0.2187 0.2629 0.9397
vn -0.1897 0.2577 0.9474
vn -0.1617 0.2482 0.9551
vn -0.1336 0.2375 0.9621
vn -0.1337 0.2379 0.9621
vn -0.1337 0.2377 0.9621
vn -0.1336 0.2377 0.9621
vn -0.1066 0.2272 0.9680
vn -0.1065 0.2272 0.9680
vn -0.1067 0.2272 0.9680
vn -0.1067 0.2273 0.9680
vn -0.0792 0.2160 0.9732
vn -0.0507 0.2033 0.9778
vn -0.0507 0.2032 0.9778
vn -0.0203 0.1890 0.9818
vn 0.0103 0.1741 0.9847
vn 0.0102 0.1741 0.9847
vn 0.0416 0.1580 0.9866
vn 0.0416 0.1581 0.9865
vn 0.0758 0.1401 0.9872
vn 0.1138 0.1206 0.9862
vn 0.1540 0.0996 0.9830
vn 0.1943 0.0726 0.9783
vn 0.1943 0.0726 0.9782
vn 0.4713 0.8588 -0.2009
vn 0.4349 0.8777 -0.2014
vn 0.4019 0.8933 -0.2012
vn 0.3713 0.9064 -0.2012
vn 0.3433 0.9174 -0.2013
vn 0.3172 0.9265 -0.2025
vn 0.3172 0.9265 -0.2024
vn 0.3171 0.9265 -0.2024
vn 0.3171 0.9266 -0.2023
vn 0.2910 0.9347 -0.2041
vn 0.2910 0.9347 -0.2043
vn 0.2910 0.9347 -0.2039
vn 0.2910 0.9348 -0.2037
vn 0.2646 0.9420 -0.2067
vn 0.2646 0.9420 -0.2066
vn 0.2392 0.9480 -0.2099
vn 0.2392 0.9480 -0.2098
vn 0.2392 0.9480 -0.2100
vn 0.2142 0.9531 -0.2137
vn 0.1887 0.9575 -0.2181
vn 0.1619 0.9614 -0.2224
vn 0.1338 0.9648 -0.2262
vn 0.1338 0.9649 -0.2262
vn 0.1038 0.9680 -0.2285
vn 0.4833 0.8385 -0.2518
vn 0.4414 0.8599 -0.2565
vn 0.4044 0.8776 -0.2574
vn 0.3709 0.8924 -0.2571
vn 0.3406 0.9045 -0.2565
vn 0.3406 0.9046 -0.2565
vn 0.3121 0.9148 -0.2565
vn 0.3120 0.9147 -0.2569
vn 0.3121 0.9148 -0.2564
vn 0.2840 0.9233 -0.2586
vn 0.2839 0.9233 -0.2586
vn 0.2839 0.9233 -0.2585
vn 0.2840 0.9233 -0.2585
vn 0.2559 0.9307 -0.2612
vn 0.2286 0.9369 -0.2644
vn 0.2016 0.9419 -0.2686
vn 0.1739 0.9460 -0.2735
vn 0.1447 0.9497 -0.2778
vn 0.1139 0.9532 -0.2802
vn 0.0805 0.9568 -0.2792
vn 0.0805 0.9569 -0.2792
vn 0.4953 0.8136 -0.3045
vn 0.4480 0.8376 -0.3127
vn 0.4067 0.8574 -0.3155
vn 0.3699 0.8738 -0.3156
vn 0.3366 0.8873 -0.3153
vn 0.3366 0.8872 -0.3155
vn 0.3365 0.8873 -0.3155
vn 0.3054 0.8984 -0.3156
vn 0.3053 0.8983 -0.3161
vn 0.3053 0.8983 -0.3160
vn 0.3055 0.8984 -0.3156
vn 0.2753 0.9074 -0.3176
vn 0.2752 0.9074 -0.3176
vn 0.2755 0.9072 -0.3178
vn 0.2756 0.9073 -0.3176
vn 0.2450 0.9152 -0.3201
vn 0.2450 0.9151 -0.3202
vn 0.2156 0.9215 -0.3230
vn 0.1865 0.9265 -0.3268
vn 0.1567 0.9305 -0.3311
vn 0.1252 0.9341 -0.3343
vn 0.0919 0.9378 -0.3348
vn 0.0534 0.9414 -0.3329
vn 0.5054 0.7838 -0.3610
vn 0.4531 0.8107 -0.3707
vn 0.4076 0.8327 -0.3748
vn 0.3674 0.8506 -0.3761
vn 0.3309 0.8652 -0.3768
vn 0.3310 0.8652 -0.3767
vn 0.3310 0.8652 -0.3768
vn 0.2971 0.8769 -0.3780
vn 0.2971 0.8768 -0.3780
vn 0.2971 0.8769 -0.3779
vn 0.2642 0.8864 -0.3800
vn 0.2320 0.8945 -0.3823
vn 0.2318 0.8944 -0.3826
vn 0.2320 0.8944 -0.3823
vn 0.2320 0.8945 -0.3822
vn 0.2006 0.9011 -0.3845
vn 0.2006 0.9010 -0.3846
vn 0.1694 0.9063 -0.3872
vn 0.1694 0.9063 -0.3873
vn 0.1375 0.9104 -0.3901
vn 0.1038 0.9141 -0.3921
vn 0.1038 0.9141 -0.3920
vn 0.1038 0.9140 -0.3921
vn 0.0676 0.9176 -0.3917
vn 0.0219 0.9204 -0.3904
vn 0.5123 0.7504 -0.4177
vn 0.4555 0.7801 -0.4289
vn 0.4062 0.8038 -0.4346
vn 0.3626 0.8228 -0.4376
vn 0.3230 0.8380 -0.4397
vn 0.2864 0.8501 -0.4419
vn 0.2512 0.8600 -0.4442
vn 0.2512 0.8600 -0.4441
vn 0.2169 0.8684 -0.4459
vn 0.2169 0.8684 -0.4460
vn 0.2169 0.8684 -0.4458
vn 0.1838 0.8752 -0.4474
vn 0.1838 0.8753 -0.4474
vn 0.1508 0.8809 -0.4486
vn 0.1170 0.8855 -0.4497
vn 0.0817 0.8895 -0.4496
vn 0.0422 0.8927 -0.4487
vn -0.0109 0.8942 -0.4475
vn 0.5147 0.7138 -0.4749
vn 0.4542 0.7460 -0.4871
vn 0.4542 0.7459 -0.4871
vn 0.4014 0.7709 -0.4945
vn 0.3548 0.7905 -0.4993
vn 0.3125 0.8059 -0.5029
vn 0.3124 0.8058 -0.5030
vn 0.3125 0.8059 -0.5028
vn 0.2734 0.8183 -0.5056
vn 0.2734 0.8183 -0.5057
vn 0.2362 0.8285 -0.5078
vn 0.2362 0.8284 -0.5079
vn 0.2003 0.8370 -0.5092
vn 0.1656 0.8442 -0.5098
vn 0.1312 0.8503 -0.5097
vn 0.0960 0.8555 -0.5089
vn 0.0962 0.8555 -0.5088
vn 0.0960 0.8555 -0.5088
vn 0.0593 0.8600 -0.5069
vn 0.0166 0.8631 -0.5047
vn -0.0425 0.8636 -0.5023
vn 0.5114 0.6739 -0.5332
vn 0.5114 0.6739 -0.5333
vn 0.4480 0.7082 -0.5456
vn 0.4480 0.7083 -0.5456
vn 0.4480 0.7082 -0.5457
vn 0.3926 0.7341 -0.5540
vn 0.3924 0.7341 -0.5542
vn 0.3926 0.7343 -0.5538
vn 0.3927 0.7341 -0.5539
vn 0.3436 0.7540 -0.5598
vn 0.2992 0.7697 -0.5639
vn 0.2992 0.7697 -0.5640
vn 0.2583 0.7823 -0.5668
vn 0.2197 0.7927 -0.5686
vn 0.2197 0.7927 -0.5687
vn 0.1826 0.8014 -0.5696
vn 0.1827 0.8015 -0.5694
vn 0.1827 0.8015 -0.5695
vn 0.1467 0.8088 -0.5695
vn 0.1468 0.8089 -0.5694
vn 0.1112 0.8152 -0.5684
vn 0.1112 0.8153 -0.5682
vn 0.1112 0.8152 -0.5685
vn 0.1112 0.8151 -0.5685
vn 0.0751 0.8206 -0.5665
vn 0.0751 0.8207 -0.5665
vn 0.0373 0.8255 -0.5632
vn 0.0373 0.8256 -0.5630
vn 0.0373 0.8256 -0.5631
vn -0.0077 0.8291 -0.5591
vn -0.0706 0.8292 -0.5544
vn 0.5010 0.6310 -0.5923
vn 0.4362 0.6670 -0.6041
vn 0.4362 0.6670 -0.6040
vn 0.3793 0.6936 -0.6124
vn 0.3286 0.7137 -0.6186
vn 0.3288 0.7139 -0.6183
vn 0.3287 0.7138 -0.6184
vn 0.2833 0.7297 -0.6223
vn 0.2413 0.7426 -0.6248
vn 0.2413 0.7425 -0.6248
vn 0.2020 0.7531 -0.6261
vn 0.1641 0.7618 -0.6267
vn 0.1641 0.7619 -0.6266
vn 0.1641 0.7618 -0.6266
vn 0.1274 0.7693 -0.6260
vn 0.1273 0.7693 -0.6260
vn 0.1276 0.7695 -0.6258
vn 0.1274 0.7694 -0.6260
vn 0.0912 0.7758 -0.6244
vn 0.0912 0.7757 -0.6244
vn 0.0912 0.7757 -0.6245
vn 0.0544 0.7813 -0.6218
vn 0.0544 0.7814 -0.6217
vn 0.0163 0.7861 -0.6179
vn 0.0164 0.7865 -0.6174
vn 0.0162 0.7861 -0.6179
vn 0.0162 0.7860 -0.6180
vn -0.0296 0.7903 -0.6120
vn -0.0940 0.7912 -0.6044
vn -0.0940 0.7911 -0.6044
vn -0.0939 0.7914 -0.6041
vn 0.4831 0.5847 -0.6518
vn 0.4831 0.5847 -0.6517
vn 0.4178 0.6213 -0.6629
vn 0.3604 0.6475 -0.6715
vn 0.3093 0.6669 -0.6779
vn 0.3093 0.6670 -0.6779
vn 0.3093 0.6670 -0.6778
vn 0.2631 0.6822 -0.6822
vn 0.2208 0.6948 -0.6845
vn 0.1810 0.7055 -0.6853
vn 0.1810 0.7054 -0.6853
vn 0.1427 0.7144 -0.6850
vn 0.1058 0.7219 -0.6838
vn 0.0697 0.7286 -0.6814
vn 0.0696 0.7284 -0.6816
vn 0.0697 0.7285 -0.6815
vn 0.0332 0.7346 -0.6777
vn -0.0049 0.7399 -0.6727
vn -0.0492 0.7457 -0.6645
vn -0.1125 0.7485 -0.6535
vn -0.1125 0.7486 -0.6535
vn 0.4574 0.5345 -0.7107
vn 0.3930 0.5703 -0.7213
vn 0.3358 0.5948 -0.7304
vn 0.2847 0.6124 -0.7375
vn 0.2384 0.6261 -0.7424
vn 0.1962 0.6376 -0.7449
vn 0.1962 0.6377 -0.7449
vn 0.1565 0.6481 -0.7453
vn 0.1565 0.6480 -0.7454
vn 0.1565 0.6480 -0.7453
vn 0.1184 0.6574 -0.7442
vn 0.1184 0.6573 -0.7443
vn 0.0820 0.6654 -0.7420
vn 0.0820 0.6653 -0.7420
vn 0.0466 0.6728 -0.7384
vn 0.0466 0.6728 -0.7383
vn 0.0112 0.6803 -0.7329
vn -0.0256 0.6869 -0.7263
vn -0.0669 0.6943 -0.7165
vn -0.0669 0.6943 -0.7166
vn -0.1268 0.6999 -0.7029
vn 0.4240 0.4786 -0.7689
vn 0.4240 0.4787 -0.7688
vn 0.3616 0.5128 -0.7786
vn 0.3056 0.5350 -0.7876
vn 0.2552 0.5501 -0.7951
vn 0.2096 0.5617 -0.8004
vn 0.1679 0.5720 -0.8029
vn 0.1290 0.5820 -0.8029
vn 0.1290 0.5822 -0.8028
vn 0.1290 0.5821 -0.8028
vn 0.0915 0.5916 -0.8010
vn 0.0916 0.5916 -0.8010
vn 0.0915 0.5917 -0.8010
vn 0.0562 0.6006 -0.7976
vn 0.0563 0.6004 -0.7977
vn 0.0565 0.6007 -0.7975
vn 0.0561 0.6008 -0.7974
vn 0.0224 0.6093 -0.7926
vn -0.0112 0.6185 -0.7857
vn -0.0460 0.6272 -0.7775
vn -0.0842 0.6356 -0.7674
vn -0.1382 0.6435 -0.7529
vn 0.3833 0.4157 -0.8248
vn 0.3242 0.4473 -0.8336
vn 0.2704 0.4672 -0.8418
vn 0.2215 0.4805 -0.8486
vn 0.1774 0.4902 -0.8534
vn 0.1371 0.4993 -0.8555
vn 0.0994 0.5092 -0.8549
vn 0.0634 0.5191 -0.8524
vn 0.0632 0.5188 -0.8526
vn 0.0633 0.5190 -0.8524
vn 0.0296 0.5290 -0.8481
vn -0.0024 0.5395 -0.8420
vn -0.0338 0.5506 -0.8341
vn -0.0664 0.5610 -0.8251
vn -0.1019 0.5695 -0.8156
vn -0.1481 0.5789 -0.8018
vn 0.3387 0.3500 -0.8734
vn 0.2828 0.3757 -0.8825
vn 0.2317 0.3921 -0.8903
vn 0.1851 0.4039 -0.8959
vn 0.1431 0.4129 -0.8995
vn 0.1049 0.4219 -0.9006
vn 0.1049 0.4219 -0.9005
vn 0.0691 0.4319 -0.8993
vn 0.0693 0.4322 -0.8991
vn 0.0691 0.4320 -0.8992
vn 0.0345 0.4426 -0.8961
vn 0.0345 0.4426 -0.8960
vn 0.0342 0.4425 -0.8961
vn 0.0343 0.4425 -0.8961
vn 0.0025 0.4535 -0.8913
vn 0.0025 0.4534 -0.8913
vn -0.0274 0.4652 -0.8848
vn -0.0567 0.4777 -0.8767
vn -0.0870 0.4898 -0.8675
vn -0.1193 0.5000 -0.8578
vn -0.1576 0.5109 -0.8451
vn -0.1576 0.5108 -0.8451
vn 0.2913 0.2790 -0.9150
vn 0.2913 0.2790 -0.9151
vn 0.2388 0.2965 -0.9247
vn 0.1915 0.3103 -0.9312
vn 0.1478 0.3225 -0.9350
vn 0.1086 0.3326 -0.9368
vn 0.0730 0.3428 -0.9366
vn 0.0730 0.3429 -0.9365
vn 0.0730 0.3430 -0.9365
vn 0.0391 0.3536 -0.9346
vn 0.0392 0.3537 -0.9345
vn 0.0393 0.3537 -0.9345
vn 0.0393 0.3536 -0.9346
vn 0.0063 0.3654 -0.9308
vn 0.0062 0.3653 -0.9309
vn -0.0240 0.3770 -0.9259
vn -0.0523 0.3891 -0.9197
vn -0.0799 0.4020 -0.9121
vn -0.0799 0.4020 -0.9122
vn -0.1084 0.4147 -0.9035
vn -0.1374 0.4270 -0.8938
vn -0.1374 0.4270 -0.8937
vn -0.1687 0.4401 -0.8820
vn 0.4966 0.8556 -0.1461
vn 0.4613 0.8748 -0.1480
vn 0.4302 0.8908 -0.1463
vn 0.4006 0.9044 -0.1471
vn 0.4006 0.9043 -0.1472
vn 0.3716 0.9164 -0.1490
vn 0.3715 0.9164 -0.1488
vn 0.3718 0.9163 -0.1489
vn 0.3719 0.9163 -0.1488
vn 0.3458 0.9262 -0.1503
vn 0.3457 0.9262 -0.1503
vn 0.3458 0.9262 -0.1502
vn 0.3455 0.9263 -0.1503
vn 0.3210 0.9348 -0.1522
vn 0.3208 0.9348 -0.1526
vn 0.3207 0.9348 -0.1524
vn 0.2964 0.9425 -0.1544
vn 0.2714 0.9496 -0.1571
vn 0.2715 0.9495 -0.1574
vn 0.2714 0.9496 -0.1570
vn 0.2475 0.9556 -0.1597
vn 0.2475 0.9556 -0.1598
vn 0.2243 0.9608 -0.1627
vn 0.2243 0.9609 -0.1626
vn 0.2242 0.9609 -0.1623
vn 0.2004 0.9656 -0.1659
vn 0.1753 0.9699 -0.1689
vn 0.1754 0.9699 -0.1690
vn 0.1499 0.9736 -0.1719
vn 0.1234 0.9765 -0.1767
vn 0.0949 0.9796 -0.1769
vn 0.0717 0.9721 -0.2235
vn 0.0440 0.9617 -0.2706
vn 0.0098 0.9450 -0.3269
vn -0.0289 0.9206 -0.3895
vn -0.0672 0.8906 -0.4497
vn -0.1019 0.8575 -0.5043
vn -0.1299 0.8238 -0.5518
vn -0.1510 0.7886 -0.5960
vn -0.1508 0.7887 -0.5960
vn -0.1665 0.7505 -0.6396
vn -0.1785 0.7058 -0.6856
vn -0.1889 0.6515 -0.7347
vn -0.1976 0.5872 -0.7850
vn -0.2035 0.5180 -0.8308
vn -0.2076 0.4494 -0.8689
vn -0.2150 0.3768 -0.9010
vn -0.1842 0.3645 -0.9128
vn -0.1581 0.3497 -0.9234
vn -0.1310 0.3382 -0.9319
vn -0.1310 0.3381 -0.9319
vn -0.1310 0.3381 -0.9320
vn -0.1034 0.3263 -0.9396
vn -0.0765 0.3142 -0.9463
vn -0.0765 0.3141 -0.9463
vn -0.0765 0.3143 -0.9462
vn -0.0765 0.3144 -0.9462
vn -0.0494 0.3023 -0.9519
vn -0.0203 0.2899 -0.9568
vn -0.0203 0.2900 -0.9568
vn 0.0109 0.2771 -0.9608
vn 0.0109 0.2770 -0.9608
vn 0.0427 0.2645 -0.9634
vn 0.0427 0.2644 -0.9635
vn 0.0759 0.2519 -0.9648
vn 0.0759 0.2518 -0.9648
vn 0.1121 0.2386 -0.9646
vn 0.1121 0.2387 -0.9646
vn 0.1524 0.2236 -0.9627
vn 0.1952 0.2077 -0.9585
vn 0.2423 0.1959 -0.9502
vn 0.2938 0.1746 -0.9398
vn 0.3467 0.2452 -0.9054
vn 0.3467 0.2452 -0.9053
vn 0.3467 0.2451 -0.9054
vn 0.3975 0.3041 -0.8658
vn 0.3975 0.3041 -0.8657
vn 0.4473 0.3638 -0.8171
vn 0.4930 0.4247 -0.7593
vn 0.5299 0.4805 -0.6988
vn 0.5574 0.5319 -0.6375
vn 0.5574 0.5319 -0.6374
vn 0.5757 0.5810 -0.5754
vn 0.5845 0.6275 -0.5143
vn 0.5849 0.6717 -0.4547
vn 0.5781 0.7127 -0.3972
vn 0.5782 0.7127 -0.3971
vn 0.5781 0.7128 -0.3972
vn 0.5658 0.7508 -0.3410
vn 0.5494 0.7851 -0.2860
vn 0.5312 0.8134 -0.2370
vn 0.5129 0.8365 -0.1927
vn 0.5129 0.8366 -0.1927
vn 0.0254 0.9903 0.1368
vn -0.0283 0.9820 0.1870
vn -0.0283 0.9819 0.1870
vn -0.1026 0.9651 0.2408
vn -0.1026 0.9651 0.2409
vn -0.1859 0.9378 0.2932
vn -0.2656 0.8946 0.3593
vn -0.3247 0.8489 0.4170
vn -0.3687 0.8042 0.4662
vn -0.3687 0.8042 0.4661
vn 0.0003 0.9955 0.0952
vn 0.0003 0.9955 0.0951
vn -0.0789 0.9875 0.1362
vn -0.1846 0.9599 0.2109
vn -0.2737 0.9219 0.2743
vn -0.3486 0.8764 0.3322
vn -0.4096 0.8249 0.3896
vn -0.4597 0.7678 0.4464
vn -0.4597 0.7677 0.4464
vn -0.0292 0.9975 0.0644
vn -0.1245 0.9864 0.1069
vn -0.2430 0.9548 0.1712
vn -0.3460 0.9100 0.2286
vn -0.4293 0.8583 0.2811
vn -0.5010 0.7959 0.3398
vn -0.5508 0.7317 0.4015
vn -0.0493 0.9981 0.0356
vn -0.0493 0.9982 0.0356
vn -0.1648 0.9830 0.0812
vn -0.3033 0.9444 0.1267
vn -0.4232 0.8917 0.1604
vn -0.5275 0.8271 0.1939
vn -0.5275 0.8272 0.1939
vn -0.6165 0.7494 0.2416
vn -0.6814 0.6650 0.3058
vn -0.0660 0.9974 0.0272
vn -0.0629 0.9977 0.0271
vn -0.0690 0.9974 0.0229
vn -0.2073 0.9762 0.0638
vn -0.2074 0.9762 0.0638
vn -0.3697 0.9253 0.0841
vn -0.5061 0.8579 0.0889
vn -0.6242 0.7751 0.0979
vn -0.7281 0.6742 0.1239
vn -0.9321 0.3021 0.2000
vn -0.9321 0.3021 0.2001
vn -0.9321 0.3021 0.1999
vn -0.0693 0.9974 0.0199
vn -0.0721 0.9973 0.0145
vn -0.2546 0.9656 0.0529
vn -0.4368 0.8983 0.0474
vn -0.5815 0.8130 0.0291
vn -0.7023 0.7116 0.0188
vn -0.9357 0.3516 -0.0295
vn -0.3120 0.3454 0.8851
vn -0.3751 0.2925 0.8796
vn -0.3751 0.2926 0.8796
vn -0.5380 0.2193 0.8139
vn -0.3324 0.4387 0.8349
vn -0.3324 0.4386 0.8349
vn -0.4641 0.3646 0.8073
vn -0.5837 0.1794 0.7919
vn -0.3846 0.5035 0.7737
vn -0.3846 0.5034 0.7737
vn -0.5305 0.4537 0.7161
vn -0.6124 0.3735 0.6968
vn -0.6124 0.3735 0.6967
vn -0.6125 0.3734 0.6967
vn -0.6124 0.3734 0.6968
vn -0.6713 0.1095 0.7330
vn -0.6713 0.1096 0.7330
vn -0.4366 0.5671 0.6984
vn -0.5538 0.5078 0.6599
vn -0.6279 0.4330 0.6467
vn -0.8403 0.2922 0.4567
vn -0.8402 0.2922 0.4568
vn -0.8402 0.2923 0.4567
vn -0.4432 0.6495 0.6178
vn -0.4432 0.6495 0.6179
vn -0.5511 0.5763 0.6035
vn -0.6288 0.4999 0.5956
vn -0.7381 0.1522 0.6572
vn -0.7381 0.1522 0.6573
vn -0.4273 0.7109 0.5586
vn -0.5306 0.6449 0.5501
vn -0.5306 0.6447 0.5502
vn -0.5305 0.6450 0.5500
vn -0.6154 0.5704 0.5440
vn -0.8617 0.4808 0.1621
vn -0.3004 0.3846 -0.8728
vn -0.3068 0.4782 -0.8229
vn -0.3144 0.5672 -0.7612
vn -0.3245 0.6441 -0.6927
vn -0.3352 0.7025 -0.6278
vn -0.3424 0.7432 -0.5748
vn -0.3409 0.7749 -0.5323
vn -0.3414 0.3489 -0.8728
vn -0.3804 0.4390 -0.8140
vn -0.4192 0.5238 -0.7415
vn -0.4192 0.5239 -0.7415
vn -0.4570 0.5941 -0.6620
vn -0.4570 0.5940 -0.6620
vn -0.4751 0.6719 -0.5682
vn -0.4839 0.7131 -0.5073
vn -0.4850 0.7401 -0.4658
vn -0.4632 0.0922 -0.8815
vn -0.5042 0.2409 -0.8293
vn -0.4478 0.0428 -0.8931
vn -0.5210 0.1765 -0.8351
vn -0.5137 0.4108 -0.7532
vn -0.7223 0.2617 -0.6401
vn -0.7967 0.4932 -0.3494
vn -0.7641 0.3671 -0.5305
vn -0.7159 0.3346 -0.6128
vn -0.6160 0.6298 -0.4732
vn -0.6160 0.6298 -0.4733
vn -0.5923 0.7034 -0.3929
vn -0.4384 0.3334 -0.8346
vn -0.5119 0.2840 -0.8107
vn -0.4448 0.3066 -0.8415
vn -0.8673 0.4915 0.0792
vn -0.8617 0.3310 -0.3845
vn 0.0228 0.9881 -0.1522
vn 0.0028 0.9937 -0.1124
vn 0.0027 0.9937 -0.1123
vn -0.0137 0.9964 -0.0842
vn -0.0137 0.9964 -0.0840
vn -0.0255 0.9980 -0.0583
vn -0.0255 0.9980 -0.0582
vn -0.0368 0.9988 -0.0320
vn -0.0499 0.9987 -0.0101
vn -0.0673 0.9977 0.0119
vn -0.0637 0.9980 0.0054
vn -0.0686 0.9976 0.0082
vn -0.0276 0.9783 -0.2053
vn -0.0593 0.9852 -0.1609
vn -0.0969 0.9870 -0.1284
vn -0.0968 0.9870 -0.1284
vn -0.1641 0.9808 -0.1056
vn -0.2525 0.9635 -0.0885
vn -0.3145 0.9479 -0.0506
vn -0.3265 0.9452 -0.0008
vn -0.3264 0.9452 -0.0007
vn -0.0906 0.9577 -0.2732
vn -0.1676 0.9548 -0.2456
vn -0.2846 0.9320 -0.2244
vn -0.4009 0.8999 -0.1715
vn -0.4671 0.8759 -0.1210
vn -0.5059 0.8593 -0.0749
vn -0.5160 0.8561 -0.0285
vn -0.1714 0.9195 -0.3537
vn -0.2937 0.9018 -0.3169
vn -0.4232 0.8663 -0.2654
vn -0.5188 0.8305 -0.2029
vn -0.5837 0.7989 -0.1450
vn -0.6282 0.7726 -0.0922
vn -0.6282 0.7725 -0.0922
vn -0.6477 0.7604 -0.0478
vn -0.6479 0.7602 -0.0479
vn -0.6480 0.7602 -0.0479
vn -0.2446 0.8760 -0.4156
vn -0.3836 0.8493 -0.3626
vn -0.5061 0.8099 -0.2964
vn -0.5991 0.7675 -0.2278
vn -0.5991 0.7676 -0.2278
vn -0.6660 0.7277 -0.1639
vn -0.7179 0.6883 -0.1045
vn -0.7178 0.6884 -0.1045
vn -0.7178 0.6883 -0.1045
vn -0.7510 0.6582 -0.0520
vn -0.2983 0.8341 -0.4640
vn -0.4401 0.8040 -0.3999
vn -0.5600 0.7615 -0.3264
vn -0.6515 0.7158 -0.2515
vn -0.7193 0.6708 -0.1807
vn -0.7193 0.6707 -0.1807
vn -0.9266 0.3736 -0.0436
vn -0.8941 0.3801 -0.2369
vn -0.4036 0.7569 0.5140
vn -0.4037 0.7569 0.5140
vn -0.5007 0.7059 0.5011
vn -0.5902 0.6556 0.4711
vn -0.8460 0.2810 0.4531
vn -0.3262 0.8051 -0.4954
vn -0.4686 0.7726 -0.4285
vn -0.4686 0.7725 -0.4285
vn -0.5817 0.7340 -0.3506
vn -0.5817 0.7339 -0.3507
vn -0.6682 0.6929 -0.2710
vn -0.8833 0.4223 -0.2037
vn -0.2997 0.9535 0.0311
vn -0.4909 0.8712 0.0088
vn -0.6329 0.7740 -0.0173
vn -0.7470 0.6637 -0.0390
vn -0.9149 0.3756 0.1479
vn 0.0762 0.9882 0.1332
vn 0.0444 0.9826 0.1802
vn 0.0121 0.9741 0.2257
vn -0.0276 0.9600 0.2787
vn -0.0789 0.9374 0.3393
vn -0.0789 0.9374 0.3392
vn -0.1369 0.9084 0.3951
vn -0.1923 0.8754 0.4435
vn -0.2378 0.8369 0.4930
vn 0.0680 0.9931 0.0951
vn 0.0680 0.9931 0.0950
vn 0.0578 0.9960 0.0677
vn 0.0431 0.9982 0.0418
vn 0.0237 0.9995 0.0214
vn 0.0071 1.0000 0.0060
vn 0.0075 0.9999 0.0076
vn 0.0092 0.9999 0.0108
vn 0.0056 1.0000 0.0034
vn 0.0062 1.0000 -0.0002
vn 0.0054 1.0000 -0.0019
vn 0.0061 1.0000 -0.0048
vn -0.2641 0.3245 0.9083
vn -0.2641 0.3244 0.9083
vn -0.2983 0.2721 0.9149
vn -0.3251 0.2370 0.9155
vn -0.3642 0.1609 0.9173
vn -0.3642 0.1610 0.9173
vn -0.2631 0.4004 0.8777
vn -0.2631 0.4005 0.8777
vn -0.2617 0.4693 0.8433
vn -0.2617 0.4693 0.8434
vn -0.2617 0.4694 0.8433
vn -0.2590 0.5417 0.7997
vn -0.2550 0.6335 0.7305
vn -0.2550 0.6335 0.7306
vn -0.2655 0.6969 0.6662
vn -0.2768 0.7442 0.6079
vn -0.2685 0.7913 0.5494
vn -0.2685 0.7913 0.5493
vn -0.2565 0.3469 -0.9022
vn -0.2566 0.3469 -0.9021
vn -0.2546 0.4306 -0.8659
vn -0.2546 0.4305 -0.8659
vn -0.2512 0.5097 -0.8229
vn -0.2466 0.5850 -0.7726
vn -0.2417 0.6529 -0.7178
vn -0.2374 0.7085 -0.6646
vn -0.2327 0.7513 -0.6176
vn -0.2238 0.7859 -0.5765
vn -0.2238 0.7858 -0.5765
vn -0.2885 0.3008 -0.9090
vn -0.3131 0.2712 -0.9102
vn -0.3605 0.0989 -0.9275
vn 0.0751 0.9861 -0.1484
vn 0.0751 0.9861 -0.1485
vn 0.0663 0.9917 -0.1106
vn 0.0663 0.9916 -0.1106
vn 0.0663 0.9916 -0.1107
vn 0.0550 0.9951 -0.0820
vn 0.0417 0.9974 -0.0583
vn 0.0302 0.9988 -0.0384
vn 0.0161 0.9998 -0.0126
vn 0.0211 0.9995 -0.0220
vn 0.0174 0.9997 -0.0188
vn 0.0112 0.9999 -0.0101
vn 0.0094 0.9999 -0.0059
vn 0.0434 0.9796 -0.1962
vn 0.0080 0.9686 -0.2485
vn -0.0358 0.9497 -0.3111
vn -0.0862 0.9209 -0.3802
vn -0.0862 0.9209 -0.3803
vn -0.1361 0.8858 -0.4437
vn -0.1789 0.8489 -0.4973
vn -0.2065 0.8183 -0.5364
vn 0.1045 0.9713 0.2139
vn 0.1349 0.9681 0.2111
vn 0.1633 0.9646 0.2069
vn 0.1905 0.9606 0.2025
vn 0.2161 0.9561 0.1979
vn 0.2411 0.9509 0.1938
vn 0.2411 0.9509 0.1939
vn 0.2664 0.9448 0.1908
vn 0.2927 0.9375 0.1885
vn 0.2926 0.9375 0.1885
vn 0.3187 0.9292 0.1870
vn 0.3187 0.9292 0.1869
vn 0.3188 0.9292 0.1870
vn 0.3450 0.9199 0.1864
vn 0.3452 0.9198 0.1865
vn 0.3452 0.9199 0.1861
vn 0.3730 0.9089 0.1866
vn 0.3730 0.9088 0.1867
vn 0.3730 0.9088 0.1868
vn 0.4036 0.8956 0.1872
vn 0.4367 0.8798 0.1880
vn 0.4732 0.8606 0.1881
vn 0.0813 0.9610 0.2643
vn 0.1147 0.9572 0.2657
vn 0.1460 0.9538 0.2626
vn 0.1756 0.9501 0.2579
vn 0.2036 0.9459 0.2527
vn 0.2307 0.9408 0.2483
vn 0.2580 0.9345 0.2452
vn 0.2580 0.9345 0.2451
vn 0.2581 0.9345 0.2451
vn 0.2862 0.9269 0.2428
vn 0.2861 0.9269 0.2429
vn 0.2861 0.9269 0.2428
vn 0.3143 0.9182 0.2412
vn 0.3143 0.9182 0.2411
vn 0.3143 0.9181 0.2413
vn 0.3143 0.9181 0.2415
vn 0.3429 0.9078 0.2414
vn 0.3732 0.8955 0.2426
vn 0.4069 0.8804 0.2436
vn 0.4440 0.8623 0.2434
vn 0.4861 0.8406 0.2392
vn 0.4861 0.8405 0.2392
vn 0.0556 0.9468 0.3169
vn 0.0921 0.9426 0.3211
vn 0.1261 0.9390 0.3201
vn 0.1581 0.9354 0.3162
vn 0.1581 0.9354 0.3163
vn 0.1885 0.9314 0.3115
vn 0.2178 0.9263 0.3076
vn 0.2178 0.9263 0.3075
vn 0.2178 0.9262 0.3076
vn 0.2474 0.9199 0.3044
vn 0.2778 0.9119 0.3021
vn 0.2778 0.9119 0.3022
vn 0.3083 0.9026 0.3005
vn 0.3083 0.9026 0.3006
vn 0.3395 0.8913 0.3006
vn 0.3730 0.8774 0.3016
vn 0.4100 0.8606 0.3020
vn 0.4515 0.8404 0.2999
vn 0.4989 0.8159 0.2922
vn 0.0276 0.9272 0.3735
vn 0.0674 0.9230 0.3789
vn 0.1041 0.9195 0.3790
vn 0.1384 0.9160 0.3765
vn 0.1385 0.9160 0.3765
vn 0.1711 0.9119 0.3731
vn 0.2028 0.9066 0.3701
vn 0.2343 0.9000 0.3677
vn 0.2345 0.8998 0.3678
vn 0.2343 0.8999 0.3678
vn 0.2340 0.9000 0.3676
vn 0.2672 0.8916 0.3656
vn 0.3003 0.8818 0.3637
vn 0.3003 0.8818 0.3638
vn 0.3345 0.8697 0.3630
vn 0.3712 0.8547 0.3630
vn 0.3712 0.8547 0.3629
vn 0.4116 0.8363 0.3621
vn 0.4116 0.8363 0.3622
vn 0.4575 0.8136 0.3588
vn 0.5101 0.7860 0.3494
vn -0.0002 0.9029 0.4299
vn 0.0423 0.8988 0.4363
vn 0.0813 0.8952 0.4382
vn 0.1175 0.8914 0.4377
vn 0.1176 0.8914 0.4377
vn 0.1521 0.8868 0.4364
vn 0.1520 0.8868 0.4364
vn 0.1857 0.8811 0.4349
vn 0.2196 0.8741 0.4332
vn 0.2196 0.8741 0.4333
vn 0.2542 0.8657 0.4313
vn 0.2542 0.8656 0.4314
vn 0.2543 0.8656 0.4313
vn 0.2899 0.8554 0.4293
vn 0.2899 0.8554 0.4292
vn 0.3271 0.8428 0.4274
vn 0.3271 0.8428 0.4275
vn 0.3669 0.8272 0.4256
vn 0.3669 0.8272 0.4257
vn 0.4109 0.8075 0.4231
vn 0.4608 0.7830 0.4178
vn 0.5179 0.7524 0.4070
vn 0.5179 0.7525 0.4070
vn -0.0273 0.8737 0.4858
vn -0.0273 0.8736 0.4858
vn 0.0175 0.8697 0.4933
vn 0.0175 0.8697 0.4932
vn 0.0582 0.8657 0.4971
vn 0.0959 0.8613 0.4989
vn 0.1319 0.8562 0.4995
vn 0.1672 0.8501 0.4994
vn 0.1672 0.8501 0.4995
vn 0.2027 0.8427 0.4988
vn 0.2394 0.8336 0.4978
vn 0.2392 0.8339 0.4974
vn 0.2394 0.8336 0.4977
vn 0.2770 0.8234 0.4952
vn 0.2768 0.8232 0.4957
vn 0.2769 0.8233 0.4954
vn 0.2770 0.8235 0.4952
vn 0.3167 0.8107 0.4924
vn 0.3595 0.7947 0.4890
vn 0.3595 0.7948 0.4890
vn 0.3595 0.7947 0.4891
vn 0.4068 0.7745 0.4844
vn 0.4067 0.7745 0.4845
vn 0.4600 0.7488 0.4771
vn 0.5210 0.7157 0.4651
vn 0.5210 0.7157 0.4650
vn 0.5210 0.7158 0.4650
vn -0.0529 0.8389 0.5418
vn -0.0529 0.8389 0.5417
vn -0.0062 0.8353 0.5498
vn -0.0062 0.8353 0.5497
vn 0.0356 0.8311 0.5550
vn 0.0356 0.8311 0.5549
vn 0.0744 0.8264 0.5582
vn 0.1114 0.8208 0.5602
vn 0.1114 0.8208 0.5603
vn 0.1474 0.8142 0.5616
vn 0.1474 0.8141 0.5617
vn 0.1478 0.8143 0.5614
vn 0.1478 0.8143 0.5612
vn 0.1845 0.8067 0.5614
vn 0.2225 0.7978 0.5604
vn 0.2225 0.7977 0.5605
vn 0.2617 0.7871 0.5585
vn 0.2617 0.7871 0.5586
vn 0.2618 0.7871 0.5585
vn 0.2619 0.7871 0.5585
vn 0.3035 0.7742 0.5554
vn 0.3037 0.7739 0.5557
vn 0.3036 0.7738 0.5559
vn 0.3487 0.7580 0.5512
vn 0.3984 0.7376 0.5452
vn 0.3984 0.7376 0.5453
vn 0.4544 0.7109 0.5368
vn 0.5184 0.6757 0.5241
vn 0.5184 0.6757 0.5242
vn -0.0761 0.7984 0.5973
vn -0.0760 0.7985 0.5972
vn -0.0761 0.7985 0.5972
vn -0.0286 0.7955 0.6053
vn -0.0286 0.7955 0.6052
vn -0.0286 0.7956 0.6052
vn -0.0285 0.7956 0.6052
vn 0.0140 0.7915 0.6111
vn 0.0140 0.7914 0.6111
vn 0.0141 0.7915 0.6110
vn 0.0140 0.7915 0.6110
vn 0.0533 0.7864 0.6154
vn 0.0909 0.7808 0.6181
vn 0.0909 0.7807 0.6182
vn 0.1280 0.7742 0.6198
vn 0.1280 0.7743 0.6198
vn 0.1280 0.7742 0.6199
vn 0.1279 0.7741 0.6200
vn 0.1656 0.7665 0.6205
vn 0.1656 0.7666 0.6204
vn 0.2044 0.7575 0.6200
vn 0.2447 0.7467 0.6185
vn 0.2875 0.7336 0.6157
vn 0.3339 0.7175 0.6113
vn 0.3853 0.6968 0.6050
vn 0.4429 0.6696 0.5962
vn 0.4430 0.6696 0.5962
vn 0.5085 0.6329 0.5838
vn 0.5085 0.6328 0.5839
vn -0.0971 0.7515 0.6525
vn -0.0971 0.7516 0.6525
vn -0.0497 0.7490 0.6607
vn -0.0076 0.7443 0.6678
vn 0.0313 0.7386 0.6734
vn 0.0686 0.7322 0.6776
vn 0.0686 0.7320 0.6778
vn 0.1055 0.7252 0.6804
vn 0.1057 0.7253 0.6803
vn 0.1057 0.7252 0.6803
vn 0.1435 0.7174 0.6818
vn 0.1435 0.7174 0.6817
vn 0.1435 0.7175 0.6816
vn 0.1434 0.7173 0.6818
vn 0.1826 0.7086 0.6816
vn 0.1825 0.7086 0.6816
vn 0.1826 0.7084 0.6818
vn 0.1826 0.7087 0.6814
vn 0.2236 0.6974 0.6809
vn 0.2669 0.6848 0.6781
vn 0.3142 0.6694 0.6732
vn 0.3663 0.6499 0.6659
vn 0.3663 0.6499 0.6660
vn 0.4247 0.6233 0.6566
vn 0.4908 0.5860 0.6448
vn -0.1158 0.6980 0.7067
vn -0.0697 0.6952 0.7154
vn -0.0292 0.6893 0.7239
vn 0.0083 0.6819 0.7314
vn 0.0445 0.6740 0.7374
vn 0.0445 0.6739 0.7375
vn 0.0807 0.6659 0.7416
vn 0.1180 0.6577 0.7440
vn 0.1180 0.6576 0.7440
vn 0.1571 0.6484 0.7450
vn 0.1571 0.6484 0.7449
vn 0.1571 0.6483 0.7450
vn 0.1979 0.6379 0.7443
vn 0.1979 0.6378 0.7443
vn 0.2412 0.6264 0.7413
vn 0.2887 0.6129 0.7355
vn 0.3410 0.5954 0.7274
vn 0.3994 0.5710 0.7173
vn 0.4648 0.5346 0.7058
vn -0.1330 0.6373 0.7591
vn -0.0890 0.6342 0.7680
vn -0.0505 0.6267 0.7776
vn -0.0505 0.6268 0.7776
vn -0.0151 0.6172 0.7867
vn 0.0191 0.6070 0.7945
vn 0.0191 0.6071 0.7944
vn 0.0537 0.5975 0.8001
vn 0.0899 0.5883 0.8036
vn 0.1282 0.5787 0.8054
vn 0.1681 0.5687 0.8052
vn 0.1681 0.5688 0.8051
vn 0.2110 0.5588 0.8020
vn 0.2579 0.5478 0.7959
vn 0.3097 0.5332 0.7873
vn 0.3670 0.5112 0.7772
vn 0.4305 0.4767 0.7664
vn -0.1491 0.5694 0.8084
vn -0.1491 0.5694 0.8085
vn -0.1080 0.5658 0.8174
vn -0.0719 0.5569 0.8274
vn -0.0719 0.5570 0.8274
vn -0.0389 0.5453 0.8373
vn -0.0070 0.5331 0.8460
vn 0.0256 0.5219 0.8526
vn 0.0256 0.5220 0.8526
vn 0.0600 0.5117 0.8571
vn 0.0970 0.5016 0.8596
vn 0.0970 0.5016 0.8597
vn 0.0970 0.5018 0.8595
vn 0.0970 0.5019 0.8595
vn 0.1356 0.4920 0.8600
vn 0.1770 0.4834 0.8573
vn 0.2225 0.4745 0.8517
vn 0.2728 0.4620 0.8439
vn 0.3278 0.4425 0.8347
vn 0.3881 0.4108 0.8250
vn -0.1629 0.5001 0.8505
vn -0.1261 0.4932 0.8607
vn -0.0935 0.4816 0.8714
vn -0.0627 0.4684 0.8813
vn -0.0331 0.4548 0.8900
vn -0.0027 0.4424 0.8968
vn 0.0299 0.4312 0.9018
vn 0.0297 0.4313 0.9017
vn 0.0298 0.4311 0.9018
vn 0.0651 0.4206 0.9049
vn 0.1018 0.4108 0.9060
vn 0.1018 0.4109 0.9060
vn 0.1018 0.4110 0.9060
vn 0.1410 0.4024 0.9045
vn 0.1410 0.4024 0.9046
vn 0.1841 0.3942 0.9004
vn 0.2320 0.3831 0.8941
vn 0.2843 0.3673 0.8856
vn 0.3415 0.3418 0.8755
vn -0.1763 0.4283 0.8863
vn -0.1449 0.4162 0.8977
vn -0.1155 0.4027 0.9080
vn -0.0867 0.3890 0.9172
vn -0.0586 0.3754 0.9250
vn -0.0301 0.3627 0.9314
vn -0.0301 0.3626 0.9314
vn -0.0301 0.3626 0.9315
vn 0.0007 0.3506 0.9365
vn 0.0007 0.3507 0.9365
vn 0.0007 0.3505 0.9365
vn 0.0340 0.3388 0.9402
vn 0.0340 0.3389 0.9402
vn 0.0339 0.3389 0.9402
vn 0.0339 0.3390 0.9402
vn 0.0684 0.3282 0.9421
vn 0.1048 0.3185 0.9421
vn 0.1449 0.3089 0.9400
vn 0.1448 0.3089 0.9400
vn 0.1895 0.2975 0.9357
vn 0.2381 0.2843 0.9287
vn 0.2919 0.2676 0.9183
vn 0.0958 0.9821 0.1621
vn 0.1247 0.9789 0.1616
vn 0.1513 0.9760 0.1566
vn 0.1770 0.9721 0.1537
vn 0.1770 0.9721 0.1538
vn 0.2021 0.9677 0.1506
vn 0.2259 0.9629 0.1475
vn 0.2259 0.9629 0.1476
vn 0.2491 0.9576 0.1445
vn 0.2491 0.9576 0.1446
vn 0.2732 0.9514 0.1418
vn 0.2732 0.9514 0.1419
vn 0.2732 0.9515 0.1418
vn 0.2731 0.9515 0.1418
vn 0.2978 0.9444 0.1397
vn 0.3222 0.9366 0.1376
vn 0.3221 0.9367 0.1374
vn 0.3222 0.9366 0.1378
vn 0.3222 0.9366 0.1377
vn 0.3469 0.9280 0.1358
vn 0.3470 0.9280 0.1359
vn 0.3466 0.9281 0.1362
vn 0.3466 0.9281 0.1361
vn 0.3731 0.9179 0.1350
vn 0.3730 0.9179 0.1351
vn 0.3730 0.9179 0.1350
vn 0.3732 0.9179 0.1348
vn 0.4015 0.9060 0.1338
vn 0.4015 0.9060 0.1339
vn 0.4015 0.9061 0.1337
vn 0.4015 0.9060 0.1337
vn 0.4312 0.8924 0.1331
vn 0.4313 0.8924 0.1330
vn 0.4624 0.8763 0.1351
vn 0.4977 0.8570 0.1336
vn 0.5148 0.8382 0.1803
vn 0.5339 0.8151 0.2248
vn 0.5339 0.8152 0.2248
vn 0.5531 0.7868 0.2740
vn 0.5706 0.7522 0.3295
vn 0.5706 0.7523 0.3295
vn 0.5838 0.7140 0.3864
vn 0.5915 0.6728 0.4445
vn 0.5919 0.6284 0.5047
vn 0.5837 0.5817 0.5665
vn 0.5657 0.5323 0.6298
vn 0.5380 0.4795 0.6933
vn 0.5002 0.4217 0.7563
vn 0.4529 0.3579 0.8166
vn 0.4011 0.2954 0.8671
vn 0.3482 0.2338 0.9078
vn 0.2926 0.1598 0.9428
vn 0.2401 0.1807 0.9538
vn 0.1920 0.1917 0.9625
vn 0.1484 0.2072 0.9670
vn 0.1075 0.2220 0.9691
vn 0.0707 0.2353 0.9693
vn 0.0707 0.2352 0.9694
vn 0.0710 0.2353 0.9693
vn 0.0708 0.2353 0.9693
vn 0.0372 0.2478 0.9681
vn 0.0372 0.2479 0.9681
vn 0.0050 0.2604 0.9655
vn 0.0050 0.2605 0.9655
vn -0.0266 0.2732 0.9616
vn -0.0266 0.2733 0.9616
vn -0.0559 0.2856 0.9567
vn -0.0835 0.2978 0.9510
vn -0.0835 0.2979 0.9509
vn -0.1107 0.3103 0.9442
vn -0.1385 0.3227 0.9363
vn -0.1385 0.3228 0.9363
vn -0.1662 0.3349 0.9275
vn -0.1924 0.3504 0.9166
vn -0.2234 0.3598 0.9059
vn -0.2139 0.4306 0.8768
vn -0.2074 0.4953 0.8436
vn -0.1985 0.5628 0.8024
vn -0.1861 0.6308 0.7533
vn -0.1711 0.6928 0.7005
vn -0.1524 0.7501 0.6435
vn -0.1306 0.8008 0.5845
vn -0.1067 0.8423 0.5284
vn -0.1067 0.8423 0.5283
vn -0.0787 0.8778 0.4725
vn -0.0474 0.9084 0.4153
vn -0.0474 0.9085 0.4153
vn -0.0152 0.9335 0.3583
vn 0.0167 0.9528 0.3030
vn 0.0167 0.9529 0.3030
vn 0.0462 0.9663 0.2532
vn 0.0724 0.9753 0.2087
vn 0.4655 0.8840 0.0432
vn 0.4331 0.9001 0.0467
vn 0.4332 0.9001 0.0467
vn 0.4038 0.9134 0.0508
vn 0.3763 0.9249 0.0548
vn 0.3513 0.9344 0.0588
vn 0.3512 0.9344 0.0589
vn 0.3515 0.9343 0.0588
vn 0.3515 0.9344 0.0586
vn 0.3275 0.9428 0.0625
vn 0.3042 0.9504 0.0653
vn 0.3042 0.9504 0.0655
vn 0.3043 0.9503 0.0653
vn 0.3042 0.9504 0.0652
vn 0.2806 0.9575 0.0674
vn 0.2806 0.9574 0.0675
vn 0.2806 0.9575 0.0675
vn 0.2582 0.9636 0.0689
vn 0.2581 0.9637 0.0689
vn 0.2360 0.9693 0.0697
vn 0.2360 0.9692 0.0697
vn 0.2136 0.9744 0.0703
vn 0.2135 0.9744 0.0700
vn 0.2135 0.9744 0.0698
vn 0.1896 0.9794 0.0694
vn 0.1647 0.9839 0.0688
vn 0.1376 0.9881 0.0687
vn 0.4736 0.8805 0.0208
vn 0.4386 0.8984 0.0224
vn 0.4077 0.9127 0.0260
vn 0.3795 0.9247 0.0303
vn 0.3539 0.9346 0.0346
vn 0.3298 0.9433 0.0384
vn 0.3063 0.9511 0.0411
vn 0.3062 0.9511 0.0411
vn 0.3062 0.9511 0.0412
vn 0.2825 0.9583 0.0429
vn 0.2823 0.9583 0.0434
vn 0.2824 0.9583 0.0433
vn 0.2825 0.9583 0.0432
vn 0.2599 0.9646 0.0443
vn 0.2599 0.9646 0.0442
vn 0.2598 0.9646 0.0442
vn 0.2375 0.9704 0.0442
vn 0.2373 0.9704 0.0447
vn 0.2373 0.9704 0.0446
vn 0.2144 0.9758 0.0440
vn 0.1899 0.9809 0.0432
vn 0.1637 0.9856 0.0428
vn 0.1344 0.9899 0.0441
vn 0.4822 0.8761 0.0052
vn 0.4448 0.8956 0.0061
vn 0.4477 0.8942 0.0015
vn 0.4483 0.8939 -0.0006
vn 0.4123 0.9110 0.0092
vn 0.4145 0.9101 0.0049
vn 0.4155 0.9096 0.0028
vn 0.3859 0.9225 0.0054
vn 0.3831 0.9236 0.0132
vn 0.3839 0.9234 0.0089
vn 0.3567 0.9341 0.0174
vn 0.3575 0.9338 0.0137
vn 0.3611 0.9325 0.0109
vn 0.3319 0.9431 0.0209
vn 0.3284 0.9444 0.0132
vn 0.3306 0.9435 0.0219
vn 0.3097 0.9505 0.0234
vn 0.3077 0.9512 0.0233
vn 0.3098 0.9507 0.0099
vn 0.2838 0.9586 0.0247
vn 0.2841 0.9587 0.0121
vn 0.2838 0.9585 0.0252
vn 0.2837 0.9586 0.0252
vn 0.2605 0.9651 0.0260
vn 0.2609 0.9653 0.0135
vn 0.2603 0.9652 0.0253
vn 0.2368 0.9712 0.0247
vn 0.2374 0.9711 0.0261
vn 0.2373 0.9711 0.0263
vn 0.2372 0.9714 0.0139
vn 0.2130 0.9768 0.0237
vn 0.2137 0.9766 0.0254
vn 0.2130 0.9770 0.0141
vn 0.1884 0.9818 0.0245
vn 0.1871 0.9822 0.0135
vn 0.1874 0.9820 0.0221
vn 0.1594 0.9870 0.0218
vn 0.1608 0.9867 0.0243
vn 0.1586 0.9873 0.0131
vn 0.1296 0.9912 0.0259
vn 0.4936 0.8696 -0.0094
vn 0.4905 0.8714 -0.0060
vn 0.4945 0.8691 -0.0080
vn 0.4539 0.8910 -0.0068
vn 0.4533 0.8913 -0.0080
vn 0.4192 0.9079 -0.0042
vn 0.4189 0.9080 -0.0050
vn 0.3884 0.9215 -0.0019
vn 0.3881 0.9216 -0.0004
vn 0.3602 0.9329 0.0030
vn 0.3614 0.9324 0.0012
vn 0.3317 0.9434 0.0034
vn 0.3308 0.9437 0.0052
vn 0.3114 0.9503 0.0021
vn 0.3111 0.9503 0.0102
vn 0.2838 0.9589 0.0033
vn 0.2839 0.9588 0.0121
vn 0.2607 0.9654 0.0046
vn 0.2604 0.9654 0.0126
vn 0.2363 0.9716 0.0119
vn 0.2365 0.9716 0.0050
vn 0.2115 0.9773 0.0110
vn 0.2112 0.9774 0.0045
vn 0.1846 0.9828 0.0041
vn 0.1851 0.9827 0.0101
vn 0.1559 0.9877 0.0090
vn 0.1550 0.9879 0.0035
vn 0.1227 0.9924 0.0098
vn 0.1244 0.9922 0.0116
vn 0.1213 0.9926 0.0039
vn 0.4998 0.8661 -0.0128
vn 0.5010 0.8654 -0.0113
vn 0.4591 0.8883 -0.0101
vn 0.4581 0.8888 -0.0111
vn 0.4231 0.9060 -0.0080
vn 0.4224 0.9064 -0.0086
vn 0.3909 0.9204 -0.0059
vn 0.3913 0.9202 -0.0056
vn 0.3625 0.9320 -0.0036
vn 0.3624 0.9320 -0.0030
vn 0.3343 0.9425 -0.0026
vn 0.3350 0.9422 -0.0026
vn 0.3117 0.9502 0.0001
vn 0.3115 0.9502 -0.0028
vn 0.2847 0.9586 -0.0016
vn 0.2840 0.9588 0.0030
vn 0.2605 0.9655 -0.0012
vn 0.2603 0.9655 0.0034
vn 0.2357 0.9718 0.0035
vn 0.2356 0.9718 -0.0012
vn 0.2100 0.9777 0.0025
vn 0.2097 0.9778 -0.0012
vn 0.1823 0.9832 -0.0018
vn 0.1828 0.9831 0.0018
vn 0.1526 0.9883 0.0009
vn 0.1518 0.9884 -0.0022
vn 0.1181 0.9930 0.0010
vn 0.1170 0.9931 -0.0026
vn 0.5042 0.8635 -0.0122
vn 0.5049 0.8631 -0.0089
vn 0.4623 0.8867 -0.0082
vn 0.4618 0.8869 -0.0109
vn 0.4255 0.9049 -0.0071
vn 0.4251 0.9051 -0.0089
vn 0.3928 0.9196 -0.0068
vn 0.3932 0.9194 -0.0060
vn 0.3640 0.9314 -0.0052
vn 0.3637 0.9315 -0.0052
vn 0.3365 0.9417 -0.0042
vn 0.3367 0.9416 -0.0044
vn 0.3108 0.9505 -0.0037
vn 0.3106 0.9505 -0.0036
vn 0.2848 0.9586 -0.0022
vn 0.2848 0.9586 -0.0039
vn 0.2602 0.9655 -0.0019
vn 0.2602 0.9655 -0.0036
vn 0.2352 0.9720 -0.0019
vn 0.2349 0.9720 -0.0037
vn 0.2089 0.9779 -0.0023
vn 0.2087 0.9780 -0.0037
vn 0.1810 0.9835 -0.0031
vn 0.1806 0.9835 -0.0043
vn 0.1501 0.9887 -0.0037
vn 0.1497 0.9887 -0.0048
vn 0.1146 0.9934 -0.0039
vn 0.1139 0.9935 -0.0055
vn 0.5052 0.8630 -0.0081
vn 0.5058 0.8626 -0.0012
vn 0.4630 0.8863 -0.0079
vn 0.4633 0.8862 -0.0015
vn 0.4247 0.9053 -0.0056
vn 0.4260 0.9047 -0.0022
vn 0.3938 0.9192 -0.0059
vn 0.3937 0.9192 -0.0027
vn 0.3650 0.9310 -0.0028
vn 0.3644 0.9312 -0.0052
vn 0.3367 0.9416 -0.0034
vn 0.3366 0.9416 -0.0044
vn 0.3108 0.9505 -0.0039
vn 0.2851 0.9585 -0.0044
vn 0.2850 0.9585 -0.0039
vn 0.2598 0.9657 -0.0045
vn 0.2596 0.9657 -0.0041
vn 0.2345 0.9721 -0.0040
vn 0.2345 0.9721 -0.0039
vn 0.2083 0.9781 -0.0046
vn 0.2083 0.9780 -0.0041
vn 0.1801 0.9836 -0.0048
vn 0.1802 0.9836 -0.0046
vn 0.1486 0.9889 -0.0051
vn 0.1489 0.9888 -0.0053
vn 0.1131 0.9936 -0.0059
vn 0.1127 0.9936 -0.0057
vn 0.5050 0.8631 0.0012
vn 0.5045 0.8634 0.0003
vn 0.4621 0.8868 -0.0000
vn 0.4624 0.8867 0.0005
vn 0.4253 0.9051 -0.0011
vn 0.4257 0.9049 -0.0007
vn 0.3933 0.9194 -0.0018
vn 0.3929 0.9196 -0.0019
vn 0.3637 0.9315 -0.0027
vn 0.3641 0.9314 -0.0028
vn 0.3365 0.9417 -0.0041
vn 0.3105 0.9506 -0.0038
vn 0.3104 0.9506 -0.0048
vn 0.2850 0.9585 -0.0041
vn 0.2851 0.9585 -0.0059
vn 0.2598 0.9656 -0.0072
vn 0.2602 0.9655 -0.0043
vn 0.2350 0.9720 -0.0060
vn 0.2340 0.9722 -0.0061
vn 0.2087 0.9780 -0.0063
vn 0.2083 0.9780 -0.0073
vn 0.1806 0.9835 -0.0058
vn 0.1806 0.9835 -0.0062
vn 0.1494 0.9888 -0.0062
vn 0.1496 0.9887 -0.0063
vn 0.1138 0.9935 -0.0064
vn 0.1135 0.9935 -0.0071
vn 0.5016 0.8651 0.0031
vn 0.5001 0.8660 0.0013
vn 0.4597 0.8881 0.0021
vn 0.4585 0.8887 0.0006
vn 0.4227 0.9063 -0.0013
vn 0.4236 0.9059 0.0001
vn 0.3917 0.9201 -0.0018
vn 0.3910 0.9204 -0.0037
vn 0.3625 0.9319 -0.0063
vn 0.3629 0.9318 -0.0036
vn 0.3355 0.9420 -0.0085
vn 0.3358 0.9419 -0.0050
vn 0.3098 0.9508 -0.0053
vn 0.3097 0.9508 -0.0102
vn 0.2850 0.9585 -0.0113
vn 0.2852 0.9584 -0.0060
vn 0.2599 0.9656 -0.0127
vn 0.2599 0.9656 -0.0089
vn 0.2340 0.9722 -0.0114
vn 0.2336 0.9723 -0.0125
vn 0.2084 0.9780 -0.0091
vn 0.2102 0.9776 -0.0111
vn 0.1817 0.9833 -0.0093
vn 0.1824 0.9832 -0.0106
vn 0.1517 0.9884 -0.0107
vn 0.1516 0.9884 -0.0096
vn 0.1166 0.9931 -0.0103
vn 0.1165 0.9931 -0.0110
vn 0.4959 0.8684 0.0010
vn 0.4938 0.8696 -0.0036
vn 0.4551 0.8904 -0.0001
vn 0.4535 0.8913 -0.0044
vn 0.4189 0.9080 -0.0068
vn 0.4201 0.9075 -0.0025
vn 0.3890 0.9212 -0.0054
vn 0.3882 0.9215 -0.0103
vn 0.3605 0.9327 -0.0137
vn 0.3609 0.9326 -0.0078
vn 0.3343 0.9423 -0.0166
vn 0.3345 0.9424 -0.0098
vn 0.3090 0.9510 -0.0111
vn 0.3090 0.9509 -0.0193
vn 0.2851 0.9584 -0.0114
vn 0.2843 0.9585 -0.0214
vn 0.2600 0.9654 -0.0225
vn 0.2602 0.9655 -0.0121
vn 0.2364 0.9714 -0.0206
vn 0.2326 0.9723 -0.0216
vn 0.2106 0.9775 -0.0156
vn 0.2140 0.9767 -0.0178
vn 0.1832 0.9829 -0.0166
vn 0.1846 0.9826 -0.0186
vn 0.1551 0.9877 -0.0185
vn 0.1539 0.9879 -0.0163
vn 0.1203 0.9926 -0.0180
vn 0.1210 0.9925 -0.0196
vn 0.4913 0.8710 -0.0044
vn 0.4494 0.8933 -0.0072
vn 0.4475 0.8941 -0.0148
vn 0.4145 0.9099 -0.0176
vn 0.4158 0.9094 -0.0097
vn 0.3856 0.9226 -0.0129
vn 0.3848 0.9228 -0.0216
vn 0.3584 0.9334 -0.0159
vn 0.3579 0.9334 -0.0258
vn 0.3326 0.9426 -0.0295
vn 0.3328 0.9428 -0.0186
vn 0.3080 0.9512 -0.0204
vn 0.3079 0.9509 -0.0327
vn 0.2838 0.9586 -0.0218
vn 0.2836 0.9583 -0.0353
vn 0.2597 0.9650 -0.0372
vn 0.2612 0.9650 -0.0219
vn 0.2367 0.9713 -0.0218
vn 0.2308 0.9724 -0.0334
vn 0.2101 0.9773 -0.0268
vn 0.2150 0.9761 -0.0313
vn 0.1852 0.9824 -0.0222
vn 0.1852 0.9825 -0.0222
vn 0.1562 0.9875 -0.0224
vn 0.1232 0.9921 -0.0240
vn 0.4830 0.8755 -0.0161
vn 0.4454 0.8952 -0.0168
vn 0.4127 0.9106 -0.0195
vn 0.3834 0.9233 -0.0233
vn 0.3568 0.9338 -0.0274
vn 0.3568 0.9338 -0.0273
vn 0.3317 0.9429 -0.0306
vn 0.3318 0.9429 -0.0307
vn 0.3075 0.9510 -0.0334
vn 0.2833 0.9584 -0.0352
vn 0.2599 0.9649 -0.0365
vn 0.2599 0.9649 -0.0364
vn 0.2367 0.9709 -0.0366
vn 0.2366 0.9709 -0.0369
vn 0.2128 0.9764 -0.0364
vn 0.2128 0.9764 -0.0365
vn 0.1873 0.9816 -0.0361
vn 0.1873 0.9816 -0.0362
vn 0.1873 0.9816 -0.0363
vn 0.1596 0.9865 -0.0367
vn 0.1282 0.9910 -0.0391
vn 0.4743 0.8798 -0.0324
vn 0.4390 0.8978 -0.0337
vn 0.4390 0.8979 -0.0337
vn 0.4080 0.9122 -0.0372
vn 0.3796 0.9242 -0.0413
vn 0.3539 0.9342 -0.0456
vn 0.3296 0.9428 -0.0493
vn 0.3058 0.9507 -0.0521
vn 0.3058 0.9507 -0.0520
vn 0.3058 0.9507 -0.0519
vn 0.2818 0.9580 -0.0541
vn 0.2817 0.9580 -0.0540
vn 0.2818 0.9579 -0.0543
vn 0.2589 0.9643 -0.0556
vn 0.2590 0.9643 -0.0558
vn 0.2590 0.9643 -0.0557
vn 0.2589 0.9643 -0.0554
vn 0.2364 0.9700 -0.0563
vn 0.2133 0.9754 -0.0561
vn 0.1887 0.9804 -0.0558
vn 0.1887 0.9805 -0.0558
vn 0.1622 0.9852 -0.0560
vn 0.1327 0.9895 -0.0581
vn 0.1327 0.9895 -0.0582
vn 0.4659 0.8831 -0.0556
vn 0.4333 0.8993 -0.0589
vn 0.4039 0.9126 -0.0628
vn 0.3762 0.9241 -0.0670
vn 0.3762 0.9241 -0.0669
vn 0.3510 0.9337 -0.0710
vn 0.3268 0.9421 -0.0749
vn 0.3271 0.9420 -0.0745
vn 0.3270 0.9421 -0.0747
vn 0.3035 0.9497 -0.0774
vn 0.3036 0.9497 -0.0774
vn 0.3036 0.9497 -0.0773
vn 0.2800 0.9567 -0.0794
vn 0.2798 0.9567 -0.0796
vn 0.2801 0.9567 -0.0793
vn 0.2570 0.9630 -0.0815
vn 0.2571 0.9629 -0.0815
vn 0.2573 0.9629 -0.0816
vn 0.2348 0.9685 -0.0826
vn 0.2348 0.9685 -0.0827
vn 0.2350 0.9685 -0.0828
vn 0.2122 0.9737 -0.0832
vn 0.2122 0.9737 -0.0831
vn 0.2122 0.9737 -0.0829
vn 0.2122 0.9737 -0.0830
vn 0.1882 0.9786 -0.0832
vn 0.1631 0.9831 -0.0831
vn 0.1359 0.9872 -0.0835
vn 0.4932 0.8665 0.0766
vn 0.4596 0.8847 0.0779
vn 0.4300 0.8990 0.0832
vn 0.4014 0.9118 0.0864
vn 0.4014 0.9118 0.0865
vn 0.4015 0.9118 0.0863
vn 0.4015 0.9118 0.0862
vn 0.3740 0.9232 0.0889
vn 0.3740 0.9231 0.0893
vn 0.3489 0.9326 0.0923
vn 0.3489 0.9326 0.0924
vn 0.3251 0.9409 0.0951
vn 0.3251 0.9409 0.0950
vn 0.3251 0.9409 0.0952
vn 0.3015 0.9485 0.0977
vn 0.3015 0.9484 0.0978
vn 0.3015 0.9485 0.0975
vn 0.2776 0.9555 0.0998
vn 0.2776 0.9555 0.0999
vn 0.2776 0.9555 0.0997
vn 0.2548 0.9616 0.1018
vn 0.2548 0.9616 0.1019
vn 0.2547 0.9616 0.1019
vn 0.2324 0.9671 0.1036
vn 0.2325 0.9671 0.1036
vn 0.2324 0.9671 0.1037
vn 0.2324 0.9671 0.1038
vn 0.2098 0.9721 0.1050
vn 0.2098 0.9721 0.1049
vn 0.2098 0.9721 0.1051
vn 0.2098 0.9721 0.1052
vn 0.1858 0.9769 0.1060
vn 0.1859 0.9768 0.1063
vn 0.1858 0.9769 0.1059
vn 0.1614 0.9811 0.1066
vn 0.1370 0.9850 0.1046
vn 0.1090 0.9884 0.1060
vn 0.1090 0.9884 0.1059
vn 0.1061 0.9916 0.0736
vn 0.0998 0.9937 0.0507
vn 0.0924 0.9952 0.0318
vn 0.0847 0.9963 0.0152
vn 0.0760 0.9971 0.0016
vn 0.0720 0.9974 -0.0020
vn 0.0722 0.9974 0.0010
vn 0.0653 0.9979 -0.0055
vn 0.0658 0.9978 -0.0041
vn 0.0637 0.9979 -0.0063
vn 0.0633 0.9980 -0.0061
vn 0.0650 0.9979 -0.0074
vn 0.0654 0.9978 -0.0088
vn 0.0703 0.9975 -0.0122
vn 0.0699 0.9975 -0.0136
vn 0.0735 0.9972 -0.0164
vn 0.0816 0.9963 -0.0281
vn 0.0902 0.9949 -0.0450
vn 0.0980 0.9930 -0.0653
vn 0.1044 0.9905 -0.0890
vn 0.1074 0.9867 -0.1217
vn 0.1353 0.9835 -0.1201
vn 0.1598 0.9797 -0.1212
vn 0.1598 0.9796 -0.1215
vn 0.1843 0.9754 -0.1208
vn 0.1843 0.9754 -0.1207
vn 0.1843 0.9754 -0.1210
vn 0.2081 0.9708 -0.1196
vn 0.2083 0.9708 -0.1193
vn 0.2082 0.9708 -0.1194
vn 0.2311 0.9658 -0.1178
vn 0.2311 0.9658 -0.1179
vn 0.2311 0.9658 -0.1177
vn 0.2534 0.9604 -0.1159
vn 0.2535 0.9604 -0.1159
vn 0.2533 0.9605 -0.1157
vn 0.2533 0.9604 -0.1158
vn 0.2765 0.9543 -0.1135
vn 0.2765 0.9543 -0.1134
vn 0.3006 0.9473 -0.1110
vn 0.3007 0.9472 -0.1112
vn 0.3006 0.9473 -0.1111
vn 0.3006 0.9473 -0.1109
vn 0.3243 0.9397 -0.1085
vn 0.3243 0.9397 -0.1084
vn 0.3483 0.9314 -0.1054
vn 0.3484 0.9314 -0.1052
vn 0.3483 0.9314 -0.1053
vn 0.3482 0.9314 -0.1057
vn 0.3735 0.9220 -0.1023
vn 0.4010 0.9107 -0.0993
vn 0.4011 0.9106 -0.0993
vn 0.4009 0.9107 -0.0994
vn 0.4297 0.8978 -0.0961
vn 0.4594 0.8836 -0.0909
vn 0.4594 0.8835 -0.0909
vn 0.4931 0.8654 -0.0895
vn 0.4931 0.8653 -0.0895
vn 0.5034 0.8621 -0.0581
vn 0.5154 0.8562 -0.0368
vn 0.5274 0.8494 -0.0203
vn 0.5441 0.8390 -0.0004
vn 0.5428 0.8399 -0.0056
vn 0.5385 0.8426 -0.0074
vn 0.5497 0.8354 -0.0008
vn 0.5519 0.8339 0.0022
vn 0.5554 0.8316 -0.0009
vn 0.5564 0.8309 0.0007
vn 0.5601 0.8284 -0.0058
vn 0.5558 0.8313 -0.0062
vn 0.5562 0.8310 -0.0105
vn 0.5556 0.8314 -0.0092
vn 0.5514 0.8342 -0.0132
vn 0.5503 0.8349 -0.0098
vn 0.5422 0.8403 -0.0057
vn 0.5417 0.8405 -0.0083
vn 0.5376 0.8432 -0.0034
vn 0.5266 0.8501 0.0090
vn 0.5266 0.8500 0.0090
vn 0.5147 0.8570 0.0248
vn 0.5030 0.8631 0.0455
vn 0.2432 0.9695 0.0320
vn 0.2432 0.9694 0.0320
vn 0.2431 0.9695 0.0320
vn 0.8113 0.4349 0.3907
vn 0.2335 0.9721 0.0220
vn 0.1891 0.9817 0.0237
vn 0.1892 0.9817 0.0237
vn 0.1277 0.9917 0.0147
vn 0.1277 0.9917 0.0148
vn 0.1276 0.9917 0.0149
vn 0.0430 0.9988 -0.0243
vn 0.0429 0.9988 -0.0243
vn 0.2943 0.9556 -0.0147
vn 0.2943 0.9556 -0.0146
vn 0.2697 0.9626 -0.0251
vn 0.2226 0.9743 -0.0353
vn 0.2224 0.9743 -0.0352
vn 0.1597 0.9866 -0.0330
vn 0.0741 0.9972 0.0134
vn 0.0742 0.9972 0.0134
vn 0.4415 0.6504 -0.6181
vn 0.4360 0.6457 -0.6269
vn 0.4433 0.6505 -0.6168
vn -0.8699 0.4118 -0.2715
vn -0.7951 0.5310 0.2930
vn 0.9128 0.3530 -0.2055
vn -0.5283 0.8278 0.1889
vn 0.8957 0.4232 -0.1365
vn -0.4167 0.8997 0.1303
vn 0.9496 0.2930 -0.1117
vn -0.6160 0.7807 0.1055
vn 0.8083 0.5868 -0.0482
vn -0.4354 0.8985 0.0560
vn 0.3402 0.9402 0.0175
vn 0.3402 0.9402 0.0176
vn 0.3403 0.9401 0.0175
vn 0.7377 0.6750 0.0138
vn 0.7376 0.6751 0.0137
vn -0.2121 0.9772 -0.0074
vn 0.7906 0.6106 0.0469
vn -0.3353 0.9398 -0.0664
vn 0.9696 0.1955 0.1469
vn -0.2499 0.9525 0.1738
vn -0.2499 0.9526 0.1738
vn 0.1352 0.9906 -0.0200
vn 0.1351 0.9906 -0.0202
vn 0.1351 0.9906 -0.0207
vn 0.9750 0.1540 -0.1603
vn -0.5233 0.8467 0.0957
vn 0.8997 0.4332 -0.0534
vn -0.6905 0.7226 0.0321
vn 0.9567 0.2912 -0.0009
vn -0.4399 0.8978 -0.0232
vn 0.8879 0.4583 0.0412
vn -0.3329 0.9410 -0.0610
vn 0.8524 0.5172 0.0765
vn -0.6363 0.7612 -0.1255
vn 0.9187 0.3690 0.1410
vn -0.3267 0.9382 -0.1143
vn 0.8146 0.5496 0.1855
vn -0.4671 0.8688 -0.1643
vn -0.4669 0.8689 -0.1646
vn -0.4670 0.8688 -0.1645
vn -0.4669 0.8688 -0.1646
vn 0.9482 0.1178 0.2950
vn 0.1415 0.9895 0.0298
vn 0.1411 0.9896 0.0298
vn 0.1411 0.9895 0.0299
vn -0.3096 0.9288 -0.2035
vn -0.1743 0.3776 -0.9094
vn 0.2895 0.2962 0.9102
vn 0.0600 0.3633 -0.9297
vn 0.0600 0.3634 -0.9297
vn 0.0598 0.3635 -0.9297
vn -0.3795 0.8511 -0.3627
vn -0.3795 0.8511 -0.3628
vn 0.8058 0.4223 0.4150
vn 0.8059 0.4223 0.4150
vn 0.8058 0.4223 0.4151
vn -0.6760 0.4410 -0.5903
vn -0.6760 0.4410 -0.5904
vn -0.6761 0.4409 -0.5903
vn 0.7439 0.1993 0.6379
vn -0.3568 0.6912 -0.6285
vn -0.3568 0.6911 -0.6285
vn 0.6121 0.2292 0.7568
vn -0.1280 0.6513 -0.7479
vn -0.2496 0.9222 0.2954
vn -0.2496 0.9222 0.2953
vn 0.8300 0.4378 -0.3457
vn 0.8300 0.4377 -0.3457
vn 0.5258 0.8503 -0.0240
vn -0.2352 0.5304 0.8144
vn -0.2798 0.5963 0.7525
vn -0.2282 0.4927 0.8397
vn 0.8096 0.3572 -0.4658
vn 0.8096 0.3571 -0.4658
vn 0.1480 0.9075 0.3932
vn 0.6771 0.6672 -0.3106
vn 0.6793 0.7108 -0.1826
vn 0.0048 0.4782 0.8782
vn 0.4384 0.1898 -0.8785
vn -0.0496 0.5147 0.8560
vn 0.0408 0.4608 0.8866
vn 0.3430 0.6070 -0.7169
vn 0.5001 0.1724 0.8486
vn 0.3165 0.2103 -0.9250
vn 0.2712 0.6443 0.7151
vn 0.8684 0.4172 0.2682
vn 0.7831 0.5841 -0.2135
vn 0.7831 0.5842 -0.2135
vn 0.7831 0.5842 -0.2134
vn -0.0000 -0.0000 1.0000
vn 0.0038 1.0000 -0.0000
vn 0.0034 1.0000 -0.0000
vn -0.5906 -0.8070 -0.0000
vn -0.5908 -0.8068 -0.0000
vn 0.9522 0.3056 -0.0001
vn 0.9522 0.3056 -0.0000
vn 0.9522 0.3054 0.0003
vn -0.9500 0.3121 -0.0000
vt 0.000000 0.000000
vt 0.380500 0.052000
vt 0.378800 0.039600
vt 0.382700 0.037900
vt 0.385900 0.050500
vt 0.386400 0.036200
vt 0.391200 0.048900
vt 0.390100 0.034400
vt 0.396400 0.047100
vt 0.393600 0.032500
vt 0.401400 0.045100
vt 0.397100 0.030400
vt 0.406100 0.042900
vt 0.400300 0.028200
vt 0.410500 0.040200
vt 0.403300 0.025700
vt 0.414400 0.037100
vt 0.382000 0.064400
vt 0.388900 0.063100
vt 0.395800 0.061600
vt 0.402500 0.059900
vt 0.409000 0.058000
vt 0.415200 0.055500
vt 0.420900 0.052500
vt 0.425800 0.048700
vt 0.391700 0.075700
vt 0.383300 0.076900
vt 0.400000 0.074400
vt 0.408300 0.072900
vt 0.416500 0.071000
vt 0.424300 0.068500
vt 0.431400 0.065100
vt 0.437500 0.060600
vt 0.384500 0.089300
vt 0.394100 0.088400
vt 0.403800 0.087300
vt 0.413600 0.086000
vt 0.385400 0.101700
vt 0.395900 0.101000
vt 0.397100 0.113700
vt 0.386000 0.114200
vt 0.419500 0.003500
vt 0.431500 0.005200
vt 0.429700 0.010300
vt 0.417500 0.007000
vt 0.443500 0.006700
vt 0.441900 0.013400
vt 0.454100 0.016200
vt 0.455500 0.008100
vt 0.427800 0.015300
vt 0.415500 0.010400
vt 0.440100 0.020000
vt 0.452500 0.024300
vt 0.466300 0.018600
vt 0.465000 0.028100
vt 0.425700 0.020200
vt 0.413300 0.013800
vt 0.438200 0.026500
vt 0.450700 0.032400
vt 0.463500 0.037800
vt 0.423400 0.024900
vt 0.411100 0.017000
vt 0.435900 0.032700
vt 0.448600 0.040300
vt 0.461600 0.047600
vt 0.420800 0.029400
vt 0.408700 0.020100
vt 0.433200 0.038600
vt 0.445800 0.047900
vt 0.459000 0.057200
vt 0.417800 0.033400
vt 0.406100 0.023000
vt 0.429800 0.044000
vt 0.442200 0.054800
vt 0.455200 0.065900
vt 0.426800 0.249400
vt 0.415100 0.248700
vt 0.413500 0.244600
vt 0.425500 0.242200
vt 0.411800 0.240700
vt 0.424100 0.236200
vt 0.410000 0.237300
vt 0.422400 0.230900
vt 0.408100 0.234100
vt 0.420500 0.226100
vt 0.406000 0.231100
vt 0.418300 0.221700
vt 0.403800 0.228400
vt 0.415600 0.217700
vt 0.401300 0.225900
vt 0.412500 0.214300
vt 0.437600 0.239700
vt 0.438600 0.248600
vt 0.436300 0.231800
vt 0.434900 0.224700
vt 0.433000 0.218200
vt 0.430700 0.212200
vt 0.427800 0.206900
vt 0.424000 0.202500
vt 0.450400 0.247300
vt 0.449600 0.237000
vt 0.448700 0.227600
vt 0.447400 0.218800
vt 0.445800 0.210400
vt 0.443500 0.202600
vt 0.440300 0.195800
vt 0.436000 0.190200
vt 0.462300 0.245800
vt 0.461800 0.234500
vt 0.461100 0.223700
vt 0.460100 0.213200
vt 0.458800 0.202900
vt 0.456800 0.193200
vt 0.453500 0.184500
vt 0.448500 0.177400
vt 0.470500 0.184300
vt 0.382200 0.215200
vt 0.378600 0.213900
vt 0.380300 0.201400
vt 0.385500 0.202600
vt 0.381800 0.188900
vt 0.388600 0.189900
vt 0.383200 0.176500
vt 0.391400 0.177200
vt 0.384400 0.164000
vt 0.393900 0.164500
vt 0.385300 0.151500
vt 0.395800 0.151800
vt 0.385900 0.139100
vt 0.397100 0.139100
vt 0.386200 0.126600
vt 0.397600 0.126400
vt 0.385700 0.216700
vt 0.390600 0.203900
vt 0.395200 0.191000
vt 0.399600 0.178100
vt 0.403400 0.165200
vt 0.408600 0.139200
vt 0.406500 0.152200
vt 0.395500 0.205300
vt 0.389100 0.218200
vt 0.401800 0.192400
vt 0.407700 0.179300
vt 0.413200 0.166100
vt 0.400300 0.207000
vt 0.392400 0.219900
vt 0.408100 0.194000
vt 0.415700 0.180800
vt 0.404800 0.209000
vt 0.395600 0.221700
vt 0.414000 0.196200
vt 0.423400 0.182900
vt 0.423000 0.167300
vt 0.398500 0.223700
vt 0.408900 0.211400
vt 0.419400 0.198900
vt 0.430200 0.186000
vt 0.441300 0.172500
vt 0.375000 0.041200
vt 0.375000 0.029000
vt 0.377200 0.027200
vt 0.379300 0.025300
vt 0.381500 0.023500
vt 0.383700 0.021700
vt 0.385800 0.019900
vt 0.388000 0.018100
vt 0.390200 0.016300
vt 0.392300 0.014500
vt 0.375000 0.053400
vt 0.375000 0.065700
vt 0.375000 0.077900
vt 0.375000 0.090100
vt 0.375000 0.102400
vt 0.375000 0.114600
vt 0.375000 0.126800
vt 0.409700 0.000000
vt 0.421500 0.000000
vt 0.407500 0.001800
vt 0.433200 0.000000
vt 0.445000 0.000000
vt 0.456800 0.000000
vt 0.405400 0.003600
vt 0.403200 0.005400
vt 0.401000 0.007200
vt 0.398900 0.009100
vt 0.396700 0.010900
vt 0.394500 0.012700
vt 0.403400 0.248400
vt 0.416500 0.255000
vt 0.405300 0.250000
vt 0.401500 0.246800
vt 0.399600 0.245300
vt 0.397700 0.243700
vt 0.395800 0.242100
vt 0.393900 0.240500
vt 0.392000 0.238900
vt 0.390100 0.237400
vt 0.427800 0.258400
vt 0.439400 0.258900
vt 0.451000 0.258500
vt 0.462600 0.257800
vt 0.375000 0.212500
vt 0.376900 0.226300
vt 0.375000 0.224700
vt 0.375000 0.200300
vt 0.375000 0.188000
vt 0.375000 0.175800
vt 0.375000 0.163600
vt 0.375000 0.151300
vt 0.375000 0.139100
vt 0.378800 0.227900
vt 0.380700 0.229500
vt 0.382600 0.231100
vt 0.384500 0.232600
vt 0.386400 0.234200
vt 0.388200 0.235800
vt 0.432600 0.782400
vt 0.433200 0.767400
vt 0.442500 0.769600
vt 0.442500 0.783300
vt 0.452300 0.770400
vt 0.452500 0.783900
vt 0.462400 0.770500
vt 0.462500 0.784100
vt 0.442100 0.797900
vt 0.432000 0.797400
vt 0.452300 0.798300
vt 0.462500 0.798500
vt 0.441600 0.813000
vt 0.431300 0.812800
vt 0.451900 0.813200
vt 0.462200 0.813300
vt 0.430500 0.828200
vt 0.441000 0.828400
vt 0.451500 0.828400
vt 0.461900 0.828500
vt 0.440400 0.843800
vt 0.429700 0.843800
vt 0.451000 0.843900
vt 0.461500 0.843900
vt 0.439700 0.859400
vt 0.428900 0.859400
vt 0.450400 0.859400
vt 0.461100 0.859400
vt 0.428100 0.875000
vt 0.439000 0.875000
vt 0.449800 0.875000
vt 0.460600 0.875000
vt 0.438300 0.890600
vt 0.427300 0.890600
vt 0.449200 0.890600
vt 0.460100 0.890600
vt 0.437600 0.906300
vt 0.426500 0.906300
vt 0.448600 0.906300
vt 0.459600 0.906300
vt 0.425600 0.921900
vt 0.436900 0.921900
vt 0.448000 0.921900
vt 0.459200 0.921900
vt 0.436100 0.937500
vt 0.424800 0.937500
vt 0.447400 0.937500
vt 0.458700 0.937500
vt 0.435400 0.953100
vt 0.424000 0.953100
vt 0.446800 0.953100
vt 0.458200 0.953100
vt 0.423100 0.968800
vt 0.434700 0.968800
vt 0.446200 0.968800
vt 0.457700 0.968800
vt 0.434000 0.984400
vt 0.422300 0.984400
vt 0.445600 0.984400
vt 0.457300 0.984400
vt 0.423800 0.765600
vt 0.424700 0.750000
vt 0.433200 0.754500
vt 0.442000 0.757600
vt 0.451800 0.758100
vt 0.461900 0.757800
vt 0.456800 1.000000
vt 0.445000 1.000000
vt 0.433200 1.000000
vt 0.421500 1.000000
vt 0.409700 1.000000
vt 0.410600 0.984400
vt 0.411600 0.968800
vt 0.412500 0.953100
vt 0.413500 0.937500
vt 0.414400 0.921900
vt 0.415300 0.906200
vt 0.416300 0.890600
vt 0.417200 0.875000
vt 0.418200 0.859400
vt 0.419100 0.843800
vt 0.420000 0.828100
vt 0.421000 0.812500
vt 0.421900 0.796900
vt 0.422900 0.781200
vt 0.418200 0.282500
vt 0.417400 0.267600
vt 0.428700 0.270000
vt 0.429400 0.283500
vt 0.440100 0.270800
vt 0.440700 0.284100
vt 0.451500 0.270900
vt 0.452000 0.284400
vt 0.463000 0.270700
vt 0.463200 0.284300
vt 0.430100 0.298000
vt 0.418900 0.297500
vt 0.441200 0.298400
vt 0.452400 0.298600
vt 0.463500 0.298600
vt 0.430700 0.313000
vt 0.419600 0.312800
vt 0.441700 0.313200
vt 0.452700 0.313400
vt 0.463700 0.313400
vt 0.431300 0.328300
vt 0.420300 0.328200
vt 0.442200 0.328400
vt 0.453100 0.328500
vt 0.463900 0.328500
vt 0.431900 0.343800
vt 0.421000 0.343800
vt 0.442700 0.343800
vt 0.453400 0.343900
vt 0.464100 0.343900
vt 0.432500 0.359400
vt 0.421800 0.359400
vt 0.443200 0.359400
vt 0.453800 0.359400
vt 0.464400 0.359400
vt 0.433100 0.375000
vt 0.422500 0.375000
vt 0.443700 0.375000
vt 0.454200 0.375000
vt 0.464600 0.375000
vt 0.433700 0.390600
vt 0.423200 0.390600
vt 0.444200 0.390600
vt 0.454600 0.390600
vt 0.464900 0.390600
vt 0.434300 0.406200
vt 0.423900 0.406200
vt 0.444700 0.406200
vt 0.455000 0.406200
vt 0.465200 0.406200
vt 0.434900 0.421700
vt 0.424600 0.421800
vt 0.445200 0.421600
vt 0.455400 0.421600
vt 0.465500 0.421600
vt 0.435400 0.437000
vt 0.425300 0.437200
vt 0.445600 0.436800
vt 0.455700 0.436700
vt 0.465800 0.436700
vt 0.436000 0.452100
vt 0.425900 0.452600
vt 0.446000 0.451800
vt 0.456000 0.451600
vt 0.466100 0.451600
vt 0.436300 0.466700
vt 0.426500 0.467600
vt 0.446200 0.466200
vt 0.456200 0.465900
vt 0.466200 0.466000
vt 0.436400 0.480400
vt 0.427000 0.482600
vt 0.446200 0.479600
vt 0.456200 0.479600
vt 0.466300 0.479800
vt 0.406100 0.265600
vt 0.456000 0.492200
vt 0.445900 0.491900
vt 0.436100 0.492300
vt 0.427000 0.495500
vt 0.418400 0.500000
vt 0.417600 0.484400
vt 0.416700 0.468800
vt 0.415900 0.453100
vt 0.415100 0.437500
vt 0.414300 0.421900
vt 0.413500 0.406200
vt 0.412600 0.390600
vt 0.411800 0.375000
vt 0.411000 0.359400
vt 0.410200 0.343800
vt 0.409400 0.328100
vt 0.408500 0.312500
vt 0.407700 0.296900
vt 0.406900 0.281200
vt 0.156400 0.712500
vt 0.156400 0.716900
vt 0.140800 0.720700
vt 0.140700 0.717800
vt 0.172000 0.708600
vt 0.172000 0.713600
vt 0.187600 0.705400
vt 0.187700 0.710800
vt 0.203200 0.702800
vt 0.203300 0.708400
vt 0.218900 0.700800
vt 0.218900 0.706400
vt 0.234500 0.699200
vt 0.234500 0.704900
vt 0.250100 0.698000
vt 0.250100 0.703700
vt 0.265700 0.697100
vt 0.265700 0.702900
vt 0.281300 0.696700
vt 0.281300 0.702400
vt 0.296900 0.696600
vt 0.297000 0.702200
vt 0.312500 0.696900
vt 0.312500 0.702400
vt 0.328000 0.697700
vt 0.328100 0.702900
vt 0.343600 0.699000
vt 0.343700 0.703800
vt 0.358700 0.701000
vt 0.359400 0.705000
vt 0.156500 0.720500
vt 0.140800 0.723400
vt 0.172100 0.717800
vt 0.187700 0.715300
vt 0.203300 0.713200
vt 0.218900 0.711500
vt 0.234500 0.710000
vt 0.250100 0.708900
vt 0.265800 0.708000
vt 0.281400 0.707500
vt 0.297000 0.707200
vt 0.312600 0.707200
vt 0.328200 0.707500
vt 0.343800 0.708000
vt 0.359400 0.708700
vt 0.156500 0.723600
vt 0.140900 0.725900
vt 0.172100 0.721300
vt 0.187700 0.719300
vt 0.203300 0.717500
vt 0.219000 0.715900
vt 0.234600 0.714600
vt 0.250200 0.713500
vt 0.265800 0.712700
vt 0.281400 0.712100
vt 0.297000 0.711800
vt 0.312600 0.711600
vt 0.328200 0.711700
vt 0.343800 0.711900
vt 0.359400 0.712200
vt 0.156600 0.726300
vt 0.141000 0.728200
vt 0.172200 0.724500
vt 0.187800 0.722800
vt 0.203400 0.721300
vt 0.219000 0.719900
vt 0.234600 0.718700
vt 0.250200 0.717700
vt 0.265800 0.717000
vt 0.281400 0.716400
vt 0.297000 0.716000
vt 0.312600 0.715700
vt 0.328200 0.715600
vt 0.343800 0.715500
vt 0.359400 0.715600
vt 0.156600 0.728800
vt 0.141000 0.730400
vt 0.172200 0.727400
vt 0.187800 0.726000
vt 0.203400 0.724700
vt 0.219000 0.723500
vt 0.234600 0.722500
vt 0.250200 0.721600
vt 0.265800 0.720800
vt 0.281400 0.720300
vt 0.297000 0.719800
vt 0.312600 0.719500
vt 0.328200 0.719200
vt 0.343800 0.719000
vt 0.359400 0.718900
vt 0.156700 0.731200
vt 0.141100 0.732500
vt 0.172300 0.730000
vt 0.187900 0.728900
vt 0.203500 0.727800
vt 0.219100 0.726800
vt 0.234700 0.725900
vt 0.250300 0.725100
vt 0.265900 0.724400
vt 0.281500 0.723900
vt 0.297000 0.723400
vt 0.312600 0.723000
vt 0.328200 0.722700
vt 0.343800 0.722400
vt 0.359400 0.722100
vt 0.156800 0.733500
vt 0.141200 0.734500
vt 0.172300 0.732500
vt 0.187900 0.731600
vt 0.203500 0.730700
vt 0.219100 0.729800
vt 0.234700 0.729100
vt 0.250300 0.728400
vt 0.265900 0.727800
vt 0.281500 0.727200
vt 0.297100 0.726800
vt 0.312600 0.726300
vt 0.328200 0.726000
vt 0.343800 0.725600
vt 0.359400 0.725300
vt 0.156800 0.735700
vt 0.141200 0.736500
vt 0.172400 0.734900
vt 0.188000 0.734200
vt 0.203600 0.733400
vt 0.219200 0.732700
vt 0.234700 0.732100
vt 0.250300 0.731500
vt 0.265900 0.730900
vt 0.281500 0.730400
vt 0.297100 0.730000
vt 0.312700 0.729600
vt 0.328200 0.729200
vt 0.343800 0.728800
vt 0.359400 0.728500
vt 0.156900 0.737900
vt 0.141300 0.738500
vt 0.172500 0.737200
vt 0.188000 0.736600
vt 0.203600 0.736000
vt 0.219200 0.735500
vt 0.234800 0.734900
vt 0.250400 0.734400
vt 0.265900 0.733900
vt 0.281500 0.733500
vt 0.297100 0.733100
vt 0.312700 0.732700
vt 0.328300 0.732300
vt 0.343800 0.732000
vt 0.359400 0.731600
vt 0.141400 0.740500
vt 0.156900 0.740000
vt 0.172500 0.739500
vt 0.188100 0.739000
vt 0.203700 0.738500
vt 0.219200 0.738100
vt 0.234800 0.737600
vt 0.250400 0.737200
vt 0.266000 0.736800
vt 0.281500 0.736400
vt 0.297100 0.736100
vt 0.312700 0.735700
vt 0.328300 0.735400
vt 0.343800 0.735000
vt 0.359400 0.734700
vt 0.141400 0.742400
vt 0.157000 0.742000
vt 0.172600 0.741600
vt 0.188100 0.741300
vt 0.203700 0.740900
vt 0.219300 0.740600
vt 0.234900 0.740200
vt 0.250400 0.739900
vt 0.266000 0.739600
vt 0.281600 0.739300
vt 0.297100 0.739000
vt 0.312700 0.738700
vt 0.328300 0.738400
vt 0.343900 0.738100
vt 0.359400 0.737800
vt 0.141500 0.744300
vt 0.157100 0.744000
vt 0.172600 0.743800
vt 0.188200 0.743500
vt 0.203800 0.743300
vt 0.219300 0.743000
vt 0.234900 0.742700
vt 0.250500 0.742500
vt 0.266000 0.742300
vt 0.281600 0.742000
vt 0.297200 0.741800
vt 0.312700 0.741500
vt 0.328300 0.741300
vt 0.343900 0.741100
vt 0.359400 0.740900
vt 0.141600 0.746200
vt 0.157100 0.746000
vt 0.172700 0.745900
vt 0.188300 0.745700
vt 0.203800 0.745500
vt 0.219400 0.745400
vt 0.234900 0.745200
vt 0.250500 0.745000
vt 0.266100 0.744900
vt 0.281600 0.744700
vt 0.297200 0.744600
vt 0.312800 0.744400
vt 0.328300 0.744200
vt 0.343900 0.744100
vt 0.359400 0.743900
vt 0.141600 0.748100
vt 0.157200 0.748000
vt 0.172800 0.747900
vt 0.188300 0.747900
vt 0.203900 0.747800
vt 0.219400 0.747700
vt 0.235000 0.747600
vt 0.250500 0.747500
vt 0.266100 0.747400
vt 0.281700 0.747400
vt 0.297200 0.747300
vt 0.312800 0.747200
vt 0.328300 0.747100
vt 0.343900 0.747000
vt 0.359400 0.747000
vt 0.125000 0.721000
vt 0.140700 0.713200
vt 0.125100 0.722800
vt 0.156300 0.706600
vt 0.172000 0.702400
vt 0.187600 0.699100
vt 0.203200 0.696500
vt 0.218800 0.694400
vt 0.234500 0.692800
vt 0.250100 0.691600
vt 0.265700 0.690800
vt 0.281300 0.690400
vt 0.296900 0.690400
vt 0.312400 0.690800
vt 0.327800 0.691700
vt 0.343200 0.693300
vt 0.359000 0.696300
vt 0.375000 0.703200
vt 0.375000 0.700000
vt 0.375000 0.706300
vt 0.375000 0.709400
vt 0.375000 0.712500
vt 0.375000 0.715700
vt 0.375000 0.718800
vt 0.375000 0.721900
vt 0.375000 0.725000
vt 0.375000 0.728100
vt 0.375000 0.731300
vt 0.375000 0.734400
vt 0.375000 0.737500
vt 0.375000 0.740600
vt 0.375000 0.743800
vt 0.375000 0.746900
vt 0.375000 0.750000
vt 0.359400 0.750000
vt 0.343900 0.750000
vt 0.328300 0.750000
vt 0.312800 0.750000
vt 0.297200 0.750000
vt 0.281700 0.750000
vt 0.266100 0.750000
vt 0.250600 0.750000
vt 0.235000 0.750000
vt 0.219500 0.750000
vt 0.203900 0.750000
vt 0.188400 0.750000
vt 0.172800 0.750000
vt 0.157300 0.750000
vt 0.141700 0.750000
vt 0.126200 0.750000
vt 0.126100 0.748200
vt 0.126000 0.746400
vt 0.125900 0.744600
vt 0.125900 0.742800
vt 0.125800 0.740900
vt 0.125700 0.739100
vt 0.125600 0.737300
vt 0.125600 0.735500
vt 0.125500 0.733700
vt 0.125400 0.731900
vt 0.125400 0.730100
vt 0.125300 0.728300
vt 0.125200 0.726500
vt 0.125100 0.724700
vt 0.376800 0.561200
vt 0.377300 0.551400
vt 0.382500 0.548700
vt 0.384600 0.559200
vt 0.387300 0.546300
vt 0.391400 0.557200
vt 0.391700 0.543800
vt 0.397500 0.554900
vt 0.395900 0.541100
vt 0.403200 0.552400
vt 0.399800 0.538300
vt 0.408400 0.549600
vt 0.413200 0.546300
vt 0.403500 0.535400
vt 0.407000 0.532100
vt 0.417400 0.542600
vt 0.387000 0.569900
vt 0.377600 0.571400
vt 0.395500 0.568100
vt 0.403200 0.566200
vt 0.410400 0.563800
vt 0.417100 0.561000
vt 0.423000 0.557600
vt 0.428200 0.553400
vt 0.378800 0.581600
vt 0.389400 0.580500
vt 0.399300 0.579100
vt 0.408700 0.577500
vt 0.417600 0.575500
vt 0.425800 0.572800
vt 0.433100 0.569300
vt 0.439300 0.564500
vt 0.391800 0.591200
vt 0.380200 0.592000
vt 0.403000 0.590200
vt 0.413800 0.589000
vt 0.424500 0.587400
vt 0.434600 0.585100
vt 0.443600 0.581500
vt 0.451000 0.576200
vt 0.393800 0.601900
vt 0.381400 0.602400
vt 0.406000 0.601300
vt 0.418200 0.600600
vt 0.430500 0.599600
vt 0.442700 0.597800
vt 0.454300 0.594700
vt 0.463700 0.589000
vt 0.395200 0.612600
vt 0.382400 0.612800
vt 0.408100 0.612500
vt 0.421200 0.612200
vt 0.434900 0.611900
vt 0.449400 0.611100
vt 0.465100 0.609400
vt 0.425400 0.502500
vt 0.435100 0.501900
vt 0.433600 0.509700
vt 0.423300 0.507500
vt 0.445200 0.502600
vt 0.444100 0.512100
vt 0.455500 0.503900
vt 0.454700 0.514500
vt 0.431800 0.516500
vt 0.421000 0.512400
vt 0.442600 0.520600
vt 0.453600 0.524500
vt 0.429600 0.522600
vt 0.418600 0.516800
vt 0.440800 0.528300
vt 0.452100 0.533800
vt 0.463500 0.539000
vt 0.464600 0.528100
vt 0.427200 0.528300
vt 0.416000 0.521000
vt 0.438500 0.535600
vt 0.450100 0.542700
vt 0.462000 0.549700
vt 0.424400 0.533600
vt 0.413200 0.524900
vt 0.435800 0.542200
vt 0.447500 0.551000
vt 0.459700 0.559800
vt 0.421200 0.538300
vt 0.410200 0.528700
vt 0.432400 0.548200
vt 0.444000 0.558300
vt 0.456200 0.568800
vt 0.440800 0.747900
vt 0.431200 0.747200
vt 0.428700 0.741800
vt 0.438900 0.739800
vt 0.426000 0.736700
vt 0.436600 0.732800
vt 0.423100 0.731900
vt 0.434000 0.726400
vt 0.420100 0.727400
vt 0.431100 0.720400
vt 0.416900 0.723100
vt 0.427900 0.714800
vt 0.413500 0.719000
vt 0.424200 0.709700
vt 0.409900 0.715100
vt 0.420100 0.705100
vt 0.449300 0.737600
vt 0.450800 0.747200
vt 0.447400 0.728900
vt 0.445000 0.721000
vt 0.442300 0.713500
vt 0.439100 0.706600
vt 0.435200 0.700300
vt 0.430500 0.694800
vt 0.459800 0.735300
vt 0.461100 0.746100
vt 0.458200 0.725300
vt 0.456200 0.715800
vt 0.453700 0.706700
vt 0.450600 0.698200
vt 0.446600 0.690600
vt 0.441300 0.684200
vt 0.462600 0.689900
vt 0.465500 0.700200
vt 0.458500 0.680700
vt 0.452700 0.673000
vt 0.377300 0.683800
vt 0.385300 0.686100
vt 0.383200 0.696200
vt 0.377700 0.693200
vt 0.378000 0.674000
vt 0.387600 0.675900
vt 0.379100 0.664100
vt 0.389900 0.665500
vt 0.380400 0.654000
vt 0.392200 0.655100
vt 0.381600 0.643800
vt 0.394100 0.644600
vt 0.382500 0.633500
vt 0.395400 0.634000
vt 0.382800 0.623100
vt 0.395800 0.623400
vt 0.388400 0.699000
vt 0.392400 0.688500
vt 0.396300 0.678000
vt 0.400000 0.667300
vt 0.403500 0.656500
vt 0.406300 0.645600
vt 0.408300 0.634700
vt 0.408900 0.623600
vt 0.398800 0.691200
vt 0.393100 0.701900
vt 0.404300 0.680400
vt 0.409500 0.669400
vt 0.414500 0.658200
vt 0.418600 0.646900
vt 0.421400 0.635400
vt 0.422400 0.623900
vt 0.404800 0.694100
vt 0.397700 0.704900
vt 0.411800 0.683100
vt 0.418700 0.671900
vt 0.425300 0.660300
vt 0.431100 0.648500
vt 0.435100 0.636500
vt 0.436600 0.624200
vt 0.410300 0.697300
vt 0.402000 0.708100
vt 0.418700 0.686300
vt 0.427200 0.675000
vt 0.435600 0.663200
vt 0.443500 0.650900
vt 0.449800 0.637900
vt 0.452300 0.624600
vt 0.415500 0.701000
vt 0.406100 0.711500
vt 0.425000 0.690200
vt 0.434800 0.679000
vt 0.445000 0.667300
vt 0.455300 0.654600
vt 0.465700 0.640400
vt 0.475300 0.625100
vt 0.465100 0.660800
vt 0.370400 0.553300
vt 0.375000 0.543600
vt 0.377700 0.540900
vt 0.380400 0.538100
vt 0.383100 0.535400
vt 0.385800 0.532700
vt 0.388600 0.530000
vt 0.391300 0.527200
vt 0.394000 0.524500
vt 0.396700 0.521800
vt 0.367200 0.563000
vt 0.366800 0.572800
vt 0.367200 0.582700
vt 0.367800 0.592700
vt 0.368600 0.602700
vt 0.369200 0.612900
vt 0.369400 0.623000
vt 0.415700 0.502700
vt 0.413000 0.505400
vt 0.410200 0.508200
vt 0.407500 0.510900
vt 0.404800 0.513600
vt 0.402100 0.516300
vt 0.399400 0.519100
vt 0.421600 0.746900
vt 0.418500 0.743800
vt 0.415400 0.740600
vt 0.412300 0.737500
vt 0.409200 0.734400
vt 0.406100 0.731300
vt 0.403000 0.728100
vt 0.399900 0.725000
vt 0.370600 0.691000
vt 0.378100 0.703200
vt 0.367500 0.681800
vt 0.367100 0.672400
vt 0.367400 0.662800
vt 0.368000 0.653000
vt 0.368700 0.643100
vt 0.369200 0.633100
vt 0.381200 0.706300
vt 0.384300 0.709400
vt 0.387400 0.712500
vt 0.390500 0.715700
vt 0.393600 0.718800
vt 0.396800 0.721900
vt 0.359400 0.539700
vt 0.358700 0.543400
vt 0.343600 0.545700
vt 0.343700 0.541200
vt 0.328000 0.547300
vt 0.328100 0.542300
vt 0.312500 0.548300
vt 0.312500 0.543000
vt 0.296900 0.548800
vt 0.296900 0.543400
vt 0.281300 0.548900
vt 0.281300 0.543400
vt 0.265700 0.548600
vt 0.265700 0.543000
vt 0.250100 0.547900
vt 0.250100 0.542300
vt 0.234500 0.546800
vt 0.234500 0.541300
vt 0.218900 0.539900
vt 0.218800 0.545300
vt 0.203300 0.538000
vt 0.203200 0.543400
vt 0.187600 0.535700
vt 0.187600 0.540900
vt 0.172000 0.532900
vt 0.172000 0.537800
vt 0.156400 0.529700
vt 0.156300 0.534000
vt 0.140700 0.528700
vt 0.140800 0.526000
vt 0.359400 0.536400
vt 0.343800 0.537200
vt 0.328200 0.537900
vt 0.312600 0.538400
vt 0.297000 0.538600
vt 0.281400 0.538500
vt 0.265700 0.538100
vt 0.250100 0.537400
vt 0.234500 0.536400
vt 0.218900 0.535000
vt 0.203300 0.533400
vt 0.187700 0.531300
vt 0.172100 0.529000
vt 0.156400 0.526300
vt 0.140800 0.523500
vt 0.359400 0.533200
vt 0.343800 0.533700
vt 0.328200 0.534100
vt 0.312600 0.534300
vt 0.297000 0.534300
vt 0.281400 0.534100
vt 0.265800 0.533600
vt 0.250200 0.533000
vt 0.234500 0.532000
vt 0.218900 0.530800
vt 0.203300 0.529300
vt 0.187700 0.527600
vt 0.172100 0.525700
vt 0.156500 0.523500
vt 0.140900 0.521300
vt 0.359400 0.530200
vt 0.343800 0.530400
vt 0.328200 0.530500
vt 0.312600 0.530500
vt 0.297000 0.530400
vt 0.281400 0.530100
vt 0.265800 0.529700
vt 0.250200 0.529000
vt 0.234600 0.528100
vt 0.219000 0.527000
vt 0.203400 0.525800
vt 0.187700 0.524300
vt 0.172100 0.522700
vt 0.156500 0.521000
vt 0.140900 0.519200
vt 0.359400 0.527300
vt 0.343800 0.527300
vt 0.328200 0.527200
vt 0.312600 0.527100
vt 0.297000 0.526900
vt 0.281400 0.526500
vt 0.265800 0.526000
vt 0.250200 0.525400
vt 0.234600 0.524600
vt 0.219000 0.523700
vt 0.203400 0.522600
vt 0.187800 0.521400
vt 0.172200 0.520100
vt 0.156600 0.518700
vt 0.141000 0.517200
vt 0.359400 0.524400
vt 0.343800 0.524300
vt 0.328200 0.524100
vt 0.312600 0.523900
vt 0.297000 0.523600
vt 0.281400 0.523200
vt 0.265800 0.522800
vt 0.250200 0.522200
vt 0.234600 0.521500
vt 0.219000 0.520600
vt 0.203400 0.519700
vt 0.187800 0.518700
vt 0.172200 0.517700
vt 0.156600 0.516500
vt 0.141000 0.515400
vt 0.359400 0.521600
vt 0.343800 0.521400
vt 0.328200 0.521100
vt 0.312600 0.520900
vt 0.297000 0.520500
vt 0.281400 0.520200
vt 0.265900 0.519700
vt 0.250300 0.519200
vt 0.234700 0.518600
vt 0.219100 0.517900
vt 0.203500 0.517100
vt 0.187900 0.516300
vt 0.172300 0.515400
vt 0.156700 0.514500
vt 0.141100 0.513600
vt 0.359400 0.518800
vt 0.343800 0.518500
vt 0.328200 0.518300
vt 0.312600 0.518000
vt 0.297100 0.517600
vt 0.281500 0.517300
vt 0.265900 0.516800
vt 0.250300 0.516400
vt 0.234700 0.515800
vt 0.219100 0.515300
vt 0.203500 0.514600
vt 0.187900 0.514000
vt 0.172300 0.513300
vt 0.156700 0.512500
vt 0.141200 0.511800
vt 0.359400 0.516100
vt 0.343800 0.515800
vt 0.328200 0.515500
vt 0.312700 0.515200
vt 0.297100 0.514900
vt 0.281500 0.514500
vt 0.265900 0.514100
vt 0.250300 0.513700
vt 0.234700 0.513300
vt 0.219100 0.512800
vt 0.203600 0.512300
vt 0.188000 0.511800
vt 0.172400 0.511200
vt 0.156800 0.510600
vt 0.141200 0.510100
vt 0.359400 0.513300
vt 0.343800 0.513100
vt 0.328300 0.512800
vt 0.312700 0.512500
vt 0.297100 0.512200
vt 0.281500 0.511900
vt 0.265900 0.511600
vt 0.250300 0.511200
vt 0.234800 0.510900
vt 0.219200 0.510500
vt 0.203600 0.510100
vt 0.188000 0.509700
vt 0.172400 0.509200
vt 0.156900 0.508800
vt 0.141300 0.508300
vt 0.359400 0.510700
vt 0.343800 0.510400
vt 0.328300 0.510200
vt 0.312700 0.509900
vt 0.297100 0.509700
vt 0.281500 0.509400
vt 0.266000 0.509100
vt 0.250400 0.508900
vt 0.234800 0.508600
vt 0.219200 0.508300
vt 0.203600 0.507900
vt 0.188100 0.507600
vt 0.172500 0.507300
vt 0.156900 0.507000
vt 0.141300 0.506600
vt 0.359400 0.508000
vt 0.343900 0.507800
vt 0.328300 0.507600
vt 0.312700 0.507400
vt 0.297100 0.507200
vt 0.281600 0.507000
vt 0.266000 0.506800
vt 0.250400 0.506600
vt 0.234800 0.506300
vt 0.219300 0.506100
vt 0.203700 0.505900
vt 0.188100 0.505700
vt 0.172500 0.505400
vt 0.157000 0.505200
vt 0.141400 0.505000
vt 0.359400 0.505300
vt 0.343900 0.505200
vt 0.328300 0.505000
vt 0.312700 0.504900
vt 0.297100 0.504800
vt 0.281600 0.504600
vt 0.266000 0.504500
vt 0.250400 0.504300
vt 0.234900 0.504200
vt 0.219300 0.504000
vt 0.203700 0.503900
vt 0.188200 0.503800
vt 0.172600 0.503600
vt 0.157000 0.503500
vt 0.141500 0.503300
vt 0.359400 0.502700
vt 0.343900 0.502600
vt 0.328300 0.502500
vt 0.312700 0.502400
vt 0.297200 0.502400
vt 0.281600 0.502300
vt 0.266000 0.502200
vt 0.250500 0.502200
vt 0.234900 0.502100
vt 0.219300 0.502000
vt 0.203800 0.501900
vt 0.188200 0.501900
vt 0.172600 0.501800
vt 0.157100 0.501700
vt 0.141500 0.501700
vt 0.359000 0.547900
vt 0.375000 0.540900
vt 0.343200 0.551400
vt 0.327800 0.553200
vt 0.312400 0.554300
vt 0.296900 0.554900
vt 0.281300 0.555100
vt 0.265700 0.554800
vt 0.250100 0.554100
vt 0.234500 0.553100
vt 0.218800 0.551600
vt 0.203200 0.549600
vt 0.187600 0.547100
vt 0.171900 0.543900
vt 0.156300 0.539800
vt 0.140700 0.533100
vt 0.125100 0.523700
vt 0.125000 0.525300
vt 0.125100 0.522100
vt 0.125200 0.520500
vt 0.125300 0.518900
vt 0.125300 0.517400
vt 0.125400 0.515800
vt 0.125400 0.514200
vt 0.125500 0.512600
vt 0.125600 0.511100
vt 0.125600 0.509500
vt 0.125700 0.507900
vt 0.125800 0.506300
vt 0.125800 0.504700
vt 0.125900 0.503200
vt 0.125900 0.501600
vt 0.126000 0.500000
vt 0.141600 0.500000
vt 0.157100 0.500000
vt 0.172700 0.500000
vt 0.188300 0.500000
vt 0.203800 0.500000
vt 0.219400 0.500000
vt 0.234900 0.500000
vt 0.250500 0.500000
vt 0.266100 0.500000
vt 0.281600 0.500000
vt 0.297200 0.500000
vt 0.312800 0.500000
vt 0.328300 0.500000
vt 0.343900 0.500000
vt 0.359400 0.500000
vt 0.375000 0.502700
vt 0.375000 0.500000
vt 0.375000 0.505400
vt 0.375000 0.508200
vt 0.375000 0.510900
vt 0.375000 0.513600
vt 0.375000 0.516300
vt 0.375000 0.519100
vt 0.375000 0.521800
vt 0.375000 0.524500
vt 0.375000 0.527200
vt 0.375000 0.530000
vt 0.375000 0.532700
vt 0.375000 0.535400
vt 0.375000 0.538100
vt 0.140600 0.553500
vt 0.140600 0.542400
vt 0.156300 0.547600
vt 0.156300 0.557000
vt 0.171900 0.560100
vt 0.171900 0.551400
vt 0.187600 0.554400
vt 0.187500 0.562700
vt 0.203200 0.556800
vt 0.203200 0.564800
vt 0.218800 0.558700
vt 0.218800 0.566500
vt 0.234400 0.560100
vt 0.234400 0.567800
vt 0.250100 0.561100
vt 0.250000 0.568700
vt 0.265700 0.561700
vt 0.265700 0.569200
vt 0.281300 0.561900
vt 0.281200 0.569500
vt 0.296800 0.561800
vt 0.296700 0.569300
vt 0.312000 0.568800
vt 0.312200 0.561200
vt 0.327500 0.560100
vt 0.327100 0.567800
vt 0.342500 0.558400
vt 0.341700 0.566500
vt 0.356800 0.556200
vt 0.355300 0.564900
vt 0.140600 0.564700
vt 0.156300 0.567300
vt 0.171900 0.569600
vt 0.187500 0.571700
vt 0.203200 0.573500
vt 0.218800 0.574900
vt 0.234400 0.576000
vt 0.250000 0.576800
vt 0.265700 0.577300
vt 0.281200 0.577500
vt 0.296600 0.577400
vt 0.311800 0.577000
vt 0.326800 0.576300
vt 0.341100 0.575300
vt 0.354600 0.574100
vt 0.140600 0.576200
vt 0.156300 0.578000
vt 0.171900 0.579800
vt 0.187500 0.581400
vt 0.203200 0.582800
vt 0.218800 0.583900
vt 0.234400 0.584800
vt 0.250000 0.585400
vt 0.265600 0.585800
vt 0.281200 0.586000
vt 0.296600 0.585900
vt 0.311700 0.585600
vt 0.326600 0.585100
vt 0.340900 0.584400
vt 0.354500 0.583600
vt 0.140600 0.587800
vt 0.156300 0.589100
vt 0.171900 0.590300
vt 0.187500 0.591400
vt 0.203100 0.592400
vt 0.218800 0.593300
vt 0.234400 0.593900
vt 0.250000 0.594400
vt 0.265600 0.594700
vt 0.281200 0.594900
vt 0.296600 0.594800
vt 0.311700 0.594600
vt 0.326600 0.594300
vt 0.340900 0.593800
vt 0.354800 0.593300
vt 0.140600 0.599500
vt 0.156300 0.600300
vt 0.171900 0.601100
vt 0.187500 0.601800
vt 0.203100 0.602400
vt 0.218800 0.602900
vt 0.234400 0.603400
vt 0.250000 0.603700
vt 0.265600 0.603900
vt 0.281200 0.604000
vt 0.296600 0.604000
vt 0.311800 0.603800
vt 0.326600 0.603700
vt 0.341100 0.603400
vt 0.355100 0.603100
vt 0.156300 0.611600
vt 0.140600 0.611300
vt 0.171900 0.612000
vt 0.187500 0.612300
vt 0.203100 0.612600
vt 0.218800 0.612800
vt 0.234400 0.613000
vt 0.250000 0.613100
vt 0.265600 0.613200
vt 0.281200 0.613300
vt 0.296600 0.613300
vt 0.311800 0.613200
vt 0.326700 0.613100
vt 0.341300 0.613100
vt 0.355500 0.613000
vt 0.156300 0.623000
vt 0.140600 0.623100
vt 0.171900 0.622900
vt 0.187500 0.622900
vt 0.203100 0.622800
vt 0.218800 0.622800
vt 0.234400 0.622700
vt 0.250000 0.622700
vt 0.265600 0.622600
vt 0.281200 0.622600
vt 0.296600 0.622600
vt 0.311800 0.622600
vt 0.326800 0.622700
vt 0.341400 0.622800
vt 0.355700 0.622800
vt 0.156300 0.634400
vt 0.140600 0.634900
vt 0.171900 0.633900
vt 0.187500 0.633500
vt 0.203100 0.633100
vt 0.218800 0.632700
vt 0.234400 0.632400
vt 0.250000 0.632200
vt 0.265600 0.632100
vt 0.281200 0.632000
vt 0.296600 0.632000
vt 0.311800 0.632100
vt 0.326800 0.632200
vt 0.341400 0.632400
vt 0.355500 0.632700
vt 0.156300 0.645700
vt 0.140600 0.646700
vt 0.171900 0.644800
vt 0.187500 0.644000
vt 0.203100 0.643300
vt 0.218800 0.642600
vt 0.234400 0.642100
vt 0.250000 0.641700
vt 0.265600 0.641400
vt 0.281200 0.641300
vt 0.296600 0.641300
vt 0.311800 0.641400
vt 0.326700 0.641600
vt 0.341200 0.642000
vt 0.355200 0.642500
vt 0.156300 0.657000
vt 0.140600 0.658400
vt 0.171900 0.655600
vt 0.187500 0.654400
vt 0.203100 0.653300
vt 0.218800 0.652300
vt 0.234400 0.651500
vt 0.250000 0.651000
vt 0.265600 0.650600
vt 0.281200 0.650400
vt 0.296600 0.650400
vt 0.311700 0.650600
vt 0.326600 0.650900
vt 0.341000 0.651500
vt 0.354900 0.652200
vt 0.156300 0.668000
vt 0.140600 0.670000
vt 0.171900 0.666100
vt 0.187500 0.664400
vt 0.203200 0.663000
vt 0.218800 0.661700
vt 0.234400 0.660700
vt 0.250000 0.660000
vt 0.265700 0.659500
vt 0.281200 0.659200
vt 0.296600 0.659200
vt 0.311800 0.659500
vt 0.326600 0.660000
vt 0.341000 0.660700
vt 0.354600 0.661700
vt 0.156300 0.678800
vt 0.140600 0.681500
vt 0.171900 0.676400
vt 0.187500 0.674100
vt 0.203200 0.672300
vt 0.218800 0.670700
vt 0.234400 0.669500
vt 0.250000 0.668600
vt 0.265700 0.668000
vt 0.281200 0.667700
vt 0.296600 0.667800
vt 0.311900 0.668100
vt 0.326800 0.668800
vt 0.341200 0.669700
vt 0.354800 0.670900
vt 0.156300 0.689200
vt 0.140600 0.692700
vt 0.171900 0.686000
vt 0.187500 0.683300
vt 0.203200 0.681000
vt 0.218800 0.679300
vt 0.234400 0.677900
vt 0.250100 0.676800
vt 0.265700 0.676200
vt 0.281200 0.675800
vt 0.296700 0.675900
vt 0.312000 0.676300
vt 0.327100 0.677100
vt 0.341700 0.678300
vt 0.355400 0.679900
vt 0.156300 0.698600
vt 0.140600 0.703800
vt 0.171900 0.694800
vt 0.187600 0.691700
vt 0.203200 0.689200
vt 0.218800 0.687200
vt 0.234400 0.685600
vt 0.250100 0.684500
vt 0.265700 0.683800
vt 0.281300 0.683400
vt 0.296800 0.683400
vt 0.312200 0.683900
vt 0.327500 0.684800
vt 0.342500 0.686300
vt 0.356800 0.688200
vt 0.125000 0.537500
vt 0.125000 0.708800
vt 0.125000 0.696600
vt 0.125000 0.684300
vt 0.125000 0.672100
vt 0.125000 0.659900
vt 0.125000 0.647600
vt 0.125000 0.635400
vt 0.125000 0.623100
vt 0.125000 0.610900
vt 0.125000 0.598700
vt 0.125000 0.586400
vt 0.125000 0.574200
vt 0.125000 0.562000
vt 0.125000 0.549700
s 1
g off
g cabeza.001_Goddard_None
usemtl Goddard_None
f 6/1/1 7/1/1 8/1/1
f 6/1/1 8/1/1 9/1/1
f 6/1/1 9/1/1 10/1/1
f 10/1/2 9/1/2 3/1/2
f 3/1/2 2/1/2 10/1/2
f 8/1/3 7/1/3 5/1/3
f 5/1/3 4/1/3 8/1/3
f 10/1/4 2/1/4 1/1/4
f 1/1/4 6/1/4 10/1/4
f 4/1/5 3/1/5 9/1/5
f 9/1/5 8/1/5 4/1/5
f 5/1/6 7/1/6 6/1/6
f 6/1/6 1/1/6 5/1/6
f 11/2/7 12/3/8 13/4/8
f 13/4/8 14/5/8 11/2/7
f 15/6/9 16/7/9 14/5/9
f 14/5/9 13/4/9 15/6/9
f 16/7/10 15/6/10 17/8/10
f 17/8/10 18/9/10 16/7/10
f 18/9/11 17/8/11 19/10/11
f 19/10/11 20/11/11 18/9/11
f 19/10/12 21/12/12 22/13/12
f 22/13/12 20/11/12 19/10/12
f 22/13/13 21/12/14 23/14/13
f 23/14/13 24/15/15 22/13/13
f 24/15/16 23/14/16 25/16/16
f 25/16/16 26/17/16 24/15/16
f 27/18/17 11/2/17 14/5/17
f 14/5/17 28/19/17 27/18/17
f 28/19/18 14/5/19 16/7/19
f 16/7/19 29/20/19 28/19/18
f 16/7/20 18/9/20 30/21/20
f 30/21/20 29/20/20 16/7/20
f 30/21/21 18/9/21 20/11/21
f 20/11/21 31/22/21 30/21/21
f 31/22/22 20/11/22 22/13/22
f 22/13/22 32/23/22 31/22/22
f 22/13/23 24/15/23 33/24/23
f 33/24/23 32/23/23 22/13/23
f 33/24/24 24/15/25 26/17/25
f 26/17/25 34/25/26 33/24/24
f 27/18/27 28/19/27 35/26/27
f 35/26/27 36/27/27 27/18/27
f 35/26/28 28/19/28 29/20/29
f 29/20/29 37/28/28 35/26/28
f 37/28/30 29/20/30 30/21/30
f 30/21/30 38/29/31 37/28/30
f 31/22/32 39/30/32 38/29/32
f 38/29/32 30/21/32 31/22/32
f 39/30/33 31/22/33 32/23/33
f 32/23/33 40/31/33 39/30/33
f 40/31/34 32/23/34 33/24/35
f 33/24/35 41/32/35 40/31/34
f 33/24/36 34/25/36 42/33/36
f 42/33/36 41/32/36 33/24/36
f 43/34/37 36/27/37 35/26/37
f 35/26/37 44/35/38 43/34/37
f 37/28/39 45/36/40 44/35/40
f 44/35/40 35/26/40 37/28/39
f 45/36/41 37/28/42 38/29/43
f 46/37/44 38/29/45 39/30/46
f 47/38/47 43/34/47 44/35/47
f 44/35/47 48/39/47 47/38/47
f 48/39/48 44/35/49 45/36/50
f 47/38/51 48/39/52 49/40/53
f 49/40/53 50/41/54 47/38/51
f 51/42/55 52/43/56 53/44/56
f 53/44/56 54/45/56 51/42/55
f 55/46/57 56/47/57 53/44/57
f 53/44/57 52/43/57 55/46/57
f 57/48/58 56/47/58 55/46/58
f 55/46/58 58/49/59 57/48/58
f 54/45/60 53/44/60 59/50/60
f 59/50/60 60/51/60 54/45/60
f 53/44/61 56/47/61 61/52/62
f 61/52/62 59/50/61 53/44/61
f 57/48/63 62/53/63 61/52/63
f 61/52/63 56/47/64 57/48/63
f 57/48/65 63/54/65 64/55/65
f 64/55/65 62/53/65 57/48/65
f 59/50/66 65/56/66 66/57/66
f 66/57/66 60/51/66 59/50/66
f 59/50/67 61/52/67 67/58/67
f 67/58/67 65/56/67 59/50/67
f 61/52/68 62/53/69 68/59/69
f 68/59/69 67/58/69 61/52/68
f 62/53/70 64/55/70 69/60/70
f 69/60/70 68/59/70 62/53/70
f 66/57/71 65/56/71 70/61/71
f 70/61/71 71/62/71 66/57/71
f 67/58/72 72/63/73 70/61/73
f 70/61/73 65/56/72 67/58/72
f 67/58/74 68/59/74 73/64/75
f 73/64/75 72/63/75 67/58/74
f 68/59/76 69/60/77 74/65/76
f 74/65/76 73/64/77 68/59/76
f 71/62/78 70/61/79 75/66/79
f 75/66/79 76/67/79 71/62/78
f 70/61/80 72/63/80 77/68/80
f 77/68/80 75/66/80 70/61/80
f 72/63/81 73/64/81 78/69/81
f 78/69/81 77/68/81 72/63/81
f 73/64/82 74/65/82 79/70/82
f 79/70/82 78/69/83 73/64/82
f 76/67/84 75/66/84 80/71/84
f 80/71/84 81/72/84 76/67/84
f 75/66/85 77/68/85 82/73/85
f 82/73/85 80/71/85 75/66/85
f 77/68/86 78/69/86 83/74/86
f 83/74/86 82/73/86 77/68/86
f 79/70/87 84/75/88 83/74/87
f 83/74/87 78/69/87 79/70/87
f 85/76/89 86/77/89 87/78/89
f 87/78/89 88/79/89 85/76/89
f 88/79/90 87/78/90 89/80/90
f 89/80/90 90/81/90 88/79/90
f 91/82/91 92/83/91 90/81/91
f 90/81/91 89/80/91 91/82/91
f 92/83/92 91/82/92 93/84/92
f 93/84/92 94/85/92 92/83/92
f 94/85/93 93/84/93 95/86/93
f 95/86/93 96/87/93 94/85/93
f 95/86/94 97/88/94 98/89/94
f 98/89/94 96/87/94 95/86/94
f 98/89/95 97/88/95 99/90/95
f 99/90/95 100/91/95 98/89/95
f 88/79/96 101/92/96 102/93/96
f 102/93/96 85/76/96 88/79/96
f 101/92/97 88/79/97 90/81/97
f 90/81/97 103/94/97 101/92/97
f 103/94/98 90/81/98 92/83/98
f 92/83/98 104/95/99 103/94/98
f 94/85/100 105/96/100 104/95/100
f 104/95/100 92/83/100 94/85/100
f 105/96/101 94/85/101 96/87/101
f 96/87/101 106/97/101 105/96/101
f 106/97/102 96/87/102 98/89/102
f 98/89/102 107/98/102 106/97/102
f 98/89/103 100/91/103 108/99/103
f 108/99/103 107/98/103 98/89/103
f 109/100/104 102/93/104 101/92/104
f 101/92/104 110/101/104 109/100/104
f 101/92/105 103/94/105 111/102/105
f 111/102/105 110/101/105 101/92/105
f 111/102/106 103/94/107 104/95/107
f 104/95/107 112/103/107 111/102/106
f 112/103/108 104/95/108 105/96/108
f 105/96/108 113/104/108 112/103/108
f 106/97/109 114/105/109 113/104/109
f 113/104/109 105/96/109 106/97/109
f 114/105/110 106/97/110 107/98/110
f 107/98/110 115/106/110 114/105/110
f 115/106/111 107/98/111 108/99/112
f 108/99/112 116/107/111 115/106/111
f 117/108/113 109/100/113 110/101/113
f 110/101/113 118/109/113 117/108/113
f 118/109/114 110/101/114 111/102/114
f 111/102/114 119/110/114 118/109/114
f 112/103/115 120/111/116 119/110/117
f 119/110/117 111/102/116 112/103/115
f 120/111/118 112/103/119 113/104/119
f 113/104/119 121/112/119 120/111/118
f 121/112/120 113/104/120 114/105/120
f 114/105/120 122/113/120 121/112/120
f 115/106/121 123/114/121 122/113/121
f 122/113/121 114/105/121 115/106/121
f 123/114/122 115/106/122 116/107/122
f 116/107/122 124/115/122 123/114/122
f 125/116/123 122/113/124 123/114/125
f 126/117/126 127/118/126 128/119/127
f 128/119/127 129/120/126 126/117/126
f 130/121/128 131/122/129 129/120/130
f 129/120/130 128/119/128 130/121/128
f 131/122/131 130/121/132 132/123/132
f 132/123/132 133/124/132 131/122/131
f 133/124/133 132/123/133 134/125/133
f 134/125/133 135/126/133 133/124/133
f 134/125/134 136/127/134 137/128/134
f 137/128/134 135/126/134 134/125/134
f 137/128/135 136/127/135 138/129/136
f 138/129/136 139/130/137 137/128/135
f 139/130/137 138/129/136 140/131/138
f 140/131/138 141/132/139 139/130/137
f 142/133/140 126/117/140 129/120/140
f 129/120/140 143/134/140 142/133/140
f 143/134/141 129/120/141 131/122/141
f 131/122/141 144/135/141 143/134/141
f 133/124/142 145/136/142 144/135/143
f 144/135/143 131/122/143 133/124/142
f 145/136/144 133/124/144 135/126/144
f 135/126/144 146/137/144 145/136/144
f 146/137/145 135/126/146 137/128/147
f 137/128/148 139/130/149 148/138/149
f 148/138/149 147/139/149 137/128/148
f 149/140/150 150/141/150 142/133/150
f 142/133/150 143/134/150 149/140/150
f 144/135/151 151/142/151 149/140/151
f 149/140/151 143/134/151 144/135/151
f 152/143/152 151/142/152 144/135/152
f 144/135/152 145/136/152 152/143/152
f 145/136/153 146/137/153 153/144/153
f 153/144/153 152/143/153 145/136/153
f 150/141/154 149/140/154 154/145/154
f 154/145/154 155/146/154 150/141/154
f 156/147/155 154/145/155 149/140/155
f 149/140/155 151/142/155 156/147/155
f 157/148/156 156/147/156 151/142/156
f 151/142/156 152/143/156 157/148/156
f 157/148/157 152/143/158 153/144/159
f 154/145/160 159/149/160 160/150/160
f 160/150/160 155/146/160 154/145/160
f 156/147/161 161/151/161 159/149/161
f 159/149/161 154/145/161 156/147/161
f 161/151/162 156/147/162 157/148/162
f 157/148/162 162/152/162 161/151/162
f 162/152/163 157/148/164 158/153/165
f 163/154/166 160/150/166 159/149/166
f 159/149/166 164/155/166 163/154/166
f 161/151/167 165/156/167 164/155/167
f 164/155/167 159/149/167 161/151/167
f 162/152/168 166/157/168 165/156/168
f 165/156/168 161/151/168 162/152/168
f 25/16/169 81/72/170 80/71/169
f 80/71/169 26/17/169 25/16/169
f 26/17/171 80/71/171 82/73/171
f 82/73/171 34/25/171 26/17/171
f 82/73/172 83/74/172 42/33/172
f 42/33/172 34/25/172 82/73/172
f 42/33/173 83/74/174 84/75/175
f 99/90/176 163/154/176 164/155/176
f 164/155/176 100/91/176 99/90/176
f 100/91/177 164/155/177 165/156/177
f 165/156/177 108/99/177 100/91/177
f 165/156/178 166/157/178 116/107/178
f 116/107/178 108/99/178 165/156/178
f 116/107/179 166/157/180 167/158/181
f 50/41/54 49/40/53 141/132/139
f 141/132/139 140/131/138 50/41/54
f 168/159/182 169/160/182 170/161/183
f 170/161/183 12/3/182 168/159/182
f 13/4/184 12/3/184 170/161/184
f 170/161/184 171/162/184 13/4/184
f 15/6/185 13/4/185 171/162/185
f 171/162/185 172/163/185 15/6/185
f 173/164/186 17/8/187 15/6/186
f 15/6/186 172/163/188 173/164/186
f 174/165/189 19/10/189 17/8/189
f 17/8/189 173/164/189 174/165/189
f 175/166/190 21/12/190 19/10/190
f 19/10/190 174/165/190 175/166/190
f 21/12/191 175/166/191 176/167/191
f 176/167/191 23/14/191 21/12/191
f 177/168/192 25/16/193 23/14/194
f 23/14/194 176/167/195 177/168/192
f 178/169/196 168/159/196 12/3/197
f 12/3/197 11/2/196 178/169/196
f 27/18/198 179/170/198 178/169/198
f 178/169/198 11/2/198 27/18/198
f 36/27/199 180/171/199 179/170/199
f 179/170/199 27/18/199 36/27/199
f 43/34/200 181/172/200 180/171/201
f 180/171/201 36/27/200 43/34/200
f 47/38/202 182/173/203 181/172/204
f 181/172/204 43/34/204 47/38/202
f 50/41/205 183/174/206 182/173/203
f 182/173/203 47/38/202 50/41/205
f 140/131/207 184/175/208 183/174/206
f 183/174/206 50/41/205 140/131/207
f 185/176/209 186/177/209 51/42/210
f 51/42/210 187/178/209 185/176/209
f 51/42/211 186/177/211 188/179/211
f 188/179/211 52/43/211 51/42/211
f 188/179/212 189/180/212 55/46/212
f 55/46/212 52/43/212 188/179/212
f 189/180/213 190/181/213 58/49/213
f 58/49/213 55/46/213 189/180/213
f 54/45/214 191/182/214 187/178/214
f 187/178/214 51/42/214 54/45/214
f 54/45/215 60/51/215 192/183/215
f 192/183/215 191/182/215 54/45/215
f 193/184/216 192/183/216 60/51/216
f 60/51/216 66/57/216 193/184/216
f 66/57/217 71/62/218 194/185/217
f 194/185/217 193/184/217 66/57/217
f 194/185/219 71/62/219 76/67/219
f 76/67/219 195/186/219 194/185/219
f 81/72/220 196/187/220 195/186/220
f 195/186/220 76/67/220 81/72/220
f 25/16/221 177/168/221 196/187/221
f 196/187/221 81/72/221 25/16/221
f 197/188/222 86/77/222 198/189/222
f 198/189/222 199/190/223 197/188/222
f 87/78/224 86/77/224 197/188/224
f 197/188/224 200/191/224 87/78/224
f 201/192/225 89/80/225 87/78/225
f 87/78/225 200/191/225 201/192/225
f 202/193/226 91/82/226 89/80/226
f 89/80/226 201/192/226 202/193/226
f 203/194/227 93/84/227 91/82/227
f 91/82/227 202/193/227 203/194/227
f 95/86/228 93/84/228 203/194/228
f 203/194/228 204/195/228 95/86/228
f 97/88/229 95/86/229 204/195/229
f 204/195/229 205/196/229 97/88/229
f 97/88/230 205/196/230 206/197/230
f 206/197/230 99/90/231 97/88/230
f 85/76/232 207/198/233 198/189/233
f 198/189/233 86/77/233 85/76/232
f 207/198/234 85/76/234 102/93/234
f 102/93/234 208/199/234 207/198/234
f 109/100/235 209/200/235 208/199/235
f 208/199/235 102/93/235 109/100/235
f 210/201/236 209/200/237 109/100/237
f 109/100/237 117/108/236 210/201/236
f 211/202/238 127/118/239 212/203/239
f 212/203/239 213/204/239 211/202/238
f 127/118/240 211/202/241 214/205/241
f 214/205/241 128/119/241 127/118/240
f 128/119/242 214/205/242 215/206/242
f 215/206/242 130/121/242 128/119/242
f 130/121/243 215/206/243 216/207/243
f 216/207/243 132/123/243 130/121/243
f 132/123/244 216/207/244 217/208/244
f 217/208/244 134/125/244 132/123/244
f 134/125/245 217/208/245 218/209/246
f 218/209/246 136/127/247 134/125/245
f 136/127/247 218/209/246 219/210/248
f 219/210/248 138/129/249 136/127/247
f 138/129/249 219/210/248 184/175/208
f 184/175/208 140/131/207 138/129/249
f 126/117/250 220/211/250 212/203/250
f 212/203/250 127/118/250 126/117/250
f 142/133/251 221/212/251 220/211/251
f 220/211/251 126/117/251 142/133/251
f 150/141/252 222/213/252 221/212/252
f 221/212/252 142/133/252 150/141/252
f 155/146/253 223/214/253 222/213/253
f 222/213/253 150/141/253 155/146/253
f 160/150/254 224/215/254 223/214/254
f 223/214/254 155/146/254 160/150/254
f 163/154/255 225/216/255 224/215/255
f 224/215/255 160/150/255 163/154/255
f 206/197/256 225/216/256 163/154/256
f 163/154/256 99/90/256 206/197/256
f 226/217/257 227/218/257 228/219/257
f 228/219/257 229/220/257 226/217/257
f 230/221/258 231/222/258 229/220/258
f 229/220/258 228/219/258 230/221/258
f 232/223/259 233/224/260 231/222/261
f 231/222/261 230/221/259 232/223/259
f 229/220/262 234/225/263 235/226/263
f 235/226/263 226/217/262 229/220/262
f 231/222/264 236/227/264 234/225/264
f 234/225/264 229/220/264 231/222/264
f 236/227/265 231/222/261 233/224/260
f 233/224/260 237/228/265 236/227/265
f 234/225/266 238/229/266 239/230/267
f 239/230/267 235/226/266 234/225/266
f 238/229/268 234/225/268 236/227/268
f 236/227/268 240/231/268 238/229/268
f 237/228/269 241/232/270 240/231/271
f 240/231/271 236/227/269 237/228/269
f 242/233/272 239/230/272 238/229/272
f 238/229/272 243/234/272 242/233/272
f 240/231/273 244/235/273 243/234/273
f 243/234/273 238/229/273 240/231/273
f 241/232/270 245/236/274 244/235/274
f 244/235/274 240/231/271 241/232/270
f 243/234/275 246/237/275 247/238/275
f 247/238/275 242/233/275 243/234/275
f 244/235/276 248/239/276 246/237/276
f 246/237/276 243/234/276 244/235/276
f 248/239/277 244/235/278 245/236/278
f 245/236/278 249/240/279 248/239/277
f 246/237/280 250/241/281 251/242/282
f 251/242/282 247/238/283 246/237/280
f 250/241/284 246/237/285 248/239/285
f 248/239/285 252/243/285 250/241/284
f 249/240/279 253/244/286 252/243/286
f 252/243/286 248/239/277 249/240/279
f 254/245/287 251/242/288 250/241/289
f 250/241/289 255/246/290 254/245/287
f 252/243/291 256/247/291 255/246/291
f 255/246/291 250/241/291 252/243/291
f 253/244/292 257/248/293 256/247/294
f 256/247/294 252/243/292 253/244/292
f 255/246/295 258/249/295 259/250/295
f 259/250/295 254/245/295 255/246/295
f 256/247/296 260/251/296 258/249/296
f 258/249/296 255/246/297 256/247/296
f 260/251/298 256/247/294 257/248/293
f 257/248/293 261/252/298 260/251/298
f 258/249/299 262/253/299 263/254/299
f 263/254/299 259/250/299 258/249/299
f 262/253/300 258/249/300 260/251/300
f 260/251/300 264/255/300 262/253/300
f 261/252/301 265/256/301 264/255/301
f 264/255/301 260/251/301 261/252/301
f 266/257/302 263/254/302 262/253/302
f 262/253/302 267/258/302 266/257/302
f 264/255/303 268/259/304 267/258/303
f 267/258/303 262/253/303 264/255/303
f 265/256/305 269/260/305 268/259/305
f 268/259/305 264/255/305 265/256/305
f 267/258/306 270/261/306 271/262/306
f 271/262/306 266/257/306 267/258/306
f 268/259/307 272/263/307 270/261/307
f 270/261/307 267/258/307 268/259/307
f 272/263/308 268/259/309 269/260/310
f 269/260/310 273/264/309 272/263/308
f 270/261/311 274/265/311 275/266/311
f 275/266/311 271/262/311 270/261/311
f 274/265/312 270/261/313 272/263/312
f 272/263/312 276/267/312 274/265/312
f 273/264/314 277/268/314 276/267/314
f 276/267/314 272/263/315 273/264/314
f 278/269/316 275/266/317 274/265/317
f 274/265/317 279/270/317 278/269/316
f 276/267/318 280/271/318 279/270/318
f 279/270/318 274/265/318 276/267/318
f 277/268/319 281/272/319 280/271/319
f 280/271/319 276/267/319 277/268/319
f 279/270/320 282/273/320 283/274/320
f 283/274/320 278/269/320 279/270/320
f 280/271/321 284/275/322 282/273/321
f 282/273/321 279/270/321 280/271/321
f 284/275/323 280/271/324 281/272/323
f 281/272/323 285/276/323 284/275/323
f 286/277/325 287/278/325 288/279/325
f 288/279/325 227/218/325 286/277/325
f 228/219/326 227/218/326 288/279/326
f 288/279/326 289/280/326 228/219/326
f 290/281/327 230/221/327 228/219/327
f 228/219/327 289/280/327 290/281/327
f 291/282/328 232/223/328 230/221/328
f 230/221/328 290/281/328 291/282/328
f 285/276/329 190/283/329 189/284/329
f 189/284/329 284/275/329 285/276/329
f 188/285/330 282/273/330 284/275/330
f 284/275/330 189/284/330 188/285/330
f 188/285/331 186/286/331 283/274/331
f 283/274/331 282/273/331 188/285/331
f 283/274/332 186/286/332 185/287/332
f 185/287/332 292/288/332 283/274/332
f 278/269/333 283/274/333 292/288/333
f 292/288/333 293/289/333 278/269/333
f 293/289/334 294/290/334 275/266/334
f 275/266/334 278/269/334 293/289/334
f 294/290/335 295/291/335 271/262/335
f 271/262/335 275/266/335 294/290/335
f 271/262/336 295/291/336 296/292/336
f 296/292/336 266/257/336 271/262/336
f 266/257/337 296/292/337 297/293/337
f 297/293/337 263/254/337 266/257/337
f 298/294/338 259/250/339 263/254/339
f 263/254/339 297/293/339 298/294/338
f 259/250/340 298/294/340 299/295/340
f 299/295/340 254/245/340 259/250/340
f 254/245/341 299/295/342 300/296/343
f 300/296/343 251/242/344 254/245/341
f 301/297/345 247/238/345 251/242/346
f 251/242/346 300/296/345 301/297/345
f 302/298/347 242/233/348 247/238/349
f 247/238/349 301/297/349 302/298/347
f 303/299/350 239/230/351 242/233/352
f 242/233/352 302/298/353 303/299/350
f 304/300/354 235/226/354 239/230/354
f 239/230/354 303/299/355 304/300/354
f 305/301/356 226/217/357 235/226/358
f 235/226/358 304/300/357 305/301/356
f 226/217/359 305/301/359 286/277/359
f 286/277/359 227/218/359 226/217/359
f 306/302/360 307/303/360 308/304/360
f 308/304/360 309/305/360 306/302/360
f 308/304/361 310/306/361 311/307/361
f 311/307/361 309/305/361 308/304/361
f 310/306/362 312/308/362 313/309/362
f 313/309/362 311/307/362 310/306/362
f 313/309/363 312/308/363 314/310/363
f 314/310/363 315/311/364 313/309/363
f 306/302/365 309/305/365 316/312/365
f 316/312/365 317/313/365 306/302/365
f 309/305/366 311/307/366 318/314/366
f 318/314/366 316/312/366 309/305/366
f 311/307/367 313/309/367 319/315/367
f 319/315/367 318/314/367 311/307/367
f 313/309/368 315/311/368 320/316/368
f 320/316/368 319/315/368 313/309/368
f 317/313/369 316/312/369 321/317/369
f 321/317/369 322/318/369 317/313/369
f 316/312/370 318/314/370 323/319/370
f 323/319/370 321/317/370 316/312/370
f 318/314/371 319/315/372 324/320/373
f 324/320/373 323/319/371 318/314/371
f 319/315/372 320/316/374 325/321/374
f 325/321/374 324/320/373 319/315/372
f 322/318/375 321/317/375 326/322/375
f 326/322/375 327/323/375 322/318/375
f 321/317/376 323/319/376 328/324/376
f 328/324/376 326/322/376 321/317/376
f 323/319/377 324/320/378 329/325/379
f 329/325/379 328/324/377 323/319/377
f 324/320/378 325/321/380 330/326/380
f 330/326/380 329/325/379 324/320/378
f 327/323/381 326/322/381 331/327/381
f 331/327/381 332/328/381 327/323/381
f 326/322/382 328/324/382 333/329/382
f 333/329/382 331/327/382 326/322/382
f 328/324/383 329/325/383 334/330/383
f 334/330/383 333/329/383 328/324/383
f 329/325/384 330/326/385 335/331/386
f 335/331/386 334/330/386 329/325/384
f 332/328/387 331/327/388 336/332/388
f 336/332/388 337/333/388 332/328/387
f 331/327/389 333/329/389 338/334/389
f 338/334/389 336/332/389 331/327/389
f 333/329/390 334/330/390 339/335/390
f 339/335/390 338/334/390 333/329/390
f 335/331/391 340/336/392 339/335/393
f 339/335/393 334/330/394 335/331/391
f 337/333/395 336/332/395 341/337/396
f 341/337/396 342/338/397 337/333/395
f 336/332/398 338/334/398 343/339/398
f 343/339/398 341/337/398 336/332/398
f 338/334/399 339/335/399 344/340/400
f 344/340/400 343/339/400 338/334/399
f 339/335/401 340/336/402 345/341/402
f 345/341/402 344/340/402 339/335/401
f 342/338/403 341/337/404 346/342/405
f 346/342/405 347/343/406 342/338/403
f 341/337/407 343/339/407 348/344/408
f 348/344/408 346/342/407 341/337/407
f 344/340/409 349/345/410 348/344/411
f 348/344/411 343/339/409 344/340/409
f 344/340/412 345/341/412 350/346/413
f 350/346/413 349/345/412 344/340/412
f 347/343/414 346/342/415 351/347/416
f 351/347/416 352/348/417 347/343/414
f 346/342/418 348/344/418 353/349/418
f 353/349/418 351/347/418 346/342/418
f 348/344/419 349/345/420 354/350/421
f 354/350/421 353/349/422 348/344/419
f 350/346/423 355/351/424 354/350/424
f 354/350/424 349/345/424 350/346/423
f 352/348/425 351/347/425 356/352/426
f 356/352/426 357/353/425 352/348/425
f 353/349/427 358/354/427 356/352/427
f 356/352/427 351/347/427 353/349/427
f 353/349/428 354/350/428 359/355/428
f 359/355/428 358/354/429 353/349/428
f 354/350/430 355/351/431 360/356/430
f 360/356/430 359/355/430 354/350/430
f 357/353/432 356/352/432 361/357/433
f 361/357/433 362/358/432 357/353/432
f 356/352/434 358/354/434 363/359/434
f 363/359/434 361/357/434 356/352/434
f 359/355/435 364/360/435 363/359/435
f 363/359/435 358/354/435 359/355/435
f 359/355/436 360/356/437 365/361/437
f 365/361/437 364/360/437 359/355/436
f 362/358/438 361/357/438 366/362/438
f 366/362/438 367/363/439 362/358/438
f 361/357/440 363/359/440 368/364/440
f 368/364/440 366/362/440 361/357/440
f 363/359/441 364/360/441 369/365/441
f 369/365/441 368/364/441 363/359/441
f 364/360/442 365/361/442 370/366/443
f 370/366/443 369/365/444 364/360/442
f 367/363/445 366/362/445 371/367/445
f 371/367/445 372/368/445 367/363/445
f 368/364/446 373/369/446 371/367/446
f 371/367/446 366/362/446 368/364/446
f 368/364/447 369/365/447 374/370/447
f 374/370/447 373/369/447 368/364/447
f 369/365/444 370/366/443 375/371/448
f 375/371/448 374/370/448 369/365/444
f 372/368/449 371/367/449 376/372/449
f 376/372/449 377/373/449 372/368/449
f 371/367/450 373/369/450 378/374/450
f 378/374/450 376/372/450 371/367/450
f 373/369/451 374/370/452 379/375/451
f 379/375/451 378/374/451 373/369/451
f 374/370/453 375/371/454 380/376/453
f 380/376/453 379/375/455 374/370/453
f 199/190/456 198/189/456 307/303/456
f 307/303/456 381/377/456 199/190/456
f 207/198/457 308/304/457 307/303/457
f 307/303/457 198/189/457 207/198/457
f 208/199/458 310/306/458 308/304/458
f 308/304/458 207/198/458 208/199/458
f 209/200/459 312/308/459 310/306/459
f 310/306/459 208/199/459 209/200/459
f 210/201/460 314/310/460 312/308/460
f 312/308/460 209/200/460 210/201/460
f 378/374/461 379/375/462 382/378/461
f 382/378/461 383/379/461 378/374/461
f 378/374/463 383/379/463 384/380/463
f 384/380/463 376/372/463 378/374/463
f 385/381/464 377/373/464 376/372/464
f 376/372/464 384/380/464 385/381/464
f 385/381/465 386/382/465 387/383/465
f 387/383/465 377/373/465 385/381/465
f 377/373/466 387/383/466 388/384/466
f 388/384/466 372/368/466 377/373/466
f 389/385/467 367/363/467 372/368/467
f 372/368/467 388/384/467 389/385/467
f 367/363/468 389/385/469 390/386/470
f 390/386/470 362/358/468 367/363/468
f 362/358/471 390/386/472 391/387/473
f 391/387/473 357/353/474 362/358/471
f 392/388/475 352/348/475 357/353/476
f 357/353/476 391/387/477 392/388/475
f 352/348/478 392/388/479 393/389/480
f 393/389/480 347/343/481 352/348/478
f 347/343/482 393/389/483 394/390/484
f 394/390/484 342/338/484 347/343/482
f 395/391/485 337/333/485 342/338/485
f 342/338/485 394/390/485 395/391/485
f 337/333/486 395/391/487 396/392/486
f 396/392/486 332/328/488 337/333/486
f 332/328/489 396/392/490 397/393/491
f 397/393/491 327/323/491 332/328/489
f 398/394/492 322/318/492 327/323/493
f 327/323/493 397/393/493 398/394/492
f 322/318/494 398/394/494 399/395/494
f 399/395/494 317/313/494 322/318/494
f 317/313/495 399/395/495 400/396/495
f 400/396/495 306/302/495 317/313/495
f 306/302/496 400/396/496 381/377/496
f 381/377/496 307/303/496 306/302/496
f 401/397/497 402/398/497 403/399/497
f 403/399/497 404/400/497 401/397/497
f 401/397/498 405/401/498 406/402/498
f 406/402/498 402/398/498 401/397/498
f 405/401/499 407/403/499 408/404/499
f 408/404/499 406/402/500 405/401/499
f 409/405/501 410/406/501 408/404/501
f 408/404/501 407/403/501 409/405/501
f 409/405/502 411/407/503 412/408/504
f 412/408/504 410/406/502 409/405/502
f 411/407/505 413/409/506 414/410/507
f 414/410/507 412/408/508 411/407/505
f 413/409/509 415/411/510 416/412/510
f 416/412/510 414/410/510 413/409/509
f 415/411/511 417/413/511 418/414/511
f 418/414/511 416/412/512 415/411/511
f 417/413/513 419/415/514 420/416/514
f 420/416/514 418/414/515 417/413/513
f 421/417/516 422/418/516 420/416/516
f 420/416/516 419/415/516 421/417/516
f 421/417/517 423/419/517 424/420/517
f 424/420/517 422/418/517 421/417/517
f 425/421/518 426/422/518 424/420/518
f 424/420/518 423/419/518 425/421/518
f 425/421/519 427/423/519 428/424/520
f 428/424/520 426/422/519 425/421/519
f 427/423/521 429/425/521 430/426/521
f 430/426/521 428/424/521 427/423/521
f 403/399/522 402/398/522 431/427/522
f 431/427/522 432/428/522 403/399/522
f 402/398/523 406/402/523 433/429/523
f 433/429/523 431/427/523 402/398/523
f 406/402/524 408/404/524 434/430/524
f 434/430/524 433/429/524 406/402/524
f 408/404/525 410/406/525 435/431/525
f 435/431/525 434/430/525 408/404/525
f 410/406/526 412/408/527 436/432/527
f 436/432/527 435/431/527 410/406/526
f 412/408/528 414/410/528 437/433/528
f 437/433/528 436/432/528 412/408/528
f 414/410/529 416/412/530 438/434/531
f 438/434/531 437/433/532 414/410/529
f 416/412/533 418/414/534 439/435/535
f 439/435/535 438/434/533 416/412/533
f 418/414/536 420/416/536 440/436/536
f 440/436/536 439/435/536 418/414/536
f 420/416/537 422/418/537 441/437/537
f 441/437/537 440/436/537 420/416/537
f 422/418/538 424/420/538 442/438/538
f 442/438/538 441/437/538 422/418/538
f 426/422/539 443/439/539 442/438/539
f 442/438/539 424/420/539 426/422/539
f 428/424/540 444/440/540 443/439/540
f 443/439/540 426/422/540 428/424/540
f 428/424/541 430/426/541 445/441/541
f 445/441/541 444/440/541 428/424/541
f 431/427/542 446/442/542 447/443/542
f 447/443/542 432/428/542 431/427/542
f 431/427/543 433/429/543 448/444/543
f 448/444/543 446/442/543 431/427/543
f 434/430/544 449/445/544 448/444/544
f 448/444/544 433/429/544 434/430/544
f 435/431/545 450/446/545 449/445/545
f 449/445/545 434/430/545 435/431/545
f 435/431/546 436/432/546 451/447/546
f 451/447/546 450/446/546 435/431/546
f 436/432/547 437/433/547 452/448/548
f 452/448/548 451/447/549 436/432/547
f 438/434/550 453/449/550 452/448/551
f 452/448/551 437/433/552 438/434/550
f 438/434/553 439/435/553 454/450/553
f 454/450/553 453/449/553 438/434/553
f 440/436/554 455/451/555 454/450/554
f 454/450/554 439/435/556 440/436/554
f 441/437/557 456/452/557 455/451/557
f 455/451/557 440/436/557 441/437/557
f 441/437/558 442/438/558 457/453/558
f 457/453/558 456/452/558 441/437/558
f 443/439/559 458/454/559 457/453/559
f 457/453/559 442/438/560 443/439/559
f 444/440/561 459/455/561 458/454/561
f 458/454/561 443/439/561 444/440/561
f 444/440/562 445/441/562 460/456/562
f 460/456/562 459/455/562 444/440/562
f 446/442/563 461/457/563 462/458/563
f 462/458/563 447/443/563 446/442/563
f 446/442/564 448/444/564 463/459/564
f 463/459/564 461/457/564 446/442/564
f 448/444/565 449/445/565 464/460/566
f 464/460/566 463/459/566 448/444/565
f 450/446/567 465/461/568 464/460/567
f 464/460/567 449/445/567 450/446/567
f 450/446/569 451/447/570 466/462/569
f 466/462/569 465/461/569 450/446/569
f 452/448/571 467/463/572 466/462/573
f 466/462/573 451/447/571 452/448/571
f 453/449/574 468/464/575 467/463/574
f 467/463/574 452/448/576 453/449/574
f 453/449/577 454/450/578 469/465/579
f 469/465/579 468/464/580 453/449/577
f 454/450/581 455/451/581 470/466/582
f 470/466/582 469/465/581 454/450/581
f 456/452/583 471/467/583 470/466/583
f 470/466/583 455/451/583 456/452/583
f 456/452/584 457/453/584 472/468/584
f 472/468/584 471/467/584 456/452/584
f 458/454/585 473/469/585 472/468/585
f 472/468/585 457/453/586 458/454/585
f 459/455/587 474/470/587 473/469/587
f 473/469/587 458/454/587 459/455/587
f 459/455/588 460/456/588 475/471/589
f 475/471/589 474/470/589 459/455/588
f 461/457/590 476/472/590 477/473/590
f 477/473/590 462/458/590 461/457/590
f 461/457/591 463/459/591 478/474/591
f 478/474/591 476/472/592 461/457/591
f 463/459/593 464/460/593 479/475/594
f 479/475/594 478/474/593 463/459/593
f 465/461/595 480/476/595 479/475/595
f 479/475/595 464/460/595 465/461/595
f 465/461/596 466/462/596 481/477/597
f 481/477/597 480/476/598 465/461/596
f 466/462/599 467/463/599 482/478/599
f 482/478/599 481/477/599 466/462/599
f 468/464/600 483/479/601 482/478/600
f 482/478/600 467/463/600 468/464/600
f 468/464/602 469/465/603 484/480/602
f 484/480/602 483/479/603 468/464/602
f 470/466/604 485/481/604 484/480/604
f 484/480/604 469/465/604 470/466/604
f 471/467/605 486/482/605 485/481/605
f 485/481/605 470/466/605 471/467/605
f 471/467/606 472/468/606 487/483/607
f 487/483/607 486/482/606 471/467/606
f 473/469/608 488/484/608 487/483/608
f 487/483/608 472/468/608 473/469/608
f 474/470/609 489/485/609 488/484/609
f 488/484/609 473/469/609 474/470/609
f 474/470/610 475/471/610 490/486/610
f 490/486/610 489/485/610 474/470/610
f 476/472/611 491/487/611 492/488/611
f 492/488/611 477/473/611 476/472/611
f 476/472/612 478/474/613 493/489/613
f 493/489/613 491/487/612 476/472/612
f 478/474/614 479/475/614 494/490/614
f 494/490/614 493/489/614 478/474/614
f 480/476/615 495/491/615 494/490/616
f 494/490/616 479/475/616 480/476/615
f 480/476/617 481/477/617 496/492/618
f 496/492/618 495/491/619 480/476/617
f 482/478/620 497/493/621 496/492/622
f 496/492/622 481/477/621 482/478/620
f 483/479/623 498/494/623 497/493/623
f 497/493/623 482/478/623 483/479/623
f 483/479/624 484/480/624 499/495/624
f 499/495/624 498/494/625 483/479/624
f 485/481/626 500/496/626 499/495/627
f 499/495/627 484/480/626 485/481/626
f 486/482/628 501/497/629 500/496/628
f 500/496/628 485/481/630 486/482/628
f 486/482/631 487/483/631 502/498/631
f 502/498/631 501/497/631 486/482/631
f 487/483/632 488/484/632 503/499/632
f 503/499/632 502/498/632 487/483/632
f 489/485/633 504/500/634 503/499/633
f 503/499/633 488/484/633 489/485/633
f 489/485/635 490/486/635 505/501/635
f 505/501/635 504/500/636 489/485/635
f 491/487/637 506/502/637 507/503/637
f 507/503/637 492/488/637 491/487/637
f 491/487/638 493/489/638 508/504/638
f 508/504/638 506/502/639 491/487/638
f 494/490/640 509/505/641 508/504/642
f 508/504/642 493/489/643 494/490/640
f 495/491/644 510/506/644 509/505/644
f 509/505/644 494/490/644 495/491/644
f 495/491/645 496/492/645 511/507/646
f 511/507/646 510/506/646 495/491/645
f 497/493/647 512/508/648 511/507/649
f 511/507/649 496/492/647 497/493/647
f 498/494/650 513/509/650 512/508/650
f 512/508/650 497/493/650 498/494/650
f 498/494/651 499/495/652 514/510/653
f 514/510/653 513/509/651 498/494/651
f 499/495/654 500/496/654 515/511/654
f 515/511/654 514/510/654 499/495/654
f 501/497/655 516/512/656 515/511/656
f 515/511/656 500/496/656 501/497/655
f 501/497/657 502/498/657 517/513/657
f 517/513/657 516/512/657 501/497/657
f 502/498/658 503/499/658 518/514/658
f 518/514/658 517/513/658 502/498/658
f 504/500/659 519/515/660 518/514/659
f 518/514/659 503/499/659 504/500/659
f 504/500/661 505/501/661 520/516/661
f 520/516/661 519/515/661 504/500/661
f 506/502/662 521/517/662 522/518/662
f 522/518/662 507/503/662 506/502/662
f 506/502/663 508/504/663 523/519/664
f 523/519/664 521/517/663 506/502/663
f 508/504/665 509/505/665 524/520/666
f 524/520/666 523/519/665 508/504/665
f 525/521/667 524/520/667 509/505/667
f 509/505/667 510/506/667 525/521/667
f 526/522/668 525/521/669 510/506/668
f 510/506/668 511/507/668 526/522/668
f 526/522/670 511/507/670 512/508/670
f 512/508/670 527/523/670 526/522/670
f 512/508/671 513/509/671 528/524/671
f 528/524/671 527/523/671 512/508/671
f 513/509/672 514/510/673 529/525/673
f 529/525/673 528/524/674 513/509/672
f 514/510/675 515/511/675 530/526/675
f 530/526/675 529/525/675 514/510/675
f 531/527/676 530/526/676 515/511/676
f 515/511/676 516/512/676 531/527/676
f 532/528/677 531/527/678 516/512/678
f 516/512/678 517/513/677 532/528/677
f 518/514/679 533/529/680 532/528/681
f 532/528/681 517/513/682 518/514/679
f 534/530/683 533/529/683 518/514/684
f 518/514/684 519/515/685 534/530/683
f 535/531/686 534/530/686 519/515/687
f 519/515/687 520/516/688 535/531/686
f 536/532/689 537/533/689 522/518/689
f 522/518/689 521/517/689 536/532/689
f 538/534/690 536/532/690 521/517/690
f 521/517/690 523/519/690 538/534/690
f 524/520/691 539/535/692 538/534/693
f 538/534/693 523/519/691 524/520/691
f 539/535/694 524/520/694 525/521/695
f 525/521/695 540/536/695 539/535/694
f 540/536/696 525/521/696 526/522/696
f 526/522/696 541/537/696 540/536/696
f 541/537/697 526/522/698 527/523/699
f 527/523/699 542/538/700 541/537/697
f 543/539/701 542/538/702 527/523/703
f 527/523/703 528/524/701 543/539/701
f 544/540/704 543/539/705 528/524/705
f 528/524/705 529/525/705 544/540/704
f 530/526/706 545/541/707 544/540/708
f 544/540/708 529/525/709 530/526/706
f 545/541/710 530/526/710 531/527/710
f 531/527/710 546/542/710 545/541/710
f 546/542/711 531/527/712 532/528/713
f 532/528/713 547/543/711 546/542/711
f 533/529/714 548/544/714 547/543/714
f 547/543/714 532/528/714 533/529/714
f 548/544/715 533/529/715 534/530/715
f 534/530/715 549/545/715 548/544/715
f 549/545/716 534/530/716 535/531/716
f 535/531/716 550/546/716 549/545/716
f 551/547/717 537/533/717 536/532/717
f 536/532/717 552/548/717 551/547/717
f 552/548/718 536/532/718 538/534/718
f 538/534/718 553/549/718 552/548/718
f 539/535/719 554/550/719 553/549/719
f 553/549/719 538/534/719 539/535/719
f 554/550/720 539/535/720 540/536/720
f 540/536/720 555/551/720 554/550/720
f 555/551/721 540/536/721 541/537/721
f 541/537/721 556/552/721 555/551/721
f 542/538/722 557/553/722 556/552/722
f 556/552/722 541/537/722 542/538/722
f 557/553/723 542/538/723 543/539/724
f 543/539/724 558/554/725 557/553/723
f 558/554/726 543/539/727 544/540/728
f 544/540/728 559/555/727 558/554/726
f 545/541/729 560/556/729 559/555/729
f 559/555/729 544/540/729 545/541/729
f 560/556/730 545/541/731 546/542/730
f 546/542/730 561/557/732 560/556/730
f 561/557/733 546/542/733 547/543/733
f 547/543/733 562/558/733 561/557/733
f 548/544/734 563/559/734 562/558/734
f 562/558/734 547/543/734 548/544/734
f 563/559/735 548/544/735 549/545/735
f 549/545/735 564/560/735 563/559/735
f 564/560/736 549/545/736 550/546/736
f 550/546/736 565/561/736 564/560/736
f 566/562/737 551/547/737 552/548/737
f 552/548/737 567/563/737 566/562/737
f 567/563/738 552/548/738 553/549/739
f 553/549/739 568/564/738 567/563/738
f 554/550/740 569/565/740 568/564/740
f 568/564/740 553/549/740 554/550/740
f 569/565/741 554/550/741 555/551/741
f 555/551/741 570/566/741 569/565/741
f 570/566/742 555/551/742 556/552/742
f 556/552/742 571/567/742 570/566/742
f 557/553/743 572/568/743 571/567/743
f 571/567/743 556/552/743 557/553/743
f 572/568/744 557/553/744 558/554/745
f 558/554/745 573/569/746 572/568/744
f 573/569/747 558/554/747 559/555/748
f 559/555/748 574/570/748 573/569/747
f 560/556/749 575/571/749 574/570/750
f 574/570/750 559/555/751 560/556/749
f 575/571/752 560/556/752 561/557/752
f 561/557/752 576/572/752 575/571/752
f 576/572/753 561/557/753 562/558/753
f 562/558/753 577/573/753 576/572/753
f 563/559/754 578/574/754 577/573/754
f 577/573/754 562/558/754 563/559/754
f 578/574/755 563/559/755 564/560/755
f 564/560/755 579/575/755 578/574/755
f 579/575/756 564/560/756 565/561/756
f 565/561/756 580/576/756 579/575/756
f 581/577/757 566/562/757 567/563/757
f 567/563/757 582/578/757 581/577/757
f 582/578/758 567/563/758 568/564/758
f 568/564/758 583/579/758 582/578/758
f 569/565/759 584/580/759 583/579/759
f 583/579/759 568/564/759 569/565/759
f 584/580/760 569/565/760 570/566/760
f 570/566/760 585/581/760 584/580/760
f 585/581/761 570/566/761 571/567/761
f 571/567/761 586/582/761 585/581/761
f 572/568/762 587/583/762 586/582/762
f 586/582/762 571/567/762 572/568/762
f 587/583/763 572/568/763 573/569/764
f 573/569/764 588/584/763 587/583/763
f 588/584/765 573/569/766 574/570/766
f 574/570/766 589/585/766 588/584/765
f 575/571/767 590/586/767 589/585/768
f 589/585/768 574/570/768 575/571/767
f 590/586/769 575/571/769 576/572/769
f 576/572/769 591/587/769 590/586/769
f 591/587/770 576/572/770 577/573/770
f 577/573/770 592/588/770 591/587/770
f 578/574/771 593/589/771 592/588/771
f 592/588/771 577/573/771 578/574/771
f 593/589/772 578/574/772 579/575/772
f 579/575/772 594/590/772 593/589/772
f 594/590/773 579/575/773 580/576/773
f 580/576/773 595/591/773 594/590/773
f 596/592/774 581/577/774 582/578/774
f 582/578/774 597/593/774 596/592/774
f 597/593/775 582/578/775 583/579/775
f 583/579/775 598/594/775 597/593/775
f 584/580/776 599/595/776 598/594/776
f 598/594/776 583/579/776 584/580/776
f 599/595/777 584/580/777 585/581/777
f 585/581/777 600/596/777 599/595/777
f 600/596/778 585/581/778 586/582/778
f 586/582/778 601/597/779 600/596/778
f 587/583/780 602/598/780 601/597/780
f 601/597/780 586/582/780 587/583/780
f 602/598/781 587/583/782 588/584/781
f 588/584/781 603/599/781 602/598/781
f 603/599/783 588/584/783 589/585/783
f 589/585/783 604/600/783 603/599/783
f 590/586/784 605/601/784 604/600/785
f 604/600/785 589/585/785 590/586/784
f 605/601/786 590/586/786 591/587/786
f 591/587/786 606/602/786 605/601/786
f 606/602/787 591/587/787 592/588/787
f 592/588/787 607/603/787 606/602/787
f 593/589/788 608/604/788 607/603/788
f 607/603/788 592/588/788 593/589/788
f 608/604/789 593/589/789 594/590/789
f 594/590/789 609/605/789 608/604/789
f 609/605/790 594/590/791 595/591/790
f 595/591/790 610/606/790 609/605/790
f 611/607/792 596/592/792 597/593/792
f 597/593/792 612/608/792 611/607/792
f 612/608/793 597/593/793 598/594/793
f 598/594/793 613/609/793 612/608/793
f 599/595/794 614/610/794 613/609/794
f 613/609/794 598/594/794 599/595/794
f 614/610/795 599/595/795 600/596/795
f 600/596/795 615/611/795 614/610/795
f 615/611/796 600/596/796 601/597/796
f 601/597/796 616/612/796 615/611/796
f 602/598/797 617/613/797 616/612/797
f 616/612/797 601/597/797 602/598/797
f 617/613/798 602/598/799 603/599/800
f 603/599/800 618/614/801 617/613/798
f 618/614/802 603/599/803 604/600/804
f 604/600/804 619/615/802 618/614/802
f 605/601/805 620/616/805 619/615/805
f 619/615/805 604/600/806 605/601/805
f 621/617/807 620/616/808 605/601/807
f 605/601/807 606/602/808 621/617/807
f 622/618/809 621/617/809 606/602/809
f 606/602/809 607/603/809 622/618/809
f 607/603/810 608/604/810 623/619/810
f 623/619/810 622/618/810 607/603/810
f 623/619/811 608/604/811 609/605/811
f 609/605/811 624/620/811 623/619/811
f 624/620/812 609/605/813 610/606/812
f 610/606/812 625/621/812 624/620/812
f 169/622/814 626/623/814 404/400/814
f 404/400/814 170/624/814 169/622/814
f 404/400/815 626/623/815 627/625/815
f 627/625/815 401/397/815 404/400/815
f 401/397/816 627/625/817 628/626/818
f 628/626/818 405/401/819 401/397/816
f 628/626/820 629/627/821 407/403/822
f 407/403/822 405/401/823 628/626/820
f 407/403/824 629/627/825 630/628/826
f 630/628/826 409/405/827 407/403/824
f 409/405/828 630/628/829 631/629/829
f 631/629/829 411/407/830 409/405/828
f 632/630/831 413/409/832 411/407/832
f 411/407/832 631/629/833 632/630/831
f 413/409/834 632/630/835 633/631/836
f 633/631/836 415/411/834 413/409/834
f 633/631/837 634/632/838 417/413/839
f 417/413/839 415/411/837 633/631/837
f 417/413/840 634/632/840 635/633/841
f 635/633/841 419/415/842 417/413/840
f 636/634/843 421/417/844 419/415/844
f 419/415/844 635/633/844 636/634/843
f 637/635/845 423/419/845 421/417/845
f 421/417/845 636/634/845 637/635/845
f 423/419/846 637/635/847 638/636/848
f 638/636/848 425/421/849 423/419/846
f 639/637/850 427/423/850 425/421/850
f 425/421/850 638/636/850 639/637/850
f 640/638/851 429/425/851 427/423/851
f 427/423/851 639/637/851 640/638/851
f 641/639/852 429/425/852 640/638/852
f 640/638/852 642/640/852 641/639/852
f 430/426/853 429/425/853 641/639/853
f 641/639/853 643/641/853 430/426/853
f 644/642/854 445/441/855 430/426/854
f 430/426/854 643/641/854 644/642/854
f 645/643/856 460/456/856 445/441/856
f 445/441/856 644/642/856 645/643/856
f 460/456/857 645/643/857 646/644/857
f 646/644/857 475/471/857 460/456/857
f 475/471/858 646/644/858 647/645/858
f 647/645/858 490/486/858 475/471/858
f 490/486/859 647/645/859 648/646/859
f 648/646/859 505/501/859 490/486/859
f 505/501/860 648/646/860 649/647/860
f 649/647/860 520/516/860 505/501/860
f 520/516/861 649/647/862 650/648/862
f 650/648/862 535/531/862 520/516/861
f 550/546/863 535/531/863 650/648/863
f 650/648/863 651/649/864 550/546/863
f 652/650/865 565/561/865 550/546/865
f 550/546/865 651/649/865 652/650/865
f 565/561/866 652/650/866 653/651/866
f 653/651/866 580/576/866 565/561/866
f 580/576/867 653/651/867 654/652/867
f 654/652/867 595/591/867 580/576/867
f 595/591/868 654/652/868 655/653/868
f 655/653/868 610/606/868 595/591/868
f 656/654/869 625/621/869 610/606/869
f 610/606/869 655/653/869 656/654/869
f 656/654/870 287/655/870 286/656/870
f 286/656/870 625/621/870 656/654/870
f 305/657/871 624/620/871 625/621/871
f 625/621/871 286/656/871 305/657/871
f 304/658/872 623/619/872 624/620/872
f 624/620/872 305/657/872 304/658/872
f 623/619/873 304/658/873 303/659/873
f 303/659/873 622/618/873 623/619/873
f 302/660/874 621/617/874 622/618/874
f 622/618/874 303/659/874 302/660/874
f 301/661/875 620/616/875 621/617/875
f 621/617/875 302/660/875 301/661/875
f 620/616/876 301/661/877 300/662/878
f 300/662/878 619/615/878 620/616/876
f 299/663/879 618/614/880 619/615/881
f 619/615/881 300/662/881 299/663/879
f 298/664/882 617/613/883 618/614/883
f 618/614/883 299/663/883 298/664/882
f 298/664/884 297/665/885 616/612/886
f 616/612/886 617/613/884 298/664/884
f 296/666/887 615/611/888 616/612/889
f 616/612/889 297/665/890 296/666/887
f 295/667/891 614/610/891 615/611/892
f 615/611/892 296/666/892 295/667/891
f 295/667/893 294/668/894 613/609/893
f 613/609/893 614/610/893 295/667/893
f 293/669/895 612/608/895 613/609/895
f 613/609/895 294/668/895 293/669/895
f 292/670/896 611/607/896 612/608/896
f 612/608/896 293/669/896 292/670/896
f 611/607/897 292/670/897 185/671/897
f 185/671/897 187/672/897 611/607/897
f 611/607/898 187/672/898 191/673/898
f 191/673/898 596/592/898 611/607/898
f 596/592/899 191/673/899 192/674/899
f 192/674/899 581/577/899 596/592/899
f 192/674/900 193/675/900 566/562/900
f 566/562/900 581/577/900 192/674/900
f 193/675/901 194/676/901 551/547/901
f 551/547/901 566/562/901 193/675/901
f 551/547/902 194/676/902 195/677/902
f 195/677/902 537/533/902 551/547/902
f 537/533/903 195/677/903 196/678/903
f 196/678/903 522/518/903 537/533/903
f 522/518/904 196/678/904 177/679/904
f 177/679/904 507/503/904 522/518/904
f 507/503/905 177/679/906 176/680/906
f 176/680/906 492/488/906 507/503/905
f 176/680/907 175/681/907 477/473/907
f 477/473/907 492/488/907 176/680/907
f 175/681/908 174/682/908 462/458/908
f 462/458/908 477/473/908 175/681/908
f 462/458/909 174/682/909 173/683/909
f 173/683/909 447/443/909 462/458/909
f 447/443/910 173/683/910 172/684/910
f 172/684/910 432/428/910 447/443/910
f 432/428/911 172/684/911 171/685/911
f 171/685/911 403/399/911 432/428/911
f 171/685/912 170/624/912 404/400/912
f 404/400/912 403/399/912 171/685/912
f 657/686/913 658/687/914 659/688/914
f 659/688/914 660/689/914 657/686/913
f 661/690/915 662/691/915 660/689/915
f 660/689/915 659/688/915 661/690/915
f 662/691/916 661/690/916 663/692/916
f 663/692/916 664/693/916 662/691/916
f 665/694/917 666/695/917 664/693/917
f 664/693/917 663/692/917 665/694/917
f 666/695/918 665/694/918 667/696/918
f 667/696/918 668/697/919 666/695/918
f 669/698/920 668/697/920 667/696/920
f 667/696/920 670/699/920 669/698/920
f 670/699/921 671/700/921 672/701/922
f 672/701/922 669/698/921 670/699/921
f 673/702/923 674/703/923 657/686/924
f 657/686/924 660/689/923 673/702/923
f 673/702/925 660/689/925 662/691/925
f 662/691/925 675/704/925 673/702/925
f 675/704/926 662/691/926 664/693/926
f 664/693/926 676/705/926 675/704/926
f 664/693/927 666/695/927 677/706/927
f 677/706/927 676/705/927 664/693/927
f 666/695/928 668/697/928 678/707/928
f 678/707/928 677/706/929 666/695/928
f 678/707/930 668/697/930 669/698/930
f 669/698/930 679/708/930 678/707/930
f 679/708/931 669/698/931 672/701/931
f 672/701/931 680/709/931 679/708/931
f 681/710/932 674/703/932 673/702/932
f 673/702/932 682/711/932 681/710/932
f 682/711/933 673/702/933 675/704/934
f 675/704/934 683/712/933 682/711/933
f 676/705/935 684/713/935 683/712/936
f 683/712/936 675/704/935 676/705/935
f 677/706/937 685/714/937 684/713/937
f 684/713/937 676/705/937 677/706/937
f 686/715/938 685/714/938 677/706/938
f 677/706/938 678/707/938 686/715/938
f 679/708/939 687/716/940 686/715/941
f 688/717/942 687/716/942 679/708/942
f 679/708/942 680/709/942 688/717/942
f 689/718/943 690/719/943 681/710/943
f 681/710/943 682/711/943 689/718/943
f 691/720/944 689/718/944 682/711/945
f 682/711/945 683/712/944 691/720/944
f 683/712/946 684/713/946 692/721/946
f 692/721/946 691/720/946 683/712/946
f 684/713/947 685/714/947 693/722/947
f 693/722/947 692/721/947 684/713/947
f 694/723/948 693/722/948 685/714/948
f 685/714/948 686/715/948 694/723/948
f 686/715/949 687/716/949 695/724/949
f 695/724/949 694/723/949 686/715/949
f 688/717/950 696/725/950 695/724/951
f 695/724/951 687/716/952 688/717/950
f 689/718/953 697/726/954 698/727/955
f 698/727/955 690/719/953 689/718/953
f 699/728/956 697/726/956 689/718/956
f 689/718/956 691/720/956 699/728/956
f 700/729/957 699/728/957 691/720/957
f 691/720/957 692/721/957 700/729/957
f 692/721/958 693/722/958 701/730/958
f 701/730/958 700/729/958 692/721/958
f 693/722/959 694/723/959 702/731/959
f 702/731/959 701/730/959 693/722/959
f 703/732/960 702/731/960 694/723/960
f 694/723/960 695/724/960 703/732/960
f 695/724/961 696/725/962 704/733/961
f 704/733/961 703/732/961 695/724/961
f 705/734/963 706/735/964 698/727/955
f 698/727/955 697/726/954 705/734/963
f 699/728/965 707/736/965 705/734/965
f 705/734/965 697/726/965 699/728/965
f 708/737/966 707/736/966 699/728/966
f 699/728/966 700/729/966 708/737/966
f 709/738/967 708/737/968 700/729/968
f 700/729/968 701/730/968 709/738/967
f 701/730/969 702/731/969 710/739/969
f 710/739/969 709/738/969 701/730/969
f 702/731/970 703/732/971 711/740/971
f 711/740/971 710/739/972 702/731/970
f 712/741/973 713/742/974 714/743/974
f 714/743/974 715/744/974 712/741/973
f 713/742/975 716/745/975 717/746/975
f 717/746/975 714/743/975 713/742/975
f 717/746/976 716/745/977 718/747/976
f 718/747/976 719/748/976 717/746/976
f 714/743/978 720/749/978 721/750/978
f 721/750/978 715/744/978 714/743/978
f 720/749/979 714/743/980 717/746/980
f 717/746/980 722/751/980 720/749/979
f 717/746/981 719/748/981 723/752/982
f 723/752/982 722/751/982 717/746/981
f 720/749/983 724/753/983 725/754/983
f 725/754/983 721/750/984 720/749/983
f 726/755/985 724/753/985 720/749/985
f 720/749/985 722/751/985 726/755/985
f 723/752/986 727/756/986 726/755/987
f 726/755/987 722/751/986 723/752/986
f 728/757/988 727/756/988 723/752/988
f 723/752/988 729/758/988 728/757/988
f 725/754/989 724/753/989 730/759/989
f 730/759/989 731/760/989 725/754/989
f 726/755/990 732/761/990 730/759/990
f 730/759/990 724/753/990 726/755/990
f 733/762/991 732/761/991 726/755/991
f 726/755/991 727/756/991 733/762/991
f 728/757/992 734/763/993 733/762/992
f 733/762/992 727/756/992 728/757/992
f 735/764/994 736/765/994 731/760/994
f 731/760/994 730/759/994 735/764/994
f 730/759/995 732/761/995 737/766/995
f 737/766/995 735/764/995 730/759/995
f 733/762/996 738/767/996 737/766/996
f 737/766/996 732/761/996 733/762/996
f 739/768/997 738/767/998 733/762/997
f 733/762/997 734/763/997 739/768/997
f 740/769/999 741/770/999 736/765/999
f 736/765/999 735/764/999 740/769/999
f 742/771/1000 740/769/1000 735/764/1000
f 735/764/1000 737/766/1000 742/771/1000
f 737/766/1001 738/767/1001 743/772/1001
f 743/772/1001 742/771/1001 737/766/1001
f 739/768/1002 744/773/1002 743/772/1002
f 743/772/1002 738/767/1002 739/768/1002
f 745/774/1003 746/775/1003 747/776/1003
f 747/776/1003 748/777/1003 745/774/1003
f 749/778/1004 750/779/1005 748/777/1004
f 748/777/1004 747/776/1005 749/778/1004
f 749/778/1006 751/780/1006 752/781/1006
f 752/781/1006 750/779/1006 749/778/1006
f 752/781/1007 751/780/1007 753/782/1007
f 753/782/1007 754/783/1007 752/781/1007
f 755/784/1008 756/785/1008 754/783/1008
f 754/783/1008 753/782/1008 755/784/1008
f 757/786/1009 758/787/1010 756/785/1009
f 756/785/1009 755/784/1009 757/786/1009
f 758/787/1011 757/786/1012 759/788/1011
f 759/788/1011 760/789/1011 758/787/1011
f 745/774/1013 748/777/1013 761/790/1013
f 761/790/1013 762/791/1013 745/774/1013
f 761/790/1014 748/777/1014 750/779/1014
f 750/779/1014 763/792/1014 761/790/1014
f 752/781/1015 764/793/1015 763/792/1015
f 763/792/1015 750/779/1015 752/781/1015
f 754/783/1016 765/794/1016 764/793/1016
f 764/793/1016 752/781/1017 754/783/1016
f 765/794/1018 754/783/1018 756/785/1019
f 756/785/1019 766/795/1019 765/794/1018
f 758/787/1020 767/796/1020 766/795/1020
f 766/795/1020 756/785/1020 758/787/1020
f 758/787/1021 760/789/1022 768/797/1022
f 768/797/1022 767/796/1022 758/787/1021
f 761/790/1023 769/798/1023 770/799/1023
f 770/799/1023 762/791/1023 761/790/1023
f 763/792/1024 771/800/1024 769/798/1024
f 769/798/1024 761/790/1024 763/792/1024
f 771/800/1025 763/792/1025 764/793/1025
f 764/793/1025 772/801/1025 771/800/1025
f 765/794/1026 773/802/1027 772/801/1028
f 772/801/1028 764/793/1028 765/794/1026
f 765/794/1029 766/795/1029 774/803/1029
f 774/803/1029 773/802/1029 765/794/1029
f 774/803/1030 766/795/1031 767/796/1031
f 767/796/1031 775/804/1031 774/803/1030
f 768/797/1032 776/805/1033 775/804/1033
f 775/804/1033 767/796/1033 768/797/1032
f 773/802/1034 774/803/1034 777/806/1034
f 777/806/1034 778/807/1035 773/802/1034
f 777/806/1036 774/803/1036 775/804/1037
f 775/804/1037 779/808/1036 777/806/1036
f 775/804/1038 776/805/1039 780/809/1039
f 780/809/1039 779/808/1039 775/804/1038
f 781/810/1040 782/811/1040 783/812/1040
f 783/812/1040 784/813/1040 781/810/1040
f 781/810/1041 785/814/1041 786/815/1041
f 786/815/1041 782/811/1041 781/810/1041
f 786/815/1042 785/814/1043 787/816/1043
f 787/816/1043 788/817/1043 786/815/1042
f 789/818/1044 790/819/1044 788/817/1044
f 788/817/1044 787/816/1044 789/818/1044
f 791/820/1045 792/821/1045 790/819/1045
f 790/819/1045 789/818/1045 791/820/1045
f 792/821/1046 791/820/1046 793/822/1046
f 793/822/1046 794/823/1046 792/821/1046
f 795/824/1047 796/825/1048 794/823/1049
f 794/823/1049 793/822/1049 795/824/1047
f 797/826/1050 783/812/1050 782/811/1050
f 782/811/1050 798/827/1050 797/826/1050
f 786/815/1051 799/828/1052 798/827/1052
f 798/827/1052 782/811/1052 786/815/1051
f 788/817/1053 800/829/1054 799/828/1054
f 799/828/1054 786/815/1054 788/817/1053
f 800/829/1055 788/817/1055 790/819/1056
f 790/819/1056 801/830/1055 800/829/1055
f 792/821/1057 802/831/1058 801/830/1058
f 801/830/1058 790/819/1058 792/821/1057
f 792/821/1059 794/823/1059 803/832/1059
f 803/832/1059 802/831/1059 792/821/1059
f 803/832/1060 794/823/1060 796/825/1061
f 796/825/1061 804/833/1060 803/832/1060
f 798/827/1062 805/834/1062 806/835/1062
f 806/835/1062 797/826/1062 798/827/1062
f 805/834/1063 798/827/1063 799/828/1063
f 799/828/1063 807/836/1063 805/834/1063
f 800/829/1064 808/837/1064 807/836/1064
f 807/836/1064 799/828/1064 800/829/1064
f 800/829/1065 801/830/1065 809/838/1065
f 809/838/1065 808/837/1065 800/829/1065
f 809/838/1066 801/830/1066 802/831/1067
f 802/831/1067 810/839/1066 809/838/1066
f 803/832/1068 811/840/1069 810/839/1069
f 810/839/1069 802/831/1069 803/832/1068
f 803/832/1070 804/833/1070 812/841/1070
f 812/841/1070 811/840/1070 803/832/1070
f 805/834/1071 813/842/1071 814/843/1071
f 814/843/1071 806/835/1071 805/834/1071
f 815/844/1072 813/842/1073 805/834/1072
f 805/834/1072 807/836/1072 815/844/1072
f 816/845/1074 815/844/1074 807/836/1074
f 807/836/1074 808/837/1074 816/845/1074
f 808/837/1075 809/838/1075 817/846/1075
f 817/846/1075 816/845/1075 808/837/1075
f 810/839/1076 818/847/1076 817/846/1076
f 817/846/1076 809/838/1076 810/839/1076
f 819/848/1077 818/847/1077 810/839/1077
f 810/839/1077 811/840/1077 819/848/1077
f 812/841/1078 820/849/1078 819/848/1079
f 819/848/1079 811/840/1080 812/841/1078
f 821/850/1081 822/851/1081 814/843/1081
f 814/843/1081 813/842/1081 821/850/1081
f 815/844/1082 823/852/1082 821/850/1082
f 821/850/1082 813/842/1083 815/844/1082
f 824/853/1084 823/852/1084 815/844/1084
f 815/844/1084 816/845/1084 824/853/1084
f 825/854/1085 824/853/1085 816/845/1085
f 816/845/1085 817/846/1085 825/854/1085
f 817/846/1086 818/847/1087 826/855/1086
f 826/855/1086 825/854/1088 817/846/1086
f 819/848/1089 827/856/1089 826/855/1089
f 826/855/1089 818/847/1089 819/848/1089
f 828/857/1090 827/856/1091 819/848/1091
f 819/848/1091 820/849/1091 828/857/1090
f 821/850/1092 829/858/1092 830/859/1092
f 830/859/1092 822/851/1092 821/850/1092
f 831/860/1093 829/858/1093 821/850/1093
f 821/850/1093 823/852/1093 831/860/1093
f 824/853/1094 832/861/1094 831/860/1094
f 831/860/1094 823/852/1094 824/853/1094
f 833/862/1095 832/861/1095 824/853/1095
f 824/853/1095 825/854/1095 833/862/1095
f 834/863/1096 833/862/1096 825/854/1096
f 825/854/1096 826/855/1096 834/863/1096
f 826/855/1097 827/856/1097 835/864/1097
f 835/864/1097 834/863/1097 826/855/1097
f 828/857/1098 836/865/1099 835/864/1098
f 835/864/1098 827/856/1098 828/857/1098
f 740/769/1100 672/701/1100 671/700/1100
f 671/700/1100 741/770/1100 740/769/1100
f 680/709/1101 672/701/1101 740/769/1101
f 740/769/1101 742/771/1101 680/709/1101
f 688/717/1102 680/709/1103 742/771/1104
f 742/771/1104 743/772/1105 688/717/1102
f 743/772/1106 744/773/1106 696/725/1106
f 696/725/1106 688/717/1106 743/772/1106
f 759/788/1107 830/859/1107 829/858/1107
f 829/858/1107 760/789/1107 759/788/1107
f 831/860/1108 768/797/1108 760/789/1108
f 760/789/1108 829/858/1108 831/860/1108
f 776/805/1109 768/797/1110 831/860/1109
f 831/860/1109 832/861/1109 776/805/1109
f 832/861/1111 833/862/1112 780/809/1113
f 780/809/1113 776/805/1113 832/861/1111
f 834/863/1114 837/866/1114 780/809/1114
f 780/809/1114 833/862/1115 834/863/1114
f 706/735/964 705/734/963 796/825/1048
f 796/825/1048 795/824/1047 706/735/964
f 705/734/1116 707/736/1116 804/833/1117
f 804/833/1117 796/825/1116 705/734/1116
f 707/736/1118 708/737/1118 812/841/1118
f 812/841/1118 804/833/1118 707/736/1118
f 708/737/1119 709/738/1119 820/849/1119
f 820/849/1119 812/841/1119 708/737/1119
f 828/857/1120 820/849/1120 709/738/1120
f 709/738/1120 710/739/1120 828/857/1120
f 710/739/1121 711/740/1121 836/865/1121
f 836/865/1121 828/857/1121 710/739/1121
f 838/867/1122 839/868/1122 840/869/1122
f 840/869/1122 658/687/1122 838/867/1122
f 659/688/1123 658/687/1123 840/869/1123
f 840/869/1123 841/870/1123 659/688/1123
f 661/690/1124 659/688/1125 841/870/1125
f 841/870/1125 842/871/1125 661/690/1124
f 661/690/1126 842/871/1126 843/872/1126
f 843/872/1126 663/692/1126 661/690/1126
f 663/692/1127 843/872/1128 844/873/1127
f 844/873/1127 665/694/1128 663/692/1127
f 665/694/1129 844/873/1129 845/874/1129
f 845/874/1129 667/696/1129 665/694/1129
f 670/699/1130 667/696/1130 845/874/1130
f 845/874/1130 846/875/1130 670/699/1130
f 670/699/1131 846/875/1131 847/876/1131
f 847/876/1131 671/700/1132 670/699/1131
f 658/687/1133 657/686/1133 848/877/1133
f 848/877/1133 838/867/1133 658/687/1133
f 849/878/1134 848/877/1134 657/686/1134
f 657/686/1134 674/703/1134 849/878/1134
f 850/879/1135 849/878/1135 674/703/1135
f 674/703/1135 681/710/1135 850/879/1135
f 690/719/1136 851/880/1136 850/879/1136
f 850/879/1136 681/710/1136 690/719/1136
f 852/881/1137 851/880/1138 690/719/1138
f 690/719/1138 698/727/1139 852/881/1137
f 852/881/1137 698/727/1139 706/735/1140
f 706/735/1140 853/882/1141 852/881/1137
f 854/883/1142 853/882/1141 706/735/1140
f 706/735/1140 795/824/1143 854/883/1142
f 385/381/1144 712/741/1144 855/884/1144
f 855/884/1144 386/382/1144 385/381/1144
f 713/742/1145 712/741/1145 385/381/1145
f 385/381/1145 384/380/1145 713/742/1145
f 384/380/1146 383/379/1147 716/745/1146
f 716/745/1146 713/742/1146 384/380/1146
f 716/745/1148 383/379/1148 382/378/1149
f 382/378/1149 718/747/1148 716/745/1148
f 712/741/1150 715/744/1150 856/885/1150
f 856/885/1150 855/884/1150 712/741/1150
f 857/886/1151 856/885/1152 715/744/1152
f 715/744/1152 721/750/1151 857/886/1151
f 721/750/1153 725/754/1153 858/887/1153
f 858/887/1153 857/886/1153 721/750/1153
f 859/888/1154 858/887/1154 725/754/1154
f 725/754/1154 731/760/1154 859/888/1154
f 860/889/1155 859/888/1155 731/760/1155
f 731/760/1155 736/765/1155 860/889/1155
f 861/890/1156 860/889/1156 736/765/1156
f 736/765/1156 741/770/1156 861/890/1156
f 671/700/1157 847/876/1157 861/890/1157
f 861/890/1157 741/770/1157 671/700/1157
f 287/278/1158 656/891/1158 746/775/1158
f 746/775/1158 288/279/1158 287/278/1158
f 747/776/1159 746/775/1159 656/891/1159
f 656/891/1159 655/892/1159 747/776/1159
f 655/892/1160 654/893/1160 749/778/1160
f 749/778/1160 747/776/1160 655/892/1160
f 751/780/1161 749/778/1161 654/893/1161
f 654/893/1161 653/894/1161 751/780/1161
f 753/782/1162 751/780/1162 653/894/1162
f 653/894/1162 652/895/1162 753/782/1162
f 753/782/1163 652/895/1163 651/896/1163
f 651/896/1163 755/784/1163 753/782/1163
f 757/786/1164 755/784/1164 651/896/1164
f 651/896/1164 650/897/1164 757/786/1164
f 759/788/1165 757/786/1165 650/897/1166
f 650/897/1166 649/898/1165 759/788/1165
f 745/774/1167 289/280/1167 288/279/1167
f 288/279/1167 746/775/1167 745/774/1167
f 289/280/1168 745/774/1168 762/791/1168
f 762/791/1168 290/281/1168 289/280/1168
f 770/799/1169 291/282/1169 290/281/1170
f 290/281/1170 762/791/1171 770/799/1169
f 642/640/1172 862/899/1173 784/813/1172
f 784/813/1172 641/900/1172 642/640/1172
f 781/810/1174 784/813/1174 862/899/1174
f 862/899/1174 863/901/1174 781/810/1174
f 781/810/1175 863/901/1175 864/902/1175
f 864/902/1175 785/814/1175 781/810/1175
f 787/816/1176 785/814/1176 864/902/1176
f 864/902/1176 865/903/1176 787/816/1176
f 865/903/1177 866/904/1177 789/818/1177
f 789/818/1177 787/816/1177 865/903/1177
f 789/818/1178 866/904/1178 867/905/1179
f 867/905/1179 791/820/1180 789/818/1178
f 793/822/1181 791/820/1180 867/905/1179
f 867/905/1179 868/906/1182 793/822/1181
f 795/824/1143 793/822/1181 868/906/1182
f 868/906/1182 854/883/1142 795/824/1143
f 643/907/1183 641/900/1183 784/813/1183
f 784/813/1183 783/812/1183 643/907/1183
f 797/826/1184 644/908/1184 643/907/1184
f 643/907/1184 783/812/1185 797/826/1184
f 645/909/1186 644/908/1186 797/826/1186
f 797/826/1186 806/835/1186 645/909/1186
f 645/909/1187 806/835/1187 814/843/1187
f 814/843/1187 646/910/1187 645/909/1187
f 822/851/1188 647/911/1188 646/910/1188
f 646/910/1188 814/843/1188 822/851/1188
f 648/912/1189 647/911/1189 822/851/1189
f 822/851/1189 830/859/1189 648/912/1189
f 649/898/1190 648/912/1190 830/859/1190
f 830/859/1190 759/788/1190 649/898/1190
f 869/913/1191 870/914/1191 871/915/1191
f 871/915/1191 872/916/1191 869/913/1191
f 871/915/1192 873/917/1192 874/918/1192
f 874/918/1192 872/916/1192 871/915/1192
f 874/918/1193 873/917/1193 875/919/1193
f 875/919/1193 876/920/1193 874/918/1193
f 876/920/1194 875/919/1194 877/921/1194
f 877/921/1194 878/922/1194 876/920/1194
f 878/922/1195 877/921/1195 879/923/1195
f 879/923/1195 880/924/1195 878/922/1195
f 880/924/1196 879/923/1196 881/925/1196
f 881/925/1196 882/926/1196 880/924/1196
f 882/926/1197 881/925/1197 883/927/1198
f 883/927/1198 884/928/1199 882/926/1197
f 884/928/1200 883/927/1201 885/929/1201
f 885/929/1201 886/930/1201 884/928/1200
f 887/931/1202 886/930/1203 885/929/1204
f 885/929/1204 888/932/1205 887/931/1202
f 889/933/1206 887/931/1206 888/932/1206
f 888/932/1206 890/934/1207 889/933/1206
f 891/935/1208 889/933/1209 890/934/1210
f 890/934/1210 892/936/1210 891/935/1208
f 893/937/1211 891/935/1212 892/936/1211
f 892/936/1211 894/938/1211 893/937/1211
f 895/939/1213 893/937/1213 894/938/1213
f 894/938/1213 896/940/1213 895/939/1213
f 895/939/1214 896/940/1214 897/941/1214
f 897/941/1214 898/942/1214 895/939/1214
f 899/943/1215 869/913/1215 872/916/1215
f 872/916/1215 900/944/1215 899/943/1215
f 900/944/1216 872/916/1216 874/918/1216
f 874/918/1216 901/945/1216 900/944/1216
f 901/945/1217 874/918/1217 876/920/1217
f 876/920/1217 902/946/1217 901/945/1217
f 902/946/1218 876/920/1218 878/922/1218
f 878/922/1218 903/947/1218 902/946/1218
f 904/948/1219 903/947/1219 878/922/1219
f 878/922/1219 880/924/1219 904/948/1219
f 904/948/1220 880/924/1220 882/926/1220
f 882/926/1220 905/949/1220 904/948/1220
f 905/949/1221 882/926/1222 884/928/1223
f 884/928/1223 906/950/1224 905/949/1221
f 886/930/1225 907/951/1226 906/950/1227
f 906/950/1227 884/928/1228 886/930/1225
f 907/951/1229 886/930/1230 887/931/1231
f 887/931/1231 908/952/1232 907/951/1229
f 908/952/1233 887/931/1234 889/933/1233
f 889/933/1233 909/953/1235 908/952/1233
f 909/953/1236 889/933/1236 891/935/1236
f 891/935/1236 910/954/1237 909/953/1236
f 910/954/1238 891/935/1238 893/937/1238
f 893/937/1238 911/955/1238 910/954/1238
f 911/955/1239 893/937/1239 895/939/1239
f 895/939/1239 912/956/1239 911/955/1239
f 913/957/1240 912/956/1240 895/939/1240
f 895/939/1240 898/942/1240 913/957/1240
f 914/958/1241 899/943/1241 900/944/1241
f 900/944/1241 915/959/1241 914/958/1241
f 901/945/1242 916/960/1242 915/959/1242
f 915/959/1242 900/944/1242 901/945/1242
f 916/960/1243 901/945/1244 902/946/1243
f 902/946/1243 917/961/1243 916/960/1243
f 917/961/1245 902/946/1245 903/947/1245
f 903/947/1245 918/962/1245 917/961/1245
f 918/962/1246 903/947/1246 904/948/1246
f 904/948/1246 919/963/1246 918/962/1246
f 919/963/1247 904/948/1248 905/949/1247
f 905/949/1247 920/964/1247 919/963/1247
f 920/964/1249 905/949/1249 906/950/1250
f 906/950/1250 921/965/1250 920/964/1249
f 922/966/1251 921/965/1251 906/950/1252
f 906/950/1252 907/951/1252 922/966/1251
f 922/966/1253 907/951/1254 908/952/1253
f 908/952/1253 923/967/1254 922/966/1253
f 923/967/1255 908/952/1255 909/953/1255
f 909/953/1255 924/968/1255 923/967/1255
f 910/954/1256 925/969/1256 924/968/1256
f 924/968/1256 909/953/1256 910/954/1256
f 925/969/1257 910/954/1257 911/955/1257
f 911/955/1257 926/970/1257 925/969/1257
f 926/970/1258 911/955/1258 912/956/1258
f 912/956/1258 927/971/1258 926/970/1258
f 927/971/1259 912/956/1259 913/957/1259
f 913/957/1259 928/972/1259 927/971/1259
f 929/973/1260 914/958/1260 915/959/1260
f 915/959/1260 930/974/1260 929/973/1260
f 931/975/1261 930/974/1261 915/959/1261
f 915/959/1261 916/960/1261 931/975/1261
f 931/975/1262 916/960/1262 917/961/1262
f 917/961/1262 932/976/1262 931/975/1262
f 932/976/1263 917/961/1263 918/962/1263
f 918/962/1263 933/977/1263 932/976/1263
f 919/963/1264 934/978/1264 933/977/1264
f 933/977/1264 918/962/1264 919/963/1264
f 934/978/1265 919/963/1265 920/964/1266
f 920/964/1266 935/979/1265 934/978/1265
f 935/979/1267 920/964/1267 921/965/1268
f 921/965/1268 936/980/1269 935/979/1267
f 936/980/1270 921/965/1271 922/966/1270
f 922/966/1270 937/981/1272 936/980/1270
f 937/981/1273 922/966/1274 923/967/1275
f 923/967/1275 938/982/1276 937/981/1273
f 938/982/1277 923/967/1277 924/968/1277
f 924/968/1277 939/983/1277 938/982/1277
f 940/984/1278 939/983/1278 924/968/1278
f 924/968/1278 925/969/1278 940/984/1278
f 940/984/1279 925/969/1280 926/970/1281
f 926/970/1281 941/985/1281 940/984/1279
f 941/985/1282 926/970/1282 927/971/1282
f 927/971/1282 942/986/1282 941/985/1282
f 928/972/1283 943/987/1283 942/986/1283
f 942/986/1283 927/971/1283 928/972/1283
f 944/988/1284 929/973/1284 930/974/1284
f 930/974/1284 945/989/1284 944/988/1284
f 945/989/1285 930/974/1286 931/975/1286
f 931/975/1286 946/990/1286 945/989/1285
f 946/990/1287 931/975/1287 932/976/1287
f 932/976/1287 947/991/1288 946/990/1287
f 947/991/1289 932/976/1289 933/977/1289
f 933/977/1289 948/992/1289 947/991/1289
f 949/993/1290 948/992/1291 933/977/1290
f 933/977/1290 934/978/1290 949/993/1290
f 949/993/1292 934/978/1292 935/979/1292
f 935/979/1292 950/994/1292 949/993/1292
f 950/994/1293 935/979/1294 936/980/1293
f 936/980/1293 951/995/1293 950/994/1293
f 937/981/1295 952/996/1295 951/995/1295
f 951/995/1295 936/980/1296 937/981/1295
f 952/996/1297 937/981/1298 938/982/1299
f 938/982/1299 953/997/1300 952/996/1297
f 953/997/1301 938/982/1301 939/983/1301
f 939/983/1301 954/998/1301 953/997/1301
f 954/998/1302 939/983/1302 940/984/1302
f 940/984/1302 955/999/1302 954/998/1302
f 955/999/1303 940/984/1304 941/985/1305
f 941/985/1305 956/1000/1305 955/999/1303
f 956/1000/1306 941/985/1306 942/986/1306
f 942/986/1306 957/1001/1306 956/1000/1306
f 958/1002/1307 957/1001/1307 942/986/1307
f 942/986/1307 943/987/1307 958/1002/1307
f 959/1003/1308 944/988/1309 945/989/1309
f 945/989/1309 960/1004/1308 959/1003/1308
f 946/990/1310 961/1005/1310 960/1004/1310
f 960/1004/1310 945/989/1310 946/990/1310
f 961/1005/1311 946/990/1311 947/991/1311
f 947/991/1311 962/1006/1311 961/1005/1311
f 962/1006/1312 947/991/1313 948/992/1312
f 948/992/1312 963/1007/1312 962/1006/1312
f 963/1007/1314 948/992/1315 949/993/1316
f 949/993/1316 964/1008/1317 963/1007/1314
f 964/1008/1318 949/993/1318 950/994/1319
f 950/994/1319 965/1009/1319 964/1008/1318
f 965/1009/1320 950/994/1320 951/995/1321
f 951/995/1321 966/1010/1320 965/1009/1320
f 967/1011/1322 966/1010/1323 951/995/1323
f 951/995/1323 952/996/1324 967/1011/1322
f 967/1011/1325 952/996/1325 953/997/1326
f 953/997/1326 968/1012/1326 967/1011/1325
f 968/1012/1327 953/997/1328 954/998/1328
f 954/998/1328 969/1013/1328 968/1012/1327
f 955/999/1329 970/1014/1330 969/1013/1330
f 969/1013/1330 954/998/1331 955/999/1329
f 970/1014/1332 955/999/1333 956/1000/1333
f 956/1000/1333 971/1015/1333 970/1014/1332
f 971/1015/1334 956/1000/1334 957/1001/1334
f 957/1001/1334 972/1016/1334 971/1015/1334
f 972/1016/1335 957/1001/1335 958/1002/1335
f 958/1002/1335 973/1017/1335 972/1016/1335
f 974/1018/1336 959/1003/1336 960/1004/1336
f 960/1004/1336 975/1019/1336 974/1018/1336
f 976/1020/1337 975/1019/1337 960/1004/1337
f 960/1004/1337 961/1005/1337 976/1020/1337
f 976/1020/1338 961/1005/1338 962/1006/1339
f 962/1006/1339 977/1021/1340 976/1020/1338
f 977/1021/1341 962/1006/1341 963/1007/1342
f 963/1007/1342 978/1022/1342 977/1021/1341
f 964/1008/1343 979/1023/1343 978/1022/1344
f 978/1022/1344 963/1007/1343 964/1008/1343
f 979/1023/1345 964/1008/1346 965/1009/1345
f 965/1009/1345 980/1024/1345 979/1023/1345
f 980/1024/1347 965/1009/1347 966/1010/1347
f 966/1010/1347 981/1025/1347 980/1024/1347
f 981/1025/1348 966/1010/1349 967/1011/1348
f 967/1011/1348 982/1026/1350 981/1025/1348
f 982/1026/1351 967/1011/1351 968/1012/1351
f 968/1012/1351 983/1027/1351 982/1026/1351
f 983/1027/1352 968/1012/1352 969/1013/1352
f 969/1013/1352 984/1028/1352 983/1027/1352
f 985/1029/1353 984/1028/1353 969/1013/1354
f 969/1013/1354 970/1014/1355 985/1029/1353
f 985/1029/1356 970/1014/1357 971/1015/1358
f 971/1015/1358 986/1030/1359 985/1029/1356
f 986/1030/1360 971/1015/1361 972/1016/1360
f 972/1016/1360 987/1031/1362 986/1030/1360
f 973/1017/1363 988/1032/1364 987/1031/1363
f 987/1031/1363 972/1016/1364 973/1017/1363
f 989/1033/1365 974/1018/1365 975/1019/1365
f 975/1019/1365 990/1034/1365 989/1033/1365
f 990/1034/1366 975/1019/1366 976/1020/1366
f 976/1020/1366 991/1035/1366 990/1034/1366
f 991/1035/1367 976/1020/1368 977/1021/1369
f 977/1021/1369 992/1036/1369 991/1035/1367
f 992/1036/1370 977/1021/1371 978/1022/1372
f 978/1022/1372 993/1037/1373 992/1036/1370
f 994/1038/1374 993/1037/1375 978/1022/1374
f 978/1022/1374 979/1023/1376 994/1038/1374
f 994/1038/1377 979/1023/1378 980/1024/1379
f 980/1024/1379 995/1039/1380 994/1038/1377
f 995/1039/1381 980/1024/1382 981/1025/1383
f 981/1025/1383 996/1040/1384 995/1039/1381
f 982/1026/1385 997/1041/1386 996/1040/1385
f 996/1040/1385 981/1025/1387 982/1026/1385
f 997/1041/1388 982/1026/1389 983/1027/1390
f 983/1027/1390 998/1042/1391 997/1041/1388
f 998/1042/1392 983/1027/1392 984/1028/1392
f 984/1028/1392 999/1043/1392 998/1042/1392
f 999/1043/1393 984/1028/1393 985/1029/1394
f 985/1029/1394 1000/1044/1394 999/1043/1393
f 1000/1044/1395 985/1029/1395 986/1030/1395
f 986/1030/1395 1001/1045/1395 1000/1044/1395
f 1001/1045/1396 986/1030/1396 987/1031/1396
f 987/1031/1396 1002/1046/1396 1001/1045/1396
f 1003/1047/1397 1002/1046/1397 987/1031/1397
f 987/1031/1397 988/1032/1397 1003/1047/1397
f 1004/1048/1398 989/1033/1399 990/1034/1398
f 990/1034/1398 1005/1049/1398 1004/1048/1398
f 991/1035/1400 1006/1050/1400 1005/1049/1400
f 1005/1049/1400 990/1034/1400 991/1035/1400
f 1006/1050/1401 991/1035/1402 992/1036/1402
f 992/1036/1402 1007/1051/1403 1006/1050/1401
f 1007/1051/1404 992/1036/1405 993/1037/1405
f 993/1037/1405 1008/1052/1404 1007/1051/1404
f 1008/1052/1406 993/1037/1406 994/1038/1407
f 994/1038/1407 1009/1053/1408 1008/1052/1406
f 1009/1053/1409 994/1038/1410 995/1039/1411
f 995/1039/1411 1010/1054/1411 1009/1053/1409
f 1010/1054/1412 995/1039/1413 996/1040/1414
f 996/1040/1414 1011/1055/1415 1010/1054/1412
f 1012/1056/1416 1011/1055/1416 996/1040/1417
f 996/1040/1417 997/1041/1416 1012/1056/1416
f 1012/1056/1418 997/1041/1418 998/1042/1418
f 998/1042/1418 1013/1057/1418 1012/1056/1418
f 1013/1057/1419 998/1042/1419 999/1043/1419
f 999/1043/1419 1014/1058/1419 1013/1057/1419
f 1000/1044/1420 1015/1059/1420 1014/1058/1420
f 1014/1058/1420 999/1043/1420 1000/1044/1420
f 1015/1059/1421 1000/1044/1421 1001/1045/1421
f 1001/1045/1421 1016/1060/1422 1015/1059/1421
f 1016/1060/1423 1001/1045/1423 1002/1046/1424
f 1002/1046/1424 1017/1061/1423 1016/1060/1423
f 1017/1061/1425 1002/1046/1425 1003/1047/1425
f 1003/1047/1425 1018/1062/1425 1017/1061/1425
f 1019/1063/1426 1004/1048/1426 1005/1049/1426
f 1005/1049/1426 1020/1064/1426 1019/1063/1426
f 1021/1065/1427 1020/1064/1427 1005/1049/1427
f 1005/1049/1427 1006/1050/1427 1021/1065/1427
f 1021/1065/1428 1006/1050/1428 1007/1051/1428
f 1007/1051/1428 1022/1066/1428 1021/1065/1428
f 1022/1066/1429 1007/1051/1429 1008/1052/1429
f 1008/1052/1429 1023/1067/1429 1022/1066/1429
f 1009/1053/1430 1024/1068/1430 1023/1067/1430
f 1023/1067/1430 1008/1052/1431 1009/1053/1430
f 1024/1068/1432 1009/1053/1432 1010/1054/1432
f 1010/1054/1432 1025/1069/1432 1024/1068/1432
f 1025/1069/1433 1010/1054/1434 1011/1055/1435
f 1011/1055/1435 1026/1070/1436 1025/1069/1433
f 1026/1070/1437 1011/1055/1437 1012/1056/1437
f 1012/1056/1437 1027/1071/1437 1026/1070/1437
f 1027/1071/1438 1012/1056/1438 1013/1057/1438
f 1013/1057/1438 1028/1072/1438 1027/1071/1438
f 1028/1072/1439 1013/1057/1439 1014/1058/1439
f 1014/1058/1439 1029/1073/1439 1028/1072/1439
f 1030/1074/1440 1029/1073/1440 1014/1058/1440
f 1014/1058/1440 1015/1059/1440 1030/1074/1440
f 1030/1074/1441 1015/1059/1441 1016/1060/1441
f 1016/1060/1441 1031/1075/1441 1030/1074/1441
f 1031/1075/1442 1016/1060/1442 1017/1061/1442
f 1017/1061/1442 1032/1076/1442 1031/1075/1442
f 1018/1062/1443 1033/1077/1443 1032/1076/1443
f 1032/1076/1443 1017/1061/1443 1018/1062/1443
f 1034/1078/1444 1019/1063/1444 1020/1064/1444
f 1020/1064/1444 1035/1079/1444 1034/1078/1444
f 1035/1079/1445 1020/1064/1445 1021/1065/1445
f 1021/1065/1445 1036/1080/1445 1035/1079/1445
f 1036/1080/1446 1021/1065/1446 1022/1066/1446
f 1022/1066/1446 1037/1081/1447 1036/1080/1446
f 1037/1081/1448 1022/1066/1448 1023/1067/1448
f 1023/1067/1448 1038/1082/1448 1037/1081/1448
f 1039/1083/1449 1038/1082/1449 1023/1067/1449
f 1023/1067/1449 1024/1068/1449 1039/1083/1449
f 1039/1083/1450 1024/1068/1450 1025/1069/1450
f 1025/1069/1450 1040/1084/1450 1039/1083/1450
f 1040/1084/1451 1025/1069/1452 1026/1070/1452
f 1026/1070/1452 1041/1085/1452 1040/1084/1451
f 1027/1071/1453 1042/1086/1454 1041/1085/1454
f 1041/1085/1454 1026/1070/1453 1027/1071/1453
f 1042/1086/1455 1027/1071/1455 1028/1072/1455
f 1028/1072/1455 1043/1087/1455 1042/1086/1455
f 1043/1087/1456 1028/1072/1456 1029/1073/1456
f 1029/1073/1456 1044/1088/1456 1043/1087/1456
f 1044/1088/1457 1029/1073/1457 1030/1074/1457
f 1030/1074/1457 1045/1089/1457 1044/1088/1457
f 1045/1089/1458 1030/1074/1458 1031/1075/1458
f 1031/1075/1458 1046/1090/1459 1045/1089/1458
f 1046/1090/1460 1031/1075/1460 1032/1076/1460
f 1032/1076/1460 1047/1091/1460 1046/1090/1460
f 1048/1092/1461 1047/1091/1461 1032/1076/1461
f 1032/1076/1461 1033/1077/1461 1048/1092/1461
f 1049/1093/1462 1034/1078/1462 1035/1079/1462
f 1035/1079/1462 1050/1094/1462 1049/1093/1462
f 1036/1080/1463 1051/1095/1463 1050/1094/1463
f 1050/1094/1463 1035/1079/1463 1036/1080/1463
f 1051/1095/1464 1036/1080/1464 1037/1081/1464
f 1037/1081/1464 1052/1096/1464 1051/1095/1464
f 1052/1096/1465 1037/1081/1465 1038/1082/1465
f 1038/1082/1465 1053/1097/1465 1052/1096/1465
f 1053/1097/1466 1038/1082/1466 1039/1083/1466
f 1039/1083/1466 1054/1098/1466 1053/1097/1466
f 1054/1098/1467 1039/1083/1467 1040/1084/1467
f 1040/1084/1467 1055/1099/1467 1054/1098/1467
f 1055/1099/1468 1040/1084/1469 1041/1085/1470
f 1041/1085/1470 1056/1100/1471 1055/1099/1468
f 1057/1101/1472 1056/1100/1473 1041/1085/1472
f 1041/1085/1472 1042/1086/1474 1057/1101/1472
f 1057/1101/1475 1042/1086/1476 1043/1087/1475
f 1043/1087/1475 1058/1102/1476 1057/1101/1475
f 1058/1102/1477 1043/1087/1477 1044/1088/1477
f 1044/1088/1477 1059/1103/1478 1058/1102/1477
f 1045/1089/1479 1060/1104/1480 1059/1103/1481
f 1059/1103/1481 1044/1088/1481 1045/1089/1479
f 1060/1104/1482 1045/1089/1482 1046/1090/1482
f 1046/1090/1482 1061/1105/1482 1060/1104/1482
f 1061/1105/1483 1046/1090/1483 1047/1091/1483
f 1047/1091/1483 1062/1106/1483 1061/1105/1483
f 1062/1106/1484 1047/1091/1484 1048/1092/1484
f 1048/1092/1484 1063/1107/1484 1062/1106/1484
f 1064/1108/1485 1049/1093/1485 1050/1094/1485
f 1050/1094/1485 1065/1109/1485 1064/1108/1485
f 1066/1110/1486 1065/1109/1486 1050/1094/1486
f 1050/1094/1486 1051/1095/1486 1066/1110/1486
f 1066/1110/1487 1051/1095/1487 1052/1096/1487
f 1052/1096/1487 1067/1111/1487 1066/1110/1487
f 1067/1111/1488 1052/1096/1488 1053/1097/1488
f 1053/1097/1488 1068/1112/1488 1067/1111/1488
f 1054/1098/1489 1069/1113/1489 1068/1112/1489
f 1068/1112/1489 1053/1097/1489 1054/1098/1489
f 1069/1113/1490 1054/1098/1491 1055/1099/1490
f 1055/1099/1490 1070/1114/1492 1069/1113/1490
f 1070/1114/1493 1055/1099/1494 1056/1100/1493
f 1056/1100/1493 1071/1115/1493 1070/1114/1493
f 1071/1115/1495 1056/1100/1495 1057/1101/1496
f 1057/1101/1496 1072/1116/1496 1071/1115/1495
f 1072/1116/1497 1057/1101/1497 1058/1102/1497
f 1058/1102/1497 1073/1117/1497 1072/1116/1497
f 1073/1117/1498 1058/1102/1498 1059/1103/1498
f 1059/1103/1498 1074/1118/1498 1073/1117/1498
f 1075/1119/1499 1074/1118/1500 1059/1103/1499
f 1059/1103/1499 1060/1104/1499 1075/1119/1499
f 1075/1119/1501 1060/1104/1501 1061/1105/1501
f 1061/1105/1501 1076/1120/1501 1075/1119/1501
f 1076/1120/1502 1061/1105/1502 1062/1106/1502
f 1062/1106/1502 1077/1121/1502 1076/1120/1502
f 1063/1107/1503 1078/1122/1503 1077/1121/1503
f 1077/1121/1503 1062/1106/1503 1063/1107/1503
f 1079/1123/1504 1064/1108/1504 1065/1109/1504
f 1065/1109/1504 1080/1124/1504 1079/1123/1504
f 1080/1124/1505 1065/1109/1505 1066/1110/1505
f 1066/1110/1505 1081/1125/1505 1080/1124/1505
f 1081/1125/1506 1066/1110/1506 1067/1111/1506
f 1067/1111/1506 1082/1126/1506 1081/1125/1506
f 1082/1126/1507 1067/1111/1507 1068/1112/1507
f 1068/1112/1507 1083/1127/1507 1082/1126/1507
f 1084/1128/1508 1083/1127/1509 1068/1112/1508
f 1068/1112/1508 1069/1113/1508 1084/1128/1508
f 1084/1128/1510 1069/1113/1510 1070/1114/1510
f 1070/1114/1510 1085/1129/1510 1084/1128/1510
f 1085/1129/1511 1070/1114/1512 1071/1115/1513
f 1071/1115/1513 1086/1130/1514 1085/1129/1511
f 1072/1116/1515 1087/1131/1516 1086/1130/1515
f 1086/1130/1515 1071/1115/1515 1072/1116/1515
f 1087/1131/1517 1072/1116/1518 1073/1117/1519
f 1073/1117/1519 1088/1132/1520 1087/1131/1517
f 1088/1132/1521 1073/1117/1521 1074/1118/1522
f 1074/1118/1522 1089/1133/1521 1088/1132/1521
f 1089/1133/1523 1074/1118/1523 1075/1119/1523
f 1075/1119/1523 1090/1134/1523 1089/1133/1523
f 1090/1134/1524 1075/1119/1524 1076/1120/1524
f 1076/1120/1524 1091/1135/1524 1090/1134/1524
f 1091/1135/1525 1076/1120/1525 1077/1121/1525
f 1077/1121/1525 1092/1136/1525 1091/1135/1525
f 1093/1137/1526 1092/1136/1526 1077/1121/1526
f 1077/1121/1526 1078/1122/1526 1093/1137/1526
f 839/868/1527 1094/1138/1527 870/914/1527
f 870/914/1527 840/1139/1527 839/868/1527
f 870/914/1528 1094/1138/1528 1095/1140/1528
f 1095/1140/1528 871/915/1528 870/914/1528
f 1095/1140/1529 1096/1141/1529 873/917/1529
f 873/917/1529 871/915/1529 1095/1140/1529
f 873/917/1530 1096/1141/1531 1097/1142/1531
f 1097/1142/1531 875/919/1531 873/917/1530
f 875/919/1532 1097/1142/1532 1098/1143/1533
f 1098/1143/1533 877/921/1532 875/919/1532
f 879/923/1534 877/921/1535 1098/1143/1536
f 1098/1143/1536 1099/1144/1534 879/923/1534
f 879/923/1537 1099/1144/1537 1100/1145/1537
f 1100/1145/1537 881/925/1537 879/923/1537
f 881/925/1538 1100/1145/1539 1101/1146/1540
f 1101/1146/1540 883/927/1540 881/925/1538
f 1102/1147/1541 885/929/1542 883/927/1543
f 883/927/1543 1101/1146/1544 1102/1147/1541
f 885/929/1545 1102/1147/1546 1103/1148/1547
f 1103/1148/1547 888/932/1548 885/929/1545
f 888/932/1549 1103/1148/1550 1104/1149/1549
f 1104/1149/1549 890/934/1551 888/932/1549
f 1105/1150/1552 892/936/1553 890/934/1554
f 890/934/1554 1104/1149/1555 1105/1150/1552
f 1106/1151/1556 894/938/1557 892/936/1558
f 892/936/1558 1105/1150/1559 1106/1151/1556
f 1107/1152/1560 896/940/1561 894/938/1561
f 894/938/1561 1106/1151/1562 1107/1152/1560
f 896/940/1563 1107/1152/1563 1108/1153/1563
f 1108/1153/1563 897/941/1563 896/940/1563
f 212/1154/1564 897/941/1564 1108/1153/1564
f 1108/1153/1564 213/1155/1564 212/1154/1564
f 898/942/1565 897/941/1565 212/1154/1565
f 212/1154/1565 220/1156/1565 898/942/1565
f 913/957/1566 898/942/1566 220/1156/1566
f 220/1156/1566 221/1157/1566 913/957/1566
f 222/1158/1567 928/972/1567 913/957/1567
f 913/957/1567 221/1157/1567 222/1158/1567
f 223/1159/1568 943/987/1569 928/972/1568
f 928/972/1568 222/1158/1568 223/1159/1568
f 224/1160/1570 958/1002/1570 943/987/1570
f 943/987/1570 223/1159/1570 224/1160/1570
f 225/1161/1571 973/1017/1571 958/1002/1571
f 958/1002/1571 224/1160/1571 225/1161/1571
f 206/1162/1572 988/1032/1572 973/1017/1572
f 973/1017/1572 225/1161/1573 206/1162/1572
f 205/1163/1574 1003/1047/1574 988/1032/1574
f 988/1032/1574 206/1162/1574 205/1163/1574
f 204/1164/1575 1018/1062/1575 1003/1047/1575
f 1003/1047/1575 205/1163/1576 204/1164/1575
f 203/1165/1577 1033/1077/1577 1018/1062/1577
f 1018/1062/1577 204/1164/1578 203/1165/1577
f 1033/1077/1579 203/1165/1579 202/1166/1579
f 202/1166/1579 1048/1092/1579 1033/1077/1579
f 1048/1092/1580 202/1166/1580 201/1167/1581
f 201/1167/1581 1063/1107/1580 1048/1092/1580
f 200/1168/1582 1078/1122/1582 1063/1107/1582
f 1063/1107/1582 201/1167/1582 200/1168/1582
f 1078/1122/1583 200/1168/1583 197/1169/1583
f 197/1169/1583 1093/1137/1583 1078/1122/1583
f 199/1170/1584 381/1171/1584 1093/1137/1584
f 1093/1137/1584 197/1169/1584 199/1170/1584
f 400/1172/1585 1092/1136/1585 1093/1137/1585
f 1093/1137/1585 381/1171/1585 400/1172/1585
f 1091/1135/1586 1092/1136/1587 400/1172/1588
f 400/1172/1588 399/1173/1586 1091/1135/1586
f 1090/1134/1589 1091/1135/1589 399/1173/1589
f 399/1173/1589 398/1174/1589 1090/1134/1589
f 398/1174/1590 397/1175/1591 1089/1133/1591
f 1089/1133/1591 1090/1134/1591 398/1174/1590
f 1088/1132/1592 1089/1133/1593 397/1175/1594
f 397/1175/1594 396/1176/1595 1088/1132/1592
f 1087/1131/1596 1088/1132/1597 396/1176/1598
f 396/1176/1598 395/1177/1599 1087/1131/1596
f 395/1177/1600 394/1178/1601 1086/1130/1602
f 1086/1130/1602 1087/1131/1600 395/1177/1600
f 394/1178/1603 393/1179/1604 1085/1129/1604
f 1085/1129/1604 1086/1130/1604 394/1178/1603
f 393/1179/1605 392/1180/1606 1084/1128/1606
f 1084/1128/1606 1085/1129/1607 393/1179/1605
f 1083/1127/1608 1084/1128/1608 392/1180/1609
f 392/1180/1609 391/1181/1610 1083/1127/1608
f 391/1181/1611 390/1182/1611 1082/1126/1611
f 1082/1126/1611 1083/1127/1611 391/1181/1611
f 390/1182/1612 389/1183/1612 1081/1125/1612
f 1081/1125/1612 1082/1126/1612 390/1182/1612
f 388/1184/1613 1080/1124/1613 1081/1125/1613
f 1081/1125/1613 389/1183/1613 388/1184/1613
f 388/1184/1614 387/1185/1614 1079/1123/1614
f 1079/1123/1614 1080/1124/1614 388/1184/1614
f 855/1186/1615 1079/1123/1615 387/1185/1616
f 387/1185/1616 386/1187/1616 855/1186/1615
f 855/1186/1617 856/1188/1617 1064/1108/1617
f 1064/1108/1617 1079/1123/1617 855/1186/1617
f 856/1188/1618 857/1189/1618 1049/1093/1618
f 1049/1093/1618 1064/1108/1618 856/1188/1618
f 857/1189/1619 858/1190/1619 1034/1078/1619
f 1034/1078/1619 1049/1093/1619 857/1189/1619
f 1034/1078/1620 858/1190/1620 859/1191/1620
f 859/1191/1620 1019/1063/1620 1034/1078/1620
f 859/1191/1621 860/1192/1621 1004/1048/1621
f 1004/1048/1621 1019/1063/1621 859/1191/1621
f 861/1193/1622 989/1033/1622 1004/1048/1622
f 1004/1048/1622 860/1192/1622 861/1193/1622
f 847/1194/1623 974/1018/1623 989/1033/1623
f 989/1033/1623 861/1193/1623 847/1194/1623
f 959/1003/1624 974/1018/1624 847/1194/1624
f 847/1194/1624 846/1195/1624 959/1003/1624
f 959/1003/1625 846/1195/1626 845/1196/1625
f 845/1196/1625 944/988/1626 959/1003/1625
f 845/1196/1627 844/1197/1628 929/973/1627
f 929/973/1627 944/988/1627 845/1196/1627
f 929/973/1629 844/1197/1629 843/1198/1629
f 843/1198/1629 914/958/1629 929/973/1629
f 914/958/1630 843/1198/1630 842/1199/1630
f 842/1199/1630 899/943/1630 914/958/1630
f 842/1199/1631 841/1200/1631 869/913/1631
f 869/913/1631 899/943/1631 842/1199/1631
f 841/1200/1632 840/1139/1632 870/914/1632
f 870/914/1632 869/913/1632 841/1200/1632
f 1109/1201/1633 1110/1202/1633 1111/1203/1633
f 1111/1203/1633 1112/1204/1633 1109/1201/1633
f 1113/1205/1634 1112/1204/1634 1111/1203/1634
f 1111/1203/1634 1114/1206/1634 1113/1205/1634
f 1113/1205/1635 1114/1206/1636 1115/1207/1636
f 1115/1207/1636 1116/1208/1636 1113/1205/1635
f 1116/1208/1637 1115/1207/1637 1117/1209/1637
f 1117/1209/1637 1118/1210/1637 1116/1208/1637
f 1119/1211/1638 1120/1212/1639 1118/1210/1640
f 1118/1210/1640 1117/1209/1638 1119/1211/1638
f 1120/1212/1641 1119/1211/1642 1121/1213/1642
f 1121/1213/1642 1122/1214/1642 1120/1212/1641
f 1122/1214/1643 1121/1213/1644 1123/1215/1645
f 1123/1215/1645 1124/1216/1644 1122/1214/1643
f 1124/1216/1646 1123/1215/1647 1125/1217/1647
f 1125/1217/1647 1126/1218/1646 1124/1216/1646
f 1126/1218/1648 1125/1217/1649 1127/1219/1650
f 1127/1219/1650 1128/1220/1651 1126/1218/1648
f 1128/1220/1652 1127/1219/1653 1129/1221/1653
f 1129/1221/1653 1130/1222/1652 1128/1220/1652
f 1131/1223/1654 1130/1222/1654 1129/1221/1654
f 1129/1221/1654 1132/1224/1655 1131/1223/1654
f 1131/1223/1656 1132/1224/1656 1133/1225/1656
f 1133/1225/1656 1134/1226/1656 1131/1223/1656
f 1134/1226/1657 1133/1225/1657 1135/1227/1657
f 1135/1227/1657 1136/1228/1657 1134/1226/1657
f 1137/1229/1658 1138/1230/1658 1136/1228/1658
f 1136/1228/1658 1135/1227/1658 1137/1229/1658
f 1139/1231/1659 1109/1201/1659 1112/1204/1659
f 1112/1204/1659 1140/1232/1659 1139/1231/1659
f 1140/1232/1660 1112/1204/1660 1113/1205/1660
f 1113/1205/1660 1141/1233/1660 1140/1232/1660
f 1141/1233/1661 1113/1205/1661 1116/1208/1661
f 1116/1208/1661 1142/1234/1661 1141/1233/1661
f 1142/1234/1662 1116/1208/1662 1118/1210/1662
f 1118/1210/1662 1143/1235/1662 1142/1234/1662
f 1144/1236/1663 1143/1235/1664 1118/1210/1664
f 1118/1210/1664 1120/1212/1665 1144/1236/1663
f 1144/1236/1666 1120/1212/1666 1122/1214/1666
f 1122/1214/1666 1145/1237/1666 1144/1236/1666
f 1145/1237/1667 1122/1214/1667 1124/1216/1667
f 1124/1216/1667 1146/1238/1668 1145/1237/1667
f 1126/1218/1669 1147/1239/1670 1146/1238/1669
f 1146/1238/1669 1124/1216/1671 1126/1218/1669
f 1147/1239/1672 1126/1218/1672 1128/1220/1673
f 1128/1220/1673 1148/1240/1672 1147/1239/1672
f 1148/1240/1674 1128/1220/1674 1130/1222/1674
f 1130/1222/1674 1149/1241/1674 1148/1240/1674
f 1149/1241/1675 1130/1222/1675 1131/1223/1675
f 1131/1223/1675 1150/1242/1675 1149/1241/1675
f 1150/1242/1676 1131/1223/1677 1134/1226/1677
f 1134/1226/1677 1151/1243/1676 1150/1242/1676
f 1151/1243/1678 1134/1226/1678 1136/1228/1678
f 1136/1228/1678 1152/1244/1678 1151/1243/1678
f 1153/1245/1679 1152/1244/1679 1136/1228/1679
f 1136/1228/1679 1138/1230/1679 1153/1245/1679
f 1154/1246/1680 1139/1231/1680 1140/1232/1680
f 1140/1232/1680 1155/1247/1680 1154/1246/1680
f 1141/1233/1681 1156/1248/1682 1155/1247/1683
f 1155/1247/1683 1140/1232/1681 1141/1233/1681
f 1156/1248/1684 1141/1233/1685 1142/1234/1685
f 1142/1234/1685 1157/1249/1686 1156/1248/1684
f 1157/1249/1687 1142/1234/1688 1143/1235/1688
f 1143/1235/1688 1158/1250/1689 1157/1249/1687
f 1158/1250/1690 1143/1235/1691 1144/1236/1691
f 1144/1236/1691 1159/1251/1692 1158/1250/1690
f 1159/1251/1693 1144/1236/1694 1145/1237/1694
f 1145/1237/1694 1160/1252/1695 1159/1251/1693
f 1160/1252/1696 1145/1237/1697 1146/1238/1697
f 1146/1238/1697 1161/1253/1698 1160/1252/1696
f 1162/1254/1699 1161/1253/1700 1146/1238/1701
f 1146/1238/1701 1147/1239/1702 1162/1254/1699
f 1162/1254/1703 1147/1239/1704 1148/1240/1705
f 1148/1240/1705 1163/1255/1706 1162/1254/1703
f 1163/1255/1707 1148/1240/1708 1149/1241/1708
f 1149/1241/1708 1164/1256/1709 1163/1255/1707
f 1150/1242/1710 1165/1257/1711 1164/1256/1712
f 1164/1256/1712 1149/1241/1710 1150/1242/1710
f 1165/1257/1713 1150/1242/1714 1151/1243/1714
f 1151/1243/1714 1166/1258/1715 1165/1257/1713
f 1166/1258/1716 1151/1243/1717 1152/1244/1718
f 1152/1244/1718 1167/1259/1719 1166/1258/1716
f 1167/1259/1720 1152/1244/1720 1153/1245/1720
f 1153/1245/1720 1168/1260/1720 1167/1259/1720
f 1169/1261/1721 1154/1246/1722 1155/1247/1722
f 1155/1247/1722 1170/1262/1723 1169/1261/1721
f 1171/1263/1724 1170/1262/1725 1155/1247/1683
f 1155/1247/1683 1156/1248/1682 1171/1263/1724
f 1171/1263/1726 1156/1248/1684 1157/1249/1686
f 1157/1249/1686 1172/1264/1727 1171/1263/1726
f 1172/1264/1728 1157/1249/1687 1158/1250/1689
f 1158/1250/1689 1173/1265/1729 1172/1264/1728
f 1159/1251/1692 1174/1266/1730 1173/1265/1731
f 1173/1265/1731 1158/1250/1690 1159/1251/1692
f 1174/1266/1732 1159/1251/1693 1160/1252/1695
f 1160/1252/1695 1175/1267/1733 1174/1266/1732
f 1175/1267/1734 1160/1252/1696 1161/1253/1698
f 1161/1253/1698 1176/1268/1735 1175/1267/1734
f 1176/1268/1736 1161/1253/1700 1162/1254/1699
f 1162/1254/1699 1177/1269/1737 1176/1268/1736
f 1177/1269/1738 1162/1254/1703 1163/1255/1706
f 1163/1255/1706 1178/1270/1739 1177/1269/1738
f 1178/1270/1740 1163/1255/1707 1164/1256/1709
f 1164/1256/1709 1179/1271/1741 1178/1270/1740
f 1180/1272/1742 1179/1271/1743 1164/1256/1712
f 1164/1256/1712 1165/1257/1711 1180/1272/1742
f 1180/1272/1744 1165/1257/1713 1166/1258/1715
f 1166/1258/1715 1181/1273/1745 1180/1272/1744
f 1181/1273/1746 1166/1258/1716 1167/1259/1719
f 1167/1259/1719 1182/1274/1747 1181/1273/1746
f 1168/1260/1748 1183/1275/1749 1182/1274/1750
f 1182/1274/1750 1167/1259/1748 1168/1260/1748
f 1184/1276/1751 1169/1261/1721 1170/1262/1723
f 1170/1262/1723 1185/1277/1752 1184/1276/1751
f 1185/1277/1753 1170/1262/1725 1171/1263/1724
f 1171/1263/1724 1186/1278/1754 1185/1277/1753
f 1187/1279/1755 1186/1278/1756 1171/1263/1726
f 1171/1263/1726 1172/1264/1727 1187/1279/1755
f 1188/1280/1757 1187/1279/1758 1172/1264/1728
f 1172/1264/1728 1173/1265/1729 1188/1280/1757
f 1174/1266/1730 1189/1281/1759 1188/1280/1760
f 1188/1280/1760 1173/1265/1731 1174/1266/1730
f 1190/1282/1761 1189/1281/1762 1174/1266/1732
f 1174/1266/1732 1175/1267/1733 1190/1282/1761
f 1191/1283/1763 1190/1282/1764 1175/1267/1734
f 1175/1267/1734 1176/1268/1735 1191/1283/1763
f 1191/1283/1765 1176/1268/1736 1177/1269/1737
f 1177/1269/1737 1192/1284/1766 1191/1283/1765
f 1193/1285/1767 1192/1284/1768 1177/1269/1738
f 1177/1269/1738 1178/1270/1739 1193/1285/1767
f 1194/1286/1769 1193/1285/1770 1178/1270/1740
f 1178/1270/1740 1179/1271/1741 1194/1286/1769
f 1194/1286/1771 1179/1271/1743 1180/1272/1742
f 1180/1272/1742 1195/1287/1772 1194/1286/1771
f 1196/1288/1773 1195/1287/1774 1180/1272/1744
f 1180/1272/1744 1181/1273/1745 1196/1288/1773
f 1197/1289/1775 1196/1288/1776 1181/1273/1746
f 1181/1273/1746 1182/1274/1747 1197/1289/1775
f 1183/1275/1749 1198/1290/1777 1197/1289/1778
f 1197/1289/1778 1182/1274/1750 1183/1275/1749
f 1199/1291/1779 1200/1292/1780 1184/1276/1751
f 1184/1276/1751 1185/1277/1752 1199/1291/1779
f 1186/1278/1754 1201/1293/1781 1199/1291/1782
f 1199/1291/1782 1185/1277/1753 1186/1278/1754
f 1202/1294/1783 1201/1293/1784 1186/1278/1756
f 1186/1278/1756 1187/1279/1755 1202/1294/1783
f 1203/1295/1785 1202/1294/1786 1187/1279/1758
f 1187/1279/1758 1188/1280/1757 1203/1295/1785
f 1188/1280/1760 1189/1281/1759 1204/1296/1787
f 1204/1296/1787 1203/1295/1788 1188/1280/1760
f 1190/1282/1761 1205/1297/1789 1204/1296/1790
f 1204/1296/1790 1189/1281/1762 1190/1282/1761
f 1191/1283/1763 1206/1298/1791 1205/1297/1792
f 1205/1297/1792 1190/1282/1764 1191/1283/1763
f 1206/1298/1793 1191/1283/1765 1192/1284/1766
f 1192/1284/1766 1207/1299/1794 1206/1298/1793
f 1193/1285/1767 1208/1300/1795 1207/1299/1796
f 1207/1299/1796 1192/1284/1768 1193/1285/1767
f 1194/1286/1769 1209/1301/1797 1208/1300/1798
f 1208/1300/1798 1193/1285/1770 1194/1286/1769
f 1195/1287/1772 1210/1302/1799 1209/1301/1800
f 1209/1301/1800 1194/1286/1771 1195/1287/1772
f 1211/1303/1801 1210/1302/1802 1195/1287/1774
f 1195/1287/1774 1196/1288/1773 1211/1303/1801
f 1212/1304/1803 1211/1303/1804 1196/1288/1776
f 1196/1288/1776 1197/1289/1775 1212/1304/1803
f 1197/1289/1778 1198/1290/1777 1213/1305/1805
f 1213/1305/1805 1212/1304/1806 1197/1289/1778
f 1199/1291/1779 1214/1306/1807 1215/1307/1808
f 1215/1307/1808 1200/1292/1780 1199/1291/1779
f 1214/1306/1809 1199/1291/1782 1201/1293/1781
f 1201/1293/1781 1216/1308/1810 1214/1306/1809
f 1202/1294/1783 1217/1309/1811 1216/1308/1812
f 1216/1308/1812 1201/1293/1784 1202/1294/1783
f 1203/1295/1785 1218/1310/1813 1217/1309/1814
f 1217/1309/1814 1202/1294/1786 1203/1295/1785
f 1204/1296/1787 1219/1311/1815 1218/1310/1816
f 1218/1310/1816 1203/1295/1788 1204/1296/1787
f 1220/1312/1817 1219/1311/1818 1204/1296/1790
f 1204/1296/1790 1205/1297/1789 1220/1312/1817
f 1221/1313/1819 1220/1312/1820 1205/1297/1792
f 1205/1297/1792 1206/1298/1791 1221/1313/1819
f 1206/1298/1793 1207/1299/1794 1222/1314/1821
f 1222/1314/1821 1221/1313/1822 1206/1298/1793
f 1208/1300/1795 1223/1315/1823 1222/1314/1824
f 1222/1314/1824 1207/1299/1796 1208/1300/1795
f 1209/1301/1797 1224/1316/1825 1223/1315/1826
f 1223/1315/1826 1208/1300/1798 1209/1301/1797
f 1224/1316/1827 1209/1301/1800 1210/1302/1799
f 1210/1302/1799 1225/1317/1828 1224/1316/1827
f 1211/1303/1801 1226/1318/1829 1225/1317/1830
f 1225/1317/1830 1210/1302/1802 1211/1303/1801
f 1212/1304/1803 1227/1319/1831 1226/1318/1832
f 1226/1318/1832 1211/1303/1804 1212/1304/1803
f 1213/1305/1805 1228/1320/1833 1227/1319/1834
f 1227/1319/1834 1212/1304/1806 1213/1305/1805
f 1229/1321/1835 1230/1322/1836 1215/1307/1808
f 1215/1307/1808 1214/1306/1807 1229/1321/1835
f 1214/1306/1809 1216/1308/1810 1231/1323/1837
f 1231/1323/1837 1229/1321/1838 1214/1306/1809
f 1217/1309/1811 1232/1324/1839 1231/1323/1840
f 1231/1323/1840 1216/1308/1812 1217/1309/1811
f 1218/1310/1813 1233/1325/1841 1232/1324/1842
f 1232/1324/1842 1217/1309/1814 1218/1310/1813
f 1233/1325/1843 1218/1310/1816 1219/1311/1815
f 1219/1311/1815 1234/1326/1844 1233/1325/1843
f 1220/1312/1817 1235/1327/1845 1234/1326/1846
f 1234/1326/1846 1219/1311/1818 1220/1312/1817
f 1221/1313/1819 1236/1328/1847 1235/1327/1848
f 1235/1327/1848 1220/1312/1820 1221/1313/1819
f 1222/1314/1821 1237/1329/1849 1236/1328/1850
f 1236/1328/1850 1221/1313/1822 1222/1314/1821
f 1238/1330/1851 1237/1329/1852 1222/1314/1824
f 1222/1314/1824 1223/1315/1823 1238/1330/1851
f 1239/1331/1853 1238/1330/1854 1223/1315/1826
f 1223/1315/1826 1224/1316/1825 1239/1331/1853
f 1224/1316/1827 1225/1317/1828 1240/1332/1855
f 1240/1332/1855 1239/1331/1856 1224/1316/1827
f 1226/1318/1829 1241/1333/1857 1240/1332/1858
f 1240/1332/1858 1225/1317/1830 1226/1318/1829
f 1227/1319/1831 1242/1334/1859 1241/1333/1860
f 1241/1333/1860 1226/1318/1832 1227/1319/1831
f 1242/1334/1861 1227/1319/1834 1228/1320/1833
f 1228/1320/1833 1243/1335/1862 1242/1334/1861
f 1229/1321/1835 1244/1336/1863 1245/1337/1864
f 1245/1337/1864 1230/1322/1836 1229/1321/1835
f 1231/1323/1837 1246/1338/1865 1244/1336/1866
f 1244/1336/1866 1229/1321/1838 1231/1323/1837
f 1247/1339/1867 1246/1338/1868 1231/1323/1840
f 1231/1323/1840 1232/1324/1839 1247/1339/1867
f 1248/1340/1869 1247/1339/1870 1232/1324/1842
f 1232/1324/1842 1233/1325/1841 1248/1340/1869
f 1233/1325/1843 1234/1326/1844 1249/1341/1871
f 1249/1341/1871 1248/1340/1872 1233/1325/1843
f 1235/1327/1845 1250/1342/1873 1249/1341/1874
f 1249/1341/1874 1234/1326/1846 1235/1327/1845
f 1236/1328/1847 1251/1343/1875 1250/1342/1876
f 1250/1342/1876 1235/1327/1848 1236/1328/1847
f 1251/1343/1877 1236/1328/1850 1237/1329/1849
f 1237/1329/1849 1252/1344/1878 1251/1343/1877
f 1238/1330/1851 1253/1345/1879 1252/1344/1880
f 1252/1344/1880 1237/1329/1852 1238/1330/1851
f 1239/1331/1853 1254/1346/1881 1253/1345/1882
f 1253/1345/1882 1238/1330/1854 1239/1331/1853
f 1240/1332/1855 1255/1347/1883 1254/1346/1884
f 1254/1346/1884 1239/1331/1856 1240/1332/1855
f 1256/1348/1885 1255/1347/1886 1240/1332/1858
f 1240/1332/1858 1241/1333/1857 1256/1348/1885
f 1257/1349/1887 1256/1348/1888 1241/1333/1860
f 1241/1333/1860 1242/1334/1859 1257/1349/1887
f 1242/1334/1861 1243/1335/1862 1258/1350/1889
f 1258/1350/1889 1257/1349/1890 1242/1334/1861
f 1244/1336/1863 1259/1351/1891 1260/1352/1892
f 1260/1352/1892 1245/1337/1864 1244/1336/1863
f 1259/1351/1893 1244/1336/1866 1246/1338/1865
f 1246/1338/1865 1261/1353/1894 1259/1351/1893
f 1247/1339/1867 1262/1354/1895 1261/1353/1896
f 1261/1353/1896 1246/1338/1868 1247/1339/1867
f 1248/1340/1869 1263/1355/1897 1262/1354/1898
f 1262/1354/1898 1247/1339/1870 1248/1340/1869
f 1249/1341/1871 1264/1356/1899 1263/1355/1900
f 1263/1355/1900 1248/1340/1872 1249/1341/1871
f 1265/1357/1901 1264/1356/1902 1249/1341/1874
f 1249/1341/1874 1250/1342/1873 1265/1357/1901
f 1266/1358/1903 1265/1357/1904 1250/1342/1876
f 1250/1342/1876 1251/1343/1875 1266/1358/1903
f 1251/1343/1877 1252/1344/1878 1267/1359/1905
f 1267/1359/1905 1266/1358/1906 1251/1343/1877
f 1253/1345/1879 1268/1360/1907 1267/1359/1908
f 1267/1359/1908 1252/1344/1880 1253/1345/1879
f 1254/1346/1881 1269/1361/1909 1268/1360/1910
f 1268/1360/1910 1253/1345/1882 1254/1346/1881
f 1269/1361/1911 1254/1346/1884 1255/1347/1883
f 1255/1347/1883 1270/1362/1912 1269/1361/1911
f 1256/1348/1885 1271/1363/1913 1270/1362/1914
f 1270/1362/1914 1255/1347/1886 1256/1348/1885
f 1257/1349/1887 1272/1364/1915 1271/1363/1916
f 1271/1363/1916 1256/1348/1888 1257/1349/1887
f 1258/1350/1889 1273/1365/1917 1272/1364/1918
f 1272/1364/1918 1257/1349/1890 1258/1350/1889
f 1274/1366/1919 1275/1367/1919 1260/1352/1892
f 1260/1352/1892 1259/1351/1891 1274/1366/1919
f 1259/1351/1893 1261/1353/1894 1276/1368/1920
f 1276/1368/1920 1274/1366/1921 1259/1351/1893
f 1262/1354/1895 1277/1369/1922 1276/1368/1923
f 1276/1368/1923 1261/1353/1896 1262/1354/1895
f 1263/1355/1897 1278/1370/1924 1277/1369/1925
f 1277/1369/1925 1262/1354/1898 1263/1355/1897
f 1278/1370/1926 1263/1355/1900 1264/1356/1899
f 1264/1356/1899 1279/1371/1927 1278/1370/1926
f 1265/1357/1901 1280/1372/1928 1279/1371/1929
f 1279/1371/1929 1264/1356/1902 1265/1357/1901
f 1266/1358/1903 1281/1373/1930 1280/1372/1931
f 1280/1372/1931 1265/1357/1904 1266/1358/1903
f 1267/1359/1905 1282/1374/1932 1281/1373/1933
f 1281/1373/1933 1266/1358/1906 1267/1359/1905
f 1283/1375/1934 1282/1374/1935 1267/1359/1908
f 1267/1359/1908 1268/1360/1907 1283/1375/1934
f 1284/1376/1936 1283/1375/1937 1268/1360/1910
f 1268/1360/1910 1269/1361/1909 1284/1376/1936
f 1269/1361/1911 1270/1362/1912 1285/1377/1938
f 1285/1377/1938 1284/1376/1939 1269/1361/1911
f 1271/1363/1913 1286/1378/1940 1285/1377/1940
f 1285/1377/1940 1270/1362/1914 1271/1363/1913
f 1272/1364/1915 1287/1379/1941 1286/1378/1941
f 1286/1378/1941 1271/1363/1916 1272/1364/1915
f 1287/1379/1942 1272/1364/1918 1273/1365/1917
f 1273/1365/1917 1288/1380/1942 1287/1379/1942
f 1274/1366/1943 1289/1381/1943 1290/1382/1943
f 1290/1382/1943 1275/1367/1943 1274/1366/1943
f 1276/1368/1920 1291/1383/1944 1289/1381/1944
f 1289/1381/1944 1274/1366/1921 1276/1368/1920
f 1292/1384/1945 1291/1383/1945 1276/1368/1923
f 1276/1368/1923 1277/1369/1922 1292/1384/1945
f 1293/1385/1946 1292/1384/1946 1277/1369/1925
f 1277/1369/1925 1278/1370/1924 1293/1385/1946
f 1278/1370/1926 1279/1371/1927 1294/1386/1947
f 1294/1386/1947 1293/1385/1947 1278/1370/1926
f 1280/1372/1928 1295/1387/1948 1294/1386/1948
f 1294/1386/1948 1279/1371/1929 1280/1372/1928
f 1281/1373/1930 1296/1388/1949 1295/1387/1949
f 1295/1387/1949 1280/1372/1931 1281/1373/1930
f 1296/1388/1950 1281/1373/1933 1282/1374/1932
f 1282/1374/1932 1297/1389/1951 1296/1388/1950
f 1283/1375/1952 1298/1390/1953 1297/1389/1954
f 1297/1389/1954 1282/1374/1955 1283/1375/1952
f 1284/1376/1936 1299/1391/1956 1298/1390/1957
f 1298/1390/1957 1283/1375/1937 1284/1376/1936
f 1285/1377/1938 1300/1392/1958 1299/1391/1958
f 1299/1391/1958 1284/1376/1939 1285/1377/1938
f 1301/1393/1959 1300/1392/1959 1285/1377/1960
f 1285/1377/1960 1286/1378/1959 1301/1393/1959
f 1302/1394/1961 1301/1393/1961 1286/1378/1961
f 1286/1378/1961 1287/1379/1961 1302/1394/1961
f 1287/1379/1962 1288/1380/1962 1303/1395/1962
f 1303/1395/1962 1302/1394/1962 1287/1379/1962
f 1289/1381/1963 1304/1396/1963 1305/1397/1963
f 1305/1397/1963 1290/1382/1963 1289/1381/1963
f 1304/1396/1964 1289/1381/1964 1291/1383/1964
f 1291/1383/1964 1306/1398/1964 1304/1396/1964
f 1292/1384/1965 1307/1399/1965 1306/1398/1965
f 1306/1398/1965 1291/1383/1965 1292/1384/1965
f 1293/1385/1966 1308/1400/1966 1307/1399/1967
f 1307/1399/1967 1292/1384/1966 1293/1385/1966
f 1294/1386/1968 1309/1401/1968 1308/1400/1969
f 1308/1400/1969 1293/1385/1968 1294/1386/1968
f 1310/1402/1970 1309/1401/1970 1294/1386/1971
f 1294/1386/1971 1295/1387/1970 1310/1402/1970
f 1311/1403/1972 1310/1402/1972 1295/1387/1972
f 1295/1387/1972 1296/1388/1972 1311/1403/1972
f 1296/1388/1973 1297/1389/1974 1312/1404/1975
f 1312/1404/1975 1311/1403/1976 1296/1388/1973
f 1298/1390/1977 1313/1405/1978 1312/1404/1979
f 1312/1404/1979 1297/1389/1979 1298/1390/1977
f 1299/1391/1980 1314/1406/1980 1313/1405/1980
f 1313/1405/1980 1298/1390/1980 1299/1391/1980
f 1314/1406/1981 1299/1391/1981 1300/1392/1981
f 1300/1392/1981 1315/1407/1981 1314/1406/1981
f 1301/1393/1982 1316/1408/1982 1315/1407/1982
f 1315/1407/1982 1300/1392/1982 1301/1393/1982
f 1302/1394/1983 1317/1409/1983 1316/1408/1983
f 1316/1408/1983 1301/1393/1983 1302/1394/1983
f 1303/1395/1984 1318/1410/1984 1317/1409/1984
f 1317/1409/1984 1302/1394/1984 1303/1395/1984
f 1319/1411/1985 1320/1412/1985 1305/1397/1985
f 1305/1397/1985 1304/1396/1985 1319/1411/1985
f 1304/1396/1986 1306/1398/1986 1321/1413/1986
f 1321/1413/1986 1319/1411/1986 1304/1396/1986
f 1307/1399/1987 1322/1414/1987 1321/1413/1987
f 1321/1413/1987 1306/1398/1987 1307/1399/1987
f 1308/1400/1988 1323/1415/1988 1322/1414/1988
f 1322/1414/1988 1307/1399/1988 1308/1400/1988
f 1323/1415/1989 1308/1400/1989 1309/1401/1990
f 1309/1401/1990 1324/1416/1989 1323/1415/1989
f 1310/1402/1991 1325/1417/1992 1324/1416/1991
f 1324/1416/1991 1309/1401/1991 1310/1402/1991
f 1311/1403/1993 1326/1418/1993 1325/1417/1993
f 1325/1417/1993 1310/1402/1994 1311/1403/1993
f 1312/1404/1995 1327/1419/1996 1326/1418/1997
f 1326/1418/1997 1311/1403/1998 1312/1404/1995
f 1328/1420/1999 1327/1419/2000 1312/1404/2001
f 1312/1404/2001 1313/1405/2002 1328/1420/1999
f 1329/1421/2003 1328/1420/2004 1313/1405/2004
f 1313/1405/2004 1314/1406/2003 1329/1421/2003
f 1314/1406/2005 1315/1407/2005 1330/1422/2005
f 1330/1422/2005 1329/1421/2006 1314/1406/2005
f 1316/1408/2007 1331/1423/2007 1330/1422/2007
f 1330/1422/2007 1315/1407/2007 1316/1408/2007
f 1317/1409/2008 1332/1424/2008 1331/1423/2008
f 1331/1423/2008 1316/1408/2008 1317/1409/2008
f 1332/1424/2009 1317/1409/2009 1318/1410/2009
f 1318/1410/2009 1333/1425/2009 1332/1424/2009
f 211/1426/2010 213/1155/2011 1108/1153/2010
f 1108/1153/2010 1110/1202/2010 211/1426/2010
f 1107/1152/2012 1111/1203/2012 1110/1202/2012
f 1110/1202/2012 1108/1153/2012 1107/1152/2012
f 1106/1151/2013 1114/1206/2014 1111/1203/2015
f 1111/1203/2015 1107/1152/2014 1106/1151/2013
f 1114/1206/2016 1106/1151/2016 1105/1150/2016
f 1105/1150/2016 1115/1207/2017 1114/1206/2016
f 1115/1207/2018 1105/1150/2018 1104/1149/2019
f 1104/1149/2019 1117/1209/2020 1115/1207/2018
f 1119/1211/2021 1117/1209/2021 1104/1149/2021
f 1104/1149/2021 1103/1148/2021 1119/1211/2021
f 1119/1211/2022 1103/1148/2023 1102/1147/2023
f 1102/1147/2023 1121/1213/2023 1119/1211/2022
f 1121/1213/2024 1102/1147/2025 1101/1146/2025
f 1101/1146/2025 1123/1215/2025 1121/1213/2024
f 1123/1215/2026 1101/1146/2027 1100/1145/2028
f 1100/1145/2028 1125/1217/2029 1123/1215/2026
f 1099/1144/2030 1127/1219/2030 1125/1217/2030
f 1125/1217/2030 1100/1145/2030 1099/1144/2030
f 1129/1221/2031 1127/1219/2032 1099/1144/2031
f 1099/1144/2031 1098/1143/2033 1129/1221/2031
f 1132/1224/2034 1129/1221/2035 1098/1143/2036
f 1098/1143/2036 1097/1142/2037 1132/1224/2034
f 1096/1141/2038 1133/1225/2039 1132/1224/2040
f 1132/1224/2040 1097/1142/2039 1096/1141/2038
f 1095/1140/2041 1135/1227/2041 1133/1225/2042
f 1133/1225/2042 1096/1141/2043 1095/1140/2041
f 1135/1227/2044 1095/1140/2044 1094/1138/2044
f 1094/1138/2044 1137/1229/2044 1135/1227/2044
f 838/867/2045 1137/1229/2045 1094/1138/2045
f 1094/1138/2045 839/868/2045 838/867/2045
f 1138/1230/2046 1137/1229/2046 838/867/2046
f 838/867/2046 848/877/2046 1138/1230/2046
f 1153/1245/2047 1138/1230/2047 848/877/2047
f 848/877/2047 849/878/2047 1153/1245/2047
f 1153/1245/2048 849/878/2048 850/879/2048
f 850/879/2048 1168/1260/2048 1153/1245/2048
f 1183/1275/2049 1168/1260/2049 850/879/2049
f 850/879/2049 851/880/2049 1183/1275/2049
f 1198/1290/2050 1183/1275/2051 851/880/2051
f 851/880/2051 852/881/2052 1198/1290/2050
f 1213/1305/2053 1198/1290/2050 852/881/2052
f 852/881/2052 853/882/2054 1213/1305/2053
f 1213/1305/2053 853/882/2054 854/883/2055
f 854/883/2055 1228/1320/2056 1213/1305/2053
f 1228/1320/2056 854/883/2055 868/906/2057
f 868/906/2057 1243/1335/2058 1228/1320/2056
f 867/905/2059 1258/1350/2060 1243/1335/2058
f 1243/1335/2058 868/906/2057 867/905/2059
f 1258/1350/2060 867/905/2059 866/904/2061
f 866/904/2061 1273/1365/2061 1258/1350/2060
f 866/904/2062 865/903/2062 1288/1380/2062
f 1288/1380/2062 1273/1365/2062 866/904/2062
f 1288/1380/2063 865/903/2063 864/902/2063
f 864/902/2063 1303/1395/2064 1288/1380/2063
f 863/901/2065 1318/1410/2065 1303/1395/2065
f 1303/1395/2065 864/902/2065 863/901/2065
f 862/899/2066 1333/1425/2067 1318/1410/2066
f 1318/1410/2066 863/901/2066 862/899/2066
f 1333/1425/2068 862/899/2069 642/640/2069
f 642/640/2069 640/638/2068 1333/1425/2068
f 1332/1424/2070 1333/1425/2070 640/638/2070
f 640/638/2070 639/637/2070 1332/1424/2070
f 638/636/2071 1331/1423/2072 1332/1424/2073
f 1332/1424/2073 639/637/2074 638/636/2071
f 637/635/2075 1330/1422/2076 1331/1423/2077
f 1331/1423/2077 638/636/2078 637/635/2075
f 1330/1422/2079 637/635/2080 636/634/2081
f 636/634/2081 1329/1421/2082 1330/1422/2079
f 635/633/2083 1328/1420/2084 1329/1421/2085
f 1329/1421/2085 636/634/2085 635/633/2083
f 634/632/2086 1327/1419/2087 1328/1420/2087
f 1328/1420/2087 635/633/2087 634/632/2086
f 1326/1418/2088 1327/1419/2089 634/632/2090
f 634/632/2090 633/631/2088 1326/1418/2088
f 632/630/2091 1325/1417/2092 1326/1418/2093
f 1326/1418/2093 633/631/2093 632/630/2091
f 631/629/2094 1324/1416/2095 1325/1417/2095
f 1325/1417/2095 632/630/2095 631/629/2094
f 1324/1416/2096 631/629/2096 630/628/2097
f 630/628/2097 1323/1415/2096 1324/1416/2096
f 1322/1414/2098 1323/1415/2098 630/628/2098
f 630/628/2098 629/627/2098 1322/1414/2098
f 1321/1413/2099 1322/1414/2099 629/627/2099
f 629/627/2099 628/626/2099 1321/1413/2099
f 627/625/2100 1319/1411/2100 1321/1413/2101
f 1321/1413/2101 628/626/2100 627/625/2100
f 1320/1412/2102 1319/1411/2102 627/625/2102
f 627/625/2102 626/623/2102 1320/1412/2102
f 168/1427/2103 1320/1412/2104 626/623/2103
f 626/623/2103 169/622/2103 168/1427/2103
f 1320/1412/2105 168/1427/2105 178/1428/2105
f 178/1428/2105 1305/1397/2105 1320/1412/2105
f 1305/1397/2106 178/1428/2106 179/1429/2106
f 179/1429/2106 1290/1382/2106 1305/1397/2106
f 179/1429/2107 180/1430/2107 1275/1367/2107
f 1275/1367/2107 1290/1382/2107 179/1429/2107
f 1275/1367/2108 180/1430/2108 181/1431/2109
f 181/1431/2109 1260/1352/2110 1275/1367/2108
f 1260/1352/2110 181/1431/2109 182/1432/2111
f 182/1432/2111 1245/1337/2112 1260/1352/2110
f 182/1432/2111 183/1433/2113 1230/1322/2114
f 1230/1322/2114 1245/1337/2112 182/1432/2111
f 183/1433/2113 184/1434/2115 1215/1307/2116
f 1215/1307/2116 1230/1322/2114 183/1433/2113
f 184/1434/2115 219/1435/2117 1200/1292/2118
f 1200/1292/2118 1215/1307/2116 184/1434/2115
f 1184/1276/2119 1200/1292/2118 219/1435/2117
f 219/1435/2117 218/1436/2120 1184/1276/2119
f 1184/1276/2119 218/1436/2120 217/1437/2121
f 217/1437/2121 1169/1261/2122 1184/1276/2119
f 1169/1261/2122 217/1437/2121 216/1438/2123
f 216/1438/2123 1154/1246/2123 1169/1261/2122
f 1154/1246/2124 216/1438/2124 215/1439/2124
f 215/1439/2124 1139/1231/2124 1154/1246/2124
f 1139/1231/2125 215/1439/2125 214/1440/2125
f 214/1440/2125 1109/1201/2125 1139/1231/2125
f 1109/1201/2126 214/1440/2126 211/1426/2126
f 211/1426/2126 1110/1202/2126 1109/1201/2126
f 1334/3/2127 1335/2/2127 1336/5/2127
f 1336/5/2127 1337/4/2127 1334/3/2127
f 1336/5/2128 1338/7/2128 1339/6/2128
f 1339/6/2128 1337/4/2128 1336/5/2128
f 1340/8/2129 1339/6/2129 1338/7/2129
f 1338/7/2129 1341/9/2129 1340/8/2129
f 1340/8/2130 1341/9/2130 1342/11/2130
f 1342/11/2130 1343/10/2130 1340/8/2130
f 1344/13/2131 1345/12/2131 1343/10/2131
f 1343/10/2131 1342/11/2131 1344/13/2131
f 1346/14/2132 1345/12/2132 1344/13/2132
f 1344/13/2132 1347/15/2132 1346/14/2132
f 1346/14/2133 1347/15/2133 1348/17/2133
f 1348/17/2133 1349/16/2133 1346/14/2133
f 1336/5/2134 1335/2/2135 1350/18/2136
f 1350/18/2136 1351/19/2135 1336/5/2134
f 1336/5/2137 1351/19/2137 1352/20/2137
f 1352/20/2137 1338/7/2137 1336/5/2137
f 1352/20/2138 1353/21/2138 1341/9/2138
f 1341/9/2138 1338/7/2138 1352/20/2138
f 1354/22/2139 1342/11/2140 1341/9/2139
f 1341/9/2139 1353/21/2139 1354/22/2139
f 1355/23/2141 1344/13/2141 1342/11/2141
f 1342/11/2141 1354/22/2141 1355/23/2141
f 1356/24/2142 1347/15/2142 1344/13/2142
f 1344/13/2142 1355/23/2143 1356/24/2142
f 1347/15/2144 1356/24/2144 1357/25/2144
f 1357/25/2144 1348/17/2144 1347/15/2144
f 1358/26/2145 1351/19/2146 1350/18/2146
f 1350/18/2146 1359/27/2146 1358/26/2145
f 1360/28/2147 1352/20/2147 1351/19/2147
f 1351/19/2147 1358/26/2147 1360/28/2147
f 1360/28/2148 1361/29/2148 1353/21/2148
f 1353/21/2148 1352/20/2149 1360/28/2148
f 1354/22/2150 1353/21/2151 1361/29/2152
f 1355/23/2153 1354/22/2153 1362/30/2153
f 1362/30/2153 1363/31/2153 1355/23/2153
f 1364/32/2154 1356/24/2155 1355/23/2156
f 1365/33/2157 1357/25/2158 1356/24/2159
f 1359/27/2160 1366/34/2160 1367/35/2160
f 1367/35/2160 1358/26/2160 1359/27/2160
f 1368/36/2161 1360/28/2162 1358/26/2162
f 1358/26/2162 1367/35/2162 1368/36/2161
f 1367/35/2163 1366/34/2164 1369/38/2165
f 1371/43/2166 1372/42/2166 1373/45/2166
f 1373/45/2166 1374/44/2166 1371/43/2166
f 1375/47/2167 1376/46/2167 1371/43/2167
f 1371/43/2167 1374/44/2167 1375/47/2167
f 1376/46/2168 1375/47/2168 1377/48/2168
f 1377/48/2168 1378/49/2168 1376/46/2168
f 1379/50/2169 1374/44/2169 1373/45/2169
f 1373/45/2169 1380/51/2169 1379/50/2169
f 1374/44/2170 1379/50/2171 1381/52/2171
f 1381/52/2171 1375/47/2171 1374/44/2170
f 1381/52/2172 1382/53/2172 1377/48/2172
f 1377/48/2172 1375/47/2172 1381/52/2172
f 1383/54/2173 1377/48/2173 1382/53/2173
f 1382/53/2173 1384/55/2173 1383/54/2173
f 1385/56/2174 1379/50/2174 1380/51/2174
f 1380/51/2174 1386/57/2174 1385/56/2174
f 1381/52/2175 1379/50/2175 1385/56/2175
f 1385/56/2175 1387/58/2175 1381/52/2175
f 1381/52/2176 1387/58/2176 1388/59/2177
f 1388/59/2177 1382/53/2176 1381/52/2176
f 1389/60/2178 1384/55/2178 1382/53/2178
f 1382/53/2178 1388/59/2178 1389/60/2178
f 1386/57/2179 1390/62/2179 1391/61/2179
f 1391/61/2179 1385/56/2179 1386/57/2179
f 1391/61/2180 1392/63/2180 1387/58/2180
f 1387/58/2180 1385/56/2180 1391/61/2180
f 1387/58/2181 1392/63/2181 1393/64/2181
f 1393/64/2181 1388/59/2181 1387/58/2181
f 1395/66/2182 1391/61/2182 1390/62/2182
f 1390/62/2182 1396/67/2182 1395/66/2182
f 1395/66/2183 1397/68/2183 1392/63/2183
f 1392/63/2183 1391/61/2183 1395/66/2183
f 1398/69/2184 1393/64/2184 1392/63/2184
f 1392/63/2184 1397/68/2184 1398/69/2184
f 1400/72/2185 1401/71/2185 1395/66/2185
f 1395/66/2185 1396/67/2185 1400/72/2185
f 1397/68/2186 1395/66/2186 1401/71/2186
f 1401/71/2186 1402/73/2186 1397/68/2186
f 1397/68/2187 1402/73/2187 1403/74/2187
f 1403/74/2187 1398/69/2187 1397/68/2187
f 1404/78/2188 1405/77/2188 1406/76/2189
f 1406/76/2189 1407/79/2188 1404/78/2188
f 1404/78/2190 1407/79/2190 1408/81/2190
f 1408/81/2190 1409/80/2190 1404/78/2190
f 1410/83/2191 1411/82/2191 1409/80/2191
f 1409/80/2191 1408/81/2191 1410/83/2191
f 1412/84/2192 1411/82/2192 1410/83/2192
f 1410/83/2192 1413/85/2192 1412/84/2192
f 1412/84/2193 1413/85/2193 1414/87/2193
f 1414/87/2193 1415/86/2193 1412/84/2193
f 1414/87/2194 1416/89/2194 1417/88/2194
f 1417/88/2194 1415/86/2195 1414/87/2194
f 1417/88/2196 1416/89/2196 1418/91/2196
f 1418/91/2196 1419/90/2196 1417/88/2196
f 1420/92/2197 1407/79/2197 1406/76/2197
f 1406/76/2197 1421/93/2197 1420/92/2197
f 1422/94/2198 1408/81/2198 1407/79/2198
f 1407/79/2198 1420/92/2199 1422/94/2198
f 1423/95/2200 1410/83/2200 1408/81/2200
f 1408/81/2200 1422/94/2200 1423/95/2200
f 1424/96/2201 1413/85/2201 1410/83/2201
f 1410/83/2201 1423/95/2201 1424/96/2201
f 1425/97/2202 1414/87/2202 1413/85/2202
f 1413/85/2202 1424/96/2202 1425/97/2202
f 1425/97/2203 1426/98/2204 1416/89/2203
f 1416/89/2203 1414/87/2203 1425/97/2203
f 1426/98/2205 1427/99/2205 1418/91/2205
f 1418/91/2205 1416/89/2205 1426/98/2205
f 1421/93/2206 1428/100/2206 1429/101/2206
f 1429/101/2206 1420/92/2206 1421/93/2206
f 1430/102/2207 1422/94/2207 1420/92/2207
f 1420/92/2207 1429/101/2207 1430/102/2207
f 1423/95/2208 1422/94/2208 1430/102/2208
f 1430/102/2208 1431/103/2208 1423/95/2208
f 1423/95/2209 1431/103/2209 1432/104/2209
f 1432/104/2209 1424/96/2209 1423/95/2209
f 1433/105/2210 1425/97/2210 1424/96/2210
f 1424/96/2210 1432/104/2210 1433/105/2210
f 1426/98/2211 1425/97/2211 1433/105/2211
f 1433/105/2211 1434/106/2211 1426/98/2211
f 1426/98/2212 1434/106/2212 1435/107/2212
f 1435/107/2212 1427/99/2212 1426/98/2212
f 1429/101/2213 1428/100/2213 1436/108/2213
f 1436/108/2213 1437/109/2213 1429/101/2213
f 1429/101/2214 1437/109/2214 1438/110/2214
f 1438/110/2214 1430/102/2214 1429/101/2214
f 1442/118/2215 1443/117/2215 1444/120/2216
f 1444/120/2216 1445/119/2215 1442/118/2215
f 1446/122/2217 1447/121/2218 1445/119/2218
f 1445/119/2218 1444/120/2218 1446/122/2217
f 1448/123/2219 1447/121/2220 1446/122/2219
f 1446/122/2219 1449/124/2219 1448/123/2219
f 1448/123/2221 1449/124/2221 1450/126/2221
f 1450/126/2221 1451/125/2221 1448/123/2221
f 1452/128/2222 1453/127/2222 1451/125/2222
f 1451/125/2222 1450/126/2222 1452/128/2222
f 1454/129/2223 1453/127/2224 1452/128/2225
f 1444/120/2226 1443/117/2226 1456/133/2226
f 1456/133/2226 1457/134/2226 1444/120/2226
f 1444/120/2227 1457/134/2227 1458/135/2227
f 1458/135/2227 1446/122/2227 1444/120/2227
f 1459/136/2228 1449/124/2228 1446/122/2228
f 1446/122/2228 1458/135/2228 1459/136/2228
f 1450/126/2229 1449/124/2230 1459/136/2231
f 1459/136/2231 1460/137/2230 1450/126/2229
f 1450/126/2232 1460/137/2233 1461/139/2234
f 1462/141/2235 1463/140/2235 1457/134/2235
f 1457/134/2235 1456/133/2235 1462/141/2235
f 1458/135/2236 1457/134/2236 1463/140/2236
f 1463/140/2236 1464/142/2236 1458/135/2236
f 1458/135/2237 1464/142/2237 1465/143/2237
f 1465/143/2237 1459/136/2237 1458/135/2237
f 1466/144/2238 1460/137/2239 1459/136/2239
f 1459/136/2239 1465/143/2239 1466/144/2238
f 1462/141/2240 1467/146/2240 1468/145/2240
f 1468/145/2240 1463/140/2240 1462/141/2240
f 1468/145/2241 1469/147/2241 1464/142/2241
f 1464/142/2241 1463/140/2241 1468/145/2241
f 1465/143/2242 1464/142/2243 1469/147/2244
f 1469/147/2244 1470/148/2243 1465/143/2242
f 1468/145/2245 1467/146/2245 1471/150/2246
f 1471/150/2246 1472/149/2246 1468/145/2245
f 1468/145/2247 1472/149/2247 1473/151/2247
f 1473/151/2247 1469/147/2247 1468/145/2247
f 1473/151/2248 1474/152/2248 1470/148/2249
f 1470/148/2249 1469/147/2248 1473/151/2248
f 1475/155/2250 1472/149/2250 1471/150/2251
f 1471/150/2251 1476/154/2251 1475/155/2250
f 1473/151/2252 1472/149/2252 1475/155/2252
f 1475/155/2252 1477/156/2252 1473/151/2252
f 1473/151/2253 1477/156/2253 1478/157/2253
f 1478/157/2253 1474/152/2253 1473/151/2253
f 1400/72/2254 1349/16/2254 1348/17/2254
f 1348/17/2254 1401/71/2254 1400/72/2254
f 1357/25/2255 1402/73/2255 1401/71/2255
f 1401/71/2255 1348/17/2255 1357/25/2255
f 1402/73/2256 1357/25/2257 1365/33/2258
f 1418/91/2259 1475/155/2259 1476/154/2260
f 1476/154/2260 1419/90/2259 1418/91/2259
f 1427/99/2261 1477/156/2261 1475/155/2262
f 1475/155/2262 1418/91/2262 1427/99/2261
f 1427/99/2263 1435/107/2263 1478/157/2263
f 1478/157/2263 1477/156/2263 1427/99/2263
f 1334/3/2264 1479/161/2264 1480/160/2265
f 1480/160/2265 1481/159/2264 1334/3/2264
f 1337/4/2266 1482/162/2266 1479/161/2266
f 1479/161/2266 1334/3/2266 1337/4/2266
f 1483/163/2267 1482/162/2268 1337/4/2268
f 1337/4/2268 1339/6/2268 1483/163/2267
f 1483/163/2269 1339/6/2269 1340/8/2269
f 1340/8/2269 1484/164/2269 1483/163/2269
f 1343/10/2270 1485/165/2270 1484/164/2270
f 1484/164/2270 1340/8/2270 1343/10/2270
f 1486/166/2271 1485/165/2272 1343/10/2272
f 1343/10/2272 1345/12/2272 1486/166/2271
f 1486/166/2273 1345/12/2273 1346/14/2273
f 1346/14/2273 1487/167/2273 1486/166/2273
f 1349/16/2274 1488/168/2274 1487/167/2274
f 1487/167/2274 1346/14/2274 1349/16/2274
f 1334/3/2275 1481/159/2276 1489/169/2276
f 1489/169/2276 1335/2/2276 1334/3/2275
f 1350/18/2277 1335/2/2277 1489/169/2277
f 1489/169/2277 1490/170/2277 1350/18/2277
f 1490/170/2278 1491/171/2278 1359/27/2278
f 1359/27/2278 1350/18/2278 1490/170/2278
f 1491/171/2279 1492/172/2279 1366/34/2279
f 1366/34/2279 1359/27/2279 1491/171/2279
f 1369/38/2280 1366/34/2281 1492/172/2281
f 1492/172/2281 1493/173/2282 1369/38/2280
f 1493/173/2282 1494/174/2283 1370/41/2284
f 1370/41/2284 1369/38/2280 1493/173/2282
f 1495/175/2285 1455/131/2286 1370/41/2284
f 1370/41/2284 1494/174/2283 1495/175/2285
f 1496/176/2287 1497/178/2287 1372/42/2287
f 1372/42/2287 1498/177/2287 1496/176/2287
f 1499/179/2288 1498/177/2288 1372/42/2288
f 1372/42/2288 1371/43/2288 1499/179/2288
f 1500/180/2289 1499/179/2289 1371/43/2289
f 1371/43/2289 1376/46/2289 1500/180/2289
f 1378/49/2290 1501/181/2290 1500/180/2290
f 1500/180/2290 1376/46/2290 1378/49/2290
f 1373/45/2291 1372/42/2291 1497/178/2291
f 1497/178/2291 1502/182/2291 1373/45/2291
f 1373/45/2292 1502/182/2292 1503/183/2292
f 1503/183/2292 1380/51/2292 1373/45/2292
f 1380/51/2293 1503/183/2294 1504/184/2294
f 1504/184/2294 1386/57/2294 1380/51/2293
f 1504/184/2295 1505/185/2295 1390/62/2295
f 1390/62/2295 1386/57/2295 1504/184/2295
f 1390/62/2296 1505/185/2296 1506/186/2296
f 1506/186/2296 1396/67/2296 1390/62/2296
f 1507/187/2297 1400/72/2297 1396/67/2297
f 1396/67/2297 1506/186/2297 1507/187/2297
f 1349/16/2298 1400/72/2298 1507/187/2298
f 1507/187/2298 1488/168/2298 1349/16/2298
f 1508/190/2299 1509/189/2299 1405/77/2300
f 1405/77/2300 1510/188/2299 1508/190/2299
f 1511/191/2301 1510/188/2301 1405/77/2301
f 1405/77/2301 1404/78/2301 1511/191/2301
f 1512/192/2302 1511/191/2302 1404/78/2303
f 1404/78/2303 1409/80/2302 1512/192/2302
f 1513/193/2304 1512/192/2304 1409/80/2304
f 1409/80/2304 1411/82/2304 1513/193/2304
f 1514/194/2305 1513/193/2305 1411/82/2305
f 1411/82/2305 1412/84/2305 1514/194/2305
f 1412/84/2306 1415/86/2306 1515/195/2306
f 1515/195/2306 1514/194/2306 1412/84/2306
f 1516/196/2307 1515/195/2307 1415/86/2307
f 1415/86/2307 1417/88/2307 1516/196/2307
f 1517/197/2308 1516/196/2309 1417/88/2309
f 1417/88/2309 1419/90/2309 1517/197/2308
f 1509/189/2310 1518/198/2310 1406/76/2310
f 1406/76/2310 1405/77/2310 1509/189/2310
f 1406/76/2311 1518/198/2311 1519/199/2311
f 1519/199/2311 1421/93/2311 1406/76/2311
f 1519/199/2312 1520/200/2312 1428/100/2312
f 1428/100/2312 1421/93/2312 1519/199/2312
f 1436/108/2313 1428/100/2313 1520/200/2313
f 1520/200/2313 1521/201/2313 1436/108/2313
f 1522/203/2314 1442/118/2314 1523/202/2315
f 1523/202/2315 1524/204/2314 1522/203/2314
f 1445/119/2316 1525/205/2316 1523/202/2317
f 1523/202/2317 1442/118/2316 1445/119/2316
f 1525/205/2318 1445/119/2319 1447/121/2318
f 1447/121/2318 1526/206/2318 1525/205/2318
f 1448/123/2320 1527/207/2320 1526/206/2320
f 1526/206/2320 1447/121/2320 1448/123/2320
f 1451/125/2321 1528/208/2321 1527/207/2321
f 1527/207/2321 1448/123/2321 1451/125/2321
f 1453/127/2322 1529/209/2323 1528/208/2324
f 1528/208/2324 1451/125/2325 1453/127/2322
f 1454/129/2326 1530/210/2327 1529/209/2323
f 1529/209/2323 1453/127/2322 1454/129/2326
f 1455/131/2286 1495/175/2285 1530/210/2327
f 1530/210/2327 1454/129/2326 1455/131/2286
f 1522/203/2328 1531/211/2328 1443/117/2328
f 1443/117/2328 1442/118/2328 1522/203/2328
f 1531/211/2329 1532/212/2329 1456/133/2329
f 1456/133/2329 1443/117/2329 1531/211/2329
f 1456/133/2330 1532/212/2330 1533/213/2330
f 1533/213/2330 1462/141/2330 1456/133/2330
f 1533/213/2331 1534/214/2331 1467/146/2331
f 1467/146/2331 1462/141/2332 1533/213/2331
f 1534/214/2333 1535/215/2333 1471/150/2333
f 1471/150/2333 1467/146/2333 1534/214/2333
f 1471/150/2334 1535/215/2334 1536/216/2334
f 1536/216/2334 1476/154/2334 1471/150/2334
f 1517/197/2335 1419/90/2335 1476/154/2335
f 1476/154/2335 1536/216/2335 1517/197/2335
f 1537/218/2336 1538/217/2336 1539/220/2336
f 1539/220/2336 1540/219/2336 1537/218/2336
f 1541/221/2337 1540/219/2337 1539/220/2337
f 1539/220/2337 1542/222/2337 1541/221/2337
f 1543/223/2338 1541/221/2338 1542/222/2339
f 1542/222/2339 1544/224/2340 1543/223/2338
f 1539/220/2341 1538/217/2341 1545/226/2341
f 1545/226/2341 1546/225/2341 1539/220/2341
f 1547/227/2342 1542/222/2342 1539/220/2342
f 1539/220/2342 1546/225/2342 1547/227/2342
f 1542/222/2339 1547/227/2343 1548/228/2343
f 1548/228/2343 1544/224/2340 1542/222/2339
f 1549/229/2344 1546/225/2344 1545/226/2344
f 1545/226/2344 1550/230/2344 1549/229/2344
f 1546/225/2345 1549/229/2345 1551/231/2345
f 1551/231/2345 1547/227/2345 1546/225/2345
f 1548/228/2346 1547/227/2346 1551/231/2347
f 1551/231/2347 1552/232/2348 1548/228/2346
f 1550/230/2349 1553/233/2349 1554/234/2350
f 1554/234/2350 1549/229/2349 1550/230/2349
f 1551/231/2351 1549/229/2352 1554/234/2353
f 1554/234/2353 1555/235/2352 1551/231/2351
f 1556/236/2354 1552/232/2348 1551/231/2347
f 1551/231/2347 1555/235/2354 1556/236/2354
f 1554/234/2355 1553/233/2356 1557/238/2355
f 1557/238/2355 1558/237/2357 1554/234/2355
f 1559/239/2358 1555/235/2358 1554/234/2358
f 1554/234/2358 1558/237/2358 1559/239/2358
f 1555/235/2359 1559/239/2360 1560/240/2361
f 1560/240/2361 1556/236/2359 1555/235/2359
f 1558/237/2362 1557/238/2363 1561/242/2364
f 1561/242/2364 1562/241/2362 1558/237/2362
f 1558/237/2365 1562/241/2366 1563/243/2366
f 1563/243/2366 1559/239/2366 1558/237/2365
f 1560/240/2361 1559/239/2360 1563/243/2367
f 1563/243/2367 1564/244/2367 1560/240/2361
f 1561/242/2368 1565/245/2368 1566/246/2368
f 1566/246/2368 1562/241/2368 1561/242/2368
f 1563/243/2369 1562/241/2369 1566/246/2369
f 1566/246/2369 1567/247/2370 1563/243/2369
f 1568/248/2371 1564/244/2372 1563/243/2372
f 1563/243/2372 1567/247/2373 1568/248/2371
f 1566/246/2374 1565/245/2374 1569/250/2374
f 1569/250/2374 1570/249/2374 1566/246/2374
f 1570/249/2375 1571/251/2375 1567/247/2375
f 1567/247/2375 1566/246/2375 1570/249/2375
f 1567/247/2373 1571/251/2376 1572/252/2376
f 1572/252/2376 1568/248/2371 1567/247/2373
f 1573/253/2377 1570/249/2377 1569/250/2377
f 1569/250/2377 1574/254/2377 1573/253/2377
f 1570/249/2378 1573/253/2378 1575/255/2378
f 1575/255/2378 1571/251/2378 1570/249/2378
f 1572/252/2379 1571/251/2379 1575/255/2379
f 1575/255/2379 1576/256/2379 1572/252/2379
f 1574/254/2380 1577/257/2380 1578/258/2381
f 1578/258/2381 1573/253/2380 1574/254/2380
f 1575/255/2382 1573/253/2382 1578/258/2383
f 1578/258/2383 1579/259/2382 1575/255/2382
f 1576/256/2384 1575/255/2384 1579/259/2384
f 1579/259/2384 1580/260/2384 1576/256/2384
f 1578/258/2385 1577/257/2385 1581/262/2385
f 1581/262/2385 1582/261/2385 1578/258/2385
f 1583/263/2386 1579/259/2386 1578/258/2386
f 1578/258/2386 1582/261/2386 1583/263/2386
f 1579/259/2387 1583/263/2388 1584/264/2388
f 1584/264/2388 1580/260/2389 1579/259/2387
f 1585/265/2390 1582/261/2390 1581/262/2390
f 1581/262/2390 1586/266/2390 1585/265/2390
f 1582/261/2391 1585/265/2391 1587/267/2391
f 1587/267/2391 1583/263/2391 1582/261/2391
f 1584/264/2392 1583/263/2392 1587/267/2392
f 1587/267/2392 1588/268/2392 1584/264/2392
f 1586/266/2393 1589/269/2393 1590/270/2393
f 1590/270/2393 1585/265/2393 1586/266/2393
f 1587/267/2394 1585/265/2395 1590/270/2395
f 1590/270/2395 1591/271/2395 1587/267/2394
f 1592/272/2396 1588/268/2396 1587/267/2397
f 1587/267/2397 1591/271/2396 1592/272/2396
f 1590/270/2398 1589/269/2398 1593/274/2398
f 1593/274/2398 1594/273/2398 1590/270/2398
f 1595/275/2399 1591/271/2399 1590/270/2399
f 1590/270/2399 1594/273/2399 1595/275/2399
f 1591/271/2400 1595/275/2400 1596/276/2401
f 1596/276/2401 1592/272/2402 1591/271/2400
f 1597/278/2403 1598/277/2403 1537/218/2403
f 1537/218/2403 1599/279/2403 1597/278/2403
f 1540/219/2404 1600/280/2404 1599/279/2404
f 1599/279/2404 1537/218/2404 1540/219/2404
f 1600/280/2405 1540/219/2405 1541/221/2405
f 1541/221/2405 1601/281/2405 1600/280/2405
f 1602/282/2406 1601/281/2406 1541/221/2406
f 1541/221/2406 1543/223/2406 1602/282/2406
f 1501/283/2407 1596/276/2407 1595/275/2407
f 1595/275/2407 1500/284/2407 1501/283/2407
f 1594/273/2408 1499/285/2408 1500/284/2408
f 1500/284/2408 1595/275/2408 1594/273/2408
f 1594/273/2409 1593/274/2409 1498/286/2409
f 1498/286/2409 1499/285/2409 1594/273/2409
f 1603/288/2410 1496/287/2410 1498/286/2410
f 1498/286/2410 1593/274/2410 1603/288/2410
f 1589/269/2411 1604/289/2411 1603/288/2411
f 1603/288/2411 1593/274/2411 1589/269/2411
f 1605/290/2412 1604/289/2412 1589/269/2412
f 1589/269/2412 1586/266/2412 1605/290/2412
f 1586/266/2413 1581/262/2413 1606/291/2413
f 1606/291/2413 1605/290/2413 1586/266/2413
f 1581/262/2414 1577/257/2414 1607/292/2414
f 1607/292/2414 1606/291/2414 1581/262/2414
f 1608/293/2415 1607/292/2415 1577/257/2415
f 1577/257/2415 1574/254/2415 1608/293/2415
f 1569/250/2416 1609/294/2417 1608/293/2416
f 1608/293/2416 1574/254/2418 1569/250/2416
f 1565/245/2419 1610/295/2419 1609/294/2419
f 1609/294/2419 1569/250/2419 1565/245/2419
f 1565/245/2420 1561/242/2420 1611/296/2420
f 1611/296/2420 1610/295/2420 1565/245/2420
f 1611/296/2421 1561/242/2421 1557/238/2422
f 1557/238/2422 1612/297/2421 1611/296/2421
f 1553/233/2423 1613/298/2424 1612/297/2425
f 1612/297/2425 1557/238/2426 1553/233/2423
f 1614/299/2427 1613/298/2428 1553/233/2429
f 1553/233/2429 1550/230/2430 1614/299/2427
f 1550/230/2431 1545/226/2431 1615/300/2431
f 1615/300/2431 1614/299/2431 1550/230/2431
f 1545/226/2432 1538/217/2433 1616/301/2432
f 1616/301/2432 1615/300/2432 1545/226/2432
f 1598/277/2434 1616/301/2434 1538/217/2434
f 1538/217/2434 1537/218/2434 1598/277/2434
f 1617/303/2435 1618/302/2435 1619/305/2435
f 1619/305/2435 1620/304/2435 1617/303/2435
f 1621/307/2436 1622/306/2436 1620/304/2436
f 1620/304/2436 1619/305/2436 1621/307/2436
f 1623/309/2437 1624/308/2437 1622/306/2437
f 1622/306/2437 1621/307/2437 1623/309/2437
f 1624/308/2438 1623/309/2438 1625/311/2438
f 1625/311/2438 1626/310/2438 1624/308/2438
f 1619/305/2439 1618/302/2439 1627/313/2439
f 1627/313/2439 1628/312/2439 1619/305/2439
f 1629/314/2440 1621/307/2440 1619/305/2440
f 1619/305/2440 1628/312/2440 1629/314/2440
f 1630/315/2441 1623/309/2441 1621/307/2441
f 1621/307/2441 1629/314/2441 1630/315/2441
f 1625/311/2442 1623/309/2442 1630/315/2442
f 1630/315/2442 1631/316/2442 1625/311/2442
f 1632/317/2443 1628/312/2443 1627/313/2443
f 1627/313/2443 1633/318/2443 1632/317/2443
f 1634/319/2444 1629/314/2444 1628/312/2444
f 1628/312/2444 1632/317/2444 1634/319/2444
f 1629/314/2445 1634/319/2445 1635/320/2446
f 1635/320/2446 1630/315/2447 1629/314/2445
f 1635/320/2446 1636/321/2448 1631/316/2449
f 1631/316/2449 1630/315/2447 1635/320/2446
f 1633/318/2450 1637/323/2450 1638/322/2450
f 1638/322/2450 1632/317/2450 1633/318/2450
f 1639/324/2451 1634/319/2451 1632/317/2451
f 1632/317/2451 1638/322/2451 1639/324/2451
f 1635/320/2452 1634/319/2453 1639/324/2453
f 1639/324/2453 1640/325/2454 1635/320/2452
f 1635/320/2452 1640/325/2454 1641/326/2455
f 1641/326/2455 1636/321/2456 1635/320/2452
f 1642/327/2457 1638/322/2457 1637/323/2457
f 1637/323/2457 1643/328/2457 1642/327/2457
f 1638/322/2458 1642/327/2458 1644/329/2458
f 1644/329/2458 1639/324/2458 1638/322/2458
f 1644/329/2459 1645/330/2459 1640/325/2459
f 1640/325/2459 1639/324/2459 1644/329/2459
f 1641/326/2460 1640/325/2461 1645/330/2461
f 1645/330/2461 1646/331/2461 1641/326/2460
f 1647/332/2462 1642/327/2463 1643/328/2463
f 1643/328/2463 1648/333/2462 1647/332/2462
f 1644/329/2464 1642/327/2464 1647/332/2464
f 1647/332/2464 1649/334/2464 1644/329/2464
f 1644/329/2465 1649/334/2465 1650/335/2465
f 1650/335/2465 1645/330/2465 1644/329/2465
f 1651/336/2466 1646/331/2467 1645/330/2468
f 1645/330/2468 1650/335/2468 1651/336/2466
f 1648/333/2469 1652/338/2469 1653/337/2470
f 1653/337/2470 1647/332/2470 1648/333/2469
f 1653/337/2471 1654/339/2471 1649/334/2471
f 1649/334/2471 1647/332/2471 1653/337/2471
f 1650/335/2472 1649/334/2472 1654/339/2472
f 1654/339/2472 1655/340/2472 1650/335/2472
f 1650/335/2473 1655/340/2473 1656/341/2473
f 1656/341/2473 1651/336/2473 1650/335/2473
f 1653/337/2474 1652/338/2475 1657/343/2476
f 1657/343/2476 1658/342/2476 1653/337/2474
f 1653/337/2477 1658/342/2477 1659/344/2477
f 1659/344/2477 1654/339/2477 1653/337/2477
f 1660/345/2478 1655/340/2479 1654/339/2479
f 1654/339/2479 1659/344/2479 1660/345/2478
f 1661/346/2480 1656/341/2480 1655/340/2480
f 1655/340/2480 1660/345/2480 1661/346/2480
f 1662/348/2481 1663/347/2481 1658/342/2481
f 1658/342/2481 1657/343/2481 1662/348/2481
f 1659/344/2482 1658/342/2483 1663/347/2484
f 1663/347/2484 1664/349/2485 1659/344/2482
f 1665/350/2486 1660/345/2486 1659/344/2487
f 1659/344/2487 1664/349/2487 1665/350/2486
f 1666/351/2488 1661/346/2489 1660/345/2488
f 1660/345/2488 1665/350/2490 1666/351/2488
f 1662/348/2491 1667/353/2492 1668/352/2493
f 1668/352/2493 1663/347/2494 1662/348/2491
f 1669/354/2495 1664/349/2495 1663/347/2495
f 1663/347/2495 1668/352/2495 1669/354/2495
f 1670/355/2496 1665/350/2496 1664/349/2496
f 1664/349/2496 1669/354/2496 1670/355/2496
f 1665/350/2497 1670/355/2497 1671/356/2497
f 1671/356/2497 1666/351/2497 1665/350/2497
f 1668/352/2498 1667/353/2498 1672/358/2498
f 1672/358/2498 1673/357/2498 1668/352/2498
f 1668/352/2499 1673/357/2499 1674/359/2499
f 1674/359/2499 1669/354/2499 1668/352/2499
f 1675/360/2500 1670/355/2500 1669/354/2500
f 1669/354/2500 1674/359/2500 1675/360/2500
f 1671/356/2501 1670/355/2502 1675/360/2502
f 1675/360/2502 1676/361/2502 1671/356/2501
f 1677/362/2503 1673/357/2503 1672/358/2504
f 1672/358/2504 1678/363/2503 1677/362/2503
f 1679/364/2505 1674/359/2506 1673/357/2506
f 1673/357/2506 1677/362/2506 1679/364/2505
f 1674/359/2507 1679/364/2507 1680/365/2507
f 1680/365/2507 1675/360/2507 1674/359/2507
f 1680/365/2508 1681/366/2509 1676/361/2510
f 1676/361/2510 1675/360/2510 1680/365/2508
f 1682/367/2511 1677/362/2511 1678/363/2511
f 1678/363/2511 1683/368/2511 1682/367/2511
f 1684/369/2512 1679/364/2512 1677/362/2512
f 1677/362/2512 1682/367/2512 1684/369/2512
f 1680/365/2513 1679/364/2513 1684/369/2513
f 1684/369/2513 1685/370/2513 1680/365/2513
f 1680/365/2508 1685/370/2514 1686/371/2514
f 1686/371/2514 1681/366/2509 1680/365/2508
f 1687/372/2515 1682/367/2515 1683/368/2516
f 1683/368/2516 1688/373/2515 1687/372/2515
f 1682/367/2517 1687/372/2517 1689/374/2517
f 1689/374/2517 1684/369/2517 1682/367/2517
f 1689/374/2518 1690/375/2518 1685/370/2518
f 1685/370/2518 1684/369/2518 1689/374/2518
f 1686/371/2519 1685/370/2520 1690/375/2519
f 1690/375/2519 1691/376/2519 1686/371/2519
f 1617/303/2521 1509/189/2521 1508/190/2521
f 1508/190/2521 1692/377/2521 1617/303/2521
f 1509/189/2522 1617/303/2522 1620/304/2522
f 1620/304/2522 1518/198/2522 1509/189/2522
f 1519/199/2523 1518/198/2523 1620/304/2523
f 1620/304/2523 1622/306/2523 1519/199/2523
f 1520/200/2524 1519/199/2524 1622/306/2524
f 1622/306/2524 1624/308/2524 1520/200/2524
f 1521/201/2525 1520/200/2525 1624/308/2525
f 1624/308/2525 1626/310/2525 1521/201/2525
f 1690/375/2526 1689/374/2526 1693/379/2526
f 1693/379/2526 1694/378/2526 1690/375/2526
f 1693/379/2527 1689/374/2527 1687/372/2527
f 1687/372/2527 1695/380/2527 1693/379/2527
f 1687/372/2528 1688/373/2528 1696/381/2528
f 1696/381/2528 1695/380/2528 1687/372/2528
f 1697/383/2529 1698/382/2529 1696/381/2529
f 1696/381/2529 1688/373/2529 1697/383/2529
f 1683/368/2530 1699/384/2530 1697/383/2530
f 1697/383/2530 1688/373/2530 1683/368/2530
f 1700/385/2531 1699/384/2531 1683/368/2531
f 1683/368/2531 1678/363/2531 1700/385/2531
f 1672/358/2532 1701/386/2532 1700/385/2532
f 1700/385/2532 1678/363/2532 1672/358/2532
f 1702/387/2533 1701/386/2534 1672/358/2535
f 1672/358/2535 1667/353/2536 1702/387/2533
f 1702/387/2537 1667/353/2538 1662/348/2539
f 1662/348/2539 1703/388/2540 1702/387/2537
f 1704/389/2541 1703/388/2541 1662/348/2541
f 1662/348/2541 1657/343/2541 1704/389/2541
f 1657/343/2542 1652/338/2543 1705/390/2543
f 1705/390/2543 1704/389/2543 1657/343/2542
f 1652/338/2544 1648/333/2544 1706/391/2544
f 1706/391/2544 1705/390/2544 1652/338/2544
f 1707/392/2545 1706/391/2545 1648/333/2546
f 1648/333/2546 1643/328/2545 1707/392/2545
f 1637/323/2547 1708/393/2548 1707/392/2547
f 1707/392/2547 1643/328/2547 1637/323/2547
f 1709/394/2549 1708/393/2549 1637/323/2549
f 1637/323/2549 1633/318/2549 1709/394/2549
f 1627/313/2550 1710/395/2550 1709/394/2550
f 1709/394/2550 1633/318/2550 1627/313/2550
f 1711/396/2551 1710/395/2551 1627/313/2551
f 1627/313/2551 1618/302/2551 1711/396/2551
f 1692/377/2552 1711/396/2553 1618/302/2552
f 1618/302/2552 1617/303/2552 1692/377/2552
f 1712/399/2554 1713/398/2554 1714/397/2554
f 1714/397/2554 1715/400/2554 1712/399/2554
f 1716/402/2555 1717/401/2555 1714/397/2555
f 1714/397/2555 1713/398/2555 1716/402/2555
f 1718/404/2556 1719/403/2556 1717/401/2556
f 1717/401/2556 1716/402/2556 1718/404/2556
f 1720/405/2557 1719/403/2557 1718/404/2557
f 1718/404/2557 1721/406/2557 1720/405/2557
f 1722/408/2558 1723/407/2558 1720/405/2558
f 1720/405/2558 1721/406/2558 1722/408/2558
f 1724/410/2559 1725/409/2560 1723/407/2561
f 1723/407/2561 1722/408/2562 1724/410/2559
f 1725/409/2563 1724/410/2564 1726/412/2565
f 1726/412/2565 1727/411/2566 1725/409/2563
f 1728/413/2567 1727/411/2568 1726/412/2568
f 1726/412/2568 1729/414/2568 1728/413/2567
f 1730/415/2569 1728/413/2570 1729/414/2570
f 1729/414/2570 1731/416/2571 1730/415/2569
f 1732/418/2572 1733/417/2572 1730/415/2572
f 1730/415/2572 1731/416/2572 1732/418/2572
f 1734/419/2573 1733/417/2573 1732/418/2573
f 1732/418/2573 1735/420/2573 1734/419/2573
f 1736/421/2574 1734/419/2574 1735/420/2574
f 1735/420/2574 1737/422/2574 1736/421/2574
f 1738/424/2575 1739/423/2576 1736/421/2575
f 1736/421/2575 1737/422/2575 1738/424/2575
f 1740/425/2577 1739/423/2577 1738/424/2577
f 1738/424/2577 1741/426/2577 1740/425/2577
f 1712/399/2578 1742/428/2578 1743/427/2578
f 1743/427/2578 1713/398/2578 1712/399/2578
f 1716/402/2579 1713/398/2579 1743/427/2579
f 1743/427/2579 1744/429/2579 1716/402/2579
f 1718/404/2580 1716/402/2580 1744/429/2580
f 1744/429/2580 1745/430/2580 1718/404/2580
f 1745/430/2581 1746/431/2581 1721/406/2581
f 1721/406/2581 1718/404/2581 1745/430/2581
f 1747/432/2582 1722/408/2582 1721/406/2582
f 1721/406/2582 1746/431/2583 1747/432/2582
f 1748/433/2584 1724/410/2585 1722/408/2586
f 1722/408/2586 1747/432/2586 1748/433/2584
f 1726/412/2587 1724/410/2588 1748/433/2589
f 1748/433/2589 1749/434/2590 1726/412/2587
f 1750/435/2591 1729/414/2591 1726/412/2591
f 1726/412/2591 1749/434/2591 1750/435/2591
f 1751/436/2592 1731/416/2592 1729/414/2592
f 1729/414/2592 1750/435/2592 1751/436/2592
f 1731/416/2593 1751/436/2593 1752/437/2593
f 1752/437/2593 1732/418/2593 1731/416/2593
f 1735/420/2594 1732/418/2594 1752/437/2594
f 1752/437/2594 1753/438/2594 1735/420/2594
f 1737/422/2595 1735/420/2595 1753/438/2595
f 1753/438/2595 1754/439/2595 1737/422/2595
f 1755/440/2596 1738/424/2596 1737/422/2596
f 1737/422/2596 1754/439/2596 1755/440/2596
f 1741/426/2597 1738/424/2598 1755/440/2598
f 1755/440/2598 1756/441/2597 1741/426/2597
f 1757/442/2599 1743/427/2599 1742/428/2599
f 1742/428/2599 1758/443/2599 1757/442/2599
f 1744/429/2600 1743/427/2600 1757/442/2600
f 1757/442/2600 1759/444/2600 1744/429/2600
f 1745/430/2601 1744/429/2601 1759/444/2601
f 1759/444/2601 1760/445/2601 1745/430/2601
f 1745/430/2602 1760/445/2602 1761/446/2602
f 1761/446/2602 1746/431/2602 1745/430/2602
f 1747/432/2603 1746/431/2604 1761/446/2605
f 1761/446/2605 1762/447/2603 1747/432/2603
f 1748/433/2606 1747/432/2607 1762/447/2608
f 1762/447/2608 1763/448/2609 1748/433/2606
f 1763/448/2610 1764/449/2611 1749/434/2612
f 1749/434/2612 1748/433/2613 1763/448/2610
f 1765/450/2614 1750/435/2615 1749/434/2614
f 1749/434/2614 1764/449/2614 1765/450/2614
f 1766/451/2616 1751/436/2616 1750/435/2616
f 1750/435/2616 1765/450/2616 1766/451/2616
f 1752/437/2617 1751/436/2617 1766/451/2617
f 1766/451/2617 1767/452/2617 1752/437/2617
f 1768/453/2618 1753/438/2618 1752/437/2618
f 1752/437/2618 1767/452/2618 1768/453/2618
f 1769/454/2619 1754/439/2619 1753/438/2619
f 1753/438/2619 1768/453/2619 1769/454/2619
f 1754/439/2620 1769/454/2620 1770/455/2620
f 1770/455/2620 1755/440/2620 1754/439/2620
f 1756/441/2621 1755/440/2621 1770/455/2621
f 1770/455/2621 1771/456/2621 1756/441/2621
f 1772/457/2622 1757/442/2622 1758/443/2622
f 1758/443/2622 1773/458/2622 1772/457/2622
f 1759/444/2623 1757/442/2623 1772/457/2623
f 1772/457/2623 1774/459/2623 1759/444/2623
f 1760/445/2624 1759/444/2624 1774/459/2624
f 1774/459/2624 1775/460/2624 1760/445/2624
f 1776/461/2625 1761/446/2625 1760/445/2625
f 1760/445/2625 1775/460/2625 1776/461/2625
f 1762/447/2626 1761/446/2627 1776/461/2627
f 1776/461/2627 1777/462/2628 1762/447/2626
f 1763/448/2629 1762/447/2629 1777/462/2630
f 1777/462/2630 1778/463/2631 1763/448/2629
f 1763/448/2632 1778/463/2632 1779/464/2632
f 1779/464/2632 1764/449/2632 1763/448/2632
f 1765/450/2633 1764/449/2634 1779/464/2635
f 1779/464/2635 1780/465/2636 1765/450/2633
f 1766/451/2637 1765/450/2637 1780/465/2637
f 1780/465/2637 1781/466/2638 1766/451/2637
f 1781/466/2639 1782/467/2639 1767/452/2639
f 1767/452/2639 1766/451/2640 1781/466/2639
f 1783/468/2641 1768/453/2641 1767/452/2641
f 1767/452/2641 1782/467/2641 1783/468/2641
f 1784/469/2642 1769/454/2643 1768/453/2644
f 1768/453/2644 1783/468/2644 1784/469/2642
f 1770/455/2645 1769/454/2645 1784/469/2645
f 1784/469/2645 1785/470/2645 1770/455/2645
f 1786/471/2646 1771/456/2646 1770/455/2646
f 1770/455/2646 1785/470/2646 1786/471/2646
f 1773/458/2647 1787/473/2647 1788/472/2647
f 1788/472/2647 1772/457/2647 1773/458/2647
f 1774/459/2648 1772/457/2648 1788/472/2648
f 1788/472/2648 1789/474/2648 1774/459/2648
f 1775/460/2649 1774/459/2649 1789/474/2649
f 1789/474/2649 1790/475/2649 1775/460/2649
f 1791/476/2650 1776/461/2650 1775/460/2650
f 1775/460/2650 1790/475/2650 1791/476/2650
f 1777/462/2651 1776/461/2651 1791/476/2651
f 1791/476/2651 1792/477/2651 1777/462/2651
f 1778/463/2652 1777/462/2652 1792/477/2652
f 1792/477/2652 1793/478/2652 1778/463/2652
f 1794/479/2653 1779/464/2653 1778/463/2654
f 1778/463/2654 1793/478/2654 1794/479/2653
f 1780/465/2655 1779/464/2656 1794/479/2655
f 1794/479/2655 1795/480/2657 1780/465/2655
f 1781/466/2658 1780/465/2659 1795/480/2658
f 1795/480/2658 1796/481/2658 1781/466/2658
f 1781/466/2660 1796/481/2660 1797/482/2660
f 1797/482/2660 1782/467/2660 1781/466/2660
f 1783/468/2661 1782/467/2661 1797/482/2661
f 1797/482/2661 1798/483/2661 1783/468/2661
f 1784/469/2662 1783/468/2662 1798/483/2662
f 1798/483/2662 1799/484/2662 1784/469/2662
f 1799/484/2663 1800/485/2663 1785/470/2663
f 1785/470/2663 1784/469/2663 1799/484/2663
f 1801/486/2664 1786/471/2664 1785/470/2664
f 1785/470/2664 1800/485/2664 1801/486/2664
f 1788/472/2665 1787/473/2665 1802/488/2665
f 1802/488/2665 1803/487/2665 1788/472/2665
f 1804/489/2666 1789/474/2666 1788/472/2666
f 1788/472/2666 1803/487/2667 1804/489/2666
f 1805/490/2668 1790/475/2668 1789/474/2668
f 1789/474/2668 1804/489/2668 1805/490/2668
f 1790/475/2669 1805/490/2669 1806/491/2669
f 1806/491/2669 1791/476/2669 1790/475/2669
f 1792/477/2670 1791/476/2671 1806/491/2670
f 1806/491/2670 1807/492/2672 1792/477/2670
f 1793/478/2673 1792/477/2673 1807/492/2673
f 1807/492/2673 1808/493/2674 1793/478/2673
f 1794/479/2675 1793/478/2676 1808/493/2676
f 1808/493/2676 1809/494/2675 1794/479/2675
f 1795/480/2677 1794/479/2677 1809/494/2677
f 1809/494/2677 1810/495/2677 1795/480/2677
f 1796/481/2678 1795/480/2678 1810/495/2678
f 1810/495/2678 1811/496/2678 1796/481/2678
f 1797/482/2679 1796/481/2679 1811/496/2679
f 1811/496/2679 1812/497/2679 1797/482/2679
f 1798/483/2680 1797/482/2681 1812/497/2682
f 1812/497/2682 1813/498/2680 1798/483/2680
f 1799/484/2683 1798/483/2683 1813/498/2683
f 1813/498/2683 1814/499/2683 1799/484/2683
f 1799/484/2684 1814/499/2684 1815/500/2684
f 1815/500/2684 1800/485/2684 1799/484/2684
f 1816/501/2685 1801/486/2685 1800/485/2685
f 1800/485/2685 1815/500/2685 1816/501/2685
f 1817/502/2686 1803/487/2686 1802/488/2687
f 1802/488/2687 1818/503/2687 1817/502/2686
f 1804/489/2688 1803/487/2689 1817/502/2688
f 1817/502/2688 1819/504/2690 1804/489/2688
f 1805/490/2691 1804/489/2692 1819/504/2693
f 1819/504/2693 1820/505/2694 1805/490/2691
f 1806/491/2695 1805/490/2695 1820/505/2695
f 1820/505/2695 1821/506/2695 1806/491/2695
f 1807/492/2696 1806/491/2696 1821/506/2697
f 1821/506/2697 1822/507/2696 1807/492/2696
f 1808/493/2698 1807/492/2698 1822/507/2698
f 1822/507/2698 1823/508/2698 1808/493/2698
f 1824/509/2699 1809/494/2699 1808/493/2699
f 1808/493/2699 1823/508/2700 1824/509/2699
f 1810/495/2701 1809/494/2702 1824/509/2703
f 1824/509/2703 1825/510/2701 1810/495/2701
f 1811/496/2704 1810/495/2704 1825/510/2705
f 1825/510/2705 1826/511/2704 1811/496/2704
f 1827/512/2706 1812/497/2707 1811/496/2708
f 1811/496/2708 1826/511/2709 1827/512/2706
f 1828/513/2710 1813/498/2710 1812/497/2711
f 1812/497/2711 1827/512/2711 1828/513/2710
f 1829/514/2712 1814/499/2712 1813/498/2713
f 1813/498/2713 1828/513/2714 1829/514/2712
f 1830/515/2715 1815/500/2715 1814/499/2715
f 1814/499/2715 1829/514/2715 1830/515/2715
f 1815/500/2716 1830/515/2716 1831/516/2716
f 1831/516/2716 1816/501/2716 1815/500/2716
f 1818/503/2717 1832/518/2717 1833/517/2717
f 1833/517/2717 1817/502/2717 1818/503/2717
f 1819/504/2718 1817/502/2719 1833/517/2718
f 1833/517/2718 1834/519/2718 1819/504/2718
f 1820/505/2720 1819/504/2720 1834/519/2720
f 1834/519/2720 1835/520/2720 1820/505/2720
f 1821/506/2721 1820/505/2722 1835/520/2723
f 1835/520/2723 1836/521/2721 1821/506/2721
f 1822/507/2724 1821/506/2724 1836/521/2724
f 1836/521/2724 1837/522/2724 1822/507/2724
f 1823/508/2725 1822/507/2726 1837/522/2726
f 1837/522/2726 1838/523/2726 1823/508/2725
f 1824/509/2727 1823/508/2727 1838/523/2727
f 1838/523/2727 1839/524/2727 1824/509/2727
f 1825/510/2728 1824/509/2729 1839/524/2730
f 1839/524/2730 1840/525/2730 1825/510/2728
f 1826/511/2731 1825/510/2732 1840/525/2733
f 1840/525/2733 1841/526/2734 1826/511/2731
f 1826/511/2735 1841/526/2736 1842/527/2737
f 1842/527/2737 1827/512/2735 1826/511/2735
f 1843/528/2738 1828/513/2739 1827/512/2738
f 1827/512/2738 1842/527/2738 1843/528/2738
f 1844/529/2740 1829/514/2741 1828/513/2742
f 1828/513/2742 1843/528/2743 1844/529/2740
f 1845/530/2744 1830/515/2744 1829/514/2744
f 1829/514/2744 1844/529/2744 1845/530/2744
f 1831/516/2745 1830/515/2746 1845/530/2746
f 1845/530/2746 1846/531/2747 1831/516/2745
f 1833/517/2748 1832/518/2748 1847/533/2749
f 1847/533/2749 1848/532/2748 1833/517/2748
f 1834/519/2750 1833/517/2750 1848/532/2750
f 1848/532/2750 1849/534/2750 1834/519/2750
f 1835/520/2751 1834/519/2751 1849/534/2751
f 1849/534/2751 1850/535/2751 1835/520/2751
f 1851/536/2752 1836/521/2753 1835/520/2753
f 1835/520/2753 1850/535/2754 1851/536/2752
f 1837/522/2755 1836/521/2755 1851/536/2755
f 1851/536/2755 1852/537/2755 1837/522/2755
f 1838/523/2756 1837/522/2756 1852/537/2756
f 1852/537/2756 1853/538/2756 1838/523/2756
f 1854/539/2757 1839/524/2758 1838/523/2758
f 1838/523/2758 1853/538/2758 1854/539/2757
f 1855/540/2759 1840/525/2759 1839/524/2759
f 1839/524/2759 1854/539/2759 1855/540/2759
f 1856/541/2760 1841/526/2760 1840/525/2760
f 1840/525/2760 1855/540/2760 1856/541/2760
f 1857/542/2761 1842/527/2761 1841/526/2762
f 1841/526/2762 1856/541/2763 1857/542/2761
f 1842/527/2764 1857/542/2764 1858/543/2764
f 1858/543/2764 1843/528/2764 1842/527/2764
f 1843/528/2765 1858/543/2765 1859/544/2765
f 1859/544/2765 1844/529/2765 1843/528/2765
f 1844/529/2766 1859/544/2766 1860/545/2766
f 1860/545/2766 1845/530/2766 1844/529/2766
f 1846/531/2767 1845/530/2767 1860/545/2767
f 1860/545/2767 1861/546/2768 1846/531/2767
f 1848/532/2769 1847/533/2769 1862/547/2769
f 1862/547/2769 1863/548/2769 1848/532/2769
f 1849/534/2770 1848/532/2770 1863/548/2770
f 1863/548/2770 1864/549/2770 1849/534/2770
f 1850/535/2771 1849/534/2771 1864/549/2771
f 1864/549/2771 1865/550/2771 1850/535/2771
f 1851/536/2772 1850/535/2772 1865/550/2772
f 1865/550/2772 1866/551/2772 1851/536/2772
f 1852/537/2773 1851/536/2773 1866/551/2773
f 1866/551/2773 1867/552/2773 1852/537/2773
f 1853/538/2774 1852/537/2774 1867/552/2775
f 1867/552/2775 1868/553/2774 1853/538/2774
f 1853/538/2776 1868/553/2777 1869/554/2778
f 1869/554/2778 1854/539/2776 1853/538/2776
f 1870/555/2779 1855/540/2779 1854/539/2779
f 1854/539/2779 1869/554/2780 1870/555/2779
f 1871/556/2781 1856/541/2782 1855/540/2782
f 1855/540/2782 1870/555/2782 1871/556/2781
f 1872/557/2783 1857/542/2784 1856/541/2784
f 1856/541/2784 1871/556/2783 1872/557/2783
f 1858/543/2785 1857/542/2785 1872/557/2785
f 1872/557/2785 1873/558/2785 1858/543/2785
f 1859/544/2786 1858/543/2786 1873/558/2786
f 1873/558/2786 1874/559/2786 1859/544/2786
f 1860/545/2787 1859/544/2788 1874/559/2787
f 1874/559/2787 1875/560/2787 1860/545/2787
f 1861/546/2789 1860/545/2789 1875/560/2789
f 1875/560/2789 1876/561/2789 1861/546/2789
f 1877/563/2790 1863/548/2790 1862/547/2791
f 1862/547/2791 1878/562/2791 1877/563/2790
f 1864/549/2792 1863/548/2792 1877/563/2792
f 1877/563/2792 1879/564/2792 1864/549/2792
f 1865/550/2793 1864/549/2793 1879/564/2793
f 1879/564/2793 1880/565/2793 1865/550/2793
f 1881/566/2794 1866/551/2794 1865/550/2794
f 1865/550/2794 1880/565/2794 1881/566/2794
f 1882/567/2795 1867/552/2795 1866/551/2795
f 1866/551/2795 1881/566/2795 1882/567/2795
f 1883/568/2796 1868/553/2796 1867/552/2796
f 1867/552/2796 1882/567/2796 1883/568/2796
f 1884/569/2797 1869/554/2798 1868/553/2799
f 1868/553/2799 1883/568/2797 1884/569/2797
f 1869/554/2800 1884/569/2801 1885/570/2800
f 1885/570/2800 1870/555/2802 1869/554/2800
f 1870/555/2803 1885/570/2804 1886/571/2805
f 1886/571/2805 1871/556/2806 1870/555/2803
f 1871/556/2807 1886/571/2807 1887/572/2807
f 1887/572/2807 1872/557/2807 1871/556/2807
f 1873/558/2808 1872/557/2808 1887/572/2808
f 1887/572/2808 1888/573/2808 1873/558/2808
f 1874/559/2809 1873/558/2809 1888/573/2809
f 1888/573/2809 1889/574/2809 1874/559/2809
f 1875/560/2810 1874/559/2810 1889/574/2810
f 1889/574/2810 1890/575/2810 1875/560/2810
f 1876/561/2811 1875/560/2811 1890/575/2811
f 1890/575/2811 1891/576/2811 1876/561/2811
f 1877/563/2812 1878/562/2812 1892/577/2812
f 1892/577/2812 1893/578/2812 1877/563/2812
f 1879/564/2813 1877/563/2813 1893/578/2813
f 1893/578/2813 1894/579/2813 1879/564/2813
f 1880/565/2814 1879/564/2814 1894/579/2814
f 1894/579/2814 1895/580/2814 1880/565/2814
f 1880/565/2815 1895/580/2815 1896/581/2815
f 1896/581/2815 1881/566/2815 1880/565/2815
f 1897/582/2816 1882/567/2816 1881/566/2816
f 1881/566/2816 1896/581/2816 1897/582/2816
f 1898/583/2817 1883/568/2817 1882/567/2817
f 1882/567/2817 1897/582/2817 1898/583/2817
f 1899/584/2818 1884/569/2818 1883/568/2818
f 1883/568/2818 1898/583/2818 1899/584/2818
f 1885/570/2819 1884/569/2820 1899/584/2821
f 1899/584/2821 1900/585/2819 1885/570/2819
f 1886/571/2822 1885/570/2822 1900/585/2822
f 1900/585/2822 1901/586/2822 1886/571/2822
f 1887/572/2823 1886/571/2823 1901/586/2823
f 1901/586/2823 1902/587/2823 1887/572/2823
f 1888/573/2824 1887/572/2824 1902/587/2824
f 1902/587/2824 1903/588/2824 1888/573/2824
f 1889/574/2825 1888/573/2825 1903/588/2825
f 1903/588/2825 1904/589/2825 1889/574/2825
f 1905/590/2826 1890/575/2826 1889/574/2826
f 1889/574/2826 1904/589/2826 1905/590/2826
f 1891/576/2827 1890/575/2827 1905/590/2827
f 1905/590/2827 1906/591/2827 1891/576/2827
f 1907/593/2828 1893/578/2828 1892/577/2828
f 1892/577/2828 1908/592/2828 1907/593/2828
f 1909/594/2829 1894/579/2829 1893/578/2829
f 1893/578/2829 1907/593/2829 1909/594/2829
f 1910/595/2830 1895/580/2830 1894/579/2830
f 1894/579/2830 1909/594/2830 1910/595/2830
f 1911/596/2831 1896/581/2831 1895/580/2831
f 1895/580/2831 1910/595/2831 1911/596/2831
f 1896/581/2832 1911/596/2832 1912/597/2832
f 1912/597/2832 1897/582/2832 1896/581/2832
f 1897/582/2833 1912/597/2833 1913/598/2833
f 1913/598/2833 1898/583/2834 1897/582/2833
f 1898/583/2835 1913/598/2836 1914/599/2837
f 1914/599/2837 1899/584/2835 1898/583/2835
f 1900/585/2838 1899/584/2839 1914/599/2840
f 1914/599/2840 1915/600/2841 1900/585/2838
f 1901/586/2842 1900/585/2842 1915/600/2843
f 1915/600/2843 1916/601/2842 1901/586/2842
f 1902/587/2844 1901/586/2844 1916/601/2844
f 1916/601/2844 1917/602/2844 1902/587/2844
f 1903/588/2845 1902/587/2845 1917/602/2845
f 1917/602/2845 1918/603/2845 1903/588/2845
f 1904/589/2846 1903/588/2846 1918/603/2846
f 1918/603/2846 1919/604/2846 1904/589/2846
f 1905/590/2847 1904/589/2847 1919/604/2847
f 1919/604/2847 1920/605/2847 1905/590/2847
f 1906/591/2848 1905/590/2849 1920/605/2848
f 1920/605/2848 1921/606/2848 1906/591/2848
f 1908/592/2850 1922/607/2850 1923/608/2851
f 1923/608/2851 1907/593/2850 1908/592/2850
f 1924/609/2852 1909/594/2852 1907/593/2852
f 1907/593/2852 1923/608/2852 1924/609/2852
f 1925/610/2853 1910/595/2853 1909/594/2853
f 1909/594/2853 1924/609/2853 1925/610/2853
f 1925/610/2854 1926/611/2854 1911/596/2854
f 1911/596/2854 1910/595/2854 1925/610/2854
f 1927/612/2855 1912/597/2855 1911/596/2855
f 1911/596/2855 1926/611/2855 1927/612/2855
f 1928/613/2856 1913/598/2856 1912/597/2857
f 1912/597/2857 1927/612/2858 1928/613/2856
f 1914/599/2859 1913/598/2860 1928/613/2861
f 1928/613/2861 1929/614/2862 1914/599/2859
f 1930/615/2863 1915/600/2863 1914/599/2864
f 1914/599/2864 1929/614/2863 1930/615/2863
f 1931/616/2865 1916/601/2865 1915/600/2865
f 1915/600/2865 1930/615/2865 1931/616/2865
f 1932/617/2866 1917/602/2866 1916/601/2866
f 1916/601/2866 1931/616/2866 1932/617/2866
f 1933/618/2867 1918/603/2868 1917/602/2868
f 1917/602/2868 1932/617/2868 1933/618/2867
f 1934/619/2869 1919/604/2869 1918/603/2869
f 1918/603/2869 1933/618/2869 1934/619/2869
f 1935/620/2870 1920/605/2870 1919/604/2870
f 1919/604/2870 1934/619/2871 1935/620/2870
f 1936/621/2872 1921/606/2872 1920/605/2872
f 1920/605/2872 1935/620/2872 1936/621/2872
f 1937/623/2873 1480/622/2873 1479/624/2873
f 1479/624/2873 1715/400/2873 1937/623/2873
f 1714/397/2874 1938/625/2874 1937/623/2874
f 1937/623/2874 1715/400/2874 1714/397/2874
f 1717/401/2875 1939/626/2875 1938/625/2875
f 1938/625/2875 1714/397/2875 1717/401/2875
f 1939/626/2876 1717/401/2876 1719/403/2877
f 1719/403/2877 1940/627/2877 1939/626/2876
f 1720/405/2878 1941/628/2879 1940/627/2880
f 1940/627/2880 1719/403/2881 1720/405/2878
f 1723/407/2882 1942/629/2883 1941/628/2884
f 1941/628/2884 1720/405/2885 1723/407/2882
f 1942/629/2886 1723/407/2886 1725/409/2887
f 1725/409/2887 1943/630/2888 1942/629/2886
f 1944/631/2889 1943/630/2889 1725/409/2889
f 1725/409/2889 1727/411/2889 1944/631/2889
f 1945/632/2890 1944/631/2891 1727/411/2890
f 1727/411/2890 1728/413/2892 1945/632/2890
f 1945/632/2893 1728/413/2894 1730/415/2893
f 1730/415/2893 1946/633/2893 1945/632/2893
f 1733/417/2895 1947/634/2895 1946/633/2896
f 1946/633/2896 1730/415/2897 1733/417/2895
f 1948/635/2898 1947/634/2898 1733/417/2898
f 1733/417/2898 1734/419/2898 1948/635/2898
f 1736/421/2899 1949/636/2900 1948/635/2900
f 1948/635/2900 1734/419/2900 1736/421/2899
f 1739/423/2901 1950/637/2901 1949/636/2901
f 1949/636/2901 1736/421/2901 1739/423/2901
f 1951/638/2902 1950/637/2902 1739/423/2902
f 1739/423/2902 1740/425/2902 1951/638/2902
f 1952/639/2903 1953/640/2903 1951/638/2903
f 1951/638/2903 1740/425/2903 1952/639/2903
f 1952/639/2904 1740/425/2904 1741/426/2904
f 1741/426/2904 1954/641/2904 1952/639/2904
f 1954/641/2905 1741/426/2905 1756/441/2905
f 1756/441/2905 1955/642/2905 1954/641/2905
f 1955/642/2906 1756/441/2906 1771/456/2906
f 1771/456/2906 1956/643/2906 1955/642/2906
f 1957/644/2907 1956/643/2907 1771/456/2907
f 1771/456/2907 1786/471/2907 1957/644/2907
f 1958/645/2908 1957/644/2908 1786/471/2908
f 1786/471/2908 1801/486/2908 1958/645/2908
f 1816/501/2909 1959/646/2909 1958/645/2909
f 1958/645/2909 1801/486/2909 1816/501/2909
f 1831/516/2910 1960/647/2910 1959/646/2910
f 1959/646/2910 1816/501/2910 1831/516/2910
f 1846/531/2911 1961/648/2911 1960/647/2912
f 1960/647/2912 1831/516/2911 1846/531/2911
f 1846/531/2913 1861/546/2913 1962/649/2913
f 1962/649/2913 1961/648/2913 1846/531/2913
f 1876/561/2914 1963/650/2914 1962/649/2914
f 1962/649/2914 1861/546/2914 1876/561/2914
f 1891/576/2915 1964/651/2915 1963/650/2915
f 1963/650/2915 1876/561/2915 1891/576/2915
f 1891/576/2916 1906/591/2916 1965/652/2916
f 1965/652/2916 1964/651/2916 1891/576/2916
f 1921/606/2917 1966/653/2917 1965/652/2917
f 1965/652/2917 1906/591/2917 1921/606/2917
f 1936/621/2918 1967/654/2918 1966/653/2918
f 1966/653/2918 1921/606/2918 1936/621/2918
f 1598/656/2919 1597/655/2919 1967/654/2919
f 1967/654/2919 1936/621/2919 1598/656/2919
f 1935/620/2920 1616/657/2920 1598/656/2920
f 1598/656/2920 1936/621/2920 1935/620/2920
f 1934/619/2921 1615/658/2921 1616/657/2921
f 1616/657/2921 1935/620/2921 1934/619/2921
f 1934/619/2922 1933/618/2923 1614/659/2924
f 1614/659/2924 1615/658/2922 1934/619/2922
f 1932/617/2925 1613/660/2925 1614/659/2925
f 1614/659/2925 1933/618/2925 1932/617/2925
f 1931/616/2926 1612/661/2927 1613/660/2928
f 1613/660/2928 1932/617/2929 1931/616/2926
f 1931/616/2930 1930/615/2930 1611/662/2930
f 1611/662/2930 1612/661/2930 1931/616/2930
f 1929/614/2931 1610/663/2931 1611/662/2932
f 1611/662/2932 1930/615/2932 1929/614/2931
f 1928/613/2933 1609/664/2933 1610/663/2934
f 1610/663/2934 1929/614/2934 1928/613/2933
f 1928/613/2935 1927/612/2935 1608/665/2935
f 1608/665/2935 1609/664/2936 1928/613/2935
f 1926/611/2937 1607/666/2937 1608/665/2937
f 1608/665/2937 1927/612/2938 1926/611/2937
f 1607/666/2939 1926/611/2939 1925/610/2940
f 1925/610/2940 1606/667/2939 1607/666/2939
f 1606/667/2941 1925/610/2941 1924/609/2941
f 1924/609/2941 1605/668/2941 1606/667/2941
f 1924/609/2942 1923/608/2942 1604/669/2942
f 1604/669/2942 1605/668/2942 1924/609/2942
f 1922/607/2943 1603/670/2943 1604/669/2943
f 1604/669/2943 1923/608/2943 1922/607/2943
f 1497/672/2944 1496/671/2944 1603/670/2944
f 1603/670/2944 1922/607/2944 1497/672/2944
f 1502/673/2945 1497/672/2946 1922/607/2945
f 1922/607/2945 1908/592/2947 1502/673/2945
f 1908/592/2948 1892/577/2948 1503/674/2949
f 1503/674/2949 1502/673/2949 1908/592/2948
f 1878/562/2950 1504/675/2950 1503/674/2950
f 1503/674/2950 1892/577/2950 1878/562/2950
f 1878/562/2951 1862/547/2951 1505/676/2951
f 1505/676/2951 1504/675/2951 1878/562/2951
f 1506/677/2952 1505/676/2952 1862/547/2952
f 1862/547/2952 1847/533/2952 1506/677/2952
f 1507/678/2953 1506/677/2953 1847/533/2954
f 1847/533/2954 1832/518/2954 1507/678/2953
f 1832/518/2955 1818/503/2955 1488/679/2955
f 1488/679/2955 1507/678/2955 1832/518/2955
f 1487/680/2956 1488/679/2956 1818/503/2956
f 1818/503/2956 1802/488/2956 1487/680/2956
f 1787/473/2957 1486/681/2957 1487/680/2957
f 1487/680/2957 1802/488/2957 1787/473/2957
f 1485/682/2958 1486/681/2958 1787/473/2959
f 1787/473/2959 1773/458/2960 1485/682/2958
f 1758/443/2961 1484/683/2961 1485/682/2961
f 1485/682/2961 1773/458/2961 1758/443/2961
f 1483/684/2962 1484/683/2962 1758/443/2962
f 1758/443/2962 1742/428/2962 1483/684/2962
f 1482/685/2963 1483/684/2963 1742/428/2963
f 1742/428/2963 1712/399/2963 1482/685/2963
f 1479/624/2964 1482/685/2965 1712/399/2965
f 1712/399/2965 1715/400/2965 1479/624/2964
f 1968/689/2966 1969/688/2966 1970/687/2966
f 1970/687/2966 1971/686/2966 1968/689/2966
f 1969/688/2967 1968/689/2968 1972/691/2967
f 1972/691/2967 1973/690/2967 1969/688/2967
f 1974/693/2969 1975/692/2969 1973/690/2969
f 1973/690/2969 1972/691/2970 1974/693/2969
f 1976/695/2971 1977/694/2971 1975/692/2971
f 1975/692/2971 1974/693/2971 1976/695/2971
f 1977/694/2972 1976/695/2972 1978/697/2972
f 1978/697/2972 1979/696/2972 1977/694/2972
f 1979/696/2973 1978/697/2973 1980/698/2973
f 1980/698/2973 1981/699/2973 1979/696/2973
f 1982/701/2974 1983/700/2975 1981/699/2974
f 1981/699/2974 1980/698/2974 1982/701/2974
f 1984/702/2976 1968/689/2976 1971/686/2977
f 1971/686/2977 1985/703/2976 1984/702/2976
f 1968/689/2978 1984/702/2978 1986/704/2978
f 1986/704/2978 1972/691/2978 1968/689/2978
f 1987/705/2979 1974/693/2979 1972/691/2979
f 1972/691/2979 1986/704/2979 1987/705/2979
f 1974/693/2980 1987/705/2980 1988/706/2980
f 1988/706/2980 1976/695/2980 1974/693/2980
f 1989/707/2981 1978/697/2981 1976/695/2981
f 1976/695/2981 1988/706/2981 1989/707/2981
f 1980/698/2982 1978/697/2982 1989/707/2982
f 1989/707/2982 1990/708/2982 1980/698/2982
f 1991/709/2983 1982/701/2984 1980/698/2984
f 1980/698/2984 1990/708/2983 1991/709/2983
f 1985/703/2985 1992/710/2985 1993/711/2985
f 1993/711/2985 1984/702/2985 1985/703/2985
f 1984/702/2986 1993/711/2986 1994/712/2986
f 1994/712/2986 1986/704/2986 1984/702/2986
f 1986/704/2987 1994/712/2987 1995/713/2987
f 1995/713/2987 1987/705/2987 1986/704/2987
f 1987/705/2988 1995/713/2988 1996/714/2988
f 1996/714/2988 1988/706/2988 1987/705/2988
f 1988/706/2989 1996/714/2989 1997/715/2989
f 1997/715/2989 1989/707/2989 1988/706/2989
f 1990/708/2990 1989/707/2990 1997/715/2990
f 1997/715/2990 1998/716/2990 1990/708/2990
f 1990/708/2991 1998/716/2991 1999/717/2991
f 1999/717/2991 1991/709/2991 1990/708/2991
f 2000/718/2992 1993/711/2993 1992/710/2992
f 1992/710/2992 2001/719/2993 2000/718/2992
f 1993/711/2994 2000/718/2994 2002/720/2994
f 2002/720/2994 1994/712/2994 1993/711/2994
f 1994/712/2995 2002/720/2995 2003/721/2995
f 2003/721/2995 1995/713/2995 1994/712/2995
f 2004/722/2996 1996/714/2996 1995/713/2996
f 1995/713/2996 2003/721/2996 2004/722/2996
f 1996/714/2997 2004/722/2998 2005/723/2997
f 2005/723/2997 1997/715/2998 1996/714/2997
f 2006/724/2999 1998/716/2999 1997/715/2999
f 1997/715/2999 2005/723/2999 2006/724/2999
f 1998/716/3000 2006/724/3000 2007/725/3000
f 2007/725/3000 1999/717/3000 1998/716/3000
f 2008/726/3001 2000/718/3002 2001/719/3002
f 2001/719/3002 2009/727/3003 2008/726/3001
f 2000/718/3004 2008/726/3005 2010/728/3005
f 2010/728/3005 2002/720/3005 2000/718/3004
f 2011/729/3006 2003/721/3006 2002/720/3006
f 2002/720/3006 2010/728/3006 2011/729/3006
f 2012/730/3007 2004/722/3007 2003/721/3007
f 2003/721/3007 2011/729/3007 2012/730/3007
f 2004/722/3008 2012/730/3008 2013/731/3008
f 2013/731/3008 2005/723/3008 2004/722/3008
f 2005/723/3009 2013/731/3009 2014/732/3009
f 2014/732/3009 2006/724/3009 2005/723/3009
f 2006/724/3010 2014/732/3010 2015/733/3011
f 2015/733/3011 2007/725/3012 2006/724/3010
f 2016/734/3013 2008/726/3001 2009/727/3003
f 2009/727/3003 2017/735/3014 2016/734/3013
f 2008/726/3015 2016/734/3015 2018/736/3015
f 2018/736/3015 2010/728/3015 2008/726/3015
f 2010/728/3016 2018/736/3016 2019/737/3016
f 2019/737/3016 2011/729/3016 2010/728/3016
f 2020/738/3017 2012/730/3017 2011/729/3017
f 2011/729/3017 2019/737/3017 2020/738/3017
f 2021/739/3018 2013/731/3018 2012/730/3018
f 2012/730/3018 2020/738/3018 2021/739/3018
f 2014/732/3019 2013/731/3019 2021/739/3019
f 2021/739/3019 2022/740/3019 2014/732/3019
f 2023/743/3020 2024/742/3020 2025/741/3020
f 2025/741/3020 2026/744/3020 2023/743/3020
f 2024/742/3021 2023/743/3021 2027/746/3021
f 2027/746/3021 2028/745/3022 2024/742/3021
f 2028/745/3023 2027/746/3023 2029/748/3023
f 2029/748/3023 2030/747/3023 2028/745/3023
f 2031/749/3024 2023/743/3024 2026/744/3024
f 2026/744/3024 2032/750/3025 2031/749/3024
f 2033/751/3026 2027/746/3026 2023/743/3026
f 2023/743/3026 2031/749/3026 2033/751/3026
f 2027/746/3027 2033/751/3027 2034/752/3027
f 2034/752/3027 2029/748/3027 2027/746/3027
f 2035/753/3028 2031/749/3028 2032/750/3028
f 2032/750/3028 2036/754/3029 2035/753/3028
f 2031/749/3030 2035/753/3030 2037/755/3030
f 2037/755/3030 2033/751/3030 2031/749/3030
f 2033/751/3031 2037/755/3032 2038/756/3033
f 2038/756/3033 2034/752/3034 2033/751/3031
f 2034/752/3035 2038/756/3036 2039/757/3035
f 2039/757/3035 2040/758/3035 2034/752/3035
f 2041/759/3037 2035/753/3037 2036/754/3037
f 2036/754/3037 2042/760/3037 2041/759/3037
f 2035/753/3038 2041/759/3038 2043/761/3038
f 2043/761/3038 2037/755/3038 2035/753/3038
f 2037/755/3039 2043/761/3039 2044/762/3039
f 2044/762/3039 2038/756/3039 2037/755/3039
f 2038/756/3040 2044/762/3041 2045/763/3042
f 2045/763/3042 2039/757/3042 2038/756/3040
f 2046/764/3043 2041/759/3043 2042/760/3043
f 2042/760/3043 2047/765/3044 2046/764/3043
f 2041/759/3045 2046/764/3045 2048/766/3045
f 2048/766/3045 2043/761/3045 2041/759/3045
f 2049/767/3046 2044/762/3046 2043/761/3046
f 2043/761/3046 2048/766/3046 2049/767/3046
f 2050/768/3047 2045/763/3048 2044/762/3048
f 2044/762/3048 2049/767/3047 2050/768/3047
f 2051/769/3049 2046/764/3049 2047/765/3049
f 2047/765/3049 2052/770/3049 2051/769/3049
f 2053/771/3050 2048/766/3051 2046/764/3050
f 2046/764/3050 2051/769/3052 2053/771/3050
f 2049/767/3053 2048/766/3053 2053/771/3053
f 2053/771/3053 2054/772/3053 2049/767/3053
f 2055/773/3054 2050/768/3054 2049/767/3054
f 2049/767/3054 2054/772/3054 2055/773/3054
f 2056/775/3055 2057/774/3055 2058/777/3055
f 2058/777/3055 2059/776/3055 2056/775/3055
f 2060/779/3056 2061/778/3056 2059/776/3056
f 2059/776/3056 2058/777/3056 2060/779/3056
f 2061/778/3057 2060/779/3057 2062/781/3057
f 2062/781/3057 2063/780/3057 2061/778/3057
f 2064/783/3058 2065/782/3058 2063/780/3058
f 2063/780/3058 2062/781/3058 2064/783/3058
f 2065/782/3059 2064/783/3059 2066/785/3059
f 2066/785/3059 2067/784/3059 2065/782/3059
f 2068/787/3060 2069/786/3060 2067/784/3060
f 2067/784/3060 2066/785/3060 2068/787/3060
f 2069/786/3061 2068/787/3061 2070/789/3061
f 2070/789/3061 2071/788/3061 2069/786/3061
f 2072/790/3062 2058/777/3062 2057/774/3062
f 2057/774/3062 2073/791/3062 2072/790/3062
f 2058/777/3063 2072/790/3063 2074/792/3063
f 2074/792/3063 2060/779/3063 2058/777/3063
f 2075/793/3064 2062/781/3064 2060/779/3064
f 2060/779/3064 2074/792/3065 2075/793/3064
f 2076/794/3066 2064/783/3067 2062/781/3067
f 2062/781/3067 2075/793/3066 2076/794/3066
f 2064/783/3068 2076/794/3068 2077/795/3068
f 2077/795/3068 2066/785/3068 2064/783/3068
f 2078/796/3069 2068/787/3069 2066/785/3069
f 2066/785/3069 2077/795/3069 2078/796/3069
f 2068/787/3070 2078/796/3070 2079/797/3070
f 2079/797/3070 2070/789/3070 2068/787/3070
f 2081/798/3071 2072/790/3072 2073/791/3073
f 2082/800/3074 2074/792/3074 2072/790/3074
f 2072/790/3074 2081/798/3074 2082/800/3074
f 2074/792/3075 2082/800/3075 2083/801/3075
f 2083/801/3075 2075/793/3075 2074/792/3075
f 2084/802/3076 2076/794/3077 2075/793/3078
f 2085/803/3079 2077/795/3079 2076/794/3079
f 2076/794/3079 2084/802/3079 2085/803/3079
f 2078/796/3080 2077/795/3080 2085/803/3081
f 2085/803/3081 2086/804/3081 2078/796/3080
f 2079/797/3082 2078/796/3082 2086/804/3082
f 2086/804/3082 2087/805/3082 2079/797/3082
f 2089/806/3083 2085/803/3084 2084/802/3085
f 2086/804/3086 2085/803/3086 2089/806/3086
f 2089/806/3086 2090/808/3086 2086/804/3086
f 2087/805/3087 2086/804/3087 2090/808/3087
f 2090/808/3087 2091/809/3087 2087/805/3087
f 2092/810/3088 2093/813/3088 2094/812/3088
f 2094/812/3088 2095/811/3088 2092/810/3088
f 2096/814/3089 2092/810/3090 2095/811/3090
f 2095/811/3090 2097/815/3090 2096/814/3089
f 2098/817/3091 2099/816/3092 2096/814/3092
f 2096/814/3092 2097/815/3092 2098/817/3091
f 2100/818/3093 2099/816/3094 2098/817/3094
f 2098/817/3094 2101/819/3094 2100/818/3093
f 2102/820/3095 2100/818/3095 2101/819/3095
f 2101/819/3095 2103/821/3095 2102/820/3095
f 2102/820/3096 2103/821/3096 2104/823/3096
f 2104/823/3096 2105/822/3096 2102/820/3096
f 2106/824/3097 2105/822/3098 2104/823/3098
f 2104/823/3098 2107/825/3099 2106/824/3097
f 2108/827/3100 2095/811/3100 2094/812/3100
f 2094/812/3100 2109/826/3100 2108/827/3100
f 2097/815/3101 2095/811/3101 2108/827/3101
f 2108/827/3101 2110/828/3101 2097/815/3101
f 2098/817/3102 2097/815/3102 2110/828/3103
f 2110/828/3103 2111/829/3102 2098/817/3102
f 2112/830/3104 2101/819/3104 2098/817/3104
f 2098/817/3104 2111/829/3104 2112/830/3104
f 2103/821/3105 2101/819/3105 2112/830/3105
f 2112/830/3105 2113/831/3105 2103/821/3105
f 2104/823/3106 2103/821/3106 2113/831/3106
f 2113/831/3106 2114/832/3106 2104/823/3106
f 2104/823/3107 2114/832/3107 2115/833/3108
f 2115/833/3108 2107/825/3107 2104/823/3107
f 2108/827/3109 2109/826/3109 2116/835/3109
f 2116/835/3109 2117/834/3109 2108/827/3109
f 2118/836/3110 2110/828/3110 2108/827/3110
f 2108/827/3110 2117/834/3110 2118/836/3110
f 2111/829/3111 2110/828/3111 2118/836/3111
f 2118/836/3111 2119/837/3111 2111/829/3111
f 2112/830/3112 2111/829/3112 2119/837/3112
f 2119/837/3112 2120/838/3112 2112/830/3112
f 2121/839/3113 2113/831/3113 2112/830/3113
f 2112/830/3113 2120/838/3113 2121/839/3113
f 2114/832/3114 2113/831/3114 2121/839/3114
f 2121/839/3114 2122/840/3114 2114/832/3114
f 2115/833/3115 2114/832/3115 2122/840/3115
f 2122/840/3115 2123/841/3115 2115/833/3115
f 2117/834/3116 2116/835/3116 2124/843/3116
f 2124/843/3116 2125/842/3116 2117/834/3116
f 2118/836/3117 2117/834/3117 2125/842/3117
f 2125/842/3117 2126/844/3117 2118/836/3117
f 2118/836/3118 2126/844/3118 2127/845/3118
f 2127/845/3118 2119/837/3118 2118/836/3118
f 2120/838/3119 2119/837/3119 2127/845/3119
f 2127/845/3119 2128/846/3119 2120/838/3119
f 2121/839/3120 2120/838/3120 2128/846/3120
f 2128/846/3120 2129/847/3120 2121/839/3120
f 2121/839/3121 2129/847/3121 2130/848/3121
f 2130/848/3121 2122/840/3122 2121/839/3121
f 2123/841/3123 2122/840/3124 2130/848/3125
f 2130/848/3125 2131/849/3124 2123/841/3123
f 2124/843/3126 2132/851/3126 2133/850/3126
f 2133/850/3126 2125/842/3126 2124/843/3126
f 2126/844/3127 2125/842/3127 2133/850/3127
f 2133/850/3127 2134/852/3127 2126/844/3127
f 2127/845/3128 2126/844/3128 2134/852/3128
f 2134/852/3128 2135/853/3128 2127/845/3128
f 2127/845/3129 2135/853/3129 2136/854/3129
f 2136/854/3129 2128/846/3130 2127/845/3129
f 2129/847/3131 2128/846/3131 2136/854/3131
f 2136/854/3131 2137/855/3131 2129/847/3131
f 2130/848/3132 2129/847/3133 2137/855/3134
f 2137/855/3134 2138/856/3132 2130/848/3132
f 2139/857/3135 2131/849/3135 2130/848/3135
f 2130/848/3135 2138/856/3135 2139/857/3135
f 2133/850/3136 2132/851/3136 2140/859/3136
f 2140/859/3136 2141/858/3136 2133/850/3136
f 2142/860/3137 2134/852/3137 2133/850/3137
f 2133/850/3137 2141/858/3137 2142/860/3137
f 2135/853/3138 2134/852/3138 2142/860/3138
f 2142/860/3138 2143/861/3138 2135/853/3138
f 2136/854/3139 2135/853/3139 2143/861/3139
f 2143/861/3139 2144/862/3139 2136/854/3139
f 2145/863/3140 2137/855/3141 2136/854/3140
f 2136/854/3140 2144/862/3141 2145/863/3140
f 2138/856/3142 2137/855/3142 2145/863/3142
f 2145/863/3142 2146/864/3142 2138/856/3142
f 2139/857/3143 2138/856/3143 2146/864/3143
f 2146/864/3143 2147/865/3143 2139/857/3143
f 1982/701/3144 2051/769/3144 2052/770/3145
f 2052/770/3145 1983/700/3144 1982/701/3144
f 1991/709/3146 2053/771/3146 2051/769/3146
f 2051/769/3146 1982/701/3146 1991/709/3146
f 2054/772/3147 2053/771/3147 1991/709/3147
f 1991/709/3147 1999/717/3147 2054/772/3147
f 2007/725/3148 2055/773/3148 2054/772/3148
f 2054/772/3148 1999/717/3148 2007/725/3148
f 2140/859/3149 2071/788/3149 2070/789/3149
f 2070/789/3149 2141/858/3149 2140/859/3149
f 2079/797/3150 2142/860/3150 2141/858/3151
f 2141/858/3151 2070/789/3150 2079/797/3150
f 2143/861/3152 2142/860/3153 2079/797/3153
f 2079/797/3153 2087/805/3153 2143/861/3152
f 2091/809/3154 2144/862/3154 2143/861/3154
f 2143/861/3154 2087/805/3154 2091/809/3154
f 2144/862/3155 2091/809/3155 2148/866/3155
f 2148/866/3155 2145/863/3155 2144/862/3155
f 2107/825/3099 2016/734/3013 2017/735/3014
f 2017/735/3014 2106/824/3097 2107/825/3099
f 2115/833/3156 2018/736/3156 2016/734/3156
f 2016/734/3156 2107/825/3156 2115/833/3156
f 2123/841/3157 2019/737/3157 2018/736/3157
f 2018/736/3157 2115/833/3157 2123/841/3157
f 2131/849/3158 2020/738/3158 2019/737/3158
f 2019/737/3158 2123/841/3158 2131/849/3158
f 2139/857/3159 2021/739/3159 2020/738/3159
f 2020/738/3159 2131/849/3159 2139/857/3159
f 2147/865/3160 2022/740/3160 2021/739/3160
f 2021/739/3160 2139/857/3160 2147/865/3160
f 2149/869/3161 2150/868/3161 2151/867/3161
f 2151/867/3161 1970/687/3161 2149/869/3161
f 1969/688/3162 2152/870/3162 2149/869/3162
f 2149/869/3162 1970/687/3162 1969/688/3162
f 1973/690/3163 2153/871/3163 2152/870/3163
f 2152/870/3163 1969/688/3163 1973/690/3163
f 1973/690/3164 1975/692/3164 2154/872/3164
f 2154/872/3164 2153/871/3164 1973/690/3164
f 1977/694/3165 2155/873/3166 2154/872/3165
f 2154/872/3165 1975/692/3165 1977/694/3165
f 1979/696/3167 2156/874/3167 2155/873/3167
f 2155/873/3167 1977/694/3167 1979/696/3167
f 1979/696/3168 1981/699/3168 2157/875/3168
f 2157/875/3168 2156/874/3168 1979/696/3168
f 1983/700/3169 2158/876/3169 2157/875/3169
f 2157/875/3169 1981/699/3169 1983/700/3169
f 2151/867/3170 2159/877/3170 1971/686/3171
f 1971/686/3171 1970/687/3170 2151/867/3170
f 1971/686/3172 2159/877/3172 2160/878/3172
f 2160/878/3172 1985/703/3172 1971/686/3172
f 2160/878/3173 2161/879/3173 1992/710/3173
f 1992/710/3173 1985/703/3173 2160/878/3173
f 2001/719/3174 1992/710/3174 2161/879/3174
f 2161/879/3174 2162/880/3174 2001/719/3174
f 2163/881/3175 2009/727/3176 2001/719/3177
f 2001/719/3177 2162/880/3177 2163/881/3175
f 2164/882/3178 2017/735/3179 2009/727/3176
f 2009/727/3176 2163/881/3175 2164/882/3178
f 2165/883/3180 2106/824/3181 2017/735/3179
f 2017/735/3179 2164/882/3178 2165/883/3180
f 1696/381/3182 1698/382/3183 2166/884/3182
f 2166/884/3182 2025/741/3183 1696/381/3182
f 2024/742/3184 1695/380/3184 1696/381/3184
f 1696/381/3184 2025/741/3184 2024/742/3184
f 2028/745/3185 1693/379/3185 1695/380/3185
f 1695/380/3185 2024/742/3185 2028/745/3185
f 2030/747/3186 1694/378/3186 1693/379/3187
f 1693/379/3187 2028/745/3186 2030/747/3186
f 2025/741/3188 2166/884/3188 2167/885/3188
f 2167/885/3188 2026/744/3189 2025/741/3188
f 2167/885/3190 2168/886/3191 2032/750/3190
f 2032/750/3190 2026/744/3192 2167/885/3190
f 2168/886/3193 2169/887/3193 2036/754/3193
f 2036/754/3193 2032/750/3193 2168/886/3193
f 2170/888/3194 2042/760/3195 2036/754/3194
f 2036/754/3194 2169/887/3194 2170/888/3194
f 2042/760/3196 2170/888/3196 2171/889/3196
f 2171/889/3196 2047/765/3196 2042/760/3196
f 2171/889/3197 2172/890/3197 2052/770/3197
f 2052/770/3197 2047/765/3197 2171/889/3197
f 2158/876/3198 1983/700/3198 2052/770/3199
f 2052/770/3199 2172/890/3198 2158/876/3198
f 2056/775/3200 1967/891/3201 1597/278/3201
f 1597/278/3201 1599/279/3201 2056/775/3200
f 2059/776/3202 1966/892/3203 1967/891/3202
f 1967/891/3202 2056/775/3202 2059/776/3202
f 2061/778/3204 1965/893/3204 1966/892/3204
f 1966/892/3204 2059/776/3204 2061/778/3204
f 2063/780/3205 1964/894/3205 1965/893/3205
f 1965/893/3205 2061/778/3205 2063/780/3205
f 2065/782/3206 1963/895/3206 1964/894/3206
f 1964/894/3206 2063/780/3206 2065/782/3206
f 2067/784/3207 1962/896/3207 1963/895/3207
f 1963/895/3207 2065/782/3207 2067/784/3207
f 2069/786/3208 1961/897/3208 1962/896/3208
f 1962/896/3208 2067/784/3208 2069/786/3208
f 2071/788/3209 1960/898/3210 1961/897/3210
f 1961/897/3210 2069/786/3209 2071/788/3209
f 2057/774/3211 2056/775/3211 1599/279/3211
f 1599/279/3211 1600/280/3211 2057/774/3211
f 2073/791/3212 2057/774/3212 1600/280/3212
f 1600/280/3212 1601/281/3212 2073/791/3212
f 2073/791/3213 1601/281/3213 1602/282/3213
f 1602/282/3213 2080/799/3213 2073/791/3213
f 1953/640/3214 1952/900/3215 2093/813/3215
f 2093/813/3215 2173/899/3215 1953/640/3214
f 2092/810/3216 2174/901/3217 2173/899/3218
f 2173/899/3218 2093/813/3217 2092/810/3216
f 2175/902/3219 2174/901/3219 2092/810/3219
f 2092/810/3219 2096/814/3219 2175/902/3219
f 2099/816/3220 2176/903/3220 2175/902/3220
f 2175/902/3220 2096/814/3220 2099/816/3220
f 2176/903/3221 2099/816/3221 2100/818/3221
f 2100/818/3221 2177/904/3221 2176/903/3221
f 2178/905/3222 2177/904/3223 2100/818/3223
f 2100/818/3223 2102/820/3224 2178/905/3222
f 2105/822/3225 2179/906/3226 2178/905/3222
f 2178/905/3222 2102/820/3224 2105/822/3225
f 2179/906/3226 2105/822/3225 2106/824/3181
f 2106/824/3181 2165/883/3180 2179/906/3226
f 2094/812/3227 2093/813/3227 1952/900/3227
f 1952/900/3227 1954/907/3227 2094/812/3227
f 2109/826/3228 2094/812/3228 1954/907/3228
f 1954/907/3228 1955/908/3228 2109/826/3228
f 1956/909/3229 2116/835/3229 2109/826/3229
f 2109/826/3229 1955/908/3229 1956/909/3229
f 1956/909/3230 1957/910/3230 2124/843/3230
f 2124/843/3230 2116/835/3231 1956/909/3230
f 1957/910/3232 1958/911/3232 2132/851/3232
f 2132/851/3232 2124/843/3232 1957/910/3232
f 2132/851/3233 1958/911/3233 1959/912/3233
f 1959/912/3233 2140/859/3233 2132/851/3233
f 2140/859/3234 1959/912/3234 1960/898/3234
f 1960/898/3234 2071/788/3234 2140/859/3234
f 2180/916/3235 2181/915/3235 2182/914/3235
f 2182/914/3235 2183/913/3235 2180/916/3235
f 2181/915/3236 2180/916/3236 2184/918/3236
f 2184/918/3236 2185/917/3236 2181/915/3236
f 2185/917/3237 2184/918/3237 2186/920/3237
f 2186/920/3237 2187/919/3237 2185/917/3237
f 2188/922/3238 2189/921/3238 2187/919/3238
f 2187/919/3238 2186/920/3238 2188/922/3238
f 2189/921/3239 2188/922/3239 2190/924/3239
f 2190/924/3239 2191/923/3239 2189/921/3239
f 2191/923/3240 2190/924/3241 2192/926/3241
f 2192/926/3241 2193/925/3241 2191/923/3240
f 2194/928/3242 2195/927/3242 2193/925/3242
f 2193/925/3242 2192/926/3242 2194/928/3242
f 2195/927/3243 2194/928/3243 2196/930/3244
f 2196/930/3244 2197/929/3244 2195/927/3243
f 2197/929/3245 2196/930/3246 2198/931/3247
f 2198/931/3247 2199/932/3245 2197/929/3245
f 2200/933/3248 2201/934/3248 2199/932/3249
f 2199/932/3249 2198/931/3250 2200/933/3248
f 2201/934/3251 2200/933/3252 2202/935/3253
f 2202/935/3253 2203/936/3252 2201/934/3251
f 2203/936/3254 2202/935/3254 2204/937/3254
f 2204/937/3254 2205/938/3254 2203/936/3254
f 2206/939/3255 2207/940/3255 2205/938/3255
f 2205/938/3255 2204/937/3255 2206/939/3255
f 2207/940/3256 2206/939/3256 2208/942/3256
f 2208/942/3256 2209/941/3256 2207/940/3256
f 2210/944/3257 2180/916/3257 2183/913/3257
f 2183/913/3257 2211/943/3257 2210/944/3257
f 2180/916/3258 2210/944/3258 2212/945/3258
f 2212/945/3258 2184/918/3258 2180/916/3258
f 2213/946/3259 2186/920/3259 2184/918/3259
f 2184/918/3259 2212/945/3259 2213/946/3259
f 2214/947/3260 2188/922/3260 2186/920/3260
f 2186/920/3260 2213/946/3260 2214/947/3260
f 2215/948/3261 2190/924/3261 2188/922/3261
f 2188/922/3261 2214/947/3261 2215/948/3261
f 2216/949/3262 2192/926/3262 2190/924/3262
f 2190/924/3262 2215/948/3262 2216/949/3262
f 2217/950/3263 2194/928/3264 2192/926/3265
f 2192/926/3265 2216/949/3263 2217/950/3263
f 2218/951/3266 2196/930/3267 2194/928/3268
f 2194/928/3268 2217/950/3266 2218/951/3266
f 2219/952/3269 2198/931/3270 2196/930/3271
f 2196/930/3271 2218/951/3272 2219/952/3269
f 2220/953/3273 2200/933/3273 2198/931/3273
f 2198/931/3273 2219/952/3273 2220/953/3273
f 2221/954/3274 2202/935/3274 2200/933/3274
f 2200/933/3274 2220/953/3274 2221/954/3274
f 2222/955/3275 2204/937/3275 2202/935/3275
f 2202/935/3275 2221/954/3275 2222/955/3275
f 2223/956/3276 2206/939/3276 2204/937/3276
f 2204/937/3276 2222/955/3276 2223/956/3276
f 2224/957/3277 2208/942/3277 2206/939/3278
f 2206/939/3278 2223/956/3277 2224/957/3277
f 2225/959/3279 2210/944/3279 2211/943/3279
f 2211/943/3279 2226/958/3279 2225/959/3279
f 2210/944/3280 2225/959/3280 2227/960/3280
f 2227/960/3280 2212/945/3280 2210/944/3280
f 2212/945/3281 2227/960/3281 2228/961/3281
f 2228/961/3281 2213/946/3281 2212/945/3281
f 2229/962/3282 2214/947/3282 2213/946/3282
f 2213/946/3282 2228/961/3283 2229/962/3282
f 2214/947/3284 2229/962/3284 2230/963/3284
f 2230/963/3284 2215/948/3284 2214/947/3284
f 2215/948/3285 2230/963/3286 2231/964/3286
f 2231/964/3286 2216/949/3287 2215/948/3285
f 2232/965/3288 2217/950/3288 2216/949/3288
f 2216/949/3288 2231/964/3288 2232/965/3288
f 2217/950/3289 2232/965/3289 2233/966/3289
f 2233/966/3289 2218/951/3290 2217/950/3289
f 2218/951/3291 2233/966/3292 2234/967/3292
f 2234/967/3292 2219/952/3292 2218/951/3291
f 2235/968/3293 2220/953/3293 2219/952/3293
f 2219/952/3293 2234/967/3293 2235/968/3293
f 2220/953/3294 2235/968/3294 2236/969/3294
f 2236/969/3294 2221/954/3294 2220/953/3294
f 2221/954/3295 2236/969/3295 2237/970/3295
f 2237/970/3295 2222/955/3295 2221/954/3295
f 2222/955/3296 2237/970/3296 2238/971/3296
f 2238/971/3296 2223/956/3296 2222/955/3296
f 2223/956/3297 2238/971/3297 2239/972/3297
f 2239/972/3297 2224/957/3297 2223/956/3297
f 2240/974/3298 2225/959/3298 2226/958/3298
f 2226/958/3298 2241/973/3298 2240/974/3298
f 2242/975/3299 2227/960/3299 2225/959/3299
f 2225/959/3299 2240/974/3299 2242/975/3299
f 2227/960/3300 2242/975/3300 2243/976/3300
f 2243/976/3300 2228/961/3300 2227/960/3300
f 2244/977/3301 2229/962/3302 2228/961/3302
f 2228/961/3302 2243/976/3302 2244/977/3301
f 2229/962/3303 2244/977/3303 2245/978/3303
f 2245/978/3303 2230/963/3303 2229/962/3303
f 2230/963/3304 2245/978/3304 2246/979/3304
f 2246/979/3304 2231/964/3304 2230/963/3304
f 2247/980/3305 2232/965/3306 2231/964/3307
f 2231/964/3307 2246/979/3308 2247/980/3305
f 2248/981/3309 2233/966/3309 2232/965/3309
f 2232/965/3309 2247/980/3309 2248/981/3309
f 2233/966/3310 2248/981/3311 2249/982/3311
f 2249/982/3311 2234/967/3310 2233/966/3310
f 2250/983/3312 2235/968/3312 2234/967/3312
f 2234/967/3312 2249/982/3312 2250/983/3312
f 2251/984/3313 2236/969/3314 2235/968/3314
f 2235/968/3314 2250/983/3314 2251/984/3313
f 2236/969/3315 2251/984/3316 2252/985/3316
f 2252/985/3316 2237/970/3316 2236/969/3315
f 2253/986/3317 2238/971/3317 2237/970/3317
f 2237/970/3317 2252/985/3317 2253/986/3317
f 2254/987/3318 2239/972/3318 2238/971/3318
f 2238/971/3318 2253/986/3318 2254/987/3318
f 2255/989/3319 2240/974/3319 2241/973/3319
f 2241/973/3319 2256/988/3319 2255/989/3319
f 2240/974/3320 2255/989/3320 2257/990/3320
f 2257/990/3320 2242/975/3320 2240/974/3320
f 2242/975/3321 2257/990/3321 2258/991/3321
f 2258/991/3321 2243/976/3321 2242/975/3321
f 2259/992/3322 2244/977/3323 2243/976/3323
f 2243/976/3323 2258/991/3323 2259/992/3322
f 2244/977/3324 2259/992/3324 2260/993/3325
f 2260/993/3325 2245/978/3324 2244/977/3324
f 2245/978/3326 2260/993/3326 2261/994/3326
f 2261/994/3326 2246/979/3326 2245/978/3326
f 2262/995/3327 2247/980/3328 2246/979/3328
f 2246/979/3328 2261/994/3328 2262/995/3327
f 2247/980/3329 2262/995/3330 2263/996/3330
f 2263/996/3330 2248/981/3331 2247/980/3329
f 2248/981/3332 2263/996/3333 2264/997/3333
f 2264/997/3333 2249/982/3332 2248/981/3332
f 2265/998/3334 2250/983/3334 2249/982/3334
f 2249/982/3334 2264/997/3335 2265/998/3334
f 2250/983/3336 2265/998/3337 2266/999/3337
f 2266/999/3337 2251/984/3337 2250/983/3336
f 2251/984/3338 2266/999/3338 2267/1000/3338
f 2267/1000/3338 2252/985/3338 2251/984/3338
f 2268/1001/3339 2253/986/3339 2252/985/3339
f 2252/985/3339 2267/1000/3339 2268/1001/3339
f 2269/1002/3340 2254/987/3341 2253/986/3340
f 2253/986/3340 2268/1001/3340 2269/1002/3340
f 2270/1004/3342 2255/989/3342 2256/988/3343
f 2256/988/3343 2271/1003/3343 2270/1004/3342
f 2255/989/3344 2270/1004/3344 2272/1005/3345
f 2272/1005/3345 2257/990/3345 2255/989/3344
f 2257/990/3346 2272/1005/3346 2273/1006/3346
f 2273/1006/3346 2258/991/3346 2257/990/3346
f 2274/1007/3347 2259/992/3347 2258/991/3347
f 2258/991/3347 2273/1006/3347 2274/1007/3347
f 2259/992/3348 2274/1007/3348 2275/1008/3348
f 2275/1008/3348 2260/993/3348 2259/992/3348
f 2260/993/3349 2275/1008/3349 2276/1009/3349
f 2276/1009/3349 2261/994/3350 2260/993/3349
f 2277/1010/3351 2262/995/3351 2261/994/3351
f 2261/994/3351 2276/1009/3351 2277/1010/3351
f 2262/995/3352 2277/1010/3353 2278/1011/3354
f 2278/1011/3354 2263/996/3354 2262/995/3352
f 2263/996/3355 2278/1011/3356 2279/1012/3357
f 2279/1012/3357 2264/997/3358 2263/996/3355
f 2280/1013/3359 2265/998/3359 2264/997/3359
f 2264/997/3359 2279/1012/3359 2280/1013/3359
f 2265/998/3360 2280/1013/3361 2281/1014/3360
f 2281/1014/3360 2266/999/3362 2265/998/3360
f 2266/999/3363 2281/1014/3363 2282/1015/3364
f 2282/1015/3364 2267/1000/3363 2266/999/3363
f 2283/1016/3365 2268/1001/3365 2267/1000/3365
f 2267/1000/3365 2282/1015/3365 2283/1016/3365
f 2284/1017/3366 2269/1002/3367 2268/1001/3367
f 2268/1001/3367 2283/1016/3368 2284/1017/3366
f 2271/1003/3369 2285/1018/3370 2286/1019/3369
f 2286/1019/3369 2270/1004/3369 2271/1003/3369
f 2270/1004/3371 2286/1019/3372 2287/1020/3372
f 2287/1020/3372 2272/1005/3372 2270/1004/3371
f 2272/1005/3373 2287/1020/3373 2288/1021/3373
f 2288/1021/3373 2273/1006/3374 2272/1005/3373
f 2289/1022/3375 2274/1007/3375 2273/1006/3375
f 2273/1006/3375 2288/1021/3375 2289/1022/3375
f 2274/1007/3376 2289/1022/3377 2290/1023/3377
f 2290/1023/3377 2275/1008/3377 2274/1007/3376
f 2275/1008/3378 2290/1023/3379 2291/1024/3380
f 2291/1024/3380 2276/1009/3381 2275/1008/3378
f 2292/1025/3382 2277/1010/3382 2276/1009/3382
f 2276/1009/3382 2291/1024/3382 2292/1025/3382
f 2293/1026/3383 2278/1011/3383 2277/1010/3384
f 2277/1010/3384 2292/1025/3384 2293/1026/3383
f 2278/1011/3385 2293/1026/3386 2294/1027/3387
f 2294/1027/3387 2279/1012/3388 2278/1011/3385
f 2295/1028/3389 2280/1013/3389 2279/1012/3390
f 2279/1012/3390 2294/1027/3391 2295/1028/3389
f 2280/1013/3392 2295/1028/3392 2296/1029/3392
f 2296/1029/3392 2281/1014/3392 2280/1013/3392
f 2281/1014/3393 2296/1029/3393 2297/1030/3393
f 2297/1030/3393 2282/1015/3394 2281/1014/3393
f 2298/1031/3395 2283/1016/3395 2282/1015/3395
f 2282/1015/3395 2297/1030/3395 2298/1031/3395
f 2283/1016/3396 2298/1031/3396 2299/1032/3397
f 2299/1032/3397 2284/1017/3396 2283/1016/3396
f 2300/1034/3398 2286/1019/3398 2285/1018/3399
f 2285/1018/3399 2301/1033/3400 2300/1034/3398
f 2302/1035/3401 2287/1020/3402 2286/1019/3403
f 2286/1019/3403 2300/1034/3404 2302/1035/3401
f 2287/1020/3405 2302/1035/3406 2303/1036/3407
f 2303/1036/3407 2288/1021/3408 2287/1020/3405
f 2304/1037/3409 2289/1022/3409 2288/1021/3409
f 2288/1021/3409 2303/1036/3409 2304/1037/3409
f 2289/1022/3410 2304/1037/3411 2305/1038/3411
f 2305/1038/3411 2290/1023/3411 2289/1022/3410
f 2290/1023/3412 2305/1038/3413 2306/1039/3414
f 2306/1039/3414 2291/1024/3415 2290/1023/3412
f 2307/1040/3416 2292/1025/3417 2291/1024/3417
f 2291/1024/3417 2306/1039/3417 2307/1040/3416
f 2308/1041/3418 2293/1026/3418 2292/1025/3418
f 2292/1025/3418 2307/1040/3418 2308/1041/3418
f 2309/1042/3419 2294/1027/3419 2293/1026/3419
f 2293/1026/3419 2308/1041/3419 2309/1042/3419
f 2310/1043/3420 2295/1028/3420 2294/1027/3420
f 2294/1027/3420 2309/1042/3420 2310/1043/3420
f 2296/1029/3421 2295/1028/3421 2310/1043/3421
f 2310/1043/3421 2311/1044/3421 2296/1029/3421
f 2312/1045/3422 2297/1030/3422 2296/1029/3422
f 2296/1029/3422 2311/1044/3422 2312/1045/3422
f 2313/1046/3423 2298/1031/3424 2297/1030/3424
f 2297/1030/3424 2312/1045/3424 2313/1046/3423
f 2314/1047/3425 2299/1032/3426 2298/1031/3426
f 2298/1031/3426 2313/1046/3426 2314/1047/3425
f 2315/1049/3427 2300/1034/3427 2301/1033/3427
f 2301/1033/3427 2316/1048/3428 2315/1049/3427
f 2300/1034/3429 2315/1049/3429 2317/1050/3429
f 2317/1050/3429 2302/1035/3429 2300/1034/3429
f 2318/1051/3430 2303/1036/3430 2302/1035/3430
f 2302/1035/3430 2317/1050/3430 2318/1051/3430
f 2319/1052/3431 2304/1037/3431 2303/1036/3431
f 2303/1036/3431 2318/1051/3431 2319/1052/3431
f 2304/1037/3432 2319/1052/3432 2320/1053/3433
f 2320/1053/3433 2305/1038/3432 2304/1037/3432
f 2321/1054/3434 2306/1039/3435 2305/1038/3435
f 2305/1038/3435 2320/1053/3436 2321/1054/3434
f 2322/1055/3437 2307/1040/3438 2306/1039/3439
f 2306/1039/3439 2321/1054/3440 2322/1055/3437
f 2307/1040/3441 2322/1055/3442 2323/1056/3443
f 2323/1056/3443 2308/1041/3444 2307/1040/3441
f 2309/1042/3445 2308/1041/3445 2323/1056/3445
f 2323/1056/3445 2324/1057/3445 2309/1042/3445
f 2310/1043/3446 2309/1042/3446 2324/1057/3446
f 2324/1057/3446 2325/1058/3446 2310/1043/3446
f 2311/1044/3447 2310/1043/3447 2325/1058/3447
f 2325/1058/3447 2326/1059/3447 2311/1044/3447
f 2327/1060/3448 2312/1045/3449 2311/1044/3449
f 2311/1044/3449 2326/1059/3449 2327/1060/3448
f 2328/1061/3450 2313/1046/3450 2312/1045/3450
f 2312/1045/3450 2327/1060/3450 2328/1061/3450
f 2313/1046/3451 2328/1061/3451 2329/1062/3451
f 2329/1062/3451 2314/1047/3451 2313/1046/3451
f 2315/1049/3452 2316/1048/3452 2330/1063/3452
f 2330/1063/3452 2331/1064/3452 2315/1049/3452
f 2315/1049/3453 2331/1064/3453 2332/1065/3453
f 2332/1065/3453 2317/1050/3453 2315/1049/3453
f 2318/1051/3454 2317/1050/3454 2332/1065/3454
f 2332/1065/3454 2333/1066/3454 2318/1051/3454
f 2319/1052/3455 2318/1051/3455 2333/1066/3455
f 2333/1066/3455 2334/1067/3455 2319/1052/3455
f 2319/1052/3456 2334/1067/3457 2335/1068/3456
f 2335/1068/3456 2320/1053/3456 2319/1052/3456
f 2321/1054/3458 2320/1053/3458 2335/1068/3458
f 2335/1068/3458 2336/1069/3458 2321/1054/3458
f 2322/1055/3459 2321/1054/3459 2336/1069/3459
f 2336/1069/3459 2337/1070/3460 2322/1055/3459
f 2322/1055/3461 2337/1070/3462 2338/1071/3462
f 2338/1071/3462 2323/1056/3463 2322/1055/3461
f 2324/1057/3464 2323/1056/3465 2338/1071/3465
f 2338/1071/3465 2339/1072/3465 2324/1057/3464
f 2325/1058/3466 2324/1057/3466 2339/1072/3466
f 2339/1072/3466 2340/1073/3466 2325/1058/3466
f 2325/1058/3467 2340/1073/3467 2341/1074/3467
f 2341/1074/3467 2326/1059/3467 2325/1058/3467
f 2327/1060/3468 2326/1059/3468 2341/1074/3468
f 2341/1074/3468 2342/1075/3468 2327/1060/3468
f 2328/1061/3469 2327/1060/3469 2342/1075/3469
f 2342/1075/3469 2343/1076/3469 2328/1061/3469
f 2328/1061/3470 2343/1076/3470 2344/1077/3470
f 2344/1077/3470 2329/1062/3470 2328/1061/3470
f 2331/1064/3471 2330/1063/3471 2345/1078/3471
f 2345/1078/3471 2346/1079/3471 2331/1064/3471
f 2331/1064/3472 2346/1079/3472 2347/1080/3472
f 2347/1080/3472 2332/1065/3472 2331/1064/3472
f 2333/1066/3473 2332/1065/3474 2347/1080/3474
f 2347/1080/3474 2348/1081/3474 2333/1066/3473
f 2334/1067/3475 2333/1066/3475 2348/1081/3475
f 2348/1081/3475 2349/1082/3475 2334/1067/3475
f 2334/1067/3476 2349/1082/3476 2350/1083/3476
f 2350/1083/3476 2335/1068/3477 2334/1067/3476
f 2336/1069/3478 2335/1068/3478 2350/1083/3478
f 2350/1083/3478 2351/1084/3478 2336/1069/3478
f 2337/1070/3479 2336/1069/3479 2351/1084/3479
f 2351/1084/3479 2352/1085/3479 2337/1070/3479
f 2337/1070/3480 2352/1085/3480 2353/1086/3480
f 2353/1086/3480 2338/1071/3480 2337/1070/3480
f 2339/1072/3481 2338/1071/3481 2353/1086/3482
f 2353/1086/3482 2354/1087/3482 2339/1072/3481
f 2340/1073/3483 2339/1072/3483 2354/1087/3483
f 2354/1087/3483 2355/1088/3483 2340/1073/3483
f 2340/1073/3484 2355/1088/3484 2356/1089/3484
f 2356/1089/3484 2341/1074/3484 2340/1073/3484
f 2342/1075/3485 2341/1074/3485 2356/1089/3485
f 2356/1089/3485 2357/1090/3485 2342/1075/3485
f 2343/1076/3486 2342/1075/3486 2357/1090/3486
f 2357/1090/3486 2358/1091/3486 2343/1076/3486
f 2343/1076/3487 2358/1091/3487 2359/1092/3487
f 2359/1092/3487 2344/1077/3487 2343/1076/3487
f 2346/1079/3488 2345/1078/3488 2360/1093/3488
f 2360/1093/3488 2361/1094/3489 2346/1079/3488
f 2346/1079/3490 2361/1094/3490 2362/1095/3490
f 2362/1095/3490 2347/1080/3490 2346/1079/3490
f 2348/1081/3491 2347/1080/3492 2362/1095/3492
f 2362/1095/3492 2363/1096/3491 2348/1081/3491
f 2349/1082/3493 2348/1081/3493 2363/1096/3493
f 2363/1096/3493 2364/1097/3493 2349/1082/3493
f 2349/1082/3494 2364/1097/3494 2365/1098/3494
f 2365/1098/3494 2350/1083/3494 2349/1082/3494
f 2351/1084/3495 2350/1083/3495 2365/1098/3496
f 2365/1098/3496 2366/1099/3495 2351/1084/3495
f 2352/1085/3497 2351/1084/3497 2366/1099/3497
f 2366/1099/3497 2367/1100/3497 2352/1085/3497
f 2352/1085/3498 2367/1100/3499 2368/1101/3500
f 2368/1101/3500 2353/1086/3501 2352/1085/3498
f 2354/1087/3502 2353/1086/3502 2368/1101/3502
f 2368/1101/3502 2369/1102/3502 2354/1087/3502
f 2355/1088/3503 2354/1087/3503 2369/1102/3503
f 2369/1102/3503 2370/1103/3503 2355/1088/3503
f 2355/1088/3504 2370/1103/3504 2371/1104/3504
f 2371/1104/3504 2356/1089/3504 2355/1088/3504
f 2357/1090/3505 2356/1089/3505 2371/1104/3505
f 2371/1104/3505 2372/1105/3505 2357/1090/3505
f 2358/1091/3506 2357/1090/3506 2372/1105/3506
f 2372/1105/3506 2373/1106/3506 2358/1091/3506
f 2358/1091/3507 2373/1106/3507 2374/1107/3507
f 2374/1107/3507 2359/1092/3507 2358/1091/3507
f 2361/1094/3508 2360/1093/3508 2375/1108/3508
f 2375/1108/3508 2376/1109/3508 2361/1094/3508
f 2361/1094/3509 2376/1109/3509 2377/1110/3509
f 2377/1110/3509 2362/1095/3509 2361/1094/3509
f 2363/1096/3510 2362/1095/3510 2377/1110/3510
f 2377/1110/3510 2378/1111/3510 2363/1096/3510
f 2364/1097/3511 2363/1096/3511 2378/1111/3511
f 2378/1111/3511 2379/1112/3511 2364/1097/3511
f 2364/1097/3512 2379/1112/3512 2380/1113/3512
f 2380/1113/3512 2365/1098/3512 2364/1097/3512
f 2366/1099/3513 2365/1098/3513 2380/1113/3513
f 2380/1113/3513 2381/1114/3513 2366/1099/3513
f 2367/1100/3514 2366/1099/3515 2381/1114/3515
f 2381/1114/3515 2382/1115/3516 2367/1100/3514
f 2367/1100/3517 2382/1115/3517 2383/1116/3517
f 2383/1116/3517 2368/1101/3517 2367/1100/3517
f 2369/1102/3518 2368/1101/3518 2383/1116/3519
f 2383/1116/3519 2384/1117/3520 2369/1102/3518
f 2370/1103/3521 2369/1102/3521 2384/1117/3522
f 2384/1117/3522 2385/1118/3521 2370/1103/3521
f 2370/1103/3523 2385/1118/3523 2386/1119/3523
f 2386/1119/3523 2371/1104/3523 2370/1103/3523
f 2372/1105/3524 2371/1104/3524 2386/1119/3524
f 2386/1119/3524 2387/1120/3524 2372/1105/3524
f 2373/1106/3525 2372/1105/3525 2387/1120/3525
f 2387/1120/3525 2388/1121/3525 2373/1106/3525
f 2373/1106/3526 2388/1121/3526 2389/1122/3526
f 2389/1122/3526 2374/1107/3526 2373/1106/3526
f 2376/1109/3527 2375/1108/3527 2390/1123/3527
f 2390/1123/3527 2391/1124/3527 2376/1109/3527
f 2376/1109/3528 2391/1124/3528 2392/1125/3528
f 2392/1125/3528 2377/1110/3528 2376/1109/3528
f 2378/1111/3529 2377/1110/3529 2392/1125/3529
f 2392/1125/3529 2393/1126/3529 2378/1111/3529
f 2379/1112/3530 2378/1111/3530 2393/1126/3530
f 2393/1126/3530 2394/1127/3530 2379/1112/3530
f 2379/1112/3531 2394/1127/3531 2395/1128/3531
f 2395/1128/3531 2380/1113/3531 2379/1112/3531
f 2381/1114/3532 2380/1113/3532 2395/1128/3533
f 2395/1128/3533 2396/1129/3534 2381/1114/3532
f 2382/1115/3535 2381/1114/3536 2396/1129/3536
f 2396/1129/3536 2397/1130/3537 2382/1115/3535
f 2382/1115/3538 2397/1130/3539 2398/1131/3540
f 2398/1131/3540 2383/1116/3541 2382/1115/3538
f 2384/1117/3542 2383/1116/3542 2398/1131/3542
f 2398/1131/3542 2399/1132/3542 2384/1117/3542
f 2385/1118/3543 2384/1117/3543 2399/1132/3543
f 2399/1132/3543 2400/1133/3543 2385/1118/3543
f 2385/1118/3544 2400/1133/3545 2401/1134/3545
f 2401/1134/3545 2386/1119/3545 2385/1118/3544
f 2387/1120/3546 2386/1119/3546 2401/1134/3546
f 2401/1134/3546 2402/1135/3546 2387/1120/3546
f 2388/1121/3547 2387/1120/3547 2402/1135/3547
f 2402/1135/3547 2403/1136/3547 2388/1121/3547
f 2404/1137/3548 2389/1122/3548 2388/1121/3548
f 2388/1121/3548 2403/1136/3548 2404/1137/3548
f 2149/1139/3549 2182/914/3549 2405/1138/3549
f 2405/1138/3549 2150/868/3549 2149/1139/3549
f 2406/1140/3550 2405/1138/3550 2182/914/3550
f 2182/914/3550 2181/915/3550 2406/1140/3550
f 2407/1141/3551 2406/1140/3551 2181/915/3551
f 2181/915/3551 2185/917/3551 2407/1141/3551
f 2407/1141/3552 2185/917/3553 2187/919/3552
f 2187/919/3552 2408/1142/3552 2407/1141/3552
f 2409/1143/3554 2408/1142/3554 2187/919/3554
f 2187/919/3554 2189/921/3554 2409/1143/3554
f 2410/1144/3555 2409/1143/3556 2189/921/3556
f 2189/921/3556 2191/923/3555 2410/1144/3555
f 2193/925/3557 2411/1145/3557 2410/1144/3558
f 2410/1144/3558 2191/923/3558 2193/925/3557
f 2411/1145/3559 2193/925/3560 2195/927/3561
f 2195/927/3561 2412/1146/3562 2411/1145/3559
f 2413/1147/3563 2412/1146/3563 2195/927/3563
f 2195/927/3563 2197/929/3563 2413/1147/3563
f 2199/932/3564 2414/1148/3565 2413/1147/3566
f 2413/1147/3566 2197/929/3567 2199/932/3564
f 2414/1148/3568 2199/932/3569 2201/934/3570
f 2201/934/3570 2415/1149/3571 2414/1148/3568
f 2203/936/3572 2416/1150/3573 2415/1149/3574
f 2415/1149/3574 2201/934/3575 2203/936/3572
f 2205/938/3576 2417/1151/3577 2416/1150/3578
f 2416/1150/3578 2203/936/3579 2205/938/3576
f 2417/1151/3580 2205/938/3581 2207/940/3580
f 2207/940/3580 2418/1152/3580 2417/1151/3580
f 2209/941/3582 2419/1153/3582 2418/1152/3582
f 2418/1152/3582 2207/940/3582 2209/941/3582
f 2419/1153/3583 2209/941/3583 1522/1154/3583
f 1522/1154/3583 1524/1155/3583 2419/1153/3583
f 1531/1156/3584 1522/1154/3584 2209/941/3584
f 2209/941/3584 2208/942/3584 1531/1156/3584
f 2224/957/3585 1532/1157/3585 1531/1156/3585
f 1531/1156/3585 2208/942/3586 2224/957/3585
f 2239/972/3587 1533/1158/3587 1532/1157/3587
f 1532/1157/3587 2224/957/3587 2239/972/3587
f 2254/987/3588 1534/1159/3589 1533/1158/3589
f 1533/1158/3589 2239/972/3589 2254/987/3588
f 1535/1160/3590 1534/1159/3590 2254/987/3590
f 2254/987/3590 2269/1002/3590 1535/1160/3590
f 1536/1161/3591 1535/1160/3591 2269/1002/3591
f 2269/1002/3591 2284/1017/3591 1536/1161/3591
f 1517/1162/3592 1536/1161/3592 2284/1017/3592
f 2284/1017/3592 2299/1032/3592 1517/1162/3592
f 2314/1047/3593 1516/1163/3593 1517/1162/3593
f 1517/1162/3593 2299/1032/3593 2314/1047/3593
f 2329/1062/3594 1515/1164/3594 1516/1163/3594
f 1516/1163/3594 2314/1047/3594 2329/1062/3594
f 1515/1164/3595 2329/1062/3595 2344/1077/3595
f 2344/1077/3595 1514/1165/3595 1515/1164/3595
f 1514/1165/3596 2344/1077/3596 2359/1092/3596
f 2359/1092/3596 1513/1166/3596 1514/1165/3596
f 1512/1167/3597 1513/1166/3597 2359/1092/3597
f 2359/1092/3597 2374/1107/3597 1512/1167/3597
f 1511/1168/3598 1512/1167/3598 2374/1107/3598
f 2374/1107/3598 2389/1122/3598 1511/1168/3598
f 2404/1137/3599 1510/1169/3599 1511/1168/3599
f 1511/1168/3599 2389/1122/3599 2404/1137/3599
f 1692/1171/3600 1508/1170/3600 1510/1169/3600
f 1510/1169/3600 2404/1137/3600 1692/1171/3600
f 2403/1136/3601 1711/1172/3601 1692/1171/3601
f 1692/1171/3601 2404/1137/3601 2403/1136/3601
f 2403/1136/3602 2402/1135/3602 1710/1173/3602
f 1710/1173/3602 1711/1172/3602 2403/1136/3602
f 2402/1135/3603 2401/1134/3603 1709/1174/3603
f 1709/1174/3603 1710/1173/3603 2402/1135/3603
f 2400/1133/3604 1708/1175/3604 1709/1174/3604
f 1709/1174/3604 2401/1134/3604 2400/1133/3604
f 2400/1133/3605 2399/1132/3606 1707/1176/3607
f 1707/1176/3607 1708/1175/3608 2400/1133/3605
f 2399/1132/3609 2398/1131/3609 1706/1177/3609
f 1706/1177/3609 1707/1176/3610 2399/1132/3609
f 2397/1130/3611 1705/1178/3611 1706/1177/3612
f 1706/1177/3612 2398/1131/3612 2397/1130/3611
f 2397/1130/3613 2396/1129/3614 1704/1179/3614
f 1704/1179/3614 1705/1178/3614 2397/1130/3613
f 2396/1129/3615 2395/1128/3615 1703/1180/3615
f 1703/1180/3615 1704/1179/3615 2396/1129/3615
f 1703/1180/3616 2395/1128/3617 2394/1127/3617
f 2394/1127/3617 1702/1181/3617 1703/1180/3616
f 2393/1126/3618 1701/1182/3618 1702/1181/3618
f 1702/1181/3618 2394/1127/3618 2393/1126/3618
f 2392/1125/3619 1700/1183/3620 1701/1182/3619
f 1701/1182/3619 2393/1126/3619 2392/1125/3619
f 1700/1183/3621 2392/1125/3621 2391/1124/3621
f 2391/1124/3621 1699/1184/3621 1700/1183/3621
f 2390/1123/3622 1697/1185/3622 1699/1184/3622
f 1699/1184/3622 2391/1124/3622 2390/1123/3622
f 2166/1186/3623 1698/1187/3623 1697/1185/3623
f 1697/1185/3623 2390/1123/3623 2166/1186/3623
f 2166/1186/3624 2390/1123/3624 2375/1108/3624
f 2375/1108/3624 2167/1188/3624 2166/1186/3624
f 2168/1189/3625 2167/1188/3625 2375/1108/3625
f 2375/1108/3625 2360/1093/3625 2168/1189/3625
f 2168/1189/3626 2360/1093/3626 2345/1078/3626
f 2345/1078/3626 2169/1190/3626 2168/1189/3626
f 2345/1078/3627 2330/1063/3627 2170/1191/3627
f 2170/1191/3627 2169/1190/3627 2345/1078/3627
f 2170/1191/3628 2330/1063/3628 2316/1048/3628
f 2316/1048/3628 2171/1192/3628 2170/1191/3628
f 2301/1033/3629 2172/1193/3629 2171/1192/3629
f 2171/1192/3629 2316/1048/3629 2301/1033/3629
f 2158/1194/3630 2172/1193/3630 2301/1033/3630
f 2301/1033/3630 2285/1018/3630 2158/1194/3630
f 2157/1195/3631 2158/1194/3631 2285/1018/3632
f 2285/1018/3632 2271/1003/3631 2157/1195/3631
f 2157/1195/3633 2271/1003/3633 2256/988/3633
f 2256/988/3633 2156/1196/3633 2157/1195/3633
f 2256/988/3634 2241/973/3635 2155/1197/3634
f 2155/1197/3634 2156/1196/3634 2256/988/3634
f 2241/973/3636 2226/958/3636 2154/1198/3636
f 2154/1198/3636 2155/1197/3636 2241/973/3636
f 2211/943/3637 2153/1199/3637 2154/1198/3637
f 2154/1198/3637 2226/958/3638 2211/943/3637
f 2152/1200/3639 2153/1199/3639 2211/943/3639
f 2211/943/3639 2183/913/3639 2152/1200/3639
f 2182/914/3640 2149/1139/3640 2152/1200/3640
f 2152/1200/3640 2183/913/3640 2182/914/3640
f 2420/1204/3641 2421/1203/3641 2422/1202/3641
f 2422/1202/3641 2423/1201/3641 2420/1204/3641
f 2421/1203/3642 2420/1204/3643 2424/1205/3643
f 2424/1205/3643 2425/1206/3643 2421/1203/3642
f 2425/1206/3644 2424/1205/3644 2426/1208/3644
f 2426/1208/3644 2427/1207/3644 2425/1206/3644
f 2428/1210/3645 2429/1209/3645 2427/1207/3645
f 2427/1207/3645 2426/1208/3645 2428/1210/3645
f 2430/1212/3646 2431/1211/3647 2429/1209/3648
f 2429/1209/3648 2428/1210/3649 2430/1212/3646
f 2431/1211/3650 2430/1212/3650 2432/1214/3650
f 2432/1214/3650 2433/1213/3650 2431/1211/3650
f 2434/1216/3651 2435/1215/3652 2433/1213/3653
f 2433/1213/3653 2432/1214/3654 2434/1216/3651
f 2435/1215/3655 2434/1216/3655 2436/1218/3656
f 2436/1218/3656 2437/1217/3657 2435/1215/3655
f 2437/1217/3658 2436/1218/3658 2438/1220/3658
f 2438/1220/3658 2439/1219/3659 2437/1217/3658
f 2440/1222/3660 2441/1221/3661 2439/1219/3661
f 2439/1219/3661 2438/1220/3660 2440/1222/3660
f 2441/1221/3662 2440/1222/3663 2442/1223/3664
f 2442/1223/3664 2443/1224/3664 2441/1221/3662
f 2443/1224/3665 2442/1223/3665 2444/1226/3665
f 2444/1226/3665 2445/1225/3665 2443/1224/3665
f 2446/1228/3666 2447/1227/3666 2445/1225/3666
f 2445/1225/3666 2444/1226/3666 2446/1228/3666
f 2448/1230/3667 2449/1229/3667 2447/1227/3667
f 2447/1227/3667 2446/1228/3667 2448/1230/3667
f 2450/1232/3668 2420/1204/3668 2423/1201/3668
f 2423/1201/3668 2451/1231/3668 2450/1232/3668
f 2420/1204/3669 2450/1232/3669 2452/1233/3669
f 2452/1233/3669 2424/1205/3669 2420/1204/3669
f 2424/1205/3670 2452/1233/3670 2453/1234/3670
f 2453/1234/3670 2426/1208/3670 2424/1205/3670
f 2454/1235/3671 2428/1210/3671 2426/1208/3671
f 2426/1208/3671 2453/1234/3671 2454/1235/3671
f 2455/1236/3672 2430/1212/3672 2428/1210/3672
f 2428/1210/3672 2454/1235/3672 2455/1236/3672
f 2430/1212/3673 2455/1236/3673 2456/1237/3673
f 2456/1237/3673 2432/1214/3673 2430/1212/3673
f 2457/1238/3674 2434/1216/3675 2432/1214/3675
f 2432/1214/3675 2456/1237/3676 2457/1238/3674
f 2458/1239/3677 2436/1218/3678 2434/1216/3679
f 2434/1216/3679 2457/1238/3680 2458/1239/3677
f 2436/1218/3681 2458/1239/3681 2459/1240/3682
f 2459/1240/3682 2438/1220/3683 2436/1218/3681
f 2460/1241/3684 2440/1222/3685 2438/1220/3686
f 2438/1220/3686 2459/1240/3686 2460/1241/3684
f 2461/1242/3687 2442/1223/3687 2440/1222/3687
f 2440/1222/3687 2460/1241/3687 2461/1242/3687
f 2442/1223/3688 2461/1242/3688 2462/1243/3688
f 2462/1243/3688 2444/1226/3688 2442/1223/3688
f 2463/1244/3689 2446/1228/3689 2444/1226/3689
f 2444/1226/3689 2462/1243/3689 2463/1244/3689
f 2464/1245/3690 2448/1230/3690 2446/1228/3690
f 2446/1228/3690 2463/1244/3690 2464/1245/3690
f 2465/1247/3691 2450/1232/3691 2451/1231/3691
f 2451/1231/3691 2466/1246/3691 2465/1247/3691
f 2450/1232/3692 2465/1247/3693 2467/1248/3694
f 2467/1248/3694 2452/1233/3692 2450/1232/3692
f 2452/1233/3695 2467/1248/3696 2468/1249/3697
f 2468/1249/3697 2453/1234/3695 2452/1233/3695
f 2469/1250/3698 2454/1235/3699 2453/1234/3699
f 2453/1234/3699 2468/1249/3700 2469/1250/3698
f 2454/1235/3701 2469/1250/3702 2470/1251/3703
f 2470/1251/3703 2455/1236/3701 2454/1235/3701
f 2455/1236/3704 2470/1251/3705 2471/1252/3706
f 2471/1252/3706 2456/1237/3704 2455/1236/3704
f 2472/1253/3707 2457/1238/3708 2456/1237/3708
f 2456/1237/3708 2471/1252/3709 2472/1253/3707
f 2457/1238/3710 2472/1253/3711 2473/1254/3712
f 2473/1254/3712 2458/1239/3713 2457/1238/3710
f 2458/1239/3714 2473/1254/3715 2474/1255/3716
f 2474/1255/3716 2459/1240/3714 2458/1239/3714
f 2475/1256/3717 2460/1241/3718 2459/1240/3719
f 2459/1240/3719 2474/1255/3720 2475/1256/3717
f 2476/1257/3721 2461/1242/3722 2460/1241/3722
f 2460/1241/3722 2475/1256/3723 2476/1257/3721
f 2461/1242/3724 2476/1257/3725 2477/1258/3726
f 2477/1258/3726 2462/1243/3724 2461/1242/3724
f 2478/1259/3727 2463/1244/3728 2462/1243/3728
f 2462/1243/3728 2477/1258/3729 2478/1259/3727
f 2479/1260/3730 2464/1245/3730 2463/1244/3730
f 2463/1244/3730 2478/1259/3730 2479/1260/3730
f 2480/1262/3731 2465/1247/3732 2466/1246/3732
f 2466/1246/3732 2481/1261/3733 2480/1262/3731
f 2465/1247/3693 2480/1262/3734 2482/1263/3735
f 2482/1263/3735 2467/1248/3694 2465/1247/3693
f 2467/1248/3696 2482/1263/3736 2483/1264/3737
f 2483/1264/3737 2468/1249/3697 2467/1248/3696
f 2484/1265/3738 2469/1250/3698 2468/1249/3700
f 2468/1249/3700 2483/1264/3739 2484/1265/3738
f 2469/1250/3702 2484/1265/3740 2485/1266/3741
f 2485/1266/3741 2470/1251/3703 2469/1250/3702
f 2470/1251/3705 2485/1266/3742 2486/1267/3743
f 2486/1267/3743 2471/1252/3706 2470/1251/3705
f 2471/1252/3709 2486/1267/3744 2487/1268/3745
f 2487/1268/3745 2472/1253/3707 2471/1252/3709
f 2472/1253/3711 2487/1268/3746 2488/1269/3747
f 2488/1269/3747 2473/1254/3712 2472/1253/3711
f 2473/1254/3715 2488/1269/3748 2489/1270/3749
f 2489/1270/3749 2474/1255/3716 2473/1254/3715
f 2490/1271/3750 2475/1256/3717 2474/1255/3720
f 2474/1255/3720 2489/1270/3751 2490/1271/3750
f 2491/1272/3752 2476/1257/3721 2475/1256/3723
f 2475/1256/3723 2490/1271/3753 2491/1272/3752
f 2476/1257/3725 2491/1272/3754 2492/1273/3755
f 2492/1273/3755 2477/1258/3726 2476/1257/3725
f 2493/1274/3756 2478/1259/3727 2477/1258/3729
f 2477/1258/3729 2492/1273/3757 2493/1274/3756
f 2494/1275/3758 2479/1260/3759 2478/1259/3759
f 2478/1259/3759 2493/1274/3760 2494/1275/3758
f 2495/1277/3761 2480/1262/3731 2481/1261/3733
f 2481/1261/3733 2496/1276/3762 2495/1277/3761
f 2480/1262/3734 2495/1277/3763 2497/1278/3764
f 2497/1278/3764 2482/1263/3735 2480/1262/3734
f 2482/1263/3736 2497/1278/3765 2498/1279/3766
f 2498/1279/3766 2483/1264/3737 2482/1263/3736
f 2499/1280/3767 2484/1265/3738 2483/1264/3739
f 2483/1264/3739 2498/1279/3768 2499/1280/3767
f 2500/1281/3769 2485/1266/3741 2484/1265/3740
f 2484/1265/3740 2499/1280/3770 2500/1281/3769
f 2485/1266/3742 2500/1281/3771 2501/1282/3772
f 2501/1282/3772 2486/1267/3743 2485/1266/3742
f 2502/1283/3773 2487/1268/3745 2486/1267/3744
f 2486/1267/3744 2501/1282/3774 2502/1283/3773
f 2487/1268/3746 2502/1283/3775 2503/1284/3776
f 2503/1284/3776 2488/1269/3747 2487/1268/3746
f 2488/1269/3748 2503/1284/3777 2504/1285/3778
f 2504/1285/3778 2489/1270/3749 2488/1269/3748
f 2505/1286/3779 2490/1271/3750 2489/1270/3751
f 2489/1270/3751 2504/1285/3780 2505/1286/3779
f 2506/1287/3781 2491/1272/3752 2490/1271/3753
f 2490/1271/3753 2505/1286/3782 2506/1287/3781
f 2491/1272/3754 2506/1287/3783 2507/1288/3784
f 2507/1288/3784 2492/1273/3755 2491/1272/3754
f 2508/1289/3785 2493/1274/3756 2492/1273/3757
f 2492/1273/3757 2507/1288/3786 2508/1289/3785
f 2509/1290/3787 2494/1275/3758 2493/1274/3760
f 2493/1274/3760 2508/1289/3788 2509/1290/3787
f 2510/1291/3789 2495/1277/3761 2496/1276/3762
f 2496/1276/3762 2511/1292/3790 2510/1291/3789
f 2495/1277/3763 2510/1291/3791 2512/1293/3792
f 2512/1293/3792 2497/1278/3764 2495/1277/3763
f 2497/1278/3765 2512/1293/3793 2513/1294/3794
f 2513/1294/3794 2498/1279/3766 2497/1278/3765
f 2514/1295/3795 2499/1280/3767 2498/1279/3768
f 2498/1279/3768 2513/1294/3796 2514/1295/3795
f 2499/1280/3770 2514/1295/3797 2515/1296/3798
f 2515/1296/3798 2500/1281/3769 2499/1280/3770
f 2516/1297/3799 2501/1282/3772 2500/1281/3771
f 2500/1281/3771 2515/1296/3800 2516/1297/3799
f 2517/1298/3801 2502/1283/3773 2501/1282/3774
f 2501/1282/3774 2516/1297/3802 2517/1298/3801
f 2518/1299/3803 2503/1284/3776 2502/1283/3775
f 2502/1283/3775 2517/1298/3804 2518/1299/3803
f 2519/1300/3805 2504/1285/3778 2503/1284/3777
f 2503/1284/3777 2518/1299/3806 2519/1300/3805
f 2520/1301/3807 2505/1286/3779 2504/1285/3780
f 2504/1285/3780 2519/1300/3808 2520/1301/3807
f 2521/1302/3809 2506/1287/3781 2505/1286/3782
f 2505/1286/3782 2520/1301/3810 2521/1302/3809
f 2522/1303/3811 2507/1288/3784 2506/1287/3783
f 2506/1287/3783 2521/1302/3812 2522/1303/3811
f 2523/1304/3813 2508/1289/3785 2507/1288/3786
f 2507/1288/3786 2522/1303/3814 2523/1304/3813
f 2524/1305/3815 2509/1290/3787 2508/1289/3788
f 2508/1289/3788 2523/1304/3816 2524/1305/3815
f 2525/1306/3817 2510/1291/3789 2511/1292/3790
f 2511/1292/3790 2526/1307/3818 2525/1306/3817
f 2527/1308/3819 2512/1293/3792 2510/1291/3791
f 2510/1291/3791 2525/1306/3820 2527/1308/3819
f 2528/1309/3821 2513/1294/3794 2512/1293/3793
f 2512/1293/3793 2527/1308/3822 2528/1309/3821
f 2529/1310/3823 2514/1295/3795 2513/1294/3796
f 2513/1294/3796 2528/1309/3824 2529/1310/3823
f 2514/1295/3797 2529/1310/3825 2530/1311/3826
f 2530/1311/3826 2515/1296/3798 2514/1295/3797
f 2515/1296/3800 2530/1311/3827 2531/1312/3828
f 2531/1312/3828 2516/1297/3799 2515/1296/3800
f 2532/1313/3829 2517/1298/3801 2516/1297/3802
f 2516/1297/3802 2531/1312/3829 2532/1313/3829
f 2533/1314/3830 2518/1299/3803 2517/1298/3804
f 2517/1298/3804 2532/1313/3831 2533/1314/3830
f 2518/1299/3806 2533/1314/3832 2534/1315/3833
f 2534/1315/3833 2519/1300/3805 2518/1299/3806
f 2535/1316/3834 2520/1301/3807 2519/1300/3808
f 2519/1300/3808 2534/1315/3835 2535/1316/3834
f 2520/1301/3810 2535/1316/3836 2536/1317/3837
f 2536/1317/3837 2521/1302/3809 2520/1301/3810
f 2521/1302/3812 2536/1317/3838 2537/1318/3839
f 2537/1318/3839 2522/1303/3811 2521/1302/3812
f 2538/1319/3840 2523/1304/3813 2522/1303/3814
f 2522/1303/3814 2537/1318/3841 2538/1319/3840
f 2539/1320/3842 2524/1305/3815 2523/1304/3816
f 2523/1304/3816 2538/1319/3843 2539/1320/3842
f 2540/1321/3844 2525/1306/3817 2526/1307/3818
f 2526/1307/3818 2541/1322/3845 2540/1321/3844
f 2525/1306/3820 2540/1321/3846 2542/1323/3847
f 2542/1323/3847 2527/1308/3819 2525/1306/3820
f 2527/1308/3822 2542/1323/3848 2543/1324/3849
f 2543/1324/3849 2528/1309/3821 2527/1308/3822
f 2544/1325/3850 2529/1310/3823 2528/1309/3824
f 2528/1309/3824 2543/1324/3851 2544/1325/3850
f 2529/1310/3825 2544/1325/3852 2545/1326/3853
f 2545/1326/3853 2530/1311/3826 2529/1310/3825
f 2530/1311/3827 2545/1326/3854 2546/1327/3827
f 2546/1327/3827 2531/1312/3828 2530/1311/3827
f 2547/1328/3855 2532/1313/3829 2531/1312/3829
f 2531/1312/3829 2546/1327/3856 2547/1328/3855
f 2548/1329/3857 2533/1314/3830 2532/1313/3831
f 2532/1313/3831 2547/1328/3858 2548/1329/3857
f 2533/1314/3832 2548/1329/3859 2549/1330/3860
f 2549/1330/3860 2534/1315/3833 2533/1314/3832
f 2550/1331/3861 2535/1316/3834 2534/1315/3835
f 2534/1315/3835 2549/1330/3862 2550/1331/3861
f 2551/1332/3863 2536/1317/3837 2535/1316/3836
f 2535/1316/3836 2550/1331/3864 2551/1332/3863
f 2536/1317/3838 2551/1332/3865 2552/1333/3866
f 2552/1333/3866 2537/1318/3839 2536/1317/3838
f 2553/1334/3867 2538/1319/3840 2537/1318/3841
f 2537/1318/3841 2552/1333/3868 2553/1334/3867
f 2538/1319/3843 2553/1334/3869 2554/1335/3870
f 2554/1335/3870 2539/1320/3842 2538/1319/3843
f 2555/1336/3871 2540/1321/3844 2541/1322/3845
f 2541/1322/3845 2556/1337/3872 2555/1336/3871
f 2557/1338/3873 2542/1323/3847 2540/1321/3846
f 2540/1321/3846 2555/1336/3874 2557/1338/3873
f 2542/1323/3848 2557/1338/3875 2558/1339/3876
f 2558/1339/3876 2543/1324/3849 2542/1323/3848
f 2559/1340/3877 2544/1325/3850 2543/1324/3851
f 2543/1324/3851 2558/1339/3878 2559/1340/3877
f 2544/1325/3852 2559/1340/3879 2560/1341/3880
f 2560/1341/3880 2545/1326/3853 2544/1325/3852
f 2545/1326/3854 2560/1341/3881 2561/1342/3882
f 2561/1342/3882 2546/1327/3827 2545/1326/3854
f 2562/1343/3883 2547/1328/3855 2546/1327/3856
f 2546/1327/3856 2561/1342/3884 2562/1343/3883
f 2547/1328/3858 2562/1343/3885 2563/1344/3886
f 2563/1344/3886 2548/1329/3857 2547/1328/3858
f 2548/1329/3859 2563/1344/3887 2564/1345/3888
f 2564/1345/3888 2549/1330/3860 2548/1329/3859
f 2565/1346/3889 2550/1331/3861 2549/1330/3862
f 2549/1330/3862 2564/1345/3890 2565/1346/3889
f 2550/1331/3864 2565/1346/3891 2566/1347/3892
f 2566/1347/3892 2551/1332/3863 2550/1331/3864
f 2551/1332/3865 2566/1347/3893 2567/1348/3894
f 2567/1348/3894 2552/1333/3866 2551/1332/3865
f 2568/1349/3895 2553/1334/3867 2552/1333/3868
f 2552/1333/3868 2567/1348/3896 2568/1349/3895
f 2553/1334/3869 2568/1349/3897 2569/1350/3898
f 2569/1350/3898 2554/1335/3870 2553/1334/3869
f 2570/1351/3899 2555/1336/3871 2556/1337/3872
f 2556/1337/3872 2571/1352/3900 2570/1351/3899
f 2572/1353/3901 2557/1338/3873 2555/1336/3874
f 2555/1336/3874 2570/1351/3902 2572/1353/3901
f 2557/1338/3875 2572/1353/3903 2573/1354/3904
f 2573/1354/3904 2558/1339/3876 2557/1338/3875
f 2574/1355/3905 2559/1340/3877 2558/1339/3878
f 2558/1339/3878 2573/1354/3906 2574/1355/3905
f 2559/1340/3879 2574/1355/3907 2575/1356/3908
f 2575/1356/3908 2560/1341/3880 2559/1340/3879
f 2560/1341/3881 2575/1356/3909 2576/1357/3910
f 2576/1357/3910 2561/1342/3882 2560/1341/3881
f 2577/1358/3911 2562/1343/3883 2561/1342/3884
f 2561/1342/3884 2576/1357/3912 2577/1358/3911
f 2578/1359/3913 2563/1344/3886 2562/1343/3885
f 2562/1343/3885 2577/1358/3914 2578/1359/3913
f 2563/1344/3887 2578/1359/3915 2579/1360/3916
f 2579/1360/3916 2564/1345/3888 2563/1344/3887
f 2580/1361/3917 2565/1346/3889 2564/1345/3890
f 2564/1345/3890 2579/1360/3918 2580/1361/3917
f 2565/1346/3891 2580/1361/3919 2581/1362/3920
f 2581/1362/3920 2566/1347/3892 2565/1346/3891
f 2566/1347/3893 2581/1362/3921 2582/1363/3922
f 2582/1363/3922 2567/1348/3894 2566/1347/3893
f 2583/1364/3923 2568/1349/3895 2567/1348/3896
f 2567/1348/3896 2582/1363/3924 2583/1364/3923
f 2568/1349/3897 2583/1364/3925 2584/1365/3926
f 2584/1365/3926 2569/1350/3898 2568/1349/3897
f 2585/1366/3927 2570/1351/3899 2571/1352/3900
f 2571/1352/3900 2586/1367/3927 2585/1366/3927
f 2587/1368/3928 2572/1353/3901 2570/1351/3902
f 2570/1351/3902 2585/1366/3929 2587/1368/3928
f 2572/1353/3903 2587/1368/3930 2588/1369/3931
f 2588/1369/3931 2573/1354/3904 2572/1353/3903
f 2589/1370/3932 2574/1355/3905 2573/1354/3906
f 2573/1354/3906 2588/1369/3933 2589/1370/3932
f 2590/1371/3934 2575/1356/3908 2574/1355/3907
f 2574/1355/3907 2589/1370/3935 2590/1371/3934
f 2575/1356/3909 2590/1371/3936 2591/1372/3937
f 2591/1372/3937 2576/1357/3910 2575/1356/3909
f 2592/1373/3938 2577/1358/3911 2576/1357/3912
f 2576/1357/3912 2591/1372/3939 2592/1373/3938
f 2593/1374/3940 2578/1359/3913 2577/1358/3914
f 2577/1358/3914 2592/1373/3941 2593/1374/3940
f 2578/1359/3915 2593/1374/3942 2594/1375/3943
f 2594/1375/3943 2579/1360/3916 2578/1359/3915
f 2595/1376/3944 2580/1361/3917 2579/1360/3918
f 2579/1360/3918 2594/1375/3945 2595/1376/3944
f 2580/1361/3919 2595/1376/3946 2596/1377/3947
f 2596/1377/3947 2581/1362/3920 2580/1361/3919
f 2581/1362/3921 2596/1377/3948 2597/1378/3949
f 2597/1378/3949 2582/1363/3922 2581/1362/3921
f 2598/1379/3950 2583/1364/3923 2582/1363/3924
f 2582/1363/3924 2597/1378/3950 2598/1379/3950
f 2583/1364/3925 2598/1379/3951 2599/1380/3951
f 2599/1380/3951 2584/1365/3926 2583/1364/3925
f 2600/1381/3952 2585/1366/3952 2586/1367/3952
f 2586/1367/3952 2601/1382/3952 2600/1381/3952
f 2602/1383/3953 2587/1368/3928 2585/1366/3929
f 2585/1366/3929 2600/1381/3953 2602/1383/3953
f 2587/1368/3930 2602/1383/3954 2603/1384/3954
f 2603/1384/3954 2588/1369/3931 2587/1368/3930
f 2604/1385/3955 2589/1370/3932 2588/1369/3933
f 2588/1369/3933 2603/1384/3955 2604/1385/3955
f 2605/1386/3956 2590/1371/3934 2589/1370/3935
f 2589/1370/3935 2604/1385/3957 2605/1386/3956
f 2606/1387/3958 2591/1372/3937 2590/1371/3936
f 2590/1371/3936 2605/1386/3959 2606/1387/3958
f 2607/1388/3960 2592/1373/3938 2591/1372/3939
f 2591/1372/3939 2606/1387/3960 2607/1388/3960
f 2592/1373/3941 2607/1388/3961 2608/1389/3961
f 2608/1389/3961 2593/1374/3940 2592/1373/3941
f 2593/1374/3942 2608/1389/3962 2609/1390/3963
f 2609/1390/3963 2594/1375/3943 2593/1374/3942
f 2610/1391/3964 2595/1376/3944 2594/1375/3945
f 2594/1375/3945 2609/1390/3965 2610/1391/3964
f 2611/1392/3966 2596/1377/3947 2595/1376/3946
f 2595/1376/3946 2610/1391/3967 2611/1392/3966
f 2612/1393/3968 2597/1378/3969 2596/1377/3970
f 2596/1377/3970 2611/1392/3969 2612/1393/3968
f 2613/1394/3971 2598/1379/3971 2597/1378/3971
f 2597/1378/3971 2612/1393/3971 2613/1394/3971
f 2599/1380/3972 2598/1379/3972 2613/1394/3972
f 2613/1394/3972 2614/1395/3972 2599/1380/3972
f 2615/1396/3973 2600/1381/3973 2601/1382/3973
f 2601/1382/3973 2616/1397/3973 2615/1396/3973
f 2617/1398/3974 2602/1383/3974 2600/1381/3975
f 2600/1381/3975 2615/1396/3974 2617/1398/3974
f 2618/1399/3976 2603/1384/3976 2602/1383/3976
f 2602/1383/3976 2617/1398/3976 2618/1399/3976
f 2619/1400/3977 2604/1385/3977 2603/1384/3977
f 2603/1384/3977 2618/1399/3977 2619/1400/3977
f 2604/1385/3978 2619/1400/3978 2620/1401/3978
f 2620/1401/3978 2605/1386/3978 2604/1385/3978
f 2621/1402/3979 2606/1387/3979 2605/1386/3979
f 2605/1386/3979 2620/1401/3979 2621/1402/3979
f 2622/1403/3980 2607/1388/3980 2606/1387/3981
f 2606/1387/3981 2621/1402/3982 2622/1403/3980
f 2607/1388/3983 2622/1403/3984 2623/1404/3985
f 2623/1404/3985 2608/1389/3985 2607/1388/3983
f 2624/1405/3986 2609/1390/3987 2608/1389/3988
f 2608/1389/3988 2623/1404/3989 2624/1405/3986
f 2625/1406/3990 2610/1391/3990 2609/1390/3990
f 2609/1390/3990 2624/1405/3990 2625/1406/3990
f 2610/1391/3991 2625/1406/3991 2626/1407/3991
f 2626/1407/3991 2611/1392/3991 2610/1391/3991
f 2612/1393/3992 2611/1392/3992 2626/1407/3993
f 2626/1407/3993 2627/1408/3993 2612/1393/3992
f 2613/1394/3994 2612/1393/3994 2627/1408/3994
f 2627/1408/3994 2628/1409/3994 2613/1394/3994
f 2614/1395/3995 2613/1394/3995 2628/1409/3996
f 2628/1409/3996 2629/1410/3995 2614/1395/3995
f 2630/1411/3997 2615/1396/3997 2616/1397/3997
f 2616/1397/3997 2631/1412/3997 2630/1411/3997
f 2615/1396/3998 2630/1411/3998 2632/1413/3998
f 2632/1413/3998 2617/1398/3998 2615/1396/3998
f 2618/1399/3999 2617/1398/3999 2632/1413/3999
f 2632/1413/3999 2633/1414/3999 2618/1399/3999
f 2619/1400/4000 2618/1399/4001 2633/1414/4001
f 2633/1414/4001 2634/1415/4001 2619/1400/4000
f 2619/1400/4002 2634/1415/4002 2635/1416/4002
f 2635/1416/4002 2620/1401/4002 2619/1400/4002
f 2621/1402/4003 2620/1401/4004 2635/1416/4004
f 2635/1416/4004 2636/1417/4005 2621/1402/4003
f 2622/1403/4006 2621/1402/4007 2636/1417/4008
f 2636/1417/4008 2637/1418/4007 2622/1403/4006
f 2622/1403/4009 2637/1418/4010 2638/1419/4009
f 2638/1419/4009 2623/1404/4011 2622/1403/4009
f 2624/1405/4012 2623/1404/4013 2638/1419/4013
f 2638/1419/4013 2639/1420/4014 2624/1405/4012
f 2625/1406/4015 2624/1405/4016 2639/1420/4017
f 2639/1420/4017 2640/1421/4015 2625/1406/4015
f 2625/1406/4018 2640/1421/4019 2641/1422/4020
f 2641/1422/4020 2626/1407/4021 2625/1406/4018
f 2627/1408/4022 2626/1407/4022 2641/1422/4022
f 2641/1422/4022 2642/1423/4022 2627/1408/4022
f 2628/1409/4023 2627/1408/4023 2642/1423/4023
f 2642/1423/4023 2643/1424/4023 2628/1409/4023
f 2628/1409/4024 2643/1424/4024 2644/1425/4024
f 2644/1425/4024 2629/1410/4024 2628/1409/4024
f 2419/1153/4025 1524/1155/4025 1523/1426/4025
f 1523/1426/4025 2422/1202/4025 2419/1153/4025
f 2421/1203/4026 2418/1152/4026 2419/1153/4026
f 2419/1153/4026 2422/1202/4026 2421/1203/4026
f 2425/1206/4027 2417/1151/4027 2418/1152/4027
f 2418/1152/4027 2421/1203/4027 2425/1206/4027
f 2427/1207/4028 2416/1150/4029 2417/1151/4030
f 2417/1151/4030 2425/1206/4031 2427/1207/4028
f 2429/1209/4032 2415/1149/4033 2416/1150/4033
f 2416/1150/4033 2427/1207/4033 2429/1209/4032
f 2431/1211/4034 2414/1148/4035 2415/1149/4034
f 2415/1149/4034 2429/1209/4034 2431/1211/4034
f 2433/1213/4036 2413/1147/4037 2414/1148/4037
f 2414/1148/4037 2431/1211/4038 2433/1213/4036
f 2435/1215/4039 2412/1146/4040 2413/1147/4041
f 2413/1147/4041 2433/1213/4041 2435/1215/4039
f 2437/1217/4042 2411/1145/4043 2412/1146/4042
f 2412/1146/4042 2435/1215/4044 2437/1217/4042
f 2439/1219/4045 2410/1144/4046 2411/1145/4047
f 2411/1145/4047 2437/1217/4046 2439/1219/4045
f 2441/1221/4048 2409/1143/4049 2410/1144/4050
f 2410/1144/4050 2439/1219/4051 2441/1221/4048
f 2443/1224/4052 2408/1142/4053 2409/1143/4054
f 2409/1143/4054 2441/1221/4055 2443/1224/4052
f 2445/1225/4056 2407/1141/4057 2408/1142/4058
f 2408/1142/4058 2443/1224/4058 2445/1225/4056
f 2447/1227/4059 2406/1140/4059 2407/1141/4059
f 2407/1141/4059 2445/1225/4059 2447/1227/4059
f 2449/1229/4060 2405/1138/4060 2406/1140/4060
f 2406/1140/4060 2447/1227/4060 2449/1229/4060
f 2151/867/4061 2150/868/4062 2405/1138/4061
f 2405/1138/4061 2449/1229/4061 2151/867/4061
f 2151/867/4063 2449/1229/4063 2448/1230/4063
f 2448/1230/4063 2159/877/4063 2151/867/4063
f 2159/877/4064 2448/1230/4064 2464/1245/4064
f 2464/1245/4064 2160/878/4064 2159/877/4064
f 2464/1245/4065 2479/1260/4065 2161/879/4065
f 2161/879/4065 2160/878/4065 2464/1245/4065
f 2494/1275/4066 2162/880/4066 2161/879/4066
f 2161/879/4066 2479/1260/4066 2494/1275/4066
f 2494/1275/4067 2509/1290/4068 2163/881/4069
f 2163/881/4069 2162/880/4067 2494/1275/4067
f 2524/1305/4070 2164/882/4071 2163/881/4069
f 2163/881/4069 2509/1290/4068 2524/1305/4070
f 2524/1305/4070 2539/1320/4072 2165/883/4073
f 2165/883/4073 2164/882/4071 2524/1305/4070
f 2554/1335/4074 2179/906/4075 2165/883/4073
f 2165/883/4073 2539/1320/4072 2554/1335/4074
f 2554/1335/4074 2569/1350/4076 2178/905/4077
f 2178/905/4077 2179/906/4075 2554/1335/4074
f 2177/904/4078 2178/905/4077 2569/1350/4076
f 2569/1350/4076 2584/1365/4078 2177/904/4078
f 2176/903/4079 2177/904/4079 2584/1365/4079
f 2584/1365/4079 2599/1380/4079 2176/903/4079
f 2175/902/4080 2176/903/4080 2599/1380/4080
f 2599/1380/4080 2614/1395/4080 2175/902/4080
f 2629/1410/4081 2174/901/4081 2175/902/4081
f 2175/902/4081 2614/1395/4081 2629/1410/4081
f 2644/1425/4082 2173/899/4082 2174/901/4082
f 2174/901/4082 2629/1410/4082 2644/1425/4082
f 2644/1425/4083 1951/638/4083 1953/640/4083
f 1953/640/4083 2173/899/4083 2644/1425/4083
f 2644/1425/4084 2643/1424/4084 1950/637/4084
f 1950/637/4084 1951/638/4084 2644/1425/4084
f 1950/637/4085 2643/1424/4086 2642/1423/4086
f 2642/1423/4086 1949/636/4086 1950/637/4085
f 1949/636/4087 2642/1423/4088 2641/1422/4088
f 2641/1422/4088 1948/635/4089 1949/636/4087
f 2641/1422/4090 2640/1421/4091 1947/634/4092
f 1947/634/4092 1948/635/4092 2641/1422/4090
f 1947/634/4093 2640/1421/4094 2639/1420/4093
f 2639/1420/4093 1946/633/4095 1947/634/4093
f 1946/633/4096 2639/1420/4097 2638/1419/4098
f 2638/1419/4098 1945/632/4099 1946/633/4096
f 2638/1419/4100 2637/1418/4100 1944/631/4101
f 1944/631/4101 1945/632/4100 2638/1419/4100
f 1944/631/4102 2637/1418/4103 2636/1417/4104
f 2636/1417/4104 1943/630/4105 1944/631/4102
f 2636/1417/4106 2635/1416/4107 1942/629/4107
f 1942/629/4107 1943/630/4107 2636/1417/4106
f 2635/1416/4108 2634/1415/4109 1941/628/4110
f 1941/628/4110 1942/629/4111 2635/1416/4108
f 1941/628/4112 2634/1415/4112 2633/1414/4112
f 2633/1414/4112 1940/627/4112 1941/628/4112
f 2633/1414/4113 2632/1413/4114 1939/626/4113
f 1939/626/4113 1940/627/4115 2633/1414/4113
f 2632/1413/4116 2630/1411/4116 1938/625/4116
f 1938/625/4116 1939/626/4116 2632/1413/4116
f 1938/625/4117 2630/1411/4118 2631/1412/4117
f 2631/1412/4117 1937/623/4118 1938/625/4117
f 1481/1427/4119 1480/622/4120 1937/623/4120
f 1937/623/4120 2631/1412/4120 1481/1427/4119
f 1489/1428/4121 1481/1427/4121 2631/1412/4121
f 2631/1412/4121 2616/1397/4121 1489/1428/4121
f 1490/1429/4122 1489/1428/4122 2616/1397/4122
f 2616/1397/4122 2601/1382/4122 1490/1429/4122
f 1491/1430/4123 1490/1429/4123 2601/1382/4123
f 2601/1382/4123 2586/1367/4123 1491/1430/4123
f 2571/1352/4124 1492/1431/4125 1491/1430/4126
f 1491/1430/4126 2586/1367/4126 2571/1352/4124
f 1493/1432/4127 1492/1431/4125 2571/1352/4124
f 2571/1352/4124 2556/1337/4128 1493/1432/4127
f 1494/1433/4129 1493/1432/4127 2556/1337/4128
f 2556/1337/4128 2541/1322/4130 1494/1433/4129
f 1495/1434/4131 1494/1433/4129 2541/1322/4130
f 2541/1322/4130 2526/1307/4132 1495/1434/4131
f 2511/1292/4133 1530/1435/4134 1495/1434/4131
f 1495/1434/4131 2526/1307/4132 2511/1292/4133
f 2496/1276/4135 1529/1436/4136 1530/1435/4134
f 1530/1435/4134 2511/1292/4133 2496/1276/4135
f 1528/1437/4137 1529/1436/4136 2496/1276/4135
f 2496/1276/4135 2481/1261/4138 1528/1437/4137
f 1527/1438/4139 1528/1437/4137 2481/1261/4138
f 2481/1261/4138 2466/1246/4139 1527/1438/4139
f 1526/1439/4140 1527/1438/4141 2466/1246/4140
f 2466/1246/4140 2451/1231/4140 1526/1439/4140
f 1525/1440/4142 1526/1439/4142 2451/1231/4142
f 2451/1231/4142 2423/1201/4142 1525/1440/4142
f 2423/1201/4143 2422/1202/4143 1523/1426/4143
f 1523/1426/4143 1525/1440/4143 2423/1201/4143
f 1377/48/4144 57/48/4145 58/49/4146
f 58/49/4146 1378/49/4145 1377/48/4144
f 1377/48/4147 1383/54/4147 63/54/4147
f 63/54/4147 57/48/4147 1377/48/4147
f 64/55/4148 63/54/4148 1383/54/4148
f 1383/54/4148 1384/55/4148 64/55/4148
f 1389/60/4149 69/60/4150 64/55/4150
f 64/55/4150 1384/55/4150 1389/60/4149
f 74/65/4151 69/60/4152 1389/60/4153
f 1389/60/4153 1394/65/4152 74/65/4151
f 1399/70/4154 79/70/4155 74/65/4155
f 74/65/4155 1394/65/4155 1399/70/4154
f 1436/108/4156 117/108/4156 118/109/4157
f 118/109/4157 1437/109/4156 1436/108/4156
f 119/110/4158 1438/110/4158 1437/109/4158
f 1437/109/4158 118/109/4158 119/110/4158
f 119/110/4159 120/111/4160 1439/111/4160
f 1439/111/4160 1438/110/4160 119/110/4159
f 1439/111/4161 120/111/4161 121/112/4161
f 121/112/4161 1440/112/4161 1439/111/4161
f 122/113/4162 1441/113/4163 1440/112/4163
f 1440/112/4163 121/112/4163 122/113/4162
f 1441/113/4164 122/113/4165 125/116/4166
f 1501/181/4167 1378/49/4167 58/49/4167
f 58/49/4167 190/181/4167 1501/181/4167
f 1436/108/4168 1521/201/4168 210/201/4168
f 210/201/4168 117/108/4168 1436/108/4168
f 1543/223/4169 1544/224/4169 233/224/4169
f 233/224/4169 232/223/4169 1543/223/4169
f 1544/224/4170 1548/228/4170 237/228/4170
f 237/228/4170 233/224/4170 1544/224/4170
f 237/228/4171 1548/228/4171 1552/232/4171
f 1552/232/4171 241/232/4171 237/228/4171
f 1552/232/4172 1556/236/4172 245/236/4172
f 245/236/4172 241/232/4172 1552/232/4172
f 245/236/4173 1556/236/4173 1560/240/4173
f 1560/240/4173 249/240/4173 245/236/4173
f 253/244/4174 249/240/4174 1560/240/4174
f 1560/240/4174 1564/244/4174 253/244/4174
f 1568/248/4175 257/248/4175 253/244/4175
f 253/244/4175 1564/244/4175 1568/248/4175
f 1568/248/4176 1572/252/4176 261/252/4176
f 261/252/4176 257/248/4176 1568/248/4176
f 261/252/4177 1572/252/4178 1576/256/4179
f 1576/256/4179 265/256/4177 261/252/4177
f 269/260/4180 265/256/4181 1576/256/4181
f 1576/256/4181 1580/260/4181 269/260/4180
f 1584/264/4182 273/264/4182 269/260/4182
f 269/260/4182 1580/260/4182 1584/264/4182
f 1588/268/4183 277/268/4183 273/264/4183
f 273/264/4183 1584/264/4183 1588/268/4183
f 1588/268/4184 1592/272/4184 281/272/4184
f 281/272/4184 277/268/4184 1588/268/4184
f 281/272/4185 1592/272/4185 1596/276/4185
f 1596/276/4185 285/276/4185 281/272/4185
f 1602/282/4186 1543/223/4186 232/223/4186
f 232/223/4186 291/282/4187 1602/282/4186
f 190/283/4188 285/276/4189 1596/276/4190
f 1596/276/4190 1501/283/4189 190/283/4188
f 1626/310/4191 1625/311/4191 315/311/4191
f 315/311/4191 314/310/4191 1626/310/4191
f 1631/316/4192 320/316/4192 315/311/4192
f 315/311/4192 1625/311/4192 1631/316/4192
f 325/321/4193 320/316/4193 1631/316/4193
f 1631/316/4193 1636/321/4193 325/321/4193
f 1636/321/4194 1641/326/4194 330/326/4194
f 330/326/4194 325/321/4194 1636/321/4194
f 1646/331/4195 335/331/4195 330/326/4195
f 330/326/4195 1641/326/4195 1646/331/4195
f 1646/331/4196 1651/336/4196 340/336/4196
f 340/336/4196 335/331/4196 1646/331/4196
f 345/341/4197 340/336/4197 1651/336/4197
f 1651/336/4197 1656/341/4197 345/341/4197
f 1656/341/4198 1661/346/4198 350/346/4198
f 350/346/4198 345/341/4198 1656/341/4198
f 355/351/4199 350/346/4199 1661/346/4199
f 1661/346/4199 1666/351/4199 355/351/4199
f 1671/356/4200 360/356/4200 355/351/4200
f 355/351/4200 1666/351/4200 1671/356/4200
f 360/356/4201 1671/356/4201 1676/361/4201
f 1676/361/4201 365/361/4201 360/356/4201
f 370/366/4202 365/361/4202 1676/361/4202
f 1676/361/4202 1681/366/4202 370/366/4202
f 370/366/4203 1681/366/4203 1686/371/4203
f 1686/371/4203 375/371/4203 370/366/4203
f 1691/376/4204 380/376/4205 375/371/4206
f 375/371/4206 1686/371/4207 1691/376/4204
f 1690/375/4208 379/375/4208 380/376/4208
f 380/376/4208 1691/376/4208 1690/375/4208
f 1521/201/4209 1626/310/4210 314/310/4211
f 314/310/4211 210/201/4211 1521/201/4209
f 382/378/4212 379/375/4212 1690/375/4212
f 1690/375/4212 1694/378/4212 382/378/4212
f 2007/725/4213 2015/733/4213 704/733/4213
f 704/733/4213 696/725/4213 2007/725/4213
f 2014/732/4214 703/732/4214 704/733/4214
f 704/733/4214 2015/733/4214 2014/732/4214
f 2014/732/4215 2022/740/4216 711/740/4216
f 711/740/4216 703/732/4217 2014/732/4215
f 2030/747/4218 2029/748/4219 719/748/4219
f 719/748/4219 718/747/4219 2030/747/4218
f 723/752/4220 719/748/4221 2029/748/4222
f 2029/748/4222 2034/752/4220 723/752/4220
f 2040/758/4223 729/758/4224 723/752/4225
f 723/752/4225 2034/752/4224 2040/758/4223
f 2040/758/4226 2039/757/4226 728/757/4226
f 728/757/4226 729/758/4226 2040/758/4226
f 734/763/4227 728/757/4228 2039/757/4228
f 2039/757/4228 2045/763/4228 734/763/4227
f 739/768/4229 734/763/4229 2045/763/4229
f 2045/763/4229 2050/768/4229 739/768/4229
f 744/773/4230 739/768/4230 2050/768/4230
f 2050/768/4230 2055/773/4230 744/773/4230
f 2080/799/4231 770/799/4232 769/798/4232
f 769/798/4232 2081/798/4232 2080/799/4231
f 2082/800/4233 2081/798/4233 769/798/4234
f 769/798/4234 771/800/4233 2082/800/4233
f 2082/800/4235 771/800/4235 772/801/4235
f 772/801/4235 2083/801/4235 2082/800/4235
f 2083/801/4236 772/801/4237 773/802/4238
f 773/802/4239 778/807/4240 2088/807/4240
f 2088/807/4240 2084/802/4240 773/802/4239
f 2088/807/4241 778/807/4242 777/806/4243
f 2089/806/4244 777/806/4244 779/808/4244
f 779/808/4244 2090/808/4244 2089/806/4244
f 780/809/4245 2091/809/4245 2090/808/4245
f 2090/808/4245 779/808/4245 780/809/4245
f 2091/809/4246 780/809/4246 837/866/4246
f 837/866/4246 2148/866/4246 2091/809/4246
f 2146/864/4247 2145/863/4247 834/863/4247
f 834/863/4247 835/864/4247 2146/864/4247
f 836/865/4248 2147/865/4248 2146/864/4248
f 2146/864/4248 835/864/4248 836/865/4248
f 744/773/4249 2055/773/4249 2007/725/4249
f 2007/725/4249 696/725/4249 744/773/4249
f 2145/863/4250 2148/866/4250 837/866/4250
f 837/866/4250 834/863/4250 2145/863/4250
f 2147/865/4251 836/865/4251 711/740/4251
f 711/740/4251 2022/740/4251 2147/865/4251
f 1694/378/4252 2030/747/4252 718/747/4252
f 718/747/4252 382/378/4252 1694/378/4252
f 770/799/4253 2080/799/4254 1602/282/4254
f 1602/282/4254 291/282/4255 770/799/4253
f 2645/1/4256 2646/1/4256 2647/1/4256
f 2645/1/4256 2647/1/4256 2648/1/4256
f 2645/1/4256 2648/1/4256 2649/1/4256
f 2654/1/2 2653/1/2 2647/1/2
f 2647/1/2 2646/1/2 2654/1/2
f 2652/1/4257 2651/1/4258 2649/1/4257
f 2649/1/4257 2648/1/4257 2652/1/4257
f 2654/1/4259 2646/1/4 2645/1/4
f 2645/1/4 2650/1/4260 2654/1/4259
f 2648/1/4261 2647/1/4262 2653/1/4263
f 2649/1/6 2651/1/6 2650/1/4264
f 2650/1/4264 2645/1/4264 2649/1/6
