# Blender 5.0.1
# www.blender.org
mtllib helice.mtl
o helice_derecha
v -0.009451 0.124693 -0.146605
v -0.009025 0.126173 -0.146637
v -0.007847 0.120621 -0.146389
v -0.012258 0.128482 -0.145115
v -0.006160 0.113776 -0.143745
v -0.005352 0.116104 -0.143661
v -0.006440 0.111936 -0.142646
v -0.007071 0.110532 -0.141543
v -0.009779 0.116314 -0.143302
v -0.008593 0.117431 -0.144933
v -0.009158 0.121155 -0.146166
v -0.012099 0.125565 -0.145172
v -0.006538 0.120092 -0.145728
v -0.007095 0.125687 -0.145473
v -0.013690 0.127427 -0.143200
v -0.011988 0.130859 -0.144724
v -0.007998 0.127701 -0.145427
v -0.008499 0.130358 -0.143737
v -0.010510 0.130942 -0.144924
v -0.005141 0.113002 -0.142187
v -0.011563 0.119140 -0.141804
v -0.005367 0.121544 -0.142695
v -0.006344 0.126079 -0.140790
v -0.014592 0.128736 -0.140668
v -0.014228 0.133034 -0.141584
v -0.012716 0.133055 -0.142966
v -0.010249 0.132742 -0.143136
v -0.005976 0.109742 -0.141403
v -0.006124 0.106369 -0.139088
v -0.004008 0.109241 -0.139477
v -0.004239 0.115868 -0.140125
v -0.011795 0.134261 -0.141231
v -0.014041 0.134611 -0.139220
v -0.011281 0.134761 -0.139784
v -0.009453 0.133652 -0.137897
v -0.012296 -0.131719 -0.138856
v -0.012955 -0.128214 -0.139285
v -0.009161 -0.130070 -0.137394
v -0.011429 -0.130860 -0.138706
v -0.011960 -0.127085 -0.139284
v -0.013854 -0.131107 -0.137345
v -0.014228 -0.124570 -0.138103
v -0.012031 -0.123369 -0.138586
v -0.011411 -0.120174 -0.136926
v -0.012858 -0.124203 -0.139021
v -0.005096 0.106501 -0.139042
v -0.006775 0.104008 -0.136440
v -0.008501 0.106188 -0.135992
v -0.014380 0.134920 -0.136418
v -0.011288 0.135050 -0.135056
v -0.010747 -0.135436 -0.137089
v -0.013019 -0.132798 -0.137723
v -0.009620 -0.134016 -0.137144
v -0.009106 -0.135897 -0.135694
v -0.013410 -0.135305 -0.134563
v -0.007957 -0.131887 -0.135563
v -0.015440 -0.122728 -0.135921
v -0.014478 -0.118040 -0.135807
v -0.013903 -0.118828 -0.136999
v -0.008880 -0.126120 -0.136011
v -0.012762 -0.117486 -0.136011
v -0.005446 0.097353 -0.132257
v -0.004409 0.102329 -0.135732
v -0.005039 0.101381 -0.135434
v -0.003172 0.101660 -0.134476
v -0.002732 0.104747 -0.134790
v -0.003369 0.106217 -0.137058
v -0.003155 0.109295 -0.135067
v -0.016286 0.124286 -0.123063
v -0.015387 0.133115 -0.136701
v -0.011063 -0.138367 -0.133687
v -0.009423 -0.137097 -0.134951
v -0.011910 -0.136848 -0.135441
v -0.008727 -0.137021 -0.133991
v -0.007517 -0.136136 -0.133242
v -0.015220 -0.128215 -0.134100
v -0.015635 -0.119350 -0.133931
v -0.007791 -0.123753 -0.131809
v -0.009520 -0.117717 -0.131499
v -0.015589 -0.116034 -0.133733
v -0.013411 -0.105026 -0.127508
v -0.013756 -0.114963 -0.135113
v -0.004045 0.098244 -0.132835
v -0.005584 0.121891 -0.135385
v -0.015451 0.133125 -0.131638
v -0.013326 0.135403 -0.136040
v -0.008861 -0.139109 -0.132119
v -0.012284 -0.137601 -0.133317
v -0.013434 -0.135577 -0.131131
v -0.007596 -0.138786 -0.130617
v -0.005909 -0.136589 -0.129009
v -0.015826 -0.122393 -0.132551
v -0.006595 -0.130931 -0.132148
v -0.016582 -0.116600 -0.130529
v -0.014413 -0.112616 -0.133378
v -0.015333 -0.115121 -0.133512
v -0.013860 -0.110921 -0.131947
v -0.013876 -0.107688 -0.129930
v -0.004041 0.094790 -0.130465
v -0.003210 0.096619 -0.131468
v -0.002124 0.101699 -0.132179
v -0.002460 0.104055 -0.132070
v -0.011185 0.103147 -0.126227
v -0.009924 0.132755 -0.130886
v -0.011110 -0.139286 -0.130999
v -0.011629 -0.139032 -0.128120
v -0.015846 -0.115674 -0.132402
v -0.015325 -0.111918 -0.131765
v -0.016950 -0.113380 -0.128976
v -0.014425 -0.109076 -0.131146
v -0.003757 0.091457 -0.127620
v -0.005464 0.092453 -0.127503
v -0.001981 0.095428 -0.128991
v -0.015526 0.131927 -0.130453
v -0.007846 0.128624 -0.132567
v -0.010460 0.130780 -0.126432
v -0.012126 0.134621 -0.131130
v -0.009939 -0.140457 -0.127347
v -0.015919 -0.107850 -0.129190
v -0.013849 -0.104009 -0.126754
v -0.015722 -0.107320 -0.129066
v -0.012525 0.091680 -0.110665
v -0.003186 0.106153 -0.126378
v -0.014756 0.116345 -0.126432
v -0.009893 0.128633 -0.124222
v -0.014199 0.134454 -0.131228
v -0.014399 0.132712 -0.126515
v -0.009186 -0.140579 -0.129150
v -0.009553 -0.139781 -0.123009
v -0.006445 -0.139268 -0.125542
v -0.016285 -0.102876 -0.125783
v -0.016754 -0.102305 -0.124358
v -0.011973 -0.104407 -0.124008
v -0.015360 -0.102619 -0.126162
v -0.014685 -0.101411 -0.125391
v -0.003777 0.087980 -0.124864
v -0.002457 0.090210 -0.126365
v -0.001484 0.095139 -0.126350
v -0.011506 0.132545 -0.126771
v -0.013248 -0.133489 -0.126099
v -0.004379 -0.132349 -0.119905
v -0.017674 -0.106646 -0.123507
v -0.017122 -0.111751 -0.127620
v -0.018495 -0.101650 -0.119310
v -0.017232 -0.099593 -0.122279
v -0.016351 -0.100674 -0.124050
v -0.014435 -0.100172 -0.123705
v -0.002522 0.087327 -0.123996
v -0.001420 0.088846 -0.124024
v -0.001984 0.092991 -0.127724
v -0.000904 0.090515 -0.123058
v -0.001176 0.092599 -0.125109
v -0.000827 0.089710 -0.121438
v -0.013544 0.132054 -0.124454
v -0.011650 0.130677 -0.123328
v -0.008047 -0.140191 -0.123705
v -0.007933 -0.138435 -0.118396
v -0.009104 -0.137593 -0.118884
v -0.005484 -0.137130 -0.116690
v -0.004847 -0.136199 -0.120357
v -0.016295 -0.119611 -0.126332
v -0.015098 -0.096403 -0.120827
v -0.013734 -0.096654 -0.119828
v -0.015573 -0.098571 -0.122576
v -0.016348 -0.097195 -0.121735
v -0.002227 0.080884 -0.118578
v -0.004167 0.082214 -0.119072
v -0.001472 0.085408 -0.121771
v -0.002832 0.096798 -0.117710
v -0.010290 0.124397 -0.118495
v -0.015667 0.128996 -0.120456
v -0.006695 -0.138847 -0.119012
v -0.011466 -0.137009 -0.123088
v -0.018387 -0.096461 -0.117794
v -0.015021 -0.089134 -0.113791
v -0.016672 -0.095891 -0.120534
v -0.001306 0.082511 -0.119418
v -0.000524 0.084760 -0.118986
v -0.008787 0.121784 -0.120224
v -0.015488 0.129627 -0.122577
v -0.015749 0.126895 -0.116593
v -0.011349 0.127934 -0.120313
v -0.011652 0.127372 -0.118298
v -0.011925 0.129981 -0.122023
v -0.012806 0.128869 -0.118700
v -0.007968 -0.136620 -0.115206
v -0.000710 0.087474 -0.121043
v -0.014084 0.129230 -0.118788
v -0.009262 -0.132536 -0.112493
v -0.003811 -0.131319 -0.111461
v -0.005531 -0.110755 -0.108287
v -0.018054 -0.094040 -0.117464
v -0.017706 -0.093544 -0.117562
v -0.016142 -0.088965 -0.115000
v -0.002135 0.077785 -0.115662
v -0.001229 0.079432 -0.116816
v -0.000425 0.082517 -0.117211
v -0.012104 0.123732 -0.113609
v -0.015528 0.126111 -0.115219
v -0.018989 -0.098293 -0.114110
v -0.018803 -0.093988 -0.115271
v -0.018045 -0.088656 -0.113614
v -0.002727 0.073480 -0.111619
v -0.001207 0.073647 -0.111323
v -0.001983 0.075551 -0.113754
v -0.005027 0.078934 -0.114782
v -0.000250 0.080973 -0.115427
v -0.009925 0.073680 -0.100199
v -0.000561 0.085306 -0.115125
v -0.017610 0.115523 -0.105172
v -0.017248 0.119031 -0.110014
v -0.013501 0.126419 -0.114866
v -0.013811 0.128492 -0.117651
v -0.006018 -0.135311 -0.112534
v -0.008333 -0.133006 -0.111370
v -0.007998 -0.134739 -0.112802
v -0.018882 -0.095689 -0.114460
v -0.015625 -0.087161 -0.112815
v -0.016963 -0.085516 -0.112039
v -0.002811 0.069538 -0.107556
v -0.000716 0.075926 -0.112419
v -0.000118 0.077060 -0.110972
v -0.011874 0.115024 -0.104868
v -0.013125 0.123346 -0.110831
v -0.015789 0.124898 -0.112997
v -0.013956 0.125333 -0.113097
v -0.005307 -0.133232 -0.109549
v -0.004082 -0.128324 -0.104720
v -0.019177 -0.091367 -0.110862
v -0.017955 -0.086948 -0.112447
v -0.019355 -0.085248 -0.107446
v -0.018180 -0.086271 -0.111215
v -0.016268 -0.083402 -0.109412
v -0.001253 0.071410 -0.109713
v 0.000055 0.070930 -0.107792
v -0.004509 0.070536 -0.106739
v -0.005648 0.096473 -0.106749
v -0.016403 0.121862 -0.110753
v -0.015774 0.122968 -0.110828
v -0.006935 -0.129878 -0.105759
v -0.005863 -0.130866 -0.106186
v -0.017943 -0.082558 -0.108889
v 0.000313 0.074054 -0.107413
v -0.015776 0.121623 -0.108096
v -0.019184 -0.090490 -0.102377
v -0.019721 -0.087548 -0.106973
v -0.015464 -0.083081 -0.108629
v -0.016473 -0.079428 -0.105662
v -0.001326 0.069040 -0.107274
v -0.001029 0.067384 -0.105936
v -0.002485 0.067513 -0.105941
v 0.000218 0.066509 -0.103829
v -0.007334 0.077384 -0.109149
v -0.016030 0.120315 -0.122915
v -0.016387 0.118633 -0.105016
v -0.014044 0.121276 -0.107249
v -0.004678 -0.127618 -0.103172
v -0.003796 -0.123805 -0.098905
v -0.004123 -0.126278 -0.116305
v -0.012689 -0.084420 -0.104221
v -0.014223 -0.073912 -0.095903
v -0.019560 -0.077213 -0.101949
v -0.018158 -0.077689 -0.104296
v -0.001830 0.064231 -0.102979
v -0.000594 0.063334 -0.102001
v 0.000292 0.070988 -0.104815
v 0.000266 0.065980 -0.095983
v -0.013534 0.115469 -0.101426
v -0.013365 0.118750 -0.105094
v -0.007311 -0.126907 -0.103304
v -0.005404 -0.125108 -0.099650
v -0.010268 -0.105960 -0.088166
v -0.020167 -0.084556 -0.101833
v -0.015649 -0.078843 -0.104578
v -0.016446 -0.075229 -0.101301
v 0.000694 0.064115 -0.100379
v -0.004164 0.058719 -0.094897
v 0.000773 0.066859 -0.101804
v 0.000283 0.069053 -0.100714
v -0.015595 0.100491 -0.108357
v -0.004739 0.080646 -0.094568
v -0.019278 0.095736 -0.088803
v -0.017668 0.114028 -0.100992
v -0.017319 0.117105 -0.104548
v -0.015186 0.120189 -0.105556
v -0.014689 0.117202 -0.102037
v -0.005616 -0.122708 -0.096812
v -0.007817 -0.080549 -0.084882
v -0.020256 -0.078509 -0.098064
v -0.019553 -0.074034 -0.099088
v -0.017612 -0.076451 -0.103276
v -0.017833 -0.074082 -0.100873
v -0.016115 -0.069525 -0.094650
v -0.001674 0.060287 -0.099007
v -0.016203 0.116943 -0.101629
v -0.008027 -0.109904 -0.087443
v -0.020036 -0.080495 -0.093991
v -0.020560 -0.074467 -0.095879
v -0.018647 -0.072992 -0.098932
v 0.000160 0.059678 -0.097814
v -0.000165 0.056995 -0.095466
v -0.001578 0.053269 -0.091570
v 0.000482 0.062544 -0.099667
v -0.008110 0.059170 -0.089398
v 0.000814 0.065757 -0.099675
v -0.017120 0.115805 -0.101932
v -0.015836 0.115561 -0.100042
v -0.016110 0.112776 -0.096645
v -0.014184 0.116062 -0.101502
v -0.014882 -0.100852 -0.096834
v -0.017758 -0.072104 -0.098939
v -0.019715 -0.070341 -0.095621
v -0.018386 -0.070214 -0.096741
v -0.017288 -0.071197 -0.097861
v 0.001181 0.058442 -0.094305
v 0.001002 0.063042 -0.097728
v -0.001357 0.064547 -0.088636
v -0.018799 0.106313 -0.094582
v -0.019059 0.102163 -0.092820
v -0.004065 -0.123593 -0.097855
v -0.003284 -0.119694 -0.095311
v -0.003031 -0.097713 -0.084712
v -0.020129 -0.067961 -0.079565
v -0.018837 -0.068091 -0.093874
v -0.017264 -0.069266 -0.096002
v 0.000306 0.055991 -0.094146
v 0.001155 0.061381 -0.095871
v -0.017809 0.108570 -0.092701
v -0.018188 0.103568 -0.087602
v -0.015319 0.111072 -0.095164
v -0.015211 0.106504 -0.090949
v -0.013579 0.104404 -0.091623
v -0.015205 0.113621 -0.097865
v -0.005864 -0.120168 -0.094310
v -0.005432 -0.116550 -0.090153
v -0.003803 -0.118591 -0.092949
v -0.002207 -0.108443 -0.084536
v -0.020932 -0.072098 -0.091960
v -0.019918 -0.068511 -0.093300
v -0.016553 -0.065124 -0.090339
v -0.017651 -0.066609 -0.093107
v -0.018820 -0.065986 -0.092340
v -0.018429 -0.065228 -0.091322
v -0.000089 0.051577 -0.089868
v 0.001249 0.059865 -0.093472
v -0.014488 0.112122 -0.097176
v -0.015973 0.109340 -0.092913
v -0.003790 -0.115713 -0.089256
v -0.020777 -0.070544 -0.092698
v -0.020064 -0.065037 -0.089753
v -0.001662 0.049367 -0.087408
v 0.000975 0.053770 -0.090769
v 0.001519 0.054603 -0.090011
v 0.001520 0.057615 -0.092082
v -0.011411 0.088745 -0.083076
v -0.005923 -0.111465 -0.086078
v -0.004055 -0.113693 -0.086947
v -0.002584 -0.118173 -0.097250
v -0.020668 -0.074823 -0.090669
v -0.020788 -0.069322 -0.090750
v -0.011440 -0.068159 -0.082239
v -0.019000 -0.063532 -0.089258
v -0.017672 -0.061339 -0.087675
v -0.020102 -0.063058 -0.087849
v 0.000954 0.050936 -0.087902
v -0.000276 0.049848 -0.087889
v 0.001683 0.052517 -0.087431
v 0.001535 0.056570 -0.090585
v 0.001687 0.055036 -0.088366
v -0.016931 0.105740 -0.088518
v -0.015271 0.103834 -0.087687
v -0.021054 -0.068126 -0.086188
v -0.020599 -0.064961 -0.088107
v -0.019968 -0.060229 -0.085253
v -0.000270 0.047503 -0.085506
v -0.000262 0.052023 -0.078554
v 0.001427 0.054910 -0.086537
v -0.020638 0.086541 -0.075312
v -0.015521 0.101460 -0.085763
v -0.000884 -0.078571 -0.059306
v -0.005937 -0.089912 -0.088508
v -0.020818 -0.067672 -0.083830
v -0.016767 -0.057542 -0.082377
v -0.020485 -0.058813 -0.082367
v -0.018701 -0.058441 -0.084163
v -0.000445 0.046077 -0.083643
v 0.000902 0.046191 -0.083105
v 0.000946 0.049016 -0.085936
v 0.001588 0.050745 -0.086104
v -0.012654 0.074281 -0.093994
v -0.016537 0.098810 -0.081914
v -0.016430 0.088188 -0.072180
v -0.016900 0.102453 -0.085222
v -0.002269 -0.103187 -0.077589
v -0.001908 -0.100642 -0.076313
v -0.020969 -0.062578 -0.083029
v -0.017684 -0.055984 -0.081342
v 0.000766 0.043526 -0.080569
v -0.000663 0.044523 -0.082286
v 0.001676 0.050653 -0.084555
v -0.016884 0.099609 -0.082103
v -0.017870 0.101521 -0.084212
v -0.016758 0.101563 -0.084039
v -0.017331 0.100214 -0.083042
v -0.002081 -0.101548 -0.082641
v -0.017002 -0.054063 -0.078973
v -0.014702 -0.053932 -0.074684
v -0.019844 -0.056063 -0.081175
v -0.000178 0.042359 -0.079932
v -0.003301 0.040086 -0.075370
v 0.001544 0.044799 -0.079559
v 0.001634 0.046846 -0.081443
v 0.001804 0.049075 -0.083471
v 0.001293 0.048156 -0.080287
v -0.018956 0.097213 -0.081195
v -0.003234 -0.107543 -0.081130
v -0.018582 -0.056438 -0.061463
v -0.004764 -0.057864 -0.053361
v -0.020786 -0.056301 -0.077916
v -0.018188 -0.054619 -0.080583
v -0.018094 0.098823 -0.081951
v -0.003842 -0.104189 -0.077124
v -0.021165 -0.055860 -0.071970
v -0.019921 -0.053681 -0.078610
v 0.000683 0.041546 -0.078506
v -0.000211 0.040241 -0.077724
v 0.001388 0.042928 -0.077713
v 0.001449 0.046551 -0.078797
v -0.019897 0.091327 -0.076594
v -0.017408 0.097536 -0.080205
v -0.018328 0.094392 -0.077097
v -0.016741 0.095107 -0.078265
v -0.004264 -0.101086 -0.074000
v -0.002989 -0.101873 -0.074346
v -0.000681 -0.081840 -0.059047
v -0.021053 -0.052953 -0.074471
v 0.000981 0.039319 -0.075560
v 0.001210 0.041031 -0.076328
v 0.001350 0.044335 -0.076744
v 0.001358 0.042440 -0.074020
v -0.017109 0.089865 -0.072513
v -0.002347 -0.100248 -0.073970
v -0.019152 -0.045627 -0.070011
v -0.019749 -0.046851 -0.071278
v -0.001226 0.037455 -0.074000
v -0.001982 0.030833 -0.066645
v -0.000187 0.037219 -0.074199
v 0.001552 0.040851 -0.073924
v -0.020262 0.043027 -0.043257
v -0.019863 0.057922 -0.057033
v -0.010132 0.070065 -0.069435
v -0.019639 0.088613 -0.072328
v -0.017488 0.088359 -0.071153
v -0.016995 0.093768 -0.076243
v -0.003773 -0.100610 -0.073445
v -0.004210 -0.099357 -0.072239
v -0.003670 -0.098696 -0.071546
v -0.002099 -0.094344 -0.067982
v -0.006506 -0.094905 -0.070176
v -0.006659 -0.089712 -0.065256
v -0.001330 -0.090805 -0.066146
v -0.010146 -0.058772 -0.069103
v -0.020386 -0.046348 -0.068487
v -0.017049 -0.046727 -0.071062
v -0.019768 -0.044674 -0.068368
v -0.017623 -0.043748 -0.067715
v -0.016238 -0.044661 -0.067373
v 0.000252 0.032346 -0.068492
v 0.000692 0.035496 -0.071724
v 0.001371 0.037232 -0.072099
v -0.013965 0.080102 -0.069442
v -0.020573 0.083619 -0.068893
v -0.004119 -0.097537 -0.070416
v -0.004007 0.029879 -0.063961
v 0.001308 0.035369 -0.069927
v 0.001476 0.038674 -0.072400
v -0.001634 0.046881 -0.068804
v -0.020999 0.069433 -0.062490
v -0.018351 0.089563 -0.071965
v -0.003251 -0.096091 -0.068814
v -0.003939 -0.094754 -0.067349
v -0.002748 -0.094553 -0.067337
v -0.014665 -0.052711 -0.046365
v -0.018832 -0.042503 -0.066566
v 0.001510 0.038135 -0.068216
v -0.011289 0.038089 -0.061159
v 0.001239 0.039240 -0.067756
v -0.017586 0.083806 -0.066728
v -0.017837 0.080221 -0.062750
v -0.009143 -0.094029 -0.073755
v -0.021072 -0.047818 -0.066642
v -0.020960 -0.043664 -0.064456
v -0.015785 -0.038670 -0.060231
v -0.020132 -0.042195 -0.065209
v 0.000676 0.029004 -0.064237
v 0.000808 0.029965 -0.065021
v 0.001680 0.032553 -0.065820
v 0.001794 0.035701 -0.066766
v 0.001415 0.037178 -0.065944
v -0.003171 0.034075 -0.050414
v -0.019469 0.085162 -0.067424
v -0.003435 -0.092535 -0.065284
v -0.004635 -0.089945 -0.063383
v -0.016294 -0.035512 -0.057090
v -0.001659 0.026414 -0.061873
v 0.000259 0.027681 -0.062903
v 0.001903 0.028501 -0.062070
v -0.019826 0.081624 -0.064469
v -0.020717 0.074155 -0.058259
v -0.003571 -0.088938 -0.061781
v -0.002816 -0.092153 -0.064596
v -0.003324 -0.090995 -0.063768
v -0.001798 -0.087914 -0.061489
v -0.020265 -0.039245 -0.060609
v -0.013564 -0.028776 -0.046762
v -0.019736 -0.040237 -0.063181
v -0.017627 -0.036780 -0.059757
v -0.003371 0.026361 -0.060239
v -0.000839 0.025419 -0.060504
v -0.000175 0.026806 -0.062379
v -0.007171 0.031134 -0.060891
v 0.001723 0.032435 -0.062473
v -0.016416 0.037980 -0.049571
v -0.011312 0.054125 -0.050340
v -0.015655 0.069137 -0.055250
v -0.017594 0.075654 -0.058893
v -0.002772 -0.090194 -0.062636
v -0.004438 -0.085758 -0.058645
v -0.002269 -0.086252 -0.058717
v -0.001559 -0.083036 -0.056496
v -0.006697 -0.080812 -0.056183
v -0.020707 -0.050781 -0.063936
v 0.000639 0.025097 -0.059848
v 0.001594 0.028647 -0.057220
v -0.021716 0.063524 -0.052678
v -0.018341 0.077052 -0.059691
v -0.000904 -0.075769 -0.049675
v -0.021235 -0.034469 -0.047606
v -0.021226 -0.040985 -0.057895
v -0.021081 -0.037145 -0.056394
v -0.019532 -0.035293 -0.057304
v -0.001829 0.021937 -0.056624
v 0.000196 0.023527 -0.058096
v 0.001897 0.023676 -0.056368
v 0.001582 0.022596 -0.049090
v -0.019964 0.078732 -0.061867
v -0.002670 -0.083311 -0.055972
v -0.017714 -0.034494 -0.056418
v -0.019185 -0.032566 -0.053625
v 0.000311 0.021344 -0.055647
v -0.004610 0.020509 -0.052142
v -0.021432 0.067089 -0.053282
v -0.019765 0.074473 -0.057287
v -0.020800 0.063571 -0.047850
v -0.017780 0.072751 -0.055568
v -0.004101 -0.075452 -0.048591
v -0.002027 -0.080898 -0.053269
v -0.017168 -0.032382 -0.054504
v -0.015343 -0.028441 -0.048502
v -0.000901 0.019290 -0.053440
v 0.001932 0.021053 -0.052178
v -0.019808 0.071070 -0.053911
v -0.000474 -0.068638 -0.043433
v -0.009684 -0.066927 -0.048687
v -0.020966 -0.035246 -0.053727
v -0.020312 -0.032647 -0.051979
v -0.017096 -0.028013 -0.048533
v -0.000486 0.017845 -0.050611
v -0.002099 0.019112 -0.052624
v -0.003630 0.016808 -0.048993
v 0.001577 0.019399 -0.049846
v -0.002323 0.031503 -0.049565
v -0.004823 0.035231 -0.047486
v -0.017007 0.067232 -0.051132
v -0.018159 0.067387 -0.050514
v -0.006281 -0.067395 -0.042989
v -0.001295 -0.054677 -0.040584
v -0.021188 -0.032730 -0.050162
v -0.013136 -0.041649 -0.059196
v -0.009267 -0.036874 -0.046128
v -0.019773 -0.031181 -0.051689
v -0.019440 -0.028668 -0.048293
v -0.001870 0.016066 -0.049193
v 0.000349 0.015070 -0.045531
v 0.001408 0.018376 -0.047970
v -0.004045 0.033437 -0.048742
v -0.016817 0.063739 -0.048296
v -0.002189 -0.078302 -0.050497
v -0.001817 -0.075146 -0.047538
v -0.008575 -0.076499 -0.055314
v -0.001714 -0.062987 -0.048391
v -0.021252 -0.032025 -0.047071
v -0.010527 -0.025271 -0.038767
v -0.017900 -0.024906 -0.044964
v -0.004146 0.014740 -0.045401
v 0.001755 0.019361 -0.047359
v -0.019695 0.065688 -0.048608
v -0.019029 -0.041847 -0.046173
v -0.021130 -0.030913 -0.047815
v -0.019710 -0.025282 -0.043917
v -0.013387 -0.024039 -0.041938
v -0.000976 0.015069 -0.047384
v 0.001410 0.017301 -0.044158
v 0.000409 0.022366 -0.045203
v -0.022018 0.049436 -0.036796
v -0.017121 0.062906 -0.046699
v -0.018081 0.058642 -0.042262
v -0.016404 0.051200 -0.036800
v -0.021001 0.056954 -0.041557
v -0.018726 0.063407 -0.046303
v -0.002017 -0.071387 -0.043007
v -0.003919 -0.069684 -0.042488
v -0.000171 -0.056900 -0.038283
v -0.002986 -0.049227 -0.041198
v -0.019520 -0.023898 -0.041919
v -0.004250 0.012980 -0.043314
v -0.004274 0.011288 -0.040592
v 0.001069 0.015702 -0.043369
v -0.007377 0.015869 -0.042541
v -0.010889 0.013104 -0.033127
v -0.003901 0.031679 -0.045295
v -0.019372 0.033183 -0.038114
v -0.020019 0.064368 -0.047029
v -0.018507 0.062492 -0.045096
v -0.001450 -0.068233 -0.040402
v -0.000344 -0.066175 -0.039790
v -0.020875 -0.025356 -0.039758
v -0.015807 -0.022455 -0.041843
v -0.016546 -0.020649 -0.038889
v -0.001501 0.010212 -0.039074
v 0.000186 0.012888 -0.041836
v -0.000583 0.011095 -0.038422
v -0.002064 0.011452 -0.041981
v 0.001458 0.019217 -0.044797
v -0.017110 0.027570 -0.038386
v -0.013399 0.051581 -0.042515
v -0.020249 0.062099 -0.045615
v -0.018808 0.061413 -0.044266
v -0.018572 0.060470 -0.043240
v -0.004577 -0.058462 -0.032235
v -0.000308 -0.062688 -0.041090
v -0.008441 -0.057061 -0.036550
v -0.000646 -0.049610 -0.036161
v -0.013880 -0.020585 -0.038749
v 0.000576 0.014925 -0.038609
v -0.013861 0.023003 -0.039823
v 0.000047 0.018556 -0.038407
v -0.012440 0.043058 -0.034667
v -0.021574 0.048003 -0.041720
v -0.022134 0.046928 -0.036693
v -0.019446 0.058677 -0.041982
v -0.001484 -0.065716 -0.037476
v 0.000043 -0.060425 -0.036179
v 0.001357 -0.051111 -0.029066
v -0.019875 -0.021629 -0.038105
v -0.020977 -0.022079 -0.035411
v -0.016407 -0.018395 -0.036163
v -0.013808 -0.017664 -0.035015
v -0.005293 0.008798 -0.035915
v -0.003558 0.006222 -0.032897
v -0.004476 0.009371 -0.038040
v 0.000275 0.012439 -0.036940
v -0.001888 0.019805 -0.031740
v -0.022546 0.038834 -0.032001
v -0.020818 0.055936 -0.039985
v -0.017981 0.050197 -0.034097
v -0.000405 -0.063467 -0.037043
v -0.013080 -0.040565 -0.030377
v -0.005567 -0.025566 -0.029259
v -0.008656 -0.022994 -0.033900
v -0.010562 -0.019934 -0.035004
v -0.019619 -0.020270 -0.035856
v -0.015765 -0.016822 -0.033627
v -0.011901 -0.018786 -0.035477
v -0.002136 0.009311 -0.038185
v -0.000994 0.007552 -0.034045
v 0.000690 0.013361 -0.034121
v -0.014446 0.017218 -0.033660
v -0.017850 0.021880 -0.033263
v -0.002158 -0.063201 -0.035366
v 0.001069 -0.049503 -0.031453
v -0.021220 -0.024825 -0.034083
v -0.011678 -0.015704 -0.033508
v -0.010609 -0.017686 -0.034125
v -0.005979 0.007586 -0.033368
v -0.002113 0.005910 -0.032465
v 0.000123 0.008850 -0.033952
v -0.007206 0.005969 -0.029518
v -0.000171 0.017145 -0.034511
v -0.007504 0.026230 -0.024849
v -0.003650 0.025481 -0.037686
v -0.022601 0.040265 -0.028124
v -0.022512 0.044483 -0.031822
v -0.021545 0.049752 -0.035503
v -0.001615 -0.059141 -0.031697
v -0.002193 -0.061262 -0.033305
v -0.000014 -0.057527 -0.032007
v -0.016910 -0.034516 -0.031651
v -0.019459 -0.030320 -0.032777
v -0.020812 -0.028591 -0.035410
v -0.008196 -0.020272 -0.032373
v -0.006233 -0.024664 -0.030255
v -0.019844 -0.019353 -0.034326
v -0.008405 -0.017272 -0.032340
v -0.015854 -0.015042 -0.030940
v -0.014572 -0.015736 -0.032900
v -0.011259 -0.013596 -0.033053
v -0.013306 -0.013941 -0.032062
v -0.009985 -0.015226 -0.033351
v -0.010487 -0.011803 -0.033529
v -0.009772 -0.010213 -0.033117
v -0.004162 0.005080 -0.031086
v -0.000003 0.006663 -0.031879
v -0.009953 0.009982 -0.030832
v -0.009844 0.011204 -0.031989
v 0.000549 0.015096 -0.032414
v -0.015404 0.015672 -0.031792
v -0.017856 0.017922 -0.031067
v -0.009545 0.030796 -0.026223
v -0.019432 0.049917 -0.033328
v -0.002823 -0.057054 -0.029870
v 0.001187 -0.043662 -0.025149
v 0.000983 -0.040116 -0.025105
v -0.021563 -0.021684 -0.030584
v -0.019220 -0.015442 -0.027358
v -0.013892 -0.013205 -0.030572
v -0.006877 -0.011839 -0.031931
v -0.006272 -0.018191 -0.030018
v -0.008123 -0.010951 -0.032923
v -0.012840 -0.011597 -0.031685
v -0.012290 -0.009312 -0.032145
v -0.007803 -0.009340 -0.032203
v -0.007018 -0.007490 -0.031643
v -0.003922 -0.010052 -0.030533
v -0.005397 -0.007278 -0.030615
v -0.009445 -0.005889 -0.030449
v -0.006272 0.003155 -0.027763
v -0.016169 0.012653 -0.029967
v -0.019748 0.022729 -0.029918
v -0.013478 0.039174 -0.027262
v -0.021308 0.048742 -0.033486
v -0.016998 0.046965 -0.031355
v -0.015405 0.043017 -0.029403
v -0.001538 -0.056136 -0.028835
v -0.001538 -0.030333 -0.025149
v -0.005403 -0.021172 -0.028385
v -0.021091 -0.018802 -0.028117
v -0.004116 -0.017639 -0.027574
v -0.020045 -0.016067 -0.026020
v -0.003734 -0.011742 -0.030006
v -0.014716 -0.011925 -0.028805
v -0.013342 -0.008301 -0.029446
v -0.001101 -0.008501 -0.027542
v -0.003405 -0.007123 -0.029830
v -0.012016 -0.007730 -0.031640
v -0.002082 -0.006594 -0.028690
v -0.010521 -0.007381 -0.031708
v -0.011470 -0.005303 -0.029026
v -0.005501 -0.005615 -0.029949
v -0.008472 -0.004979 -0.029214
v 0.004086 -0.006016 -0.027759
v 0.003821 -0.002959 -0.029476
v 0.000869 0.000393 -0.029526
v 0.002995 0.001705 -0.030218
v -0.000109 0.004065 -0.030471
v -0.005477 0.003808 -0.029031
v 0.001934 0.003765 -0.029969
v -0.013362 0.010151 -0.029290
v 0.001951 0.013091 -0.029790
v 0.002388 0.014879 -0.027975
v -0.017305 0.015039 -0.030079
v -0.016545 0.011068 -0.028319
v -0.018430 0.012309 -0.027070
v -0.019356 0.016750 -0.028230
v 0.001535 0.014896 -0.029122
v 0.000096 0.016483 -0.030520
v -0.022032 0.032369 -0.026011
v -0.021282 0.045666 -0.030406
v -0.017541 0.042650 -0.027159
v -0.006874 -0.049323 -0.026560
v -0.003309 -0.052112 -0.025217
v -0.004975 -0.051088 -0.025881
v 0.000251 -0.048681 -0.024115
v -0.007646 -0.038019 -0.017757
v -0.010569 -0.035005 -0.020673
v -0.018338 -0.028267 -0.026497
v -0.003394 -0.023657 -0.025283
v -0.021023 -0.018354 -0.022034
v -0.003873 -0.021655 -0.025074
v -0.021060 -0.017785 -0.025810
v -0.001401 -0.011529 -0.026778
v -0.001686 -0.018915 -0.022941
v -0.013614 -0.009089 -0.028701
v -0.014784 -0.008053 -0.027310
v -0.000860 -0.005120 -0.027995
v 0.001713 -0.003816 -0.028238
v -0.013420 -0.005946 -0.028571
v -0.000277 -0.003691 -0.028180
v -0.014527 -0.003612 -0.027759
v -0.016697 0.003665 -0.026716
v -0.013871 0.004209 -0.026949
v -0.013163 -0.001134 -0.027431
v -0.010275 -0.003746 -0.027781
v -0.004752 -0.004445 -0.028801
v -0.002993 -0.003565 -0.028416
v -0.001841 -0.002182 -0.028304
v -0.002633 -0.001040 -0.027856
v -0.001504 0.000016 -0.028809
v -0.006945 -0.000731 -0.027500
v -0.001750 0.003294 -0.030208
v -0.005756 0.002060 -0.027724
v 0.002576 0.007008 -0.029876
v -0.009989 0.007287 -0.027852
v -0.019536 0.015516 -0.025836
v -0.020032 0.018190 -0.026030
v -0.001137 0.018450 -0.028231
v 0.000698 0.016715 -0.026822
v -0.021206 0.024659 -0.026540
v -0.021258 0.026839 -0.025421
v -0.020341 0.020891 -0.023836
v -0.021698 0.034373 -0.024156
v -0.020942 0.038881 -0.024099
v -0.017548 0.038789 -0.023179
v -0.001369 -0.054689 -0.027503
v 0.000905 -0.037377 -0.017451
v 0.000134 -0.035143 -0.024477
v -0.016347 -0.029860 -0.024794
v -0.020678 -0.016988 -0.023901
v -0.018992 -0.014127 -0.025674
v -0.020356 -0.014329 -0.023640
v -0.015994 -0.011461 -0.026217
v -0.015835 -0.010078 -0.025878
v 0.000093 -0.010701 -0.024198
v -0.015848 -0.008463 -0.025861
v -0.017496 -0.006055 -0.026378
v -0.017966 -0.007315 -0.025432
v 0.000813 -0.007561 -0.026098
v 0.003633 -0.006550 -0.025975
v -0.015809 -0.005524 -0.027316
v -0.019319 -0.002139 -0.027256
v 0.001839 -0.005709 -0.027064
v -0.028434 -0.003020 -0.025726
v -0.026101 -0.004676 -0.024854
v -0.024188 -0.002842 -0.025892
v -0.021495 -0.008235 -0.023883
v -0.026970 -0.001182 -0.025495
v -0.030454 -0.001141 -0.025421
v -0.025277 0.003063 -0.025605
v -0.032750 0.006421 -0.024094
v -0.019320 0.006788 -0.026068
v -0.009514 0.000138 -0.026977
v -0.011556 0.005880 -0.027108
v -0.030923 0.006001 -0.025015
v -0.016855 0.007636 -0.026862
v -0.015351 0.008323 -0.027590
v -0.018829 0.009783 -0.025851
v -0.019269 0.011626 -0.025298
v -0.019423 0.014838 -0.024633
v 0.002222 0.015581 -0.025682
v -0.005010 0.022977 -0.026140
v -0.002128 0.019466 -0.022165
v -0.012433 0.033325 -0.023417
v -0.001940 -0.051350 -0.024369
v -0.000817 -0.049528 -0.023668
v -0.004254 -0.047368 -0.021719
v 0.000288 -0.051800 -0.026044
v -0.017714 -0.027842 -0.023357
v -0.020481 -0.021093 -0.021823
v 0.000091 -0.023697 -0.019665
v -0.001194 -0.021090 -0.021709
v 0.001523 -0.015309 -0.019576
v 0.000848 -0.011875 -0.021784
v -0.019112 -0.009542 -0.024220
v -0.019205 -0.011742 -0.024136
v -0.023631 -0.010629 -0.022586
v -0.030030 -0.007647 -0.023545
v -0.031495 -0.003863 -0.024408
v -0.028910 -0.010126 -0.022500
v -0.026027 -0.010529 -0.022343
v -0.035350 -0.003522 -0.021267
v -0.035190 0.001915 -0.022382
v -0.035144 0.006064 -0.022260
v -0.022376 0.008889 -0.024935
v -0.033118 0.011095 -0.022351
v -0.030223 0.010185 -0.023803
v -0.023104 0.011753 -0.023705
v -0.021170 0.010694 -0.024658
v -0.019573 0.012398 -0.024317
v -0.020553 0.015344 -0.023522
v 0.002229 0.015660 -0.023874
v -0.019984 0.017423 -0.023821
v -0.020406 0.024029 -0.022028
v -0.020377 0.021258 -0.021888
v -0.006633 0.023567 -0.021404
v -0.016806 0.036642 -0.022020
v -0.019214 0.038573 -0.022875
v -0.002282 -0.048275 -0.022039
v -0.000146 -0.046904 -0.021828
v -0.014083 -0.031471 -0.023154
v 0.001536 -0.026761 -0.016816
v 0.001698 -0.031675 -0.015914
v -0.016625 -0.026652 -0.020811
v -0.018361 -0.023542 -0.018630
v -0.018708 -0.024869 -0.022189
v -0.021111 -0.017945 -0.019391
v 0.002005 -0.021513 -0.014851
v 0.001577 -0.019333 -0.016818
v -0.021159 -0.015450 -0.021405
v -0.021320 -0.012149 -0.022538
v -0.031756 -0.008345 -0.022353
v -0.030729 -0.013843 -0.019163
v -0.025941 -0.014329 -0.019333
v -0.022924 -0.013286 -0.020771
v 0.000516 -0.010104 -0.021715
v 0.002258 -0.006449 -0.025840
v -0.036053 0.007771 -0.019736
v -0.021025 0.012086 -0.023882
v -0.031053 0.015034 -0.020808
v -0.023390 0.015731 -0.021650
v -0.021533 0.015798 -0.022038
v -0.021128 0.017075 -0.021849
v -0.021032 0.018956 -0.021386
v -0.001697 0.019383 -0.020412
v -0.002342 0.020803 -0.019596
v 0.000890 0.017645 -0.021192
v -0.021318 0.021052 -0.019533
v -0.020668 0.023064 -0.019777
v -0.019842 0.028584 -0.021764
v -0.020692 0.029021 -0.023027
v -0.009114 0.025764 -0.020358
v -0.021346 0.036739 -0.023880
v -0.010734 0.029524 -0.022515
v -0.013506 0.035487 -0.023571
v -0.004682 -0.043558 -0.019368
v -0.001635 -0.044811 -0.018976
v -0.005605 -0.039999 -0.017358
v -0.014263 -0.029020 -0.020825
v -0.016321 -0.025356 -0.018609
v -0.012193 -0.026547 -0.015662
v -0.011891 -0.028022 -0.017535
v -0.017716 -0.023653 -0.016004
v -0.019838 -0.021628 -0.018559
v 0.003808 -0.017297 -0.017295
v 0.001791 -0.017761 -0.017383
v 0.002053 -0.016154 -0.018193
v -0.021871 -0.014449 -0.020168
v 0.002144 -0.013033 -0.020023
v -0.031465 -0.015778 -0.016437
v -0.033527 -0.011465 -0.019358
v 0.001731 -0.010117 -0.020204
v -0.036106 -0.002726 -0.019672
v -0.035446 0.011151 -0.019880
v -0.033601 0.014576 -0.019884
v -0.032692 0.017462 -0.018581
v -0.023486 0.018596 -0.019633
v -0.021704 0.019349 -0.019998
v -0.005082 0.022178 -0.020378
v -0.008176 0.024139 -0.018578
v -0.019913 0.026554 -0.019707
v -0.017988 0.029445 -0.019940
v -0.018674 0.034345 -0.021970
v -0.017753 0.032210 -0.020953
v -0.011916 0.028866 -0.020530
v -0.018255 0.037580 -0.021911
v -0.014181 0.032380 -0.021440
v -0.016051 0.031228 -0.020206
v -0.003370 -0.042438 -0.017316
v -0.000838 -0.042056 -0.017818
v -0.021329 -0.018800 -0.017634
v -0.022498 -0.015324 -0.019065
v -0.028085 -0.017231 -0.015383
v -0.029948 -0.017710 -0.014533
v -0.030722 -0.015972 -0.016296
v 0.004271 -0.015497 -0.018532
v 0.004096 -0.013589 -0.019818
v -0.035172 -0.011804 -0.016854
v -0.035126 -0.015817 -0.011342
v -0.036240 -0.011168 -0.014755
v -0.035897 0.004046 -0.018437
v -0.035383 0.016046 -0.017079
v -0.035974 0.014946 -0.015745
v -0.033107 0.019565 -0.015835
v -0.034671 0.019067 -0.014903
v 0.001595 0.018978 -0.017832
v -0.024578 0.020421 -0.018113
v -0.000404 0.019621 -0.019267
v -0.021858 0.021852 -0.018152
v -0.002074 0.023595 -0.015744
v -0.021421 0.023384 -0.017254
v -0.005869 0.023591 -0.017616
v -0.019791 0.026366 -0.017247
v -0.010374 0.025589 -0.018411
v -0.017839 0.028694 -0.018948
v -0.013873 0.027526 -0.017529
v -0.014986 0.029180 -0.018934
v -0.003391 -0.038168 -0.013941
v -0.001833 -0.038300 -0.013845
v -0.011064 -0.028735 -0.016520
v -0.014440 -0.024977 -0.014889
v -0.020051 -0.021706 -0.015378
v 0.002230 -0.023530 -0.014638
v -0.022414 -0.017325 -0.017109
v -0.021677 -0.019964 -0.015105
v 0.003335 -0.019142 -0.015464
v -0.036025 -0.007842 -0.015844
v -0.035787 -0.004726 -0.016679
v -0.035027 -0.001094 -0.016743
v -0.035535 0.001182 -0.017547
v -0.034456 0.008150 -0.015646
v -0.036008 0.010610 -0.017805
v -0.036012 0.011821 -0.016326
v -0.030691 0.021610 -0.014958
v 0.000319 0.022489 -0.015603
v -0.033238 0.021763 -0.013054
v -0.025543 0.023226 -0.014377
v 0.000309 0.024170 -0.014676
v -0.021449 0.024132 -0.015943
v -0.010102 0.025283 -0.015594
v -0.004800 0.024504 -0.015382
v -0.002473 0.026475 -0.013005
v -0.021075 0.024802 -0.014068
v -0.018831 0.026684 -0.015847
v -0.014769 0.026985 -0.015761
v -0.012000 0.025922 -0.016263
v -0.016902 0.027486 -0.016526
v 0.000993 -0.031691 -0.012471
v -0.009256 -0.026535 -0.011782
v 0.002479 -0.027499 -0.011628
v -0.012235 -0.025569 -0.014491
v 0.002403 -0.025780 -0.013612
v -0.018238 -0.023601 -0.013798
v -0.019889 -0.023637 -0.011569
v 0.003974 -0.021373 -0.013683
v 0.004583 -0.019843 -0.014295
v -0.028032 -0.019582 -0.011486
v -0.031981 -0.016915 -0.013852
v -0.025252 -0.019782 -0.011987
v -0.023888 -0.018646 -0.014896
v -0.034897 -0.007159 -0.013353
v -0.035215 -0.003674 -0.015901
v -0.033123 0.003170 -0.016297
v -0.033603 -0.001125 -0.016111
v -0.032139 0.002973 -0.014536
v -0.032778 0.008893 -0.014175
v -0.032843 0.005546 -0.014994
v -0.035191 0.008415 -0.016151
v -0.035584 0.019430 -0.012750
v 0.002228 0.020789 -0.013985
v 0.000837 0.023180 -0.014101
v -0.031414 0.023139 -0.012661
v -0.023347 0.023373 -0.015329
v -0.025006 0.025158 -0.009617
v -0.008680 0.025153 -0.014934
v 0.000371 0.025953 -0.013953
v 0.001818 0.025623 -0.014147
v 0.002078 0.026883 -0.014250
v 0.004340 0.025623 -0.014067
v -0.017314 0.026691 -0.014112
v -0.014473 0.026716 -0.013962
v 0.001479 0.027893 -0.012631
v -0.005056 -0.032436 -0.010785
v -0.003770 -0.035896 -0.012547
v -0.000064 -0.032779 -0.011718
v -0.015491 -0.025000 -0.010573
v -0.012142 -0.025301 -0.010509
v 0.004390 -0.023074 -0.011778
v 0.005051 -0.021934 -0.012205
v -0.033592 -0.016405 -0.013132
v -0.033322 -0.019602 -0.006844
v -0.028557 -0.021395 -0.008040
v -0.035107 -0.018047 -0.007186
v -0.036141 -0.014604 -0.007570
v -0.032758 -0.000833 -0.014969
v -0.034073 -0.005610 -0.013980
v -0.032549 -0.004487 -0.012769
v -0.031832 -0.002186 -0.012198
v -0.032004 0.003375 -0.011865
v -0.031492 0.007478 -0.012135
v -0.035598 0.011475 -0.014688
v -0.032149 0.009751 -0.012500
v -0.035513 0.012609 -0.013527
v -0.035585 0.014753 -0.011917
v -0.035936 0.016094 -0.013216
v -0.033126 0.022809 -0.011059
v -0.021401 0.025105 -0.012156
v 0.004626 0.026724 -0.012012
v -0.000179 0.028363 -0.011048
v -0.002779 -0.032490 -0.009980
v -0.000962 -0.032153 -0.010369
v -0.003573 -0.029243 -0.007401
v -0.006341 -0.029017 -0.009718
v -0.007920 -0.025966 -0.009762
v 0.002514 -0.026005 -0.008794
v -0.010114 -0.025591 -0.010977
v -0.022051 -0.023957 -0.008048
v -0.018334 -0.025635 -0.006663
v -0.011915 -0.025448 -0.006384
v -0.006575 -0.025652 -0.006072
v -0.035701 -0.010502 -0.011155
v -0.032968 -0.006581 -0.012392
v -0.032843 -0.007934 -0.010461
v -0.031807 -0.003908 -0.010006
v -0.031831 0.000059 -0.011821
v -0.032826 0.004413 -0.009350
v -0.033253 0.011680 -0.012502
v -0.031140 0.010681 -0.011118
v -0.031307 0.009334 -0.010084
v -0.032127 0.011847 -0.010655
v -0.033211 0.013607 -0.010990
v -0.034166 0.013992 -0.011059
v -0.036126 0.017439 -0.011470
v -0.035000 0.021395 -0.010523
v -0.034060 0.022630 -0.008850
v -0.035883 0.020950 -0.006225
v -0.031794 0.025180 -0.007172
v -0.021090 0.025156 -0.011076
v -0.020204 0.026926 -0.007366
v -0.014309 0.027033 -0.011449
v -0.017268 0.026805 -0.011092
v -0.009862 0.027557 -0.009826
v 0.001794 0.029675 -0.010880
v -0.000847 0.029333 -0.008572
v 0.001884 0.030610 -0.008603
v -0.002162 -0.028498 -0.006363
v -0.005231 -0.027605 -0.007101
v 0.000632 -0.026131 -0.005888
v 0.001929 -0.024050 -0.005660
v -0.026137 -0.023756 -0.006888
v -0.026332 -0.022527 -0.007922
v -0.036140 -0.015628 0.003404
v -0.035630 -0.013305 -0.006956
v -0.034029 -0.010602 -0.008576
v -0.034003 -0.009736 -0.009981
v -0.033082 -0.009761 -0.008805
v -0.031303 -0.006927 -0.009069
v -0.032602 -0.001778 -0.008870
v -0.035001 0.000783 -0.005006
v -0.031813 0.007388 -0.009820
v -0.032537 0.009159 -0.007539
v -0.031850 0.011407 -0.007993
v -0.034256 0.015284 -0.009880
v -0.032580 0.014034 -0.008662
v -0.036068 0.019140 -0.009282
v -0.030942 0.026135 -0.003106
v -0.001394 -0.029676 -0.007818
v -0.019258 -0.024973 -0.007358
v -0.013614 -0.026077 -0.002367
v -0.008539 -0.025202 -0.004051
v -0.006859 -0.026257 -0.007412
v -0.027232 -0.023839 -0.005288
v -0.023722 -0.024020 -0.005087
v -0.020218 -0.024546 -0.004811
v -0.025320 -0.024225 -0.003503
v -0.034604 -0.012169 -0.006447
v -0.031389 -0.009320 -0.007818
v -0.031402 -0.010148 -0.006447
v -0.031495 -0.006711 -0.007436
v -0.032678 -0.004558 -0.005782
v -0.034714 -0.001314 -0.003879
v -0.034114 -0.003269 -0.002925
v -0.032787 0.011047 -0.006109
v -0.032140 0.013303 -0.006117
v -0.033110 0.016041 -0.006757
v -0.035564 0.018992 -0.002370
v -0.035634 0.017938 -0.008054
v -0.029428 0.026218 -0.005873
v -0.024229 0.026314 -0.005991
v -0.017112 0.028145 -0.007585
v -0.004048 -0.026549 -0.004200
v -0.013045 -0.025818 -0.000746
v -0.010236 -0.025182 -0.001144
v -0.005464 -0.024743 -0.001852
v -0.029678 -0.021863 -0.004441
v -0.022283 -0.023794 -0.001918
v 0.001424 -0.022813 -0.000949
v -0.032962 -0.011837 -0.006059
v -0.031722 -0.011778 -0.005775
v -0.035085 0.007161 -0.004803
v -0.034993 0.010170 -0.003210
v -0.033446 0.011466 -0.004018
v -0.032734 0.012908 -0.004125
v -0.033659 0.017435 -0.005296
v -0.034923 0.023682 -0.001771
v -0.009173 0.028466 -0.006911
v -0.008591 0.028807 -0.003543
v -0.006073 0.028802 -0.001303
v -0.003746 0.029259 -0.005776
v -0.000822 -0.026780 -0.004696
v -0.015545 -0.025714 0.001198
v -0.001873 -0.025892 -0.001977
v -0.030922 -0.021507 0.000147
v -0.027905 -0.023637 -0.001146
v -0.035116 -0.018113 0.003768
v -0.033878 -0.020196 -0.001108
v -0.031362 -0.011918 -0.000543
v -0.030830 -0.009961 -0.000973
v -0.031026 -0.008102 -0.002026
v -0.031770 -0.006756 0.001253
v -0.034026 -0.004024 -0.001677
v -0.035061 0.007790 0.000578
v -0.033713 0.011716 -0.001895
v -0.032892 0.013519 -0.002241
v -0.032510 0.015488 -0.003795
v -0.035631 0.019554 0.000585
v -0.035971 0.021045 0.001459
v 0.001834 0.027552 -0.001126
v -0.030626 0.026284 -0.000409
v -0.022804 0.027059 -0.002113
v -0.017647 0.028970 -0.003489
v 0.002606 0.029254 -0.002697
v 0.001932 0.029156 -0.000237
v -0.003794 -0.025778 -0.002132
v -0.027822 -0.023465 0.000501
v -0.024109 -0.023405 0.000939
v -0.019583 -0.023506 0.001057
v -0.007281 -0.023939 -0.000252
v -0.035582 -0.014128 -0.002638
v -0.033598 -0.012651 -0.000813
v -0.035045 -0.002946 -0.001590
v -0.034963 -0.002724 0.001739
v -0.032755 0.013132 0.000450
v -0.033019 0.017411 -0.001675
v -0.032480 0.015676 0.001457
v -0.034236 0.017621 0.003331
v -0.033494 0.017505 0.002642
v -0.035109 0.021688 0.006327
v -0.033299 0.025128 -0.001553
v -0.031739 0.025096 0.004219
v -0.022111 0.027478 -0.000570
v -0.015993 0.028643 0.001229
v -0.004692 0.028454 0.000624
v 0.000099 0.029080 -0.000030
v 0.001005 0.030144 -0.003645
v -0.013791 -0.026087 0.002542
v -0.001585 -0.023859 -0.000335
v -0.027760 -0.022659 0.002285
v -0.008180 -0.023854 0.001019
v -0.005969 -0.023133 -0.000026
v -0.024436 -0.022938 0.003690
v 0.002045 -0.021446 0.001085
v -0.036168 -0.013774 0.006677
v -0.035023 -0.012967 0.002526
v -0.032544 -0.011670 0.001552
v -0.031279 -0.010204 0.001517
v -0.031022 -0.007718 0.003240
v -0.033531 -0.004093 0.001561
v -0.034897 0.010014 0.000248
v -0.034565 0.008630 0.002600
v -0.033689 0.011132 0.000853
v -0.035441 0.018437 0.004339
v -0.033540 0.023338 0.006237
v 0.001498 0.028460 0.001354
v -0.012775 0.027642 0.005230
v -0.028296 0.026035 0.003480
v 0.002303 0.030174 -0.000288
v -0.015087 -0.026597 0.004789
v -0.016885 -0.025251 0.003477
v -0.012049 -0.026446 0.005008
v -0.009371 -0.024833 0.004457
v -0.007886 -0.023225 0.003481
v -0.025994 -0.021863 0.005905
v -0.025047 -0.022421 0.005188
v -0.005269 -0.021629 0.004403
v -0.002591 -0.021481 0.002928
v -0.000398 -0.020840 0.002700
v 0.000301 -0.019692 0.003463
v -0.001304 -0.020248 0.005216
v 0.002407 -0.019866 0.003450
v -0.035342 -0.012195 0.005346
v -0.031236 -0.009738 0.003585
v -0.032419 -0.010129 0.004590
v -0.031210 -0.008348 0.005545
v -0.034648 0.000878 0.004023
v -0.034643 -0.001408 0.002779
v -0.032709 0.011071 0.003062
v -0.032538 0.015870 0.003375
v -0.034184 0.022030 0.007217
v -0.035116 0.019745 0.010047
v -0.024581 0.026787 0.001895
v 0.001916 0.027050 0.003382
v -0.003584 0.028004 0.002765
v -0.016845 -0.027048 0.006339
v -0.013812 -0.028912 0.007829
v -0.013734 -0.027116 0.005446
v -0.010753 -0.025714 0.004326
v -0.021026 -0.024275 0.005779
v -0.020160 -0.023630 0.004456
v -0.018065 -0.025587 0.006006
v -0.030978 -0.019504 0.007926
v -0.021080 -0.023387 0.004066
v -0.002370 -0.020813 0.006689
v 0.003980 -0.020120 0.004060
v -0.033366 -0.019599 0.004663
v 0.001944 -0.018862 0.005261
v -0.036008 -0.012104 0.007472
v -0.035481 -0.010063 0.008135
v -0.031081 -0.005718 0.004609
v -0.032634 -0.002814 0.004701
v -0.034960 0.004695 0.006002
v -0.033662 -0.000279 0.005891
v -0.032484 0.009182 0.005093
v -0.034287 0.005380 0.006714
v -0.034212 0.006769 0.005967
v -0.031396 0.013275 0.003592
v -0.031292 0.011869 0.003712
v -0.031288 0.014996 0.004147
v -0.031216 0.013716 0.005343
v -0.035024 0.016837 0.007509
v -0.035742 0.019572 0.006463
v -0.030239 0.023260 0.009921
v 0.002726 0.026043 0.003839
v 0.001224 0.027236 0.004523
v -0.015167 -0.029932 0.008746
v -0.017097 -0.030849 0.009998
v -0.012074 -0.028526 0.008183
v -0.009129 -0.026136 0.008564
v -0.022996 -0.023210 0.005515
v -0.021418 -0.025697 0.008003
v -0.026972 -0.020625 0.008722
v -0.024850 -0.022401 0.007186
v -0.005689 -0.021989 0.006203
v -0.005379 -0.023716 0.011865
v -0.003339 -0.021873 0.008700
v -0.026757 -0.021311 0.006877
v -0.001038 -0.020036 0.006866
v 0.000246 -0.017443 0.007446
v 0.000285 -0.018587 0.005548
v 0.002181 -0.017608 0.007104
v -0.035251 -0.016203 0.007812
v -0.032808 -0.009525 0.006544
v -0.034069 -0.010356 0.006306
v -0.031142 -0.004012 0.006432
v -0.031174 -0.001910 0.007444
v -0.032092 -0.000164 0.007233
v -0.032519 0.007501 0.006365
v -0.031168 0.010863 0.005162
v -0.031210 0.009221 0.006914
v -0.031156 0.012315 0.007451
v -0.032192 0.015335 0.005862
v -0.032563 0.014020 0.007940
v 0.002487 0.025648 0.008306
v -0.018113 0.026137 0.008383
v -0.013194 0.026163 0.008798
v 0.000763 0.026121 0.007190
v -0.005924 0.025154 0.009676
v -0.000236 0.025186 0.009656
v -0.015185 -0.033430 0.011222
v -0.012938 -0.032569 0.011076
v -0.010720 -0.029178 0.010217
v -0.009710 -0.027976 0.010814
v -0.023856 -0.023593 0.008958
v -0.004661 -0.022204 0.008261
v -0.001801 -0.020251 0.010077
v 0.000000 -0.018135 0.009610
v 0.003661 -0.016454 0.008057
v 0.003470 -0.016115 0.008979
v 0.000265 -0.016361 0.008288
v 0.001602 -0.016186 0.009718
v -0.034206 -0.008026 0.009283
v -0.035511 -0.008733 0.010452
v -0.031559 -0.007610 0.007461
v -0.035456 -0.005115 0.012551
v -0.032809 -0.005822 0.009921
v -0.031268 -0.006048 0.008129
v -0.031227 -0.004176 0.009559
v -0.030994 -0.002134 0.009311
v -0.033994 0.002000 0.006666
v -0.031194 -0.000199 0.008110
v -0.033493 0.004675 0.007874
v -0.031604 0.006340 0.007564
v -0.031530 0.005560 0.009048
v -0.031401 0.007632 0.009575
v -0.031257 0.011001 0.009081
v -0.033738 0.015023 0.007943
v -0.033444 0.021515 0.009847
v -0.033381 0.021017 0.010497
v -0.018140 0.023555 0.012933
v -0.014937 -0.038976 0.015945
v -0.013678 -0.039749 0.016202
v -0.011203 -0.034329 0.013081
v -0.022518 -0.028202 0.011675
v -0.023340 -0.027948 0.013951
v -0.023096 -0.030565 0.014881
v -0.003904 -0.023097 0.014796
v -0.026221 -0.019971 0.009839
v -0.025174 -0.021259 0.010264
v -0.033557 -0.016400 0.011187
v -0.035639 -0.013801 0.010389
v 0.004128 -0.015594 0.010702
v -0.036097 -0.011733 0.010147
v -0.036082 -0.010062 0.010753
v -0.036031 -0.008593 0.012834
v -0.035678 -0.004529 0.013528
v -0.031424 -0.003364 0.011006
v -0.032631 -0.003764 0.011497
v -0.031405 0.003279 0.009623
v -0.031364 -0.000188 0.011620
v -0.031510 0.003548 0.011378
v -0.031485 0.005697 0.010688
v -0.031706 0.008374 0.010987
v -0.032456 0.010053 0.010684
v -0.032796 0.008165 0.011488
v -0.033196 0.012404 0.009669
v -0.034661 0.013060 0.011185
v -0.035372 0.015242 0.011560
v 0.003856 0.022746 0.010932
v 0.001562 0.022570 0.012299
v -0.005734 0.021819 0.013977
v 0.003080 0.024439 0.009605
v -0.011366 0.024791 0.011154
v -0.018674 -0.037496 0.016004
v -0.007907 -0.029720 0.014864
v -0.009707 -0.031944 0.012885
v -0.023759 -0.024177 0.013219
v -0.008971 -0.028043 0.011683
v -0.006563 -0.026715 0.014509
v -0.005297 -0.024849 0.014867
v -0.024521 -0.019501 0.012829
v -0.001688 -0.019486 0.016811
v -0.026883 -0.016175 0.014587
v -0.025827 -0.017976 0.012831
v 0.001168 -0.017469 0.011278
v 0.000985 -0.017624 0.014050
v 0.002293 -0.015553 0.011117
v -0.033363 -0.012353 0.015451
v -0.035934 -0.009973 0.012729
v 0.004076 -0.013685 0.011458
v 0.005948 -0.013811 0.011712
v 0.005733 -0.010884 0.011836
v 0.001959 -0.012475 0.011925
v 0.001824 -0.011810 0.013176
v 0.003743 -0.010212 0.013038
v -0.035011 -0.001553 0.014424
v -0.033997 0.000347 0.013903
v -0.031920 0.000472 0.012891
v -0.031891 0.003114 0.012842
v -0.033076 0.004216 0.012985
v -0.033368 0.003206 0.013440
v -0.035053 0.012419 0.016009
v -0.034572 0.017993 0.012608
v -0.034947 0.015269 0.015124
v -0.033181 0.018963 0.014030
v 0.003617 0.021033 0.012999
v 0.004543 0.021454 0.011360
v -0.012427 0.021943 0.014991
v -0.019889 -0.037618 0.016674
v -0.019572 -0.040593 0.019261
v -0.011231 -0.037328 0.015563
v -0.010104 -0.046060 0.024721
v -0.011294 -0.039552 0.016878
v -0.023263 -0.019525 0.014658
v -0.031624 -0.015347 0.013856
v 0.001606 -0.015635 0.015613
v -0.031729 -0.013968 0.015350
v -0.035380 -0.009275 0.015382
v 0.001747 -0.009823 0.014519
v 0.003334 -0.009180 0.013879
v 0.004140 -0.005917 0.014153
v -0.035981 -0.004927 0.015138
v -0.035272 -0.000065 0.015538
v -0.034992 0.007018 0.014532
v 0.002261 0.017282 0.016071
v 0.002658 0.020291 0.014525
v -0.028569 0.020072 0.014596
v 0.002538 0.021810 0.013378
v 0.001787 0.020271 0.015054
v -0.002200 0.018939 0.016151
v -0.019304 -0.047793 0.025441
v -0.011115 -0.045791 0.022783
v -0.012407 -0.044574 0.020641
v -0.021793 -0.037220 0.020354
v -0.023133 -0.030520 0.017788
v -0.022716 -0.031951 0.018848
v -0.008112 -0.038432 0.022269
v -0.022527 -0.026121 0.017572
v -0.004027 -0.024644 0.020944
v -0.022412 -0.018452 0.016002
v -0.024292 -0.016925 0.015252
v -0.000068 -0.017950 0.015532
v -0.025649 -0.012743 0.018131
v -0.029821 -0.010295 0.019054
v 0.001818 -0.006035 0.015047
v 0.000177 -0.008540 0.018035
v 0.006013 -0.003130 0.017405
v 0.005718 -0.004295 0.015330
v 0.002051 -0.004380 0.015245
v 0.001233 -0.003796 0.016490
v 0.003824 -0.004004 0.015130
v 0.003631 0.005619 0.016492
v 0.002020 0.008339 0.015297
v 0.003417 0.007957 0.015036
v -0.035527 0.008364 0.016894
v -0.035132 0.009959 0.017856
v 0.001783 0.013966 0.017257
v 0.001292 0.011473 0.017045
v -0.033268 0.011769 0.018993
v -0.032115 0.016752 0.016267
v -0.005045 0.017166 0.017609
v -0.012780 0.018268 0.018337
v -0.005734 -0.028846 0.020001
v -0.021732 -0.023222 0.017898
v -0.020401 -0.020216 0.017977
v -0.020833 -0.017568 0.017426
v -0.018985 -0.017743 0.017896
v -0.002724 -0.021099 0.019311
v -0.000687 -0.015398 0.020580
v -0.021605 -0.014923 0.018031
v -0.033055 -0.007676 0.018653
v -0.031092 -0.005472 0.020820
v -0.029884 -0.006580 0.020945
v -0.035100 -0.002141 0.018493
v -0.035692 -0.008138 0.015465
v -0.033383 -0.006660 0.019174
v -0.001475 -0.005867 0.020044
v -0.000354 -0.004329 0.018237
v -0.035671 -0.003308 0.016484
v 0.004227 -0.001895 0.017142
v 0.000303 -0.001742 0.017915
v -0.035154 -0.000703 0.019506
v 0.005404 -0.001361 0.018900
v 0.004210 -0.000015 0.018596
v -0.035009 0.006483 0.019435
v -0.006490 0.007920 0.017068
v -0.007442 0.004346 0.017080
v -0.008408 0.003768 0.018420
v -0.005686 0.003676 0.016847
v -0.008409 0.005848 0.018636
v -0.003710 0.006514 0.016164
v 0.000043 0.007465 0.016300
v -0.002320 -0.000367 0.018310
v 0.001770 0.005146 0.016866
v -0.007374 0.008994 0.018042
v -0.007873 0.008319 0.019033
v -0.004148 0.010273 0.016680
v -0.000089 0.009537 0.016599
v 0.001567 0.007990 0.015816
v -0.005712 0.010989 0.017518
v -0.005931 0.011940 0.018501
v -0.002372 0.012890 0.017655
v -0.003897 0.013679 0.018257
v 0.000422 0.012044 0.019197
v -0.000070 0.011235 0.017630
v 0.001735 0.013623 0.018973
v 0.001528 0.015384 0.019034
v -0.031608 0.015310 0.018071
v -0.029703 0.010273 0.021188
v 0.001692 0.017481 0.017135
v 0.001353 0.017060 0.018266
v -0.001704 0.015778 0.018360
v -0.007202 0.015868 0.019015
v -0.018410 0.019495 0.017347
v -0.011268 -0.049018 0.025690
v -0.021169 -0.027931 0.021485
v -0.004325 -0.029536 0.027918
v -0.019046 -0.022256 0.020280
v -0.020031 -0.024787 0.021426
v -0.017531 -0.019559 0.019270
v -0.002462 -0.019862 0.022602
v -0.017867 -0.015957 0.018722
v -0.017257 -0.018019 0.019116
v -0.016710 -0.015696 0.020356
v -0.001535 -0.017279 0.021461
v -0.024693 -0.008996 0.020646
v 0.000650 -0.012172 0.019077
v -0.001531 -0.007427 0.021998
v -0.033368 -0.001544 0.020874
v -0.001952 -0.002953 0.019168
v -0.002408 -0.004476 0.020196
v -0.007655 -0.001037 0.018843
v -0.003996 -0.002588 0.019577
v -0.007046 -0.003572 0.020570
v -0.000508 0.000110 0.018055
v 0.002532 -0.000574 0.017339
v -0.009514 0.000086 0.019222
v -0.009772 0.003004 0.019453
v -0.009784 -0.000468 0.020493
v -0.010231 0.001416 0.021931
v 0.002087 0.001647 0.018281
v 0.004264 0.001796 0.019157
v 0.000130 0.003839 0.017381
v 0.003923 0.003418 0.018574
v -0.009571 0.005215 0.021368
v -0.033286 0.006976 0.020721
v -0.033640 0.000814 0.021164
v -0.008141 0.010064 0.020307
v -0.003755 0.015243 0.018281
v 0.001211 0.012261 0.020718
v -0.001396 0.013538 0.018688
v 0.000476 0.014696 0.019870
v 0.000501 0.013441 0.020221
v -0.017991 0.013277 0.021551
v -0.013358 0.011571 0.022199
v -0.005625 0.014293 0.018864
v -0.000042 0.017026 0.018240
v 0.000353 0.015597 0.018996
v -0.019938 -0.050744 0.029267
v -0.019581 -0.027453 0.023279
v -0.018921 -0.031754 0.027123
v -0.017360 -0.020442 0.020966
v -0.002930 -0.021775 0.026115
v -0.017905 -0.013834 0.020148
v -0.015505 -0.016640 0.021813
v -0.015761 -0.014558 0.021063
v -0.016099 -0.011490 0.022032
v -0.014893 -0.013710 0.022463
v -0.015807 -0.007783 0.023368
v -0.001527 -0.012026 0.022921
v -0.002858 -0.005285 0.021673
v -0.009399 -0.003734 0.021519
v -0.010404 -0.004713 0.022933
v -0.007851 -0.005207 0.021463
v -0.003995 -0.004792 0.021385
v -0.010207 -0.001196 0.022194
v -0.009934 0.004944 0.022821
v -0.009631 0.009428 0.021586
v -0.010790 0.010144 0.022062
v -0.013731 0.005421 0.024338
v -0.014284 -0.046383 0.021994
v -0.011493 -0.051677 0.028316
v -0.009928 -0.052578 0.030323
v -0.021674 -0.038325 0.023333
v -0.021136 -0.038114 0.026208
v -0.015775 -0.018102 0.022540
v -0.016973 -0.031214 0.031016
v -0.014070 -0.016855 0.026436
v -0.013408 -0.013784 0.024880
v -0.013657 -0.013048 0.023355
v -0.014211 -0.010316 0.023014
v -0.002567 -0.014309 0.025838
v -0.003223 -0.011471 0.025675
v -0.019241 -0.004698 0.023292
v -0.003363 -0.009112 0.025223
v -0.011507 -0.008194 0.024381
v -0.011106 -0.007219 0.023331
v -0.012104 -0.005527 0.023975
v -0.009587 -0.005847 0.022739
v -0.008151 -0.007365 0.023090
v -0.028585 -0.003021 0.022280
v -0.003950 -0.007396 0.023565
v -0.008486 -0.010703 0.028089
v -0.011439 0.000566 0.024088
v -0.030255 0.000483 0.022507
v -0.010778 0.002741 0.023649
v -0.029640 0.005324 0.022305
v -0.018042 0.009570 0.023104
v -0.010913 0.007928 0.023009
v -0.016253 -0.054283 0.030009
v -0.021491 -0.037103 0.018443
v -0.008171 -0.049689 0.031513
v -0.020519 -0.052443 0.033002
v -0.020628 -0.048762 0.033395
v -0.011759 -0.024701 0.040342
v -0.002777 -0.017928 0.027126
v -0.012180 -0.012064 0.026119
v -0.013801 -0.004556 0.024612
v -0.013640 -0.009452 0.023854
v -0.010907 -0.010500 0.026391
v -0.009673 -0.009293 0.025634
v -0.015903 0.000075 0.024606
v -0.012880 0.001582 0.024555
v -0.017137 0.003840 0.024516
v -0.013139 -0.057004 0.032719
v -0.019523 -0.051950 0.029743
v -0.009623 -0.056235 0.033893
v -0.006953 -0.042613 0.029801
v -0.003200 -0.024713 0.030361
v -0.011050 -0.012854 0.028583
v -0.004361 -0.014824 0.031000
v -0.003497 -0.016184 0.030107
v -0.005284 -0.011387 0.028043
v -0.005135 -0.013085 0.029972
v -0.010155 -0.011456 0.028201
v -0.007710 -0.011869 0.030226
v -0.006094 -0.010591 0.027554
v -0.016995 -0.055986 0.032055
v -0.010294 -0.056857 0.033907
v -0.019565 -0.056111 0.034633
v -0.003075 -0.022137 0.033833
v -0.004845 -0.016487 0.034950
v -0.009744 -0.011759 0.029168
v -0.009155 -0.014259 0.032537
v -0.017340 -0.059216 0.035638
v -0.019870 -0.044111 0.033635
v -0.003132 -0.030463 0.037305
v -0.010724 -0.018501 0.035534
v -0.004023 -0.021691 0.042942
v -0.005447 -0.015008 0.034129
v -0.006352 -0.016274 0.036372
v -0.008980 -0.017277 0.036603
v -0.007461 -0.014280 0.033725
v -0.005813 -0.014001 0.033309
v -0.010949 -0.063556 0.039680
v -0.009017 -0.065022 0.041919
v -0.018351 -0.065596 0.042720
v -0.018228 -0.048832 0.041973
v -0.010105 -0.023152 0.042339
v -0.002746 -0.024673 0.038932
v -0.009572 -0.019427 0.039148
v -0.007515 -0.018522 0.039992
v -0.017310 -0.066925 0.043070
v -0.017051 -0.065233 0.041528
v -0.008408 -0.065075 0.043689
v -0.005516 -0.057495 0.052948
v -0.003382 -0.022124 0.039521
v -0.019188 -0.066682 0.045031
v -0.009543 -0.065927 0.042488
v -0.005578 -0.017899 0.038868
v -0.005445 -0.019274 0.041391
v -0.015873 -0.056443 0.056424
v -0.012741 -0.033181 0.046383
v -0.002221 -0.026071 0.043460
v -0.001682 -0.031703 0.048639
v -0.007312 -0.021541 0.044319
v -0.016937 -0.070714 0.047144
v -0.009923 -0.068232 0.044557
v -0.009002 -0.067427 0.044394
v -0.019565 -0.066369 0.047035
v -0.007801 -0.068661 0.047089
v -0.020151 -0.059660 0.041738
v -0.019377 -0.064051 0.049623
v -0.009349 -0.028051 0.050040
v -0.003441 -0.024500 0.046085
v -0.005211 -0.021547 0.044891
v -0.004692 -0.023593 0.046851
v -0.005328 -0.020632 0.042932
v -0.016329 -0.073874 0.049980
v -0.010651 -0.072711 0.048794
v -0.007983 -0.057478 0.039126
v -0.001575 -0.034203 0.051515
v -0.001895 -0.031366 0.050418
v -0.006028 -0.027161 0.053092
v -0.006203 -0.022910 0.046572
v -0.008634 -0.074660 0.051248
v -0.009726 -0.076393 0.052165
v -0.014298 -0.077967 0.053859
v -0.018084 -0.071562 0.048391
v -0.007581 -0.073253 0.050455
v -0.008368 -0.071459 0.048720
v -0.019363 -0.069150 0.047503
v -0.002089 -0.031065 0.053410
v -0.003145 -0.029204 0.054688
v -0.004704 -0.025586 0.050916
v -0.003514 -0.025378 0.049165
v -0.018228 -0.074027 0.050929
v -0.016358 -0.077016 0.052758
v -0.007045 -0.077464 0.054400
v -0.007085 -0.078660 0.055439
v -0.007165 -0.074840 0.052799
v -0.019135 -0.072092 0.055300
v -0.006878 -0.070302 0.051740
v -0.008984 -0.039332 0.063402
v -0.009713 -0.080220 0.056686
v -0.007029 -0.063949 0.048791
v -0.001764 -0.036301 0.057002
v -0.008654 -0.029108 0.052208
v -0.015384 -0.083887 0.060012
v -0.015508 -0.080377 0.055891
v -0.017707 -0.077311 0.054335
v -0.007228 -0.079755 0.056593
v -0.007323 -0.084387 0.061808
v -0.006703 -0.073031 0.052833
v -0.002061 -0.040845 0.054085
v -0.006300 -0.029363 0.055524
v -0.004509 -0.029786 0.056663
v -0.017399 -0.082337 0.059819
v -0.007012 -0.080720 0.057645
v -0.005980 -0.079171 0.057624
v -0.006555 -0.076638 0.054910
v -0.002108 -0.036429 0.060938
v -0.006699 -0.035065 0.062395
v -0.003168 -0.032127 0.058294
v -0.010738 -0.086006 0.063681
v -0.005399 -0.084442 0.063243
v -0.005005 -0.077891 0.068342
v -0.006279 -0.031270 0.058408
v -0.015349 -0.085754 0.062286
v -0.015629 -0.084504 0.061139
v -0.016709 -0.085394 0.063400
v -0.018027 -0.081114 0.061524
v -0.002647 -0.049971 0.064503
v -0.003752 -0.032709 0.060392
v -0.004928 -0.035157 0.064023
v -0.007065 -0.088348 0.066680
v -0.013542 -0.090254 0.067727
v -0.005299 -0.086936 0.065783
v -0.006880 -0.086113 0.063730
v -0.017325 -0.086755 0.066921
v -0.004146 -0.071468 0.075346
v -0.014305 -0.060714 0.066233
v -0.003045 -0.034907 0.062073
v -0.004260 -0.036324 0.064969
v -0.016105 -0.087689 0.065051
v -0.015922 -0.090187 0.068887
v -0.015012 -0.089805 0.067380
v -0.005976 -0.090622 0.069583
v -0.004656 -0.086472 0.067399
v -0.002630 -0.055425 0.075992
v -0.006368 -0.038297 0.067100
v -0.006188 -0.037122 0.066202
v -0.014484 -0.092296 0.069692
v -0.009508 -0.097456 0.076996
v -0.005756 -0.094492 0.074479
v -0.016362 -0.082443 0.072460
v -0.004159 -0.079246 0.081030
v -0.002574 -0.045260 0.071544
v -0.003607 -0.042751 0.072078
v -0.004590 -0.037255 0.066566
v -0.004786 -0.090662 0.071257
v -0.002637 -0.049981 0.073948
v -0.003921 -0.039025 0.068473
v -0.016262 -0.091705 0.076517
v -0.004140 -0.088688 0.070938
v -0.010309 -0.054381 0.076280
v -0.005410 -0.092282 0.071882
v -0.003929 -0.094408 0.076649
v -0.004218 -0.085238 0.081757
v -0.006296 -0.044849 0.074586
v -0.004875 -0.044051 0.074432
v -0.005071 -0.042858 0.073526
v -0.015650 -0.093969 0.072824
v -0.015850 -0.094157 0.074154
v -0.015265 -0.094408 0.073123
v -0.005123 -0.097575 0.078185
v -0.016406 -0.091816 0.074206
v -0.002883 -0.053694 0.080182
v -0.002621 -0.051102 0.077412
v -0.013508 -0.099529 0.077800
v -0.004288 -0.096754 0.079567
v -0.015678 -0.098029 0.078077
v -0.003956 -0.095512 0.081943
v -0.003271 -0.060699 0.073422
v -0.003486 -0.047685 0.076290
v -0.004729 -0.046746 0.077243
v -0.014348 -0.102147 0.080792
v -0.014438 -0.099870 0.078832
v -0.010824 -0.103634 0.083352
v -0.005209 -0.099955 0.081098
v -0.005407 -0.098744 0.079821
v -0.013078 -0.068691 0.078528
v -0.003681 -0.050852 0.080656
v -0.004530 -0.049762 0.080802
v -0.014833 -0.102462 0.082737
v -0.004764 -0.100526 0.082996
v -0.004115 -0.098315 0.081215
v -0.003020 -0.068601 0.089612
v -0.002754 -0.056949 0.083285
v -0.012594 -0.106079 0.085332
v -0.006174 -0.104585 0.086280
v -0.005088 -0.104165 0.086397
v -0.015581 -0.099601 0.082598
v -0.013209 -0.085877 0.094453
v -0.011526 -0.064775 0.082407
v -0.008257 -0.052912 0.080516
v -0.004559 -0.052969 0.084012
v -0.013694 -0.104252 0.082934
v -0.014322 -0.106169 0.086359
v -0.004227 -0.101413 0.084705
v -0.014487 -0.080731 0.080153
v -0.003718 -0.099920 0.087213
v -0.003655 -0.053686 0.083627
v -0.003356 -0.058657 0.086534
v -0.006011 -0.048541 0.079814
v -0.005752 -0.054790 0.086757
v -0.005650 -0.052218 0.084004
v -0.013838 -0.107815 0.087120
v -0.012339 -0.108084 0.087502
v -0.005154 -0.106418 0.089015
v -0.003969 -0.103591 0.087723
v -0.005836 -0.101418 0.082816
v -0.014360 -0.101811 0.096578
v -0.014876 -0.096202 0.087289
v -0.009225 -0.060793 0.087490
v -0.003792 -0.065704 0.094459
v -0.004962 -0.052313 0.083923
v -0.004328 -0.055487 0.086409
v -0.004887 -0.054274 0.086044
v -0.011997 -0.111982 0.091990
v -0.014153 -0.110383 0.091308
v -0.004376 -0.104796 0.088670
v -0.003937 -0.102690 0.090835
v -0.004201 -0.097126 0.097185
v -0.003796 -0.061062 0.091142
v -0.005523 -0.056337 0.088683
v -0.012535 -0.112865 0.093401
v -0.004014 -0.106182 0.090456
v -0.003563 -0.070935 0.097967
v -0.004129 -0.056789 0.088001
v -0.005012 -0.058856 0.091340
v -0.013428 -0.114102 0.095088
v -0.005103 -0.110544 0.094317
v -0.004457 -0.110713 0.097379
v -0.004845 -0.063953 0.095721
v -0.008525 -0.114492 0.096958
v -0.005685 -0.113597 0.097689
v -0.007799 -0.065817 0.097057
v -0.006414 -0.062303 0.094968
v -0.005701 -0.059160 0.091889
v -0.011867 -0.116138 0.097210
v -0.014221 -0.106806 0.103901
v -0.014181 -0.112716 0.100878
v -0.011821 -0.079290 0.098232
v -0.004856 -0.066585 0.098239
v -0.006512 -0.066496 0.099469
v -0.005384 -0.061168 0.093626
v -0.006855 -0.116726 0.100705
v -0.004704 -0.110903 0.099072
v -0.005577 -0.063020 0.096050
v -0.012610 -0.117293 0.098677
v -0.013205 -0.117486 0.100520
v -0.005428 -0.114534 0.099436
v -0.008389 -0.072228 0.103512
v -0.006119 -0.067352 0.100273
v -0.007348 -0.119297 0.103976
v -0.013697 -0.117189 0.102732
v -0.004873 -0.113180 0.101019
v -0.013820 -0.100766 0.109591
v -0.012799 -0.095293 0.116285
v -0.010434 -0.075789 0.101486
v -0.005312 -0.066117 0.099053
v -0.011624 -0.119029 0.101146
v -0.011138 -0.122105 0.105496
v -0.009029 -0.124751 0.110482
v -0.012498 -0.120409 0.102969
v -0.005280 -0.114776 0.102842
v -0.005873 -0.071230 0.104917
v -0.013266 -0.122206 0.107083
v -0.006119 -0.118924 0.105438
v -0.005930 -0.117435 0.102778
v -0.010196 -0.085760 0.117255
v -0.005501 -0.073219 0.106059
v -0.006952 -0.071122 0.104454
v -0.011254 -0.124965 0.109884
v -0.013873 -0.121833 0.111305
v -0.004485 -0.081854 0.107983
v -0.006501 -0.069928 0.103303
v -0.012530 -0.123615 0.107795
v -0.010887 -0.127557 0.113041
v -0.008590 -0.127113 0.114396
v -0.007434 -0.122745 0.108462
v -0.006152 -0.121517 0.110006
v -0.003862 -0.085468 0.098624
v -0.005757 -0.090576 0.121265
v -0.005733 -0.106749 0.128968
v -0.007850 -0.076716 0.110560
v -0.007224 -0.075796 0.109856
v -0.012466 -0.124561 0.109684
v -0.005818 -0.118501 0.118401
v -0.005740 -0.076362 0.109742
v -0.006854 -0.076164 0.110983
v -0.010757 -0.128716 0.115189
v -0.007396 -0.126193 0.114159
v -0.007485 -0.079118 0.113551
v -0.007145 -0.077294 0.111689
v -0.006717 -0.078841 0.113195
v -0.012306 -0.127322 0.113465
v -0.012478 -0.129009 0.116833
v -0.009463 -0.129480 0.116393
v -0.007287 -0.126810 0.116195
v -0.013767 -0.127253 0.118092
v -0.006788 -0.123919 0.114024
v -0.011403 -0.094399 0.124591
v -0.008218 -0.080456 0.114425
v -0.006128 -0.081584 0.114966
v -0.005924 -0.083846 0.117006
v -0.015097 -0.116454 0.127111
v -0.006225 -0.088822 0.121837
v -0.006648 -0.085161 0.118940
v -0.006929 -0.081845 0.116787
v -0.007893 -0.080146 0.114777
v -0.007527 -0.081025 0.115806
v -0.009597 -0.132122 0.120931
v -0.007500 -0.128396 0.117736
v -0.006932 -0.129561 0.125008
v -0.006106 -0.096360 0.126360
v -0.007608 -0.083354 0.117804
v -0.012010 -0.132590 0.121394
v -0.009323 -0.133076 0.122387
v -0.014601 -0.130270 0.127885
v -0.007906 -0.087482 0.122138
v -0.007447 -0.085729 0.120675
v -0.006977 -0.089771 0.123908
v -0.009681 -0.133695 0.123418
v -0.013477 -0.135332 0.129425
v -0.006445 -0.126700 0.127993
v -0.009776 -0.088955 0.121981
v -0.009700 -0.135130 0.125558
v -0.008935 -0.135733 0.128594
v -0.007924 -0.134174 0.129952
v -0.012185 -0.136353 0.128506
v -0.013560 -0.137013 0.135356
v -0.012808 -0.137571 0.133682
v -0.014538 -0.134163 0.139658
v -0.015146 -0.126862 0.132219
v -0.014838 -0.113676 0.131405
v -0.007151 -0.094281 0.127325
v -0.007318 -0.095439 0.129053
v -0.007967 -0.091101 0.125491
v -0.009626 -0.136732 0.129414
v -0.008764 -0.096003 0.130089
v -0.011549 -0.138259 0.134372
v -0.007837 -0.134232 0.134944
v -0.015099 -0.121837 0.138588
v -0.013680 -0.108898 0.134084
v -0.011815 -0.101470 0.132258
v -0.013302 -0.112664 0.140052
v -0.010077 -0.095415 0.129152
v -0.008578 -0.093723 0.128322
v -0.010207 -0.137924 0.134990
v -0.009275 -0.137283 0.134922
v -0.007777 -0.099463 0.132578
v -0.007923 -0.107173 0.138361
v -0.010843 -0.106054 0.138622
v -0.008518 -0.099754 0.133667
v -0.008475 -0.134370 0.138881
v -0.006622 -0.124331 0.136235
v -0.006662 -0.117031 0.137492
v -0.011843 -0.108951 0.140408
v -0.009533 -0.100631 0.134757
v -0.013352 -0.137222 0.138625
v -0.011686 -0.138078 0.138502
v -0.014150 -0.116879 0.140348
v -0.007871 -0.120118 0.143590
v -0.009234 -0.104194 0.137307
v -0.009053 -0.105157 0.138310
v -0.008731 -0.107524 0.139600
v -0.009941 -0.137225 0.138881
v -0.009642 -0.134111 0.143118
v -0.008169 -0.131168 0.141575
v -0.007586 -0.109752 0.138449
v -0.011756 -0.136768 0.141487
v -0.013406 -0.136187 0.141583
v -0.014875 -0.131295 0.143242
v -0.014262 -0.123747 0.145297
v -0.009175 -0.116120 0.144754
v -0.009213 -0.122241 0.146791
v -0.008178 -0.125256 0.144586
v -0.012659 -0.116919 0.144813
v -0.011588 -0.111924 0.142395
v -0.009162 -0.113362 0.143189
v -0.010294 -0.107360 0.140155
v -0.012353 -0.134997 0.144116
v -0.009755 -0.128913 0.146799
v -0.012064 -0.114453 0.144352
v -0.010024 -0.110980 0.142333
v -0.010555 -0.112858 0.144004
v -0.013780 -0.132025 0.145740
v -0.011498 -0.131995 0.146306
v -0.013998 -0.127648 0.146904
v -0.012587 -0.121249 0.147243
v -0.013122 -0.119822 0.146453
v -0.009281 -0.114295 0.144324
v -0.012053 -0.129521 0.147757
v -0.009547 -0.118775 0.146332
v -0.009974 -0.124405 0.147892
v -0.011016 -0.120250 0.147707
v -0.011283 -0.116087 0.145790
v -0.013188 -0.125822 0.147868
v -0.011742 -0.125913 0.148355
v -0.012166 -0.122849 0.148117
v -0.004650 -0.107770 0.092864
v -0.018109 -0.039993 -0.063081
vn 0.1118 -0.1610 -0.9806
vn -0.2577 -0.0543 -0.9647
vn 0.1201 0.1824 -0.9759
vn -0.4683 -0.2576 -0.8452
vn -0.5818 0.0848 -0.8089
vn 0.2877 -0.4226 -0.8594
vn 0.6802 -0.0477 -0.7315
vn 0.8425 -0.0944 -0.5303
vn -0.4560 -0.3735 -0.8078
vn 0.0900 -0.4875 -0.8685
vn -0.4873 -0.5120 -0.7074
vn -0.7075 -0.1634 -0.6876
vn -0.8691 -0.3047 -0.3897
vn 0.7959 0.2325 -0.5590
vn -0.8982 -0.1303 -0.4198
vn 0.6471 0.4072 -0.6446
vn 0.7721 0.5051 -0.3856
vn -0.3255 0.5408 -0.7756
vn 0.1500 0.5314 -0.8337
vn 0.4379 0.7357 -0.5167
vn -0.2909 0.6681 -0.6849
vn -0.7366 -0.3509 -0.5782
vn 0.1881 -0.4866 -0.8532
vn 0.8025 -0.2189 -0.5550
vn -0.7887 -0.4166 -0.4520
vn 0.9661 0.1619 -0.2013
vn 0.9508 0.3063 -0.0466
vn -0.9540 -0.2102 -0.2140
vn -0.9684 -0.0893 -0.2330
vn 0.0266 0.8955 -0.4443
vn -0.3053 -0.5827 -0.7532
vn 0.8522 -0.1755 -0.4928
vn 0.9844 0.0899 -0.1514
vn 0.9677 0.2335 0.0955
vn 0.9309 0.3312 0.1541
vn 0.7834 0.6208 -0.0307
vn -0.7951 0.4270 -0.4307
vn -0.5921 0.7615 -0.2635
vn 0.3040 0.9232 -0.2352
vn -0.1993 -0.2865 -0.9371
vn -0.4019 -0.1066 -0.9094
vn 0.3910 -0.1166 -0.9130
vn -0.6702 -0.4134 -0.6165
vn 0.3408 0.0799 -0.9367
vn 0.7196 0.0176 -0.6941
vn -0.8723 -0.2172 -0.4380
vn -0.1627 0.1970 -0.9668
vn -0.7643 0.0371 -0.6438
vn 0.5205 0.2564 -0.8145
vn 0.5984 0.3735 -0.7088
vn 0.8293 0.1962 -0.5232
vn 0.4079 -0.5015 -0.7630
vn -0.6234 -0.5121 -0.5909
vn 0.8743 -0.1906 -0.4464
vn 0.9909 0.1231 -0.0536
vn -0.9613 0.2453 -0.1254
vn -0.9821 -0.1088 -0.1537
vn -0.6607 0.7474 -0.0701
vn 0.4380 0.8944 0.0911
vn 0.0733 -0.5590 -0.8260
vn -0.4425 -0.6860 -0.5776
vn 0.5914 -0.2595 -0.7635
vn 0.5843 -0.5251 -0.6188
vn 0.8696 -0.0552 -0.4907
vn -0.9311 0.0423 -0.3623
vn -0.3743 0.4251 -0.8241
vn -0.6742 0.3137 -0.6686
vn 0.0216 0.4161 -0.9090
vn 0.0055 -0.5778 -0.8161
vn -0.4044 -0.5796 -0.7075
vn 0.5252 -0.4210 -0.7396
vn 0.3940 -0.4960 -0.7738
vn 0.7298 -0.3310 -0.5982
vn 0.9466 -0.0824 -0.3116
vn -0.9964 -0.0081 -0.0844
vn -0.9555 0.2784 0.0973
vn 0.7903 0.5696 0.2259
vn -0.1369 0.9906 -0.0072
vn -0.2312 -0.8441 -0.4838
vn -0.8860 -0.4004 -0.2339
vn 0.5345 -0.5200 -0.6663
vn 0.6994 -0.4973 -0.5135
vn 0.8326 -0.3149 -0.4556
vn -0.9807 -0.1684 -0.0996
vn -0.9939 -0.0680 -0.0865
vn -0.9461 0.0500 -0.3199
vn 0.8739 0.3258 -0.3608
vn 0.9317 0.2229 -0.2869
vn -0.8601 0.2190 -0.4607
vn 0.1125 0.5305 -0.8402
vn 0.5622 0.5673 -0.6017
vn -0.0379 0.5072 -0.8610
vn -0.8158 0.2937 -0.4981
vn -0.8995 0.3980 0.1803
vn 0.4066 -0.7681 -0.4947
vn 0.1076 -0.9739 -0.2000
vn -0.7538 -0.6309 -0.1836
vn -0.9345 -0.3530 0.0469
vn 0.7329 -0.5905 -0.3379
vn 0.9421 -0.2332 -0.2411
vn 0.9553 0.0600 -0.2895
vn -0.9849 -0.1626 0.0596
vn -0.9859 -0.0300 -0.1648
vn -0.9294 0.2057 -0.3066
vn -0.3670 0.5462 -0.7530
vn -0.7532 0.3344 -0.5665
vn 0.3762 0.5588 -0.7391
vn 0.1639 -0.6267 -0.7618
vn 0.5689 -0.4387 -0.6956
vn 0.9877 -0.0663 -0.1415
vn -0.6172 -0.5411 -0.5712
vn 0.9902 0.1389 0.0116
vn 0.9681 0.2036 0.1459
vn -0.4668 0.8514 0.2393
vn 0.2636 0.9259 0.2705
vn -0.5954 -0.7821 -0.1841
vn 0.9929 -0.0305 -0.1149
vn -0.8092 -0.5832 0.0716
vn -0.9483 -0.2641 0.1758
vn 0.8330 0.4007 -0.3816
vn -0.9772 0.0476 -0.2069
vn -0.9811 0.0298 -0.1913
vn -0.7984 0.2708 -0.5378
vn -0.0968 0.5066 -0.8568
vn -0.4877 0.4779 -0.7306
vn -0.0147 -0.6041 -0.7967
vn 0.8744 -0.2289 -0.4278
vn 0.8275 0.4823 0.2874
vn 0.4917 0.7847 0.3776
vn -0.3064 -0.9468 0.0981
vn 0.7570 -0.6489 -0.0767
vn 0.9505 0.2183 -0.2212
vn 0.9838 0.0984 -0.1499
vn -0.2196 0.5735 -0.7892
vn 0.5153 0.5998 -0.6122
vn 0.7688 -0.3240 -0.5514
vn 0.9961 0.0650 -0.0602
vn -0.9025 -0.3033 -0.3059
vn 0.8535 0.4282 0.2970
vn 0.9220 0.2817 0.2656
vn -0.4775 0.8237 0.3058
vn -0.4983 -0.8174 0.2890
vn 0.1811 -0.9747 0.1309
vn -0.8674 -0.4166 0.2720
vn 0.9533 -0.3004 -0.0303
vn -0.6748 0.5103 -0.5331
vn -0.8511 0.2418 -0.4660
vn 0.2540 0.6673 -0.7001
vn -0.1979 -0.6439 -0.7391
vn 0.4685 -0.5242 -0.7112
vn -0.4869 -0.6094 -0.6257
vn -0.6949 -0.5131 -0.5037
vn 0.9556 0.2271 0.1880
vn -0.9880 0.1533 0.0165
vn 0.6338 0.6412 0.4326
vn -0.9781 0.0250 -0.2067
vn -0.7856 0.3166 -0.5317
vn -0.9855 0.0061 -0.1696
vn 0.4115 0.6176 -0.6702
vn -0.5000 0.5315 -0.6838
vn 0.8482 -0.3051 -0.4329
vn 0.4047 -0.5643 -0.7196
vn 0.9857 -0.0086 -0.1685
vn -0.7901 -0.4392 -0.4275
vn 0.9954 0.0933 -0.0205
vn 0.6638 0.6140 0.4270
vn -0.8644 0.4842 0.1355
vn -0.0865 0.8944 0.4389
vn -0.3114 -0.8334 0.4566
vn 0.3444 -0.8887 0.3027
vn -0.7215 -0.5756 0.3849
vn 0.6290 -0.7148 0.3055
vn 0.9610 -0.2641 0.0819
vn 0.7148 0.4896 -0.4993
vn -0.1135 0.5623 -0.8191
vn 0.3362 0.6225 -0.7067
vn -0.2732 0.5432 -0.7940
vn 0.2195 -0.6526 -0.7252
vn 0.7174 -0.4153 -0.5594
vn 0.9789 -0.0714 -0.1916
vn 0.9942 -0.0238 -0.1044
vn -0.9249 0.3580 0.1279
vn -0.0915 0.8754 0.4746
vn -0.8240 -0.4222 0.3778
vn -0.9440 0.1482 -0.2948
vn 0.8637 0.3728 -0.3393
vn 0.1342 0.6546 -0.7440
vn 0.5270 0.5682 -0.6320
vn -0.4414 0.5480 -0.7105
vn 0.6823 -0.4915 -0.5412
vn 0.9780 -0.0934 -0.1866
vn -0.8491 -0.3697 -0.3773
vn -0.9142 -0.2800 -0.2928
vn -0.7637 0.5612 0.3191
vn 0.7945 0.4974 0.3485
vn 0.8772 0.3511 0.3275
vn 0.7474 0.5381 0.3898
vn 0.3736 0.8100 0.4520
vn -0.8637 0.3205 -0.3889
vn -0.7056 0.4661 -0.5338
vn 0.1371 -0.6901 -0.7106
vn 0.1040 0.8102 0.5768
vn -0.4137 -0.7779 0.4730
vn -0.7438 -0.4978 0.4460
vn 0.9953 -0.0944 0.0235
vn 0.9309 0.2609 -0.2558
vn -0.9969 -0.0776 -0.0137
vn -0.7568 0.3823 -0.5302
vn -0.2346 -0.6788 -0.6958
vn 0.6534 -0.4858 -0.5806
vn 0.9578 -0.1609 -0.2384
vn 0.9840 0.1518 0.0932
vn -0.9402 -0.2295 -0.2517
vn 0.8738 0.3306 0.3567
vn -0.8911 0.3979 0.2182
vn -0.5011 0.7180 0.4831
vn 0.2862 -0.8035 0.5221
vn 0.9042 0.3100 -0.2939
vn -0.9889 0.0221 -0.1466
vn -0.9619 0.0745 -0.2632
vn 0.6273 0.5547 -0.5466
vn 0.4440 0.6050 -0.6609
vn 0.2444 -0.6304 -0.7368
vn 0.5033 -0.5467 -0.6692
vn 0.8465 -0.3228 -0.4234
vn 0.9824 -0.1028 -0.1562
vn -0.9929 0.1186 0.0033
vn 0.7707 0.4981 0.3973
vn 0.4742 0.6980 0.5366
vn -0.6041 -0.6312 0.4865
vn -0.9689 -0.2048 0.1390
vn -0.9722 0.1042 -0.2096
vn -0.6181 0.4948 -0.6108
vn -0.1171 0.6237 -0.7728
vn -0.7885 0.4286 -0.4411
vn -0.3742 -0.6440 -0.6673
vn -0.6803 -0.5248 -0.5117
vn 0.9801 -0.0818 -0.1807
vn -0.8919 -0.3109 -0.3285
vn 0.9236 0.2696 0.2727
vn 0.7276 0.4959 0.4740
vn 0.5426 0.6686 0.5086
vn -0.6821 0.6283 0.3742
vn 0.2081 0.8026 0.5591
vn 0.4226 -0.7804 0.4608
vn 0.7945 -0.4955 0.3512
vn -0.6772 -0.5281 0.5123
vn -0.9462 0.1787 -0.2698
vn 0.6298 0.5653 -0.5327
vn 0.2812 0.6901 -0.6668
vn 0.3281 -0.6348 -0.6996
vn 0.8678 -0.3263 -0.3747
vn -0.6585 0.6338 0.4058
vn -0.5331 0.7277 0.4315
vn -0.5443 -0.5936 0.5928
vn 0.0293 -0.7701 0.6373
vn -0.9944 0.0080 -0.1056
vn -0.4655 0.5864 -0.6629
vn 0.2468 -0.6422 -0.7257
vn 0.9990 0.0374 -0.0245
vn -0.9789 -0.1043 -0.1756
vn -0.9973 0.0078 -0.0728
vn -0.9201 -0.2863 0.2673
vn 0.2654 0.6748 -0.6886
vn -0.3698 -0.6501 -0.6638
vn 0.3732 -0.5721 -0.7304
vn 0.9989 -0.0143 -0.0443
vn 0.8472 -0.3170 -0.4264
vn -0.9040 0.3794 0.1971
vn -0.7243 0.5938 0.3503
vn -0.2144 0.7813 0.5861
vn 0.2926 0.7840 0.5474
vn 0.8884 -0.3904 0.2416
vn 0.8179 0.4298 -0.3827
vn -0.9984 -0.0503 -0.0248
vn -0.9965 0.0136 -0.0826
vn -0.8669 0.3333 -0.3707
vn -0.3125 0.6696 -0.6738
vn -0.2452 -0.6711 -0.6997
vn 0.4498 -0.6174 -0.6453
vn 0.9522 0.2331 0.1973
vn 0.4673 -0.6962 0.5449
vn -0.1589 -0.7746 0.6121
vn -0.8673 -0.3551 0.3488
vn 0.5542 0.6134 -0.5627
vn 0.2207 0.5430 -0.8102
vn -0.6422 -0.5578 -0.5258
vn 0.9960 0.0144 -0.0877
vn 0.9956 0.0831 0.0437
vn 0.9078 0.2893 0.3036
vn -0.9845 0.1657 0.0570
vn -0.9107 0.3431 0.2300
vn 0.5767 0.5706 0.5847
vn 0.7110 0.5508 0.4372
vn -0.7953 0.4797 0.3705
vn -0.4323 0.6943 0.5754
vn 0.3584 0.6755 0.6444
vn -0.2745 -0.6995 0.6598
vn -0.3794 -0.6616 0.6468
vn -0.8149 0.3744 -0.4424
vn -0.1563 0.6882 -0.7085
vn -0.1294 0.6866 -0.7154
vn 0.3380 0.6925 -0.6374
vn 0.7264 0.5140 -0.4562
vn -0.2060 -0.7068 -0.6768
vn 0.9375 -0.2126 -0.2756
vn 0.6751 0.5097 0.5333
vn 0.3888 0.6675 0.6350
vn -0.1391 0.7525 0.6438
vn 0.5078 -0.6605 0.5530
vn 0.9926 0.0659 -0.1022
vn -0.9740 -0.1856 0.1301
vn -0.9789 0.0749 -0.1901
vn -0.5628 0.5703 -0.5984
vn -0.3618 0.6617 -0.6567
vn 0.2737 0.7131 -0.6455
vn 0.6590 -0.5084 -0.5543
vn 0.4356 -0.6294 -0.6435
vn -0.2662 -0.6906 -0.6725
vn 0.8800 -0.3132 -0.3571
vn -0.7801 -0.4509 -0.4338
vn 0.9952 0.0902 0.0372
vn -0.1691 0.7602 0.6273
vn 0.9592 0.1891 -0.2103
vn 0.8763 0.3537 -0.3270
vn -0.7611 0.4470 -0.4699
vn 0.9407 -0.2050 -0.2702
vn 0.9979 -0.0198 -0.0624
vn 0.9122 0.3003 0.2788
vn 0.8301 0.3789 0.4090
vn -0.7711 -0.4501 0.4504
vn 0.9054 -0.3333 0.2629
vn -0.9850 -0.1485 0.0884
vn -0.9645 0.1846 -0.1889
vn -0.4506 0.6167 -0.6455
vn 0.6112 -0.5592 -0.5601
vn 0.9947 0.0011 -0.1028
vn -0.7854 0.4778 0.3935
vn -0.7348 0.5408 0.4094
vn 0.6157 0.5614 0.5530
vn 0.6728 0.5248 0.5215
vn -0.4041 -0.6630 0.6302
vn -0.5885 -0.5658 0.5775
vn 0.4971 -0.6732 0.5475
vn 0.9537 -0.2379 0.1839
vn -0.9517 -0.2295 0.2041
vn -0.9991 -0.0137 -0.0410
vn -0.7877 0.4323 -0.4390
vn 0.1943 0.7045 -0.6826
vn -0.3569 0.6893 -0.6305
vn 0.4740 0.6396 -0.6052
vn -0.0741 0.7918 -0.6063
vn 0.8384 -0.3959 -0.3747
vn 0.3896 -0.6758 -0.6257
vn 0.9857 0.1515 0.0743
vn 0.8865 0.3082 0.3452
vn 0.4964 -0.6590 0.5650
vn -0.9757 0.1599 -0.1498
vn -0.7706 0.4838 -0.4150
vn -0.3179 -0.6970 -0.6427
vn 0.9952 -0.0358 -0.0913
vn 0.9347 -0.3166 -0.1613
vn 0.9957 -0.0346 -0.0865
vn -0.9731 -0.1386 -0.1837
vn 0.1896 0.7127 0.6754
vn 0.0400 -0.6993 0.7137
vn 0.8112 0.4263 -0.4002
vn -0.5087 0.6152 -0.6023
vn 0.1602 0.7144 -0.6812
vn -0.7510 0.4438 -0.4889
vn 0.7517 -0.4971 -0.4334
vn 0.3378 -0.7054 -0.6232
vn 0.9748 -0.1362 -0.1768
vn 0.9963 0.0804 0.0290
vn -0.0807 0.7397 0.6681
vn 0.6878 0.4821 0.5427
vn -0.9993 -0.0272 0.0244
vn -0.9349 0.2470 -0.2548
vn -0.7237 0.4998 -0.4759
vn 0.2719 -0.7380 -0.6176
vn 0.9122 0.2975 0.2817
vn 0.9538 0.2183 0.2066
vn 0.8850 0.3267 0.3316
vn -0.9381 -0.2244 -0.2639
vn 0.8369 0.3689 0.4045
vn -0.9220 0.3209 0.2166
vn 0.7620 0.3976 0.5111
vn 0.6541 -0.5655 0.5024
vn -0.9180 -0.2896 0.2709
vn 0.9759 0.1395 -0.1676
vn -0.9865 -0.1131 0.1184
vn -0.9917 0.0840 -0.0975
vn 0.5706 0.5997 -0.5611
vn -0.8828 0.3207 -0.3433
vn -0.2080 0.7454 -0.6333
vn 0.3104 -0.6947 -0.6489
vn 0.6841 -0.5128 -0.5187
vn 0.7628 -0.4878 -0.4245
vn 0.9253 -0.3016 -0.2297
vn -0.9985 0.0343 -0.0420
vn 0.4937 0.5771 0.6505
vn 0.7484 0.4255 0.5088
vn -0.7908 0.4689 0.3934
vn -0.4908 0.6552 0.5743
vn 0.1616 0.7685 0.6191
vn 0.0946 -0.7505 0.6541
vn 0.8259 -0.4462 0.3446
vn -0.4038 -0.6399 0.6538
vn -0.6816 -0.5163 0.5185
vn 0.9841 -0.1468 0.1001
vn -0.0049 -0.7268 -0.6868
vn 0.6784 -0.5302 -0.5086
vn 0.9915 -0.0842 -0.0990
vn -0.5341 -0.6240 -0.5704
vn 0.9990 0.0151 0.0414
vn -0.7190 -0.5206 -0.4606
vn -0.8069 -0.4285 -0.4067
vn 0.4477 0.6250 0.6395
vn 0.4211 0.5540 0.7181
vn -0.3504 0.6295 0.6935
vn 0.1486 0.6859 0.7124
vn -0.8258 -0.3951 0.4025
vn 0.8714 0.3482 -0.3455
vn -0.6966 0.5198 -0.4945
vn -0.5753 0.5557 -0.6002
vn -0.9760 0.1536 -0.1541
vn 0.6440 0.5585 -0.5228
vn 0.2195 0.6567 -0.7215
vn 0.2706 -0.6948 -0.6663
vn 0.1324 -0.7516 -0.6462
vn 0.9807 -0.1625 -0.1087
vn 0.9910 -0.1078 -0.0788
vn 0.9579 0.2200 0.1847
vn -0.6805 -0.5217 0.5145
vn 0.9058 0.2856 -0.3130
vn -0.9939 -0.0855 0.0696
vn 0.1087 0.6604 -0.7430
vn 0.4494 0.6519 0.6108
vn 0.4801 0.6811 0.5528
vn -0.5499 0.6465 -0.5289
vn 0.4386 0.6802 -0.5873
vn 0.7037 -0.5457 -0.4551
vn 0.9790 -0.1662 -0.1183
vn 0.9744 0.1628 0.1551
vn -0.0482 0.7243 0.6878
vn -0.4082 0.6888 0.5992
vn 0.3625 -0.6443 0.6734
vn -0.9750 -0.1640 0.1501
vn -0.9676 0.1797 -0.1771
vn -0.9024 0.3134 -0.2956
vn -0.3470 -0.6973 -0.6272
vn 0.9315 -0.2597 -0.2545
vn 0.7975 -0.4566 -0.3944
vn 0.9981 -0.0575 -0.0219
vn 0.9778 0.1810 0.1059
vn 0.4912 0.5872 0.6434
vn 0.7693 -0.4221 0.4795
vn 0.9978 -0.0632 0.0202
vn -0.8697 -0.3580 0.3397
vn -0.9963 0.0598 -0.0623
vn -0.2336 0.8200 -0.5225
vn -0.2463 -0.7256 -0.6425
vn 0.2464 -0.7357 -0.6309
vn 0.9980 0.0002 -0.0625
vn 0.8924 0.3398 0.2970
vn -0.7728 0.4961 0.3959
vn -0.2074 0.7013 0.6820
vn 0.4460 0.5919 0.6714
vn 0.1036 -0.6520 0.7511
vn -0.3328 -0.6624 0.6712
vn 0.1779 -0.7034 0.6881
vn 0.7745 -0.4712 0.4221
vn 0.9536 -0.2381 0.1841
vn 0.7942 0.4301 -0.4294
vn -0.5586 0.5843 -0.5887
vn 0.2583 0.7141 -0.6506
vn 0.6688 0.5606 -0.4884
vn 0.4742 -0.6532 -0.5903
vn 0.6581 -0.5569 -0.5068
vn 0.9146 -0.2286 -0.3335
vn 0.9761 -0.1503 -0.1568
vn -0.9541 0.2381 0.1815
vn -0.3400 -0.6675 0.6624
vn 0.9420 -0.2774 -0.1887
vn -0.5898 -0.6062 -0.5335
vn 0.9371 0.2869 0.1988
vn -0.9311 -0.2250 -0.2872
vn -0.4188 0.6435 0.6407
vn 0.4013 0.6241 0.6704
vn 0.3038 -0.7195 0.6246
vn -0.2592 -0.6804 0.6855
vn 0.4622 -0.6065 0.6470
vn 0.8754 0.3243 -0.3586
vn 0.6019 0.5775 -0.5515
vn -0.1178 0.7542 -0.6460
vn -0.7097 0.5382 -0.4547
vn 0.9918 0.1265 0.0193
vn -0.8710 -0.3380 -0.3565
vn 0.4048 0.6375 0.6556
vn 0.5315 0.5744 0.6226
vn -0.9562 0.2155 -0.1984
vn -0.4790 0.6985 -0.5317
vn 0.4324 -0.6685 -0.6052
vn 0.7680 -0.4445 -0.4610
vn -0.5291 -0.6570 -0.5370
vn 0.9441 -0.1928 -0.2673
vn 0.9989 -0.0031 -0.0477
vn 0.8514 0.3503 0.3903
vn 0.9350 0.2691 0.2309
vn -0.5327 0.6130 0.5835
vn 0.0523 -0.6836 0.7280
vn -0.4676 -0.6330 0.6170
vn -0.3910 -0.6550 0.6466
vn 0.9443 0.2147 -0.2496
vn -0.9973 0.0418 -0.0598
vn -0.2427 -0.7695 -0.5907
vn 0.9124 -0.3022 -0.2761
vn 0.9749 0.1639 0.1508
vn -0.9992 -0.0061 -0.0385
vn -0.8480 0.3857 0.3636
vn -0.3963 0.6395 0.6588
vn 0.0638 -0.6653 0.7439
vn -0.3577 -0.6419 0.6783
vn 0.0047 -0.7102 0.7040
vn -0.0278 -0.7038 0.7098
vn -0.0130 -0.7066 0.7075
vn 0.6703 -0.5724 0.4723
vn -0.6922 -0.5017 0.5188
vn -0.8195 -0.3967 0.4136
vn -0.8909 0.3564 -0.2814
vn 0.6804 0.5196 -0.5167
vn 0.4342 0.6898 -0.5794
vn -0.4907 0.7036 -0.5141
vn 0.1642 0.7502 -0.6405
vn -0.0894 -0.7911 -0.6051
vn 0.3518 -0.6782 -0.6451
vn 0.1527 -0.6383 -0.7545
vn 0.9528 0.2408 0.1849
vn -0.6001 -0.6149 -0.5116
vn 0.8422 0.4272 0.3290
vn -0.7636 -0.4636 -0.4494
vn 0.8706 0.3534 0.3423
vn -0.9647 0.1980 0.1739
vn 0.7965 0.4264 0.4286
vn 0.1209 0.6779 0.7251
vn 0.4056 0.6521 0.6405
vn -0.0509 -0.7293 0.6823
vn 0.0048 -0.7104 0.7038
vn -0.3589 -0.6704 0.6494
vn -0.0679 -0.7284 0.6818
vn 0.3720 -0.6760 0.6361
vn 0.7030 -0.5240 0.4809
vn -0.9429 0.2684 -0.1974
vn 0.0149 0.7592 -0.6507
vn 0.4270 -0.6986 -0.5741
vn -0.9735 -0.1349 -0.1847
vn 0.1996 -0.7169 0.6680
vn 0.8790 -0.3559 0.3174
vn -0.9903 -0.1168 0.0751
vn 0.3379 -0.7261 -0.5989
vn -0.2399 -0.7351 -0.6341
vn 0.4273 -0.7148 -0.5536
vn 0.8843 -0.3654 -0.2907
vn -0.3177 -0.7741 -0.5475
vn 0.9327 -0.3189 -0.1686
vn 0.9528 0.2310 0.1972
vn -0.3398 0.6725 0.6575
vn 0.2186 -0.6825 0.6974
vn -0.4242 -0.6346 0.6460
vn 0.9914 0.0399 -0.1243
vn -0.4871 0.6757 -0.5533
vn -0.8035 0.4508 -0.3888
vn -0.8421 0.3943 0.3679
vn -0.3688 0.6477 0.6667
vn 0.3811 -0.6829 0.6232
vn -0.8511 -0.3628 0.3794
vn -0.9157 -0.3091 0.2569
vn -0.9417 0.2698 -0.2012
vn 0.0991 0.7393 -0.6661
vn 0.4363 0.6771 -0.5927
vn -0.6032 0.6221 -0.4991
vn 0.0930 -0.8385 -0.5369
vn -0.6884 -0.5689 -0.4501
vn 0.8294 0.4043 0.3854
vn 0.9604 -0.2219 0.1684
vn -0.8693 0.4648 -0.1683
vn -0.5505 0.6549 -0.5176
vn -0.0306 0.7717 -0.6353
vn 0.4649 -0.7267 -0.5058
vn -0.0386 -0.7882 -0.6142
vn -0.5330 -0.6580 -0.5319
vn 0.8246 -0.5199 -0.2229
vn 0.8947 0.3579 0.2672
vn -0.8908 -0.2823 -0.3559
vn 0.6802 0.5079 0.5286
vn 0.6368 0.5224 0.5671
vn 0.2697 0.6682 0.6934
vn -0.6977 -0.4988 0.5142
vn 0.9253 0.2096 -0.3162
vn -0.9987 0.0379 -0.0354
vn -0.9423 0.2479 -0.2251
vn 0.4033 -0.7661 -0.5004
vn 0.7576 -0.5739 -0.3110
vn 0.8660 -0.4431 -0.2319
vn -0.5204 -0.6921 -0.5001
vn 0.8698 0.4101 0.2743
vn 0.8694 0.3295 0.3683
vn 0.8928 0.3367 0.2992
vn -0.3092 0.6894 0.6551
vn -0.4853 -0.6011 0.6349
vn 0.3501 -0.6825 0.6416
vn -0.9578 -0.2370 0.1626
vn 0.8020 0.3727 -0.4669
vn -0.6927 0.5971 -0.4045
vn -0.2137 0.7680 -0.6038
vn 0.1247 0.7870 -0.6042
vn 0.9934 0.0550 0.1006
vn 0.1442 0.7111 0.6882
vn 0.8882 0.2797 -0.3644
vn 0.5946 0.5719 -0.5651
vn 0.1858 -0.8528 -0.4881
vn -0.9971 0.0041 -0.0755
vn -0.9741 0.1812 0.1352
vn 0.7990 0.4259 0.4244
vn 0.4137 0.5921 0.6916
vn 0.6906 0.5232 0.4993
vn -0.7703 0.4764 0.4240
vn 0.1911 -0.6995 0.6887
vn 0.9624 0.1145 -0.2464
vn -0.8123 -0.4078 0.4170
vn -0.7859 -0.4264 0.4479
vn -0.9502 0.2580 -0.1747
vn -0.6765 0.6212 -0.3956
vn -0.8144 -0.4431 -0.3749
vn -0.4435 -0.7409 -0.5043
vn -0.6407 -0.5816 -0.5012
vn 0.9913 -0.1280 0.0301
vn 0.9731 0.1814 0.1421
vn -0.8103 -0.3713 -0.4534
vn -0.5206 0.5804 0.6261
vn -0.4086 0.6633 0.6270
vn 0.0766 0.6517 0.7546
vn 0.4023 -0.6973 0.5933
vn 0.9117 -0.3242 0.2524
vn -0.8860 -0.3669 0.2835
vn 0.2530 0.7423 -0.6205
vn -0.6578 0.6407 -0.3960
vn -0.1903 0.8144 -0.5483
vn 0.1929 -0.8363 -0.5132
vn 0.6398 -0.6517 -0.4073
vn 0.4942 -0.7898 -0.3634
vn 0.8178 -0.5052 -0.2757
vn 0.9576 -0.2796 -0.0691
vn 0.0502 0.6773 0.7340
vn -0.5772 -0.5601 0.5943
vn 0.9009 0.2310 -0.3675
vn 0.9573 -0.2570 -0.1322
vn 0.9986 -0.0152 0.0498
vn -0.4348 -0.7309 -0.5260
vn -0.5565 -0.7017 -0.4449
vn -0.5355 -0.6968 -0.4771
vn 0.9371 0.2878 0.1975
vn 0.8666 0.4273 0.2577
vn 0.8378 0.4325 0.3333
vn -0.1864 0.6510 0.7358
vn 0.4681 0.6714 0.5745
vn 0.0532 -0.6800 0.7312
vn 0.2670 -0.6608 0.7014
vn 0.9856 -0.1546 0.0682
vn 0.8200 -0.3659 0.4400
vn 0.9884 -0.1232 0.0885
vn -0.9282 0.3331 -0.1660
vn -0.6605 0.6477 -0.3798
vn -0.2217 0.8013 -0.5557
vn 0.4390 0.5390 -0.7189
vn 0.0381 0.7282 -0.6843
vn -0.1685 -0.8281 -0.5346
vn 0.8492 0.5133 0.1244
vn -0.6035 -0.4955 -0.6247
vn -0.9879 -0.0922 -0.1251
vn -0.9136 0.3137 0.2587
vn -0.6584 0.5419 0.5224
vn 0.3924 0.6596 0.6410
vn 0.8132 -0.4282 0.3942
vn 0.9701 0.1047 -0.2189
vn -0.8222 -0.4336 0.3687
vn 0.8515 0.1980 -0.4856
vn 0.8375 0.2482 -0.4868
vn -0.9988 -0.0351 -0.0345
vn 0.6892 0.3423 -0.6386
vn 0.8297 0.2467 -0.5007
vn -0.7872 0.5007 -0.3600
vn -0.2891 0.7819 -0.5523
vn 0.5675 -0.6773 -0.4682
vn 0.7397 -0.5279 -0.4173
vn 0.9924 0.0944 -0.0791
vn -0.5353 -0.4309 -0.7265
vn -0.7761 -0.3517 -0.5234
vn -0.1029 0.6889 0.7175
vn 0.8963 0.2207 -0.3846
vn -0.9959 0.0797 -0.0416
vn 0.8619 0.1260 -0.4911
vn -0.0593 0.4277 -0.9020
vn 0.5212 0.2879 -0.8034
vn 0.1462 -0.7523 -0.6424
vn -0.5607 -0.6177 -0.5514
vn -0.5775 -0.5990 -0.5547
vn 0.9318 0.3547 0.0775
vn 0.8088 0.5216 0.2717
vn -0.9863 -0.1522 -0.0638
vn -0.9550 0.1683 0.2443
vn -0.9744 0.1679 0.1495
vn 0.3874 -0.6091 0.6921
vn 0.0581 -0.7142 0.6975
vn 0.7723 0.1134 -0.6250
vn -0.9335 0.3341 -0.1300
vn 0.6308 -0.0320 -0.7753
vn -0.5056 0.7187 -0.4773
vn -0.3122 0.6847 -0.6586
vn -0.4004 0.1009 -0.9108
vn 0.2554 0.0642 -0.9647
vn -0.5194 0.4464 -0.7287
vn -0.1860 0.0806 -0.9792
vn -0.7463 0.1561 -0.6471
vn 0.4508 0.1295 -0.8832
vn 0.0359 0.3419 -0.9391
vn -0.3234 -0.7178 -0.6166
vn 0.4697 -0.4928 -0.7325
vn -0.4613 -0.5976 -0.6558
vn 0.9378 0.3257 -0.1199
vn -0.3090 -0.5557 -0.7718
vn 0.8414 0.5327 -0.0913
vn -0.7178 -0.3191 -0.6188
vn -0.6755 -0.3417 -0.6534
vn 0.8318 0.4391 0.3396
vn -0.9091 -0.2171 -0.3554
vn -0.9876 -0.1082 0.1139
vn 0.7008 0.5219 0.4863
vn -0.7044 0.5140 0.4895
vn -0.2622 -0.6530 0.7105
vn -0.7417 -0.4487 0.4986
vn -0.5976 -0.5286 0.6028
vn 0.9705 0.1260 -0.2057
vn 0.9982 -0.0387 0.0451
vn -0.8304 -0.4748 0.2915
vn -0.7038 0.6193 -0.3480
vn -0.7345 0.4375 -0.5188
vn 0.5346 -0.0375 -0.8443
vn 0.6897 -0.2051 -0.6944
vn 0.7492 -0.1555 -0.6438
vn 0.3121 0.2487 -0.9169
vn 0.5805 -0.0238 -0.8139
vn -0.7113 0.2734 -0.6475
vn -0.4940 0.4764 -0.7273
vn -0.1103 0.5720 -0.8128
vn 0.2689 0.4743 -0.8383
vn -0.0623 0.7404 -0.6692
vn 0.3373 0.3545 -0.8721
vn -0.1602 -0.5116 -0.8441
vn -0.3657 -0.4993 -0.7854
vn -0.4574 -0.3263 -0.8272
vn -0.5016 -0.4624 -0.7312
vn 0.9165 0.3096 -0.2531
vn 0.7695 0.6385 -0.0113
vn 0.7798 0.6141 0.1215
vn -0.6255 0.5304 0.5722
vn 0.5553 0.5803 0.5957
vn 0.4842 0.6147 0.6226
vn 0.2509 -0.6768 0.6921
vn 0.7375 -0.4265 0.5237
vn -0.7395 -0.4793 0.4727
vn -0.9434 -0.3043 0.1320
vn 0.8491 -0.0230 -0.5278
vn 0.7992 -0.2528 -0.5453
vn -0.8580 0.4485 -0.2503
vn -0.8687 0.1762 -0.4630
vn -0.8516 0.1088 -0.5128
vn 0.4835 0.2759 -0.8307
vn 0.6976 -0.1631 -0.6976
vn 0.5460 0.0969 -0.8322
vn 0.1101 0.4287 -0.8967
vn -0.4371 0.3182 -0.8413
vn -0.1990 0.6417 -0.7407
vn 0.1746 0.5446 -0.8203
vn -0.0419 0.7646 -0.6431
vn -0.3086 -0.3689 -0.8768
vn -0.1989 -0.2964 -0.9341
vn -0.0974 -0.1604 -0.9822
vn 0.1259 -0.3956 -0.9097
vn 0.3443 0.0144 -0.9387
vn -0.4555 -0.5646 -0.6883
vn 0.6186 -0.1001 -0.7793
vn -0.5429 -0.4104 -0.7326
vn -0.8969 -0.2348 -0.3748
vn -0.8093 -0.2393 -0.5365
vn 0.7944 0.5490 -0.2598
vn -0.9827 -0.1208 -0.1402
vn -0.9852 -0.0685 0.1571
vn -0.8805 -0.0034 0.4740
vn 0.3696 0.6419 0.6718
vn -0.2977 0.5226 0.7989
vn 0.2517 -0.6717 0.6967
vn -0.3574 -0.6109 0.7064
vn 0.8467 -0.3137 0.4298
vn -0.7194 -0.4353 0.5413
vn -0.7981 -0.3929 0.4567
vn -0.7000 -0.5894 0.4032
vn 0.8321 0.1862 -0.5224
vn -0.9978 -0.0656 -0.0090
vn 0.8540 0.0308 -0.5193
vn -0.9572 0.2834 -0.0589
vn 0.8143 -0.2795 -0.5088
vn -0.6952 0.4991 -0.5173
vn -0.6553 0.3614 -0.6633
vn 0.8255 -0.2180 -0.5205
vn 0.8949 -0.2257 -0.3850
vn -0.9307 0.1381 -0.3387
vn -0.6157 0.1102 -0.7803
vn -0.7516 -0.2323 -0.6174
vn 0.3303 -0.1436 -0.9329
vn -0.2850 -0.7098 -0.6441
vn -0.2141 -0.4269 -0.8786
vn 0.0165 -0.6486 -0.7609
vn -0.1858 -0.9018 -0.3902
vn 0.0650 0.1596 -0.9850
vn 0.0476 -0.2133 -0.9758
vn 0.0166 0.1335 -0.9909
vn -0.0518 0.4392 -0.8969
vn -0.1489 0.1264 -0.9807
vn -0.1182 0.0615 -0.9911
vn -0.0491 -0.0309 -0.9983
vn -0.1666 -0.0130 -0.9859
vn -0.3094 -0.3204 -0.8954
vn -0.1258 0.1294 -0.9836
vn -0.3159 -0.0402 -0.9479
vn -0.2995 -0.2304 -0.9258
vn -0.2442 -0.3591 -0.9008
vn -0.1011 -0.1961 -0.9754
vn -0.9355 -0.2380 -0.2610
vn 0.6869 0.7137 -0.1372
vn 0.5919 0.7422 -0.3142
vn 0.6543 0.7510 -0.0893
vn -0.9967 -0.0735 -0.0355
vn -0.8675 0.0382 0.4960
vn -0.6492 0.3848 0.6561
vn -0.7652 0.1222 0.6321
vn 0.3195 0.6497 0.6898
vn 0.9205 -0.2604 0.2913
vn -0.9674 0.2288 -0.1089
vn -0.8755 0.1360 -0.4637
vn -0.5768 0.0831 -0.8126
vn 0.5926 -0.3915 -0.7040
vn -0.5473 -0.1980 -0.8132
vn -0.3723 -0.3989 -0.8380
vn -0.3519 -0.3754 -0.8575
vn -0.4115 -0.1285 -0.9023
vn -0.2216 -0.2102 -0.9522
vn -0.1812 -0.0653 -0.9813
vn 0.2142 -0.8017 -0.5580
vn -0.0315 -0.1676 -0.9854
vn -0.0506 -0.3473 -0.9364
vn -0.2407 -0.4083 -0.8805
vn -0.3380 -0.0488 -0.9399
vn -0.0385 -0.0262 -0.9989
vn -0.2350 -0.3591 -0.9032
vn -0.0678 0.0809 -0.9944
vn -0.1120 0.0881 -0.9898
vn -0.2519 0.1601 -0.9544
vn -0.5072 0.1554 -0.8477
vn -0.2410 0.0987 -0.9655
vn -0.1953 0.2644 -0.9444
vn -0.3508 -0.1448 -0.9252
vn -0.5260 0.0116 -0.8504
vn -0.7462 0.2031 -0.6339
vn -0.6699 0.2700 -0.6916
vn 0.6365 0.7662 -0.0887
vn 0.6398 0.4727 0.6059
vn 0.7093 0.4315 0.5575
vn 0.1491 -0.6178 0.7721
vn -0.0078 -0.6664 0.7456
vn 0.4904 -0.5274 0.6939
vn -0.4564 -0.5720 0.6816
vn 0.9930 -0.1148 0.0280
vn -0.7462 -0.5510 0.3737
vn -0.8150 -0.4888 0.3112
vn 0.8417 -0.0416 -0.5384
vn 0.8929 0.0805 -0.4430
vn 0.6794 -0.3557 -0.6418
vn 0.6561 -0.3837 -0.6498
vn 0.9050 0.0441 -0.4231
vn -0.3448 -0.1248 -0.9303
vn -0.5547 -0.2855 -0.7815
vn -0.1583 -0.4692 -0.8688
vn -0.0879 -0.5537 -0.8280
vn -0.1586 -0.5140 -0.8430
vn -0.5003 -0.2196 -0.8375
vn -0.4944 -0.4042 -0.7695
vn -0.7973 -0.1891 -0.5731
vn -0.7879 -0.0324 -0.6150
vn -0.7893 0.1028 -0.6054
vn -0.4990 0.3718 -0.7828
vn -0.1342 0.4141 -0.9003
vn -0.1898 0.3762 -0.9069
vn -0.3236 0.3716 -0.8702
vn -0.2359 0.5362 -0.8104
vn -0.2379 0.4957 -0.8353
vn -0.3153 0.3990 -0.8610
vn -0.9176 -0.2497 -0.3094
vn -0.7557 0.0916 -0.6485
vn -0.9715 0.0946 -0.2176
vn 0.7019 0.7033 -0.1128
vn 0.5533 0.7926 -0.2562
vn -0.9906 0.0798 0.1110
vn -0.9809 0.0770 -0.1789
vn 0.6904 0.6968 0.1945
vn 0.3063 0.3849 0.8707
vn -0.0870 0.3539 0.9312
vn -0.5230 -0.5487 0.6523
vn 0.1904 -0.6051 0.7730
vn 0.7110 -0.4449 0.5445
vn 0.9555 0.0507 -0.2906
vn -0.6314 -0.5608 0.5356
vn -0.6508 -0.5717 0.4997
vn -0.7169 -0.6574 0.2322
vn -0.8605 -0.5065 0.0542
vn -0.9365 -0.2946 -0.1903
vn 0.7948 -0.2698 -0.5436
vn 0.7385 -0.1885 -0.6474
vn -0.9375 -0.1756 -0.3005
vn -0.2885 -0.6685 -0.6855
vn -0.1327 -0.6900 -0.7115
vn -0.3668 -0.5902 -0.7191
vn 0.8821 0.1822 -0.4343
vn -0.9878 -0.0597 -0.1439
vn -0.9797 0.0580 -0.1919
vn -0.8469 0.2487 -0.4699
vn -0.5447 0.4445 -0.7112
vn -0.4167 0.5869 -0.6942
vn -0.7140 0.2677 -0.6469
vn -0.8632 0.2403 -0.4440
vn 0.6172 0.6973 -0.3646
vn 0.5134 0.7228 -0.4626
vn 0.5711 0.8088 -0.1403
vn -0.7849 0.3442 -0.5153
vn -0.9470 0.2752 -0.1654
vn -0.8123 0.2695 0.5172
vn 0.7331 0.4917 0.4700
vn 0.6699 0.6384 0.3790
vn 0.5481 0.5698 0.6123
vn -0.5910 -0.5017 0.6316
vn 0.7279 -0.3960 0.5598
vn -0.7672 -0.4240 0.4813
vn -0.5831 -0.7273 0.3619
vn -0.5749 -0.6685 0.4718
vn -0.7409 -0.4289 0.5168
vn -0.5737 -0.8176 0.0491
vn 0.4064 -0.5910 -0.6968
vn 0.0892 -0.5270 -0.8452
vn -0.7064 -0.5851 -0.3984
vn -0.4535 -0.5680 -0.6868
vn -0.6013 -0.4770 -0.6410
vn -0.3471 -0.7738 -0.5299
vn -0.7843 -0.4293 -0.4478
vn 0.5595 -0.2765 -0.7814
vn 0.8021 0.1224 -0.5845
vn -0.9717 -0.1671 -0.1667
vn -0.9975 0.0677 0.0183
vn -0.4007 0.5935 -0.6980
vn -0.3098 0.5303 -0.7892
vn -0.2815 0.6367 -0.7179
vn -0.6135 0.5070 -0.6054
vn 0.4808 0.6892 -0.5420
vn 0.5029 0.8641 0.0176
vn -0.9243 0.3713 0.0882
vn -0.6082 0.5250 0.5954
vn -0.4534 0.1271 0.8822
vn -0.4487 0.2494 0.8582
vn 0.4430 0.4455 0.7780
vn -0.0073 0.4639 0.8859
vn 0.1806 0.6679 0.7221
vn -0.3460 -0.6069 0.7155
vn 0.3017 -0.5619 0.7702
vn 0.8634 -0.3842 0.3270
vn 0.9509 -0.0855 -0.2975
vn -0.8422 -0.4499 -0.2970
vn -0.5494 -0.6234 -0.5564
vn -0.5779 -0.7023 -0.4157
vn -0.1339 -0.7987 -0.5867
vn -0.1872 -0.8081 -0.5585
vn -0.3424 -0.7550 -0.5592
vn 0.1194 -0.5662 -0.8156
vn -0.0735 -0.5620 -0.8238
vn -0.7967 -0.5293 -0.2916
vn -0.9446 0.1609 0.2861
vn -0.8154 0.1025 0.5698
vn -0.9326 -0.3205 -0.1660
vn -0.9998 0.0150 -0.0091
vn -0.8247 0.3608 -0.4356
vn -0.9965 -0.0409 0.0724
vn -0.6604 0.5773 -0.4803
vn -0.4624 0.6750 -0.5750
vn -0.2684 0.7516 -0.6025
vn 0.5709 0.6470 -0.5054
vn -0.6207 0.5731 -0.5351
vn 0.2916 0.8747 -0.3872
vn 0.2347 0.6900 -0.6847
vn -0.7765 0.5009 -0.3823
vn 0.1273 0.8099 -0.5726
vn -0.7520 0.6467 0.1276
vn 0.5402 0.7800 0.3158
vn -0.3055 0.7458 0.5920
vn 0.3543 0.7781 0.5187
vn -0.3395 -0.5556 0.7589
vn -0.3689 -0.5499 0.7493
vn 0.6974 -0.4588 0.5505
vn -0.6907 -0.4341 0.5783
vn -0.3632 -0.9161 0.1699
vn -0.4193 -0.8274 0.3737
vn -0.7113 -0.6691 -0.2152
vn 0.8591 -0.0544 -0.5089
vn -0.6074 -0.6495 -0.4574
vn 0.5276 -0.4478 -0.7219
vn -0.7805 0.2845 0.5566
vn -0.5348 0.1792 0.8258
vn -0.6171 -0.2149 0.7570
vn -0.7862 -0.2366 0.5709
vn -0.9874 0.1032 -0.1204
vn 0.3710 0.6072 -0.7026
vn -0.4874 0.7530 -0.4421
vn -0.2083 0.8468 -0.4894
vn -0.3946 0.7801 -0.4856
vn -0.3498 0.8243 -0.4452
vn 0.2953 0.3934 -0.8707
vn -0.6600 0.7037 -0.2630
vn 0.2764 0.9547 -0.1103
vn 0.1112 0.9263 -0.3600
vn -0.0923 0.7862 -0.6110
vn -0.4277 0.8722 0.2373
vn -0.6132 0.7718 -0.1686
vn 0.1989 0.9437 0.2643
vn 0.3852 0.9106 0.1500
vn -0.0596 0.8985 0.4349
vn 0.9597 -0.2684 0.0837
vn -0.6324 -0.6070 0.4814
vn -0.4354 -0.8786 -0.1962
vn -0.4221 -0.8440 -0.3309
vn 0.5983 -0.3321 -0.7293
vn 0.4647 -0.4669 -0.7523
vn -0.2670 -0.8311 -0.4878
vn -0.2238 -0.8364 -0.5003
vn -0.4160 -0.8070 -0.4191
vn -0.2704 -0.8099 -0.5205
vn -0.8139 0.4427 0.3761
vn -0.6129 0.5120 0.6019
vn -0.6145 0.4847 0.6225
vn -0.7355 -0.0516 0.6756
vn -0.6407 0.2899 0.7110
vn -0.8619 0.1940 0.4684
vn -0.9558 -0.0660 0.2866
vn -0.8269 -0.1543 0.5408
vn -0.7234 -0.3214 0.6110
vn -0.8501 -0.3063 0.4283
vn -0.8222 -0.3782 0.4253
vn -0.9994 -0.0140 -0.0329
vn -0.8708 0.4117 -0.2689
vn -0.9995 -0.0274 -0.0123
vn 0.7751 0.4284 -0.4644
vn -0.5908 0.7408 -0.3195
vn -0.1656 0.9625 -0.2147
vn -0.1035 0.9426 -0.3174
vn -0.1335 0.6216 -0.7719
vn -0.1505 0.9798 0.1317
vn 0.1441 0.9894 -0.0162
vn 0.0071 0.9675 -0.2526
vn -0.0403 0.9321 -0.3601
vn -0.5087 -0.5107 0.6931
vn -0.1477 -0.9800 -0.1335
vn -0.1089 -0.9940 0.0144
vn -0.2970 -0.9290 0.2209
vn 0.7970 -0.1988 -0.5703
vn -0.2954 -0.9105 -0.2894
vn 0.7145 -0.2972 -0.6334
vn -0.5170 -0.8158 -0.2590
vn -0.4193 -0.8125 -0.4049
vn -0.3373 -0.7415 -0.5800
vn -0.8017 -0.5660 -0.1923
vn -0.9995 -0.0299 0.0106
vn -0.8428 0.2530 0.4751
vn -0.9883 0.0630 0.1388
vn -0.9974 -0.0115 -0.0717
vn -0.9961 -0.0186 -0.0865
vn -0.9921 -0.0558 0.1122
vn -0.8326 -0.2328 0.5026
vn -0.6177 -0.4576 0.6396
vn -0.8597 -0.3665 0.3558
vn -0.7619 0.6111 -0.2147
vn -0.9962 0.0862 -0.0102
vn -0.6896 0.7031 -0.1735
vn -0.3467 0.9301 -0.1216
vn -0.0150 -0.8805 0.4738
vn -0.2417 0.9609 -0.1352
vn -0.2430 0.9479 -0.2058
vn -0.2797 0.9237 -0.2617
vn -0.3611 0.7979 -0.4827
vn -0.3224 0.7119 -0.6239
vn -0.4639 0.6643 -0.5861
vn -0.0157 -0.6121 0.7907
vn 0.4242 -0.5801 0.6954
vn -0.3686 -0.6503 0.6643
vn 0.7815 -0.4701 0.4101
vn -0.4282 -0.8939 -0.1323
vn -0.2770 -0.9574 -0.0813
vn 0.0246 -0.9988 -0.0426
vn -0.3519 -0.8847 0.3057
vn -0.6173 0.6101 0.4967
vn -0.6608 0.4056 0.6315
vn -0.7126 0.5412 0.4465
vn -0.9653 0.1291 0.2270
vn -0.9900 -0.1404 -0.0172
vn -0.9241 -0.2358 -0.3008
vn -0.9116 0.0901 -0.4010
vn -0.9453 0.2043 -0.2542
vn -0.9570 -0.2648 0.1187
vn -0.9914 0.0397 -0.1250
vn -0.8676 -0.4834 0.1165
vn -0.6311 -0.6515 0.4211
vn -0.5355 -0.6530 0.5356
vn -0.9458 0.3178 -0.0661
vn -0.1021 0.9684 -0.2275
vn -0.3254 0.9044 -0.2760
vn -0.0723 0.9799 -0.1862
vn -0.1958 0.9429 -0.2696
vn -0.4276 0.7744 -0.4664
vn -0.4193 0.8926 -0.1660
vn 0.3565 -0.6536 0.6676
vn 0.1119 -0.7850 0.6094
vn -0.5133 -0.8004 0.3096
vn -0.5941 -0.6257 0.5056
vn 0.6942 -0.5823 0.4230
vn -0.6056 -0.7177 0.3436
vn 0.7895 -0.5266 0.3154
vn -0.9871 -0.1590 0.0188
vn -0.7452 0.6659 0.0365
vn -0.8696 0.4598 0.1797
vn -0.6218 0.6838 0.3818
vn -0.5643 0.6295 0.5341
vn -0.9736 -0.2101 -0.0889
vn -0.8877 -0.4086 -0.2121
vn -0.9843 -0.0982 -0.1469
vn -0.9478 0.1193 -0.2958
vn -0.8776 0.2147 -0.4285
vn -0.9870 -0.0411 -0.1554
vn -0.6508 -0.5873 0.4811
vn -0.8993 -0.3632 0.2434
vn -0.8557 -0.4651 0.2268
vn -0.4625 0.8496 -0.2536
vn -0.7955 0.6055 -0.0230
vn -0.5610 0.8276 -0.0200
vn -0.3360 0.9374 -0.0916
vn -0.1355 0.9892 -0.0557
vn 0.5345 -0.7199 0.4427
vn 0.2901 -0.9558 0.0475
vn -0.0324 -0.9957 0.0865
vn 0.0337 -0.9850 0.1692
vn -0.3220 -0.8624 0.3907
vn -0.3541 -0.8311 -0.4289
vn -0.4061 -0.8903 -0.2061
vn -0.0513 -0.9980 -0.0361
vn -0.2730 -0.9569 0.0993
vn -0.5375 -0.8280 -0.1595
vn -0.5677 0.7509 0.3374
vn -0.2836 0.7801 0.5577
vn -0.8333 0.3815 0.4001
vn -0.9001 0.3342 0.2794
vn -0.9557 -0.2944 -0.0077
vn -0.9361 -0.2412 -0.2561
vn -0.8256 -0.4742 -0.3059
vn -0.8968 0.2319 -0.3769
vn -0.8393 -0.4921 0.2310
vn -0.9958 -0.0247 -0.0879
vn -0.6991 -0.6889 0.1917
vn -0.7684 -0.6372 0.0597
vn -0.9319 -0.3624 0.0117
vn -0.0334 0.9994 0.0045
vn -0.2360 0.9687 0.0763
vn 0.1711 -0.7747 0.6087
vn 0.0789 -0.9969 -0.0015
vn -0.2504 -0.7836 0.5686
vn -0.3923 -0.9192 0.0355
vn -0.0325 -0.9994 0.0125
vn -0.0328 -0.9893 0.1420
vn -0.1582 -0.8449 0.5110
vn 0.4304 -0.7342 0.5251
vn -0.6479 -0.7618 0.0016
vn -0.6264 0.6294 0.4598
vn -0.4470 0.8885 -0.1039
vn -0.9921 0.0735 -0.1020
vn -0.7823 -0.6168 -0.0873
vn -0.9015 0.3907 -0.1861
vn -0.8097 0.5295 -0.2532
vn -0.9632 0.2277 -0.1426
vn -0.9868 -0.1292 0.0974
vn -0.9899 0.1372 0.0371
vn -0.2395 0.9658 -0.0994
vn -0.1865 0.9800 -0.0697
vn -0.2284 0.9374 0.2628
vn -0.2833 -0.9576 0.0524
vn -0.2797 -0.9586 -0.0544
vn -0.4960 -0.8573 0.1378
vn -0.8256 -0.5482 0.1337
vn -0.7439 0.6325 -0.2158
vn -0.8357 -0.5303 0.1425
vn -0.9080 -0.3995 -0.1265
vn -0.9953 0.0611 0.0748
vn -0.8401 0.5423 -0.0111
vn -0.8953 0.4031 0.1896
vn -0.9559 0.2934 -0.0150
vn -0.7911 -0.6112 0.0253
vn -0.2644 0.9621 0.0666
vn -0.2923 0.9563 -0.0062
vn -0.1175 0.9121 0.3929
vn -0.2995 0.7442 0.5970
vn -0.2912 -0.9185 0.2676
vn -0.0500 -0.9858 0.1604
vn 0.2852 -0.8743 0.3927
vn -0.6514 0.7419 -0.1592
vn -0.8771 -0.4006 0.2649
vn -0.9404 0.2727 0.2032
vn -0.9610 -0.2699 0.0606
vn -0.6187 -0.7591 -0.2025
vn -0.6292 -0.7400 -0.2378
vn -0.7698 0.6037 0.2070
vn -0.8619 -0.4921 -0.1225
vn -0.9974 0.0318 0.0650
vn -0.3861 0.8872 0.2525
vn -0.1739 0.9545 0.2424
vn -0.1818 0.9833 0.0090
vn -0.0797 0.9812 0.1757
vn 0.9475 -0.1974 0.2517
vn 0.6831 0.1470 0.7154
vn 0.9554 -0.1856 0.2296
vn -0.0373 0.9755 0.2168
vn -0.0449 -0.9825 -0.1808
vn 0.1592 -0.7069 0.6892
vn -0.2941 -0.9073 0.3006
vn -0.1676 -0.9736 -0.1547
vn 0.4884 -0.8585 0.1562
vn 0.2004 -0.8413 0.5020
vn -0.1963 -0.9685 0.1532
vn 0.2184 -0.8971 0.3840
vn 0.1912 -0.8253 0.5313
vn -0.5493 -0.7993 0.2435
vn -1.0000 0.0010 0.0022
vn -0.8372 -0.4894 0.2440
vn -0.6195 0.7372 -0.2696
vn -0.8972 0.4258 -0.1171
vn -0.9999 -0.0102 0.0083
vn -0.9633 -0.2167 0.1586
vn -0.7409 -0.6196 0.2591
vn -0.9550 -0.1761 0.2386
vn -0.9393 0.0324 0.3415
vn -0.8846 0.3711 0.2826
vn -0.7952 0.5360 0.2836
vn -0.6813 0.6655 0.3048
vn -0.6122 0.7318 0.2995
vn -0.1068 0.9104 0.3996
vn -0.0031 0.9500 0.3121
vn 0.2252 0.8400 0.4937
vn -0.2229 -0.8718 -0.4362
vn -0.4881 -0.8413 -0.2325
vn 0.3417 -0.8824 -0.3235
vn 0.4483 -0.8781 -0.1673
vn 0.6170 -0.7722 -0.1517
vn -0.2880 -0.9000 -0.3273
vn 0.6247 -0.7807 0.0132
vn -0.3641 -0.9202 0.1437
vn -0.3731 -0.9030 0.2130
vn 0.3492 -0.9325 0.0921
vn 0.2994 -0.7621 0.5741
vn -0.0966 -0.8498 0.5182
vn 0.2744 -0.7496 0.6024
vn 0.5862 -0.7913 0.1741
vn 0.4004 -0.8107 0.4272
vn -0.8080 0.4929 -0.3229
vn -0.5171 0.7343 -0.4398
vn -0.6421 0.6854 -0.3433
vn -0.8150 0.4058 -0.4137
vn -0.8999 0.3814 -0.2116
vn -0.7721 -0.4219 0.4752
vn -0.7169 -0.3256 0.6165
vn -0.7244 0.4847 0.4903
vn -0.9404 0.0093 0.3399
vn -0.8044 -0.5937 0.0213
vn -0.8331 0.4307 0.3469
vn 0.0253 0.9645 0.2628
vn 0.1337 0.9510 0.2789
vn -0.0730 -0.6707 -0.7381
vn -0.4358 -0.6792 -0.5906
vn 0.1812 -0.7214 -0.6684
vn 0.0867 -0.8630 -0.4977
vn -0.4875 -0.7021 -0.5190
vn -0.3072 -0.7953 -0.5226
vn -0.3867 -0.8823 0.2683
vn -0.3642 -0.8357 0.4110
vn -0.3604 -0.9112 -0.1994
vn 0.5043 -0.8422 -0.1907
vn 0.4697 -0.8828 -0.0118
vn -0.0961 -0.8639 0.4945
vn -0.2964 -0.8654 0.4040
vn -0.9768 0.1753 -0.1234
vn -0.7836 0.4974 -0.3721
vn -0.9684 -0.1571 0.1938
vn -0.7647 -0.4178 0.4906
vn -0.7903 -0.2628 0.5535
vn -0.6840 0.4534 0.5714
vn -0.5771 0.5442 0.6089
vn -0.8262 0.1698 0.5372
vn -0.9326 0.2593 0.2511
vn -0.8648 -0.4564 0.2093
vn -0.9729 -0.2056 -0.1054
vn -0.6831 -0.6464 -0.3399
vn -0.6007 -0.6159 -0.5098
vn -0.8673 -0.4460 -0.2212
vn -0.6839 0.5855 0.4352
vn -0.2867 0.8366 0.4668
vn 0.3211 0.9133 0.2505
vn -0.3050 -0.5947 -0.7439
vn 0.4773 -0.6627 -0.5771
vn -0.5190 -0.6461 -0.5596
vn 0.6338 -0.6908 -0.3480
vn -0.4359 -0.7791 0.4507
vn -0.7027 -0.6997 0.1288
vn -0.8087 -0.5695 -0.1474
vn 0.6963 -0.6722 -0.2516
vn 0.3636 -0.8985 -0.2458
vn 0.5200 -0.8417 -0.1455
vn 0.6879 -0.7222 0.0722
vn -0.5703 -0.6708 0.4741
vn 0.6379 -0.6296 0.4435
vn 0.0242 -0.7414 0.6706
vn -0.8960 -0.3453 0.2792
vn -0.5915 0.6470 -0.4812
vn -0.6007 0.5559 -0.5747
vn -0.7579 0.5234 -0.3894
vn -0.9081 0.2662 -0.3234
vn -0.9358 -0.1541 0.3171
vn -0.6523 -0.3610 0.6664
vn -0.6968 0.3366 0.6333
vn -0.5284 0.4607 0.7131
vn -0.9554 0.2122 0.2052
vn -0.9388 -0.2577 -0.2287
vn -0.6133 -0.5515 -0.5654
vn 0.0010 0.8962 0.4437
vn 0.1322 0.9382 0.3197
vn 0.0528 0.8395 0.5407
vn 0.0534 0.8361 0.5459
vn 0.0629 0.8473 0.5274
vn 0.5274 0.7984 0.2904
vn 0.1436 0.9035 0.4039
vn 0.2894 -0.5685 -0.7701
vn -0.0624 -0.6181 -0.7836
vn 0.6693 -0.4041 -0.6235
vn -0.3298 -0.5967 -0.7315
vn -0.7695 -0.4551 -0.4480
vn 0.6428 -0.5359 -0.5474
vn -0.8217 -0.4790 0.3088
vn 0.7317 -0.6814 0.0170
vn 0.8106 -0.5612 -0.1674
vn 0.6427 -0.7391 0.2016
vn 0.0120 -0.8539 0.5203
vn 0.4694 -0.8791 -0.0828
vn 0.0654 -0.9641 0.2573
vn -0.9978 -0.0646 0.0164
vn -0.9842 0.1454 -0.1011
vn -0.8570 0.3809 -0.3471
vn -0.7635 0.4238 -0.4873
vn -0.5694 0.5159 -0.6401
vn -0.9156 -0.1963 0.3510
vn -0.9082 0.2883 -0.3035
vn -0.9716 -0.1300 -0.1979
vn -0.6728 0.1941 0.7139
vn -0.9466 -0.0936 0.3086
vn -0.7733 0.4162 0.4782
vn -0.9305 0.2138 0.2973
vn -0.9941 -0.0223 -0.1065
vn -0.8709 -0.2323 -0.4331
vn -0.6351 -0.4517 -0.6266
vn -0.8232 -0.3144 -0.4728
vn -0.9992 -0.0321 -0.0241
vn -0.5621 0.6821 0.4677
vn -0.5211 0.6253 0.5810
vn -0.2005 0.7158 0.6689
vn -0.0846 0.8061 0.5857
vn 0.4726 -0.5436 -0.6936
vn 0.5992 -0.5003 -0.6251
vn -0.2074 -0.6196 -0.7570
vn -0.0022 -0.6375 -0.7705
vn 0.7454 -0.3895 -0.5411
vn -0.5276 -0.5548 -0.6433
vn 0.7352 -0.4728 -0.4856
vn -0.9735 -0.1850 -0.1341
vn -0.9404 -0.2662 -0.2117
vn -0.9791 -0.0983 0.1782
vn 0.7963 -0.5971 -0.0972
vn -0.5477 -0.5861 0.5970
vn -0.4708 -0.6831 0.5583
vn -0.3495 -0.7113 0.6098
vn -0.7849 -0.3921 0.4798
vn 0.7824 -0.6148 -0.0993
vn 0.6577 -0.6102 0.4417
vn 0.0979 -0.6569 0.7476
vn -0.9992 0.0379 0.0090
vn -0.8965 0.2630 -0.3564
vn -0.5497 0.4427 -0.7084
vn -0.7503 0.3440 -0.5645
vn -0.9458 0.0910 -0.3117
vn -0.9457 -0.1548 -0.2857
vn -0.9408 -0.0626 -0.3330
vn -0.7869 -0.2427 -0.5674
vn -0.4290 -0.3664 -0.8257
vn -0.6075 -0.2166 -0.7642
vn -0.8541 0.3903 0.3438
vn 0.0915 0.7126 0.6956
vn 0.1168 0.7733 0.6231
vn 0.2228 0.7385 0.6364
vn -0.8400 -0.4066 -0.3592
vn 0.8513 -0.3572 -0.3842
vn 0.8030 -0.4941 -0.3333
vn 0.8138 -0.5372 -0.2214
vn 0.8213 -0.5581 0.1184
vn 0.7269 -0.6397 0.2499
vn -0.2759 -0.6940 0.6650
vn -0.8106 -0.1776 0.5581
vn 0.7501 -0.6345 0.1864
vn -0.5989 -0.5021 0.6238
vn -0.8217 -0.3268 0.4669
vn -0.9733 -0.1387 0.1828
vn 0.0066 -0.2466 0.9691
vn 0.2805 -0.4462 0.8498
vn -0.1438 -0.1711 0.9747
vn 0.1040 -0.3259 0.9397
vn 0.4043 -0.5493 0.7313
vn 0.8530 -0.3050 0.4236
vn -0.8625 0.2553 -0.4369
vn -0.6424 0.1276 -0.7557
vn -0.7046 0.1164 -0.7000
vn -0.7368 -0.2545 -0.6263
vn -0.4804 -0.3380 -0.8093
vn -0.5149 -0.0960 -0.8518
vn -0.8999 -0.1095 -0.4221
vn -0.9981 0.0313 0.0537
vn -0.9211 0.1990 0.3348
vn -0.8456 0.3194 0.4278
vn 0.6401 0.5470 0.5395
vn 0.2869 0.7148 0.6378
vn 0.5891 0.5769 0.5658
vn 0.4390 0.6709 0.5976
vn 0.0555 0.7334 0.6776
vn -0.0801 0.6504 0.7554
vn 0.6461 -0.4426 -0.6218
vn -0.5438 -0.5621 -0.6232
vn 0.8684 -0.3301 -0.3699
vn 0.7995 -0.3957 -0.4520
vn 0.9127 -0.3248 -0.2479
vn -0.4977 -0.5063 0.7043
vn -0.3828 -0.6450 0.6614
vn 0.9238 -0.2591 0.2819
vn 0.7012 -0.2864 0.6529
vn 0.4583 -0.2976 0.8375
vn -0.9188 -0.1782 0.3523
vn -0.9999 0.0122 0.0074
vn -0.9064 0.0746 -0.4157
vn 0.2396 0.6314 0.7376
vn 0.3884 0.6382 0.6647
vn -0.0095 0.6530 0.7573
vn -0.5401 -0.5740 -0.6155
vn 0.2796 -0.6410 -0.7147
vn -0.0539 -0.6837 -0.7278
vn 0.6487 -0.5178 -0.5577
vn -0.9748 -0.2043 -0.0901
vn -0.9806 -0.0400 0.1918
vn -0.9822 -0.1615 0.0958
vn -0.9133 0.1474 0.3796
vn -0.7758 0.2453 0.5814
vn 0.9380 -0.3292 -0.1089
vn 0.9225 -0.3845 0.0332
vn -0.6768 -0.1473 0.7213
vn -0.3398 -0.4834 0.8067
vn -0.2404 -0.5847 0.7748
vn -0.3017 -0.5158 0.8018
vn 0.9309 0.0321 0.3639
vn 0.2476 -0.3236 0.9132
vn 0.6207 -0.1415 0.7711
vn 0.9130 0.1216 0.3894
vn -0.9843 0.0125 0.1760
vn 0.0319 -0.6018 0.7980
vn 0.4111 -0.4441 0.7961
vn -0.1818 -0.7330 0.6555
vn 0.5706 -0.3614 0.7374
vn -0.3821 -0.6778 0.6281
vn 0.5710 0.3576 0.7389
vn 0.3956 0.1761 0.9014
vn 0.3344 0.5431 0.7702
vn 0.0977 0.5415 0.8350
vn -0.8624 0.2432 0.4440
vn 0.3699 -0.3931 0.8418
vn -0.5677 0.3662 0.7373
vn -0.4371 0.5822 0.6856
vn 0.1164 0.5221 0.8449
vn -0.2205 0.3397 0.9143
vn -0.1054 0.5839 0.8049
vn 0.8565 0.1893 0.4802
vn 0.0702 0.5897 0.8046
vn -0.9946 -0.0476 0.0922
vn -0.5436 0.2731 0.7937
vn -0.4405 -0.1424 0.8864
vn -0.3890 0.0136 0.9211
vn 0.9336 -0.2751 0.2296
vn -0.5479 -0.2961 0.7824
vn 0.9006 -0.2198 0.3749
vn -0.4171 -0.4331 0.7991
vn -0.5232 -0.4640 0.7148
vn -0.2741 -0.3616 0.8912
vn -0.3894 -0.2969 0.8719
vn -0.8122 -0.2851 0.5090
vn -0.5767 -0.3807 0.7228
vn 0.7264 0.0499 0.6855
vn -0.2719 -0.5952 0.7562
vn -0.0909 -0.3512 0.9319
vn 0.4522 -0.0732 0.8889
vn -0.8547 -0.1620 0.4931
vn -0.5144 -0.5104 0.6891
vn -0.5237 -0.2554 0.8127
vn -0.8303 0.1252 0.5431
vn 0.5380 0.2592 0.8021
vn 0.0593 0.0591 0.9965
vn 0.4537 -0.1553 0.8775
vn 0.7152 -0.0263 0.6984
vn 0.1456 0.2665 0.9528
vn 0.8405 -0.1833 0.5098
vn 0.0468 0.3275 0.9437
vn -0.1192 0.2937 0.9485
vn 0.0946 0.1010 0.9904
vn 0.0001 0.4591 0.8884
vn 0.7702 -0.2520 0.5859
vn 0.8984 -0.1573 0.4101
vn -0.2573 0.3710 0.8923
vn 0.1662 -0.2640 0.9501
vn 0.5021 -0.3961 0.7688
vn 0.0860 -0.2869 0.9541
vn 0.6351 -0.3678 0.6792
vn -0.1594 -0.5575 0.8148
vn -0.1794 -0.5991 0.7803
vn 0.1554 -0.2541 0.9546
vn -0.6232 -0.4947 0.6057
vn -0.4617 -0.2249 0.8581
vn 0.8841 0.0391 0.4656
vn 0.6562 0.4477 0.6075
vn 0.9813 -0.1923 -0.0110
vn -0.4101 0.5381 0.7364
vn -0.4926 0.1981 0.8474
vn -0.2433 0.3362 0.9098
vn 0.4247 0.6527 0.6274
vn 0.1933 0.5392 0.8197
vn 0.3608 0.1012 0.9271
vn 0.0324 0.1642 0.9859
vn 0.2484 0.4310 0.8675
vn 0.4818 -0.6042 -0.6346
vn 0.8976 -0.2844 -0.3368
vn -0.9458 0.1470 0.2896
vn -0.8511 0.2310 0.4714
vn 0.9662 -0.2118 -0.1471
vn 0.9898 -0.1425 -0.0086
vn -0.6467 0.4568 0.6108
vn -0.6014 0.4300 0.6733
vn -0.7489 0.3477 0.5642
vn 0.9613 -0.2669 0.0692
vn -0.7792 0.1030 0.6182
vn -0.8262 0.3941 0.4026
vn -0.7377 -0.0785 0.6706
vn -0.1945 -0.4158 0.8884
vn 0.8849 0.0647 0.4613
vn 0.7722 0.3541 0.5275
vn 0.4169 0.2976 0.8588
vn 0.5929 0.4332 0.6788
vn 0.7937 0.3380 0.5057
vn -0.5409 -0.2267 0.8100
vn 0.2871 0.4453 0.8481
vn 0.1329 0.5533 0.8223
vn 0.1328 0.5357 0.8339
vn 0.1097 0.6479 0.7538
vn 0.1252 0.1021 0.9869
vn 0.7206 0.3263 0.6118
vn 0.8786 0.2401 0.4128
vn 0.9684 -0.0118 0.2492
vn -0.2187 -0.0742 0.9730
vn -0.4127 -0.0603 0.9089
vn 0.8502 -0.1737 0.4969
vn 0.7921 -0.0047 0.6104
vn 0.9296 -0.1726 0.3256
vn -0.5522 -0.0284 0.8332
vn 0.7239 -0.1328 0.6770
vn -0.3720 0.4150 0.8303
vn -0.7049 -0.1787 0.6864
vn -0.8566 -0.2916 0.4258
vn -0.0528 0.4711 0.8805
vn 0.1198 0.3904 0.9128
vn 0.3465 0.2935 0.8910
vn -0.0660 0.5699 0.8191
vn -0.2044 -0.6886 -0.6957
vn -0.8349 -0.3971 -0.3812
vn -0.8532 0.2914 0.4326
vn -0.7126 0.3837 0.5874
vn -0.8779 0.2916 0.3799
vn 0.9903 -0.0036 0.1388
vn -0.3967 -0.2485 0.8837
vn -0.6723 -0.2092 0.7102
vn -0.7826 0.2945 0.5484
vn -0.7535 0.0237 0.6570
vn -0.2850 -0.2535 0.9244
vn -0.2078 -0.2272 0.9514
vn -0.1973 -0.2187 0.9556
vn -0.2748 -0.0565 0.9598
vn 0.4245 0.6352 0.6453
vn 0.6079 0.3433 0.7160
vn 0.9022 0.0806 0.4236
vn 0.5771 0.0982 0.8107
vn 0.0379 0.5373 0.8425
vn 0.0379 0.6748 0.7370
vn -0.2456 0.1380 0.9595
vn 0.6149 0.1942 0.7643
vn 0.1503 0.1831 0.9715
vn -0.0674 0.3105 0.9482
vn 0.1297 -0.7057 -0.6965
vn 0.3633 -0.6558 -0.6617
vn 0.6888 -0.4771 -0.5458
vn 0.9495 -0.2172 -0.2262
vn 0.9922 -0.1110 -0.0561
vn -0.8954 0.2889 0.3389
vn -0.8868 0.3128 0.3401
vn 0.9269 0.1261 0.3534
vn -0.7502 0.2525 0.6110
vn -0.8226 0.4114 0.3925
vn -0.5526 -0.1917 0.8111
vn -0.7809 0.3631 0.5083
vn -0.5247 -0.0448 0.8501
vn 0.8175 0.2214 0.5316
vn 0.5737 0.4743 0.6678
vn 0.4334 0.3864 0.8142
vn -0.0988 0.4933 0.8642
vn 0.3931 -0.0327 0.9189
vn 0.3412 0.2767 0.8984
vn -0.1454 0.7653 0.6270
vn 0.1829 0.6948 0.6955
vn 0.1975 0.7489 0.6326
vn -0.1312 0.8305 0.5414
vn -0.0850 -0.0399 0.9956
vn 0.5518 -0.0300 0.8334
vn 0.6337 0.0536 0.7717
vn -0.0856 0.1015 0.9911
vn 0.3780 0.2562 0.8897
vn -0.6405 -0.5550 -0.5308
vn -0.3246 -0.6825 -0.6549
vn -0.9672 -0.2091 -0.1443
vn -0.9864 0.0558 0.1547
vn -0.9363 0.1925 0.2937
vn -0.9144 0.2832 0.2893
vn -0.8607 0.3761 0.3432
vn 0.9997 0.0200 0.0119
vn 0.9342 0.2684 0.2349
vn 0.0358 -0.1103 0.9932
vn -0.5179 0.5862 0.6230
vn 0.1941 0.0557 0.9794
vn 0.7243 -0.4556 -0.5175
vn 0.9833 -0.1243 -0.1327
vn 0.6580 0.6080 0.4443
vn 0.8332 0.4604 0.3061
vn -0.6691 0.5508 0.4990
vn 0.4780 0.6481 0.5928
vn -0.5110 0.6849 0.5194
vn -0.4724 0.7120 0.5195
vn 0.0124 0.8251 0.5648
vn -0.4670 -0.6272 -0.6233
vn 0.4203 -0.6087 -0.6729
vn -0.7807 -0.4782 -0.4022
vn -0.9259 0.2343 0.2963
vn 0.9626 0.2544 0.0929
vn 0.8028 0.4634 0.3752
vn 0.3613 0.8380 0.4090
vn 0.6736 0.5833 0.4539
vn 0.1623 -0.6902 -0.7052
vn 0.9401 -0.2191 -0.2612
vn 0.9941 0.0992 -0.0442
vn -0.5027 0.6752 0.5398
vn -0.7352 0.5233 0.4310
vn 0.8040 0.5255 0.2781
vn 0.4196 0.7953 0.4376
vn -0.1586 0.8225 0.5462
vn -0.2125 -0.6841 -0.6978
vn 0.2972 0.8012 0.5194
vn -0.5829 0.6697 0.4602
vn 0.6849 -0.5195 -0.5110
vn -0.5944 -0.5615 -0.5757
vn -0.9976 -0.0679 -0.0154
vn -0.8678 -0.3559 -0.3467
vn -0.7638 0.4923 0.4174
vn -0.2713 0.8036 0.5298
vn -0.6775 0.5857 0.4449
vn 0.1415 -0.6732 -0.7258
vn -0.3033 -0.6748 -0.6728
vn 0.2693 -0.6873 -0.6746
vn 0.9035 -0.2711 -0.3319
vn 0.9778 -0.1049 -0.1813
vn 0.9757 -0.1623 -0.1468
vn 0.9786 0.2044 0.0244
vn 0.5045 -0.6192 -0.6017
vn -0.9793 0.1034 0.1739
vn 0.9992 0.0267 -0.0302
vn 0.9874 -0.1311 -0.0881
vn 0.3512 0.7947 0.4951
vn 0.3217 0.7763 0.5422
vn -0.3917 0.7490 0.5343
vn 0.6311 -0.5306 -0.5658
vn -0.9406 0.2239 0.2552
vn -0.4530 -0.6207 -0.6400
vn -0.1649 -0.6964 -0.6985
vn -0.8871 -0.3331 -0.3195
vn -0.9969 -0.0710 -0.0339
vn 0.8536 -0.3104 -0.4183
vn -0.7436 0.5135 0.4282
vn 0.8137 0.5349 0.2275
vn 0.3098 0.8033 0.5087
vn 0.4972 0.7543 0.4288
vn -0.1404 -0.6763 -0.7232
vn 0.6436 -0.4890 -0.5888
vn 0.9995 -0.0081 -0.0305
vn 0.9775 0.1962 0.0774
vn 0.7414 0.6023 0.2960
vn -0.6491 0.5875 0.4833
vn -0.3237 0.7549 0.5704
vn 0.0342 0.8177 0.5747
vn 0.4011 -0.6045 -0.6882
vn 0.1613 -0.6802 -0.7150
vn 0.0577 -0.6913 -0.7202
vn 0.6891 -0.4067 -0.5998
vn 0.9728 -0.0717 -0.2202
vn 0.9567 0.2495 0.1496
vn 0.2398 0.8204 0.5190
vn 0.7221 0.5651 0.3990
vn -0.2188 -0.6886 -0.6913
vn -0.6606 -0.5592 -0.5008
vn 0.7881 -0.3330 -0.5177
vn 0.6338 -0.4686 -0.6154
vn 0.4802 -0.6336 -0.6066
vn 0.9678 -0.0794 -0.2390
vn -0.9941 0.0031 0.1088
vn 0.9902 -0.1074 -0.0893
vn 0.9881 -0.1311 -0.0804
vn -0.8204 0.4310 0.3758
vn -0.7244 -0.5447 -0.4226
vn 0.0993 -0.7428 -0.6621
vn 0.8945 -0.2059 -0.3968
vn -0.9786 -0.1986 -0.0531
vn -0.9540 0.1916 0.2304
vn 0.9938 0.0818 0.0751
vn 0.8242 0.4706 0.3151
vn -0.4129 0.7287 0.5463
vn -0.1887 -0.7212 -0.6666
vn 0.3911 -0.6684 -0.6327
vn 0.4246 -0.6458 -0.6346
vn 0.2376 -0.7365 -0.6334
vn 0.1911 0.7856 0.5884
vn -0.7630 -0.5271 -0.3742
vn -0.3163 -0.7335 -0.6015
vn -0.5854 -0.6391 -0.4989
vn 0.9135 -0.2391 -0.3291
vn -0.9094 0.3055 0.2822
vn -0.6335 0.5999 0.4888
vn 0.9579 0.2232 0.1803
vn 0.7528 0.5003 0.4277
vn 0.4418 0.7307 0.5205
vn 0.1079 -0.7407 -0.6631
vn 0.9957 0.0120 -0.0920
vn 0.8316 -0.3572 -0.4252
vn -0.9716 0.1123 0.2080
vn -0.9512 0.2276 0.2083
vn -0.3928 0.7290 0.5606
vn -0.2429 -0.7317 -0.6369
vn -0.7534 -0.5136 -0.4107
vn 0.0403 0.7897 0.6122
vn 0.1714 -0.7500 -0.6389
vn 0.0574 -0.7425 -0.6673
vn -0.2933 -0.7541 -0.5876
vn 0.6837 -0.5424 -0.4883
vn 0.2600 -0.7145 -0.6495
vn -0.9937 0.0055 0.1121
vn 0.9915 -0.0714 -0.1088
vn 0.2725 0.7632 0.5859
vn -0.6204 -0.6380 -0.4562
vn -0.6828 -0.5822 -0.4413
vn 0.3878 -0.7087 -0.5894
vn -0.9528 -0.2780 -0.1217
vn 0.9729 -0.0971 -0.2100
vn 0.9991 -0.0420 -0.0084
vn -0.5287 0.6240 0.5754
vn -0.4955 0.6496 0.5767
vn 0.2004 -0.7355 -0.6472
vn -0.2189 -0.7295 -0.6480
vn 0.3802 -0.7108 -0.5918
vn 0.9646 0.1658 0.2049
vn 0.7480 0.4730 0.4656
vn 0.4525 0.6879 0.5674
vn 0.1222 0.7778 0.6166
vn -0.0842 -0.7391 -0.6683
vn -0.6052 -0.6570 -0.4495
vn 0.7958 -0.4277 -0.4286
vn 0.9762 -0.1287 -0.1747
vn -0.9903 -0.1389 0.0043
vn -0.9088 -0.3439 -0.2363
vn -0.9696 0.1624 0.1829
vn 0.9891 0.0904 0.1158
vn 0.8700 0.3605 0.3363
vn -0.6964 -0.5810 -0.4212
vn 0.5364 -0.6377 -0.5528
vn -0.9771 0.1266 0.1710
vn -0.8250 0.4260 0.3713
vn -0.5770 0.6161 0.5362
vn 0.9255 -0.2792 -0.2560
vn 0.9998 0.0117 -0.0189
vn 0.9974 -0.0452 -0.0554
vn 0.0128 0.7082 0.7059
vn 0.5316 -0.6743 -0.5126
vn 0.9774 0.1570 0.1415
vn 0.9733 0.1518 0.1722
vn 0.2432 -0.7149 -0.6555
vn 0.4573 -0.6989 -0.5499
vn 0.9492 -0.2447 -0.1978
vn -0.8685 -0.4068 -0.2833
vn 0.9990 -0.0152 -0.0425
vn -0.9904 0.0697 0.1194
vn -0.3545 0.7160 0.6014
vn 0.1392 0.6895 0.7108
vn 0.5291 0.6249 0.5741
vn -0.5733 -0.6045 -0.5531
vn -0.5036 -0.6496 -0.5696
vn 0.6580 -0.5495 -0.5150
vn 0.4153 -0.7041 -0.5760
vn 0.8290 0.3734 0.4163
vn 0.5026 0.6417 0.5793
vn -0.8879 -0.3898 -0.2444
vn -0.9940 -0.1085 0.0143
vn 0.6449 -0.6079 -0.4632
vn 0.9058 -0.3167 -0.2815
vn 0.9786 0.1262 0.1625
vn 0.9994 -0.0104 0.0345
vn -0.8971 0.3389 0.2833
vn -0.2703 -0.7250 -0.6334
vn -0.8204 -0.4871 -0.2996
vn -0.6521 -0.5534 -0.5182
vn 0.0324 -0.7499 -0.6608
vn 0.3370 -0.7366 -0.5864
vn 0.5434 -0.6925 -0.4745
vn -0.9882 0.1141 0.1018
vn -0.9721 0.1868 0.1420
vn 0.6220 0.5792 0.5269
vn 0.8129 0.5018 0.2955
vn 0.0149 0.7291 0.6842
vn 0.3607 0.5759 0.7337
vn 0.8610 -0.3714 -0.3474
vn 0.9989 -0.0345 -0.0305
vn 0.7495 0.4677 0.4685
vn 0.9186 0.2841 0.2749
vn -0.2085 0.7228 0.6589
vn -0.4787 -0.6433 -0.5976
vn 0.1775 -0.7306 -0.6594
vn 0.5430 -0.6360 -0.5483
vn 0.8673 -0.3782 -0.3235
vn 0.9246 -0.3300 -0.1903
vn -0.9968 0.0449 0.0658
vn 0.9994 -0.0235 0.0246
vn 0.9545 0.1869 0.2323
vn 0.3595 0.6876 0.6308
vn 0.0692 -0.7876 -0.6123
vn -0.0835 -0.7913 -0.6057
vn 0.9983 -0.0536 0.0232
vn 0.9994 -0.0160 0.0291
vn 0.7744 0.5017 0.3855
vn 0.9079 0.2674 0.3227
vn 0.3338 -0.7262 -0.6010
vn 0.9108 -0.3785 -0.1650
vn 0.9798 0.1059 0.1699
vn 0.4668 0.6673 0.5804
vn 0.1096 0.7604 0.6401
vn -0.5937 -0.6474 -0.4778
vn 0.7123 -0.5484 -0.4381
vn -0.8422 -0.4723 -0.2599
vn -0.9946 -0.0954 -0.0398
vn 0.8392 0.3758 0.3931
vn 0.3083 0.7020 0.6420
vn -0.7512 0.5007 0.4301
vn -0.0964 0.7313 0.6752
vn 0.7014 -0.5704 -0.4274
vn -0.9317 0.2919 0.2163
vn -0.8047 0.4731 0.3586
vn -0.4327 0.6959 0.5731
vn 0.4720 0.6222 0.6246
vn 0.1198 -0.7620 -0.6364
vn -0.9603 -0.2292 -0.1588
vn -0.9998 0.0216 0.0034
vn 0.9719 -0.2347 -0.0193
vn -0.3303 0.6808 0.6538
vn -0.3987 -0.7699 -0.4983
vn 0.5639 -0.6722 -0.4798
vn -0.0052 -0.7858 -0.6185
vn 0.4806 -0.7244 -0.4942
vn 0.8382 -0.4761 -0.2660
vn 0.9899 -0.1388 0.0293
vn 0.8880 0.2749 0.3687
vn 0.5930 0.4393 0.6748
vn -0.9954 0.0908 0.0320
vn 0.9869 0.0744 0.1431
vn 0.3532 0.6871 0.6350
vn 0.4040 0.6695 0.6234
vn 0.7982 0.3939 0.4559
vn 0.8185 -0.4627 -0.3406
vn 0.9667 -0.2428 -0.0807
vn 0.9790 0.0415 0.1996
vn -0.9790 0.1798 0.0963
vn -0.3632 0.7137 0.5989
vn -0.4784 -0.7072 -0.5205
vn 0.0532 -0.8260 -0.5611
vn 0.5657 -0.6902 -0.4513
vn 0.3289 -0.7776 -0.5359
vn -0.8078 -0.4801 -0.3419
vn 0.8446 -0.4606 -0.2728
vn 0.9265 -0.3563 -0.1210
vn -0.8576 0.4091 0.3117
vn -0.6083 0.6155 0.5011
vn 0.7657 0.4760 0.4326
vn -0.4931 0.6875 0.5331
vn -0.4519 -0.7498 -0.4833
vn 0.0355 -0.8139 -0.5799
vn -0.9724 -0.2024 -0.1161
vn -0.9995 0.0246 -0.0179
vn 0.8144 0.4151 0.4055
vn -0.0941 0.8124 0.5754
vn -0.6294 -0.6786 -0.3785
vn 0.0679 -0.8387 -0.5403
vn 0.7618 -0.5713 -0.3054
vn 0.5026 -0.7281 -0.4662
vn -0.9983 -0.0518 -0.0266
vn 0.9915 0.0284 0.1270
vn 0.9637 0.1302 0.2330
vn -0.7481 0.5093 0.4254
vn -0.6045 -0.6794 -0.4161
vn -0.9232 -0.3219 -0.2098
vn 0.9670 -0.2402 -0.0846
vn 0.9960 -0.0885 0.0113
vn 0.7969 0.4188 0.4353
vn 0.0298 0.7168 0.6967
vn -0.0159 -0.8326 -0.5537
vn -0.9128 0.3290 0.2419
vn -0.0215 0.7262 0.6872
vn -0.2345 0.7362 0.6349
vn 0.3985 0.6451 0.6519
vn -0.6629 -0.6311 -0.4028
vn 0.3464 -0.7720 -0.5328
vn 0.8763 -0.4143 -0.2457
vn 0.8329 -0.4753 -0.2834
vn -0.0769 0.7537 0.6527
vn -0.4230 0.6901 0.5872
vn -0.4451 -0.7597 -0.4741
vn -0.9804 -0.1696 -0.1006
vn 0.8297 0.3456 0.4384
vn 0.6060 0.5751 0.5495
vn 0.1173 0.6671 0.7356
vn 0.4947 0.4704 0.7307
vn -0.3787 0.6912 0.6156
vn -0.2524 0.7483 0.6135
vn -0.0668 0.7331 0.6768
vn -0.2258 0.6779 0.6996
vn 0.2595 -0.8064 -0.5314
vn 0.9706 -0.2313 -0.0667
vn -0.9904 0.1210 0.0675
vn 0.9527 0.1651 0.2553
vn -0.6884 0.5332 0.4917
vn 0.4182 -0.7865 -0.4544
vn -0.0384 -0.8325 -0.5527
vn 0.9254 -0.3704 -0.0798
vn 0.9936 -0.1126 0.0119
vn -0.0429 0.6780 0.7338
vn 0.1170 0.7114 0.6930
vn 0.3413 -0.8354 -0.4309
vn -0.3954 -0.8450 -0.3600
vn -0.8614 -0.4654 -0.2037
vn -0.5968 0.5760 0.5586
vn -0.8659 0.3746 0.3314
vn 0.8014 -0.5696 -0.1826
vn -0.9577 0.2312 0.1715
vn 0.6377 0.5029 0.5835
vn -0.8110 -0.5839 -0.0357
vn -0.5956 -0.7897 -0.1473
vn -0.9650 -0.2569 0.0521
vn 0.9920 -0.0679 0.1065
vn 0.7843 0.4101 0.4656
vn 0.0373 0.7178 0.6952
vn 0.6901 0.4680 0.5520
vn 0.8002 0.3462 0.4897
vn -0.1104 0.7227 0.6823
vn 0.4466 -0.8597 -0.2478
vn -0.0986 -0.9924 -0.0733
vn 0.0340 0.6828 0.7298
vn 0.7552 -0.6552 0.0180
vn 0.9538 -0.2941 0.0617
vn -0.9945 0.0629 0.0841
vn 0.9845 0.0311 0.1728
vn -0.9054 0.2725 0.3255
vn 0.9303 0.1421 0.3381
vn 0.3870 -0.9219 0.0212
vn -0.9695 -0.1599 0.1855
vn 0.8498 0.2572 0.4601
vn 0.4692 0.5549 0.6869
vn -0.1561 0.6447 0.7483
vn -0.4085 0.6122 0.6770
vn -0.6942 -0.7072 0.1335
vn 0.9179 -0.3465 0.1933
vn -0.9604 0.1836 0.2097
vn 0.9486 -0.1987 0.2462
vn -0.6858 0.4403 0.5795
vn 0.2957 0.5885 0.7525
vn -0.0329 -0.9808 0.1924
vn 0.6358 -0.7263 0.2614
vn 0.9421 0.0692 0.3280
vn 0.3643 0.6353 0.6809
vn 0.5736 0.4347 0.6943
vn 0.7123 -0.5060 0.4864
vn 0.9398 -0.0704 0.3344
vn -0.0420 0.6537 0.7556
vn 0.1025 -0.8689 0.4843
vn -0.6503 -0.6774 0.3438
vn -0.9518 0.1064 0.2876
vn 0.7243 0.2506 0.6424
vn 0.7898 0.0940 0.6062
vn -0.8167 0.3453 0.4623
vn -0.6166 0.4904 0.6159
vn 0.7353 0.3862 0.5569
vn -0.0867 -0.7256 0.6827
vn -0.6479 -0.4133 0.6399
vn 0.7043 -0.2511 0.6640
vn 0.5741 -0.0050 0.8188
vn -0.7463 0.2923 0.5981
vn -0.7546 0.4219 0.5026
vn 0.6626 0.2739 0.6971
vn 0.1237 0.5383 0.8336
vn 0.0228 0.6168 0.7868
vn 0.2293 -0.5382 0.8110
vn -0.8238 -0.0820 0.5609
vn 0.7171 0.3347 0.6113
vn -0.0579 -0.3207 0.9454
vn -0.6214 0.0180 0.7833
vn 0.0842 0.2957 0.9516
vn -0.1550 0.4374 0.8858
vn 0.0267 -0.0817 0.9963
vn -0.5454 0.2555 0.7983
vn -0.3091 0.1657 0.9365
vn 0.9508 -0.2589 -0.1701
vn 0.1268 0.7633 -0.6335
vt 0.149634 0.007161
vt 0.150162 0.006597
vt 0.150472 0.006616
vt 0.149520 0.007014
vt 0.150798 0.005904
vt 0.148790 0.008544
vt 0.149645 0.007600
vt 0.149259 0.008395
vt 0.148926 0.007654
vt 0.846400 0.011746
vt 0.847647 0.011920
vt 0.847862 0.012309
vt 0.847396 0.011687
vt 0.844929 0.012258
vt 0.845639 0.011701
vt 0.846056 0.012792
vt 0.150130 0.006107
vt 0.150536 0.007221
vt 0.844556 0.012739
vt 0.150890 0.006756
vt 0.150482 0.005567
vt 0.151499 0.006722
vt 0.151369 0.005911
vt 0.151443 0.006161
vt 0.151924 0.006265
vt 0.151926 0.005753
vt 0.846675 0.012199
vt 0.848121 0.012178
vt 0.148892 0.008963
vt 0.148758 0.008911
vt 0.848893 0.013564
vt 0.150289 0.008028
vt 0.151278 0.007807
vt 0.846421 0.016183
vt 0.844000 0.013320
vt 0.152328 0.006039
vt 0.847928 0.011765
vt 0.848788 0.012777
vt 0.848606 0.011956
vt 0.149697 0.009102
vt 0.148731 0.009941
vt 0.151328 0.009192
vt 0.152801 0.008732
vt 0.152756 0.007166
vt 0.150767 0.005091
vt 0.151995 0.005418
vt 0.842833 0.013082
vt 0.843031 0.013247
vt 0.842813 0.013588
vt 0.842481 0.013255
vt 0.152468 0.006118
vt 0.842612 0.013680
vt 0.842266 0.013544
vt 0.890274 0.492898
vt 0.890635 0.491853
vt 0.890883 0.492780
vt 0.889842 0.493101
vt 0.891297 0.491797
vt 0.891482 0.493067
vt 0.891054 0.491630
vt 0.889750 0.492403
vt 0.891167 0.490714
vt 0.890739 0.490580
vt 0.891608 0.490637
vt 0.892642 0.490043
vt 0.892746 0.492244
vt 0.848862 0.012560
vt 0.849276 0.013104
vt 0.849285 0.012257
vt 0.149094 0.010638
vt 0.843030 0.014127
vt 0.845365 0.016850
vt 0.842630 0.014096
vt 0.841701 0.013966
vt 0.841715 0.013344
vt 0.841978 0.014317
vt 0.890132 0.494179
vt 0.889544 0.494379
vt 0.890682 0.494025
vt 0.890558 0.494696
vt 0.891766 0.493964
vt 0.890561 0.489791
vt 0.892324 0.489501
vt 0.892019 0.488971
vt 0.892829 0.489201
vt 0.850019 0.012905
vt 0.850746 0.013509
vt 0.849824 0.012665
vt 0.850641 0.012814
vt 0.850156 0.012549
vt 0.849898 0.012533
vt 0.849777 0.012163
vt 0.849408 0.011744
vt 0.844554 0.016887
vt 0.842911 0.015395
vt 0.153576 0.008243
vt 0.842440 0.014173
vt 0.889711 0.494976
vt 0.889030 0.493474
vt 0.890234 0.495014
vt 0.890558 0.495234
vt 0.891134 0.495257
vt 0.889251 0.491032
vt 0.890158 0.489246
vt 0.891119 0.488778
vt 0.894547 0.490097
vt 0.894194 0.492382
vt 0.892014 0.488206
vt 0.893673 0.487336
vt 0.895265 0.486185
vt 0.893040 0.488450
vt 0.892444 0.488047
vt 0.850731 0.013049
vt 0.842842 0.015101
vt 0.890226 0.495722
vt 0.890258 0.496176
vt 0.889243 0.494605
vt 0.888393 0.493174
vt 0.890837 0.496072
vt 0.891976 0.495996
vt 0.892907 0.494315
vt 0.888789 0.488581
vt 0.891099 0.487780
vt 0.891909 0.487917
vt 0.893113 0.487696
vt 0.893398 0.487702
vt 0.893014 0.487212
vt 0.894321 0.486656
vt 0.851363 0.013673
vt 0.851204 0.013216
vt 0.850637 0.012306
vt 0.851788 0.014515
vt 0.850362 0.012074
vt 0.850788 0.011335
vt 0.842532 0.015128
vt 0.841611 0.015395
vt 0.842111 0.015192
vt 0.889521 0.495428
vt 0.889231 0.495207
vt 0.894426 0.497299
vt 0.889100 0.495234
vt 0.887401 0.492470
vt 0.896051 0.487067
vt 0.892072 0.487039
vt 0.892299 0.486486
vt 0.893592 0.486269
vt 0.893794 0.486784
vt 0.893967 0.486303
vt 0.851950 0.014299
vt 0.851721 0.013163
vt 0.149891 0.012206
vt 0.841945 0.016499
vt 0.841158 0.016411
vt 0.842207 0.016180
vt 0.889857 0.496139
vt 0.891359 0.496873
vt 0.901782 0.493102
vt 0.896821 0.496809
vt 0.375174 0.823892
vt 0.375634 0.824762
vt 0.375297 0.824594
vt 0.375095 0.824337
vt 0.375442 0.823851
vt 0.852171 0.013572
vt 0.852193 0.013055
vt 0.849253 0.015888
vt 0.841876 0.017077
vt 0.841478 0.017722
vt 0.842876 0.016181
vt 0.890117 0.496501
vt 0.890922 0.497036
vt 0.889112 0.495524
vt 0.893124 0.497563
vt 0.375661 0.823583
vt 0.375849 0.824697
vt 0.376075 0.824877
vt 0.374859 0.824976
vt 0.375439 0.825012
vt 0.012528 0.744116
vt 0.012189 0.744869
vt 0.012107 0.744530
vt 0.012689 0.744500
vt 0.852329 0.014065
vt 0.011306 0.746265
vt 0.010506 0.747058
vt 0.015521 0.742827
vt 0.014554 0.745570
vt 0.013729 0.744157
vt 0.845027 0.019539
vt 0.842519 0.017295
vt 0.377778 0.823752
vt 0.376796 0.824281
vt 0.376424 0.823113
vt 0.376537 0.825503
vt 0.377366 0.825405
vt 0.375618 0.825457
vt 0.375882 0.825322
vt 0.375600 0.825051
vt 0.013145 0.744110
vt 0.012706 0.745039
vt 0.012357 0.745169
vt 0.013331 0.744516
vt 0.853081 0.016434
vt 0.013286 0.744112
vt 0.013133 0.745450
vt 0.153644 0.011446
vt 0.842442 0.016990
vt 0.843382 0.016887
vt 0.842780 0.016679
vt 0.540459 0.665539
vt 0.539418 0.664669
vt 0.540488 0.664727
vt 0.539490 0.665149
vt 0.539530 0.664035
vt 0.540465 0.663227
vt 0.891109 0.497712
vt 0.892337 0.498094
vt 0.539050 0.665986
vt 0.537175 0.665003
vt 0.538779 0.665265
vt 0.376038 0.825209
vt 0.375582 0.826489
vt 0.376027 0.825722
vt 0.376097 0.826229
vt 0.376216 0.826019
vt 0.011551 0.746623
vt 0.012242 0.745707
vt 0.012716 0.745664
vt 0.852842 0.015309
vt 0.013104 0.745043
vt 0.843352 0.017430
vt 0.843246 0.017743
vt 0.538055 0.662864
vt 0.377239 0.826372
vt 0.375928 0.830305
vt 0.374106 0.825543
vt 0.376341 0.825919
vt 0.376688 0.827841
vt 0.376364 0.828198
vt 0.376505 0.826233
vt 0.011953 0.746373
vt 0.012472 0.746229
vt 0.852909 0.017522
vt 0.850529 0.017602
vt 0.843758 0.018170
vt 0.842453 0.017787
vt 0.842332 0.018467
vt 0.842730 0.018210
vt 0.842904 0.017880
vt 0.894471 0.498253
vt 0.377042 0.826784
vt 0.376827 0.826903
vt 0.011210 0.747328
vt 0.843156 0.018062
vt 0.538840 0.664141
vt 0.537798 0.663555
vt 0.537693 0.666200
vt 0.533062 0.664135
vt 0.371983 0.831868
vt 0.371676 0.827783
vt 0.378133 0.826374
vt 0.377244 0.828043
vt 0.010620 0.748265
vt 0.011546 0.747083
vt 0.012176 0.746768
vt 0.012804 0.746887
vt 0.848960 0.019883
vt 0.018761 0.744071
vt 0.410691 0.702483
vt 0.408560 0.702277
vt 0.410769 0.701618
vt 0.844256 0.019202
vt 0.843863 0.018427
vt 0.538006 0.664730
vt 0.534772 0.666008
vt 0.373555 0.833951
vt 0.377821 0.826880
vt 0.377568 0.827013
vt 0.376791 0.829689
vt 0.376822 0.828547
vt 0.010914 0.747848
vt 0.010858 0.748465
vt 0.011209 0.748118
vt 0.011988 0.747249
vt 0.408972 0.705178
vt 0.408266 0.704213
vt 0.409268 0.704737
vt 0.843013 0.019012
vt 0.843279 0.018673
vt 0.538074 0.664519
vt 0.538226 0.663926
vt 0.379262 0.821916
vt 0.379609 0.828867
vt 0.378132 0.827904
vt 0.377085 0.828509
vt 0.377102 0.828843
vt 0.377256 0.828789
vt 0.010223 0.749312
vt 0.009726 0.749250
vt 0.009687 0.747659
vt 0.011607 0.748320
vt 0.401002 0.712223
vt 0.400559 0.710259
vt 0.404864 0.711127
vt 0.016083 0.747461
vt 0.410666 0.702978
vt 0.408891 0.702984
vt 0.410156 0.703427
vt 0.843972 0.018858
vt 0.843750 0.018878
vt 0.537280 0.664399
vt 0.535890 0.664394
vt 0.535706 0.663126
vt 0.377278 0.828499
vt 0.377995 0.829243
vt 0.377047 0.830787
vt 0.377473 0.828755
vt 0.377007 0.829500
vt 0.010620 0.748946
vt 0.010833 0.749409
vt 0.019546 0.747102
vt 0.844093 0.019436
vt 0.410563 0.704070
vt 0.410023 0.704406
vt 0.409519 0.704040
vt 0.843139 0.019177
vt 0.536436 0.663595
vt 0.536537 0.663980
vt 0.880557 0.489639
vt 0.378494 0.828897
vt 0.377422 0.829553
vt 0.010475 0.749613
vt 0.011412 0.749186
vt 0.848236 0.021317
vt 0.405105 0.704806
vt 0.843010 0.019591
vt 0.842953 0.019420
vt 0.381647 0.822963
vt 0.381129 0.828176
vt 0.377198 0.830513
vt 0.010243 0.749954
vt 0.010397 0.750033
vt 0.010102 0.749925
vt 0.011200 0.749897
vt 0.010585 0.750461
vt 0.407877 0.705656
vt 0.408443 0.703904
vt 0.409838 0.704538
vt 0.408735 0.703715
vt 0.409040 0.703556
vt 0.409444 0.703467
vt 0.842674 0.019908
vt 0.534375 0.663843
vt 0.376822 0.832729
vt 0.379122 0.829905
vt 0.379129 0.831221
vt 0.378216 0.831025
vt 0.377551 0.830913
vt 0.010048 0.750840
vt 0.010291 0.751079
vt 0.011332 0.751969
vt 0.535548 0.664016
vt 0.534810 0.663316
vt 0.530742 0.660141
vt 0.377495 0.831649
vt 0.377737 0.831253
vt 0.008951 0.752047
vt 0.010928 0.750827
vt 0.011371 0.750847
vt 0.014404 0.751534
vt 0.403980 0.705274
vt 0.405862 0.704276
vt 0.407579 0.703795
vt 0.408054 0.702847
vt 0.407991 0.702653
vt 0.407938 0.703559
vt 0.408117 0.703294
vt 0.408240 0.703034
vt 0.534076 0.662965
vt 0.533385 0.662564
vt 0.378425 0.831846
vt 0.377934 0.831746
vt 0.377994 0.832252
vt 0.377904 0.832561
vt 0.377602 0.833303
vt 0.009728 0.751831
vt 0.010660 0.751285
vt 0.406971 0.702734
vt 0.407208 0.702876
vt 0.407728 0.703119
vt 0.408212 0.703183
vt 0.534199 0.663512
vt 0.528509 0.663318
vt 0.380071 0.831161
vt 0.379074 0.832139
vt 0.378218 0.832102
vt 0.378277 0.832767
vt 0.377959 0.833078
vt 0.009893 0.752311
vt 0.009702 0.752817
vt 0.398228 0.714853
vt 0.397414 0.714922
vt 0.396698 0.714362
vt 0.397917 0.714185
vt 0.010380 0.751658
vt 0.400527 0.713410
vt 0.399182 0.713828
vt 0.397426 0.712461
vt 0.010993 0.751298
vt 0.406951 0.703017
vt 0.530952 0.657225
vt 0.906248 0.495660
vt 0.527789 0.664221
vt 0.375632 0.835523
vt 0.378598 0.832840
vt 0.010150 0.752915
vt 0.009860 0.752734
vt 0.010638 0.751921
vt 0.011783 0.753453
vt 0.020138 0.748493
vt 0.019700 0.749791
vt 0.531110 0.660985
vt 0.533227 0.663379
vt 0.529973 0.666660
vt 0.525794 0.666357
vt 0.380032 0.832675
vt 0.379152 0.833120
vt 0.378339 0.833427
vt 0.397233 0.714988
vt 0.010531 0.752400
vt 0.404775 0.703850
vt 0.405964 0.703462
vt 0.406540 0.702926
vt 0.405284 0.702828
vt 0.020294 0.749703
vt 0.532259 0.662212
vt 0.531072 0.661561
vt 0.532809 0.662953
vt 0.530241 0.662388
vt 0.380961 0.834944
vt 0.379532 0.832938
vt 0.378668 0.833366
vt 0.378097 0.833823
vt 0.378373 0.833904
vt 0.377863 0.834437
vt 0.378448 0.834257
vt 0.396482 0.714984
vt 0.396157 0.714607
vt 0.009846 0.753135
vt 0.010508 0.752923
vt 0.016957 0.752843
vt 0.531885 0.662534
vt 0.379253 0.833533
vt 0.378793 0.834314
vt 0.395622 0.714127
vt 0.009592 0.753902
vt 0.010146 0.753714
vt 0.009854 0.753977
vt 0.010143 0.753346
vt 0.405697 0.709866
vt 0.396422 0.704653
vt 0.405967 0.703164
vt 0.531304 0.662201
vt 0.377570 0.838263
vt 0.378719 0.834638
vt 0.378538 0.834690
vt 0.378170 0.835269
vt 0.378643 0.834935
vt 0.395756 0.714836
vt 0.395677 0.714462
vt 0.395816 0.715227
vt 0.396117 0.715477
vt 0.010117 0.754221
vt 0.405072 0.703333
vt 0.404801 0.703179
vt 0.020142 0.750601
vt 0.379743 0.834271
vt 0.379093 0.834551
vt 0.378848 0.834886
vt 0.378840 0.835613
vt 0.395046 0.714316
vt 0.395769 0.719501
vt 0.394263 0.716065
vt 0.395848 0.715759
vt 0.393776 0.720732
vt 0.394296 0.705646
vt 0.017844 0.754249
vt 0.401423 0.703909
vt 0.019846 0.751055
vt 0.529512 0.661878
vt 0.381801 0.836639
vt 0.521802 0.661662
vt 0.380268 0.834573
vt 0.379464 0.835570
vt 0.378050 0.836534
vt 0.379070 0.836080
vt 0.378561 0.836086
vt 0.394612 0.714174
vt 0.394509 0.714495
vt 0.395246 0.714691
vt 0.395025 0.714523
vt 0.395426 0.715027
vt 0.010491 0.754441
vt 0.400567 0.704370
vt 0.019797 0.752007
vt 0.019703 0.754675
vt 0.403769 0.704183
vt 0.404140 0.703835
vt 0.404532 0.703545
vt 0.020177 0.751029
vt 0.528455 0.661529
vt 0.528301 0.661782
vt 0.527633 0.661159
vt 0.526259 0.660588
vt 0.527680 0.661917
vt 0.394202 0.714023
vt 0.393817 0.714272
vt 0.394809 0.714950
vt 0.392603 0.713155
vt 0.395074 0.715180
vt 0.390191 0.711002
vt 0.391424 0.709981
vt 0.019485 0.753269
vt 0.020328 0.751419
vt 0.020136 0.751333
vt 0.020295 0.751973
vt 0.020175 0.751650
vt 0.020017 0.751552
vt 0.526927 0.659523
vt 0.375505 0.839043
vt 0.378923 0.837415
vt 0.378848 0.836766
vt 0.379427 0.837140
vt 0.378254 0.837478
vt 0.378640 0.836828
vt 0.378316 0.836860
vt 0.393583 0.713999
vt 0.392995 0.713866
vt 0.393765 0.714631
vt 0.394272 0.714788
vt 0.394219 0.715153
vt 0.020338 0.752416
vt 0.524970 0.660006
vt 0.523463 0.652138
vt 0.517833 0.666076
vt 0.516803 0.663377
vt 0.522802 0.666123
vt 0.380623 0.837784
vt 0.378529 0.837147
vt 0.019231 0.753857
vt 0.020125 0.751926
vt 0.020025 0.751823
vt 0.379390 0.839313
vt 0.378882 0.839403
vt 0.393247 0.714133
vt 0.393245 0.714472
vt 0.393767 0.714985
vt 0.019832 0.752526
vt 0.019821 0.753467
vt 0.527660 0.661473
vt 0.381142 0.839289
vt 0.379674 0.837986
vt 0.379802 0.839708
vt 0.392134 0.713449
vt 0.392808 0.714279
vt 0.392485 0.714044
vt 0.393214 0.714817
vt 0.392531 0.714776
vt 0.019680 0.754393
vt 0.527315 0.661597
vt 0.522220 0.661236
vt 0.519874 0.654448
vt 0.380240 0.839708
vt 0.379248 0.839665
vt 0.390447 0.712696
vt 0.392039 0.713671
vt 0.392353 0.714466
vt 0.391840 0.716048
vt 0.395851 0.723340
vt 0.393874 0.723052
vt 0.020371 0.753753
vt 0.020391 0.754577
vt 0.020071 0.754513
vt 0.020026 0.754670
vt 0.019457 0.753773
vt 0.527382 0.661300
vt 0.527073 0.661102
vt 0.526799 0.661203
vt 0.525501 0.661340
vt 0.524626 0.661435
vt 0.377882 0.841991
vt 0.379289 0.840120
vt 0.379015 0.840296
vt 0.378652 0.840308
vt 0.390704 0.713426
vt 0.391432 0.713706
vt 0.391637 0.714019
vt 0.391873 0.714288
vt 0.399205 0.703342
vt 0.526530 0.660991
vt 0.391090 0.713837
vt 0.390176 0.711987
vt 0.391024 0.714752
vt 0.390122 0.705377
vt 0.400415 0.703628
vt 0.399440 0.702984
vt 0.394364 0.724913
vt 0.394214 0.725240
vt 0.393580 0.724324
vt 0.525996 0.661129
vt 0.525592 0.660931
vt 0.525479 0.661168
vt 0.376999 0.842961
vt 0.378876 0.842039
vt 0.379398 0.840564
vt 0.379767 0.840708
vt 0.391137 0.714446
vt 0.390268 0.707410
vt 0.392800 0.723834
vt 0.391960 0.723133
vt 0.020635 0.755132
vt 0.393629 0.724890
vt 0.394300 0.725548
vt 0.379459 0.840002
vt 0.380140 0.840527
vt 0.379749 0.841256
vt 0.389753 0.712930
vt 0.389931 0.713141
vt 0.389240 0.711754
vt 0.390184 0.713644
vt 0.390571 0.714158
vt 0.387499 0.715341
vt 0.390397 0.714564
vt 0.398232 0.703206
vt 0.524935 0.661101
vt 0.524347 0.660456
vt 0.523129 0.659910
vt 0.524912 0.660910
vt 0.517536 0.661494
vt 0.380723 0.841766
vt 0.389333 0.712245
vt 0.389302 0.713132
vt 0.389595 0.713909
vt 0.394295 0.703563
vt 0.392996 0.724430
vt 0.391444 0.723671
vt 0.392408 0.724068
vt 0.524716 0.660992
vt 0.524462 0.660833
vt 0.524357 0.660993
vt 0.523585 0.660960
vt 0.522041 0.658926
vt 0.521701 0.657870
vt 0.380086 0.841685
vt 0.379027 0.845263
vt 0.379229 0.842899
vt 0.379959 0.842739
vt 0.379443 0.842276
vt 0.388929 0.712296
vt 0.389468 0.712743
vt 0.389333 0.712580
vt 0.388390 0.713463
vt 0.387574 0.710895
vt 0.387193 0.714862
vt 0.386788 0.707942
vt 0.389306 0.718953
vt 0.396238 0.703460
vt 0.397150 0.703219
vt 0.391116 0.721969
vt 0.391998 0.723423
vt 0.391264 0.722811
vt 0.523895 0.660584
vt 0.524150 0.660853
vt 0.523034 0.660497
vt 0.523803 0.660822
vt 0.522216 0.660508
vt 0.380437 0.842499
vt 0.379541 0.843039
vt 0.388741 0.712550
vt 0.390443 0.704144
vt 0.522249 0.660198
vt 0.520106 0.660226
vt 0.224531 0.770196
vt 0.227247 0.773310
vt 0.225809 0.771981
vt 0.388376 0.712254
vt 0.388173 0.711708
vt 0.387729 0.712031
vt 0.388031 0.712600
vt 0.387313 0.711396
vt 0.387165 0.712390
vt 0.386747 0.712966
vt 0.391475 0.723397
vt 0.520691 0.659935
vt 0.520174 0.659235
vt 0.516689 0.660065
vt 0.380015 0.843599
vt 0.380508 0.843713
vt 0.389016 0.722407
vt 0.390718 0.722952
vt 0.521463 0.660166
vt 0.519500 0.656769
vt 0.224237 0.768728
vt 0.227892 0.770658
vt 0.227850 0.772268
vt 0.380585 0.843122
vt 0.379546 0.843607
vt 0.379475 0.844959
vt 0.380168 0.844003
vt 0.387359 0.711634
vt 0.385857 0.709830
vt 0.387405 0.719238
vt 0.518096 0.659790
vt 0.226333 0.772800
vt 0.380773 0.843867
vt 0.380339 0.844856
vt 0.379951 0.844931
vt 0.386793 0.711623
vt 0.386465 0.711244
vt 0.386630 0.710891
vt 0.386691 0.712244
vt 0.386067 0.713152
vt 0.388145 0.706075
vt 0.389413 0.721484
vt 0.389927 0.723262
vt 0.390178 0.721960
vt 0.390052 0.722156
vt 0.518321 0.658068
vt 0.515090 0.660918
vt 0.511945 0.664614
vt 0.226936 0.773471
vt 0.227429 0.773862
vt 0.226539 0.773452
vt 0.227229 0.773940
vt 0.380777 0.844492
vt 0.226391 0.773628
vt 0.227001 0.774410
vt 0.386057 0.711357
vt 0.385698 0.711657
vt 0.386321 0.712060
vt 0.385960 0.710639
vt 0.386449 0.715277
vt 0.387137 0.715384
vt 0.387049 0.715826
vt 0.389486 0.722310
vt 0.518487 0.658707
vt 0.519745 0.659662
vt 0.229940 0.775245
vt 0.511700 0.665989
vt 0.510206 0.665735
vt 0.509084 0.664093
vt 0.380427 0.845863
vt 0.380145 0.845798
vt 0.379864 0.846603
vt 0.386271 0.712406
vt 0.389010 0.721782
vt 0.514128 0.661764
vt 0.227868 0.775205
vt 0.509057 0.665111
vt 0.379347 0.845812
vt 0.384963 0.710926
vt 0.391578 0.703691
vt 0.389282 0.723462
vt 0.385449 0.721326
vt 0.384958 0.721526
vt 0.389017 0.721434
vt 0.387795 0.721222
vt 0.386123 0.719968
vt 0.387294 0.721667
vt 0.518624 0.659217
vt 0.515292 0.660141
vt 0.227615 0.768852
vt 0.231200 0.772709
vt 0.230178 0.769961
vt 0.228843 0.775499
vt 0.228240 0.775599
vt 0.227476 0.775304
vt 0.385431 0.710539
vt 0.384873 0.710432
vt 0.384519 0.708393
vt 0.385639 0.712154
vt 0.385797 0.712532
vt 0.387357 0.706892
vt 0.388603 0.722066
vt 0.389107 0.722153
vt 0.388706 0.721650
vt 0.517736 0.659151
vt 0.517273 0.659402
vt 0.516118 0.656288
vt 0.230387 0.774937
vt 0.508348 0.665644
vt 0.508016 0.664879
vt 0.229022 0.776306
vt 0.228477 0.776566
vt 0.227789 0.776102
vt 0.384195 0.710706
vt 0.384349 0.710965
vt 0.384922 0.711475
vt 0.384249 0.711280
vt 0.384897 0.711098
vt 0.385356 0.711935
vt 0.388431 0.721598
vt 0.515428 0.657363
vt 0.513299 0.660382
vt 0.228018 0.776802
vt 0.384041 0.711625
vt 0.384389 0.712035
vt 0.384312 0.710275
vt 0.384013 0.709967
vt 0.383611 0.709677
vt 0.384568 0.712837
vt 0.384643 0.714502
vt 0.385240 0.718567
vt 0.387701 0.721471
vt 0.388178 0.721454
vt 0.516342 0.658492
vt 0.516936 0.658901
vt 0.515784 0.659195
vt 0.516453 0.659087
vt 0.513356 0.658781
vt 0.229690 0.776396
vt 0.229459 0.776725
vt 0.229053 0.777156
vt 0.507518 0.664184
vt 0.507512 0.664644
vt 0.383205 0.710092
vt 0.384291 0.710470
vt 0.383442 0.713565
vt 0.385236 0.707734
vt 0.387223 0.704632
vt 0.384817 0.722097
vt 0.383018 0.721104
vt 0.385412 0.721008
vt 0.386954 0.721431
vt 0.385616 0.720252
vt 0.514830 0.658518
vt 0.513247 0.659440
vt 0.230981 0.774147
vt 0.508379 0.661876
vt 0.508892 0.660260
vt 0.230104 0.776001
vt 0.507720 0.663819
vt 0.508235 0.663194
vt 0.228723 0.777483
vt 0.229775 0.777047
vt 0.229291 0.777596
vt 0.383331 0.710706
vt 0.383381 0.711104
vt 0.383569 0.712019
vt 0.384781 0.707457
vt 0.385929 0.706725
vt 0.385345 0.720442
vt 0.509837 0.659541
vt 0.230772 0.776861
vt 0.508243 0.662289
vt 0.228341 0.777461
vt 0.228635 0.777933
vt 0.507137 0.663881
vt 0.228296 0.777696
vt 0.383022 0.710328
vt 0.384046 0.708639
vt 0.382925 0.709105
vt 0.383820 0.712778
vt 0.382373 0.715564
vt 0.385552 0.705119
vt 0.383048 0.720407
vt 0.384113 0.720800
vt 0.515215 0.658080
vt 0.515753 0.658229
vt 0.507529 0.663093
vt 0.231198 0.777604
vt 0.506938 0.663366
vt 0.229852 0.778131
vt 0.229279 0.777896
vt 0.228627 0.778269
vt 0.228292 0.778055
vt 0.229182 0.778266
vt 0.228396 0.778505
vt 0.229035 0.778659
vt 0.506622 0.663885
vt 0.506003 0.664091
vt 0.505870 0.663864
vt 0.177632 0.989829
vt 0.177317 0.990039
vt 0.177123 0.989823
vt 0.382842 0.709779
vt 0.382833 0.710726
vt 0.383724 0.708596
vt 0.383347 0.712448
vt 0.383668 0.707903
vt 0.383074 0.712840
vt 0.385107 0.706762
vt 0.384491 0.707064
vt 0.382788 0.716571
vt 0.385668 0.706030
vt 0.381335 0.720420
vt 0.383482 0.718301
vt 0.385020 0.720700
vt 0.514745 0.657578
vt 0.513415 0.656241
vt 0.513414 0.656808
vt 0.231882 0.771189
vt 0.510837 0.659158
vt 0.511622 0.658905
vt 0.232075 0.775649
vt 0.230827 0.778276
vt 0.229538 0.778561
vt 0.505753 0.663557
vt 0.505458 0.662885
vt 0.506935 0.662715
vt 0.176886 0.989625
vt 0.176738 0.990045
vt 0.505105 0.663114
vt 0.228661 0.779039
vt 0.228747 0.779317
vt 0.177269 0.990453
vt 0.176921 0.990553
vt 0.176271 0.990281
vt 0.175898 0.989735
vt 0.177244 0.990607
vt 0.176435 0.990803
vt 0.175868 0.990240
vt 0.382489 0.710061
vt 0.383011 0.708427
vt 0.382308 0.709139
vt 0.384119 0.707357
vt 0.382762 0.712179
vt 0.382715 0.713434
vt 0.382526 0.714712
vt 0.384232 0.720408
vt 0.384182 0.718978
vt 0.384843 0.719720
vt 0.514383 0.657802
vt 0.513175 0.658134
vt 0.232938 0.774585
vt 0.232907 0.777400
vt 0.507413 0.662038
vt 0.506595 0.662045
vt 0.231491 0.778293
vt 0.229859 0.778827
vt 0.229169 0.779478
vt 0.175369 0.990135
vt 0.504557 0.662421
vt 0.504419 0.662751
vt 0.174939 0.990086
vt 0.175228 0.990722
vt 0.229089 0.780044
vt 0.228564 0.779712
vt 0.228627 0.780068
vt 0.176709 0.991160
vt 0.175606 0.990534
vt 0.176078 0.990979
vt 0.173118 0.990436
vt 0.173485 0.991407
vt 0.172946 0.991533
vt 0.173797 0.992329
vt 0.173384 0.992297
vt 0.382375 0.710362
vt 0.172991 0.992053
vt 0.382475 0.709366
vt 0.382086 0.710536
vt 0.382374 0.710965
vt 0.383783 0.707357
vt 0.384560 0.706446
vt 0.843967 0.280554
vt 0.844782 0.280682
vt 0.843727 0.280950
vt 0.842441 0.280998
vt 0.382704 0.712534
vt 0.385092 0.705912
vt 0.839383 0.281714
vt 0.838829 0.282178
vt 0.838223 0.281933
vt 0.381718 0.720097
vt 0.383639 0.719353
vt 0.382375 0.719165
vt 0.513957 0.657771
vt 0.513346 0.657194
vt 0.512387 0.657879
vt 0.234022 0.772697
vt 0.233443 0.773644
vt 0.232515 0.775196
vt 0.507765 0.661036
vt 0.232548 0.778073
vt 0.507262 0.661248
vt 0.231690 0.777931
vt 0.505152 0.662073
vt 0.231306 0.778712
vt 0.230444 0.779111
vt 0.506503 0.660861
vt 0.504784 0.661538
vt 0.229402 0.779355
vt 0.230309 0.779406
vt 0.229693 0.779712
vt 0.503982 0.662525
vt 0.173279 0.989704
vt 0.173724 0.990348
vt 0.173824 0.989920
vt 0.173593 0.989527
vt 0.174731 0.990759
vt 0.174483 0.990164
vt 0.174188 0.990459
vt 0.228871 0.781042
vt 0.228391 0.780383
vt 0.229182 0.780656
vt 0.176568 0.992361
vt 0.176891 0.993696
vt 0.176347 0.993471
vt 0.176202 0.991456
vt 0.174349 0.990968
vt 0.174102 0.991460
vt 0.175209 0.991748
vt 0.174447 0.991323
vt 0.174803 0.992328
vt 0.382069 0.709217
vt 0.383202 0.707484
vt 0.382684 0.708134
vt 0.842419 0.281257
vt 0.841374 0.281413
vt 0.824277 0.282415
vt 0.825280 0.282799
vt 0.824134 0.282656
vt 0.382509 0.712889
vt 0.826120 0.282348
vt 0.827488 0.284224
vt 0.839458 0.282022
vt 0.839976 0.282068
vt 0.837371 0.282546
vt 0.837384 0.282320
vt 0.382459 0.719548
vt 0.381899 0.719597
vt 0.382581 0.718906
vt 0.509697 0.657954
vt 0.232059 0.778245
vt 0.231927 0.778851
vt 0.231438 0.779280
vt 0.504185 0.662072
vt 0.230136 0.779738
vt 0.230115 0.780406
vt 0.230516 0.780079
vt 0.229667 0.780344
vt 0.174170 0.989659
vt 0.231012 0.781906
vt 0.229987 0.781474
vt 0.503725 0.662294
vt 0.503837 0.662085
vt 0.173839 0.989636
vt 0.231757 0.782678
vt 0.231603 0.781923
vt 0.232665 0.782122
vt 0.231926 0.783334
vt 0.231294 0.782728
vt 0.231294 0.780280
vt 0.229236 0.782052
vt 0.175759 0.992221
vt 0.230590 0.783454
vt 0.231266 0.785088
vt 0.231657 0.785530
vt 0.846861 0.280520
vt 0.845615 0.280695
vt 0.846987 0.280301
vt 0.844828 0.281015
vt 0.175764 0.993568
vt 0.846415 0.280884
vt 0.845622 0.280616
vt 0.176702 0.994358
vt 0.176373 0.994391
vt 0.844675 0.280876
vt 0.845713 0.280554
vt 0.843647 0.281178
vt 0.843166 0.281288
vt 0.824706 0.283219
vt 0.828951 0.282877
vt 0.382557 0.717741
vt 0.382689 0.717398
vt 0.513015 0.657433
vt 0.512241 0.657107
vt 0.512552 0.657615
vt 0.512190 0.656663
vt 0.508376 0.658022
vt 0.232736 0.775792
vt 0.233051 0.776465
vt 0.506828 0.660426
vt 0.507202 0.659764
vt 0.505675 0.659759
vt 0.505259 0.660385
vt 0.504853 0.660989
vt 0.231097 0.779768
vt 0.232028 0.779466
vt 0.232178 0.780094
vt 0.232593 0.780605
vt 0.232952 0.781301
vt 0.232430 0.783003
vt 0.233141 0.782068
vt 0.233402 0.783734
vt 0.232677 0.784904
vt 0.232284 0.785897
vt 0.231580 0.786915
vt 0.843521 0.281392
vt 0.845328 0.281213
vt 0.231013 0.786202
vt 0.843919 0.281183
vt 0.845276 0.281625
vt 0.843405 0.281997
vt 0.841961 0.281920
vt 0.843260 0.281376
vt 0.842527 0.281381
vt 0.842142 0.281566
vt 0.841326 0.281669
vt 0.824975 0.283851
vt 0.826234 0.284789
vt 0.838499 0.282535
vt 0.839496 0.282387
vt 0.830665 0.283016
vt 0.829976 0.283931
vt 0.382261 0.718455
vt 0.382222 0.718828
vt 0.511227 0.656305
vt 0.510464 0.655264
vt 0.511254 0.657070
vt 0.511836 0.657626
vt 0.507510 0.658700
vt 0.233499 0.775238
vt 0.233400 0.775936
vt 0.233827 0.776750
vt 0.233776 0.777302
vt 0.233200 0.778238
vt 0.506080 0.659446
vt 0.506324 0.658837
vt 0.232578 0.778735
vt 0.234095 0.780873
vt 0.233510 0.779793
vt 0.232717 0.779447
vt 0.504511 0.661116
vt 0.233693 0.784203
vt 0.232693 0.786632
vt 0.232267 0.787389
vt 0.231728 0.788095
vt 0.231220 0.787691
vt 0.841592 0.281836
vt 0.841024 0.281992
vt 0.840282 0.282185
vt 0.827515 0.284828
vt 0.828208 0.285096
vt 0.829274 0.284460
vt 0.839245 0.282691
vt 0.838291 0.282755
vt 0.836892 0.282852
vt 0.832332 0.282411
vt 0.832579 0.282941
vt 0.831347 0.283894
vt 0.833079 0.283279
vt 0.837188 0.282069
vt 0.833698 0.282270
vt 0.510463 0.655836
vt 0.510579 0.657149
vt 0.234536 0.774624
vt 0.233944 0.776133
vt 0.234754 0.775155
vt 0.234356 0.774979
vt 0.234506 0.776636
vt 0.055966 0.926315
vt 0.055741 0.926567
vt 0.055651 0.925977
vt 0.232874 0.779045
vt 0.233295 0.778970
vt 0.234142 0.781857
vt 0.234876 0.780714
vt 0.234868 0.782146
vt 0.504864 0.660503
vt 0.504386 0.660793
vt 0.235364 0.782570
vt 0.234948 0.783363
vt 0.231747 0.789144
vt 0.231423 0.788408
vt 0.842916 0.282552
vt 0.840469 0.282407
vt 0.840284 0.282764
vt 0.839922 0.282435
vt 0.827354 0.285452
vt 0.830989 0.284629
vt 0.837067 0.283091
vt 0.835989 0.282949
vt 0.836333 0.282299
vt 0.835798 0.282607
vt 0.836234 0.281926
vt 0.835457 0.282116
vt 0.834344 0.282600
vt 0.835040 0.282887
vt 0.834370 0.281933
vt 0.834230 0.283458
vt 0.510741 0.656546
vt 0.509491 0.656635
vt 0.508057 0.657364
vt 0.507024 0.658229
vt 0.233808 0.778089
vt 0.233924 0.778561
vt 0.235812 0.781018
vt 0.234823 0.779661
vt 0.234828 0.780490
vt 0.234686 0.778578
vt 0.055667 0.926884
vt 0.054907 0.927324
vt 0.055244 0.926407
vt 0.505454 0.659889
vt 0.054661 0.926818
vt 0.236288 0.781454
vt 0.234565 0.784092
vt 0.233771 0.785425
vt 0.233404 0.785988
vt 0.232855 0.787513
vt 0.232338 0.788914
vt 0.232975 0.788059
vt 0.232397 0.789918
vt 0.231977 0.789935
vt 0.842398 0.282813
vt 0.841358 0.283374
vt 0.826645 0.286136
vt 0.838795 0.282894
vt 0.830224 0.285288
vt 0.829054 0.286666
vt 0.838156 0.283083
vt 0.830230 0.286185
vt 0.836745 0.283574
vt 0.832088 0.284284
vt 0.835714 0.283229
vt 0.833834 0.283954
vt 0.509605 0.656282
vt 0.509024 0.656190
vt 0.508216 0.656933
vt 0.236375 0.773503
vt 0.234921 0.775810
vt 0.235101 0.775278
vt 0.234559 0.777368
vt 0.506680 0.658568
vt 0.234565 0.777949
vt 0.505758 0.659033
vt 0.234731 0.784501
vt 0.234231 0.785046
vt 0.233672 0.787342
vt 0.233319 0.787355
vt 0.232731 0.788843
vt 0.828005 0.287122
vt 0.232390 0.790798
vt 0.231770 0.790587
vt 0.839323 0.283530
vt 0.840342 0.283677
vt 0.838495 0.283440
vt 0.828560 0.287664
vt 0.837738 0.283459
vt 0.832319 0.285033
vt 0.831533 0.285679
vt 0.830109 0.287539
vt 0.836135 0.283844
vt 0.837370 0.283882
vt 0.834293 0.284296
vt 0.833053 0.284618
vt 0.835169 0.283826
vt 0.507160 0.657587
vt 0.235812 0.774515
vt 0.235037 0.776699
vt 0.235699 0.776847
vt 0.506066 0.658431
vt 0.505727 0.658627
vt 0.235275 0.780043
vt 0.235914 0.779296
vt 0.235531 0.780580
vt 0.235567 0.778648
vt 0.236170 0.783042
vt 0.235635 0.783865
vt 0.235424 0.784335
vt 0.234202 0.786210
vt 0.234580 0.785233
vt 0.234924 0.785480
vt 0.234671 0.786423
vt 0.234242 0.786967
vt 0.234054 0.787757
vt 0.233382 0.788323
vt 0.233468 0.788736
vt 0.233151 0.789528
vt 0.232902 0.790323
vt 0.233422 0.790099
vt 0.828057 0.287893
vt 0.827084 0.287841
vt 0.232362 0.791123
vt 0.042383 0.829737
vt 0.042771 0.830474
vt 0.042305 0.830079
vt 0.040573 0.829693
vt 0.041136 0.831293
vt 0.040152 0.830325
vt 0.838624 0.284438
vt 0.829066 0.288068
vt 0.835426 0.284343
vt 0.834298 0.284742
vt 0.834491 0.285345
vt 0.833167 0.286651
vt 0.235924 0.772926
vt 0.508387 0.655642
vt 0.236000 0.775957
vt 0.236104 0.775200
vt 0.236039 0.774743
vt 0.506239 0.657921
vt 0.236697 0.777459
vt 0.505993 0.658065
vt 0.237359 0.780552
vt 0.236881 0.779182
vt 0.236871 0.778536
vt 0.237353 0.781202
vt 0.237238 0.782122
vt 0.235711 0.784776
vt 0.235672 0.785413
vt 0.235566 0.785949
vt 0.235218 0.786788
vt 0.234748 0.787726
vt 0.234408 0.788225
vt 0.234059 0.788641
vt 0.233615 0.789450
vt 0.233140 0.791114
vt 0.233669 0.790845
vt 0.232932 0.791493
vt 0.837301 0.284201
vt 0.824683 0.289958
vt 0.824908 0.291179
vt 0.824252 0.290863
vt 0.837076 0.284539
vt 0.835642 0.285001
vt 0.830883 0.288628
vt 0.829999 0.288658
vt 0.829269 0.288831
vt 0.828824 0.288891
vt 0.508127 0.656180
vt 0.508014 0.656612
vt 0.507348 0.655753
vt 0.237068 0.773017
vt 0.506630 0.657078
vt 0.236895 0.776768
vt 0.237141 0.776414
vt 0.237255 0.775089
vt 0.237464 0.773935
vt 0.236534 0.783512
vt 0.235956 0.784284
vt 0.236433 0.784030
vt 0.236780 0.784481
vt 0.236320 0.785177
vt 0.236419 0.785839
vt 0.235740 0.787338
vt 0.235307 0.787984
vt 0.234660 0.788619
vt 0.235065 0.788430
vt 0.234755 0.788530
vt 0.234612 0.788982
vt 0.234268 0.789324
vt 0.234023 0.789435
vt 0.234206 0.791674
vt 0.043566 0.830780
vt 0.043701 0.831758
vt 0.043002 0.830999
vt 0.039339 0.830125
vt 0.039692 0.829836
vt 0.039848 0.831111
vt 0.836673 0.285144
vt 0.833428 0.287470
vt 0.835900 0.285850
vt 0.886301 0.015054
vt 0.886097 0.015445
vt 0.885832 0.014990
vt 0.886917 0.015178
vt 0.886508 0.015729
vt 0.507332 0.656275
vt 0.507021 0.655930
vt 0.236432 0.774252
vt 0.237192 0.773521
vt 0.506459 0.656327
vt 0.237077 0.773962
vt 0.506036 0.656458
vt 0.239994 0.781987
vt 0.238498 0.782442
vt 0.237389 0.782571
vt 0.236893 0.783318
vt 0.236966 0.783750
vt 0.237181 0.784800
vt 0.237389 0.785459
vt 0.237174 0.786929
vt 0.236693 0.788462
vt 0.235701 0.788684
vt 0.235311 0.789168
vt 0.234220 0.789863
vt 0.234800 0.789738
vt 0.234348 0.790720
vt 0.041984 0.831171
vt 0.042840 0.832522
vt 0.042162 0.832415
vt 0.041489 0.831886
vt 0.038952 0.830778
vt 0.831990 0.288917
vt 0.506490 0.655971
vt 0.238819 0.774608
vt 0.238386 0.775395
vt 0.237976 0.774243
vt 0.237942 0.773281
vt 0.237225 0.778352
vt 0.237634 0.778641
vt 0.237620 0.777736
vt 0.237698 0.776958
vt 0.237889 0.779340
vt 0.237427 0.782913
vt 0.237622 0.783360
vt 0.237210 0.784040
vt 0.237537 0.783967
vt 0.238584 0.784780
vt 0.237614 0.786520
vt 0.238024 0.786097
vt 0.235939 0.789345
vt 0.235045 0.790406
vt 0.235574 0.789851
vt 0.235174 0.790929
vt 0.235646 0.791729
vt 0.236438 0.792136
vt 0.833365 0.288249
vt 0.887740 0.014900
vt 0.887670 0.015856
vt 0.238639 0.772840
vt 0.238880 0.775262
vt 0.238486 0.773228
vt 0.238586 0.778949
vt 0.238089 0.778146
vt 0.238434 0.777453
vt 0.238652 0.773634
vt 0.505374 0.655517
vt 0.238851 0.780556
vt 0.237778 0.783610
vt 0.239016 0.783185
vt 0.238917 0.784302
vt 0.238515 0.785842
vt 0.236918 0.789372
vt 0.236420 0.789662
vt 0.236152 0.790002
vt 0.235930 0.790644
vt 0.043348 0.833441
vt 0.039412 0.831832
vt 0.038207 0.831711
vt 0.038284 0.830745
vt 0.037487 0.831109
vt 0.538828 0.014578
vt 0.539065 0.015384
vt 0.537912 0.014632
vt 0.537035 0.014915
vt 0.537262 0.014387
vt 0.888690 0.014894
vt 0.506041 0.655484
vt 0.239378 0.776877
vt 0.239442 0.775844
vt 0.239115 0.779664
vt 0.240091 0.781236
vt 0.239067 0.783790
vt 0.239415 0.785165
vt 0.238346 0.786334
vt 0.238260 0.789131
vt 0.236963 0.789955
vt 0.237903 0.789659
vt 0.236612 0.790358
vt 0.236272 0.791262
vt 0.236462 0.792545
vt 0.041354 0.832482
vt 0.039188 0.832285
vt 0.888494 0.015828
vt 0.888222 0.016302
vt 0.239173 0.778819
vt 0.239394 0.777950
vt 0.239109 0.773943
vt 0.239866 0.782877
vt 0.239231 0.786497
vt 0.237494 0.790527
vt 0.237512 0.791160
vt 0.237739 0.791782
vt 0.237497 0.791685
vt 0.042663 0.834340
vt 0.238106 0.792090
vt 0.238732 0.792332
vt 0.043150 0.834666
vt 0.041547 0.833518
vt 0.040756 0.833301
vt 0.039771 0.832838
vt 0.037751 0.832880
vt 0.535687 0.014388
vt 0.535334 0.014745
vt 0.535212 0.014594
vt 0.538318 0.016006
vt 0.535616 0.014882
vt 0.536018 0.014459
vt 0.536493 0.015277
vt 0.239802 0.775421
vt 0.239198 0.772744
vt 0.239904 0.778919
vt 0.240199 0.777329
vt 0.239503 0.774078
vt 0.239266 0.773590
vt 0.239444 0.771940
vt 0.240028 0.778132
vt 0.240059 0.772728
vt 0.239952 0.771850
vt 0.240333 0.780717
vt 0.240807 0.782492
vt 0.241108 0.781802
vt 0.239627 0.783623
vt 0.239592 0.784230
vt 0.239990 0.784857
vt 0.240255 0.785359
vt 0.239318 0.785963
vt 0.239804 0.787441
vt 0.240027 0.788447
vt 0.238746 0.789446
vt 0.237917 0.790051
vt 0.042320 0.834429
vt 0.042069 0.834103
vt 0.038306 0.834395
vt 0.037178 0.833712
vt 0.535113 0.015078
vt 0.535603 0.014639
vt 0.537603 0.016927
vt 0.240181 0.775675
vt 0.240089 0.776169
vt 0.240031 0.775037
vt 0.240172 0.774616
vt 0.240167 0.774226
vt 0.240267 0.777010
vt 0.240012 0.773872
vt 0.240475 0.778414
vt 0.240727 0.778844
vt 0.240311 0.773223
vt 0.240254 0.772117
vt 0.240490 0.771558
vt 0.240515 0.771849
vt 0.240651 0.772249
vt 0.240883 0.771706
vt 0.240585 0.783034
vt 0.240833 0.783679
vt 0.240365 0.783987
vt 0.240055 0.784277
vt 0.240560 0.784656
vt 0.240180 0.786274
vt 0.239539 0.786843
vt 0.238710 0.790164
vt 0.238646 0.790708
vt 0.238165 0.791312
vt 0.042629 0.835252
vt 0.535946 0.015672
vt 0.534831 0.015450
vt 0.579527 0.971617
vt 0.578475 0.971684
vt 0.579186 0.971219
vt 0.578809 0.971969
vt 0.579848 0.971256
vt 0.579408 0.971914
vt 0.579806 0.971938
vt 0.579628 0.972277
vt 0.579743 0.970542
vt 0.579364 0.970867
vt 0.579493 0.970288
vt 0.579839 0.970433
vt 0.240969 0.779126
vt 0.241208 0.780408
vt 0.240568 0.777860
vt 0.240747 0.773196
vt 0.240814 0.772547
vt 0.240813 0.771483
vt 0.240601 0.771259
vt 0.241113 0.782971
vt 0.241345 0.783549
vt 0.240786 0.785816
vt 0.240356 0.787054
vt 0.240461 0.787717
vt 0.239937 0.789038
vt 0.239642 0.789745
vt 0.238999 0.790393
vt 0.239609 0.790167
vt 0.238641 0.791032
vt 0.239215 0.790787
vt 0.239130 0.791161
vt 0.238785 0.791074
vt 0.240054 0.791125
vt 0.239605 0.791665
vt 0.042028 0.834971
vt 0.041131 0.834791
vt 0.534598 0.015757
vt 0.578095 0.971261
vt 0.578859 0.972316
vt 0.579086 0.970063
vt 0.579371 0.973036
vt 0.579789 0.972578
vt 0.579827 0.973227
vt 0.579804 0.970004
vt 0.241404 0.779370
vt 0.240970 0.778499
vt 0.241353 0.778279
vt 0.241197 0.777773
vt 0.580260 0.973650
vt 0.579649 0.974175
vt 0.580307 0.974175
vt 0.241187 0.772564
vt 0.241165 0.772785
vt 0.241148 0.778721
vt 0.241030 0.772056
vt 0.241943 0.781595
vt 0.241231 0.771429
vt 0.241206 0.771148
vt 0.241755 0.782486
vt 0.240826 0.784117
vt 0.241625 0.784350
vt 0.241023 0.784787
vt 0.241219 0.785251
vt 0.241040 0.786383
vt 0.240854 0.786956
vt 0.240269 0.788641
vt 0.240251 0.789279
vt 0.240460 0.789707
vt 0.240243 0.790386
vt 0.240221 0.790789
vt 0.537046 0.017824
vt 0.534308 0.016322
vt 0.535455 0.017594
vt 0.536532 0.018418
vt 0.534228 0.017133
vt 0.534189 0.015537
vt 0.533806 0.016613
vt 0.577753 0.972431
vt 0.577558 0.971826
vt 0.578556 0.972803
vt 0.576111 0.971136
vt 0.577993 0.969702
vt 0.578790 0.973128
vt 0.579057 0.969280
vt 0.241724 0.778975
vt 0.241454 0.771959
vt 0.241501 0.771569
vt 0.241487 0.771233
vt 0.241492 0.770781
vt 0.241738 0.771037
vt 0.241687 0.770708
vt 0.241768 0.783054
vt 0.241951 0.783545
vt 0.241914 0.783943
vt 0.242510 0.784938
vt 0.241741 0.785039
vt 0.241202 0.786836
vt 0.241576 0.785716
vt 0.241500 0.786281
vt 0.240626 0.788471
vt 0.241455 0.787848
vt 0.240854 0.788929
vt 0.241297 0.788580
vt 0.241381 0.789120
vt 0.240975 0.789997
vt 0.241276 0.790285
vt 0.241508 0.790587
vt 0.241504 0.790924
vt 0.043340 0.836262
vt 0.042048 0.835219
vt 0.041927 0.835896
vt 0.040942 0.836116
vt 0.038323 0.835606
vt 0.037391 0.834797
vt 0.577290 0.972815
vt 0.576539 0.972939
vt 0.576000 0.972062
vt 0.575896 0.972400
vt 0.577806 0.973189
vt 0.575939 0.970806
vt 0.578744 0.973385
vt 0.577661 0.969199
vt 0.577139 0.969542
vt 0.578309 0.968732
vt 0.242013 0.778495
vt 0.579766 0.974757
vt 0.580256 0.974717
vt 0.954324 0.252761
vt 0.953779 0.252964
vt 0.954001 0.251643
vt 0.241764 0.779446
vt 0.242544 0.779984
vt 0.242640 0.781602
vt 0.242394 0.779423
vt 0.241989 0.771188
vt 0.242011 0.770783
vt 0.241961 0.770420
vt 0.242447 0.784054
vt 0.242748 0.785096
vt 0.242132 0.785610
vt 0.241923 0.785912
vt 0.242070 0.786776
vt 0.241931 0.787849
vt 0.241732 0.788503
vt 0.241726 0.789204
vt 0.241662 0.789698
vt 0.242047 0.789144
vt 0.042581 0.835966
vt 0.534922 0.018884
vt 0.533447 0.017909
vt 0.533452 0.017045
vt 0.575674 0.970308
vt 0.955815 0.251294
vt 0.955528 0.250615
vt 0.956387 0.250746
vt 0.954905 0.251117
vt 0.579069 0.974126
vt 0.579457 0.974511
vt 0.953113 0.251862
vt 0.952955 0.252322
vt 0.242940 0.780537
vt 0.242681 0.779387
vt 0.953267 0.253317
vt 0.952974 0.252789
vt 0.952910 0.253679
vt 0.243063 0.782697
vt 0.243096 0.783648
vt 0.242455 0.783553
vt 0.263365 0.956227
vt 0.263636 0.956799
vt 0.263220 0.956921
vt 0.263664 0.956354
vt 0.263900 0.956903
vt 0.263633 0.957713
vt 0.263273 0.957725
vt 0.263084 0.957183
vt 0.242991 0.786025
vt 0.242872 0.786665
vt 0.242373 0.786920
vt 0.242337 0.787668
vt 0.242266 0.787997
vt 0.242698 0.787618
vt 0.243045 0.788576
vt 0.243588 0.788896
vt 0.043514 0.838237
vt 0.043096 0.837403
vt 0.042773 0.836790
vt 0.532714 0.017674
vt 0.533124 0.018204
vt 0.532761 0.018163
vt 0.533002 0.017413
vt 0.037327 0.835355
vt 0.037299 0.836196
vt 0.038556 0.836897
vt 0.536524 0.019598
vt 0.575897 0.972944
vt 0.574991 0.971022
vt 0.956773 0.249465
vt 0.955876 0.248346
vt 0.957281 0.246873
vt 0.957340 0.249082
vt 0.954392 0.249768
vt 0.243142 0.780042
vt 0.243050 0.782035
vt 0.952419 0.252841
vt 0.952037 0.253796
vt 0.262681 0.957694
vt 0.262972 0.958000
vt 0.243086 0.784148
vt 0.243083 0.784978
vt 0.243261 0.786438
vt 0.533230 0.018858
vt 0.532993 0.018686
vt 0.534054 0.019474
vt 0.573123 0.971499
vt 0.574535 0.972882
vt 0.573935 0.972650
vt 0.957504 0.247205
vt 0.957788 0.247717
vt 0.575321 0.970002
vt 0.576236 0.969297
vt 0.576650 0.969072
vt 0.577285 0.968324
vt 0.578651 0.967704
vt 0.577562 0.967643
vt 0.954421 0.251344
vt 0.578768 0.968191
vt 0.953511 0.250360
vt 0.953052 0.251172
vt 0.578581 0.967241
vt 0.579106 0.967268
vt 0.244030 0.780365
vt 0.578828 0.966458
vt 0.243974 0.781335
vt 0.244092 0.782768
vt 0.951441 0.252650
vt 0.262840 0.958909
vt 0.262385 0.958926
vt 0.951562 0.253794
vt 0.950887 0.253299
vt 0.950851 0.254299
vt 0.243506 0.785606
vt 0.262655 0.959537
vt 0.262370 0.959353
vt 0.262970 0.959523
vt 0.950613 0.254532
vt 0.950373 0.254379
vt 0.262209 0.959623
vt 0.263007 0.960180
vt 0.034025 0.840580
vt 0.034243 0.840475
vt 0.033783 0.840694
vt 0.033950 0.841077
vt 0.043144 0.838102
vt 0.259460 0.961664
vt 0.258641 0.961693
vt 0.259392 0.961483
vt 0.042497 0.837993
vt 0.041943 0.836776
vt 0.534609 0.020288
vt 0.533942 0.020333
vt 0.533577 0.020046
vt 0.533027 0.019558
vt 0.536145 0.020234
vt 0.037389 0.837488
vt 0.574671 0.969809
vt 0.577930 0.967067
vt 0.578417 0.966793
vt 0.578164 0.966473
vt 0.952036 0.251388
vt 0.578239 0.965954
vt 0.951818 0.251855
vt 0.041372 0.844906
vt 0.040359 0.844781
vt 0.042215 0.844099
vt 0.243889 0.783731
vt 0.043634 0.842398
vt 0.042683 0.842337
vt 0.043016 0.841941
vt 0.244059 0.785400
vt 0.044299 0.842103
vt 0.043575 0.841986
vt 0.043743 0.840962
vt 0.950204 0.253915
vt 0.262604 0.960351
vt 0.262282 0.960573
vt 0.949956 0.254432
vt 0.044249 0.840670
vt 0.043639 0.840505
vt 0.949903 0.255021
vt 0.262833 0.960838
vt 0.262399 0.960649
vt 0.262461 0.961018
vt 0.043227 0.838996
vt 0.036109 0.841005
vt 0.035357 0.840610
vt 0.035885 0.840232
vt 0.036458 0.841183
vt 0.035851 0.841239
vt 0.036501 0.840694
vt 0.035390 0.842408
vt 0.034660 0.841357
vt 0.034583 0.840468
vt 0.034311 0.841088
vt 0.036186 0.839983
vt 0.036450 0.840114
vt 0.033931 0.841727
vt 0.035433 0.839737
vt 0.035837 0.839533
vt 0.034665 0.839946
vt 0.036004 0.839266
vt 0.035261 0.839140
vt 0.034688 0.839545
vt 0.034406 0.839700
vt 0.035600 0.838918
vt 0.259078 0.964550
vt 0.259660 0.964482
vt 0.259346 0.964592
vt 0.259396 0.964290
vt 0.259759 0.964366
vt 0.258761 0.964723
vt 0.533120 0.020555
vt 0.533228 0.019723
vt 0.533261 0.020875
vt 0.533000 0.021162
vt 0.041865 0.837312
vt 0.042731 0.839105
vt 0.041722 0.838717
vt 0.533391 0.020063
vt 0.533413 0.020625
vt 0.534731 0.020876
vt 0.534322 0.020579
vt 0.535026 0.020868
vt 0.957683 0.246405
vt 0.958261 0.246566
vt 0.956698 0.245269
vt 0.574227 0.969358
vt 0.576362 0.968066
vt 0.953190 0.248351
vt 0.952150 0.249918
vt 0.577173 0.966969
vt 0.576700 0.967377
vt 0.577611 0.966439
vt 0.952335 0.250747
vt 0.577829 0.966162
vt 0.577212 0.966428
vt 0.040631 0.845301
vt 0.040235 0.845232
vt 0.578006 0.965564
vt 0.041767 0.843299
vt 0.042963 0.843152
vt 0.950911 0.251933
vt 0.950272 0.252786
vt 0.949866 0.253914
vt 0.949864 0.253504
vt 0.950182 0.253338
vt 0.043859 0.840745
vt 0.043298 0.841027
vt 0.036599 0.842406
vt 0.036784 0.843039
vt 0.035942 0.842973
vt 0.036233 0.843564
vt 0.035517 0.843019
vt 0.034921 0.842374
vt 0.035057 0.842860
vt 0.034525 0.842459
vt 0.036837 0.842034
vt 0.037119 0.842189
vt 0.037412 0.841685
vt 0.034412 0.842046
vt 0.033970 0.842103
vt 0.262224 0.961387
vt 0.262137 0.960656
vt 0.036837 0.841454
vt 0.037415 0.840864
vt 0.036901 0.840792
vt 0.043123 0.840418
vt 0.036678 0.839694
vt 0.036019 0.838756
vt 0.035599 0.838685
vt 0.534434 0.021047
vt 0.534082 0.020956
vt 0.533733 0.020811
vt 0.533861 0.021122
vt 0.260231 0.964392
vt 0.259951 0.964558
vt 0.038875 0.838662
vt 0.036298 0.838297
vt 0.037906 0.839233
vt 0.037409 0.839638
vt 0.533599 0.020502
vt 0.571602 0.972528
vt 0.572010 0.971328
vt 0.574770 0.967817
vt 0.576090 0.967594
vt 0.577235 0.965618
vt 0.951305 0.250320
vt 0.039683 0.844382
vt 0.039864 0.845006
vt 0.577490 0.965412
vt 0.577981 0.965179
vt 0.577823 0.964811
vt 0.039519 0.844874
vt 0.039322 0.843581
vt 0.042202 0.841704
vt 0.040011 0.842710
vt 0.042366 0.840810
vt 0.949802 0.253133
vt 0.037338 0.842898
vt 0.037515 0.842317
vt 0.037760 0.842963
vt 0.037150 0.843328
vt 0.037267 0.843705
vt 0.035778 0.843470
vt 0.036042 0.843755
vt 0.041953 0.839756
vt 0.037139 0.839837
vt 0.038356 0.840673
vt 0.039153 0.839633
vt 0.570653 0.973332
vt 0.957723 0.245387
vt 0.958373 0.243902
vt 0.958077 0.246426
vt 0.957373 0.244923
vt 0.955285 0.246400
vt 0.952005 0.248679
vt 0.574202 0.966958
vt 0.576799 0.964681
vt 0.950860 0.251064
vt 0.039217 0.844786
vt 0.577386 0.964271
vt 0.577746 0.964372
vt 0.039103 0.844194
vt 0.577472 0.963782
vt 0.578062 0.963667
vt 0.578058 0.963841
vt 0.950347 0.251493
vt 0.038859 0.844005
vt 0.950061 0.251933
vt 0.578353 0.962869
vt 0.578102 0.963106
vt 0.578238 0.962410
vt 0.038097 0.843613
vt 0.038294 0.843190
vt 0.038343 0.843820
vt 0.578590 0.962511
vt 0.577802 0.962949
vt 0.949822 0.252462
vt 0.037620 0.843344
vt 0.036539 0.844214
vt 0.949593 0.251301
vt 0.578251 0.961409
vt 0.577375 0.962680
vt 0.577449 0.962241
vt 0.039048 0.841780
vt 0.038150 0.842018
vt 0.037768 0.841412
vt 0.039174 0.840906
vt 0.037582 0.840192
vt 0.571806 0.971649
vt 0.570845 0.972244
vt 0.571154 0.970991
vt 0.571636 0.970275
vt 0.572116 0.969209
vt 0.571389 0.964747
vt 0.573504 0.963821
vt 0.951075 0.248572
vt 0.950642 0.250012
vt 0.038690 0.842898
vt 0.577631 0.963291
vt 0.038283 0.841584
vt 0.957425 0.243763
vt 0.951777 0.246607
vt 0.949895 0.250518
vt 0.950112 0.250103
vt 0.576975 0.963402
vt 0.949825 0.251099
vt 0.577309 0.963111
vt 0.576988 0.963046
vt 0.576854 0.962539
vt 0.569716 0.972155
vt 0.957721 0.243696
vt 0.570360 0.971613
vt 0.570202 0.968903
vt 0.950305 0.247580
vt 0.949789 0.249186
vt 0.949548 0.249819
vt 0.949673 0.249518
vt 0.576910 0.962191
vt 0.958168 0.241714
vt 0.568826 0.973613
vt 0.956724 0.242869
vt 0.950803 0.247424
vt 0.576116 0.962754
vt 0.575165 0.963264
vt 0.949711 0.247026
vt 0.949357 0.248326
vt 0.576035 0.962147
vt 0.949378 0.249894
vt 0.567935 0.972383
vt 0.949521 0.248937
vt 0.575138 0.962667
vt 0.957817 0.241040
vt 0.567847 0.971884
vt 0.568602 0.970932
vt 0.568023 0.971520
vt 0.573413 0.962981
vt 0.574490 0.962236
vt 0.574462 0.962723
vt 0.575825 0.962000
vt 0.575287 0.962022
vt 0.949325 0.248993
vt 0.147462 0.614371
vt 0.145274 0.616761
vt 0.146417 0.613930
vt 0.147015 0.616375
vt 0.957501 0.240648
vt 0.956612 0.240169
vt 0.954625 0.240298
vt 0.950282 0.246370
vt 0.948973 0.248067
vt 0.958001 0.240897
vt 0.568077 0.970391
vt 0.950499 0.244800
vt 0.951424 0.242415
vt 0.949390 0.247634
vt 0.949347 0.247225
vt 0.948881 0.247067
vt 0.567397 0.972249
vt 0.958307 0.240535
vt 0.958986 0.241292
vt 0.958029 0.240535
vt 0.566175 0.967958
vt 0.573306 0.962208
vt 0.146469 0.613324
vt 0.144522 0.614431
vt 0.145596 0.613196
vt 0.145095 0.614627
vt 0.144749 0.613636
vt 0.145031 0.612917
vt 0.148001 0.616870
vt 0.146775 0.617412
vt 0.147226 0.616767
vt 0.147885 0.618420
vt 0.146628 0.611962
vt 0.144410 0.611905
vt 0.571561 0.962919
vt 0.949604 0.246115
vt 0.949249 0.246774
vt 0.949191 0.246152
vt 0.144176 0.615215
vt 0.145871 0.617433
vt 0.950462 0.243809
vt 0.950250 0.244482
vt 0.949247 0.245449
vt 0.571064 0.962524
vt 0.571448 0.962159
vt 0.572470 0.962213
vt 0.948861 0.246292
vt 0.144699 0.617537
vt 0.143981 0.617412
vt 0.142744 0.616424
vt 0.145186 0.617807
vt 0.145936 0.618578
vt 0.949730 0.243895
vt 0.948884 0.245153
vt 0.949175 0.243886
vt 0.142908 0.615696
vt 0.143515 0.614768
vt 0.144490 0.618225
vt 0.143576 0.618439
vt 0.143094 0.618529
vt 0.145079 0.618642
vt 0.142302 0.613772
vt 0.952143 0.236319
vt 0.951491 0.239110
vt 0.567599 0.962550
vt 0.142300 0.615425
vt 0.142513 0.617785
vt 0.143839 0.618792
vt 0.139914 0.615515
vt 0.565339 0.966285
vt 0.950100 0.242535
vt 0.949072 0.242942
vt 0.570679 0.961746
vt 0.948519 0.244650
vt 0.141692 0.616340
vt 0.141574 0.616176
vt 0.142695 0.618680
vt 0.142298 0.618855
vt 0.140818 0.619259
vt 0.948716 0.243707
vt 0.140328 0.616120
vt 0.140198 0.616840
vt 0.139842 0.616884
vt 0.142848 0.619212
vt 0.140065 0.615982
vt 0.566629 0.963493
vt 0.568486 0.961722
vt 0.949507 0.241826
vt 0.948902 0.241906
vt 0.948783 0.242543
vt 0.948229 0.243939
vt 0.139696 0.618542
vt 0.141912 0.622176
vt 0.140719 0.619988
vt 0.136375 0.614700
vt 0.565798 0.964727
vt 0.569601 0.961578
vt 0.948476 0.243039
vt 0.139281 0.617107
vt 0.139078 0.616725
vt 0.948407 0.241611
vt 0.139123 0.619864
vt 0.137777 0.618262
vt 0.137734 0.617798
vt 0.139783 0.620247
vt 0.140128 0.619595
vt 0.134844 0.617189
vt 0.143090 0.624965
vt 0.139745 0.609147
vt 0.141935 0.609593
vt 0.948602 0.241255
vt 0.138468 0.617242
vt 0.137213 0.617567
vt 0.138287 0.620497
vt 0.137962 0.616681
vt 0.139826 0.620783
vt 0.950689 0.236691
vt 0.567208 0.961446
vt 0.947956 0.241990
vt 0.567540 0.961320
vt 0.948163 0.240994
vt 0.135146 0.620662
vt 0.136920 0.618297
vt 0.136715 0.621300
vt 0.949444 0.238844
vt 0.948797 0.239106
vt 0.948659 0.240292
vt 0.948484 0.240843
vt 0.948330 0.240970
vt 0.134192 0.619783
vt 0.135743 0.618456
vt 0.138189 0.621133
vt 0.138760 0.621422
vt 0.135547 0.617448
vt 0.135366 0.618098
vt 0.135456 0.610344
vt 0.134641 0.608857
vt 0.950016 0.237718
vt 0.949240 0.237579
vt 0.948232 0.240472
vt 0.135770 0.618164
vt 0.137624 0.621004
vt 0.134301 0.613648
vt 0.137057 0.606136
vt 0.135913 0.604970
vt 0.141189 0.602926
vt 0.564901 0.960743
vt 0.565748 0.960845
vt 0.136596 0.622135
vt 0.138244 0.624617
vt 0.140325 0.625560
vt 0.145427 0.626127
vt 0.948008 0.238419
vt 0.948402 0.238859
vt 0.135647 0.622057
vt 0.949759 0.236958
vt 0.949844 0.236076
vt 0.132822 0.621565
vt 0.134918 0.622200
vt 0.135568 0.622538
vt 0.133994 0.618962
vt 0.135803 0.623382
vt 0.131422 0.617368
vt 0.137064 0.602898
vt 0.136286 0.603619
vt 0.948512 0.238503
vt 0.948698 0.237636
vt 0.133788 0.619643
vt 0.133219 0.620421
vt 0.134493 0.622439
vt 0.133870 0.622640
vt 0.145411 0.627822
vt 0.949185 0.236450
vt 0.948401 0.236997
vt 0.948830 0.236591
vt 0.132507 0.620017
vt 0.132685 0.619231
vt 0.134178 0.622955
vt 0.135035 0.622751
vt 0.145687 0.628940
vt 0.141710 0.629156
vt 0.949992 0.235133
vt 0.133563 0.607161
vt 0.133068 0.620208
vt 0.132406 0.620725
vt 0.132713 0.620282
vt 0.129692 0.621836
vt 0.131291 0.620900
vt 0.131774 0.621362
vt 0.132643 0.623187
vt 0.132857 0.623473
vt 0.129997 0.614080
vt 0.129407 0.612035
vt 0.949042 0.235558
vt 0.949310 0.235509
vt 0.948687 0.235733
vt 0.948892 0.235698
vt 0.131497 0.621040
vt 0.133781 0.623500
vt 0.133888 0.624294
vt 0.146442 0.629462
vt 0.145832 0.630082
vt 0.144908 0.629655
vt 0.132975 0.605713
vt 0.147734 0.632099
vt 0.146127 0.630481
vt 0.146828 0.630986
vt 0.130991 0.621380
vt 0.131094 0.621852
vt 0.131913 0.623868
vt 0.132476 0.624081
vt 0.132901 0.624013
vt 0.128680 0.618584
vt 0.135873 0.628719
vt 0.141888 0.630811
vt 0.146159 0.630186
vt 0.129525 0.622655
vt 0.129049 0.622675
vt 0.132724 0.624949
vt 0.133392 0.627142
vt 0.145305 0.630223
vt 0.143727 0.630567
vt 0.948744 0.234886
vt 0.948958 0.235024
vt 0.128543 0.624264
vt 0.131875 0.624389
vt 0.139969 0.631216
vt 0.144199 0.630978
vt 0.145398 0.630653
vt 0.128388 0.622571
vt 0.130239 0.624824
vt 0.126908 0.623503
vt 0.126954 0.621671
vt 0.142140 0.631315
vt 0.142388 0.631610
vt 0.130439 0.607745
vt 0.144257 0.631276
vt 0.128981 0.625191
vt 0.128811 0.610477
vt 0.128512 0.608683
vt 0.130780 0.606681
vt 0.142898 0.631970
vt 0.143371 0.631414
vt 0.127971 0.623534
vt 0.126606 0.622983
vt 0.127222 0.619715
vt 0.129867 0.625572
vt 0.129700 0.607586
vt 0.127488 0.623742
vt 0.127695 0.625333
vt 0.126735 0.624181
vt 0.126329 0.625238
vt 0.128531 0.625556
vt 0.129515 0.626054
vt 0.141490 0.631907
vt 0.141631 0.632218
vt 0.130481 0.606744
vt 0.127048 0.615894
vt 0.135489 0.632288
vt 0.141206 0.632599
vt 0.140695 0.633004
vt 0.139537 0.633486
vt 0.129518 0.607153
vt 0.127378 0.625811
vt 0.126766 0.626035
vt 0.128062 0.626316
vt 0.127490 0.626108
vt 0.128705 0.626158
vt 0.043540 0.527661
vt 0.042837 0.525924
vt 0.045112 0.526178
vt 0.045362 0.523844
vt 0.041737 0.524102
vt 0.044965 0.522758
vt 0.128677 0.607956
vt 0.129386 0.607648
vt 0.126401 0.624308
vt 0.749111 0.019928
vt 0.749293 0.019216
vt 0.749966 0.020079
vt 0.749221 0.020112
vt 0.750341 0.019204
vt 0.750972 0.019676
vt 0.126144 0.624011
vt 0.042751 0.530512
vt 0.042009 0.530579
vt 0.043041 0.529851
vt 0.129231 0.607552
vt 0.128112 0.607539
vt 0.750143 0.020442
vt 0.748721 0.018944
vt 0.749460 0.018909
vt 0.748546 0.018480
vt 0.750492 0.018850
vt 0.748803 0.018861
vt 0.045331 0.520894
vt 0.041710 0.521459
vt 0.044485 0.519311
vt 0.043575 0.520462
vt 0.966197 0.013560
vt 0.966053 0.012434
vt 0.967080 0.012527
vt 0.967751 0.013803
vt 0.128367 0.607989
vt 0.965695 0.011656
vt 0.967312 0.011963
vt 0.965640 0.012031
vt 0.750343 0.020092
vt 0.750899 0.020074
vt 0.041224 0.530203
vt 0.043117 0.528854
vt 0.038615 0.527797
vt 0.968573 0.012525
vt 0.965679 0.012227
vt 0.965361 0.012091
vt 0.966952 0.012368
vt 0.750385 0.020333
vt 0.750822 0.020345
vt 0.041843 0.530925
vt 0.041401 0.530920
vt 0.751741 0.020039
vt 0.751867 0.019246
vt 0.751969 0.019579
vt 0.036984 0.529463
vt 0.746130 0.011562
vt 0.752304 0.013551
vt 0.747039 0.012864
vt 0.970816 0.013242
vt 0.972525 0.014232
vt 0.969898 0.011534
vt 0.968392 0.011839
vt 0.967051 0.012119
vt 0.040528 0.531282
vt 0.040437 0.531139
vt 0.039616 0.530794
vt 0.751503 0.018879
vt 0.751746 0.017424
vt 0.747710 0.016741
vt 0.969179 0.012639
vt 0.967261 0.012248
vt 0.752333 0.020081
vt 0.039973 0.523006
vt 0.967531 0.012165
vt 0.968063 0.012093
vt 0.967529 0.012334
vt 0.967948 0.012329
vt 0.039963 0.531606
vt 0.039702 0.531338
vt 0.752597 0.019834
vt 0.752279 0.019220
vt 0.752712 0.019379
vt 0.968533 0.012292
vt 0.968364 0.012216
vt 0.038758 0.531848
vt 0.037591 0.530496
vt 0.970548 0.012710
vt 0.969664 0.012524
vt 0.969241 0.012361
vt 0.968894 0.012269
vt 0.968380 0.012034
vt 0.968659 0.012116
vt 0.968075 0.012243
vt 0.753780 0.020332
vt 0.753582 0.019983
vt 0.753998 0.018750
vt 0.038019 0.526718
vt 0.972345 0.013184
vt 0.970712 0.011864
vt 0.969280 0.012178
vt 0.754007 0.019852
vt 0.754269 0.019949
vt 0.755374 0.018874
vt 0.754315 0.017580
vt 0.970481 0.012233
vt 0.969997 0.012341
vt 0.754820 0.019895
vt 0.755418 0.019959
vt 0.037118 0.531942
vt 0.036967 0.531401
vt 0.971809 0.011371
vt 0.972667 0.011965
vt 0.038139 0.524059
vt 0.038905 0.522899
vt 0.755328 0.019444
vt 0.037656 0.525656
vt 0.971059 0.012559
vt 0.035575 0.531228
vt 0.035947 0.531504
vt 0.035049 0.530372
vt 0.755442 0.016359
vt 0.972203 0.012722
vt 0.972265 0.012262
vt 0.972628 0.012603
vt 0.973721 0.012867
vt 0.971547 0.012122
vt 0.971489 0.012342
vt 0.755623 0.019492
vt 0.756737 0.019422
vt 0.972852 0.012306
vt 0.035729 0.531714
vt 0.756587 0.018902
vt 0.756168 0.018280
vt 0.036117 0.527914
vt 0.754982 0.014744
vt 0.036247 0.526126
vt 0.752031 0.012430
vt 0.754589 0.013261
vt 0.756703 0.019078
vt 0.034600 0.529476
vt 0.975624 0.012978
vt 0.754414 0.012811
vt 0.973963 0.012566
vt 0.974189 0.012320
vt 0.975530 0.012322
vt 0.034998 0.531018
vt 0.756911 0.017859
vt 0.035999 0.526848
vt 0.757003 0.016948
vt 0.036328 0.525498
vt 0.037064 0.524183
vt 0.975052 0.012525
vt 0.034885 0.531340
vt 0.757261 0.018395
vt 0.757442 0.018805
vt 0.756335 0.014734
vt 0.975356 0.012606
vt 0.754779 0.012838
vt 0.975819 0.012776
vt 0.757627 0.017384
vt 0.756969 0.015666
vt 0.976243 0.012183
vt 0.975934 0.012581
vt 0.034285 0.530863
vt 0.034450 0.530584
vt 0.757869 0.018160
vt 0.034678 0.527874
vt 0.756351 0.013862
vt 0.757136 0.014808
vt 0.035027 0.526528
vt 0.035740 0.525772
vt 0.754976 0.012817
vt 0.755827 0.013394
vt 0.758055 0.017692
vt 0.034023 0.530225
vt 0.033946 0.529540
vt 0.757764 0.016204
vt 0.757576 0.015232
vt 0.034602 0.527035
vt 0.035260 0.526098
vt 0.756786 0.014074
vt 0.035995 0.525059
vt 0.035572 0.525387
vt 0.755566 0.012926
vt 0.755001 0.012641
vt 0.035282 0.525709
vt 0.035155 0.525583
vt 0.033546 0.529584
vt 0.033311 0.530044
vt 0.033205 0.528793
vt 0.034093 0.528566
vt 0.035049 0.525679
vt 0.756106 0.013489
vt 0.033568 0.528865
vt 0.033964 0.528129
vt 0.033549 0.526907
vt 0.034103 0.526872
vt 0.033469 0.527550
vt 0.034812 0.526210
vt 0.034637 0.526152
vt 0.034188 0.526395
vt 0.756646 0.013679
vt 0.033671 0.528035
vt 0.034300 0.527220
vt 0.033988 0.527457
vt 0.034214 0.527073
vt 0.131132 0.624783
vt 0.379397 0.841416
s 1
g off
g helice_derecha_Material.001
usemtl Material.001
f 3/1/1 1/2/2 2/3/3
f 3/1/1 11/4/4 1/2/2
f 1/2/2 4/5/5 2/3/3
f 5/6/6 3/1/1 13/7/7
f 5/6/6 13/7/7 6/8/8
f 10/9/9 3/1/1 5/6/6
f 10/9/9 11/4/4 3/1/1
f 10/10/9 7/11/10 8/12/11
f 10/10/9 5/13/6 7/11/10
f 10/10/9 12/14/12 11/15/4
f 10/10/9 21/16/13 12/14/12
f 11/4/4 12/17/12 1/2/2
f 13/7/7 3/1/1 14/18/14
f 12/14/12 21/16/13 15/19/15
f 3/1/1 2/3/3 14/18/14
f 14/18/14 2/3/3 17/20/16
f 12/17/12 4/5/5 1/2/2
f 12/17/12 15/21/15 4/5/5
f 17/20/16 18/22/17 14/18/14
f 4/5/5 16/23/18 2/3/3
f 2/3/3 16/23/18 19/24/19
f 2/3/3 19/24/19 17/20/16
f 19/24/19 18/22/17 17/20/16
f 19/24/19 27/25/20 18/22/17
f 19/24/19 26/26/21 27/25/20
f 8/12/11 9/27/22 10/10/9
f 8/12/11 7/11/10 28/28/23
f 5/6/6 20/29/24 7/30/10
f 9/27/22 21/16/13 10/10/9
f 9/27/22 48/31/25 21/16/13
f 6/8/8 20/29/24 5/6/6
f 13/7/7 22/32/26 6/8/8
f 14/18/14 22/32/26 13/7/7
f 14/18/14 23/33/27 22/32/26
f 14/18/14 18/22/17 23/33/27
f 15/19/15 124/34/28 24/35/29
f 15/19/15 21/16/13 124/34/28
f 26/26/21 32/36/30 27/25/20
f 28/28/23 7/11/10 20/37/24
f 8/12/11 29/38/31 48/31/25
f 8/12/11 28/28/23 29/38/31
f 8/12/11 48/31/25 9/27/22
f 20/37/24 30/39/32 28/28/23
f 20/29/24 31/40/33 30/41/32
f 6/8/8 31/40/33 20/29/24
f 22/32/26 23/33/27 31/40/33
f 22/32/26 31/40/33 6/8/8
f 23/33/27 84/42/34 31/40/33
f 23/33/27 115/43/35 84/42/34
f 23/33/27 35/44/36 115/43/35
f 15/21/15 24/45/29 25/46/37
f 26/47/21 25/48/37 33/49/38
f 26/47/21 33/49/38 32/50/30
f 32/36/30 34/51/39 27/25/20
f 32/50/30 33/52/38 34/53/39
f 27/25/20 35/44/36 18/22/17
f 36/54/40 37/55/41 39/56/42
f 36/54/40 52/57/43 37/55/41
f 39/56/42 40/58/44 38/59/45
f 37/55/41 40/60/44 39/56/42
f 37/55/41 52/57/43 41/61/46
f 37/55/41 45/62/47 40/60/44
f 37/55/41 42/63/48 45/62/47
f 40/58/44 43/64/49 44/65/50
f 40/58/44 60/66/51 38/59/45
f 45/62/47 43/64/49 40/60/44
f 29/38/31 28/28/23 46/67/52
f 29/38/31 47/68/53 48/31/25
f 46/67/52 30/39/32 67/69/54
f 28/28/23 30/39/32 46/67/52
f 30/41/32 31/40/33 68/70/55
f 24/35/29 70/71/56 25/48/37
f 24/35/29 124/34/28 254/72/57
f 24/35/29 254/72/57 70/71/56
f 18/22/17 35/44/36 23/33/27
f 25/48/37 70/71/56 49/73/58
f 25/48/37 49/73/58 33/49/38
f 34/53/39 35/74/36 27/75/20
f 34/53/39 50/76/59 35/74/36
f 51/77/60 73/78/61 52/57/43
f 51/77/60 52/57/43 36/54/40
f 51/77/60 36/54/40 53/79/62
f 53/79/62 54/80/63 51/77/60
f 53/79/62 39/56/42 38/59/45
f 53/79/62 38/59/45 56/81/64
f 41/61/46 42/63/48 37/55/41
f 36/54/40 39/56/42 53/79/62
f 42/63/48 41/61/46 57/82/65
f 38/59/45 60/66/51 56/81/64
f 42/63/48 59/83/66 45/62/47
f 42/63/48 57/82/65 58/84/67
f 42/63/48 58/84/67 59/83/66
f 45/62/47 59/83/66 43/64/49
f 43/64/49 59/83/66 44/65/50
f 44/65/50 60/66/51 40/58/44
f 59/83/66 58/84/67 61/85/68
f 59/83/66 61/85/68 44/65/50
f 47/68/53 29/38/31 64/86/69
f 47/68/53 62/87/70 48/31/25
f 64/86/69 29/38/31 63/88/71
f 64/86/69 62/87/70 47/68/53
f 63/88/71 29/38/31 46/67/52
f 63/88/71 83/89/72 64/86/69
f 63/88/71 65/90/73 83/89/72
f 46/67/52 67/69/54 63/91/71
f 67/69/54 66/92/74 63/91/71
f 30/39/32 68/93/55 67/69/54
f 70/71/56 254/72/57 69/94/75
f 70/71/56 69/94/75 114/95/76
f 35/44/36 104/96/77 115/43/35
f 33/52/38 49/73/58 86/97/78
f 33/52/38 86/97/78 34/53/39
f 34/53/39 86/97/78 50/76/59
f 71/98/79 73/78/61 51/77/60
f 52/57/43 73/78/61 55/99/80
f 52/57/43 55/99/80 41/61/46
f 51/77/60 72/100/81 71/98/79
f 51/77/60 74/101/82 72/100/81
f 54/80/63 74/101/82 51/77/60
f 54/80/63 75/102/83 74/101/82
f 53/79/62 75/102/83 54/80/63
f 53/79/62 56/81/64 75/102/83
f 41/61/46 55/99/80 76/103/84
f 41/61/46 76/103/84 57/82/65
f 57/82/65 76/103/84 92/104/85
f 57/82/65 92/104/85 77/105/86
f 57/82/65 77/105/86 58/84/67
f 60/66/51 79/106/87 78/107/88
f 58/84/67 77/105/86 80/108/89
f 44/65/50 97/109/90 81/110/91
f 44/65/50 79/106/87 60/66/51
f 44/65/50 81/110/91 79/106/87
f 58/84/67 80/108/89 82/111/92
f 58/84/67 82/111/92 61/85/68
f 61/85/68 82/111/92 44/65/50
f 82/111/92 80/108/89 96/112/93
f 64/86/69 83/113/72 62/87/70
f 63/91/71 66/92/74 65/90/73
f 31/40/33 84/42/34 68/70/55
f 70/71/56 114/95/76 85/114/94
f 70/71/56 85/114/94 49/73/58
f 71/98/79 87/115/95 128/116/96
f 88/117/97 73/78/61 71/98/79
f 72/100/81 87/115/95 71/98/79
f 72/100/81 74/101/82 87/115/95
f 55/99/80 89/118/98 76/103/84
f 73/78/61 88/117/97 55/99/80
f 74/101/82 75/102/83 90/119/99
f 75/102/83 91/120/100 90/119/99
f 56/81/64 91/120/100 75/102/83
f 56/81/64 93/121/101 91/120/100
f 76/103/84 89/118/98 161/122/102
f 76/103/84 161/122/102 92/104/85
f 60/66/51 78/107/88 93/121/101
f 60/66/51 93/121/101 56/81/64
f 92/104/85 94/123/103 77/105/86
f 77/105/86 94/123/103 80/108/89
f 80/108/89 94/123/103 107/124/104
f 80/108/89 107/124/104 96/112/93
f 96/112/93 95/125/105 82/111/92
f 82/111/92 97/109/90 44/65/50
f 82/111/92 95/126/105 97/109/90
f 95/125/105 96/112/93 108/127/106
f 97/109/90 98/128/107 81/110/91
f 95/126/105 108/127/106 97/109/90
f 83/113/72 99/129/108 62/87/70
f 83/113/72 100/130/109 99/129/108
f 83/89/72 101/131/110 100/130/109
f 62/87/70 112/132/111 48/31/25
f 65/90/73 101/131/110 83/89/72
f 66/92/74 101/131/110 65/90/73
f 66/92/74 102/133/112 101/131/110
f 66/92/74 68/93/55 102/133/112
f 67/69/54 68/93/55 66/92/74
f 68/93/55 123/134/113 102/133/112
f 49/73/58 85/114/94 126/135/114
f 49/73/58 126/135/114 86/97/78
f 50/76/59 104/136/77 35/74/36
f 50/76/59 117/137/115 104/136/77
f 86/97/78 117/137/115 50/76/59
f 86/97/78 126/135/114 117/137/115
f 71/98/79 105/138/116 88/117/97
f 71/98/79 128/116/96 105/138/116
f 87/115/95 90/119/99 128/116/96
f 88/117/97 89/118/98 55/99/80
f 88/117/97 105/139/116 89/118/98
f 74/101/82 90/119/99 87/115/95
f 91/120/100 93/121/101 141/140/117
f 89/118/98 106/141/118 140/142/119
f 89/118/98 140/142/119 161/122/102
f 79/106/87 81/110/91 133/143/120
f 96/112/93 107/124/104 108/127/106
f 108/127/106 109/144/121 143/145/122
f 108/127/106 143/145/122 119/146/123
f 108/127/106 110/147/124 97/109/90
f 108/127/106 119/146/123 110/147/124
f 110/147/124 119/146/123 121/148/125
f 110/147/124 121/148/125 98/128/107
f 110/147/124 98/128/107 97/109/90
f 62/87/70 111/149/126 112/132/111
f 100/130/109 101/131/110 113/150/127
f 101/131/110 102/133/112 113/150/127
f 84/42/34 123/151/113 68/70/55
f 104/136/77 116/152/128 115/153/35
f 104/136/77 117/137/115 139/154/129
f 104/136/77 139/154/129 116/152/128
f 105/139/116 106/141/118 89/118/98
f 105/139/116 118/155/130 106/141/118
f 105/138/116 128/116/96 118/155/130
f 90/119/99 91/120/100 130/156/131
f 90/119/99 130/156/131 128/116/96
f 93/121/101 191/157/132 259/158/133
f 93/121/101 78/107/88 191/157/132
f 92/104/85 161/122/102 94/123/103
f 107/124/104 94/123/103 109/144/121
f 107/124/104 109/144/121 108/127/106
f 98/159/107 134/160/134 120/161/135
f 98/159/107 120/161/135 81/162/91
f 121/163/125 134/160/134 98/159/107
f 99/129/108 111/149/126 62/87/70
f 99/129/108 150/164/136 111/149/126
f 99/129/108 113/150/127 150/164/136
f 100/130/109 113/150/127 99/129/108
f 113/150/127 138/165/137 150/164/136
f 48/31/25 103/166/138 21/16/13
f 102/133/112 138/165/137 113/150/127
f 102/133/112 123/134/113 138/165/137
f 84/42/34 115/43/35 123/151/113
f 115/153/35 125/167/139 179/168/140
f 114/95/76 126/135/114 85/114/94
f 114/95/76 127/169/141 126/135/114
f 126/135/114 127/169/141 117/137/115
f 128/116/96 129/170/142 118/155/130
f 128/116/96 156/171/143 129/170/142
f 128/116/96 130/156/131 156/171/143
f 106/141/118 118/155/130 129/170/142
f 106/141/118 129/170/142 173/172/144
f 91/120/100 141/140/117 160/173/145
f 91/120/100 160/173/145 130/156/131
f 94/123/103 143/145/122 109/144/121
f 94/123/103 161/122/102 143/145/122
f 78/107/88 79/106/87 191/157/132
f 119/174/123 131/175/146 121/163/125
f 119/174/123 132/176/147 131/175/146
f 81/162/91 120/161/135 133/177/120
f 121/163/125 131/175/146 134/160/134
f 120/161/135 134/160/134 135/178/148
f 111/179/126 136/180/149 112/181/111
f 111/179/126 137/182/150 136/180/149
f 111/149/126 150/164/136 137/183/150
f 112/181/111 167/184/151 206/185/152
f 103/166/138 124/34/28 21/16/13
f 123/186/113 169/187/153 138/188/137
f 69/94/75 211/189/154 114/95/76
f 116/152/128 125/167/139 115/153/35
f 116/152/128 184/190/155 125/167/139
f 117/137/115 127/169/141 139/154/129
f 93/121/101 259/158/133 141/140/117
f 161/191/102 142/192/156 143/193/122
f 143/193/122 142/192/156 119/174/123
f 142/192/156 132/176/147 119/174/123
f 142/192/156 145/194/157 132/176/147
f 142/192/156 144/195/158 145/194/157
f 120/161/135 147/196/159 133/177/120
f 131/175/146 132/176/147 134/160/134
f 134/160/134 146/197/160 135/198/148
f 135/178/148 147/196/159 120/161/135
f 135/198/148 146/197/160 147/196/159
f 137/182/150 150/199/136 149/200/161
f 137/182/150 148/201/162 136/180/149
f 137/182/150 149/200/161 148/201/162
f 150/199/136 152/202/163 149/200/161
f 112/132/111 253/203/164 48/31/25
f 150/204/136 138/188/137 152/202/163
f 138/188/137 169/187/153 153/205/165
f 138/188/137 153/205/165 152/202/163
f 115/43/35 179/206/140 123/151/113
f 116/152/128 155/207/166 184/190/155
f 114/95/76 180/208/167 127/169/141
f 127/169/141 180/208/167 154/209/168
f 127/169/141 154/209/168 139/154/129
f 139/154/129 155/207/166 116/152/128
f 156/210/143 157/211/169 129/212/142
f 156/210/143 172/213/170 157/211/169
f 129/212/142 158/214/171 173/215/144
f 130/156/131 172/216/170 156/171/143
f 106/141/118 173/172/144 140/142/119
f 130/156/131 160/173/145 159/217/172
f 130/156/131 159/217/172 172/216/170
f 160/218/145 190/219/173 159/220/172
f 132/176/147 146/221/160 134/160/134
f 132/176/147 145/194/157 146/221/160
f 147/196/159 163/222/174 133/177/120
f 146/197/160 164/223/175 147/196/159
f 146/197/160 145/194/157 164/223/175
f 164/223/175 162/224/176 147/196/159
f 164/223/175 165/225/177 162/224/176
f 136/180/149 148/201/162 166/226/178
f 136/180/149 166/226/178 167/184/151
f 136/180/149 167/184/151 112/181/111
f 148/201/162 168/227/179 166/226/178
f 149/200/161 168/227/179 148/201/162
f 149/200/161 187/228/180 168/227/179
f 149/200/161 153/205/165 187/228/180
f 206/229/152 253/203/164 112/132/111
f 152/202/163 151/230/181 149/200/161
f 180/208/167 171/231/182 154/209/168
f 154/209/168 155/207/166 139/154/129
f 154/209/168 171/231/182 188/232/183
f 154/209/168 188/232/183 155/207/166
f 173/215/144 158/214/171 189/233/184
f 142/192/156 161/191/102 144/195/158
f 145/194/157 144/195/158 174/234/185
f 133/177/120 260/235/186 79/236/87
f 145/194/157 165/237/177 164/223/175
f 162/224/176 163/222/174 147/196/159
f 162/224/176 194/238/187 175/239/188
f 162/224/176 175/239/188 163/222/174
f 165/237/177 145/194/157 176/240/189
f 165/225/177 176/240/189 162/224/176
f 166/226/178 168/227/179 177/241/190
f 168/227/179 178/242/191 177/241/190
f 151/230/181 153/205/165 149/200/161
f 48/31/25 208/243/192 103/166/138
f 103/166/138 208/243/192 122/244/193
f 152/202/163 153/205/165 151/230/181
f 114/95/76 211/189/154 181/245/194
f 114/95/76 181/245/194 180/208/167
f 182/246/195 125/167/139 184/190/155
f 182/246/195 170/247/196 125/167/139
f 182/246/195 183/248/197 170/247/196
f 125/167/139 170/247/196 179/168/140
f 184/190/155 185/249/198 182/246/195
f 155/207/166 188/232/183 184/190/155
f 157/211/169 158/214/171 129/212/142
f 160/173/145 141/140/117 190/250/173
f 145/194/157 174/234/185 176/240/189
f 133/177/120 163/222/174 260/235/186
f 174/234/185 192/251/199 176/240/189
f 176/240/189 192/251/199 193/252/200
f 176/240/189 194/238/187 162/224/176
f 167/184/151 166/226/178 195/253/201
f 187/228/180 178/242/191 168/227/179
f 48/31/25 253/203/164 208/243/192
f 103/166/138 122/244/193 124/34/28
f 180/208/167 181/245/194 171/231/182
f 171/231/182 181/245/194 188/232/183
f 188/232/183 213/254/202 184/190/155
f 184/190/155 213/254/202 185/249/198
f 185/249/198 213/254/202 183/248/197
f 185/249/198 183/248/197 182/246/195
f 172/213/170 159/220/172 157/211/169
f 158/214/171 186/255/203 189/233/184
f 157/211/169 186/255/203 158/214/171
f 157/211/169 159/220/172 186/255/203
f 189/233/184 186/255/203 215/256/204
f 141/257/117 358/258/205 190/219/173
f 79/236/87 381/259/206 191/260/132
f 161/191/102 200/261/207 144/195/158
f 144/195/158 200/261/207 174/234/185
f 193/252/200 194/238/187 176/240/189
f 194/238/187 193/252/200 202/262/208
f 195/253/201 203/263/209 167/184/151
f 167/184/151 203/263/209 206/185/152
f 166/226/178 196/264/210 195/253/201
f 166/226/178 197/265/211 196/264/210
f 177/241/190 197/265/211 166/226/178
f 178/242/191 197/265/211 177/241/190
f 187/228/180 153/205/165 178/242/191
f 169/187/153 209/266/212 153/205/165
f 153/205/165 209/266/212 178/242/191
f 124/34/28 122/244/193 280/267/213
f 123/186/113 179/268/140 169/187/153
f 170/269/196 223/270/214 179/271/140
f 181/245/194 211/189/154 238/272/215
f 181/245/194 238/272/215 199/273/216
f 159/220/172 190/219/173 214/274/217
f 259/275/133 358/258/205 141/257/117
f 79/236/87 260/235/186 288/276/218
f 174/234/185 200/261/207 217/277/219
f 174/234/185 217/277/219 192/251/199
f 192/251/199 217/277/219 201/278/220
f 192/251/199 201/278/220 193/252/200
f 193/252/200 201/278/220 202/262/208
f 163/222/174 247/279/221 260/235/186
f 194/238/187 218/280/222 175/239/188
f 205/281/223 203/263/209 195/253/201
f 205/281/223 204/282/224 203/263/209
f 195/253/201 221/283/225 205/281/223
f 196/264/210 221/283/225 195/253/201
f 196/264/210 207/284/226 221/283/225
f 197/265/211 207/284/226 196/264/210
f 178/242/191 209/266/212 197/265/211
f 69/285/75 210/286/227 211/287/154
f 183/248/197 198/288/228 170/247/196
f 183/248/197 212/289/229 198/288/228
f 181/245/194 199/273/216 188/232/183
f 188/232/183 199/273/216 213/254/202
f 183/248/197 213/254/202 212/289/229
f 159/220/172 214/290/217 186/255/203
f 186/255/203 216/291/230 215/256/204
f 140/292/119 245/293/231 161/191/102
f 161/191/102 245/293/231 200/261/207
f 201/278/220 229/294/232 202/262/208
f 175/239/188 247/279/221 163/222/174
f 175/239/188 218/280/222 247/279/221
f 230/295/233 218/280/222 194/238/187
f 230/295/233 219/296/234 218/280/222
f 230/295/233 232/297/235 219/296/234
f 203/263/209 220/298/236 206/185/152
f 206/185/152 236/299/237 253/300/164
f 207/284/226 222/301/238 221/283/225
f 207/284/226 209/266/212 222/301/238
f 197/265/211 209/266/212 207/284/226
f 208/302/192 390/303/239 122/304/193
f 179/268/140 237/305/240 169/187/153
f 170/269/196 198/306/228 269/307/241
f 170/269/196 269/307/241 223/270/214
f 198/306/228 224/308/242 269/307/241
f 199/273/216 238/272/215 225/309/243
f 199/273/216 225/309/243 226/310/244
f 199/273/216 226/310/244 213/254/202
f 213/254/202 226/310/244 212/289/229
f 186/255/203 214/290/217 216/291/230
f 190/219/173 227/311/245 214/274/217
f 190/219/173 228/312/246 227/311/245
f 189/233/184 215/256/204 270/313/247
f 79/236/87 288/276/218 381/259/206
f 217/277/219 229/294/232 201/278/220
f 202/262/208 230/314/233 194/238/187
f 202/262/208 229/294/232 231/315/248
f 202/262/208 231/315/248 230/314/233
f 247/279/221 274/316/249 260/235/186
f 230/314/233 231/315/248 232/317/235
f 219/296/234 233/318/250 218/280/222
f 203/263/209 204/282/224 234/319/251
f 203/263/209 234/319/251 220/298/236
f 204/282/224 221/283/225 235/320/252
f 204/282/224 235/320/252 234/319/251
f 220/298/236 236/299/237 206/185/152
f 205/281/223 221/283/225 204/282/224
f 221/283/225 222/301/238 235/320/252
f 179/268/140 223/321/214 237/305/240
f 238/272/215 239/322/253 225/309/243
f 225/309/243 239/322/253 226/310/244
f 226/323/244 239/324/253 244/325/254
f 212/289/229 226/326/244 198/288/228
f 216/291/230 240/327/255 215/256/204
f 216/291/230 241/328/256 240/327/255
f 214/290/217 227/311/245 216/291/230
f 140/142/119 173/172/144 245/329/231
f 229/294/232 246/330/257 231/315/248
f 232/317/235 231/315/248 242/331/258
f 232/297/235 242/331/258 219/296/234
f 218/280/222 233/318/250 247/279/221
f 242/331/258 233/318/250 219/296/234
f 234/319/251 249/332/259 220/298/236
f 222/301/238 243/333/260 235/320/252
f 209/266/212 243/333/260 222/301/238
f 124/34/28 282/334/261 254/72/57
f 69/285/75 319/335/262 210/286/227
f 226/326/244 244/336/254 224/337/242
f 226/326/244 224/337/242 198/288/228
f 227/311/245 241/328/256 216/291/230
f 215/256/204 240/327/255 270/313/247
f 173/338/144 310/339/263 245/293/231
f 200/261/207 229/294/232 217/277/219
f 200/261/207 246/330/257 229/294/232
f 233/318/250 242/331/258 248/340/264
f 233/318/250 248/340/264 247/279/221
f 247/279/221 248/340/264 274/316/249
f 249/332/259 251/341/265 220/298/236
f 249/332/259 250/342/266 251/341/265
f 220/298/236 251/343/265 236/299/237
f 234/319/251 235/320/252 249/332/259
f 235/320/252 243/333/260 266/344/267
f 235/320/252 252/345/268 249/332/259
f 235/320/252 266/344/267 252/345/268
f 280/267/213 282/334/261 124/34/28
f 254/346/57 319/335/262 69/285/75
f 211/287/154 210/286/227 284/347/269
f 211/287/154 284/347/269 238/348/215
f 238/348/215 244/325/254 239/324/253
f 238/348/215 284/347/269 255/349/270
f 238/348/215 255/349/270 244/325/254
f 244/325/254 285/350/271 256/351/272
f 256/352/272 224/337/242 244/336/254
f 224/308/242 256/351/272 269/307/241
f 227/311/245 228/312/246 241/328/256
f 190/219/173 258/353/273 228/312/246
f 358/258/205 258/353/273 190/219/173
f 245/293/231 246/330/257 200/261/207
f 274/316/249 261/354/274 260/235/186
f 231/315/248 273/355/275 289/356/276
f 231/315/248 262/357/277 242/331/258
f 231/315/248 289/356/276 262/357/277
f 242/331/258 262/357/277 263/358/278
f 242/331/258 263/358/278 248/340/264
f 251/343/265 264/359/279 236/299/237
f 251/341/265 265/360/280 264/359/279
f 251/341/265 250/342/266 265/360/280
f 249/332/259 252/345/268 250/342/266
f 209/266/212 267/361/281 243/333/260
f 209/266/212 169/187/153 267/361/281
f 240/327/255 241/328/256 270/313/247
f 241/328/256 257/362/282 271/363/283
f 241/328/256 271/363/283 270/313/247
f 228/312/246 257/362/282 241/328/256
f 189/233/184 270/313/247 272/364/284
f 189/233/184 272/364/284 173/215/144
f 245/293/231 273/355/275 246/330/257
f 246/330/257 273/355/275 231/315/248
f 248/340/264 275/365/285 274/316/249
f 263/358/278 291/366/286 275/365/285
f 263/358/278 275/365/285 248/340/264
f 274/316/249 275/365/285 261/354/274
f 263/358/278 262/357/277 291/366/286
f 236/299/237 264/359/279 277/367/287
f 250/342/266 252/345/268 265/360/280
f 266/344/267 278/368/288 252/345/268
f 243/333/260 267/361/281 279/369/289
f 243/333/260 279/369/289 266/344/267
f 169/187/153 237/305/240 267/361/281
f 223/321/214 281/370/290 237/305/240
f 254/346/57 282/371/261 319/335/262
f 319/335/262 318/372/291 210/286/227
f 210/286/227 318/372/291 283/373/292
f 210/286/227 283/373/292 284/347/269
f 223/270/214 309/374/293 268/375/294
f 255/349/270 285/350/271 244/325/254
f 255/349/270 306/376/295 295/377/296
f 255/349/270 295/377/296 285/350/271
f 256/351/272 285/350/271 286/378/297
f 256/351/272 286/378/297 269/307/241
f 269/307/241 286/378/297 309/374/293
f 269/307/241 309/374/293 223/270/214
f 257/362/282 228/312/246 258/353/273
f 270/313/247 287/379/298 334/380/299
f 262/357/277 289/356/276 290/381/300
f 262/357/277 290/381/300 291/366/286
f 291/366/286 292/382/301 275/365/285
f 275/365/285 311/383/302 314/384/303
f 275/365/285 314/384/303 293/385/304
f 275/365/285 293/385/304 261/354/274
f 291/366/286 290/381/300 292/382/301
f 264/359/279 265/360/280 294/386/305
f 252/345/268 276/387/306 265/360/280
f 252/345/268 278/368/288 276/387/306
f 266/344/267 279/369/289 278/368/288
f 223/270/214 268/375/294 346/388/307
f 268/375/294 333/389/308 346/388/307
f 268/375/294 307/390/309 333/389/308
f 284/347/269 283/373/292 306/376/295
f 284/347/269 306/376/295 255/349/270
f 285/350/271 295/391/296 286/378/297
f 257/362/282 320/392/310 271/363/283
f 258/353/273 320/392/310 257/362/282
f 405/393/311 358/258/205 259/275/133
f 273/355/275 297/394/312 289/356/276
f 290/381/300 289/356/276 298/395/313
f 292/382/301 299/396/314 311/383/302
f 292/382/301 311/383/302 275/365/285
f 314/384/303 313/397/315 325/398/316
f 292/382/301 290/381/300 299/396/314
f 294/386/305 265/360/280 300/399/317
f 294/386/305 300/399/317 301/400/318
f 294/386/305 277/367/287 264/359/279
f 294/401/305 301/402/318 302/403/319
f 294/401/305 302/403/319 277/404/287
f 265/360/280 303/405/320 300/399/317
f 265/360/280 276/387/306 303/405/320
f 253/406/164 236/407/237 304/408/321
f 278/368/288 279/369/289 305/409/322
f 278/368/288 305/409/322 276/387/306
f 279/369/289 267/361/281 305/409/322
f 237/305/240 281/370/290 267/361/281
f 306/376/295 308/410/323 307/390/309
f 306/376/295 307/390/309 295/377/296
f 286/378/297 295/391/296 307/390/309
f 286/378/297 307/390/309 309/374/293
f 271/363/283 320/392/310 287/379/298
f 271/363/283 287/379/298 270/313/247
f 173/215/144 272/364/284 310/411/263
f 191/157/132 322/412/324 259/158/133
f 259/275/133 322/413/324 405/393/311
f 245/293/231 310/339/263 297/394/312
f 245/293/231 297/394/312 273/355/275
f 261/354/274 361/414/325 260/235/186
f 299/396/314 290/381/300 312/415/326
f 299/396/314 312/415/326 311/383/302
f 311/383/302 313/397/315 314/384/303
f 311/383/302 312/415/326 313/397/315
f 300/399/317 315/416/327 301/417/318
f 303/405/320 316/418/328 300/399/317
f 236/407/237 277/404/287 304/408/321
f 276/387/306 316/418/328 303/405/320
f 276/387/306 305/409/322 316/418/328
f 253/406/164 304/408/321 208/302/192
f 267/361/281 281/370/290 317/419/329
f 223/321/214 346/420/307 332/421/330
f 307/390/309 308/410/323 333/389/308
f 309/374/293 307/390/309 268/375/294
f 334/380/299 296/422/331 270/313/247
f 258/353/273 321/423/332 320/392/310
f 358/258/205 321/423/332 258/353/273
f 191/424/132 381/425/206 322/413/324
f 297/394/312 359/426/333 289/356/276
f 290/381/300 298/395/313 312/415/326
f 312/415/326 298/395/313 349/427/334
f 313/397/315 312/415/326 324/428/335
f 313/397/315 324/428/335 325/398/316
f 325/398/316 293/385/304 314/384/303
f 301/402/318 326/429/336 302/403/319
f 300/399/317 327/430/337 315/416/327
f 316/418/328 327/430/337 300/399/317
f 305/409/322 267/361/281 316/418/328
f 283/373/292 329/431/338 328/432/339
f 346/388/307 330/433/340 331/434/341
f 346/420/307 331/435/341 332/421/330
f 283/373/292 308/410/323 306/376/295
f 283/373/292 328/432/339 308/410/323
f 334/380/299 335/436/342 356/437/343
f 334/380/299 356/437/343 296/422/331
f 320/392/310 334/380/299 287/379/298
f 320/392/310 336/438/344 334/380/299
f 321/423/332 336/438/344 320/392/310
f 358/258/205 337/439/345 321/423/332
f 310/339/263 323/440/346 297/394/312
f 260/235/186 361/414/325 288/276/218
f 298/395/313 289/356/276 338/441/347
f 298/395/313 338/441/347 349/427/334
f 312/415/326 349/427/334 339/442/348
f 312/415/326 339/442/348 324/428/335
f 325/398/316 324/428/335 341/443/349
f 325/398/316 341/443/349 293/385/304
f 324/428/335 339/442/348 342/444/350
f 324/428/335 342/444/350 341/443/349
f 341/443/349 340/445/351 293/385/304
f 341/443/349 343/446/352 340/445/351
f 326/429/336 352/447/353 344/448/354
f 326/429/336 344/448/354 302/403/319
f 301/417/318 315/416/327 326/449/336
f 327/430/337 345/450/355 315/416/327
f 316/418/328 267/361/281 327/430/337
f 267/361/281 317/419/329 345/450/355
f 267/361/281 345/450/355 327/430/337
f 223/321/214 332/421/330 355/451/356
f 318/372/291 329/431/338 283/373/292
f 308/410/323 330/433/340 346/388/307
f 346/388/307 333/389/308 308/410/323
f 334/380/299 336/438/344 348/452/357
f 334/380/299 348/452/357 335/436/342
f 321/423/332 337/439/345 348/452/357
f 321/423/332 348/452/357 336/438/344
f 289/356/276 359/426/333 338/441/347
f 339/442/348 349/427/334 360/453/358
f 339/442/348 360/453/358 350/454/359
f 339/442/348 350/454/359 342/444/350
f 342/444/350 343/446/352 341/443/349
f 302/403/319 351/455/360 277/404/287
f 352/456/353 368/457/361 353/458/362
f 326/449/336 354/459/363 352/456/353
f 315/416/327 354/459/363 326/449/336
f 315/416/327 345/450/355 354/459/363
f 280/460/213 478/461/364 282/371/261
f 223/321/214 355/451/356 281/370/290
f 328/432/339 347/462/365 308/410/323
f 330/433/340 347/462/365 331/434/341
f 335/436/342 357/463/366 356/437/343
f 270/313/247 296/422/331 272/364/284
f 297/394/312 323/440/346 359/426/333
f 349/427/334 338/441/347 360/453/358
f 261/354/274 407/464/367 361/414/325
f 293/385/304 407/464/367 261/354/274
f 342/444/350 350/454/359 343/446/352
f 343/446/352 350/454/359 362/465/368
f 343/446/352 362/466/368 363/467/369
f 343/446/352 363/467/369 340/445/351
f 362/466/368 364/468/370 363/467/369
f 344/448/354 351/455/360 302/403/319
f 344/448/354 365/469/371 366/470/372
f 352/447/353 367/471/373 344/448/354
f 352/447/353 369/472/374 367/471/373
f 354/459/363 368/457/361 352/456/353
f 354/459/363 345/450/355 368/457/361
f 345/450/355 369/473/374 368/457/361
f 345/450/355 317/419/329 369/473/374
f 328/432/339 370/474/375 347/462/365
f 347/462/365 370/474/375 331/434/341
f 331/434/341 370/474/375 371/475/376
f 331/435/341 371/476/376 332/421/330
f 338/441/347 359/426/333 372/477/377
f 338/441/347 372/477/377 360/453/358
f 360/453/358 373/478/378 350/454/359
f 360/453/358 372/477/377 373/478/378
f 350/454/359 373/478/378 362/465/368
f 362/465/368 373/478/378 364/479/370
f 364/468/370 374/480/379 363/467/369
f 366/470/372 351/455/360 344/448/354
f 351/455/360 366/470/372 375/481/380
f 344/448/354 367/471/373 365/469/371
f 353/458/362 369/473/374 352/456/353
f 368/457/361 369/473/374 353/458/362
f 317/482/329 376/483/381 377/484/382
f 317/482/329 451/485/383 376/483/381
f 281/370/290 355/451/356 317/419/329
f 450/486/384 478/461/364 280/460/213
f 355/451/356 332/421/330 471/487/385
f 318/372/291 319/335/262 429/488/386
f 318/372/291 429/488/386 329/431/338
f 332/421/330 371/476/376 379/489/387
f 348/452/357 416/490/388 357/463/366
f 348/452/357 357/463/366 335/436/342
f 310/339/263 417/491/389 323/440/346
f 381/425/206 380/492/390 322/413/324
f 359/426/333 382/493/391 372/477/377
f 373/478/378 372/477/377 396/494/392
f 373/478/378 396/494/392 364/479/370
f 293/385/304 340/445/351 383/495/393
f 293/385/304 383/495/393 407/464/367
f 364/479/370 396/494/392 374/480/379
f 374/480/379 396/494/392 384/496/394
f 374/480/379 385/497/395 363/467/369
f 375/481/380 386/498/396 351/455/360
f 375/481/380 387/499/397 386/498/396
f 366/470/372 388/500/398 375/501/380
f 366/470/372 389/502/399 388/500/398
f 365/469/371 389/502/399 366/470/372
f 365/469/371 367/471/373 389/502/399
f 369/472/374 377/484/382 367/471/373
f 317/419/329 377/503/382 369/473/374
f 478/461/364 378/504/400 282/371/261
f 282/371/261 378/504/400 319/335/262
f 332/421/330 391/505/401 392/506/402
f 332/421/330 379/489/387 391/505/401
f 332/421/330 392/506/402 471/487/385
f 329/431/338 370/474/375 328/432/339
f 329/431/338 415/507/403 402/508/404
f 370/474/375 393/509/405 371/475/376
f 371/476/376 393/510/405 379/489/387
f 357/463/366 422/511/406 356/437/343
f 357/463/366 416/490/388 422/511/406
f 337/439/345 416/490/388 348/452/357
f 337/439/345 394/512/407 416/490/388
f 356/437/343 422/511/406 433/513/408
f 356/437/343 459/514/409 296/422/331
f 356/437/343 433/513/408 459/514/409
f 337/439/345 395/515/410 394/512/407
f 358/258/205 395/515/410 337/439/345
f 359/426/333 323/440/346 382/493/391
f 372/477/377 382/493/391 396/494/392
f 340/445/351 363/467/369 383/495/393
f 374/480/379 384/496/394 385/497/395
f 363/467/369 385/497/395 383/495/393
f 386/498/396 399/516/411 351/455/360
f 386/498/396 398/517/412 399/516/411
f 375/501/380 413/518/413 387/499/397
f 351/455/360 399/516/411 410/519/414
f 351/455/360 410/519/414 277/404/287
f 388/500/398 413/518/413 375/501/380
f 388/500/398 400/520/415 413/518/413
f 277/404/287 521/521/416 304/408/321
f 389/502/399 400/520/415 388/500/398
f 367/471/373 377/484/382 400/520/415
f 367/471/373 400/520/415 389/502/399
f 377/484/382 376/483/381 400/520/415
f 304/408/321 486/522/417 208/302/192
f 319/335/262 378/504/400 429/488/386
f 429/488/386 415/507/403 329/431/338
f 391/505/401 432/523/418 392/506/402
f 402/508/404 393/509/405 329/431/338
f 402/524/404 403/525/419 393/510/405
f 402/524/404 421/526/420 404/527/421
f 379/489/387 404/528/421 391/505/401
f 379/489/387 403/525/419 404/528/421
f 329/431/338 393/509/405 370/474/375
f 296/422/331 490/529/422 272/364/284
f 361/414/325 462/530/423 288/276/218
f 384/496/394 424/531/424 408/532/425
f 384/496/394 419/533/426 424/531/424
f 383/495/393 406/534/427 407/464/367
f 384/496/394 408/532/425 385/497/395
f 385/497/395 408/535/425 397/536/428
f 385/497/395 397/536/428 383/495/393
f 399/516/411 409/537/429 426/538/430
f 399/516/411 398/517/412 409/537/429
f 410/519/414 399/516/411 426/538/430
f 387/499/397 398/517/412 386/498/396
f 387/499/397 411/539/431 398/517/412
f 387/499/397 412/540/432 411/539/431
f 410/519/414 521/521/416 277/404/287
f 387/499/397 413/518/413 412/540/432
f 400/520/415 376/483/381 414/541/433
f 400/520/415 414/541/433 413/518/413
f 415/542/403 421/526/420 402/524/404
f 393/510/405 403/525/419 379/489/387
f 296/422/331 459/514/409 490/529/422
f 490/529/422 459/514/409 460/543/434
f 310/411/263 272/364/284 417/544/389
f 462/545/423 418/546/435 288/547/218
f 396/494/392 423/548/436 419/533/426
f 396/494/392 419/533/426 384/496/394
f 408/535/425 420/549/437 397/536/428
f 408/535/425 424/531/424 420/549/437
f 397/536/428 406/534/427 383/495/393
f 397/536/428 420/549/437 406/534/427
f 413/518/413 414/541/433 412/540/432
f 392/506/402 432/523/418 454/550/438
f 404/527/421 403/525/419 402/524/404
f 404/528/421 421/551/420 401/552/439
f 404/528/421 401/552/439 391/505/401
f 358/258/205 405/393/311 395/515/410
f 323/440/346 423/548/436 382/493/391
f 382/493/391 423/548/436 396/494/392
f 424/531/424 444/553/440 420/549/437
f 420/549/437 444/553/440 464/554/441
f 420/549/437 464/554/441 406/534/427
f 409/537/429 398/517/412 425/555/442
f 409/537/429 425/555/442 426/538/430
f 398/517/412 427/556/443 425/555/442
f 398/517/412 411/539/431 427/556/443
f 412/540/432 428/557/444 411/539/431
f 414/541/433 428/557/444 412/540/432
f 414/541/433 376/483/381 428/557/444
f 415/542/403 430/558/445 421/526/420
f 415/542/403 431/559/446 430/558/445
f 421/551/420 430/558/445 391/505/401
f 391/505/401 401/552/439 421/551/420
f 391/505/401 430/558/445 432/523/418
f 416/490/388 394/512/407 422/511/406
f 422/511/406 434/560/447 433/513/408
f 323/440/346 417/491/389 532/561/448
f 323/440/346 532/561/448 423/548/436
f 419/533/426 436/562/449 424/531/424
f 423/548/436 436/562/449 419/533/426
f 424/531/424 436/562/449 463/563/450
f 424/531/424 463/563/450 444/553/440
f 406/534/427 464/554/441 407/464/367
f 426/538/430 445/564/451 410/519/414
f 426/538/430 438/565/452 437/566/453
f 425/555/442 438/565/452 426/538/430
f 425/555/442 427/556/443 438/565/452
f 411/539/431 439/567/454 427/556/443
f 428/557/444 439/567/454 411/539/431
f 428/557/444 376/483/381 440/568/455
f 428/557/444 440/568/455 439/567/454
f 390/303/239 450/486/384 122/304/193
f 122/304/193 450/486/384 280/460/213
f 454/550/438 441/569/456 392/506/402
f 430/558/445 431/559/446 432/523/418
f 394/512/407 434/560/447 422/511/406
f 394/512/407 442/570/457 434/560/447
f 395/515/410 442/570/457 394/512/407
f 405/393/311 435/571/458 395/515/410
f 417/544/389 272/364/284 483/572/459
f 423/548/436 491/573/460 436/562/449
f 436/562/449 491/573/460 463/563/450
f 444/553/440 443/574/461 464/554/441
f 410/519/414 445/564/451 446/575/462
f 426/538/430 447/576/463 445/564/451
f 437/566/453 447/576/463 426/538/430
f 438/565/452 448/577/464 437/566/453
f 438/565/452 440/568/455 448/577/464
f 427/556/443 439/567/454 440/568/455
f 427/556/443 440/568/455 438/565/452
f 376/483/381 451/485/383 477/578/465
f 376/483/381 477/578/465 440/568/455
f 355/579/356 451/485/383 317/482/329
f 355/579/356 471/580/385 451/485/383
f 429/581/386 431/559/446 415/542/403
f 429/581/386 452/582/466 431/559/446
f 441/569/456 479/583/467 453/584/468
f 441/569/456 453/584/468 392/506/402
f 432/523/418 431/559/446 454/585/438
f 433/513/408 434/560/447 455/586/469
f 433/513/408 455/586/469 456/587/470
f 433/513/408 456/587/470 459/514/409
f 442/570/457 455/586/469 434/560/447
f 442/570/457 457/588/471 455/586/469
f 442/570/457 458/589/472 457/588/471
f 395/515/410 458/589/472 442/570/457
f 395/515/410 461/590/473 458/589/472
f 405/393/311 380/492/390 435/571/458
f 407/464/367 462/530/423 361/414/325
f 407/464/367 579/591/474 462/530/423
f 464/554/441 465/592/475 466/593/476
f 464/554/441 467/594/477 407/464/367
f 464/554/441 466/593/476 467/594/477
f 447/576/463 468/595/478 445/564/451
f 447/576/463 469/596/479 468/595/478
f 447/576/463 470/597/480 469/596/479
f 447/576/463 476/598/481 470/597/480
f 437/566/453 476/598/481 447/576/463
f 437/566/453 448/577/464 476/598/481
f 378/504/400 472/599/482 429/488/386
f 431/559/446 479/583/467 441/569/456
f 441/569/456 454/585/438 431/559/446
f 456/587/470 455/586/469 457/588/471
f 456/587/470 457/588/471 473/600/483
f 456/587/470 473/600/483 459/514/409
f 435/571/458 461/590/473 395/515/410
f 322/413/324 380/492/390 405/393/311
f 423/548/436 532/561/448 491/573/460
f 444/553/440 463/563/450 443/574/461
f 468/595/478 446/575/462 445/564/451
f 469/596/479 475/601/484 468/595/478
f 410/519/414 474/602/485 521/521/416
f 469/596/479 470/597/480 475/601/484
f 448/577/464 487/603/486 476/598/481
f 390/303/239 449/604/487 450/486/384
f 429/488/386 472/599/482 452/605/466
f 452/582/466 479/583/467 431/559/446
f 452/605/466 472/599/482 501/606/488
f 392/607/402 453/608/468 488/609/489
f 473/600/483 457/588/471 480/610/490
f 457/588/471 458/589/472 480/610/490
f 473/600/483 481/611/491 459/514/409
f 458/589/472 482/612/492 480/610/490
f 462/530/423 579/591/474 580/613/493
f 407/464/367 493/614/494 579/591/474
f 443/574/461 465/592/475 464/554/441
f 465/592/475 484/615/495 466/593/476
f 465/592/475 494/616/496 484/615/495
f 446/575/462 474/602/485 410/519/414
f 470/597/480 485/617/497 475/601/484
f 476/598/481 485/617/497 470/597/480
f 476/598/481 487/603/486 485/617/497
f 304/408/321 521/521/416 486/522/417
f 440/568/455 477/578/465 487/603/486
f 440/568/455 487/603/486 448/577/464
f 208/302/192 523/618/498 390/303/239
f 488/609/489 489/619/499 526/620/500
f 488/609/489 526/620/500 392/607/402
f 501/621/488 479/583/467 452/582/466
f 501/622/488 453/608/468 479/623/467
f 453/608/468 501/622/488 488/609/489
f 480/610/490 481/611/491 473/600/483
f 459/514/409 481/611/491 460/543/434
f 463/563/450 465/624/475 443/574/461
f 463/563/450 491/573/460 492/625/501
f 463/563/450 494/616/496 465/624/475
f 463/563/450 492/625/501 494/616/496
f 467/594/477 493/614/494 407/464/367
f 466/593/476 493/614/494 467/594/477
f 484/615/495 494/616/496 516/626/502
f 468/595/478 495/627/503 446/575/462
f 468/595/478 496/628/504 495/627/503
f 474/602/485 518/629/505 521/521/416
f 468/595/478 497/630/506 496/628/504
f 468/595/478 498/631/507 497/630/506
f 475/601/484 498/631/507 468/595/478
f 485/617/497 498/631/507 475/601/484
f 485/617/497 487/603/486 498/631/507
f 487/603/486 500/632/508 499/633/509
f 208/302/192 486/522/417 523/618/498
f 392/607/402 526/620/500 471/580/385
f 472/599/482 508/634/510 501/606/488
f 480/610/490 482/612/492 481/611/491
f 482/612/492 458/589/472 502/635/511
f 460/543/434 503/636/512 528/637/513
f 481/611/491 482/612/492 502/638/511
f 481/611/491 503/636/512 460/543/434
f 481/611/491 502/638/511 503/636/512
f 288/547/218 591/639/514 381/425/206
f 381/425/206 591/639/514 380/492/390
f 491/573/460 539/640/515 492/625/501
f 491/573/460 532/561/448 539/640/515
f 446/575/462 505/641/516 474/602/485
f 496/628/504 497/630/506 507/642/517
f 497/630/506 522/643/518 507/642/517
f 498/631/507 499/633/509 522/643/518
f 498/631/507 522/643/518 497/630/506
f 487/603/486 499/633/509 498/631/507
f 477/578/465 500/632/508 487/603/486
f 390/303/239 523/618/498 449/604/487
f 478/461/364 535/644/519 378/504/400
f 508/645/510 509/646/520 546/647/521
f 501/622/488 508/645/510 488/609/489
f 488/609/489 508/645/510 489/619/499
s 2
f 502/638/522 511/648/523 512/649/524
s 1
f 502/638/511 512/649/525 503/636/512
f 502/635/511 458/589/472 512/650/526
f 458/589/472 513/651/527 512/650/526
f 461/590/473 513/651/527 458/589/472
f 490/529/422 460/543/434 531/652/528
f 272/364/284 590/653/529 483/572/459
f 492/625/501 539/640/515 514/654/530
f 492/625/501 514/654/530 494/616/496
f 493/614/494 515/655/531 579/591/474
f 493/614/494 504/656/532 515/655/531
f 494/616/496 514/654/530 516/626/502
f 516/626/502 514/654/530 541/657/533
f 516/626/502 541/657/533 517/658/534
f 505/641/516 518/629/505 474/602/485
f 505/641/516 519/659/535 518/629/505
f 506/660/536 520/661/537 505/641/516
f 495/627/503 507/642/517 506/660/536
f 496/628/504 507/642/517 495/627/503
f 507/642/517 522/643/518 534/662/538
f 518/629/505 551/663/539 521/521/416
f 499/633/509 572/664/540 522/643/518
f 499/633/509 500/632/508 572/664/540
f 486/522/417 646/665/541 523/618/498
f 451/485/383 471/580/385 524/666/542
f 378/504/400 535/644/519 552/667/543
f 378/504/400 552/667/543 472/599/482
f 472/599/482 509/668/520 508/634/510
f 472/599/482 552/667/543 509/668/520
f 471/580/385 526/620/500 525/669/544
f 526/620/500 489/619/499 536/670/545
f 526/620/500 555/671/546 525/669/544
f 508/645/510 546/647/521 489/619/499
f 512/649/525 510/672/547 503/636/512
s 3
f 512/649/548 527/673/549 510/672/550
s 1
f 510/672/547 528/637/513 503/636/512
f 510/672/547 529/674/551 528/637/513
f 513/651/527 510/675/547 512/650/526
f 513/651/527 529/674/551 510/675/547
f 513/651/527 530/676/552 529/674/551
f 460/543/434 528/637/513 531/652/528
f 490/529/422 590/653/529 272/364/284
f 490/529/422 531/652/528 590/653/529
f 288/547/218 418/546/435 591/639/514
f 514/654/530 539/640/515 540/677/553
f 514/654/530 540/677/553 541/657/533
f 517/658/534 504/656/532 493/614/494
f 517/658/534 548/678/554 504/656/532
f 520/661/537 519/659/535 505/641/516
f 520/661/537 533/679/555 519/659/535
f 506/660/536 533/679/555 520/661/537
f 506/660/536 507/642/517 533/679/555
f 522/643/518 572/664/540 534/662/538
f 478/461/364 450/486/384 649/680/556
f 489/619/499 546/647/521 536/670/545
f 528/637/513 529/674/551 547/681/557
f 461/590/473 530/676/552 513/651/527
f 461/590/473 537/682/558 530/676/552
f 532/683/448 538/684/559 539/685/515
f 541/657/533 548/678/554 517/658/534
f 519/659/535 543/686/560 542/687/561
f 519/659/535 542/687/561 518/629/505
f 543/686/560 519/659/535 533/679/555
f 543/686/560 550/688/562 542/687/561
f 533/679/555 544/689/563 543/686/560
f 542/687/561 551/663/539 518/629/505
f 542/687/561 569/690/564 551/663/539
f 533/679/555 507/642/517 544/689/563
f 507/642/517 534/662/538 561/691/565
f 507/642/517 561/691/565 544/689/563
f 534/662/538 545/692/566 561/691/565
f 521/521/416 646/665/541 486/522/417
f 451/485/383 524/666/542 477/578/465
f 536/670/545 553/693/567 526/620/500
f 528/637/513 588/694/568 556/695/569
f 528/637/513 556/695/569 531/652/528
f 435/571/458 537/682/558 461/590/473
f 380/492/390 641/696/570 435/571/458
f 541/657/533 549/697/571 548/678/554
f 541/657/533 566/698/572 549/697/571
f 543/686/560 544/689/563 550/688/562
f 544/689/563 561/691/565 550/688/562
f 649/680/556 535/644/519 478/461/364
f 471/580/385 525/669/544 524/666/542
f 509/646/520 553/693/567 546/647/521
f 509/646/520 554/699/573 562/700/574
f 509/646/520 562/700/574 553/693/567
f 526/620/500 553/693/567 555/671/546
f 546/647/521 553/693/567 536/670/545
f 547/681/557 588/694/568 528/637/513
f 530/676/552 547/681/557 529/674/551
f 530/676/552 557/701/575 547/681/557
f 590/653/529 564/702/576 483/572/459
f 417/703/389 483/704/459 598/705/577
f 540/677/553 565/706/578 541/657/533
f 541/657/533 565/706/578 566/698/572
f 548/678/554 549/697/571 558/707/579
f 548/678/554 558/707/579 504/656/532
f 504/656/532 558/707/579 559/708/580
f 504/656/532 559/708/580 515/655/531
f 549/697/571 581/709/581 558/707/579
f 542/687/561 560/710/582 569/690/564
f 542/687/561 550/688/562 560/710/582
f 551/663/539 619/711/583 521/521/416
f 521/521/416 619/711/583 646/665/541
f 477/578/465 524/666/542 500/632/508
f 525/669/544 636/712/584 524/666/542
f 555/671/546 553/693/567 562/700/574
f 547/681/557 557/701/575 588/694/568
f 537/682/558 557/701/575 530/676/552
f 435/571/458 563/713/585 537/682/558
f 539/640/515 565/706/578 540/677/553
f 539/685/515 538/684/559 565/714/578
f 565/706/578 578/715/586 566/698/572
f 558/707/579 581/709/581 582/716/587
f 558/707/579 582/716/587 567/717/588
f 558/707/579 567/717/588 559/708/580
f 560/710/582 550/688/562 568/718/589
f 560/710/582 568/718/589 569/690/564
f 551/663/539 583/719/590 570/720/591
f 569/690/564 583/719/590 551/663/539
f 550/688/562 571/721/592 568/718/589
f 550/688/562 561/691/565 571/721/592
f 572/664/540 604/722/593 534/662/538
f 523/618/498 622/723/594 449/604/487
f 525/669/544 587/724/595 636/712/584
f 552/725/543 554/699/573 509/646/520
f 525/669/544 555/671/546 574/726/596
f 555/671/546 562/700/574 575/727/597
f 531/652/528 556/695/569 576/728/598
f 531/652/528 576/728/598 590/653/529
f 641/696/570 563/713/585 435/571/458
f 418/546/435 577/729/599 591/639/514
f 580/730/493 418/546/435 462/545/423
f 532/683/448 598/705/577 538/684/559
f 565/714/578 538/684/559 578/731/586
f 578/731/586 538/684/559 592/732/600
f 578/731/586 592/732/600 566/733/572
f 566/698/572 581/709/581 549/697/571
f 566/733/572 592/732/600 599/734/601
f 566/698/572 599/735/601 581/709/581
f 581/736/581 599/734/601 582/737/587
f 569/690/564 568/718/589 583/719/590
f 568/718/589 602/738/602 583/719/590
f 568/718/589 584/739/603 602/738/602
f 568/718/589 585/740/604 584/739/603
f 571/721/592 585/740/604 568/718/589
f 551/663/539 595/741/605 619/711/583
f 534/662/538 604/722/593 545/692/566
f 572/664/540 621/742/606 604/722/593
f 572/664/540 586/743/607 621/742/606
f 524/666/542 573/744/608 500/632/508
f 574/726/596 587/724/595 525/669/544
f 575/727/597 562/700/574 597/745/609
f 574/726/596 555/671/546 575/727/597
f 556/695/569 612/746/610 576/728/598
f 537/682/558 588/694/568 557/701/575
f 537/682/558 589/747/611 588/694/568
f 537/682/558 563/713/585 589/747/611
f 380/492/390 591/639/514 641/696/570
f 417/703/389 598/705/577 532/683/448
f 538/684/559 700/748/612 592/732/600
f 579/749/474 515/750/531 593/751/613
f 579/749/474 593/751/613 580/730/493
f 582/716/587 600/752/614 594/753/615
f 582/716/587 594/753/615 567/717/588
f 567/717/588 628/754/616 559/708/580
f 567/717/588 594/753/615 628/754/616
f 570/720/591 595/741/605 551/663/539
f 545/692/566 596/755/617 561/691/565
f 545/692/566 604/722/593 596/755/617
f 561/691/565 596/755/617 571/721/592
f 500/632/508 586/743/607 572/664/540
f 500/632/508 573/744/608 586/743/607
f 554/699/573 597/745/609 562/700/574
f 575/727/597 597/745/609 610/756/618
f 588/694/568 589/747/611 556/695/569
f 418/546/435 614/757/619 577/729/599
f 538/684/559 598/705/577 700/748/612
f 582/737/587 599/734/601 600/758/614
f 515/750/531 601/759/620 593/751/613
f 559/708/580 628/754/616 601/760/620
f 559/708/580 601/760/620 515/655/531
f 583/719/590 595/741/605 570/720/591
f 583/719/590 633/761/621 595/741/605
f 583/719/590 602/738/602 633/761/621
f 571/721/592 596/755/617 585/740/604
f 649/680/556 650/762/622 535/644/519
f 535/763/519 605/764/623 552/725/543
f 535/763/519 650/765/622 605/764/623
f 587/724/595 606/766/624 607/767/625
f 587/724/595 607/767/625 608/768/626
f 552/725/543 609/769/627 554/699/573
f 610/756/618 574/726/596 575/727/597
f 587/724/595 574/726/596 610/756/618
f 556/695/569 611/770/628 612/746/610
f 589/747/611 611/770/628 556/695/569
f 591/639/514 613/771/629 641/696/570
f 564/772/576 668/773/630 483/704/459
f 564/772/576 642/774/631 668/773/630
f 580/730/493 614/757/619 418/546/435
f 599/734/601 627/775/632 600/758/614
f 600/758/614 615/776/633 594/777/615
f 600/758/614 627/775/632 615/776/633
f 616/778/634 633/761/621 617/779/635
f 616/778/634 617/779/635 595/741/605
f 595/741/605 633/761/621 616/778/634
f 595/741/605 617/779/635 619/711/583
f 619/711/583 620/780/636 646/665/541
f 585/740/604 603/781/637 584/739/603
f 585/740/604 634/782/638 603/781/637
f 596/755/617 604/722/593 634/782/638
f 586/743/607 573/744/608 621/742/606
f 523/618/498 635/783/639 622/723/594
f 524/666/542 636/712/584 573/744/608
f 605/764/623 609/769/627 552/725/543
f 554/699/573 637/784/640 623/785/641
f 554/699/573 623/785/641 597/745/609
f 610/756/618 606/766/624 587/724/595
f 610/756/618 624/786/642 606/766/624
f 597/745/609 623/785/641 610/756/618
f 589/747/611 625/787/643 611/770/628
f 563/713/585 625/787/643 589/747/611
f 563/713/585 626/788/644 625/787/643
f 590/653/529 642/789/631 564/702/576
f 577/729/599 613/771/629 591/639/514
f 580/730/493 593/751/613 614/757/619
f 598/705/577 699/790/645 700/748/612
f 592/732/600 627/775/632 599/734/601
f 601/759/620 628/791/616 644/792/646
f 594/777/615 655/793/647 629/794/648
f 594/777/615 629/794/648 628/795/616
f 633/761/621 602/738/602 584/739/603
f 633/761/621 675/796/649 617/779/635
f 633/761/621 630/797/650 675/796/649
f 584/739/603 631/798/651 632/799/652
f 584/739/603 632/799/652 633/800/621
f 603/781/637 618/801/653 584/739/603
f 646/665/541 635/783/639 523/618/498
f 450/486/384 449/604/487 649/680/556
f 587/724/595 608/768/626 636/712/584
f 609/769/627 637/784/640 554/699/573
f 637/784/640 610/756/618 623/785/641
f 637/784/640 638/802/654 610/756/618
f 606/766/624 638/802/654 607/767/625
f 606/766/624 624/786/642 638/802/654
f 610/756/618 638/802/654 624/786/642
f 576/728/598 612/746/610 640/803/655
f 614/757/619 643/804/656 577/729/599
f 615/776/633 655/793/647 594/777/615
f 628/795/616 629/794/648 644/805/646
f 633/800/621 632/799/652 630/797/650
f 631/798/651 662/806/657 632/799/652
f 631/798/651 645/807/658 662/806/657
f 617/779/635 661/808/659 659/809/660
f 584/739/603 618/801/653 631/798/651
f 618/801/653 603/781/637 645/807/658
f 618/801/653 645/807/658 631/798/651
f 620/780/636 619/711/583 685/810/661
f 603/781/637 647/811/662 645/807/658
f 634/782/638 647/811/662 603/781/637
f 604/722/593 647/811/662 634/782/638
f 604/722/593 691/812/663 647/811/662
f 621/742/606 691/812/663 604/722/593
f 573/744/608 636/712/584 648/813/664
f 637/784/640 651/814/665 638/802/654
f 638/802/654 651/814/665 639/815/666
f 638/802/654 639/815/666 607/767/625
f 611/770/628 625/787/643 612/746/610
f 640/803/655 612/746/610 680/816/667
f 612/746/610 652/817/668 680/816/667
f 563/713/585 653/818/669 626/788/644
f 626/788/644 652/817/668 625/787/643
f 626/788/644 667/819/670 652/817/668
f 563/713/585 641/696/570 653/818/669
f 576/728/598 642/789/631 590/653/529
f 576/728/598 640/803/655 642/789/631
f 641/696/570 654/820/671 653/818/669
f 627/775/632 655/793/647 615/776/633
f 627/775/632 656/821/672 655/793/647
f 655/793/647 672/822/673 629/794/648
f 629/794/648 672/822/673 657/823/674
f 644/792/646 674/824/675 601/759/620
f 644/792/646 658/825/676 674/824/675
f 661/808/659 660/826/677 659/809/660
f 617/779/635 675/796/649 661/827/659
f 659/809/660 619/711/583 617/779/635
f 685/810/661 619/711/583 659/809/660
f 691/812/663 663/828/678 647/811/662
f 646/665/541 678/829/679 635/783/639
f 449/604/487 664/830/680 649/680/556
f 573/744/608 648/813/664 621/742/606
f 649/831/556 664/832/680 650/765/622
f 605/764/623 694/833/681 609/769/627
f 609/769/627 651/814/665 637/784/640
f 609/769/627 665/834/682 651/814/665
f 607/767/625 651/814/665 666/835/683
f 607/767/625 639/815/666 651/814/665
f 625/787/643 652/817/668 612/746/610
f 653/818/669 667/819/670 626/788/644
f 653/818/669 697/836/684 667/819/670
f 577/729/599 681/837/685 613/771/629
f 577/729/599 643/804/656 681/837/685
f 483/704/459 668/773/630 698/838/686
f 614/757/619 669/839/687 643/804/656
f 669/839/687 745/840/688 643/804/656
f 614/757/619 593/751/613 669/839/687
f 592/732/600 700/748/612 682/841/689
f 592/732/600 682/841/689 627/775/632
f 627/775/632 682/841/689 656/821/672
f 601/759/620 674/824/675 593/751/613
f 593/751/613 671/842/690 670/843/691
f 655/793/647 656/821/672 672/822/673
f 674/824/675 671/842/690 593/751/613
f 629/794/648 658/844/676 644/805/646
f 629/794/648 657/823/674 658/844/676
f 657/823/674 703/845/692 673/846/693
f 661/827/659 675/796/649 660/826/677
f 630/797/650 676/847/694 675/796/649
f 630/797/650 687/848/695 676/847/694
f 645/807/658 677/849/696 662/806/657
f 678/829/679 717/850/697 679/851/698
f 678/829/679 679/851/698 635/783/639
f 636/712/584 608/768/626 648/813/664
f 609/769/627 694/833/681 665/834/682
f 651/814/665 665/834/682 720/852/699
f 651/814/665 720/852/699 666/835/683
f 667/819/670 680/816/667 652/817/668
f 613/771/629 654/820/671 641/696/570
f 613/771/629 681/837/685 654/820/671
f 643/804/656 826/853/700 681/837/685
f 682/841/689 724/854/701 656/821/672
f 593/751/613 670/843/691 702/855/702
f 593/751/613 702/855/702 669/839/687
f 656/821/672 724/854/701 672/822/673
f 672/822/673 703/845/692 657/823/674
f 657/823/674 673/846/693 658/844/676
f 674/856/675 658/844/676 683/857/703
f 674/824/675 684/858/704 671/842/690
f 674/856/675 683/857/703 684/859/704
f 659/809/660 660/826/677 685/810/661
f 675/796/649 676/847/694 686/860/705
f 675/796/649 686/860/705 660/826/677
f 632/799/652 687/848/695 630/797/650
f 662/806/657 687/848/695 632/799/652
f 685/810/661 715/861/706 620/780/636
f 685/810/661 688/862/707 715/861/706
f 647/811/662 689/863/708 645/807/658
f 620/780/636 678/829/679 646/665/541
f 691/812/663 690/864/709 663/828/678
f 621/742/606 648/813/664 691/812/663
f 449/604/487 818/865/710 664/830/680
f 650/765/622 664/832/680 692/866/711
f 650/765/622 693/867/712 605/764/623
f 650/765/622 692/866/711 693/867/712
f 605/764/623 693/867/712 694/833/681
f 666/835/683 608/768/626 607/767/625
f 680/816/667 695/868/713 696/869/714
f 680/816/667 696/869/714 640/803/655
f 667/819/670 695/868/713 680/816/667
f 667/819/670 697/836/684 695/868/713
f 653/818/669 654/820/671 697/836/684
f 483/704/459 698/838/686 598/705/577
f 698/838/686 699/790/645 598/705/577
f 670/843/691 671/842/690 701/870/715
f 670/843/691 701/870/715 702/855/702
f 672/822/673 747/871/716 703/845/692
f 671/842/690 684/858/704 701/870/715
f 701/870/715 684/858/704 704/872/717
f 673/846/693 703/845/692 705/873/718
f 658/844/676 673/846/693 706/874/719
f 658/844/676 706/874/719 683/857/703
f 683/857/703 707/875/720 709/876/721
f 683/857/703 706/874/719 708/877/722
f 683/857/703 709/876/721 684/859/704
f 683/857/703 708/877/722 707/875/720
f 707/875/720 710/878/723 709/876/721
f 707/875/720 730/879/724 710/878/723
f 709/880/721 710/881/723 729/882/725
f 710/883/723 711/884/726 729/885/725
f 685/810/661 712/886/727 688/862/707
f 676/847/694 713/887/728 686/860/705
f 676/847/694 687/848/695 713/887/728
f 715/861/706 688/862/707 714/888/729
f 620/780/636 714/888/729 678/829/679
f 620/780/636 715/861/706 714/888/729
f 645/807/658 689/863/708 716/889/730
f 645/807/658 716/889/730 677/849/696
f 678/829/679 768/890/731 717/850/697
f 689/863/708 663/828/678 776/891/732
f 689/863/708 776/891/732 716/889/730
f 717/850/697 718/892/733 679/851/698
f 717/850/697 771/893/734 718/892/733
f 647/811/662 663/828/678 689/863/708
f 635/783/639 679/851/698 622/723/594
f 691/812/663 648/813/664 719/894/735
f 622/723/594 739/895/736 818/865/710
f 622/723/594 818/865/710 449/604/487
f 664/832/680 777/896/737 692/866/711
f 648/813/664 608/768/626 740/897/738
f 694/833/681 741/898/739 665/834/682
f 665/834/682 741/898/739 720/852/699
f 696/869/714 695/868/713 721/899/740
f 696/869/714 721/899/740 640/803/655
f 640/803/655 780/900/741 642/789/631
f 640/803/655 782/901/742 780/900/741
f 640/803/655 721/899/740 782/901/742
f 642/774/631 780/902/741 668/773/630
f 681/837/685 723/903/743 722/904/744
f 745/840/688 826/853/700 643/804/656
f 699/790/645 698/838/686 786/905/745
f 682/841/689 700/748/612 724/854/701
f 724/854/701 747/871/716 672/822/673
f 703/845/692 725/906/746 705/873/718
f 703/845/692 747/871/716 725/906/746
f 705/873/718 706/874/719 673/846/693
f 705/873/718 725/906/746 726/907/747
f 684/858/704 709/880/721 704/872/717
f 704/872/717 709/880/721 729/882/725
f 704/872/717 729/882/725 727/908/748
f 704/872/717 727/908/748 750/909/749
f 704/872/717 728/910/750 701/870/715
f 704/872/717 750/909/749 728/910/750
f 706/874/719 705/873/718 708/877/722
f 708/877/722 730/879/724 707/875/720
f 708/877/722 726/907/747 730/879/724
f 727/911/748 729/885/725 732/912/751
f 727/908/748 734/913/752 750/909/749
f 730/879/724 731/914/753 710/878/723
f 731/914/753 730/879/724 755/915/754
f 710/883/723 731/916/753 711/884/726
f 711/884/726 732/912/751 729/885/725
f 711/884/726 757/917/755 732/912/751
f 732/912/751 733/918/756 734/919/752
f 732/912/751 734/919/752 727/911/748
f 731/916/753 757/917/755 711/884/726
f 731/916/753 755/920/754 757/917/755
f 732/912/751 757/917/755 733/918/756
f 733/918/756 757/917/755 736/921/757
f 733/918/756 735/922/758 734/919/752
f 733/918/756 736/921/757 735/922/758
f 686/860/705 810/923/759 712/886/727
f 686/860/705 712/886/727 660/826/677
f 660/826/677 712/886/727 685/810/661
f 688/862/707 813/924/760 714/888/729
f 688/862/707 737/925/761 813/924/760
f 714/888/729 768/890/731 678/829/679
f 717/850/697 768/890/731 738/926/762
f 677/849/696 716/889/730 769/927/763
f 663/828/678 816/928/764 776/891/732
f 622/723/594 679/851/698 739/895/736
f 690/864/709 860/929/765 663/828/678
f 691/812/663 719/894/735 690/864/709
f 693/867/712 741/898/739 694/833/681
f 693/867/712 692/866/711 778/930/766
f 693/867/712 778/930/766 741/898/739
f 608/768/626 743/931/767 740/897/738
f 608/768/626 742/932/768 743/931/767
f 741/898/739 778/930/766 720/852/699
f 608/768/626 666/835/683 742/932/768
f 695/868/713 744/933/769 721/899/740
f 697/836/684 744/933/769 695/868/713
f 697/836/684 866/934/770 744/933/769
f 681/837/685 722/904/744 654/820/671
f 826/853/700 723/903/743 681/837/685
f 668/773/630 899/935/771 698/838/686
f 699/790/645 786/905/745 700/748/612
f 700/748/612 786/905/745 868/936/772
f 701/870/715 746/937/773 702/855/702
f 728/910/750 746/937/773 701/870/715
f 728/910/750 748/938/774 746/937/773
f 725/906/746 747/871/716 749/939/775
f 705/873/718 726/907/747 708/877/722
f 726/907/747 751/940/776 730/879/724
f 730/879/724 751/940/776 752/941/777
f 730/879/724 752/941/777 755/915/754
f 734/919/752 735/922/758 754/942/778
f 734/913/752 753/943/779 750/909/749
f 734/913/752 756/944/780 753/943/779
f 754/942/778 756/945/780 734/919/752
f 754/942/778 804/946/781 756/945/780
f 755/915/754 752/941/777 797/947/782
f 755/915/754 797/947/782 757/948/755
f 757/948/755 797/947/782 758/949/783
f 757/917/755 758/950/783 736/921/757
f 736/921/757 759/951/784 735/922/758
f 736/921/757 760/952/785 759/951/784
f 735/922/758 759/951/784 754/942/778
f 736/921/757 758/950/783 760/952/785
f 759/951/784 760/952/785 804/946/781
f 759/951/784 804/946/781 754/942/778
f 762/953/786 763/954/787 764/955/788
f 763/954/787 810/956/759 765/957/789
f 763/954/787 765/957/789 764/955/788
f 810/923/759 686/860/705 765/958/789
f 764/955/788 765/957/789 767/959/790
f 712/886/727 766/960/791 688/862/707
f 712/886/727 810/923/759 766/960/791
f 765/958/789 686/860/705 713/887/728
f 765/958/789 713/887/728 767/961/790
f 713/887/728 812/962/792 767/961/790
f 768/890/731 772/963/793 738/926/762
f 714/888/729 813/924/760 768/890/731
f 738/926/762 771/893/734 717/850/697
f 738/926/762 772/963/793 771/893/734
f 771/893/734 774/964/794 718/892/733
f 771/965/734 772/966/793 773/967/795
f 771/965/734 773/967/795 774/968/794
f 716/889/730 775/969/796 769/927/763
f 716/889/730 776/891/732 775/969/796
f 739/895/736 815/970/797 818/865/710
f 664/971/680 819/972/798 777/973/737
f 648/813/664 740/897/738 719/894/735
f 692/866/711 777/896/737 821/974/799
f 743/931/767 742/932/768 779/975/800
f 720/852/699 742/932/768 666/835/683
f 720/852/699 778/930/766 896/976/801
f 720/852/699 779/975/800 742/932/768
f 720/852/699 896/976/801 779/975/800
f 721/899/740 824/977/802 781/978/803
f 721/899/740 781/978/803 782/901/742
f 654/820/671 866/934/770 697/836/684
f 654/820/671 783/979/804 866/934/770
f 668/773/630 780/902/741 784/980/805
f 668/773/630 784/980/805 785/981/806
f 668/773/630 785/981/806 899/935/771
f 698/838/686 827/982/807 786/905/745
f 698/838/686 899/935/771 827/982/807
f 702/855/702 746/937/773 787/983/808
f 702/855/702 787/983/808 669/839/687
f 724/854/701 788/984/809 747/871/716
f 746/937/773 748/938/774 789/985/810
f 746/937/773 789/985/810 787/983/808
f 747/871/716 790/986/811 749/939/775
f 750/909/749 791/987/812 748/938/774
f 750/909/749 748/938/774 728/910/750
f 726/907/747 725/906/746 829/988/813
f 726/907/747 829/988/813 831/989/814
f 726/907/747 831/989/814 751/940/776
f 791/987/812 792/990/815 748/938/774
f 791/987/812 833/991/816 792/990/815
f 751/940/776 793/992/817 752/941/777
f 751/940/776 831/989/814 793/992/817
f 753/943/779 791/987/812 750/909/749
f 793/992/817 831/989/814 832/993/818
f 793/992/817 794/994/819 752/941/777
f 793/992/817 832/993/818 794/994/819
f 756/944/780 795/995/820 753/943/779
f 761/996/821 796/997/822 762/953/786
f 761/996/821 841/998/823 796/997/822
f 761/996/821 838/999/824 841/998/823
f 756/945/780 804/946/781 805/1000/825
f 756/945/780 805/1000/825 795/1001/820
f 795/1001/820 805/1000/825 798/1002/826
f 802/1003/827 803/1004/828 799/1005/829
f 802/1006/827 800/1007/830 801/1008/831
f 758/949/783 797/947/782 799/1005/829
f 758/949/783 799/1005/829 803/1004/828
f 758/950/783 803/1009/828 760/952/785
f 760/952/785 803/1009/828 804/946/781
f 805/1000/825 806/1010/832 798/1002/826
f 798/1002/826 806/1010/832 808/1011/833
f 798/1002/826 808/1011/833 796/997/822
f 796/997/822 808/1011/833 763/954/787
f 796/997/822 763/954/787 762/953/786
f 803/1009/828 809/1012/834 804/946/781
f 804/946/781 809/1012/834 805/1000/825
f 805/1000/825 807/1013/835 806/1010/832
f 805/1000/825 809/1012/834 807/1013/835
f 806/1010/832 807/1013/835 808/1011/833
f 811/1014/836 807/1013/835 809/1012/834
f 811/1014/836 808/1011/833 807/1013/835
f 811/1014/836 810/956/759 808/1011/833
f 811/1015/836 766/960/791 810/923/759
f 808/1011/833 810/956/759 763/954/787
f 766/960/791 811/1015/836 737/925/761
f 766/960/791 737/925/761 688/862/707
f 768/890/731 813/924/760 855/1016/837
f 855/1016/837 772/963/793 768/890/731
f 855/1016/837 813/924/760 852/1017/838
f 774/964/794 739/895/736 718/892/733
f 774/968/794 773/967/795 814/1018/839
f 774/964/794 815/970/797 739/895/736
f 774/968/794 814/1018/839 815/1019/797
f 775/1020/796 817/1021/840 770/1022/841
f 718/892/733 739/895/736 679/851/698
f 816/928/764 817/1023/840 776/891/732
f 816/1024/764 861/1025/842 817/1021/840
f 776/891/732 817/1023/840 775/969/796
f 860/929/765 816/928/764 663/828/678
f 818/1026/710 819/972/798 664/971/680
f 818/1026/710 820/1027/843 819/972/798
f 777/973/737 929/1028/844 821/1029/799
f 692/866/711 822/1030/845 778/930/766
f 692/866/711 931/1031/846 822/1030/845
f 779/975/800 823/1032/847 743/931/767
f 744/933/769 824/977/802 721/899/740
f 866/934/770 824/977/802 744/933/769
f 722/904/744 783/979/804 654/820/671
f 722/904/744 825/1033/848 783/979/804
f 787/983/808 745/840/688 669/839/687
f 700/748/612 868/936/772 788/984/809
f 700/748/612 788/984/809 724/854/701
f 748/938/774 792/990/815 789/985/810
f 747/871/716 788/984/809 790/986/811
f 749/939/775 790/986/811 828/1034/849
f 749/939/775 829/988/813 725/906/746
f 749/939/775 828/1034/849 830/1035/850
f 749/939/775 830/1035/850 829/988/813
f 829/988/813 874/1036/851 831/989/814
f 791/987/812 837/1037/852 833/991/816
f 834/1038/853 835/1039/854 794/994/819
f 834/1038/853 836/1040/855 835/1039/854
f 794/994/819 835/1039/854 839/1041/856
f 794/994/819 839/1041/856 752/941/777
f 794/994/819 832/993/818 834/1038/853
f 752/941/777 839/1041/856 797/947/782
f 753/943/779 795/995/820 837/1037/852
f 753/943/779 837/1037/852 791/987/812
f 837/1042/852 795/1001/820 841/998/823
f 835/1039/854 844/1043/857 840/1044/858
f 835/1039/854 840/1044/858 839/1041/856
f 835/1039/854 836/1040/855 844/1043/857
f 839/1041/856 799/1005/829 797/947/782
f 795/1001/820 798/1002/826 841/998/823
f 841/998/823 798/1002/826 796/997/822
f 841/1045/823 915/1046/859 837/1037/852
f 841/998/823 838/999/824 915/1047/859
f 842/1048/860 843/1049/861 876/1050/862
f 842/1048/860 847/1051/863 846/1052/864
f 842/1048/860 846/1052/864 843/1049/861
f 844/1043/857 836/1040/855 845/1053/865
f 839/1041/856 840/1044/858 799/1005/829
f 799/1005/829 800/1054/830 802/1003/827
f 803/1009/828 802/1006/827 851/1055/866
f 803/1009/828 851/1055/866 809/1012/834
f 844/1043/857 846/1052/864 848/1056/867
f 844/1043/857 848/1056/867 840/1044/858
f 844/1043/857 843/1049/861 846/1052/864
f 840/1044/858 800/1054/830 799/1005/829
f 840/1044/858 848/1056/867 800/1054/830
f 847/1051/863 853/1057/868 848/1056/867
f 847/1051/863 849/1058/869 853/1057/868
f 801/1008/831 851/1055/866 802/1006/827
f 809/1012/834 851/1055/866 811/1014/836
f 848/1056/867 846/1052/864 847/1051/863
f 848/1059/867 850/1060/870 800/1061/830
f 848/1059/867 883/1062/871 850/1060/870
f 851/1055/866 852/1063/838 811/1014/836
f 851/1055/866 801/1008/831 852/1063/838
f 811/1015/836 852/1017/838 737/925/761
f 848/1059/867 853/1064/868 883/1062/871
f 800/1061/830 850/1060/870 854/1065/872
f 800/1007/830 854/1066/872 801/1008/831
f 852/1063/838 801/1008/831 855/1067/837
f 852/1017/838 813/924/760 737/925/761
f 801/1008/831 854/1066/872 855/1067/837
f 850/1060/870 856/1068/873 854/1065/872
f 850/1060/870 883/1062/871 856/1068/873
f 854/1065/872 856/1068/873 772/966/793
f 854/1065/872 772/966/793 855/1069/837
f 856/1068/873 773/967/795 772/966/793
f 773/967/795 856/1068/873 857/1070/874
f 773/967/795 857/1070/874 888/1071/875
f 773/967/795 888/1071/875 814/1018/839
f 817/1021/840 859/1072/876 770/1022/841
f 816/1024/764 860/1073/765 861/1025/842
f 740/897/738 933/1074/877 862/1075/878
f 740/897/738 862/1075/878 719/894/735
f 743/931/767 823/1032/847 740/897/738
f 779/975/800 896/976/801 823/1032/847
f 824/977/802 863/1076/879 781/978/803
f 781/978/803 863/1076/879 897/1077/880
f 781/978/803 897/1077/880 782/901/742
f 866/934/770 863/1076/879 824/977/802
f 866/934/770 864/1078/881 863/1076/879
f 782/901/742 897/1077/880 865/1079/882
f 782/901/742 865/1079/882 780/900/741
f 866/934/770 783/979/804 864/1078/881
f 722/904/744 901/1080/883 825/1033/848
f 786/905/745 827/982/807 867/1081/884
f 786/905/745 867/1081/884 904/1082/885
f 786/905/745 904/1082/885 868/936/772
f 787/983/808 870/1083/886 869/1084/887
f 787/983/808 869/1084/887 745/840/688
f 788/984/809 828/1034/849 790/986/811
f 789/985/810 792/990/815 870/1083/886
f 789/985/810 870/1083/886 787/983/808
f 792/990/815 944/1085/888 870/1083/886
f 792/990/815 871/1086/889 944/1085/888
f 829/988/813 830/1035/850 874/1036/851
f 833/991/816 871/1086/889 792/990/815
f 833/991/816 872/1087/890 871/1086/889
f 874/1036/851 873/1088/891 831/989/814
f 831/989/814 873/1088/891 832/993/818
f 845/1053/865 909/1089/892 875/1090/893
f 845/1053/865 874/1036/851 909/1089/892
f 873/1088/891 845/1053/865 836/1040/855
f 873/1088/891 836/1040/855 832/993/818
f 873/1088/891 874/1036/851 845/1053/865
f 832/993/818 836/1040/855 834/1038/853
f 876/1050/862 879/1091/894 878/1092/895
f 876/1050/862 875/1090/893 879/1091/894
f 876/1050/862 877/1093/896 842/1048/860
f 876/1050/862 843/1049/861 875/1090/893
f 875/1090/893 843/1049/861 845/1053/865
f 845/1053/865 843/1049/861 844/1043/857
f 877/1093/896 876/1050/862 910/1094/897
f 877/1093/896 880/1095/898 847/1051/863
f 877/1093/896 910/1094/897 880/1095/898
f 877/1093/896 847/1051/863 842/1048/860
f 881/1096/899 849/1058/869 847/1051/863
f 881/1096/899 882/1097/900 849/1058/869
f 849/1058/869 884/1098/901 853/1057/868
f 853/1064/868 886/1099/902 883/1062/871
f 853/1064/868 885/1100/903 886/1099/902
f 853/1057/868 884/1098/901 885/1101/903
f 883/1062/871 886/1099/902 887/1102/904
f 883/1062/871 887/1102/904 856/1068/873
f 856/1068/873 887/1102/904 857/1070/874
f 885/1100/903 884/1103/901 918/1104/905
f 885/1100/903 918/1104/905 919/1105/906
f 885/1100/903 919/1105/906 886/1099/902
f 887/1102/904 886/1099/902 917/1106/907
f 887/1102/904 917/1106/907 857/1070/874
f 857/1070/874 917/1106/907 888/1071/875
f 888/1071/875 858/1107/908 814/1018/839
f 814/1018/839 858/1107/908 889/1108/909
f 814/1018/839 889/1108/909 815/1019/797
f 815/1019/797 889/1108/909 891/1109/910
f 817/1021/840 890/1110/911 859/1072/876
f 817/1021/840 861/1025/842 925/1111/912
f 817/1021/840 925/1111/912 890/1110/911
f 815/1019/797 891/1109/910 820/1027/843
f 815/1019/797 820/1027/843 818/1026/710
f 819/972/798 892/1112/913 929/1028/844
f 819/972/798 929/1028/844 777/973/737
f 819/972/798 893/1113/914 892/1112/913
f 860/1073/765 690/1114/709 894/1115/915
f 860/1073/765 894/1115/915 861/1025/842
f 821/974/799 931/1031/846 692/866/711
f 895/1116/916 740/897/738 823/1032/847
f 933/1074/877 740/897/738 895/1116/916
f 822/1030/845 896/976/801 778/930/766
f 823/1032/847 964/1117/917 895/1116/916
f 823/1032/847 896/976/801 964/1117/917
f 863/1076/879 864/1078/881 897/1077/880
f 780/900/741 934/1118/918 784/1119/805
f 897/1077/880 935/1120/919 865/1079/882
f 783/979/804 898/1121/920 864/1078/881
f 723/903/743 901/1080/883 722/904/744
f 723/903/743 900/1122/921 901/1080/883
f 826/853/700 900/1122/921 723/903/743
f 826/853/700 869/1084/887 900/1122/921
f 827/982/807 899/935/771 937/1123/922
f 827/982/807 937/1123/922 867/1081/884
f 745/840/688 869/1084/887 826/853/700
f 867/1081/884 902/1124/923 904/1082/885
f 904/1082/885 903/1125/924 942/1126/925
f 904/1082/885 942/1126/925 868/936/772
f 868/936/772 905/1127/926 788/984/809
f 869/1084/887 907/1128/927 906/1129/928
f 828/1034/849 788/984/809 908/1130/929
f 828/1034/849 908/1130/929 830/1035/850
f 830/1035/850 908/1130/929 909/1089/892
f 830/1035/850 909/1089/892 874/1036/851
f 910/1094/897 878/1092/895 911/1131/930
f 910/1094/897 876/1050/862 878/1092/895
f 879/1091/894 912/1132/931 878/1092/895
f 879/1091/894 913/1133/932 912/1132/931
f 875/1090/893 913/1133/932 879/1091/894
f 875/1090/893 909/1089/892 913/1133/932
f 833/991/816 914/1134/933 872/1087/890
f 880/1095/898 881/1096/899 847/1051/863
f 881/1096/899 951/1135/934 916/1136/935
f 881/1096/899 916/1136/935 882/1097/900
f 882/1097/900 916/1136/935 952/1137/936
f 882/1097/900 884/1098/901 849/1058/869
f 882/1097/900 952/1137/936 884/1098/901
f 884/1098/901 953/1138/937 918/1139/905
f 884/1098/901 952/1137/936 953/1138/937
f 886/1099/902 919/1105/906 917/1106/907
f 919/1105/906 889/1108/909 917/1106/907
f 917/1106/907 889/1108/909 888/1071/875
f 888/1071/875 889/1108/909 858/1107/908
f 889/1108/909 919/1105/906 920/1140/938
f 889/1108/909 920/1140/938 891/1109/910
f 891/1109/910 920/1140/938 921/1141/939
f 891/1109/910 921/1141/939 820/1027/843
f 820/1027/843 921/1141/939 922/1142/940
f 861/1025/842 923/1143/941 925/1111/912
f 861/1025/842 924/1144/942 923/1143/941
f 820/1027/843 922/1142/940 893/1113/914
f 820/1027/843 893/1113/914 819/972/798
f 861/1025/842 894/1115/915 957/1145/943
f 892/1112/913 926/1146/944 927/1147/945
f 929/1028/844 892/1112/913 928/1148/946
f 719/1149/735 932/1150/947 690/1114/709
f 690/1114/709 930/1151/948 894/1115/915
f 932/1150/947 963/1152/949 930/1151/948
f 932/1150/947 930/1151/948 690/1114/709
f 821/1029/799 929/1028/844 931/1153/846
f 862/1154/878 932/1150/947 719/1149/735
f 931/1031/846 896/976/801 822/1030/845
f 865/1079/882 934/1118/918 780/900/741
f 864/1078/881 935/1120/919 897/1077/880
f 934/1118/918 936/1155/950 784/1119/805
f 898/1121/920 825/1033/848 968/1156/951
f 898/1121/920 935/1120/919 864/1078/881
f 898/1121/920 968/1156/951 935/1120/919
f 783/979/804 825/1033/848 898/1121/920
f 785/981/806 998/1157/952 899/935/771
f 899/935/771 998/1157/952 937/1123/922
f 937/1123/922 902/1124/923 867/1081/884
f 902/1124/923 938/1158/953 904/1082/885
f 902/1124/923 939/1159/954 938/1158/953
f 902/1124/923 940/1160/955 939/1159/954
f 904/1082/885 938/1158/953 903/1125/924
f 903/1125/924 938/1158/953 941/1161/956
f 903/1125/924 941/1161/956 942/1126/925
f 868/936/772 942/1126/925 905/1127/926
f 870/1083/886 944/1085/888 907/1128/927
f 870/1083/886 907/1128/927 869/1084/887
f 788/984/809 905/1127/926 908/1130/929
f 944/1162/888 945/1163/957 943/1164/958
f 946/1165/959 913/1133/932 908/1130/929
f 946/1165/959 970/1166/960 913/1133/932
f 908/1130/929 913/1133/932 909/1089/892
f 908/1130/929 905/1127/926 946/1165/959
f 911/1131/930 949/1167/961 910/1094/897
f 911/1131/930 948/1168/962 949/1167/961
f 912/1132/931 911/1131/930 878/1092/895
f 913/1133/932 970/1166/960 912/1132/931
f 949/1167/961 880/1095/898 910/1094/897
f 949/1167/961 976/1169/963 880/1095/898
f 872/1087/890 947/1170/964 871/1086/889
f 872/1087/890 950/1171/965 947/1170/964
f 914/1134/933 950/1171/965 872/1087/890
f 880/1095/898 951/1135/934 881/1096/899
f 880/1095/898 978/1172/966 1005/1173/967
f 880/1095/898 1005/1173/967 951/1135/934
f 953/1138/937 954/1174/968 918/1175/905
f 920/1140/938 919/1105/906 921/1141/939
f 918/1104/905 954/1176/968 919/1105/906
f 919/1105/906 954/1176/968 955/1177/969
f 919/1105/906 955/1177/969 921/1141/939
f 921/1141/939 955/1177/969 922/1142/940
f 955/1177/969 954/1176/968 985/1178/970
f 922/1142/940 955/1177/969 956/1179/971
f 922/1142/940 956/1179/971 893/1113/914
f 923/1143/941 986/1180/972 925/1111/912
f 923/1143/941 924/1144/942 986/1180/972
f 893/1113/914 956/1179/971 926/1146/944
f 893/1113/914 926/1146/944 892/1112/913
f 861/1025/842 957/1145/943 924/1144/942
f 894/1115/915 958/1181/973 957/1145/943
f 894/1115/915 930/1151/948 958/1181/973
f 892/1112/913 927/1147/945 959/1182/974
f 892/1112/913 959/1182/974 928/1148/946
f 928/1148/946 959/1182/974 960/1183/975
f 928/1148/946 960/1183/975 929/1028/844
f 929/1028/844 961/1184/976 931/1153/846
f 929/1028/844 960/1183/975 962/1185/977
f 929/1028/844 962/1185/977 961/1184/976
f 961/1184/976 964/1186/917 931/1153/846
f 961/1184/976 895/1187/916 964/1186/917
f 965/1188/978 895/1187/916 966/1189/979
f 965/1188/978 933/1190/877 895/1187/916
f 965/1188/978 966/1189/979 995/1191/980
f 965/1188/978 963/1152/949 862/1154/878
f 862/1154/878 933/1190/877 965/1188/978
f 862/1154/878 963/1152/949 932/1150/947
f 895/1187/916 962/1185/977 966/1189/979
f 964/1117/917 896/976/801 931/1031/846
f 935/1120/919 934/1118/918 865/1079/882
f 935/1120/919 967/1192/981 934/1118/918
f 935/1120/919 997/1193/982 967/1192/981
f 935/1120/919 968/1156/951 997/1193/982
f 934/1118/918 967/1192/981 936/1155/950
f 825/1033/848 1026/1194/983 968/1156/951
f 900/1122/921 1030/1195/984 901/1080/883
f 937/1123/922 940/1160/955 902/1124/923
f 937/1123/922 998/1157/952 940/1160/955
f 869/1084/887 906/1129/928 900/1122/921
f 905/1127/926 942/1126/925 969/1196/985
f 970/1166/960 969/1196/985 1002/1197/986
f 905/1127/926 970/1166/960 946/1165/959
f 905/1127/926 969/1196/985 970/1166/960
f 948/1168/962 1068/1198/987 949/1167/961
f 911/1131/930 971/1199/988 973/1200/989
f 911/1131/930 973/1200/989 948/1168/962
f 911/1131/930 912/1132/931 971/1199/988
f 971/1199/988 912/1132/931 1038/1201/990
f 912/1132/931 970/1166/960 1002/1197/986
f 912/1132/931 1002/1197/986 1038/1201/990
f 871/1202/889 947/1203/964 974/1204/991
f 871/1086/889 945/1205/957 944/1085/888
f 871/1202/889 974/1204/991 945/1163/957
f 974/1204/991 947/1203/964 975/1206/992
f 949/1167/961 1068/1198/987 976/1169/963
f 976/1169/963 977/1207/993 978/1172/966
f 976/1169/963 1068/1198/987 977/1207/993
f 976/1169/963 978/1172/966 880/1095/898
f 951/1135/934 1005/1173/967 1006/1208/994
f 951/1135/934 1006/1208/994 1008/1209/995
f 951/1135/934 1008/1209/995 916/1136/935
f 916/1136/935 1008/1209/995 979/1210/996
f 916/1136/935 979/1210/996 1010/1211/997
f 916/1136/935 1010/1211/997 952/1137/936
f 952/1137/936 1010/1211/997 980/1212/998
f 952/1137/936 980/1212/998 953/1138/937
f 980/1212/998 1010/1211/997 1011/1213/999
f 953/1138/937 980/1212/998 954/1174/968
f 954/1174/968 980/1212/998 983/1214/1000
f 954/1174/968 983/1214/1000 982/1215/1001
f 954/1176/968 982/1216/1001 1012/1217/1002
f 954/1176/968 1012/1217/1002 985/1178/970
f 955/1177/969 985/1178/970 956/1179/971
f 956/1179/971 985/1178/970 926/1146/944
f 986/1180/972 984/1218/1003 925/1111/912
f 985/1178/970 987/1219/1004 926/1146/944
f 926/1146/944 987/1219/1004 927/1147/945
f 957/1145/943 958/1181/973 990/1220/1005
f 957/1145/943 990/1220/1005 924/1144/942
f 924/1144/942 988/1221/1006 986/1180/972
f 927/1147/945 987/1219/1004 989/1222/1007
f 927/1147/945 989/1222/1007 959/1182/974
f 990/1220/1005 988/1221/1006 924/1144/942
f 990/1220/1005 1019/1223/1008 988/1221/1006
f 959/1182/974 989/1222/1007 991/1224/1009
f 959/1182/974 991/1224/1009 960/1183/975
f 963/1152/949 992/1225/1010 930/1151/948
f 930/1151/948 992/1225/1010 958/1181/973
f 960/1183/975 991/1224/1009 993/1226/1011
f 963/1152/949 995/1191/980 994/1227/1012
f 960/1183/975 966/1189/979 962/1185/977
f 960/1183/975 993/1226/1011 966/1189/979
f 966/1189/979 993/1226/1011 995/1191/980
f 995/1191/980 963/1152/949 965/1188/978
f 962/1185/977 895/1187/916 961/1184/976
f 936/1155/950 996/1228/1013 1062/1229/1014
f 936/1155/950 1062/1229/1014 784/1119/805
f 967/1192/981 997/1193/982 996/1228/1013
f 967/1192/981 996/1228/1013 936/1155/950
f 968/1156/951 1026/1194/983 1063/1230/1015
f 968/1156/951 1063/1230/1015 997/1193/982
f 784/980/805 998/1157/952 785/981/806
f 784/980/805 1091/1231/1016 998/1157/952
f 939/1159/954 999/1232/1017 938/1158/953
f 939/1159/954 1029/1233/1018 999/1232/1017
f 938/1158/953 999/1232/1017 941/1161/956
f 942/1126/925 1000/1234/1019 969/1196/985
f 942/1126/925 941/1161/956 1000/1234/1019
f 906/1129/928 1001/1235/1020 900/1122/921
f 1002/1197/986 1003/1236/1021 1038/1201/990
f 969/1196/985 1000/1234/1019 1003/1236/1021
f 969/1196/985 1003/1236/1021 1002/1197/986
f 944/1085/888 1004/1237/1022 907/1128/927
f 943/1164/958 945/1163/957 974/1204/991
f 1006/1208/994 1040/1238/1023 1007/1239/1024
f 1006/1208/994 1007/1239/1024 1008/1209/995
f 979/1210/996 1009/1240/1025 1046/1241/1026
f 979/1210/996 1046/1241/1026 1010/1211/997
f 1011/1213/999 981/1242/1027 980/1212/998
f 984/1218/1003 986/1180/972 1013/1243/1028
f 982/1215/1001 1014/1244/1029 1012/1245/1002
f 985/1178/970 1015/1246/1030 987/1219/1004
f 985/1178/970 1050/1247/1031 1015/1246/1030
f 987/1219/1004 1015/1246/1030 1051/1248/1032
f 987/1219/1004 1051/1248/1032 989/1222/1007
f 986/1180/972 988/1221/1006 1013/1243/1028
f 1013/1243/1028 988/1221/1006 1016/1249/1033
f 989/1222/1007 1051/1248/1032 1017/1250/1034
f 989/1222/1007 1017/1250/1034 991/1224/1009
f 992/1225/1010 1018/1251/1035 958/1181/973
f 958/1181/973 1018/1251/1035 1053/1252/1036
f 958/1181/973 1053/1252/1036 990/1220/1005
f 990/1220/1005 1053/1252/1036 1019/1223/1008
f 1019/1223/1008 1020/1253/1037 988/1221/1006
f 991/1224/1009 1022/1254/1038 993/1226/1011
f 991/1224/1009 1021/1255/1039 1022/1254/1038
f 994/1227/1012 992/1225/1010 963/1152/949
f 994/1227/1012 1023/1256/1040 1024/1257/1041
f 994/1227/1012 1024/1257/1041 992/1225/1010
f 992/1225/1010 1024/1257/1041 1018/1251/1035
f 993/1226/1011 1022/1254/1038 1025/1258/1042
f 993/1226/1011 1025/1258/1042 995/1191/980
f 995/1191/980 1025/1258/1042 994/1227/1012
f 825/1033/848 901/1080/883 1026/1194/983
f 901/1080/883 1028/1259/1043 1026/1194/983
f 998/1157/952 939/1159/954 940/1160/955
f 998/1157/952 1027/1260/1044 939/1159/954
f 1030/1195/984 1028/1259/1043 901/1080/883
f 939/1159/954 1027/1260/1044 1029/1233/1018
f 900/1122/921 1001/1235/1020 1030/1195/984
f 941/1161/956 999/1232/1017 1031/1261/1045
f 1000/1234/1019 1032/1262/1046 1003/1236/1021
f 941/1161/956 1031/1261/1045 1000/1234/1019
f 906/1129/928 907/1128/927 1004/1237/1022
f 906/1129/928 1033/1263/1047 1001/1235/1020
f 906/1129/928 1034/1264/1048 1033/1263/1047
f 972/1265/1049 971/1199/988 1035/1266/1050
f 972/1265/1049 973/1200/989 971/1199/988
f 972/1265/1049 1035/1266/1050 1036/1267/1051
f 972/1265/1049 1036/1267/1051 973/1200/989
f 971/1199/988 1037/1268/1052 1035/1266/1050
f 1038/1201/990 1037/1268/1052 971/1199/988
f 1003/1236/1021 1032/1262/1046 1038/1201/990
f 1004/1237/1022 1034/1264/1048 906/1129/928
f 973/1200/989 1036/1267/1051 948/1168/962
f 948/1168/962 1036/1267/1051 1068/1198/987
f 1006/1208/994 1099/1269/1053 1039/1270/1054
f 1006/1208/994 1039/1270/1054 1040/1238/1023
f 1040/1238/1023 1039/1270/1054 1074/1271/1055
f 1007/1239/1024 1041/1272/1056 1008/1209/995
f 1007/1239/1024 1040/1238/1023 1042/1273/1057
f 1042/1273/1057 1041/1272/1056 1007/1239/1024
f 1042/1273/1057 1073/1274/1058 1041/1272/1056
f 1008/1209/995 1041/1272/1056 979/1210/996
f 1041/1272/1056 1073/1274/1058 1043/1275/1059
f 979/1210/996 1045/1276/1060 1009/1240/1025
f 1041/1272/1056 1045/1276/1060 979/1210/996
f 1041/1272/1056 1043/1275/1059 1045/1276/1060
f 1045/1276/1060 1044/1277/1061 1009/1240/1025
f 1009/1240/1025 1044/1277/1061 1046/1241/1026
f 1010/1211/997 1046/1241/1026 1011/1213/999
f 1011/1213/999 1046/1241/1026 1079/1278/1062
f 1011/1213/999 1079/1278/1062 981/1242/1027
f 981/1242/1027 1079/1278/1062 1081/1279/1063
f 981/1242/1027 1081/1279/1063 1083/1280/1064
f 981/1242/1027 1083/1280/1064 980/1212/998
f 980/1212/998 1083/1280/1064 1047/1281/1065
f 980/1212/998 1047/1281/1065 983/1214/1000
f 1047/1281/1065 1083/1280/1064 1111/1282/1066
f 983/1214/1000 1047/1281/1065 1014/1244/1029
f 983/1214/1000 1014/1244/1029 982/1215/1001
s 4
f 1013/1243/1067 1049/1283/1067 1048/1284/1067
s 1
f 1014/1244/1029 1084/1285/1068 1012/1245/1002
f 1012/1217/1002 1050/1247/1031 985/1178/970
f 1012/1286/1002 1084/1287/1068 1050/1288/1031
f 1015/1289/1030 1050/1288/1031 1166/1290/1069
f 1015/1289/1030 1166/1290/1069 1052/1291/1070
f 1015/1246/1030 1052/1292/1070 1051/1248/1032
f 1017/1250/1034 1051/1248/1032 1021/1255/1039
f 1017/1250/1034 1021/1255/1039 991/1224/1009
f 988/1221/1006 1020/1253/1037 1054/1293/1071
f 988/1221/1006 1054/1293/1071 1016/1249/1033
f 1025/1258/1042 1022/1254/1038 1058/1294/1072
f 1025/1258/1042 1058/1294/1072 1023/1256/1040
f 1023/1256/1040 994/1227/1012 1025/1258/1042
f 1023/1256/1040 1058/1294/1072 1059/1295/1073
f 1023/1256/1040 1059/1295/1073 1024/1257/1041
f 1024/1257/1041 1059/1295/1073 1018/1251/1035
f 1053/1252/1036 1020/1253/1037 1019/1223/1008
f 1053/1252/1036 1118/1296/1074 1120/1297/1075
f 1053/1252/1036 1120/1297/1075 1020/1253/1037
f 784/980/805 1061/1298/1076 1091/1231/1016
f 996/1228/1013 997/1193/982 1062/1229/1014
f 1062/1229/1014 1061/1299/1076 784/1119/805
f 1031/1261/1045 1064/1300/1077 1032/1262/1046
f 999/1232/1017 1064/1300/1077 1031/1261/1045
f 999/1232/1017 1065/1301/1078 1064/1300/1077
f 1029/1233/1018 1027/1260/1044 1094/1302/1079
f 1029/1233/1018 1065/1301/1078 999/1232/1017
f 1029/1233/1018 1094/1302/1079 1065/1301/1078
f 1031/1261/1045 1032/1262/1046 1000/1234/1019
f 1001/1235/1020 1066/1303/1080 1030/1195/984
f 1038/1201/990 1032/1262/1046 1095/1304/1081
f 1033/1263/1047 1067/1305/1082 1001/1235/1020
f 1036/1267/1051 1069/1306/1083 1068/1198/987
f 1036/1267/1051 1070/1307/1084 1069/1306/1083
f 1035/1266/1050 1129/1308/1085 1070/1307/1084
f 1035/1266/1050 1070/1307/1084 1036/1267/1051
f 1068/1198/987 1069/1306/1083 977/1207/993
f 977/1207/993 1069/1306/1083 1071/1309/1086
f 977/1207/993 1071/1309/1086 978/1172/966
f 978/1172/966 1071/1309/1086 1072/1310/1087
f 978/1172/966 1072/1310/1087 1005/1173/967
f 1005/1173/967 1099/1269/1053 1006/1208/994
f 1005/1173/967 1072/1310/1087 1099/1269/1053
f 1074/1271/1055 1073/1274/1058 1040/1238/1023
f 1074/1271/1055 1075/1311/1088 1073/1274/1058
f 1040/1238/1023 1073/1274/1058 1042/1273/1057
f 1073/1274/1058 1075/1311/1088 1076/1312/1089
f 1073/1274/1058 1076/1312/1089 1103/1313/1090
f 1073/1274/1058 1103/1313/1090 1043/1275/1059
f 1043/1275/1059 1103/1313/1090 1077/1314/1091
f 1043/1275/1059 1077/1314/1091 1045/1276/1060
f 1045/1276/1060 1077/1314/1091 1078/1315/1092
f 1045/1276/1060 1078/1315/1092 1044/1277/1061
f 1044/1277/1061 1079/1278/1062 1046/1241/1026
f 1044/1277/1061 1080/1316/1093 1079/1278/1062
f 1044/1277/1061 1078/1315/1092 1080/1316/1093
f 1079/1278/1062 1105/1317/1094 1081/1279/1063
f 1081/1279/1063 1082/1318/1095 1083/1280/1064
f 1047/1281/1065 1112/1319/1096 1014/1244/1029
f 1047/1281/1065 1143/1320/1097 1112/1319/1096
f 1014/1244/1029 1112/1319/1096 1113/1321/1098
f 1014/1244/1029 1113/1321/1098 1084/1285/1068
f 1050/1288/1031 1084/1287/1068 1166/1290/1069
f 1051/1248/1032 1052/1292/1070 1085/1322/1099
f 1051/1248/1032 1085/1322/1099 1021/1255/1039
f 1021/1255/1039 1085/1322/1099 1022/1254/1038
s 5
f 1057/1323/1100 1086/1324/1100 1055/1325/1100
s 1
f 1022/1254/1038 1085/1322/1099 1116/1326/1101
f 1022/1254/1038 1116/1326/1101 1058/1294/1072
f 1058/1294/1072 1116/1326/1101 1119/1327/1102
f 1058/1294/1072 1119/1327/1102 1059/1295/1073
f 1059/1295/1073 1119/1327/1102 1118/1296/1074
f 1059/1295/1073 1118/1296/1074 1018/1251/1035
f 1018/1251/1035 1118/1296/1074 1053/1252/1036
f 1020/1253/1037 1120/1297/1075 1122/1328/1103
f 1020/1253/1037 1122/1328/1103 1087/1329/1104
f 1020/1253/1037 1060/1330/1105 1054/1293/1071
f 1020/1253/1037 1087/1329/1104 1060/1330/1105
f 1054/1293/1071 1060/1330/1105 1056/1331/1106
f 997/1193/982 1088/1332/1107 1062/1229/1014
f 997/1193/982 1089/1333/1108 1088/1332/1107
f 1061/1299/1076 1088/1332/1107 1090/1334/1109
f 1061/1298/1076 1090/1335/1109 1091/1231/1016
f 1062/1229/1014 1088/1332/1107 1061/1299/1076
f 1063/1230/1015 1089/1333/1108 997/1193/982
f 1091/1231/1016 1027/1260/1044 998/1157/952
f 1026/1194/983 1093/1336/1110 1063/1230/1015
f 1026/1194/983 1028/1259/1043 1093/1336/1110
f 1032/1262/1046 1146/1337/1111 1095/1304/1081
f 1032/1262/1046 1096/1338/1112 1146/1337/1111
f 1064/1300/1077 1096/1338/1112 1032/1262/1046
f 1065/1301/1078 1097/1339/1113 1064/1300/1077
f 1065/1301/1078 1098/1340/1114 1097/1339/1113
f 1095/1304/1081 1037/1268/1052 1038/1201/990
f 1095/1304/1081 1129/1308/1085 1037/1268/1052
f 1037/1268/1052 1129/1308/1085 1035/1266/1050
f 1039/1270/1054 1133/1341/1115 1100/1342/1116
f 1100/1342/1116 1133/1341/1115 1101/1343/1117
f 1039/1270/1054 1075/1311/1088 1074/1271/1055
f 1100/1342/1116 1075/1311/1088 1039/1270/1054
f 1100/1342/1116 1101/1343/1117 1135/1344/1118
f 1100/1342/1116 1135/1344/1118 1075/1311/1088
f 1075/1311/1088 1135/1344/1118 1102/1345/1119
f 1075/1311/1088 1102/1345/1119 1076/1312/1089
f 1076/1312/1089 1102/1345/1119 1136/1346/1120
f 1076/1312/1089 1136/1346/1120 1103/1313/1090
f 1077/1314/1091 1103/1313/1090 1104/1347/1121
f 1077/1314/1091 1104/1347/1121 1078/1315/1092
f 1078/1315/1092 1104/1347/1121 1138/1348/1122
f 1078/1315/1092 1138/1348/1122 1080/1316/1093
f 1080/1316/1093 1105/1317/1094 1079/1278/1062
f 1080/1316/1093 1106/1349/1123 1105/1317/1094
f 1080/1316/1093 1138/1348/1122 1107/1350/1124
f 1080/1316/1093 1107/1350/1124 1106/1351/1123
f 1106/1351/1123 1107/1350/1124 1108/1352/1125
f 1081/1279/1063 1105/1317/1094 1109/1353/1126
f 1081/1279/1063 1109/1353/1126 1110/1354/1127
f 1081/1279/1063 1110/1354/1127 1082/1318/1095
f 1105/1317/1094 1108/1352/1125 1109/1353/1126
f 1105/1317/1094 1106/1349/1123 1108/1352/1125
f 1083/1280/1064 1082/1318/1095 1111/1282/1066
f 1047/1281/1065 1111/1282/1066 1143/1320/1097
f 1112/1319/1096 1143/1320/1097 1114/1355/1128
f 1112/1356/1096 1114/1357/1128 1113/1358/1098
f 1052/1291/1070 1116/1359/1101 1085/1360/1099
f 1052/1291/1070 1166/1290/1069 1167/1361/1129
f 1052/1291/1070 1167/1361/1129 1116/1359/1101
f 1116/1326/1101 1117/1362/1130 1119/1327/1102
f 1120/1297/1075 1184/1363/1131 1122/1328/1103
f 1118/1296/1074 1168/1364/1132 1120/1297/1075
f 1087/1365/1104 1121/1366/1133 1060/1367/1105
f 1087/1365/1104 1122/1368/1103 1121/1366/1133
f 1121/1366/1133 1122/1368/1103 1123/1369/1134
f 1088/1332/1107 1089/1333/1108 1145/1370/1135
f 1088/1332/1107 1124/1371/1136 1090/1334/1109
f 1091/1231/1016 1092/1372/1137 1027/1260/1044
f 1091/1231/1016 1125/1373/1138 1092/1372/1137
f 1091/1231/1016 1090/1335/1109 1125/1373/1138
f 1063/1230/1015 1126/1374/1139 1089/1333/1108
f 1027/1260/1044 1092/1372/1137 1094/1302/1079
f 1092/1372/1137 1125/1373/1138 1149/1375/1140
f 1092/1372/1137 1149/1375/1140 1094/1302/1079
f 1093/1336/1110 1126/1374/1139 1063/1230/1015
f 1093/1336/1110 1127/1376/1141 1126/1374/1139
f 1064/1300/1077 1097/1339/1113 1096/1338/1112
f 1094/1302/1079 1098/1340/1114 1065/1301/1078
f 1094/1302/1079 1149/1375/1140 1098/1340/1114
f 1071/1309/1086 1130/1377/1142 1072/1310/1087
f 1072/1310/1087 1217/1378/1143 1131/1379/1144
f 1072/1310/1087 1130/1377/1142 1217/1378/1143
f 1072/1310/1087 1131/1379/1144 1099/1269/1053
f 1099/1269/1053 1133/1341/1115 1039/1270/1054
f 1099/1269/1053 1131/1379/1144 1133/1341/1115
f 1133/1341/1115 1131/1379/1144 1132/1380/1145
f 1101/1343/1117 1133/1341/1115 1134/1381/1146
f 1101/1343/1117 1134/1381/1146 1135/1344/1118
f 1135/1344/1118 1157/1382/1147 1102/1345/1119
f 1102/1345/1119 1157/1382/1147 1158/1383/1148
f 1102/1345/1119 1158/1383/1148 1136/1346/1120
f 1103/1313/1090 1136/1346/1120 1137/1384/1149
f 1103/1313/1090 1137/1384/1149 1104/1347/1121
f 1104/1347/1121 1178/1385/1150 1138/1348/1122
f 1107/1350/1124 1138/1348/1122 1139/1386/1151
f 1107/1350/1124 1139/1386/1151 1108/1352/1125
f 1108/1352/1125 1139/1386/1151 1140/1387/1152
f 1108/1352/1125 1140/1387/1152 1109/1353/1126
f 1110/1354/1127 1141/1388/1153 1082/1318/1095
f 1110/1354/1127 1142/1389/1154 1141/1388/1153
f 1109/1353/1126 1140/1387/1152 1142/1389/1154
f 1109/1353/1126 1142/1389/1154 1110/1354/1127
f 1082/1318/1095 1165/1390/1155 1111/1282/1066
f 1111/1282/1066 1165/1390/1155 1143/1320/1097
f 1084/1287/1068 1115/1391/1156 1166/1290/1069
f 1113/1358/1098 1115/1391/1156 1084/1287/1068
f 1113/1358/1098 1183/1392/1157 1227/1393/1158
f 1113/1358/1098 1144/1394/1159 1115/1391/1156
f 1113/1358/1098 1227/1393/1158 1144/1394/1159
f 1116/1359/1101 1167/1361/1129 1117/1395/1130
f 1117/1362/1130 1168/1364/1132 1119/1327/1102
f 1119/1327/1102 1168/1364/1132 1118/1296/1074
f 1122/1328/1103 1184/1363/1131 1187/1396/1160
f 1145/1370/1135 1124/1371/1136 1088/1332/1107
f 1126/1374/1139 1145/1370/1135 1089/1333/1108
f 1126/1374/1139 1188/1397/1161 1145/1370/1135
f 1097/1339/1113 1171/1398/1162 1147/1399/1163
f 1097/1339/1113 1148/1400/1164 1171/1398/1162
f 1097/1339/1113 1147/1399/1163 1096/1338/1112
f 1125/1373/1138 1169/1401/1165 1149/1375/1140
f 1128/1402/1166 1150/1403/1167 1129/1308/1085
f 1128/1402/1166 1129/1308/1085 1095/1304/1081
f 1128/1402/1166 1151/1404/1168 1150/1403/1167
f 1095/1304/1081 1151/1404/1168 1128/1402/1166
f 1095/1304/1081 1152/1405/1169 1151/1404/1168
f 1095/1304/1081 1146/1337/1111 1152/1405/1169
f 1098/1340/1114 1148/1400/1164 1097/1339/1113
f 1150/1403/1167 1070/1307/1084 1129/1308/1085
f 1070/1307/1084 1150/1403/1167 1173/1406/1170
f 1070/1307/1084 1173/1406/1170 1069/1306/1083
f 1154/1407/1171 1132/1380/1145 1131/1379/1144
f 1132/1380/1145 1154/1407/1171 1134/1381/1146
f 1132/1380/1145 1134/1381/1146 1133/1341/1115
f 1134/1381/1146 1154/1407/1171 1176/1408/1172
f 1134/1381/1146 1176/1408/1172 1155/1409/1173
f 1155/1409/1173 1135/1344/1118 1134/1381/1146
f 1155/1409/1173 1176/1408/1172 1156/1410/1174
f 1155/1409/1173 1156/1410/1174 1135/1344/1118
f 1135/1344/1118 1156/1410/1174 1157/1382/1147
f 1157/1382/1147 1197/1411/1175 1158/1383/1148
f 1158/1383/1148 1159/1412/1176 1136/1346/1120
f 1158/1383/1148 1160/1413/1177 1159/1412/1176
f 1136/1346/1120 1159/1412/1176 1137/1384/1149
f 1138/1348/1122 1178/1385/1150 1139/1386/1151
f 1178/1385/1150 1161/1414/1178 1139/1386/1151
f 1139/1386/1151 1161/1414/1178 1140/1387/1152
f 1140/1387/1152 1161/1414/1178 1142/1389/1154
f 1142/1389/1154 1163/1415/1179 1141/1388/1153
f 1142/1389/1154 1161/1414/1178 1162/1416/1180
f 1142/1389/1154 1162/1416/1180 1163/1415/1179
f 1141/1388/1153 1165/1390/1155 1082/1318/1095
f 1141/1388/1153 1182/1417/1181 1165/1390/1155
f 1141/1388/1153 1163/1415/1179 1182/1417/1181
f 1165/1390/1155 1164/1418/1182 1143/1320/1097
f 1143/1320/1097 1164/1418/1182 1204/1419/1183
f 1143/1320/1097 1204/1419/1183 1114/1355/1128
f 1113/1358/1098 1114/1357/1128 1183/1392/1157
f 1115/1391/1156 1144/1394/1159 1166/1290/1069
f 1120/1297/1075 1168/1364/1132 1184/1363/1131
f 1184/1363/1131 1185/1420/1184 1187/1396/1160
f 1122/1368/1103 1187/1421/1160 1233/1422/1185
f 1122/1368/1103 1233/1422/1185 1123/1369/1134
f 1090/1335/1109 1190/1423/1186 1125/1373/1138
f 1125/1373/1138 1190/1423/1186 1169/1401/1165
f 1145/1370/1135 1188/1397/1161 1124/1371/1136
f 1171/1398/1162 1170/1424/1187 1147/1399/1163
f 1169/1401/1165 1098/1340/1114 1149/1375/1140
f 1169/1401/1165 1212/1425/1188 1098/1340/1114
f 1150/1403/1167 1192/1426/1189 1173/1406/1170
f 1151/1404/1168 1153/1427/1190 1150/1403/1167
f 1151/1404/1168 1174/1428/1191 1153/1427/1190
f 1152/1405/1169 1174/1428/1191 1151/1404/1168
f 1146/1337/1111 1096/1338/1112 1152/1405/1169
f 1098/1340/1114 1212/1425/1188 1172/1429/1192
f 1098/1340/1114 1172/1429/1192 1148/1400/1164
f 1127/1376/1141 1175/1430/1193 1126/1374/1139
f 1069/1306/1083 1194/1431/1194 1071/1309/1086
f 1131/1379/1144 1217/1378/1143 1154/1407/1171
f 1177/1432/1195 1156/1410/1174 1176/1408/1172
f 1177/1432/1195 1176/1408/1172 1217/1378/1143
f 1177/1432/1195 1217/1378/1143 1218/1433/1196
f 1156/1410/1174 1177/1432/1195 1196/1434/1197
f 1156/1410/1174 1196/1434/1197 1157/1382/1147
f 1157/1382/1147 1196/1434/1197 1197/1411/1175
f 1158/1383/1148 1197/1411/1175 1199/1435/1198
f 1137/1384/1149 1178/1385/1150 1104/1347/1121
f 1137/1384/1149 1159/1412/1176 1178/1385/1150
f 1161/1414/1178 1178/1385/1150 1179/1436/1199
f 1161/1414/1178 1179/1436/1199 1180/1437/1200
f 1161/1414/1178 1180/1437/1200 1162/1416/1180
f 1162/1416/1180 1180/1437/1200 1181/1438/1201
f 1162/1416/1180 1181/1438/1201 1163/1415/1179
f 1182/1417/1181 1163/1415/1179 1203/1439/1202
f 1163/1415/1179 1181/1438/1201 1203/1439/1202
f 1165/1390/1155 1182/1417/1181 1164/1418/1182
f 1114/1357/1128 1205/1440/1203 1183/1392/1157
f 1117/1395/1130 1167/1361/1129 1208/1441/1204
f 1117/1395/1130 1208/1441/1204 1209/1442/1205
f 1117/1395/1130 1209/1442/1205 1168/1443/1132
f 1168/1443/1132 1209/1442/1205 1184/1444/1131
f 1184/1445/1131 1209/1446/1205 1185/1447/1184
f 1185/1447/1184 1186/1448/1206 1187/1449/1160
f 1187/1421/1160 1186/1450/1206 1233/1422/1185
f 1124/1371/1136 1188/1397/1161 1190/1451/1186
f 1124/1371/1136 1190/1451/1186 1090/1334/1109
f 1096/1338/1112 1215/1452/1207 1152/1405/1169
f 1096/1338/1112 1189/1453/1208 1215/1452/1207
f 1096/1338/1112 1170/1424/1187 1189/1453/1208
f 1147/1399/1163 1170/1424/1187 1096/1338/1112
f 1153/1427/1190 1192/1426/1189 1150/1403/1167
f 1152/1405/1169 1215/1452/1207 1174/1428/1191
f 1188/1397/1161 1175/1430/1193 1190/1451/1186
f 1126/1374/1139 1175/1430/1193 1188/1397/1161
f 1173/1406/1170 1191/1454/1209 1194/1431/1194
f 1173/1406/1170 1192/1426/1189 1191/1454/1209
f 1173/1406/1170 1194/1431/1194 1069/1306/1083
f 1071/1309/1086 1193/1455/1210 1130/1377/1142
f 1194/1431/1194 1193/1455/1210 1071/1309/1086
f 1154/1407/1171 1217/1378/1143 1176/1408/1172
f 1177/1432/1195 1218/1433/1196 1195/1456/1211
f 1177/1432/1195 1195/1456/1211 1196/1434/1197
f 1199/1435/1198 1160/1413/1177 1158/1383/1148
f 1199/1435/1198 1197/1411/1175 1198/1457/1212
f 1159/1412/1176 1160/1413/1177 1219/1458/1213
f 1159/1412/1176 1219/1458/1213 1178/1385/1150
f 1178/1385/1150 1219/1458/1213 1200/1459/1214
f 1178/1385/1150 1200/1459/1214 1179/1436/1199
f 1179/1436/1199 1201/1460/1215 1180/1437/1200
f 1179/1436/1199 1200/1459/1214 1247/1461/1216
f 1179/1436/1199 1247/1461/1216 1201/1460/1215
f 1180/1437/1200 1201/1460/1215 1181/1438/1201
f 1181/1438/1201 1201/1460/1215 1202/1462/1217
f 1181/1438/1201 1202/1462/1217 1203/1439/1202
f 1182/1417/1181 1203/1439/1202 1222/1463/1218
f 1182/1417/1181 1222/1463/1218 1164/1418/1182
f 1204/1419/1183 1205/1464/1203 1114/1355/1128
f 1144/1394/1159 1227/1393/1158 1207/1465/1219
f 1144/1394/1159 1207/1465/1219 1166/1290/1069
f 1166/1290/1069 1207/1465/1219 1208/1441/1204
f 1166/1290/1069 1208/1441/1204 1167/1361/1129
f 1208/1441/1204 1229/1466/1220 1209/1442/1205
f 1233/1422/1185 1232/1467/1221 1255/1468/1222
f 1169/1401/1165 1190/1423/1186 1212/1425/1188
f 1192/1426/1189 1153/1427/1190 1213/1469/1223
f 1153/1427/1190 1214/1470/1224 1213/1469/1223
f 1174/1428/1191 1215/1452/1207 1214/1470/1224
f 1174/1428/1191 1214/1470/1224 1153/1427/1190
f 1148/1400/1164 1216/1471/1225 1171/1398/1162
f 1148/1400/1164 1172/1429/1192 1216/1471/1225
f 1217/1378/1143 1242/1472/1226 1218/1433/1196
f 1219/1458/1213 1199/1435/1198 1220/1473/1227
f 1160/1413/1177 1199/1435/1198 1219/1458/1213
f 1219/1458/1213 1220/1473/1227 1200/1459/1214
f 1202/1462/1217 1221/1474/1228 1203/1439/1202
f 1203/1439/1202 1221/1474/1228 1223/1475/1229
f 1203/1439/1202 1223/1475/1229 1222/1463/1218
f 1164/1418/1182 1224/1476/1230 1204/1419/1183
f 1164/1418/1182 1225/1477/1231 1224/1476/1230
f 1205/1440/1203 1226/1478/1232 1183/1392/1157
f 1205/1464/1203 1250/1479/1233 1309/1480/1234
f 1205/1440/1203 1309/1481/1234 1226/1478/1232
f 1207/1465/1219 1228/1482/1235 1254/1483/1236
f 1207/1465/1219 1279/1484/1237 1208/1441/1204
f 1207/1465/1219 1254/1483/1236 1279/1484/1237
f 1208/1441/1204 1279/1484/1237 1229/1466/1220
f 1209/1442/1205 1229/1466/1220 1230/1485/1238
f 1210/1486/1239 1211/1487/1240 1206/1488/1241
f 1209/1446/1205 1230/1489/1238 1185/1447/1184
f 1186/1448/1206 1232/1490/1221 1233/1491/1185
f 1186/1448/1206 1231/1492/1242 1232/1490/1221
f 1170/1424/1187 1234/1493/1243 1189/1453/1208
f 1190/1423/1186 1235/1494/1244 1212/1425/1188
f 1213/1469/1223 1214/1470/1224 1236/1495/1245
f 1215/1452/1207 1290/1496/1246 1214/1470/1224
f 1216/1471/1225 1237/1497/1247 1171/1398/1162
f 1216/1471/1225 1238/1498/1248 1237/1497/1247
f 1172/1429/1192 1238/1498/1248 1216/1471/1225
f 1172/1429/1192 1235/1494/1244 1238/1498/1248
f 1212/1425/1188 1235/1494/1244 1172/1429/1192
f 1190/1423/1186 1175/1499/1193 1235/1494/1244
f 1192/1426/1189 1213/1469/1223 1191/1454/1209
f 1214/1470/1224 1290/1496/1246 1239/1500/1249
f 1235/1494/1244 1264/1501/1250 1238/1498/1248
f 1175/1499/1193 1264/1501/1250 1235/1494/1244
f 1175/1499/1193 1240/1502/1251 1264/1501/1250
f 1194/1431/1194 1236/1495/1245 1293/1503/1252
f 1194/1431/1194 1293/1503/1252 1193/1455/1210
f 1130/1377/1142 1241/1504/1253 1217/1378/1143
f 1130/1377/1142 1329/1505/1254 1241/1504/1253
f 1217/1378/1143 1241/1504/1253 1242/1472/1226
f 1218/1433/1196 1242/1472/1226 1243/1506/1255
f 1218/1433/1196 1243/1506/1255 1195/1456/1211
f 1195/1456/1211 1243/1506/1255 1196/1434/1197
f 1196/1434/1197 1243/1506/1255 1244/1507/1256
f 1196/1434/1197 1244/1507/1256 1197/1411/1175
f 1198/1457/1212 1245/1508/1257 1297/1509/1258
f 1198/1457/1212 1246/1510/1259 1199/1435/1198
f 1198/1457/1212 1297/1509/1258 1246/1510/1259
f 1197/1411/1175 1244/1507/1256 1245/1508/1257
f 1197/1411/1175 1245/1508/1257 1198/1457/1212
f 1199/1435/1198 1246/1510/1259 1220/1473/1227
f 1220/1473/1227 1273/1511/1260 1200/1459/1214
f 1200/1459/1214 1273/1511/1260 1299/1512/1261
f 1200/1459/1214 1299/1512/1261 1248/1513/1262
f 1200/1459/1214 1248/1513/1262 1247/1461/1216
f 1247/1461/1216 1248/1513/1262 1249/1514/1263
f 1247/1461/1216 1249/1514/1263 1201/1460/1215
f 1201/1460/1215 1221/1474/1228 1202/1462/1217
f 1222/1463/1218 1223/1475/1229 1225/1477/1231
f 1222/1463/1218 1225/1477/1231 1164/1418/1182
f 1204/1419/1183 1224/1476/1230 1250/1479/1233
f 1204/1419/1183 1250/1479/1233 1205/1464/1203
f 1183/1392/1157 1277/1515/1264 1251/1516/1265
f 1183/1392/1157 1251/1516/1265 1227/1393/1158
f 1227/1393/1158 1251/1516/1265 1228/1482/1235
f 1227/1393/1158 1228/1482/1235 1207/1465/1219
f 1230/1485/1238 1254/1483/1236 1342/1517/1266
f 1230/1485/1238 1342/1517/1266 1253/1518/1267
f 1185/1447/1184 1230/1489/1238 1231/1492/1242
f 1185/1447/1184 1231/1492/1242 1186/1448/1206
f 1232/1490/1221 1231/1492/1242 1252/1519/1268
f 1232/1490/1221 1252/1519/1268 1211/1487/1240
f 1211/1487/1240 1255/1520/1222 1232/1490/1221
f 1211/1487/1240 1252/1519/1268 1206/1488/1241
f 1230/1489/1238 1253/1521/1267 1231/1492/1242
f 1189/1453/1208 1256/1522/1269 1257/1523/1270
f 1189/1453/1208 1234/1493/1243 1256/1522/1269
f 1189/1453/1208 1257/1523/1270 1215/1452/1207
f 1170/1424/1187 1258/1524/1271 1234/1493/1243
f 1170/1424/1187 1285/1525/1272 1258/1524/1271
f 1171/1398/1162 1285/1525/1272 1170/1424/1187
f 1171/1398/1162 1259/1526/1273 1285/1525/1272
f 1214/1470/1224 1239/1500/1249 1236/1495/1245
f 1215/1452/1207 1257/1523/1270 1287/1527/1274
f 1237/1497/1247 1259/1526/1273 1171/1398/1162
f 1237/1497/1247 1260/1528/1275 1259/1526/1273
f 1191/1454/1209 1236/1495/1245 1194/1431/1194
f 1213/1469/1223 1236/1495/1245 1191/1454/1209
f 1236/1495/1245 1262/1529/1276 1261/1530/1277
f 1237/1497/1247 1263/1531/1278 1260/1528/1275
f 1238/1498/1248 1263/1531/1278 1237/1497/1247
f 1238/1498/1248 1264/1501/1250 1263/1531/1278
f 1264/1501/1250 1240/1502/1251 1265/1532/1279
f 1265/1532/1279 1268/1533/1280 1266/1534/1281
f 1265/1532/1279 1267/1535/1282 1264/1501/1250
f 1265/1532/1279 1327/1536/1283 1267/1535/1282
f 1240/1502/1251 1268/1533/1280 1265/1532/1279
f 1193/1455/1210 1293/1503/1252 1329/1505/1254
f 1193/1455/1210 1329/1505/1254 1130/1377/1142
f 1242/1472/1226 1241/1504/1253 1269/1537/1284
f 1242/1472/1226 1269/1537/1284 1243/1506/1255
f 1243/1506/1255 1331/1538/1285 1271/1539/1286
f 1243/1506/1255 1271/1539/1286 1244/1507/1256
f 1244/1507/1256 1271/1539/1286 1270/1540/1287
f 1244/1507/1256 1270/1540/1287 1245/1508/1257
f 1245/1508/1257 1270/1540/1287 1271/1539/1286
f 1245/1508/1257 1271/1539/1286 1272/1541/1288
f 1245/1508/1257 1272/1541/1288 1297/1509/1258
f 1246/1510/1259 1297/1509/1258 1298/1542/1289
f 1246/1510/1259 1298/1542/1289 1220/1473/1227
f 1274/1543/1290 1273/1511/1260 1220/1473/1227
f 1220/1473/1227 1298/1542/1289 1274/1543/1290
f 1249/1514/1263 1221/1474/1228 1201/1460/1215
f 1249/1514/1263 1248/1513/1262 1275/1544/1291
f 1249/1514/1263 1275/1544/1291 1221/1474/1228
f 1221/1474/1228 1275/1544/1291 1304/1545/1292
f 1221/1474/1228 1304/1545/1292 1223/1475/1229
f 1223/1475/1229 1304/1545/1292 1276/1546/1293
f 1223/1475/1229 1276/1546/1293 1225/1477/1231
f 1225/1477/1231 1276/1546/1293 1224/1476/1230
f 1226/1478/1232 1277/1515/1264 1183/1392/1157
f 1226/1478/1232 1278/1547/1294 1277/1515/1264
f 1229/1466/1220 1279/1484/1237 1230/1485/1238
f 1231/1492/1242 1253/1521/1267 1281/1548/1295
f 1231/1492/1242 1281/1548/1295 1252/1519/1268
f 1252/1519/1268 1281/1548/1295 1280/1549/1296
f 1256/1550/1269 1313/1551/1297 1282/1552/1298
f 1256/1550/1269 1283/1553/1299 1313/1551/1297
f 1256/1550/1269 1282/1552/1298 1257/1554/1270
f 1256/1550/1269 1284/1555/1300 1283/1553/1299
f 1234/1556/1243 1284/1555/1300 1256/1550/1269
f 1234/1556/1243 1258/1557/1271 1284/1555/1300
f 1287/1558/1274 1288/1559/1301 1286/1560/1302
f 1287/1558/1274 1286/1560/1302 1290/1561/1246
f 1287/1527/1274 1290/1496/1246 1215/1452/1207
f 1257/1554/1270 1282/1552/1298 1288/1559/1301
f 1257/1554/1270 1288/1559/1301 1287/1558/1274
f 1236/1495/1245 1324/1562/1303 1289/1563/1304
f 1236/1495/1245 1261/1530/1277 1324/1562/1303
f 1236/1495/1245 1289/1563/1304 1293/1503/1252
f 1239/1500/1249 1262/1529/1276 1236/1495/1245
f 1239/1500/1249 1317/1564/1305 1262/1529/1276
f 1239/1500/1249 1290/1496/1246 1317/1564/1305
f 1260/1528/1275 1321/1565/1306 1259/1526/1273
f 1263/1531/1278 1321/1565/1306 1260/1528/1275
f 1264/1501/1250 1291/1566/1307 1263/1531/1278
f 1264/1501/1250 1267/1535/1282 1291/1566/1307
f 1266/1534/1281 1327/1536/1283 1265/1532/1279
f 1266/1534/1281 1294/1567/1308 1327/1536/1283
f 1268/1533/1280 1292/1568/1309 1294/1567/1308
f 1268/1533/1280 1294/1567/1308 1266/1534/1281
f 1269/1537/1284 1331/1538/1285 1243/1506/1255
f 1269/1537/1284 1295/1569/1310 1296/1570/1311
f 1269/1537/1284 1296/1570/1311 1331/1538/1285
f 1297/1509/1258 1332/1571/1312 1298/1542/1289
f 1274/1543/1290 1298/1542/1289 1273/1511/1260
f 1273/1511/1260 1300/1572/1313 1367/1573/1314
f 1273/1511/1260 1367/1573/1314 1299/1512/1261
f 1299/1512/1261 1303/1574/1315 1248/1513/1262
f 1303/1574/1315 1275/1544/1291 1248/1513/1262
f 1303/1574/1315 1301/1575/1316 1275/1544/1291
f 1275/1544/1291 1301/1575/1316 1305/1576/1317
f 1305/1576/1317 1304/1545/1292 1275/1544/1291
f 1305/1576/1317 1336/1577/1318 1304/1545/1292
f 1304/1545/1292 1306/1578/1319 1276/1546/1293
f 1304/1545/1292 1336/1577/1318 1307/1579/1320
f 1304/1545/1292 1307/1579/1320 1306/1578/1319
f 1224/1476/1230 1339/1580/1321 1250/1479/1233
f 1276/1546/1293 1339/1580/1321 1224/1476/1230
f 1276/1546/1293 1306/1581/1319 1339/1580/1321
f 1250/1479/1233 1374/1582/1322 1308/1583/1323
f 1250/1479/1233 1308/1583/1323 1309/1480/1234
f 1251/1516/1265 1375/1584/1324 1228/1482/1235
f 1228/1482/1235 1375/1584/1324 1310/1585/1325
f 1228/1482/1235 1310/1585/1325 1254/1483/1236
f 1279/1484/1237 1254/1483/1236 1230/1485/1238
f 1253/1521/1267 1312/1586/1326 1281/1548/1295
f 1281/1548/1295 1312/1586/1326 1280/1549/1296
f 1313/1551/1297 1314/1587/1327 1282/1552/1298
f 1283/1553/1299 1284/1555/1300 1315/1588/1328
f 1315/1588/1328 1284/1555/1300 1258/1557/1271
f 1288/1559/1301 1314/1587/1327 1318/1589/1329
f 1288/1559/1301 1318/1589/1329 1286/1560/1302
f 1282/1552/1298 1314/1587/1327 1288/1559/1301
f 1258/1557/1271 1316/1590/1330 1315/1588/1328
f 1285/1591/1272 1316/1590/1330 1258/1557/1271
f 1285/1591/1272 1259/1592/1273 1316/1590/1330
f 1286/1560/1302 1317/1593/1305 1290/1561/1246
f 1286/1560/1302 1318/1589/1329 1317/1593/1305
f 1324/1562/1303 1319/1594/1331 1289/1563/1304
f 1262/1529/1276 1320/1595/1332 1261/1530/1277
f 1262/1529/1276 1351/1596/1333 1320/1595/1332
f 1317/1564/1305 1318/1597/1329 1351/1596/1333
f 1317/1564/1305 1351/1596/1333 1262/1529/1276
f 1321/1598/1306 1322/1599/1334 1259/1592/1273
f 1321/1598/1306 1352/1600/1335 1322/1599/1334
f 1321/1565/1306 1323/1601/1336 1352/1602/1335
f 1321/1565/1306 1291/1566/1307 1323/1601/1336
f 1261/1530/1277 1320/1603/1332 1324/1562/1303
f 1263/1531/1278 1291/1566/1307 1321/1565/1306
f 1267/1535/1282 1325/1604/1337 1291/1566/1307
f 1293/1503/1252 1387/1605/1338 1329/1505/1254
f 1327/1536/1283 1325/1604/1337 1267/1535/1282
f 1327/1536/1283 1326/1606/1339 1325/1604/1337
f 1294/1567/1308 1328/1607/1340 1327/1536/1283
f 1327/1536/1283 1328/1607/1340 1326/1606/1339
f 1241/1504/1253 1295/1569/1310 1269/1537/1284
f 1241/1504/1253 1329/1505/1254 1388/1608/1341
f 1241/1504/1253 1388/1608/1341 1295/1569/1310
f 1331/1538/1285 1330/1609/1342 1271/1539/1286
f 1271/1539/1286 1330/1609/1342 1272/1541/1288
f 1330/1609/1342 1331/1538/1285 1296/1570/1311
f 1330/1609/1342 1296/1570/1311 1359/1610/1343
f 1330/1609/1342 1359/1610/1343 1272/1541/1288
f 1272/1541/1288 1359/1610/1343 1361/1611/1344
f 1272/1541/1288 1361/1611/1344 1297/1509/1258
f 1297/1509/1258 1361/1611/1344 1364/1612/1345
f 1297/1509/1258 1364/1612/1345 1332/1571/1312
f 1298/1542/1289 1333/1613/1346 1334/1614/1347
f 1298/1542/1289 1300/1572/1313 1273/1511/1260
f 1298/1542/1289 1334/1614/1347 1300/1572/1313
f 1298/1542/1289 1332/1571/1312 1333/1613/1346
f 1299/1512/1261 1302/1615/1348 1303/1574/1315
f 1303/1574/1315 1335/1616/1349 1301/1575/1316
f 1301/1575/1316 1336/1577/1318 1305/1576/1317
f 1301/1575/1316 1335/1616/1349 1336/1577/1318
f 1336/1577/1318 1335/1616/1349 1337/1617/1350
f 1336/1577/1318 1337/1617/1350 1338/1618/1351
f 1336/1577/1318 1338/1618/1351 1307/1579/1320
f 1339/1580/1321 1338/1618/1351 1340/1619/1352
f 1307/1579/1320 1339/1580/1321 1306/1581/1319
f 1307/1579/1320 1338/1618/1351 1339/1580/1321
f 1339/1580/1321 1340/1619/1352 1374/1582/1322
f 1339/1580/1321 1374/1582/1322 1250/1479/1233
f 1254/1483/1236 1310/1585/1325 1342/1517/1266
f 1343/1620/1353 1312/1586/1326 1253/1521/1267
f 1343/1620/1353 1344/1621/1354 1312/1586/1326
f 1343/1620/1353 1345/1622/1355 1344/1621/1354
f 1343/1620/1353 1410/1623/1356 1345/1622/1355
f 1344/1621/1354 1345/1622/1355 1346/1624/1357
f 1312/1586/1326 1344/1621/1354 1311/1625/1358
f 1311/1625/1358 1344/1621/1354 1341/1626/1359
f 1313/1551/1297 1283/1553/1299 1348/1627/1360
f 1313/1551/1297 1348/1627/1360 1347/1628/1361
f 1313/1551/1297 1347/1628/1361 1314/1587/1327
f 1283/1553/1299 1315/1588/1328 1348/1627/1360
f 1315/1588/1328 1349/1629/1362 1348/1627/1360
f 1318/1589/1329 1411/1630/1363 1381/1631/1364
f 1314/1587/1327 1411/1630/1363 1318/1589/1329
f 1315/1588/1328 1350/1632/1365 1349/1629/1362
f 1318/1589/1329 1381/1631/1364 1351/1633/1333
f 1316/1590/1330 1350/1632/1365 1315/1588/1328
f 1259/1592/1273 1322/1599/1334 1316/1590/1330
f 1324/1562/1303 1386/1634/1366 1319/1594/1331
f 1320/1603/1332 1351/1596/1333 1386/1634/1366
f 1320/1603/1332 1386/1634/1366 1324/1562/1303
f 1291/1566/1307 1353/1635/1367 1323/1601/1336
f 1325/1604/1337 1353/1635/1367 1291/1566/1307
f 1325/1604/1337 1354/1636/1368 1353/1635/1367
f 1293/1503/1252 1289/1563/1304 1387/1605/1338
f 1326/1606/1339 1357/1637/1369 1354/1636/1368
f 1326/1606/1339 1354/1636/1368 1325/1604/1337
f 1328/1607/1340 1357/1637/1369 1326/1606/1339
f 1328/1607/1340 1355/1638/1370 1357/1637/1369
f 1357/1637/1369 1358/1639/1371 1354/1636/1368
f 1357/1637/1369 1356/1640/1372 1358/1639/1371
f 1355/1638/1370 1356/1640/1372 1357/1637/1369
f 1295/1569/1310 1388/1608/1341 1390/1641/1373
f 1295/1569/1310 1390/1641/1373 1296/1570/1311
f 1296/1570/1311 1390/1641/1373 1391/1642/1374
f 1296/1570/1311 1391/1642/1374 1360/1643/1375
f 1296/1570/1311 1360/1643/1375 1359/1610/1343
f 1359/1610/1343 1360/1643/1375 1362/1644/1376
f 1359/1610/1343 1362/1644/1376 1363/1645/1377
f 1359/1610/1343 1363/1645/1377 1361/1611/1344
f 1361/1611/1344 1363/1645/1377 1364/1612/1345
f 1333/1613/1346 1368/1646/1378 1334/1614/1347
f 1333/1613/1346 1365/1647/1379 1366/1648/1380
f 1333/1613/1346 1366/1648/1380 1368/1646/1378
f 1332/1571/1312 1364/1612/1345 1365/1647/1379
f 1332/1571/1312 1365/1647/1379 1333/1613/1346
f 1334/1614/1347 1367/1573/1314 1300/1572/1313
f 1367/1573/1314 1369/1649/1381 1299/1512/1261
f 1367/1573/1314 1396/1650/1382 1369/1649/1381
f 1299/1512/1261 1369/1649/1381 1302/1615/1348
f 1302/1615/1348 1335/1616/1349 1303/1574/1315
f 1369/1649/1381 1335/1616/1349 1302/1615/1348
f 1369/1649/1381 1370/1651/1383 1335/1616/1349
f 1370/1651/1383 1369/1649/1381 1371/1652/1384
f 1370/1651/1383 1337/1617/1350 1335/1616/1349
f 1370/1651/1383 1371/1652/1384 1372/1653/1385
f 1370/1651/1383 1372/1653/1385 1337/1617/1350
f 1337/1617/1350 1372/1653/1385 1373/1654/1386
f 1337/1617/1350 1373/1654/1386 1338/1618/1351
f 1373/1654/1386 1340/1619/1352 1338/1618/1351
f 1373/1654/1386 1403/1655/1387 1340/1619/1352
f 1340/1619/1352 1403/1655/1387 1374/1582/1322
f 1308/1583/1323 1374/1582/1322 1404/1656/1388
f 1308/1583/1323 1404/1656/1388 1405/1657/1389
f 1308/1583/1323 1405/1657/1389 1309/1480/1234
f 1309/1481/1234 1278/1547/1294 1226/1478/1232
f 1309/1481/1234 1405/1658/1389 1278/1547/1294
f 1277/1515/1264 1375/1584/1324 1251/1516/1265
f 1277/1515/1264 1376/1659/1390 1375/1584/1324
f 1375/1584/1324 1376/1659/1390 1310/1585/1325
f 1310/1585/1325 1376/1659/1390 1442/1660/1391
f 1310/1585/1325 1442/1660/1391 1464/1661/1392
f 1310/1585/1325 1464/1661/1392 1377/1662/1393
f 1310/1585/1325 1377/1662/1393 1342/1517/1266
f 1342/1517/1266 1343/1663/1353 1253/1518/1267
f 1344/1621/1354 1346/1624/1357 1341/1626/1359
f 1348/1627/1360 1380/1664/1394 1448/1665/1395
f 1348/1627/1360 1378/1666/1396 1347/1628/1361
f 1348/1627/1360 1448/1665/1395 1379/1667/1397
f 1348/1627/1360 1379/1667/1397 1378/1666/1396
f 1348/1627/1360 1349/1629/1362 1380/1664/1394
f 1349/1629/1362 1413/1668/1398 1380/1664/1394
f 1381/1631/1364 1411/1630/1363 1446/1669/1399
f 1349/1629/1362 1350/1632/1365 1415/1670/1400
f 1381/1631/1364 1382/1671/1401 1351/1633/1333
f 1381/1631/1364 1383/1672/1402 1382/1671/1401
f 1316/1590/1330 1415/1670/1400 1350/1632/1365
f 1316/1590/1330 1322/1599/1334 1415/1670/1400
f 1351/1633/1333 1382/1671/1401 1414/1673/1403
f 1351/1596/1333 1414/1674/1403 1386/1634/1366
f 1352/1600/1335 1384/1675/1404 1322/1599/1334
f 1323/1676/1336 1384/1675/1404 1352/1600/1335
f 1323/1677/1336 1353/1678/1367 1384/1679/1404
f 1319/1594/1331 1385/1680/1405 1289/1563/1304
f 1319/1594/1331 1386/1634/1366 1385/1680/1405
f 1289/1563/1304 1421/1681/1406 1452/1682/1407
f 1289/1563/1304 1452/1682/1407 1387/1605/1338
f 1385/1680/1405 1421/1681/1406 1289/1563/1304
f 1385/1680/1405 1418/1683/1408 1421/1681/1406
f 1329/1505/1254 1387/1605/1338 1388/1608/1341
f 1358/1639/1371 1422/1684/1409 1354/1636/1368
f 1358/1639/1371 1424/1685/1410 1422/1684/1409
f 1358/1639/1371 1389/1686/1411 1424/1685/1410
f 1356/1640/1372 1389/1686/1411 1358/1639/1371
f 1360/1643/1375 1391/1642/1374 1392/1687/1412
f 1360/1643/1375 1392/1687/1412 1362/1644/1376
f 1362/1644/1376 1392/1687/1412 1393/1688/1413
f 1363/1645/1377 1362/1644/1376 1395/1689/1414
f 1363/1645/1377 1395/1689/1414 1364/1612/1345
f 1364/1612/1345 1395/1689/1414 1365/1647/1379
f 1395/1689/1414 1394/1690/1415 1365/1647/1379
f 1365/1647/1379 1394/1690/1415 1366/1648/1380
f 1366/1648/1380 1394/1690/1415 1368/1646/1378
f 1334/1614/1347 1396/1650/1382 1367/1573/1314
f 1368/1646/1378 1396/1650/1382 1334/1614/1347
f 1368/1646/1378 1394/1690/1415 1397/1691/1416
f 1368/1646/1378 1397/1691/1416 1396/1650/1382
f 1396/1650/1382 1397/1691/1416 1398/1692/1417
f 1396/1650/1382 1371/1652/1384 1369/1649/1381
f 1396/1650/1382 1398/1692/1417 1371/1652/1384
f 1371/1652/1384 1398/1692/1417 1399/1693/1418
f 1371/1652/1384 1399/1693/1418 1372/1653/1385
f 1400/1694/1419 1401/1695/1420 1372/1653/1385
f 1400/1694/1419 1402/1696/1421 1401/1695/1420
f 1372/1653/1385 1401/1695/1420 1373/1654/1386
f 1372/1653/1385 1399/1693/1418 1400/1694/1419
f 1403/1655/1387 1401/1695/1420 1402/1696/1421
f 1403/1655/1387 1404/1656/1388 1374/1582/1322
f 1403/1655/1387 1402/1696/1421 1404/1656/1388
f 1401/1695/1420 1403/1655/1387 1373/1654/1386
f 1278/1547/1294 1376/1659/1390 1277/1515/1264
f 1278/1547/1294 1440/1697/1422 1376/1659/1390
f 1408/1698/1423 1346/1624/1357 1345/1622/1355
f 1408/1698/1423 1407/1699/1424 1346/1624/1357
f 1346/1624/1357 1409/1700/1425 1341/1626/1359
f 1346/1624/1357 1407/1699/1424 1409/1700/1425
f 1345/1622/1355 1410/1623/1356 1408/1698/1423
f 1347/1628/1361 1411/1630/1363 1314/1587/1327
f 1347/1628/1361 1378/1666/1396 1411/1630/1363
f 1381/1631/1364 1648/1701/1426 1383/1672/1402
f 1415/1670/1400 1413/1668/1398 1349/1629/1362
f 1415/1702/1400 1412/1703/1427 1413/1704/1398
f 1415/1702/1400 1416/1705/1428 1412/1703/1427
f 1322/1599/1334 1416/1706/1428 1415/1670/1400
f 1322/1599/1334 1417/1707/1429 1416/1706/1428
f 1414/1674/1403 1418/1683/1408 1386/1634/1366
f 1322/1599/1334 1384/1675/1404 1417/1707/1429
f 1386/1634/1366 1418/1683/1408 1385/1680/1405
f 1353/1678/1367 1419/1708/1430 1384/1679/1404
f 1353/1678/1367 1479/1709/1431 1419/1708/1430
f 1353/1635/1367 1354/1636/1368 1422/1684/1409
f 1421/1681/1406 1420/1710/1432 1452/1682/1407
f 1418/1683/1408 1451/1711/1433 1421/1681/1406
f 1422/1712/1409 1423/1713/1434 1353/1678/1367
f 1422/1712/1409 1424/1714/1410 1423/1713/1434
f 1387/1605/1338 1425/1715/1435 1388/1608/1341
f 1387/1605/1338 1452/1682/1407 1425/1715/1435
f 1388/1608/1341 1425/1715/1435 1455/1716/1436
f 1388/1608/1341 1426/1717/1437 1390/1641/1373
f 1388/1608/1341 1455/1716/1436 1426/1717/1437
f 1424/1718/1410 1427/1719/1438 1430/1720/1439
f 1389/1721/1411 1427/1719/1438 1424/1718/1410
f 1389/1721/1411 1428/1722/1440 1427/1719/1438
f 1427/1719/1438 1429/1723/1441 1430/1720/1439
f 1428/1722/1440 1429/1723/1441 1427/1719/1438
f 1390/1641/1373 1426/1717/1437 1391/1642/1374
f 1430/1720/1439 1432/1724/1442 1431/1725/1443
f 1429/1723/1441 1432/1724/1442 1430/1720/1439
f 1391/1642/1374 1426/1717/1437 1392/1687/1412
f 1362/1644/1376 1393/1688/1413 1395/1689/1414
f 1393/1688/1413 1433/1726/1444 1434/1727/1445
f 1393/1688/1413 1434/1727/1445 1395/1689/1414
f 1395/1689/1414 1397/1691/1416 1394/1690/1415
f 1395/1689/1414 1434/1727/1445 1435/1728/1446
f 1395/1689/1414 1435/1728/1446 1397/1691/1416
f 1397/1691/1416 1435/1728/1446 1398/1692/1417
f 1398/1692/1417 1435/1728/1446 1436/1729/1447
f 1398/1692/1417 1437/1730/1448 1399/1693/1418
f 1398/1692/1417 1436/1729/1447 1437/1730/1448
f 1438/1731/1449 1402/1696/1421 1437/1730/1448
f 1438/1731/1449 1461/1732/1450 1402/1696/1421
f 1437/1730/1448 1402/1696/1421 1399/1693/1418
f 1399/1693/1418 1402/1696/1421 1400/1694/1419
f 1402/1696/1421 1461/1732/1450 1404/1656/1388
f 1404/1656/1388 1461/1732/1450 1405/1657/1389
f 1405/1657/1389 1461/1732/1450 1492/1733/1451
f 1405/1658/1389 1492/1734/1451 1439/1735/1452
f 1405/1658/1389 1440/1697/1422 1278/1547/1294
f 1405/1658/1389 1439/1735/1452 1441/1736/1453
f 1405/1658/1389 1441/1736/1453 1440/1697/1422
f 1376/1659/1390 1440/1697/1422 1442/1660/1391
f 1444/1737/1454 1465/1738/1455 1443/1739/1456
f 1409/1700/1425 1407/1699/1424 1406/1740/1457
f 1406/1740/1457 1407/1699/1424 1465/1738/1455
f 1406/1740/1457 1465/1738/1455 1444/1737/1454
f 1342/1517/1266 1377/1662/1393 1343/1663/1353
f 1377/1662/1393 1410/1741/1356 1343/1663/1353
f 1377/1662/1393 1445/1742/1458 1410/1741/1356
f 1377/1662/1393 1551/1743/1459 1445/1742/1458
f 1410/1623/1356 1445/1744/1458 1408/1698/1423
f 1448/1665/1395 1450/1745/1460 1379/1667/1397
f 1411/1630/1363 1447/1746/1461 1446/1669/1399
f 1380/1664/1394 1413/1668/1398 1448/1665/1395
f 1448/1747/1395 1413/1704/1398 1474/1748/1462
f 1448/1747/1395 1449/1749/1463 1450/1750/1460
f 1448/1747/1395 1474/1748/1462 1449/1749/1463
f 1446/1669/1399 1648/1701/1426 1381/1631/1364
f 1413/1704/1398 1412/1703/1427 1474/1748/1462
f 1412/1703/1427 1500/1751/1464 1474/1748/1462
f 1412/1703/1427 1416/1705/1428 1500/1751/1464
f 1423/1713/1434 1479/1709/1431 1353/1678/1367
f 1421/1681/1406 1451/1711/1433 1478/1752/1465
f 1421/1681/1406 1478/1752/1465 1420/1710/1432
f 1452/1682/1407 1454/1753/1466 1425/1715/1435
f 1424/1714/1410 1453/1754/1467 1423/1713/1434
f 1424/1714/1410 1431/1755/1443 1453/1754/1467
f 1431/1725/1443 1432/1724/1442 1456/1756/1468
f 1426/1717/1437 1455/1716/1436 1392/1687/1412
f 1432/1724/1442 1457/1757/1469 1456/1756/1468
f 1392/1687/1412 1455/1716/1436 1512/1758/1470
f 1392/1687/1412 1512/1758/1470 1393/1688/1413
f 1393/1688/1413 1512/1758/1470 1459/1759/1471
f 1393/1688/1413 1459/1759/1471 1433/1726/1444
f 1433/1726/1444 1459/1759/1471 1460/1760/1472
f 1433/1726/1444 1460/1760/1472 1434/1727/1445
f 1435/1728/1446 1434/1727/1445 1438/1731/1449
f 1435/1728/1446 1438/1731/1449 1436/1729/1447
f 1434/1727/1445 1461/1732/1450 1438/1731/1449
f 1434/1727/1445 1460/1760/1472 1461/1732/1450
f 1438/1731/1449 1437/1730/1448 1436/1729/1447
f 1440/1697/1422 1441/1736/1453 1442/1660/1391
f 1465/1738/1455 1407/1699/1424 1466/1761/1473
f 1465/1738/1455 1466/1761/1473 1443/1739/1456
f 1443/1739/1456 1466/1761/1473 1463/1762/1474
f 1377/1662/1393 1464/1661/1392 1551/1743/1459
f 1407/1699/1424 1467/1763/1475 1466/1761/1473
f 1407/1699/1424 1408/1698/1423 1467/1763/1475
f 1411/1630/1363 1468/1764/1476 1447/1746/1461
f 1378/1666/1396 1470/1765/1477 1618/1766/1478
f 1378/1666/1396 1618/1766/1478 1411/1630/1363
f 1379/1667/1397 1450/1745/1460 1470/1765/1477
f 1379/1667/1397 1470/1765/1477 1378/1666/1396
f 1450/1750/1460 1469/1767/1479 1470/1768/1477
f 1450/1750/1460 1449/1749/1463 1469/1767/1479
f 1446/1669/1399 1447/1746/1461 1648/1701/1426
f 1648/1701/1426 1471/1769/1480 1383/1672/1402
f 1382/1671/1401 1473/1770/1481 1472/1771/1482
f 1382/1671/1401 1472/1771/1482 1414/1673/1403
f 1383/1672/1402 1471/1769/1480 1473/1770/1481
f 1383/1672/1402 1473/1770/1481 1382/1671/1401
f 1414/1673/1403 1472/1771/1482 1475/1772/1483
f 1475/1772/1483 1451/1773/1433 1414/1673/1403
f 1475/1772/1483 1501/1774/1484 1451/1773/1433
f 1416/1705/1428 1417/1775/1429 1500/1751/1464
f 1414/1673/1403 1451/1773/1433 1418/1776/1408
f 1417/1775/1429 1476/1777/1485 1500/1751/1464
f 1384/1679/1404 1476/1777/1485 1417/1775/1429
f 1384/1679/1404 1505/1778/1486 1476/1777/1485
f 1451/1773/1433 1501/1774/1484 1477/1779/1487
f 1419/1708/1430 1505/1778/1486 1384/1679/1404
f 1451/1773/1433 1477/1779/1487 1478/1780/1465
f 1478/1752/1465 1507/1781/1488 1420/1710/1432
f 1477/1779/1487 1507/1782/1488 1478/1780/1465
f 1423/1713/1434 1453/1754/1467 1479/1709/1431
f 1454/1753/1466 1480/1783/1489 1481/1784/1490
f 1452/1682/1407 1420/1710/1432 1480/1783/1489
f 1452/1682/1407 1480/1783/1489 1454/1753/1466
f 1420/1710/1432 1507/1781/1488 1480/1783/1489
f 1431/1755/1443 1564/1785/1491 1453/1754/1467
f 1456/1756/1468 1458/1786/1492 1482/1787/1493
f 1456/1788/1468 1483/1789/1494 1431/1755/1443
f 1456/1788/1468 1482/1790/1493 1483/1789/1494
f 1457/1757/1469 1458/1786/1492 1456/1756/1468
f 1459/1759/1471 1512/1758/1470 1516/1791/1495
f 1482/1787/1493 1488/1792/1496 1486/1793/1497
f 1458/1786/1492 1488/1792/1496 1482/1787/1493
f 1458/1786/1492 1485/1794/1498 1488/1792/1496
f 1459/1759/1471 1516/1791/1495 1460/1760/1472
f 1486/1795/1497 1487/1796/1499 1482/1790/1493
f 1486/1793/1497 1488/1792/1496 1487/1797/1499
f 1485/1794/1498 1484/1798/1500 1488/1792/1496
f 1460/1760/1472 1516/1791/1495 1492/1733/1451
f 1460/1760/1472 1492/1733/1451 1461/1732/1450
f 1490/1799/1501 1536/1800/1502 1491/1801/1503
f 1491/1801/1503 1536/1800/1502 1489/1802/1504
f 1492/1734/1451 1493/1803/1505 1439/1735/1452
f 1490/1804/1501 1495/1805/1506 1536/1806/1502
f 1441/1736/1453 1496/1807/1507 1497/1808/1508
f 1497/1808/1508 1442/1660/1391 1441/1736/1453
f 1442/1660/1391 1497/1808/1508 1464/1661/1392
f 1467/1763/1475 1408/1698/1423 1498/1809/1509
f 1467/1763/1475 1498/1809/1509 1549/1810/1510
f 1467/1763/1475 1594/1811/1511 1466/1761/1473
f 1463/1762/1474 1466/1761/1473 1462/1812/1512
f 1445/1744/1458 1499/1813/1513 1408/1698/1423
f 1408/1698/1423 1499/1813/1513 1498/1809/1509
f 1551/1743/1459 1499/1814/1513 1445/1742/1458
f 1471/1769/1480 1621/1815/1514 1473/1770/1481
f 1501/1774/1484 1502/1816/1515 1477/1779/1487
f 1502/1816/1515 1503/1817/1516 1477/1779/1487
f 1502/1816/1515 1504/1818/1517 1503/1817/1516
f 1419/1708/1430 1562/1819/1518 1505/1778/1486
f 1503/1817/1516 1507/1782/1488 1477/1779/1487
f 1503/1817/1516 1559/1820/1519 1507/1782/1488
f 1479/1709/1431 1453/1754/1467 1506/1821/1520
f 1479/1709/1431 1506/1821/1520 1562/1819/1518
f 1479/1709/1431 1562/1819/1518 1419/1708/1430
f 1507/1822/1488 1601/1823/1521 1480/1824/1489
f 1453/1754/1467 1564/1785/1491 1506/1821/1520
f 1425/1715/1435 1508/1825/1522 1455/1716/1436
f 1454/1753/1466 1508/1825/1522 1425/1715/1435
f 1454/1753/1466 1481/1784/1490 1508/1825/1522
f 1455/1716/1436 1508/1825/1522 1512/1758/1470
f 1508/1826/1522 1510/1827/1523 1509/1828/1524
f 1483/1789/1494 1564/1785/1491 1431/1755/1443
f 1512/1758/1470 1511/1829/1525 1516/1791/1495
f 1512/1830/1470 1513/1831/1526 1511/1832/1525
f 1482/1790/1493 1487/1796/1499 1515/1833/1527
f 1482/1790/1493 1515/1833/1527 1483/1789/1494
f 1487/1797/1499 1517/1834/1528 1573/1835/1529
f 1487/1796/1499 1518/1836/1530 1515/1833/1527
f 1488/1792/1496 1517/1834/1528 1487/1797/1499
f 1488/1792/1496 1484/1798/1500 1517/1834/1528
f 1516/1837/1495 1519/1838/1531 1492/1734/1451
f 1573/1839/1529 1518/1836/1530 1487/1796/1499
f 1517/1834/1528 1520/1840/1532 1573/1841/1529
f 1573/1841/1529 1520/1840/1532 1521/1842/1533
f 1492/1734/1451 1522/1843/1534 1493/1803/1505
f 1492/1734/1451 1519/1838/1531 1522/1843/1534
f 1524/1844/1535 1528/1845/1536 1523/1846/1537
f 1524/1844/1535 1525/1847/1538 1526/1848/1539
f 1524/1844/1535 1527/1849/1540 1525/1847/1538
f 1526/1848/1539 1528/1845/1536 1524/1844/1535
f 1528/1845/1536 1530/1850/1541 1580/1851/1542
f 1528/1845/1536 1526/1848/1539 1530/1850/1541
f 1580/1851/1542 1529/1852/1543 1528/1845/1536
f 1531/1853/1544 1529/1852/1543 1580/1851/1542
f 1531/1853/1544 1536/1800/1502 1529/1852/1543
f 1524/1844/1535 1523/1846/1537 1532/1854/1545
f 1524/1844/1535 1533/1855/1546 1527/1849/1540
f 1489/1802/1504 1536/1800/1502 1531/1853/1544
f 1489/1802/1504 1531/1853/1544 1581/1856/1547
f 1532/1854/1545 1533/1855/1546 1524/1844/1535
f 1523/1846/1537 1534/1857/1548 1537/1858/1549
f 1528/1845/1536 1534/1857/1548 1523/1846/1537
f 1528/1845/1536 1535/1859/1550 1534/1857/1548
f 1529/1852/1543 1535/1859/1550 1528/1845/1536
f 1529/1852/1543 1536/1800/1502 1535/1859/1550
f 1537/1858/1549 1532/1854/1545 1523/1846/1537
f 1537/1858/1549 1538/1860/1551 1532/1854/1545
f 1535/1859/1550 1539/1861/1552 1534/1857/1548
f 1535/1859/1550 1542/1862/1553 1539/1861/1552
f 1535/1859/1550 1495/1863/1506 1542/1862/1553
f 1536/1800/1502 1495/1863/1506 1535/1859/1550
f 1439/1735/1452 1496/1807/1507 1441/1736/1453
f 1439/1735/1452 1493/1803/1505 1496/1807/1507
f 1537/1858/1549 1540/1864/1554 1538/1860/1551
f 1534/1857/1548 1540/1864/1554 1537/1858/1549
f 1539/1865/1552 1541/1866/1555 1588/1867/1556
f 1542/1868/1553 1541/1869/1555 1539/1865/1552
f 1539/1861/1552 1540/1864/1554 1534/1857/1548
f 1539/1865/1552 1588/1867/1556 1540/1870/1554
f 1494/1871/1557 1462/1812/1512 1547/1872/1558
s 6
f 1494/1871/1559 1543/1873/1559 1495/1874/1559
s 1
f 1496/1807/1507 1545/1875/1560 1497/1808/1508
f 1496/1807/1507 1493/1803/1505 1583/1876/1561
f 1496/1807/1507 1546/1877/1562 1545/1875/1560
f 1547/1872/1558 1548/1878/1563 1544/1879/1564
f 1545/1875/1560 1464/1661/1392 1497/1808/1508
f 1498/1809/1509 1593/1880/1565 1586/1881/1566
f 1498/1809/1509 1586/1881/1566 1549/1810/1510
f 1549/1810/1510 1594/1811/1511 1467/1763/1475
f 1547/1872/1558 1462/1812/1512 1466/1761/1473
f 1464/1661/1392 1545/1875/1560 1551/1743/1459
f 1499/1813/1513 1550/1882/1567 1498/1809/1509
f 1466/1761/1473 1594/1811/1511 1547/1872/1558
f 1618/1766/1478 1468/1764/1476 1411/1630/1363
f 1470/1768/1477 1469/1767/1479 1552/1883/1568
f 1470/1768/1477 1552/1883/1568 1618/1884/1478
f 1648/1701/1426 1447/1746/1461 1468/1764/1476
f 1449/1749/1463 1474/1748/1462 1649/1885/1569
f 1473/1770/1481 1621/1815/1514 1622/1886/1570
f 1473/1770/1481 1553/1887/1571 1472/1771/1482
f 1473/1770/1481 1622/1886/1570 1553/1887/1571
f 1472/1771/1482 1553/1887/1571 1475/1772/1483
f 1475/1772/1483 1553/1887/1571 1501/1774/1484
f 1476/1777/1485 1554/1888/1572 1500/1751/1464
f 1476/1777/1485 1600/1889/1573 1554/1888/1572
f 1501/1774/1484 1555/1890/1574 1502/1816/1515
f 1501/1774/1484 1556/1891/1575 1555/1890/1574
f 1555/1890/1574 1557/1892/1576 1502/1816/1515
f 1505/1778/1486 1558/1893/1577 1476/1777/1485
f 1557/1892/1576 1504/1818/1517 1502/1816/1515
f 1557/1892/1576 1560/1894/1578 1504/1818/1517
f 1557/1892/1576 1599/1895/1579 1560/1894/1578
f 1504/1818/1517 1559/1820/1519 1503/1817/1516
f 1560/1894/1578 1559/1820/1519 1504/1818/1517
f 1559/1896/1519 1601/1823/1521 1507/1822/1488
f 1559/1896/1519 1561/1897/1580 1601/1823/1521
f 1559/1820/1519 1560/1894/1578 1561/1898/1580
f 1480/1824/1489 1563/1899/1581 1481/1900/1490
f 1564/1785/1491 1607/1901/1582 1506/1821/1520
f 1481/1900/1490 1510/1827/1523 1508/1826/1522
f 1481/1900/1490 1563/1899/1581 1510/1827/1523
f 1508/1826/1522 1513/1831/1526 1512/1830/1470
f 1508/1826/1522 1509/1828/1524 1513/1831/1526
f 1483/1789/1494 1565/1902/1583 1564/1785/1491
f 1567/1903/1584 1568/1904/1585 1515/1833/1527
f 1515/1833/1527 1518/1836/1530 1567/1903/1584
f 1515/1833/1527 1514/1905/1586 1483/1789/1494
f 1515/1833/1527 1568/1904/1585 1514/1905/1586
f 1511/1906/1525 1519/1838/1531 1516/1837/1495
f 1511/1906/1525 1566/1907/1587 1519/1838/1531
f 1569/1908/1588 1530/1850/1541 1526/1848/1539
f 1569/1908/1588 1571/1909/1589 1570/1910/1590
f 1570/1910/1590 1530/1850/1541 1569/1908/1588
f 1570/1910/1590 1571/1909/1589 1612/1911/1591
f 1567/1912/1584 1530/1850/1541 1570/1910/1590
f 1567/1912/1584 1572/1913/1592 1530/1850/1541
f 1518/1914/1530 1572/1913/1592 1567/1912/1584
f 1518/1914/1530 1573/1915/1529 1572/1913/1592
f 1574/1916/1593 1576/1917/1594 1569/1908/1588
f 1574/1916/1593 1577/1918/1595 1576/1917/1594
f 1569/1908/1588 1526/1848/1539 1574/1916/1593
f 1530/1850/1541 1572/1913/1592 1580/1851/1542
f 1573/1915/1529 1578/1919/1596 1572/1913/1592
f 1573/1915/1529 1579/1920/1597 1578/1919/1596
f 1521/1842/1533 1579/1921/1597 1573/1922/1529
f 1575/1923/1598 1577/1918/1595 1574/1916/1593
f 1574/1916/1593 1526/1848/1539 1525/1847/1538
f 1574/1916/1593 1525/1847/1538 1575/1923/1598
f 1578/1919/1596 1580/1851/1542 1572/1913/1592
f 1578/1919/1596 1581/1856/1547 1580/1851/1542
f 1579/1920/1597 1581/1856/1547 1578/1919/1596
f 1575/1923/1598 1614/1924/1599 1577/1918/1595
f 1525/1847/1538 1582/1925/1600 1575/1923/1598
f 1580/1851/1542 1581/1856/1547 1531/1853/1544
f 1527/1849/1540 1582/1925/1600 1525/1847/1538
f 1522/1843/1534 1583/1876/1561 1493/1803/1505
f 1522/1843/1534 1584/1926/1601 1583/1876/1561
f 1533/1855/1546 1582/1925/1600 1527/1849/1540
f 1533/1855/1546 1585/1927/1602 1582/1925/1600
f 1532/1854/1545 1585/1927/1602 1533/1855/1546
f 1538/1860/1551 1540/1864/1554 1593/1928/1565
f 1538/1860/1551 1585/1927/1602 1532/1854/1545
f 1538/1860/1551 1593/1928/1565 1585/1927/1602
f 1540/1864/1554 1586/1929/1566 1593/1928/1565
f 1540/1930/1554 1549/1810/1510 1586/1881/1566
f 1588/1931/1556 1549/1810/1510 1540/1930/1554
f 1588/1931/1556 1589/1932/1603 1549/1810/1510
f 1588/1931/1556 1590/1933/1604 1589/1932/1603
f 1541/1866/1555 1587/1934/1605 1590/1935/1604
f 1541/1866/1555 1590/1935/1604 1588/1867/1556
f 1545/1875/1560 1591/1936/1606 1551/1743/1459
f 1545/1875/1560 1546/1877/1562 1591/1936/1606
f 1550/1937/1567 1592/1938/1607 1616/1939/1608
f 1550/1937/1567 1616/1939/1608 1593/1928/1565
f 1550/1937/1567 1499/1814/1513 1592/1938/1607
f 1593/1880/1565 1498/1809/1509 1550/1882/1567
f 1549/1810/1510 1589/1932/1603 1595/1940/1609
f 1595/1940/1609 1594/1811/1511 1549/1810/1510
f 1595/1940/1609 1548/1878/1563 1594/1811/1511
f 1595/1940/1609 1589/1932/1603 1544/1879/1564
f 1544/1879/1564 1548/1878/1563 1595/1940/1609
f 1548/1878/1563 1547/1872/1558 1594/1811/1511
f 1618/1766/1478 1647/1941/1610 1468/1764/1476
f 1469/1767/1479 1449/1749/1463 1552/1883/1568
f 1468/1764/1476 1596/1942/1611 1648/1701/1426
f 1553/1887/1571 1598/1943/1612 1597/1944/1613
f 1553/1887/1571 1556/1891/1575 1501/1774/1484
f 1553/1887/1571 1597/1944/1613 1556/1891/1575
f 1556/1891/1575 1597/1944/1613 1555/1890/1574
f 1558/1893/1577 1600/1889/1573 1476/1777/1485
f 1555/1890/1574 1599/1895/1579 1557/1892/1576
f 1505/1778/1486 1562/1819/1518 1558/1893/1577
f 1560/1894/1578 1599/1895/1579 1623/1945/1614
f 1560/1894/1578 1623/1945/1614 1561/1898/1580
f 1558/1893/1577 1562/1819/1518 1653/1946/1615
f 1558/1893/1577 1653/1946/1615 1600/1889/1573
f 1601/1823/1521 1563/1899/1581 1480/1824/1489
f 1601/1823/1521 1604/1947/1616 1563/1899/1581
f 1561/1897/1580 1603/1948/1617 1601/1823/1521
f 1561/1898/1580 1623/1945/1614 1602/1949/1618
f 1561/1898/1580 1602/1949/1618 1603/1950/1617
f 1603/1950/1617 1602/1949/1618 1605/1951/1619
f 1603/1948/1617 1605/1952/1619 1601/1823/1521
f 1563/1899/1581 1604/1947/1616 1606/1953/1620
f 1564/1785/1491 1565/1902/1583 1607/1901/1582
f 1513/1831/1526 1566/1907/1587 1511/1832/1525
f 1510/1827/1523 1638/1954/1621 1509/1828/1524
f 1563/1899/1581 1638/1954/1621 1510/1827/1523
f 1563/1899/1581 1631/1955/1622 1638/1954/1621
f 1509/1828/1524 1566/1907/1587 1513/1831/1526
f 1509/1828/1524 1642/1956/1623 1566/1907/1587
f 1514/1905/1586 1608/1957/1624 1565/1902/1583
f 1514/1905/1586 1565/1902/1583 1483/1789/1494
f 1609/1958/1625 1613/1959/1626 1610/1960/1627
f 1609/1958/1625 1610/1960/1627 1611/1961/1628
f 1609/1958/1625 1611/1961/1628 1571/1909/1589
f 1571/1909/1589 1637/1962/1629 1612/1911/1591
f 1571/1909/1589 1611/1961/1628 1637/1962/1629
f 1612/1911/1591 1567/1912/1584 1570/1910/1590
f 1568/1963/1585 1567/1912/1584 1612/1911/1591
f 1568/1963/1585 1612/1911/1591 1608/1964/1624
f 1568/1904/1585 1608/1957/1624 1514/1905/1586
f 1566/1907/1587 1584/1926/1601 1519/1838/1531
f 1609/1958/1625 1569/1908/1588 1576/1917/1594
f 1571/1909/1589 1569/1908/1588 1609/1958/1625
f 1576/1917/1594 1613/1959/1626 1609/1958/1625
f 1576/1917/1594 1577/1918/1595 1613/1959/1626
f 1519/1838/1531 1584/1926/1601 1522/1843/1534
f 1582/1925/1600 1614/1924/1599 1575/1923/1598
f 1583/1876/1561 1644/1965/1630 1546/1877/1562
f 1582/1925/1600 1615/1966/1631 1614/1924/1599
f 1583/1876/1561 1546/1877/1562 1496/1807/1507
f 1585/1927/1602 1615/1966/1631 1582/1925/1600
f 1585/1927/1602 1616/1939/1608 1615/1966/1631
f 1585/1927/1602 1593/1928/1565 1616/1939/1608
f 1592/1938/1607 1499/1814/1513 1591/1936/1606
f 1592/1938/1607 1617/1967/1632 1616/1939/1608
f 1592/1938/1607 1645/1968/1633 1617/1967/1632
f 1591/1936/1606 1499/1814/1513 1551/1743/1459
f 1618/1766/1478 1662/1969/1634 1647/1941/1610
f 1618/1884/1478 1619/1970/1635 1662/1971/1634
f 1618/1972/1478 1552/1883/1568 1619/1970/1635
f 1449/1749/1463 1649/1885/1569 1620/1973/1636
f 1449/1749/1463 1620/1973/1636 1552/1883/1568
f 1500/1751/1464 1665/1974/1637 1474/1748/1462
f 1500/1751/1464 1554/1888/1572 1665/1974/1637
f 1597/1944/1613 1599/1895/1579 1555/1890/1574
f 1597/1944/1613 1598/1943/1612 1599/1895/1579
f 1600/1889/1573 1666/1975/1638 1554/1888/1572
f 1599/1895/1579 1624/1976/1639 1623/1945/1614
f 1602/1949/1618 1625/1977/1640 1605/1951/1619
f 1562/1819/1518 1506/1821/1520 1629/1978/1641
f 1562/1819/1518 1629/1978/1641 1653/1946/1615
f 1605/1952/1619 1604/1947/1616 1601/1823/1521
f 1605/1952/1619 1627/1979/1642 1604/1947/1616
f 1605/1951/1619 1625/1977/1640 1626/1980/1643
f 1605/1951/1619 1626/1980/1643 1627/1981/1642
f 1506/1821/1520 1607/1901/1582 1629/1978/1641
f 1604/1947/1616 1628/1982/1644 1606/1953/1620
f 1627/1979/1642 1628/1982/1644 1604/1947/1616
f 1627/1981/1642 1626/1980/1643 1654/1983/1645
f 1627/1981/1642 1656/1984/1646 1628/1985/1644
f 1627/1981/1642 1654/1983/1645 1656/1984/1646
f 1607/1901/1582 1630/1986/1647 1629/1978/1641
f 1606/1953/1620 1631/1955/1622 1563/1899/1581
f 1628/1982/1644 1656/1987/1646 1606/1953/1620
f 1607/1901/1582 1565/1902/1583 1632/1988/1648
f 1607/1901/1582 1632/1988/1648 1630/1986/1647
f 1634/1989/1649 1633/1990/1650 1637/1991/1629
f 1634/1992/1649 1635/1993/1651 1633/1994/1650
f 1634/1992/1649 1610/1960/1627 1635/1993/1651
f 1637/1991/1629 1636/1995/1652 1634/1989/1649
f 1637/1991/1629 1633/1990/1650 1658/1996/1653
f 1632/1988/1648 1565/1902/1583 1639/1997/1654
f 1636/1998/1652 1611/1961/1628 1610/1960/1627
f 1636/1998/1652 1610/1960/1627 1634/1992/1649
f 1637/1962/1629 1611/1961/1628 1636/1998/1652
f 1639/1999/1654 1612/1911/1591 1637/1962/1629
f 1639/1999/1654 1608/1964/1624 1612/1911/1591
f 1639/1997/1654 1674/2000/1655 1632/1988/1648
f 1639/2001/1654 1640/2002/1656 1674/2003/1655
f 1565/1902/1583 1608/1957/1624 1639/1997/1654
f 1631/1955/1622 1659/2004/1657 1638/1954/1621
f 1566/1907/1587 1642/1956/1623 1584/1926/1601
f 1638/1954/1621 1642/1956/1623 1509/1828/1524
f 1638/1954/1621 1659/2004/1657 1642/1956/1623
f 1613/1959/1626 1641/2005/1658 1610/1960/1627
f 1613/1959/1626 1643/2006/1659 1641/2005/1658
f 1642/1956/1623 1644/1965/1630 1584/1926/1601
f 1642/1956/1623 1661/2007/1660 1644/1965/1630
f 1577/1918/1595 1643/2006/1659 1613/1959/1626
f 1584/1926/1601 1644/1965/1630 1583/1876/1561
f 1614/1924/1599 1643/2006/1659 1577/1918/1595
f 1644/1965/1630 1661/2007/1660 1546/1877/1562
f 1546/1877/1562 1661/2007/1660 1645/1968/1633
f 1615/1966/1631 1646/2008/1661 1614/1924/1599
f 1546/1877/1562 1645/1968/1633 1591/1936/1606
f 1616/1939/1608 1617/1967/1632 1646/2008/1661
f 1616/1939/1608 1646/2008/1661 1615/1966/1631
f 1591/1936/1606 1645/1968/1633 1592/1938/1607
f 1647/1941/1610 1663/2009/1662 1468/1764/1476
f 1468/1764/1476 1663/2009/1662 1596/1942/1611
f 1647/1941/1610 1675/2010/1663 1663/2009/1662
f 1552/1883/1568 1620/1973/1636 1619/1970/1635
f 1648/1701/1426 1650/2011/1664 1471/1769/1480
f 1471/1769/1480 1650/2011/1664 1621/1815/1514
f 1474/1748/1462 1665/1974/1637 1649/1885/1569
f 1622/1886/1570 1651/2012/1665 1683/2013/1666
f 1622/1886/1570 1598/1943/1612 1553/1887/1571
f 1622/1886/1570 1683/2013/1666 1598/1943/1612
f 1598/1943/1612 1624/1976/1639 1599/1895/1579
f 1623/1945/1614 1625/1977/1640 1602/1949/1618
f 1624/1976/1639 1710/2014/1667 1623/1945/1614
f 1623/1945/1614 1652/2015/1668 1625/1977/1640
f 1623/1945/1614 1710/2014/1667 1652/2015/1668
f 1600/1889/1573 1678/2016/1669 1666/1975/1638
f 1600/1889/1573 1653/1946/1615 1678/2016/1669
f 1625/1977/1640 1654/1983/1645 1626/1980/1643
f 1625/1977/1640 1652/2015/1668 1654/1983/1645
f 1629/1978/1641 1669/2017/1670 1653/1946/1615
f 1606/1953/1620 1655/2018/1671 1631/1955/1622
f 1656/1984/1646 1654/1983/1645 1633/1990/1650
f 1633/1994/1650 1635/1993/1651 1656/1987/1646
f 1633/1990/1650 1654/1983/1645 1657/2019/1672
f 1633/1990/1650 1657/2019/1672 1658/1996/1653
f 1656/1987/1646 1655/2018/1671 1606/1953/1620
f 1656/1987/1646 1635/1993/1651 1655/2018/1671
f 1637/1991/1629 1658/1996/1653 1640/2002/1656
f 1637/1991/1629 1640/2002/1656 1639/2001/1654
f 1635/1993/1651 1610/1960/1627 1641/2005/1658
f 1635/1993/1651 1641/2005/1658 1655/2018/1671
f 1655/2018/1671 1659/2004/1657 1631/1955/1622
f 1655/2018/1671 1660/2020/1673 1659/2004/1657
f 1641/2005/1658 1643/2006/1659 1660/2020/1673
f 1641/2005/1658 1660/2020/1673 1655/2018/1671
f 1659/2004/1657 1661/2007/1660 1642/1956/1623
f 1660/2020/1673 1661/2007/1660 1659/2004/1657
f 1660/2020/1673 1614/1924/1599 1617/1967/1632
f 1660/2020/1673 1617/1967/1632 1661/2007/1660
f 1660/2020/1673 1643/2006/1659 1614/1924/1599
f 1661/2007/1660 1617/1967/1632 1645/1968/1633
f 1614/1924/1599 1646/2008/1661 1617/1967/1632
f 1620/1973/1636 1649/1885/1569 1664/2021/1674
f 1621/1815/1514 1651/2012/1665 1622/1886/1570
f 1554/1888/1572 1684/2022/1675 1665/1974/1637
f 1629/1978/1641 1671/2023/1676 1668/2024/1677
f 1629/1978/1641 1630/1986/1647 1671/2023/1676
f 1629/1978/1641 1668/2024/1677 1669/2017/1670
f 1654/1983/1645 1667/2025/1678 1657/2019/1672
f 1671/2023/1676 1630/1986/1647 1670/2026/1679
f 1630/1986/1647 1632/1988/1648 1670/2026/1679
f 1657/2019/1672 1667/2025/1678 1672/2027/1680
f 1672/2027/1680 1658/1996/1653 1657/2019/1672
f 1640/2002/1656 1680/2028/1681 1673/2029/1682
f 1640/2002/1656 1673/2029/1682 1674/2003/1655
f 1670/2026/1679 1632/1988/1648 1674/2000/1655
f 1658/1996/1653 1672/2027/1680 1640/2002/1656
f 1675/2010/1663 1682/2030/1683 1663/2009/1662
f 1619/1970/1635 1620/1973/1636 1676/2031/1684
f 1619/1970/1635 1676/2031/1684 1662/1971/1634
f 1663/2009/1662 1677/2032/1685 1596/1942/1611
f 1663/2009/1662 1682/2030/1683 1677/2032/1685
f 1596/1942/1611 1677/2032/1685 1650/2011/1664
f 1596/1942/1611 1650/2011/1664 1648/1701/1426
f 1650/2011/1664 1651/2012/1665 1621/1815/1514
f 1598/1943/1612 1695/2033/1686 1624/1976/1639
f 1666/1975/1638 1684/2022/1675 1554/1888/1572
f 1678/2016/1669 1653/1946/1615 1704/2034/1687
f 1653/1946/1615 1669/2017/1670 1704/2034/1687
f 1668/2024/1677 1679/2035/1688 1669/2017/1670
f 1668/2024/1677 1691/2036/1689 1687/2037/1690
f 1668/2024/1677 1687/2037/1690 1679/2035/1688
f 1680/2028/1681 1672/2027/1680 1667/2025/1678
f 1672/2027/1680 1680/2028/1681 1640/2002/1656
f 1674/2003/1655 1673/2029/1682 1670/2038/1679
f 1662/1971/1634 1676/2031/1684 1692/2039/1691
f 1662/1969/1634 1692/2040/1691 1647/1941/1610
f 1676/2031/1684 1620/1973/1636 1664/2021/1674
f 1649/1885/1569 1728/2041/1692 1664/2021/1674
f 1666/1975/1638 1678/2016/1669 1697/2042/1693
f 1666/1975/1638 1697/2042/1693 1684/2022/1675
f 1667/2025/1678 1681/2043/1694 1680/2028/1681
f 1667/2025/1678 1685/2044/1695 1681/2043/1694
f 1669/2017/1670 1686/2045/1696 1704/2034/1687
f 1669/2017/1670 1707/2046/1697 1686/2045/1696
f 1680/2028/1681 1681/2043/1694 1673/2029/1682
f 1673/2029/1682 1681/2043/1694 1690/2047/1698
f 1673/2029/1682 1690/2047/1698 1670/2038/1679
f 1670/2026/1679 1690/2048/1698 1671/2023/1676
f 1671/2023/1676 1691/2036/1689 1668/2024/1677
f 1671/2023/1676 1690/2048/1698 1691/2036/1689
f 1647/1941/1610 1701/2049/1699 1682/2030/1683
f 1647/1941/1610 1682/2030/1683 1675/2010/1663
f 1647/1941/1610 1692/2040/1691 1701/2049/1699
f 1679/2035/1688 1687/2037/1690 1688/2050/1700
f 1679/2035/1688 1707/2046/1697 1669/2017/1670
f 1681/2043/1694 1685/2044/1695 1689/2051/1701
f 1676/2031/1684 1693/2052/1702 1692/2039/1691
f 1677/2032/1685 1682/2030/1683 1694/2053/1703
f 1677/2032/1685 1719/2054/1704 1650/2011/1664
f 1677/2032/1685 1705/2055/1705 1719/2054/1704
f 1682/2030/1683 1701/2049/1699 1694/2053/1703
f 1665/1974/1637 1728/2041/1692 1649/1885/1569
f 1598/1943/1612 1683/2013/1666 1695/2033/1686
f 1652/2015/1668 1685/2044/1695 1654/1983/1645
f 1652/2015/1668 1696/2056/1706 1685/2044/1695
f 1678/2016/1669 1704/2034/1687 1697/2042/1693
f 1654/1983/1645 1685/2044/1695 1667/2025/1678
f 1689/2051/1701 1690/2047/1698 1681/2043/1694
f 1689/2051/1701 1699/2057/1707 1690/2047/1698
f 1689/2051/1701 1698/2058/1708 1699/2057/1707
f 1691/2059/1689 1690/2047/1698 1688/2060/1700
f 1691/2036/1689 1688/2061/1700 1687/2037/1690
f 1701/2062/1699 1727/2063/1709 1700/2064/1710
f 1701/2062/1699 1715/2065/1711 1727/2063/1709
f 1664/2021/1674 1728/2041/1692 1693/2052/1702
f 1664/2021/1674 1693/2052/1702 1676/2031/1684
f 1728/2041/1692 1702/2066/1712 1693/2052/1702
f 1728/2041/1692 1753/2067/1713 1702/2066/1712
f 1728/2041/1692 1703/2068/1714 1753/2067/1713
f 1650/2011/1664 1719/2054/1704 1651/2012/1665
f 1651/2012/1665 1719/2054/1704 1683/2013/1666
f 1697/2042/1693 1711/2069/1715 1684/2022/1675
f 1685/2044/1695 1698/2058/1708 1689/2051/1701
f 1685/2044/1695 1696/2056/1706 1698/2058/1708
f 1690/2047/1698 1699/2057/1707 1688/2060/1700
f 1688/2061/1700 1699/2070/1707 1707/2046/1697
f 1688/2050/1700 1707/2046/1697 1679/2035/1688
f 1694/2053/1703 1705/2055/1705 1677/2032/1685
f 1692/2039/1691 1693/2052/1702 1706/2071/1716
f 1719/2054/1704 1720/2072/1717 1683/2013/1666
f 1683/2013/1666 1720/2072/1717 1695/2033/1686
f 1695/2033/1686 1710/2014/1667 1624/1976/1639
f 1684/2022/1675 1712/2073/1718 1762/2074/1719
f 1697/2042/1693 1704/2034/1687 1711/2069/1715
f 1686/2045/1696 1708/2075/1720 1725/2076/1721
f 1699/2070/1707 1708/2075/1720 1707/2046/1697
f 1699/2070/1707 1713/2077/1722 1708/2075/1720
f 1707/2046/1697 1708/2075/1720 1686/2045/1696
f 1701/2049/1699 1700/2078/1710 1694/2053/1703
f 1692/2039/1691 1715/2079/1711 1701/2080/1699
f 1706/2071/1716 1716/2081/1723 1715/2079/1711
f 1706/2071/1716 1715/2079/1711 1692/2039/1691
f 1693/2052/1702 1702/2066/1712 1706/2071/1716
f 1695/2033/1686 1709/2082/1724 1710/2014/1667
f 1711/2069/1715 1712/2073/1718 1684/2022/1675
f 1696/2056/1706 1713/2083/1722 1698/2058/1708
f 1698/2058/1708 1713/2083/1722 1699/2057/1707
f 1694/2084/1703 1736/2085/1725 1705/2086/1705
f 1694/2084/1703 1714/2087/1726 1736/2085/1725
f 1700/2064/1710 1727/2063/1709 1714/2087/1726
f 1700/2064/1710 1714/2087/1726 1694/2084/1703
f 1705/2086/1705 1736/2085/1725 1739/2088/1727
f 1705/2086/1705 1739/2088/1727 1717/2089/1728
f 1706/2071/1716 1702/2066/1712 1716/2081/1723
f 1702/2090/1712 1718/2091/1729 1716/2092/1723
f 1753/2093/1713 1718/2091/1729 1702/2090/1712
f 1705/2086/1705 1717/2089/1728 1719/2094/1704
f 1719/2094/1704 1717/2089/1728 1720/2095/1717
f 1652/2015/1668 1721/2096/1730 1696/2056/1706
f 1704/2034/1687 1722/2097/1731 1711/2069/1715
f 1686/2045/1696 1723/2098/1732 1724/2099/1733
f 1686/2045/1696 1724/2099/1733 1722/2097/1731
f 1686/2045/1696 1722/2097/1731 1704/2034/1687
f 1708/2075/1720 1713/2077/1722 1725/2076/1721
f 1725/2076/1721 1723/2098/1732 1686/2045/1696
f 1727/2063/1709 1726/2100/1734 1714/2087/1726
f 1715/2065/1711 1738/2101/1735 1727/2063/1709
f 1715/2065/1711 1718/2091/1729 1738/2101/1735
f 1716/2092/1723 1718/2091/1729 1715/2065/1711
f 1720/2072/1717 1709/2082/1724 1695/2033/1686
f 1712/2073/1718 1729/2102/1736 1762/2074/1719
f 1712/2073/1718 1730/2103/1737 1729/2102/1736
f 1711/2069/1715 1743/2104/1738 1730/2103/1737
f 1711/2069/1715 1722/2097/1731 1743/2104/1738
f 1711/2069/1715 1730/2103/1737 1712/2073/1718
f 1696/2056/1706 1721/2096/1730 1713/2083/1722
f 1713/2083/1722 1721/2096/1730 1755/2105/1739
f 1713/2083/1722 1731/2106/1740 1732/2107/1741
f 1713/2077/1722 1723/2098/1732 1725/2076/1721
f 1713/2077/1722 1732/2108/1741 1723/2098/1732
f 1723/2098/1732 1732/2108/1741 1724/2099/1733
f 1727/2063/1709 1733/2109/1742 1734/2110/1743
f 1727/2063/1709 1735/2111/1744 1726/2100/1734
f 1727/2063/1709 1734/2110/1743 1735/2111/1744
f 1714/2087/1726 1726/2100/1734 1736/2085/1725
f 1727/2063/1709 1738/2101/1735 1733/2109/1742
f 1738/2101/1735 1737/2112/1745 1733/2109/1742
f 1718/2091/1729 1753/2093/1713 1750/2113/1746
f 1718/2091/1729 1750/2113/1746 1738/2101/1735
f 1684/2022/1675 1762/2074/1719 1728/2041/1692
f 1743/2104/1738 1740/2114/1747 1730/2103/1737
f 1743/2104/1738 1742/2115/1748 1741/2116/1749
f 1743/2104/1738 1741/2116/1749 1740/2114/1747
f 1724/2099/1733 1732/2108/1741 1742/2115/1748
f 1724/2099/1733 1743/2104/1738 1722/2097/1731
f 1724/2099/1733 1742/2115/1748 1743/2104/1738
f 1745/2117/1750 1726/2100/1734 1735/2111/1744
f 1745/2117/1750 1744/2118/1751 1726/2100/1734
f 1726/2100/1734 1744/2118/1751 1736/2085/1725
f 1733/2109/1742 1737/2112/1745 1748/2119/1752
f 1733/2109/1742 1748/2119/1752 1746/2120/1753
f 1733/2109/1742 1747/2121/1754 1734/2110/1743
f 1733/2109/1742 1746/2120/1753 1747/2121/1754
f 1737/2112/1745 1761/2122/1755 1748/2119/1752
f 1736/2085/1725 1744/2118/1751 1739/2088/1727
f 1738/2101/1735 1750/2113/1746 1737/2112/1745
f 1717/2089/1728 1749/2123/1756 1720/2095/1717
f 1703/2068/1714 1831/2124/1757 1753/2067/1713
f 1703/2068/1714 1762/2074/1719 1780/2125/1758
f 1703/2068/1714 1780/2125/1758 1831/2124/1757
f 1684/2022/1675 1728/2041/1692 1665/1974/1637
f 1652/2015/1668 1751/2126/1759 1721/2096/1730
f 1744/2118/1751 1745/2117/1750 1758/2127/1760
f 1734/2110/1743 1752/2128/1761 1735/2111/1744
f 1734/2110/1743 1747/2121/1754 1752/2128/1761
f 1748/2119/1752 1768/2129/1762 1746/2120/1753
f 1744/2118/1751 1779/2130/1763 1739/2088/1727
f 1744/2118/1751 1758/2127/1760 1779/2130/1763
f 1750/2113/1746 1761/2122/1755 1737/2112/1745
f 1739/2088/1727 1749/2123/1756 1717/2089/1728
f 1728/2041/1692 1762/2074/1719 1703/2068/1714
f 1709/2082/1724 1789/2131/1764 1710/2014/1667
f 1729/2102/1736 1740/2114/1747 1754/2132/1765
f 1730/2103/1737 1740/2114/1747 1729/2102/1736
f 1721/2096/1730 1751/2126/1759 1755/2105/1739
f 1740/2114/1747 1771/2133/1766 1754/2132/1765
f 1740/2114/1747 1741/2116/1749 1771/2133/1766
f 1755/2105/1739 1731/2106/1740 1713/2083/1722
f 1755/2105/1739 1763/2134/1767 1731/2106/1740
f 1731/2135/1740 1742/2115/1748 1732/2108/1741
f 1757/2136/1768 1745/2117/1750 1735/2111/1744
f 1735/2111/1744 1752/2128/1761 1757/2136/1768
f 1758/2127/1760 1745/2117/1750 1757/2137/1768
f 1752/2128/1761 1747/2121/1754 1759/2138/1769
f 1752/2128/1761 1759/2138/1769 1766/2139/1770
f 1752/2128/1761 1766/2139/1770 1760/2140/1771
f 1779/2130/1763 1749/2123/1756 1739/2088/1727
f 1748/2119/1752 1761/2122/1755 1768/2129/1762
f 1729/2102/1736 1754/2132/1765 1762/2074/1719
f 1742/2115/1748 1731/2135/1740 1764/2141/1772
f 1742/2115/1748 1764/2141/1772 1741/2116/1749
f 1757/2137/1768 1765/2142/1773 1758/2127/1760
f 1757/2137/1768 1756/2143/1774 1777/2144/1775
f 1757/2137/1768 1777/2144/1775 1765/2142/1773
f 1752/2128/1761 1760/2140/1771 1756/2143/1774
f 1752/2128/1761 1756/2143/1774 1757/2136/1768
f 1747/2121/1754 1767/2145/1776 1759/2138/1769
f 1746/2120/1753 1767/2145/1776 1747/2121/1754
f 1746/2120/1753 1768/2129/1762 1767/2145/1776
f 1758/2127/1760 1765/2146/1773 1779/2130/1763
f 1710/2014/1667 1813/2147/1777 1652/2015/1668
f 1652/2015/1668 1813/2147/1777 1751/2126/1759
f 1751/2126/1759 1770/2148/1778 1755/2105/1739
f 1771/2133/1766 1769/2149/1779 1754/2132/1765
f 1771/2133/1766 1790/2150/1780 1769/2149/1779
f 1771/2133/1766 1781/2151/1781 1790/2150/1780
f 1741/2116/1749 1764/2141/1772 1771/2133/1766
f 1731/2135/1740 1763/2152/1767 1764/2141/1772
f 1760/2140/1771 1772/2153/1782 1756/2143/1774
f 1759/2138/1769 1767/2145/1776 1766/2139/1770
f 1767/2145/1776 1768/2129/1762 1761/2122/1755
f 1767/2145/1776 1774/2154/1783 1773/2155/1784
f 1720/2095/1717 1749/2123/1756 1803/2156/1785
f 1710/2014/1667 1852/2157/1786 1813/2147/1777
f 1755/2105/1739 1775/2158/1787 1763/2134/1767
f 1755/2105/1739 1770/2148/1778 1775/2158/1787
f 1763/2152/1767 1775/2159/1787 1764/2141/1772
f 1764/2141/1772 1781/2151/1781 1771/2133/1766
f 1756/2143/1774 1776/2160/1788 1777/2144/1775
f 1756/2143/1774 1772/2153/1782 1776/2160/1788
f 1766/2139/1770 1767/2145/1776 1773/2155/1784
f 1766/2139/1770 1773/2155/1784 1760/2140/1771
f 1765/2146/1773 1777/2144/1775 1778/2161/1789
f 1765/2146/1773 1778/2161/1789 1779/2130/1763
f 1762/2074/1719 1754/2132/1765 1780/2125/1758
f 1775/2159/1787 1781/2151/1781 1764/2141/1772
f 1775/2159/1787 1782/2162/1790 1781/2151/1781
f 1777/2144/1775 1776/2160/1788 1778/2161/1789
f 1776/2160/1788 1772/2153/1782 1783/2163/1791
f 1776/2160/1788 1784/2164/1792 1794/2165/1793
f 1760/2140/1771 1773/2155/1784 1785/2166/1794
f 1760/2140/1771 1785/2166/1794 1786/2167/1795
f 1779/2130/1763 1811/2168/1796 1749/2123/1756
f 1750/2113/1746 1774/2154/1783 1761/2122/1755
f 1761/2122/1755 1774/2154/1783 1767/2145/1776
f 1750/2113/1746 1788/2169/1797 1774/2154/1783
f 1720/2095/1717 1789/2170/1764 1709/2171/1724
f 1710/2014/1667 1789/2131/1764 1852/2157/1786
f 1790/2150/1780 1782/2162/1790 1791/2172/1798
f 1792/2173/1799 1778/2161/1789 1776/2160/1788
f 1792/2173/1799 1793/2174/1800 1778/2161/1789
f 1792/2173/1799 1794/2165/1793 1793/2174/1800
f 1776/2160/1788 1794/2165/1793 1792/2173/1799
f 1783/2163/1791 1772/2153/1782 1786/2167/1795
f 1783/2163/1791 1784/2164/1792 1776/2160/1788
f 1783/2163/1791 1795/2175/1801 1784/2164/1792
f 1786/2167/1795 1772/2153/1782 1760/2140/1771
f 1786/2167/1795 1785/2166/1794 1783/2163/1791
f 1778/2161/1789 1787/2176/1802 1779/2130/1763
f 1778/2161/1789 1793/2174/1800 1787/2176/1802
f 1773/2155/1784 1796/2177/1803 1785/2166/1794
f 1773/2155/1784 1774/2154/1783 1796/2177/1803
f 1754/2132/1765 1797/2178/1804 1780/2125/1758
f 1751/2126/1759 1798/2179/1805 1770/2148/1778
f 1770/2180/1778 1782/2162/1790 1775/2159/1787
f 1770/2148/1778 1798/2179/1805 1799/2181/1806
f 1770/2180/1778 1799/2182/1806 1782/2162/1790
f 1781/2151/1781 1782/2162/1790 1790/2150/1780
f 1784/2164/1792 1801/2183/1807 1800/2184/1808
f 1784/2164/1792 1802/2185/1809 1801/2183/1807
f 1749/2123/1756 1811/2168/1796 1803/2156/1785
f 1803/2156/1785 1789/2170/1764 1720/2095/1717
f 1753/2093/1713 1788/2169/1797 1750/2113/1746
f 1769/2149/1779 1805/2186/1810 1754/2132/1765
f 1769/2149/1779 1806/2187/1811 1805/2186/1810
f 1769/2149/1779 1810/2188/1812 1806/2187/1811
f 1754/2132/1765 1805/2186/1810 1797/2178/1804
f 1791/2172/1798 1807/2189/1813 1790/2150/1780
f 1791/2172/1798 1799/2190/1806 1807/2189/1813
f 1790/2150/1780 1810/2188/1812 1769/2149/1779
f 1782/2162/1790 1799/2190/1806 1791/2172/1798
f 1800/2184/1808 1801/2183/1807 1827/2191/1814
f 1800/2184/1808 1827/2191/1814 1822/2192/1815
f 1783/2163/1791 1785/2166/1794 1795/2175/1801
f 1785/2166/1794 1808/2193/1816 1795/2175/1801
f 1785/2166/1794 1812/2194/1817 1808/2193/1816
f 1787/2176/1802 1824/2195/1818 1779/2130/1763
f 1787/2176/1802 1821/2196/1819 1824/2195/1818
f 1779/2130/1763 1824/2195/1818 1811/2168/1796
f 1839/2197/1820 1852/2198/1786 1789/2170/1764
f 1805/2186/1810 1809/2199/1821 1797/2178/1804
f 1805/2186/1810 1832/2200/1822 1809/2199/1821
f 1805/2186/1810 1806/2187/1811 1832/2200/1822
f 1807/2189/1813 1810/2188/1812 1790/2150/1780
f 1807/2189/1813 1798/2201/1805 1810/2188/1812
f 1800/2184/1808 1794/2165/1793 1784/2164/1792
f 1793/2174/1800 1794/2165/1793 1800/2184/1808
f 1793/2174/1800 1800/2184/1808 1822/2192/1815
f 1793/2174/1800 1822/2192/1815 1820/2202/1823
f 1793/2174/1800 1820/2202/1823 1821/2196/1819
f 1793/2174/1800 1821/2196/1819 1787/2176/1802
f 1795/2175/1801 1802/2185/1809 1784/2164/1792
f 1795/2175/1801 1814/2203/1824 1802/2185/1809
f 1796/2177/1803 1812/2194/1817 1785/2166/1794
f 1796/2177/1803 1774/2154/1783 1812/2194/1817
f 1789/2170/1764 1858/2204/1825 1839/2197/1820
f 1780/2125/1758 1797/2178/1804 1831/2124/1757
f 1813/2205/1777 1853/2206/1826 1751/2207/1759
f 1798/2179/1805 1853/2208/1826 1817/2209/1827
f 1798/2201/1805 1807/2189/1813 1799/2190/1806
f 1795/2175/1801 1808/2193/1816 1814/2203/1824
f 1808/2193/1816 1815/2210/1828 1814/2203/1824
f 1774/2154/1783 1816/2211/1829 1812/2194/1817
f 1788/2169/1797 1804/2212/1830 1774/2154/1783
f 1831/2213/1757 1788/2169/1797 1753/2093/1713
f 1798/2201/1805 1817/2214/1827 1819/2215/1831
f 1819/2215/1831 1810/2188/1812 1798/2201/1805
f 1810/2188/1812 1819/2215/1831 1806/2187/1811
f 1820/2202/1823 1822/2192/1815 1821/2196/1819
f 1802/2185/1809 1823/2216/1832 1801/2183/1807
f 1812/2194/1817 1815/2210/1828 1808/2193/1816
f 1803/2156/1785 1858/2204/1825 1789/2170/1764
f 1774/2154/1783 1804/2212/1830 1816/2211/1829
f 1797/2178/1804 1826/2217/1833 1825/2218/1834
f 1751/2126/1759 1853/2208/1826 1798/2179/1805
f 1827/2191/1814 1801/2183/1807 1836/2219/1835
f 1823/2216/1832 1838/2220/1836 1801/2183/1807
f 1823/2216/1832 1815/2210/1828 1828/2221/1837
f 1821/2196/1819 1829/2222/1838 1824/2195/1818
f 1814/2203/1824 1815/2210/1828 1802/2185/1809
f 1812/2194/1817 1830/2223/1839 1815/2210/1828
f 1811/2168/1796 1871/2224/1840 1803/2156/1785
f 1809/2199/1821 1832/2200/1822 1826/2217/1833
f 1809/2199/1821 1826/2217/1833 1797/2178/1804
f 1817/2225/1827 1853/2206/1826 1862/2226/1841
f 1817/2214/1827 1818/2227/1842 1819/2215/1831
f 1818/2227/1842 1806/2187/1811 1819/2215/1831
f 1818/2227/1842 1833/2228/1843 1806/2187/1811
f 1806/2187/1811 1833/2228/1843 1832/2200/1822
f 1835/2229/1844 1822/2192/1815 1827/2191/1814
f 1835/2229/1844 1829/2222/1838 1822/2192/1815
f 1836/2219/1835 1834/2230/1845 1827/2191/1814
f 1801/2183/1807 1837/2231/1846 1869/2232/1847
f 1801/2183/1807 1869/2232/1847 1836/2219/1835
f 1822/2192/1815 1829/2222/1838 1821/2196/1819
f 1802/2185/1809 1815/2210/1828 1823/2216/1832
f 1815/2210/1828 1830/2223/1839 1828/2221/1837
f 1816/2211/1829 1830/2223/1839 1812/2194/1817
f 1831/2213/1757 1797/2233/1804 1788/2169/1797
f 1832/2200/1822 1840/2234/1848 1826/2217/1833
f 1862/2235/1841 1818/2227/1842 1817/2214/1827
f 1818/2227/1842 1862/2235/1841 1833/2228/1843
f 1833/2228/1843 1841/2236/1849 1832/2200/1822
f 1833/2228/1843 1862/2235/1841 1841/2236/1849
f 1827/2191/1814 1834/2230/1845 1835/2229/1844
f 1829/2222/1838 1842/2237/1850 1850/2238/1851
f 1829/2222/1838 1835/2229/1844 1842/2237/1850
f 1829/2222/1838 1850/2238/1851 1824/2195/1818
f 1837/2231/1846 1801/2183/1807 1838/2220/1836
f 1837/2231/1846 1843/2239/1852 1869/2232/1847
f 1823/2216/1832 1844/2240/1853 1838/2220/1836
f 1823/2216/1832 1828/2221/1837 1844/2240/1853
f 1824/2195/1818 1850/2238/1851 1811/2168/1796
f 1797/2233/1804 1846/2241/1854 1845/2242/1855
f 1825/2218/1834 1846/2243/1854 1797/2178/1804
f 1813/2205/1777 1872/2244/1856 1853/2206/1826
f 1826/2217/1833 1840/2234/1848 1825/2218/1834
f 1832/2200/1822 1841/2236/1849 1840/2234/1848
f 1834/2245/1845 1855/2246/1857 1842/2247/1850
f 1834/2245/1845 1842/2247/1850 1835/2229/1844
f 1834/2230/1845 1836/2219/1835 1855/2246/1857
f 1842/2237/1850 1878/2248/1858 1850/2238/1851
f 1842/2237/1850 1856/2249/1859 1878/2248/1858
f 1836/2219/1835 1847/2250/1860 1855/2246/1857
f 1869/2232/1847 1848/2251/1861 1836/2219/1835
f 1869/2232/1847 1849/2252/1862 1848/2251/1861
f 1838/2220/1836 1844/2240/1853 1843/2239/1852
f 1838/2220/1836 1843/2239/1852 1837/2231/1846
f 1828/2221/1837 1830/2223/1839 1844/2240/1853
f 1803/2156/1785 1871/2224/1840 1858/2204/1825
f 1858/2204/1825 1851/2253/1863 1839/2197/1820
f 1797/2233/1804 1804/2212/1830 1788/2169/1797
f 1839/2197/1820 1901/2254/1864 1852/2198/1786
f 1825/2218/1834 1854/2255/1865 1860/2256/1866
f 1825/2218/1834 1860/2256/1866 1846/2243/1854
f 1841/2236/1849 1864/2257/1867 1840/2234/1848
f 1840/2234/1848 1854/2255/1865 1825/2218/1834
f 1840/2234/1848 1874/2258/1868 1854/2255/1865
f 1840/2234/1848 1864/2257/1867 1874/2258/1868
f 1855/2246/1857 1847/2250/1860 1856/2259/1859
f 1855/2246/1857 1856/2249/1859 1842/2237/1850
f 1843/2239/1852 1844/2240/1853 1857/2260/1869
f 1844/2240/1853 1830/2223/1839 1859/2261/1870
f 1844/2240/1853 1859/2261/1870 1857/2260/1869
f 1830/2223/1839 1816/2211/1829 1859/2261/1870
f 1851/2253/1863 1901/2254/1864 1839/2197/1820
f 1846/2241/1854 1860/2262/1866 1875/2263/1871
f 1846/2241/1854 1875/2263/1871 1861/2264/1872
f 1853/2206/1826 1863/2265/1873 1862/2226/1841
f 1862/2266/1841 1863/2267/1873 1864/2268/1867
f 1862/2235/1841 1864/2257/1867 1841/2236/1849
f 1847/2250/1860 1865/2269/1874 1856/2259/1859
f 1847/2250/1860 1866/2270/1875 1865/2269/1874
f 1848/2251/1861 1847/2250/1860 1836/2219/1835
f 1848/2251/1861 1867/2271/1876 1847/2250/1860
f 1848/2251/1861 1879/2272/1877 1867/2271/1876
f 1849/2252/1862 1868/2273/1878 1879/2272/1877
f 1849/2252/1862 1879/2272/1877 1848/2251/1861
f 1869/2232/1847 1857/2260/1869 1849/2252/1862
f 1843/2239/1852 1857/2260/1869 1869/2232/1847
f 1857/2260/1869 1859/2261/1870 1868/2273/1878
f 1811/2168/1796 1850/2238/1851 1871/2224/1840
f 1850/2238/1851 1870/2274/1879 1871/2224/1840
f 1797/2233/1804 1845/2242/1855 1941/2275/1880
f 1797/2233/1804 1941/2275/1880 1804/2212/1830
f 1852/2198/1786 1872/2244/1856 1813/2205/1777
f 1846/2241/1854 1861/2264/1872 1873/2276/1881
f 1846/2241/1854 1873/2276/1881 1845/2242/1855
f 1860/2262/1866 1876/2277/1882 1875/2263/1871
f 1865/2269/1874 1866/2270/1875 1877/2278/1883
f 1865/2269/1874 1884/2279/1884 1878/2248/1858
f 1865/2269/1874 1878/2248/1858 1856/2249/1859
f 1847/2250/1860 1867/2271/1876 1866/2270/1875
f 1849/2252/1862 1857/2260/1869 1868/2273/1878
f 1868/2273/1878 1859/2261/1870 1880/2280/1885
f 1868/2273/1878 1880/2280/1885 1879/2272/1877
f 1816/2211/1829 1881/2281/1886 1859/2261/1870
f 1859/2261/1870 1881/2281/1886 1880/2280/1885
f 1816/2211/1829 1804/2212/1830 1941/2275/1880
f 1816/2211/1829 1941/2275/1880 1881/2281/1886
f 1861/2264/1872 1887/2282/1887 1882/2283/1888
f 1861/2264/1872 1882/2283/1888 1873/2276/1881
f 1875/2263/1871 1887/2282/1887 1861/2264/1872
f 1864/2257/1867 1863/2284/1873 1854/2255/1865
f 1854/2255/1865 1874/2258/1868 1864/2257/1867
f 1854/2255/1865 1863/2284/1873 1876/2285/1882
f 1854/2255/1865 1876/2285/1882 1860/2256/1866
f 1877/2278/1883 1884/2279/1884 1865/2269/1874
f 1877/2278/1883 1893/2286/1889 1884/2279/1884
f 1879/2272/1877 1885/2287/1890 1867/2271/1876
f 1873/2276/1881 1886/2288/1891 1845/2242/1855
f 1887/2282/1887 1888/2289/1892 1882/2283/1888
f 1863/2267/1873 1883/2290/1893 1875/2263/1871
f 1875/2263/1871 1876/2277/1882 1863/2267/1873
f 1875/2263/1871 1883/2290/1893 1887/2282/1887
f 1884/2279/1884 1889/2291/1894 1878/2248/1858
f 1866/2270/1875 1890/2292/1895 1877/2278/1883
f 1867/2271/1876 1890/2292/1895 1866/2270/1875
f 1878/2248/1858 1909/2293/1896 1900/2294/1897
f 1878/2248/1858 1900/2294/1897 1850/2238/1851
f 1850/2238/1851 1900/2294/1897 1870/2274/1879
f 1879/2272/1877 1880/2280/1885 1885/2287/1890
f 1858/2204/1825 1871/2224/1840 1851/2253/1863
f 1882/2283/1888 1892/2295/1898 1873/2276/1881
f 1882/2283/1888 1907/2296/1899 1892/2295/1898
f 1853/2206/1826 1895/2297/1900 1863/2265/1873
f 1883/2290/1893 1863/2267/1873 1897/2298/1901
f 1883/2290/1893 1897/2298/1901 1887/2282/1887
f 1887/2282/1887 1897/2298/1901 1888/2289/1892
f 1889/2291/1894 1909/2293/1896 1878/2248/1858
f 1890/2292/1895 1893/2286/1889 1877/2278/1883
f 1890/2292/1895 1894/2299/1902 1893/2286/1889
f 1871/2224/1840 1870/2274/1879 1851/2253/1863
f 1852/2198/1786 1918/2300/1903 1872/2244/1856
f 1911/2301/1904 1895/2297/1900 1872/2244/1856
f 1872/2244/1856 1895/2297/1900 1853/2206/1826
f 1863/2265/1873 1895/2297/1900 1896/2302/1905
f 1863/2267/1873 1896/2303/1905 1897/2298/1901
f 1888/2289/1892 1897/2298/1901 1904/2304/1906
f 1888/2289/1892 1904/2304/1906 1882/2283/1888
f 1884/2279/1884 1893/2286/1889 1898/2305/1907
f 1884/2279/1884 1898/2305/1907 1889/2291/1894
f 1909/2293/1896 1914/2306/1908 1900/2294/1897
f 1900/2294/1897 1899/2307/1909 1870/2274/1879
f 1880/2280/1885 1881/2281/1886 1891/2308/1910
f 1895/2297/1900 1903/2309/1911 1896/2302/1905
f 1897/2298/1901 1896/2303/1905 1904/2304/1906
f 1904/2304/1906 1907/2296/1899 1882/2283/1888
f 1898/2305/1907 1908/2310/1912 1889/2291/1894
f 1898/2305/1907 1893/2286/1889 1905/2311/1913
f 1898/2305/1907 1920/2312/1914 1908/2310/1912
f 1898/2305/1907 1913/2313/1915 1920/2312/1914
f 1894/2299/1902 1910/2314/1916 1905/2311/1913
f 1894/2299/1902 1905/2311/1913 1893/2286/1889
f 1890/2292/1895 1891/2308/1910 1894/2299/1902
f 1891/2308/1910 1881/2281/1886 1906/2315/1917
f 1901/2254/1864 1918/2300/1903 1852/2198/1786
f 1872/2244/1856 1918/2300/1903 1911/2301/1904
f 1892/2295/1898 1902/2316/1918 1873/2276/1881
f 1892/2295/1898 1907/2296/1899 1919/2317/1919
f 1892/2295/1898 1919/2317/1919 1902/2316/1918
f 1907/2296/1899 1904/2304/1906 1896/2303/1905
f 1896/2302/1905 1903/2309/1911 1907/2318/1899
f 1908/2310/1912 1920/2312/1914 1909/2293/1896
f 1908/2310/1912 1909/2293/1896 1889/2291/1894
f 1894/2299/1902 1906/2315/1917 1910/2314/1916
f 1891/2308/1910 1906/2315/1917 1894/2299/1902
f 1870/2274/1879 1916/2319/1920 1851/2253/1863
f 1845/2242/1855 1886/2288/1891 1934/2320/1921
f 1902/2316/1918 1912/2321/1922 1925/2322/1923
f 1902/2316/1918 1919/2317/1919 1912/2321/1922
f 1902/2316/1918 1925/2322/1923 1873/2276/1881
f 1873/2276/1881 1925/2322/1923 1930/2323/1924
f 1907/2318/1899 1903/2309/1911 1919/2324/1919
f 1905/2311/1913 1913/2313/1915 1898/2305/1907
f 1905/2311/1913 1928/2325/1925 1913/2326/1915
f 1905/2311/1913 1924/2327/1926 1928/2328/1925
f 1910/2314/1916 1924/2327/1926 1905/2311/1913
f 1910/2314/1916 1915/2329/1927 1924/2327/1926
f 1910/2314/1916 1906/2315/1917 1915/2329/1927
f 1899/2330/1909 1916/2331/1920 1870/2332/1879
f 1851/2333/1863 1917/2334/1928 1901/2335/1864
f 1845/2242/1855 1934/2320/1921 1941/2275/1880
f 1903/2309/1911 1911/2301/1904 1935/2336/1929
f 1903/2309/1911 1935/2336/1929 1912/2337/1922
f 1903/2309/1911 1912/2337/1922 1919/2324/1919
f 1923/2338/1930 1909/2293/1896 1920/2312/1914
f 1920/2339/1914 1913/2340/1915 1921/2341/1931
f 1920/2339/1914 1921/2341/1931 1923/2342/1930
f 1913/2340/1915 1939/2343/1932 1922/2344/1933
f 1913/2340/1915 1922/2344/1933 1921/2341/1931
f 1923/2345/1930 1914/2306/1908 1909/2293/1896
f 1923/2346/1930 1926/2347/1934 1914/2348/1908
f 1915/2329/1927 1906/2315/1917 1924/2327/1926
f 1851/2333/1863 1916/2331/1920 1917/2334/1928
f 1873/2276/1881 1930/2323/1924 1886/2288/1891
f 1895/2297/1900 1911/2301/1904 1903/2309/1911
f 1912/2349/1922 1935/2336/1929 1925/2350/1923
f 1923/2342/1930 1921/2341/1931 1926/2351/1934
f 1913/2340/1915 1928/2352/1925 1927/2353/1935
f 1913/2340/1915 1927/2353/1935 1939/2343/1932
f 1927/2353/1935 1924/2354/1926 1940/2355/1936
f 1928/2356/1925 1924/2354/1926 1927/2353/1935
f 1918/2357/1903 1929/2358/1937 1911/2359/1904
f 1911/2359/1904 1929/2358/1937 1944/2360/1938
f 1886/2361/1891 1930/2362/1924 1948/2363/1939
f 1886/2361/1891 1948/2363/1939 1934/2364/1921
f 1911/2301/1904 1931/2365/1940 1935/2336/1929
f 1911/2366/1904 1944/2367/1938 1931/2368/1940
f 1921/2341/1931 1936/2369/1941 1926/2351/1934
f 1921/2341/1931 1922/2344/1933 1932/2370/1942
f 1921/2341/1931 1932/2370/1942 1936/2369/1941
f 1926/2347/1934 1933/2371/1943 1914/2348/1908
f 1914/2348/1908 1933/2371/1943 1900/2372/1897
f 1927/2353/1935 1940/2355/1936 1939/2343/1932
f 1900/2372/1897 1933/2371/1943 1965/2373/1944
f 1900/2372/1897 1965/2373/1944 1899/2330/1909
f 1948/2363/1939 1963/2374/1945 1934/2364/1921
f 1925/2375/1923 1935/2376/1929 1931/2368/1940
f 1925/2375/1923 1931/2368/1940 1945/2377/1946
f 1925/2375/1923 1945/2377/1946 1930/2362/1924
f 1930/2362/1924 1945/2377/1946 1948/2363/1939
f 1936/2378/1941 1932/2370/1942 1946/2379/1947
f 1936/2380/1941 1946/2381/1947 1926/2347/1934
f 1922/2344/1933 1937/2382/1948 1932/2370/1942
f 1922/2344/1933 1951/2383/1949 1938/2384/1950
f 1922/2344/1933 1938/2384/1950 1937/2382/1948
f 1926/2347/1934 1946/2381/1947 1933/2371/1943
f 1933/2371/1943 1993/2385/1951 1965/2373/1944
f 1934/2386/1921 1943/2387/1952 1941/2388/1880
f 1934/2364/1921 1942/2389/1953 1943/2390/1952
f 1944/2367/1938 1929/2391/1937 1962/2392/1954
f 1931/2368/1940 1944/2367/1938 1945/2393/1946
f 1946/2381/1947 1937/2394/1948 1955/2395/1955
f 1932/2370/1942 1937/2382/1948 1946/2379/1947
f 1946/2381/1947 1959/2396/1956 1933/2371/1943
f 1946/2381/1947 1955/2395/1955 1959/2396/1956
f 1939/2343/1932 1951/2383/1949 1922/2344/1933
f 1939/2343/1932 1940/2355/1936 1960/2397/1957
f 1939/2343/1932 1960/2397/1957 1951/2383/1949
f 1924/2354/1926 1947/2398/1958 1940/2355/1936
f 1906/2399/1917 1947/2398/1958 1924/2354/1926
f 1901/2335/1864 1917/2334/1928 1918/2357/1903
f 1934/2364/1921 1963/2374/1945 1964/2400/1959
f 1934/2364/1921 1964/2400/1959 1942/2389/1953
f 1945/2377/1946 1949/2401/1960 1948/2363/1939
f 1937/2382/1948 1938/2384/1950 1950/2402/1961
f 1881/2281/1886 1941/2275/1880 1906/2315/1917
f 1918/2357/1903 1961/2403/1962 1929/2358/1937
f 1944/2367/1938 1953/2404/1963 1945/2393/1946
f 1944/2367/1938 1952/2405/1964 1953/2404/1963
f 1948/2363/1939 1949/2401/1960 1953/2406/1963
f 1948/2363/1939 1954/2407/1965 1963/2374/1945
f 1948/2363/1939 1953/2406/1963 1954/2407/1965
f 1945/2393/1946 1953/2404/1963 1949/2401/1960
f 1955/2395/1955 1950/2408/1961 1956/2409/1966
f 1937/2394/1948 1950/2408/1961 1955/2395/1955
f 1938/2384/1950 1957/2410/1967 1950/2402/1961
f 1938/2384/1950 1951/2383/1949 1958/2411/1968
f 1938/2384/1950 1972/2412/1969 1957/2410/1967
f 1955/2395/1955 1956/2409/1966 1959/2396/1956
f 1940/2355/1936 1947/2398/1958 1960/2397/1957
f 1906/2399/1917 1941/2388/1880 1943/2387/1952
f 1906/2399/1917 1943/2387/1952 1947/2398/1958
f 1917/2334/1928 1961/2403/1962 1918/2357/1903
f 1954/2407/1965 1970/2413/1970 1963/2374/1945
f 1954/2407/1965 1969/2414/1971 1970/2413/1970
f 1953/2404/1963 1952/2405/1964 1954/2407/1965
f 1950/2408/1961 1976/2415/1972 1956/2409/1966
f 1958/2411/1968 1972/2412/1969 1938/2384/1950
f 1956/2409/1966 1976/2415/1972 1959/2396/1956
f 1951/2383/1949 1960/2397/1957 1958/2411/1968
f 1933/2371/1943 1959/2396/1956 1978/2416/1973
f 1933/2371/1943 1978/2416/1973 1993/2385/1951
f 1964/2400/1959 1966/2417/1974 1942/2389/1953
f 1964/2400/1959 1967/2418/1975 1966/2417/1974
f 1963/2374/1945 1975/2419/1976 1964/2400/1959
f 1963/2374/1945 1968/2420/1977 1975/2419/1976
f 1962/2392/1954 1952/2405/1964 1944/2367/1938
f 1969/2421/1978 1952/2405/1964 1962/2392/1954
s 7
f 1969/2421/1979 1970/2422/1980 1952/2405/1981
s 1
f 1952/2423/1964 1969/2414/1971 1954/2407/1965
f 1957/2410/1967 1976/2424/1972 1950/2402/1961
f 1957/2410/1967 1971/2425/1982 1976/2424/1972
f 1957/2410/1967 1972/2412/1969 1971/2425/1982
f 1960/2397/1957 1973/2426/1983 1958/2411/1968
f 1958/2411/1968 1973/2426/1983 1972/2412/1969
f 1899/2330/1909 1965/2373/1944 1916/2331/1920
f 1916/2331/1920 1994/2427/1984 1917/2334/1928
f 1942/2389/1953 1974/2428/1985 1943/2390/1952
f 1962/2392/1954 1970/2422/1970 1969/2421/1978
f 1962/2392/1954 1985/2429/1986 1970/2422/1970
f 1964/2400/1959 1975/2419/1976 1967/2418/1975
f 1970/2422/1970 1975/2430/1976 1968/2420/1977
f 1970/2413/1970 1968/2420/1977 1963/2374/1945
f 1971/2425/1982 1977/2431/1987 1982/2432/1988
f 1971/2425/1982 1982/2432/1988 1976/2424/1972
f 1972/2412/1969 1977/2431/1987 1971/2425/1982
f 1972/2412/1969 1973/2426/1983 1988/2433/1989
f 1972/2412/1969 1988/2433/1989 1977/2431/1987
f 1947/2398/1958 1984/2434/1990 1960/2397/1957
f 1916/2331/1920 1965/2373/1944 1994/2427/1984
f 1929/2391/1937 1985/2429/1986 1962/2392/1954
f 1985/2429/1986 1975/2430/1976 1970/2422/1970
f 1985/2429/1986 1979/2435/1991 1980/2436/1992
f 1980/2436/1992 1975/2430/1976 1985/2429/1986
f 1967/2418/1975 1975/2419/1976 1980/2436/1992
f 1967/2418/1975 1980/2436/1992 1966/2417/1974
f 1976/2424/1972 1986/2437/1993 1989/2438/1994
f 1976/2415/1972 1989/2439/1994 1983/2440/1995
f 1976/2415/1972 1983/2440/1995 1959/2396/1956
f 1960/2397/1957 1984/2434/1990 1973/2426/1983
f 1961/2441/1962 1985/2429/1986 1929/2391/1937
f 1961/2441/1962 2006/2442/1996 1985/2429/1986
f 1961/2403/1962 2004/2443/1997 2006/2444/1996
f 1980/2436/1992 1979/2435/1991 1966/2417/1974
f 1982/2432/1988 1986/2437/1993 1976/2424/1972
f 1959/2396/1956 1983/2440/1995 1978/2416/1973
f 1977/2431/1987 1986/2437/1993 1982/2432/1988
f 1977/2431/1987 1988/2433/1989 1987/2445/1998
f 1977/2431/1987 1987/2445/1998 1986/2437/1993
f 1973/2426/1983 1984/2434/1990 1988/2433/1989
f 1917/2334/1928 2003/2446/1999 1961/2403/1962
f 1942/2389/1953 1981/2447/2000 1974/2428/1985
f 1966/2417/1974 1981/2447/2000 1942/2389/1953
f 1979/2435/1991 1981/2447/2000 1966/2417/1974
f 1983/2440/1995 1990/2448/2001 1978/2416/1973
f 1983/2440/1995 1991/2449/2002 1990/2448/2001
f 1978/2416/1973 1990/2448/2001 1992/2450/2003
f 1978/2416/1973 1992/2450/2003 1993/2385/1951
f 1947/2398/1958 2015/2451/2004 1984/2434/1990
f 1947/2398/1958 1943/2387/1952 2015/2451/2004
f 1994/2427/1984 2003/2446/1999 1917/2334/1928
f 1981/2447/2000 1995/2452/2005 1974/2428/1985
f 1981/2447/2000 2007/2453/2006 1995/2452/2005
f 1974/2428/1985 1996/2454/2007 2010/2455/2008
f 1985/2429/1986 1997/2456/2009 1979/2435/1991
f 1997/2457/2009 2007/2453/2006 1981/2447/2000
f 1979/2435/1991 1997/2456/2009 1981/2447/2000
f 1989/2438/1994 1998/2458/2010 2000/2459/2011
f 1986/2437/1993 1998/2458/2010 1989/2438/1994
f 1986/2437/1993 1987/2445/1998 1998/2458/2010
f 2006/2442/1996 1997/2456/2009 1985/2429/1986
f 2006/2442/1996 2007/2453/2006 1997/2456/2009
f 2006/2442/1996 1999/2460/2012 2007/2453/2006
f 1989/2439/1994 2000/2461/2011 1991/2449/2002
f 1989/2439/1994 1991/2449/2002 1983/2440/1995
f 1987/2445/1998 1988/2433/1989 1998/2458/2010
f 1988/2433/1989 2009/2462/2013 1998/2458/2010
f 1988/2433/1989 2001/2463/2014 2009/2462/2013
f 1984/2434/1990 2001/2463/2014 1988/2433/1989
f 1984/2434/1990 2015/2451/2004 2001/2463/2014
f 1965/2373/1944 2002/2464/2015 1994/2427/1984
f 1943/2387/1952 2016/2465/2016 2015/2451/2004
f 2003/2446/1999 2004/2443/1997 1961/2403/1962
f 2003/2446/1999 2005/2466/2017 2004/2443/1997
f 1974/2467/1985 2029/2468/2018 1943/2387/1952
f 2007/2453/2006 1996/2454/2007 1995/2452/2005
f 1995/2452/2005 1996/2454/2007 1974/2428/1985
f 1998/2458/2010 2009/2462/2013 2008/2469/2019
f 1998/2458/2010 2008/2469/2019 2000/2459/2011
f 1992/2450/2003 2032/2470/2020 1993/2385/1951
f 1974/2428/1985 2010/2455/2008 2011/2471/2021
f 1974/2467/1985 2011/2472/2021 2029/2468/2018
f 2010/2455/2008 1996/2454/2007 2013/2473/2022
f 2006/2442/1996 2018/2474/2023 1999/2460/2012
f 2006/2442/1996 2012/2475/2024 2018/2474/2023
f 1999/2460/2012 1996/2454/2007 2007/2453/2006
f 1999/2460/2012 2018/2474/2023 2013/2473/2022
f 1999/2460/2012 2013/2473/2022 1996/2454/2007
f 1990/2448/2001 2019/2476/2025 1992/2450/2003
f 2001/2463/2014 2014/2477/2026 2009/2462/2013
f 1993/2385/1951 2002/2464/2015 1965/2373/1944
f 1994/2427/1984 2021/2478/2027 2003/2446/1999
f 1943/2387/1952 2029/2468/2018 2016/2465/2016
f 1991/2449/2002 2000/2461/2011 1990/2448/2001
f 2001/2463/2014 2028/2479/2028 2014/2477/2026
f 2003/2446/1999 2021/2478/2027 2005/2466/2017
f 2004/2443/1997 2005/2466/2017 2017/2480/2029
f 2004/2443/1997 2012/2481/2024 2006/2444/1996
f 2004/2443/1997 2017/2480/2029 2012/2481/2024
f 2010/2455/2008 2023/2482/2030 2011/2471/2021
f 2010/2455/2008 2013/2473/2022 2023/2482/2030
f 1990/2448/2001 2020/2483/2031 2019/2476/2025
f 2000/2461/2011 2020/2483/2031 1990/2448/2001
f 2000/2459/2011 2026/2484/2032 2020/2485/2031
f 2008/2469/2019 2026/2484/2032 2000/2459/2011
f 2009/2462/2013 2026/2484/2032 2008/2469/2019
f 2009/2462/2013 2014/2477/2026 2026/2484/2032
f 2015/2451/2004 2028/2479/2028 2001/2463/2014
f 1993/2385/1951 2032/2470/2020 2002/2464/2015
f 2002/2464/2015 2021/2478/2027 1994/2427/1984
f 2016/2465/2016 2029/2468/2018 2022/2486/2033
f 2023/2482/2030 2013/2473/2022 2018/2474/2023
f 2023/2482/2030 2024/2487/2034 2011/2471/2021
f 2011/2472/2021 2025/2488/2035 2029/2468/2018
f 2011/2471/2021 2024/2487/2034 2025/2489/2035
f 2012/2475/2024 2023/2482/2030 2018/2474/2023
f 2026/2484/2032 2014/2477/2026 2027/2490/2036
f 2014/2477/2026 2028/2479/2028 2027/2490/2036
f 2015/2451/2004 2036/2491/2037 2028/2479/2028
f 2016/2465/2016 2022/2486/2033 2036/2491/2037
f 2016/2465/2016 2036/2491/2037 2015/2451/2004
f 2017/2492/2029 2040/2493/2038 2012/2475/2024
f 2019/2476/2025 2030/2494/2039 2031/2495/2040
f 2020/2485/2031 2026/2484/2032 2030/2496/2039
f 2020/2483/2031 2030/2494/2039 2019/2476/2025
f 2026/2484/2032 2027/2490/2036 2030/2496/2039
f 2019/2476/2025 2031/2495/2040 1992/2450/2003
f 1992/2450/2003 2031/2495/2040 2032/2470/2020
f 2032/2470/2020 2033/2497/2041 2002/2464/2015
f 2002/2464/2015 2033/2497/2041 2021/2478/2027
f 2022/2486/2033 2034/2498/2042 2035/2499/2043
f 2022/2486/2033 2035/2499/2043 2036/2491/2037
f 2029/2468/2018 2034/2498/2042 2022/2486/2033
f 2005/2466/2017 2037/2500/2044 2038/2501/2045
f 2005/2466/2017 2038/2501/2045 2017/2480/2029
f 2029/2468/2018 2025/2502/2035 2039/2503/2046
f 2029/2468/2018 2039/2503/2046 2034/2498/2042
f 2040/2493/2038 2025/2489/2035 2012/2475/2024
f 2012/2475/2024 2024/2487/2034 2023/2482/2030
f 2025/2489/2035 2024/2487/2034 2012/2475/2024
f 2030/2496/2039 2027/2490/2036 2041/2504/2047
f 2030/2494/2039 2041/2505/2047 2031/2495/2040
f 2031/2495/2040 2046/2506/2048 2032/2470/2020
f 2028/2479/2028 2042/2507/2049 2027/2490/2036
f 2036/2491/2037 2042/2507/2049 2028/2479/2028
f 2036/2491/2037 2035/2499/2043 2054/2508/2050
f 2036/2491/2037 2054/2508/2050 2042/2507/2049
f 2021/2478/2027 2037/2500/2044 2005/2466/2017
f 2021/2478/2027 2033/2497/2041 2050/2509/2051
f 2021/2478/2027 2050/2509/2051 2037/2500/2044
f 2037/2500/2044 2043/2510/2052 2038/2501/2045
f 2034/2498/2042 2053/2511/2053 2035/2499/2043
f 2038/2501/2045 2040/2512/2038 2017/2480/2029
f 2044/2513/2054 2040/2512/2038 2038/2501/2045
f 2044/2514/2054 2025/2502/2035 2040/2515/2038
f 2044/2513/2054 2045/2516/2055 2039/2517/2046
f 2039/2503/2046 2025/2502/2035 2044/2514/2054
f 2041/2505/2047 2046/2506/2048 2031/2495/2040
f 2041/2505/2047 2047/2518/2056 2046/2506/2048
f 2027/2519/2036 2047/2518/2056 2041/2505/2047
f 2027/2519/2036 2042/2520/2049 2047/2518/2056
f 2032/2470/2020 2048/2521/2057 2033/2497/2041
f 2033/2497/2041 2048/2521/2057 2050/2509/2051
f 2043/2510/2052 2045/2516/2055 2038/2501/2045
f 2039/2517/2046 2045/2516/2055 2051/2522/2058
f 2039/2503/2046 2051/2523/2058 2034/2498/2042
f 2038/2501/2045 2045/2516/2055 2044/2513/2054
f 2047/2518/2056 2052/2524/2059 2046/2506/2048
f 2046/2506/2048 2048/2521/2057 2032/2470/2020
f 2046/2506/2048 2052/2524/2059 2048/2521/2057
f 2047/2518/2056 2042/2520/2049 2052/2524/2059
f 2048/2521/2057 2057/2525/2060 2050/2509/2051
f 2035/2526/2043 2055/2527/2061 2054/2528/2050
f 2037/2500/2044 2056/2529/2062 2043/2510/2052
f 2037/2500/2044 2050/2509/2051 2056/2529/2062
f 2056/2529/2062 2045/2516/2055 2043/2510/2052
f 2056/2529/2062 2051/2522/2058 2045/2516/2055
f 2056/2529/2062 2050/2509/2051 2055/2527/2061
f 2056/2530/2062 2055/2527/2061 2053/2531/2053
f 2053/2511/2053 2034/2498/2042 2056/2532/2062
f 2034/2498/2042 2051/2523/2058 2056/2532/2062
f 2048/2521/2057 2052/2524/2059 2057/2525/2060
f 2052/2524/2059 2054/2528/2050 2058/2533/2063
f 2042/2520/2049 2054/2528/2050 2052/2524/2059
f 2057/2525/2060 2049/2534/2064 2050/2509/2051
f 2057/2525/2060 2059/2535/2065 2049/2534/2064
f 2049/2534/2064 2055/2527/2061 2050/2509/2051
f 2053/2531/2053 2055/2527/2061 2035/2526/2043
f 2052/2524/2059 2058/2533/2063 2057/2525/2060
f 2058/2533/2063 2059/2535/2065 2057/2525/2060
f 2058/2533/2063 2054/2528/2050 2059/2535/2065
f 2059/2535/2065 2055/2527/2061 2049/2536/2064
f 2054/2528/2050 2055/2527/2061 2059/2535/2065
f 446/575/462 506/660/536 505/641/516
f 446/575/462 495/627/503 506/660/536
f 1867/2271/1876 2060/2537/2066 1890/2292/1895
f 1867/2271/1876 1885/2287/1890 2060/2537/2066
f 1885/2287/1890 1880/2280/1885 2060/2537/2066
f 1880/2280/1885 1891/2308/1910 2060/2537/2066
f 1890/2292/1895 2060/2537/2066 1891/2308/1910
f 466/593/476 2061/2538/2067 493/614/494
f 466/593/476 484/615/495 2061/2538/2067
f 484/615/495 516/626/502 2061/2538/2067
f 516/626/502 517/658/534 2061/2538/2067
f 493/614/494 2061/2538/2067 517/658/534
