# Blender 5.0.1
# www.blender.org
mtllib lampara.mtl
o Cubo.007
v 0.138544 2.963938 0.015559
v 0.138544 3.157983 0.015559
v 0.138544 2.963938 -0.026933
v 0.138544 3.157983 -0.026933
v 0.179407 2.963938 0.015559
v 0.179407 3.157983 0.015559
v 0.179407 2.963938 -0.026933
v 0.179407 3.157983 -0.026933
v 0.003754 -0.008238 -0.088148
v 0.022654 -0.008238 -0.086287
v 0.040827 -0.008238 -0.080774
v 0.057575 -0.008238 -0.071822
v 0.072255 -0.008238 -0.059774
v 0.084302 -0.008238 -0.045094
v 0.093254 -0.008238 -0.028346
v 0.098767 -0.008238 -0.010173
v 0.100629 -0.008238 0.008726
v 0.098767 -0.008238 0.027625
v 0.093254 -0.008238 0.045798
v 0.084302 -0.008238 0.062547
v 0.072255 -0.008238 0.077227
v 0.057575 -0.008238 0.089274
v 0.040827 -0.008238 0.098226
v 0.022654 -0.008238 0.103739
v 0.003754 -0.008238 0.105600
v -0.015145 -0.008238 0.103739
v -0.033318 -0.008238 0.098226
v -0.050066 -0.008238 0.089274
v -0.064746 -0.008238 0.077227
v -0.076794 -0.008238 0.062547
v -0.085746 -0.008238 0.045798
v -0.091258 -0.008238 0.027625
v -0.093120 -0.008238 0.008726
v -0.091258 -0.008238 -0.010173
v -0.085746 -0.008238 -0.028346
v -0.076794 -0.008238 -0.045094
v -0.064746 -0.008238 -0.059774
v -0.050066 -0.008238 -0.071822
v -0.033318 -0.008238 -0.080774
v -0.015145 -0.008238 -0.086287
v 0.003754 2.746074 -0.088148
v 0.022654 2.746074 -0.086287
v 0.040827 2.746074 -0.080774
v 0.057575 2.746074 -0.071822
v 0.072255 2.746074 -0.059774
v 0.084302 2.746074 -0.045094
v 0.093254 2.746074 -0.028346
v 0.098767 2.746074 -0.010173
v 0.100629 2.746074 0.008726
v 0.098767 2.746074 0.027625
v 0.093254 2.746074 0.045798
v 0.084302 2.746074 0.062547
v 0.072255 2.746074 0.077227
v 0.057575 2.746074 0.089274
v 0.040827 2.746074 0.098226
v 0.022654 2.746074 0.103739
v 0.003754 2.746074 0.105600
v -0.015145 2.746074 0.103739
v -0.033318 2.746074 0.098226
v -0.050066 2.746074 0.089274
v -0.064746 2.746074 0.077227
v -0.076794 2.746074 0.062547
v -0.085746 2.746074 0.045798
v -0.091258 2.746074 0.027625
v -0.093120 2.746074 0.008726
v -0.091258 2.746074 -0.010173
v -0.085746 2.746074 -0.028346
v -0.076794 2.746074 -0.045094
v -0.064746 2.746074 -0.059774
v -0.050066 2.746074 -0.071822
v -0.033318 2.746074 -0.080774
v -0.015145 2.746074 -0.086287
v 0.003754 3.146845 -0.126429
v 0.030122 3.146845 -0.123832
v 0.055476 3.146845 -0.116141
v 0.078842 3.146845 -0.103651
v 0.099323 3.146845 -0.086843
v 0.116132 3.146845 -0.066362
v 0.128621 3.146845 -0.042995
v 0.136312 3.146845 -0.017641
v 0.138909 3.146845 0.008726
v 0.136312 3.146845 0.035094
v 0.128621 3.146845 0.060448
v 0.116132 3.146845 0.083814
v 0.099323 3.146845 0.104295
v 0.078842 3.146845 0.121103
v 0.055476 3.146845 0.133593
v 0.030122 3.146845 0.141284
v 0.003754 3.146845 0.143881
v -0.022613 3.146845 0.141284
v -0.047967 3.146845 0.133593
v -0.071334 3.146845 0.121103
v -0.091815 3.146845 0.104295
v -0.108623 3.146845 0.083814
v -0.121113 3.146845 0.060448
v -0.128804 3.146845 0.035094
v -0.131401 3.146845 0.008726
v -0.128804 3.146845 -0.017641
v -0.121113 3.146845 -0.042995
v -0.108623 3.146845 -0.066362
v -0.091815 3.146845 -0.086843
v -0.071334 3.146845 -0.103651
v -0.047967 3.146845 -0.116141
v -0.022613 3.146845 -0.123832
v 0.003754 2.721428 -0.126429
v 0.030122 2.721428 -0.123832
v 0.055476 2.721428 -0.116141
v 0.078842 2.721428 -0.103651
v 0.099323 2.721428 -0.086843
v 0.116132 2.721428 -0.066362
v 0.128621 2.721428 -0.042995
v 0.136312 2.721428 -0.017641
v 0.138909 2.721428 0.008726
v 0.136312 2.721428 0.035094
v 0.128621 2.721428 0.060448
v 0.116132 2.721428 0.083814
v 0.099323 2.721428 0.104295
v 0.078842 2.721428 0.121103
v 0.055476 2.721428 0.133593
v 0.030122 2.721428 0.141284
v 0.003754 2.721428 0.143881
v -0.022613 2.721428 0.141284
v -0.047967 2.721428 0.133593
v -0.071334 2.721428 0.121103
v -0.091815 2.721428 0.104295
v -0.108623 2.721428 0.083814
v -0.121113 2.721428 0.060448
v -0.128804 2.721428 0.035094
v -0.131401 2.721428 0.008726
v -0.128804 2.721428 -0.017641
v -0.121113 2.721428 -0.042995
v -0.108623 2.721428 -0.066362
v -0.091815 2.721428 -0.086843
v -0.071334 2.721428 -0.103651
v -0.047967 2.721428 -0.116141
v -0.022613 2.721428 -0.123832
v 0.199769 2.937388 0.009898
v 0.194836 2.955796 0.009898
v 0.181361 2.969271 0.009898
v 0.162954 2.974203 0.009898
v 0.144546 2.969271 0.009898
v 0.131071 2.955796 0.009898
v 0.126139 2.937388 0.009898
v 0.131071 2.918981 0.009898
v 0.144546 2.905505 0.009898
v 0.162954 2.900573 0.009898
v 0.181361 2.905505 0.009898
v 0.194836 2.918981 0.009898
v 0.198194 2.937388 -0.014411
v 0.193304 2.955796 -0.013760
v 0.179944 2.969271 -0.011980
v 0.161694 2.974203 -0.009549
v 0.143444 2.969271 -0.007118
v 0.130084 2.955796 -0.005339
v 0.125194 2.937388 -0.004688
v 0.130084 2.918981 -0.005339
v 0.143444 2.905505 -0.007118
v 0.161694 2.900573 -0.009549
v 0.179944 2.905505 -0.011980
v 0.193304 2.918981 -0.013760
v 0.193497 2.937388 -0.038304
v 0.188732 2.955796 -0.037013
v 0.175716 2.969271 -0.033484
v 0.157936 2.974203 -0.028664
v 0.140156 2.969271 -0.023844
v 0.127139 2.955796 -0.020315
v 0.122375 2.937388 -0.019023
v 0.127139 2.918981 -0.020315
v 0.140156 2.905505 -0.023844
v 0.157936 2.900573 -0.028664
v 0.175716 2.905505 -0.033484
v 0.188732 2.918981 -0.037013
v 0.185757 2.937388 -0.061373
v 0.181200 2.955796 -0.059463
v 0.168750 2.969271 -0.054245
v 0.151744 2.974203 -0.047118
v 0.134738 2.969271 -0.039991
v 0.122288 2.955796 -0.034774
v 0.117731 2.937388 -0.032864
v 0.122288 2.918981 -0.034774
v 0.134738 2.905505 -0.039991
v 0.151744 2.900573 -0.047118
v 0.168750 2.905505 -0.054245
v 0.181200 2.918981 -0.059463
v 0.175107 2.937388 -0.083221
v 0.170836 2.955796 -0.080726
v 0.159166 2.969271 -0.073909
v 0.143224 2.974203 -0.064598
v 0.127283 2.969271 -0.055286
v 0.115613 2.955796 -0.048469
v 0.111342 2.937388 -0.045974
v 0.115613 2.918981 -0.048469
v 0.127283 2.905505 -0.055286
v 0.143224 2.900573 -0.064598
v 0.159166 2.905505 -0.073909
v 0.170836 2.918981 -0.080726
v 0.161730 2.937388 -0.103477
v 0.157817 2.955796 -0.100439
v 0.147126 2.969271 -0.092139
v 0.132523 2.974203 -0.080802
v 0.117919 2.969271 -0.069464
v 0.107228 2.955796 -0.061165
v 0.103315 2.937388 -0.058127
v 0.107228 2.918981 -0.061165
v 0.117919 2.905505 -0.069464
v 0.132523 2.900573 -0.080802
v 0.147126 2.905505 -0.092139
v 0.157817 2.918981 -0.100439
v 0.145854 2.937388 -0.121793
v 0.142367 2.955796 -0.118264
v 0.132838 2.969271 -0.108624
v 0.119822 2.974203 -0.095455
v 0.106806 2.969271 -0.082285
v 0.097278 2.955796 -0.072645
v 0.093790 2.937388 -0.069116
v 0.097278 2.918981 -0.072645
v 0.106806 2.905505 -0.082285
v 0.119822 2.900573 -0.095455
v 0.132838 2.905505 -0.108624
v 0.142367 2.918981 -0.118264
v 0.127751 2.937388 -0.137855
v 0.124749 2.955796 -0.133896
v 0.116546 2.969271 -0.123080
v 0.105340 2.974203 -0.108304
v 0.094134 2.969271 -0.093529
v 0.085931 2.955796 -0.082713
v 0.082928 2.937388 -0.078754
v 0.085931 2.918981 -0.082713
v 0.094134 2.905505 -0.093529
v 0.105340 2.900573 -0.108304
v 0.116546 2.905505 -0.123080
v 0.124749 2.918981 -0.133896
v 0.107731 2.937388 -0.151389
v 0.105265 2.955796 -0.147068
v 0.098527 2.969271 -0.135261
v 0.089323 2.974203 -0.119132
v 0.080120 2.969271 -0.103003
v 0.073382 2.955796 -0.091196
v 0.070916 2.937388 -0.086875
v 0.073382 2.918981 -0.091196
v 0.080120 2.905505 -0.103003
v 0.089323 2.900573 -0.119132
v 0.098527 2.905505 -0.135261
v 0.105265 2.918981 -0.147068
v 0.086136 2.937388 -0.162164
v 0.084248 2.955796 -0.157554
v 0.079092 2.969271 -0.144958
v 0.072047 2.974203 -0.127752
v 0.065003 2.969271 -0.110545
v 0.059846 2.955796 -0.097950
v 0.057959 2.937388 -0.093339
v 0.059846 2.918981 -0.097950
v 0.065003 2.905505 -0.110545
v 0.072047 2.900573 -0.127752
v 0.079092 2.905505 -0.144958
v 0.084248 2.918981 -0.157554
v 0.063336 2.937388 -0.169995
v 0.062059 2.955796 -0.165174
v 0.058571 2.969271 -0.152005
v 0.053807 2.974203 -0.134016
v 0.049043 2.969271 -0.116027
v 0.045555 2.955796 -0.102858
v 0.044279 2.937388 -0.098038
v 0.045555 2.918981 -0.102858
v 0.049043 2.905505 -0.116027
v 0.053807 2.900573 -0.134016
v 0.058571 2.905505 -0.152005
v 0.062059 2.918981 -0.165174
v 0.039720 2.937388 -0.174747
v 0.039076 2.955796 -0.169800
v 0.037317 2.969271 -0.156283
v 0.034915 2.974203 -0.137818
v 0.032512 2.969271 -0.119354
v 0.030753 2.955796 -0.105837
v 0.030109 2.937388 -0.100889
v 0.030753 2.918981 -0.105837
v 0.032512 2.905505 -0.119354
v 0.034915 2.900573 -0.137818
v 0.037317 2.905505 -0.156283
v 0.039076 2.918981 -0.169800
v 0.015693 2.937388 -0.176341
v 0.015693 2.955796 -0.171350
v 0.015693 2.969271 -0.157717
v 0.015693 2.974203 -0.139093
v 0.015693 2.969271 -0.120469
v 0.015693 2.955796 -0.106835
v 0.015693 2.937388 -0.101845
v 0.015693 2.918981 -0.106835
v 0.015693 2.905505 -0.120469
v 0.015693 2.900573 -0.139093
v 0.015693 2.905505 -0.157717
v 0.015693 2.918981 -0.171350
v -0.008333 2.937388 -0.174747
v -0.007690 2.955796 -0.169800
v -0.005931 2.969271 -0.156283
v -0.003528 2.974203 -0.137818
v -0.001125 2.969271 -0.119354
v 0.000633 2.955796 -0.105837
v 0.001277 2.937388 -0.100889
v 0.000633 2.918981 -0.105837
v -0.001125 2.905505 -0.119354
v -0.003528 2.900573 -0.137818
v -0.005931 2.905505 -0.156283
v -0.007690 2.918981 -0.169800
v -0.031949 2.937388 -0.169995
v -0.030672 2.955796 -0.165174
v -0.027185 2.969271 -0.152005
v -0.022421 2.974203 -0.134016
v -0.017656 2.969271 -0.116027
v -0.014169 2.955796 -0.102858
v -0.012892 2.937388 -0.098038
v -0.014169 2.918981 -0.102858
v -0.017656 2.905505 -0.116027
v -0.022421 2.900573 -0.134016
v -0.027185 2.905505 -0.152005
v -0.030672 2.918981 -0.165174
v -0.054749 2.937388 -0.162164
v -0.052862 2.955796 -0.157554
v -0.047705 2.969271 -0.144958
v -0.040661 2.974203 -0.127752
v -0.033617 2.969271 -0.110545
v -0.028460 2.955796 -0.097950
v -0.026572 2.937388 -0.093339
v -0.028460 2.918981 -0.097950
v -0.033617 2.905505 -0.110545
v -0.040661 2.900573 -0.127752
v -0.047705 2.905505 -0.144958
v -0.052862 2.918981 -0.157554
v -0.076344 2.937388 -0.151389
v -0.073878 2.955796 -0.147068
v -0.067141 2.969271 -0.135261
v -0.057937 2.974203 -0.119132
v -0.048733 2.969271 -0.103003
v -0.041996 2.955796 -0.091196
v -0.039529 2.937388 -0.086875
v -0.041996 2.918981 -0.091196
v -0.048733 2.905505 -0.103003
v -0.057937 2.900573 -0.119132
v -0.067141 2.905505 -0.135261
v -0.073878 2.918981 -0.147068
v -0.096365 2.937388 -0.137855
v -0.093362 2.955796 -0.133896
v -0.085159 2.969271 -0.123080
v -0.073953 2.974203 -0.108304
v -0.062747 2.969271 -0.093529
v -0.054544 2.955796 -0.082713
v -0.051542 2.937388 -0.078754
v -0.054544 2.918981 -0.082713
v -0.062747 2.905505 -0.093529
v -0.073953 2.900573 -0.108304
v -0.085159 2.905505 -0.123080
v -0.093362 2.918981 -0.133896
v -0.114468 2.937388 -0.121793
v -0.110980 2.955796 -0.118264
v -0.101452 2.969271 -0.108623
v -0.088436 2.974203 -0.095454
v -0.075420 2.969271 -0.082285
v -0.065891 2.955796 -0.072645
v -0.062403 2.937388 -0.069116
v -0.065891 2.918981 -0.072645
v -0.075420 2.905505 -0.082285
v -0.088436 2.900573 -0.095454
v -0.101452 2.905505 -0.108623
v -0.110980 2.918981 -0.118264
v -0.130344 2.937388 -0.103477
v -0.126431 2.955796 -0.100439
v -0.115740 2.969271 -0.092139
v -0.101136 2.974203 -0.080802
v -0.086533 2.969271 -0.069464
v -0.075842 2.955796 -0.061165
v -0.071929 2.937388 -0.058127
v -0.075842 2.918981 -0.061165
v -0.086533 2.905505 -0.069464
v -0.101136 2.900573 -0.080802
v -0.115740 2.905505 -0.092139
v -0.126431 2.918981 -0.100439
v -0.143721 2.937388 -0.083221
v -0.139449 2.955796 -0.080726
v -0.127779 2.969271 -0.073909
v -0.111838 2.974203 -0.064598
v -0.095897 2.969271 -0.055286
v -0.084227 2.955796 -0.048469
v -0.079955 2.937388 -0.045974
v -0.084227 2.918981 -0.048469
v -0.095897 2.905505 -0.055286
v -0.111838 2.900573 -0.064598
v -0.127779 2.905505 -0.073909
v -0.139449 2.918981 -0.080726
v -0.154370 2.937388 -0.061373
v -0.149813 2.955796 -0.059463
v -0.137364 2.969271 -0.054245
v -0.120358 2.974203 -0.047118
v -0.103351 2.969271 -0.039991
v -0.090902 2.955796 -0.034774
v -0.086345 2.937388 -0.032864
v -0.090902 2.918981 -0.034774
v -0.103351 2.905505 -0.039991
v -0.120358 2.900573 -0.047118
v -0.137364 2.905505 -0.054245
v -0.149813 2.918981 -0.059463
v -0.162110 2.937388 -0.038304
v -0.157346 2.955796 -0.037013
v -0.144330 2.969271 -0.033484
v -0.126549 2.974203 -0.028664
v -0.108769 2.969271 -0.023844
v -0.095753 2.955796 -0.020315
v -0.090989 2.937388 -0.019023
v -0.095753 2.918981 -0.020315
v -0.108769 2.905505 -0.023844
v -0.126549 2.900573 -0.028664
v -0.144330 2.905505 -0.033484
v -0.157346 2.918981 -0.037013
v -0.166807 2.937388 -0.014411
v -0.161917 2.955796 -0.013760
v -0.148557 2.969271 -0.011980
v -0.130307 2.974203 -0.009549
v -0.112057 2.969271 -0.007119
v -0.098697 2.955796 -0.005339
v -0.093807 2.937388 -0.004688
v -0.098697 2.918981 -0.005339
v -0.112057 2.905505 -0.007119
v -0.130307 2.900573 -0.009549
v -0.148557 2.905505 -0.011980
v -0.161917 2.918981 -0.013760
v -0.168382 2.937388 0.009898
v -0.163450 2.955796 0.009898
v -0.149975 2.969271 0.009898
v -0.131567 2.974203 0.009898
v -0.113160 2.969271 0.009898
v -0.099684 2.955796 0.009898
v -0.094752 2.937388 0.009898
v -0.099684 2.918981 0.009898
v -0.113160 2.905505 0.009898
v -0.131567 2.900573 0.009898
v -0.149975 2.905505 0.009898
v -0.163450 2.918981 0.009898
v -0.166807 2.937388 0.034207
v -0.161917 2.955796 0.033555
v -0.148557 2.969271 0.031776
v -0.130307 2.974203 0.029345
v -0.112057 2.969271 0.026914
v -0.098697 2.955796 0.025135
v -0.093807 2.937388 0.024483
v -0.098697 2.918981 0.025135
v -0.112057 2.905505 0.026914
v -0.130307 2.900573 0.029345
v -0.148557 2.905505 0.031776
v -0.161917 2.918981 0.033555
v -0.162110 2.937388 0.058100
v -0.157346 2.955796 0.056808
v -0.144330 2.969271 0.053280
v -0.126549 2.974203 0.048459
v -0.108769 2.969271 0.043639
v -0.095753 2.955796 0.040111
v -0.090989 2.937388 0.038819
v -0.095753 2.918981 0.040111
v -0.108769 2.905505 0.043639
v -0.126549 2.900573 0.048459
v -0.144330 2.905505 0.053280
v -0.157346 2.918981 0.056808
v -0.154370 2.937388 0.081168
v -0.149814 2.955796 0.079258
v -0.137364 2.969271 0.074041
v -0.120358 2.974203 0.066914
v -0.103351 2.969271 0.059787
v -0.090902 2.955796 0.054570
v -0.086345 2.937388 0.052660
v -0.090902 2.918981 0.054570
v -0.103351 2.905505 0.059787
v -0.120358 2.900573 0.066914
v -0.137364 2.905505 0.074041
v -0.149814 2.918981 0.079258
v -0.143721 2.937388 0.103017
v -0.139449 2.955796 0.100522
v -0.127779 2.969271 0.093705
v -0.111838 2.974203 0.084393
v -0.095897 2.969271 0.075081
v -0.084227 2.955796 0.068264
v -0.079955 2.937388 0.065769
v -0.084227 2.918981 0.068264
v -0.095897 2.905505 0.075081
v -0.111838 2.900573 0.084393
v -0.127779 2.905505 0.093705
v -0.139449 2.918981 0.100522
v -0.130344 2.937388 0.123273
v -0.126431 2.955796 0.120235
v -0.115740 2.969271 0.111935
v -0.101136 2.974203 0.100598
v -0.086533 2.969271 0.089260
v -0.075842 2.955796 0.080961
v -0.071929 2.937388 0.077923
v -0.075842 2.918981 0.080961
v -0.086533 2.905505 0.089260
v -0.101136 2.900573 0.100598
v -0.115740 2.905505 0.111935
v -0.126431 2.918981 0.120235
v -0.114468 2.937388 0.141588
v -0.110980 2.955796 0.138060
v -0.101452 2.969271 0.128419
v -0.088436 2.974203 0.115250
v -0.075420 2.969271 0.102081
v -0.065891 2.955796 0.092441
v -0.062403 2.937388 0.088912
v -0.065891 2.918981 0.092441
v -0.075420 2.905505 0.102081
v -0.088436 2.900573 0.115250
v -0.101452 2.905505 0.128419
v -0.110980 2.918981 0.138060
v -0.096365 2.937388 0.157651
v -0.093362 2.955796 0.153692
v -0.085159 2.969271 0.142875
v -0.073953 2.974203 0.128100
v -0.062747 2.969271 0.113325
v -0.054544 2.955796 0.102509
v -0.051542 2.937388 0.098550
v -0.054544 2.918981 0.102509
v -0.062747 2.905505 0.113325
v -0.073953 2.900573 0.128100
v -0.085159 2.905505 0.142875
v -0.093362 2.918981 0.153692
v -0.076344 2.937388 0.171185
v -0.073878 2.955796 0.166863
v -0.067141 2.969271 0.155056
v -0.057937 2.974203 0.138928
v -0.048733 2.969271 0.122799
v -0.041996 2.955796 0.110992
v -0.039529 2.937388 0.106670
v -0.041996 2.918981 0.110992
v -0.048733 2.905505 0.122799
v -0.057937 2.900573 0.138928
v -0.067141 2.905505 0.155056
v -0.073878 2.918981 0.166863
v -0.054749 2.937388 0.181960
v -0.052862 2.955796 0.177349
v -0.047705 2.969271 0.164753
v -0.040661 2.974203 0.147547
v -0.033617 2.969271 0.130341
v -0.028460 2.955796 0.117745
v -0.026572 2.937388 0.113135
v -0.028460 2.918981 0.117745
v -0.033617 2.905505 0.130341
v -0.040661 2.900573 0.147547
v -0.047705 2.905505 0.164753
v -0.052862 2.918981 0.177349
v -0.031949 2.937388 0.189790
v -0.030672 2.955796 0.184970
v -0.027185 2.969271 0.171801
v -0.022421 2.974203 0.153812
v -0.017656 2.969271 0.135822
v -0.014169 2.955796 0.122653
v -0.012892 2.937388 0.117833
v -0.014169 2.918981 0.122653
v -0.017656 2.905505 0.135822
v -0.022421 2.900573 0.153812
v -0.027185 2.905505 0.171801
v -0.030672 2.918981 0.184970
v -0.008334 2.937388 0.194543
v -0.007690 2.955796 0.189595
v -0.005931 2.969271 0.176078
v -0.003528 2.974203 0.157614
v -0.001125 2.969271 0.139149
v 0.000633 2.955796 0.125632
v 0.001277 2.937388 0.120685
v 0.000633 2.918981 0.125632
v -0.001125 2.905505 0.139149
v -0.003528 2.900573 0.157614
v -0.005931 2.905505 0.176078
v -0.007690 2.918981 0.189595
v 0.015693 2.937388 0.196136
v 0.015693 2.955796 0.191146
v 0.015693 2.969271 0.177512
v 0.015693 2.974203 0.158888
v 0.015693 2.969271 0.140265
v 0.015693 2.955796 0.126631
v 0.015693 2.937388 0.121641
v 0.015693 2.918981 0.126631
v 0.015693 2.905505 0.140265
v 0.015693 2.900573 0.158888
v 0.015693 2.905505 0.177512
v 0.015693 2.918981 0.191146
v 0.039720 2.937388 0.194543
v 0.039076 2.955796 0.189595
v 0.037317 2.969271 0.176078
v 0.034915 2.974203 0.157614
v 0.032512 2.969271 0.139149
v 0.030753 2.955796 0.125632
v 0.030109 2.937388 0.120685
v 0.030753 2.918981 0.125632
v 0.032512 2.905505 0.139149
v 0.034915 2.900573 0.157614
v 0.037317 2.905505 0.176078
v 0.039076 2.918981 0.189595
v 0.063335 2.937388 0.189790
v 0.062059 2.955796 0.184970
v 0.058571 2.969271 0.171801
v 0.053807 2.974203 0.153812
v 0.049043 2.969271 0.135822
v 0.045555 2.955796 0.122653
v 0.044279 2.937388 0.117833
v 0.045555 2.918981 0.122653
v 0.049043 2.905505 0.135822
v 0.053807 2.900573 0.153812
v 0.058571 2.905505 0.171801
v 0.062059 2.918981 0.184970
v 0.086136 2.937388 0.181960
v 0.084248 2.955796 0.177349
v 0.079092 2.969271 0.164753
v 0.072047 2.974203 0.147547
v 0.065003 2.969271 0.130341
v 0.059846 2.955796 0.117745
v 0.057959 2.937388 0.113135
v 0.059846 2.918981 0.117745
v 0.065003 2.905505 0.130341
v 0.072047 2.900573 0.147547
v 0.079092 2.905505 0.164753
v 0.084248 2.918981 0.177349
v 0.107731 2.937388 0.171185
v 0.105265 2.955796 0.166863
v 0.098527 2.969271 0.155056
v 0.089323 2.974203 0.138928
v 0.080120 2.969271 0.122799
v 0.073382 2.955796 0.110992
v 0.070916 2.937388 0.106670
v 0.073382 2.918981 0.110992
v 0.080120 2.905505 0.122799
v 0.089323 2.900573 0.138928
v 0.098527 2.905505 0.155056
v 0.105265 2.918981 0.166863
v 0.127751 2.937388 0.157651
v 0.124749 2.955796 0.153692
v 0.116545 2.969271 0.142875
v 0.105340 2.974203 0.128100
v 0.094134 2.969271 0.113325
v 0.085931 2.955796 0.102509
v 0.082928 2.937388 0.098550
v 0.085931 2.918981 0.102509
v 0.094134 2.905505 0.113325
v 0.105340 2.900573 0.128100
v 0.116545 2.905505 0.142875
v 0.124749 2.918981 0.153692
v 0.145854 2.937388 0.141588
v 0.142367 2.955796 0.138060
v 0.132838 2.969271 0.128419
v 0.119822 2.974203 0.115250
v 0.106806 2.969271 0.102081
v 0.097277 2.955796 0.092441
v 0.093790 2.937388 0.088912
v 0.097277 2.918981 0.092441
v 0.106806 2.905505 0.102081
v 0.119822 2.900573 0.115250
v 0.132838 2.905505 0.128419
v 0.142367 2.918981 0.138060
v 0.161730 2.937388 0.123272
v 0.157817 2.955796 0.120235
v 0.147126 2.969271 0.111935
v 0.132523 2.974203 0.100598
v 0.117919 2.969271 0.089260
v 0.107228 2.955796 0.080961
v 0.103315 2.937388 0.077923
v 0.107228 2.918981 0.080961
v 0.117919 2.905505 0.089260
v 0.132523 2.900573 0.100598
v 0.147126 2.905505 0.111935
v 0.157817 2.918981 0.120235
v 0.175107 2.937388 0.103017
v 0.170836 2.955796 0.100522
v 0.159166 2.969271 0.093705
v 0.143224 2.974203 0.084393
v 0.127283 2.969271 0.075081
v 0.115613 2.955796 0.068264
v 0.111342 2.937388 0.065769
v 0.115613 2.918981 0.068264
v 0.127283 2.905505 0.075081
v 0.143224 2.900573 0.084393
v 0.159166 2.905505 0.093705
v 0.170836 2.918981 0.100522
v 0.185757 2.937388 0.081168
v 0.181200 2.955796 0.079259
v 0.168750 2.969271 0.074041
v 0.151744 2.974203 0.066914
v 0.134738 2.969271 0.059787
v 0.122288 2.955796 0.054570
v 0.117731 2.937388 0.052660
v 0.122288 2.918981 0.054570
v 0.134738 2.905505 0.059787
v 0.151744 2.900573 0.066914
v 0.168750 2.905505 0.074041
v 0.181200 2.918981 0.079259
v 0.193497 2.937388 0.058100
v 0.188732 2.955796 0.056808
v 0.175716 2.969271 0.053280
v 0.157936 2.974203 0.048459
v 0.140156 2.969271 0.043639
v 0.127139 2.955796 0.040111
v 0.122375 2.937388 0.038819
v 0.127139 2.918981 0.040111
v 0.140156 2.905505 0.043639
v 0.157936 2.900573 0.048459
v 0.175716 2.905505 0.053280
v 0.188732 2.918981 0.056808
v 0.198194 2.937388 0.034207
v 0.193304 2.955796 0.033555
v 0.179944 2.969271 0.031776
v 0.161694 2.974203 0.029345
v 0.143444 2.969271 0.026914
v 0.130084 2.955796 0.025135
v 0.125194 2.937388 0.024483
v 0.130084 2.918981 0.025135
v 0.143444 2.905505 0.026914
v 0.161694 2.900573 0.029345
v 0.179944 2.905505 0.031776
v 0.193304 2.918981 0.033555
v 0.001414 3.129091 0.005928
v 0.001414 3.137079 0.229499
v 0.001414 3.150156 0.340525
v 0.001414 3.167242 0.400612
v 0.001414 3.176489 0.408345
v 0.001414 3.185736 0.400612
v 0.001414 3.202821 0.340525
v 0.001414 3.223886 0.005928
v -0.013902 3.130002 0.082927
v -0.028629 3.132699 0.156967
v -0.042202 3.137079 0.225203
v -0.054099 3.142974 0.285012
v -0.063862 3.150156 0.334096
v -0.071117 3.158350 0.370569
v -0.075585 3.167242 0.393028
v -0.077093 3.176489 0.400612
v -0.075585 3.185736 0.393028
v -0.071117 3.194627 0.370569
v -0.063862 3.202821 0.334096
v -0.054099 3.210004 0.285012
v -0.042202 3.215898 0.225203
v -0.028629 3.220278 0.156967
v -0.013902 3.222975 0.082927
v -0.028629 3.130002 0.078459
v -0.057518 3.132699 0.148204
v -0.084143 3.137079 0.212480
v -0.107479 3.142974 0.268819
v -0.126631 3.150156 0.315055
v -0.140862 3.158350 0.349412
v -0.149625 3.167242 0.370569
v -0.152584 3.176489 0.377712
v -0.149625 3.185736 0.370569
v -0.140862 3.194627 0.349412
v -0.126631 3.202821 0.315055
v -0.107479 3.210004 0.268819
v -0.084143 3.215898 0.212480
v -0.057518 3.220278 0.148204
v -0.028629 3.222975 0.078459
v -0.042202 3.130002 0.071204
v -0.084143 3.132699 0.133973
v -0.122795 3.137079 0.191820
v -0.156674 3.142974 0.242524
v -0.184478 3.150156 0.284135
v -0.205138 3.158350 0.315055
v -0.217861 3.167242 0.334096
v -0.222157 3.176489 0.340525
v -0.217861 3.185736 0.334096
v -0.205138 3.194627 0.315055
v -0.184478 3.202821 0.284135
v -0.156674 3.210004 0.242524
v -0.122795 3.215898 0.191820
v -0.084143 3.220278 0.133973
v -0.042202 3.222975 0.071204
v -0.054099 3.130002 0.061441
v -0.107479 3.132699 0.114821
v -0.156674 3.137079 0.164016
v -0.199794 3.142974 0.207136
v -0.235182 3.150156 0.242524
v -0.261477 3.158350 0.268819
v -0.277670 3.167242 0.285012
v -0.283138 3.176489 0.290479
v -0.277670 3.185736 0.285012
v -0.261477 3.194627 0.268819
v -0.235182 3.202821 0.242524
v -0.199794 3.210004 0.207136
v -0.156674 3.215898 0.164016
v -0.107479 3.220278 0.114821
v -0.054099 3.222975 0.061441
v -0.063862 3.130002 0.049544
v -0.126631 3.132699 0.091485
v -0.184478 3.137079 0.130137
v -0.235182 3.142974 0.164016
v -0.276793 3.150156 0.191820
v -0.307714 3.158350 0.212480
v -0.326754 3.167242 0.225203
v -0.333183 3.176489 0.229498
v -0.326754 3.185736 0.225203
v -0.307714 3.194627 0.212480
v -0.276793 3.202821 0.191820
v -0.235182 3.210004 0.164016
v -0.184478 3.215898 0.130137
v -0.126631 3.220278 0.091485
v -0.063862 3.222975 0.049544
v -0.071117 3.130002 0.035971
v -0.140862 3.132699 0.064860
v -0.205138 3.137079 0.091485
v -0.261477 3.142974 0.114821
v -0.307714 3.150156 0.133973
v -0.342070 3.158350 0.148204
v -0.363227 3.167242 0.156967
v -0.370371 3.176489 0.159926
v -0.363227 3.185736 0.156967
v -0.342070 3.194627 0.148204
v -0.307714 3.202821 0.133973
v -0.261477 3.210004 0.114821
v -0.205138 3.215898 0.091485
v -0.140862 3.220278 0.064860
v -0.071117 3.222975 0.035971
v -0.075585 3.130002 0.021244
v -0.149625 3.132699 0.035971
v -0.217861 3.137079 0.049544
v -0.277670 3.142974 0.061441
v -0.326754 3.150156 0.071204
v -0.363227 3.158350 0.078459
v -0.385687 3.167242 0.082927
v -0.393270 3.176489 0.084435
v -0.385687 3.185736 0.082927
v -0.363227 3.194627 0.078459
v -0.326754 3.202821 0.071204
v -0.277670 3.210004 0.061441
v -0.217861 3.215898 0.049544
v -0.149625 3.220278 0.035971
v -0.075585 3.222975 0.021244
v -0.077093 3.130002 0.005928
v -0.152584 3.132699 0.005928
v -0.222157 3.137079 0.005928
v -0.283138 3.142974 0.005928
v -0.333183 3.150156 0.005928
v -0.370371 3.158350 0.005928
v -0.393270 3.167242 0.005928
v -0.401003 3.176489 0.005928
v -0.393270 3.185736 0.005928
v -0.370371 3.194627 0.005928
v -0.333183 3.202821 0.005928
v -0.283138 3.210004 0.005928
v -0.222157 3.215898 0.005928
v -0.152584 3.220278 0.005928
v -0.077093 3.222975 0.005928
v -0.075585 3.130002 -0.009388
v -0.149625 3.132699 -0.024116
v -0.217861 3.137079 -0.037689
v -0.277670 3.142974 -0.049586
v -0.326754 3.150156 -0.059349
v -0.363227 3.158350 -0.066604
v -0.385687 3.167242 -0.071071
v -0.393270 3.176489 -0.072580
v -0.385687 3.185736 -0.071071
v -0.363227 3.194627 -0.066604
v -0.326754 3.202821 -0.059349
v -0.277670 3.210004 -0.049586
v -0.217861 3.215898 -0.037689
v -0.149625 3.220278 -0.024116
v -0.075585 3.222975 -0.009388
v -0.071117 3.130002 -0.024116
v -0.140862 3.132699 -0.053005
v -0.205138 3.137079 -0.079629
v -0.261477 3.142974 -0.102966
v -0.307714 3.150156 -0.122117
v -0.342070 3.158350 -0.136348
v -0.363227 3.167242 -0.145112
v -0.370370 3.176489 -0.148071
v -0.363227 3.185736 -0.145112
v -0.342070 3.194627 -0.136348
v -0.307714 3.202821 -0.122117
v -0.261477 3.210004 -0.102966
v -0.205138 3.215898 -0.079629
v -0.140862 3.220278 -0.053005
v -0.071117 3.222975 -0.024116
v -0.063862 3.130002 -0.037689
v -0.126631 3.132699 -0.079629
v -0.184478 3.137079 -0.118282
v -0.235182 3.142974 -0.152161
v -0.276793 3.150156 -0.179965
v -0.307714 3.158350 -0.200625
v -0.326754 3.167242 -0.213347
v -0.333183 3.176489 -0.217643
v -0.326754 3.185736 -0.213347
v -0.307714 3.194627 -0.200625
v -0.276793 3.202821 -0.179965
v -0.235182 3.210004 -0.152161
v -0.184478 3.215898 -0.118282
v -0.126631 3.220278 -0.079629
v -0.063862 3.222975 -0.037689
v -0.054099 3.130002 -0.049586
v -0.107479 3.132699 -0.102966
v -0.156674 3.137079 -0.152161
v -0.199794 3.142974 -0.195281
v -0.235182 3.150156 -0.230668
v -0.261477 3.158350 -0.256964
v -0.277670 3.167242 -0.273156
v -0.283137 3.176489 -0.278624
v -0.277670 3.185736 -0.273156
v -0.261477 3.194627 -0.256964
v -0.235182 3.202821 -0.230668
v -0.199794 3.210004 -0.195281
v -0.156674 3.215898 -0.152161
v -0.107479 3.220278 -0.102966
v -0.054099 3.222975 -0.049586
v -0.042202 3.130002 -0.059349
v -0.084143 3.132699 -0.122117
v -0.122795 3.137079 -0.179965
v -0.156674 3.142974 -0.230668
v -0.184478 3.150156 -0.272280
v -0.205138 3.158350 -0.303200
v -0.217861 3.167242 -0.322241
v -0.222156 3.176489 -0.328670
v -0.217861 3.185736 -0.322241
v -0.205138 3.194627 -0.303200
v -0.184478 3.202821 -0.272280
v -0.156674 3.210004 -0.230668
v -0.122795 3.215898 -0.179965
v -0.084143 3.220278 -0.122117
v -0.042202 3.222975 -0.059349
v -0.028629 3.130002 -0.066604
v -0.057518 3.132699 -0.136348
v -0.084143 3.137079 -0.200625
v -0.107479 3.142974 -0.256964
v -0.126631 3.150156 -0.303200
v -0.140862 3.158350 -0.337557
v -0.149625 3.167242 -0.358713
v -0.152584 3.176489 -0.365857
v -0.149625 3.185736 -0.358713
v -0.140862 3.194627 -0.337557
v -0.126631 3.202821 -0.303200
v -0.107479 3.210004 -0.256964
v -0.084143 3.215898 -0.200625
v -0.057518 3.220278 -0.136348
v -0.028629 3.222975 -0.066604
v -0.013902 3.130002 -0.071071
v -0.028629 3.132699 -0.145112
v -0.042202 3.137079 -0.213347
v -0.054099 3.142974 -0.273156
v -0.063862 3.150156 -0.322241
v -0.071117 3.158350 -0.358713
v -0.075585 3.167242 -0.381173
v -0.077093 3.176489 -0.388757
v -0.075585 3.185736 -0.381173
v -0.071117 3.194627 -0.358713
v -0.063862 3.202821 -0.322241
v -0.054099 3.210004 -0.273156
v -0.042202 3.215898 -0.213347
v -0.028629 3.220278 -0.145112
v -0.013902 3.222975 -0.071071
v 0.001414 3.130002 -0.072580
v 0.001414 3.132699 -0.148071
v 0.001414 3.137079 -0.217643
v 0.001414 3.142974 -0.278624
v 0.001414 3.150156 -0.328670
v 0.001414 3.158350 -0.365857
v 0.001414 3.167242 -0.388757
v 0.001414 3.176489 -0.396489
v 0.001414 3.185736 -0.388757
v 0.001414 3.194627 -0.365857
v 0.001414 3.202821 -0.328670
v 0.001414 3.210004 -0.278624
v 0.001414 3.215898 -0.217643
v 0.001414 3.220278 -0.148071
v 0.001414 3.222975 -0.072580
v 0.016730 3.130002 -0.071071
v 0.031458 3.132699 -0.145112
v 0.045031 3.137079 -0.213347
v 0.056928 3.142974 -0.273156
v 0.066691 3.150156 -0.322241
v 0.073946 3.158350 -0.358713
v 0.078414 3.167242 -0.381173
v 0.079922 3.176489 -0.388757
v 0.078414 3.185736 -0.381173
v 0.073946 3.194627 -0.358713
v 0.066691 3.202821 -0.322241
v 0.056928 3.210004 -0.273156
v 0.045031 3.215898 -0.213347
v 0.031458 3.220278 -0.145112
v 0.016730 3.222975 -0.071071
v 0.031458 3.130002 -0.066604
v 0.060347 3.132699 -0.136348
v 0.086971 3.137079 -0.200625
v 0.110308 3.142974 -0.256964
v 0.129459 3.150156 -0.303200
v 0.143690 3.158350 -0.337557
v 0.152454 3.167242 -0.358713
v 0.155413 3.176489 -0.365857
v 0.152454 3.185736 -0.358713
v 0.143690 3.194627 -0.337557
v 0.129459 3.202821 -0.303200
v 0.110308 3.210004 -0.256964
v 0.086971 3.215898 -0.200625
v 0.060347 3.220278 -0.136348
v 0.031458 3.222975 -0.066604
v 0.045031 3.130002 -0.059349
v 0.086971 3.132699 -0.122117
v 0.125624 3.137079 -0.179965
v 0.159503 3.142974 -0.230668
v 0.187307 3.150156 -0.272280
v 0.207967 3.158350 -0.303200
v 0.220689 3.167242 -0.322241
v 0.224985 3.176489 -0.328670
v 0.220689 3.185736 -0.322241
v 0.207967 3.194627 -0.303200
v 0.187307 3.202821 -0.272280
v 0.159503 3.210004 -0.230668
v 0.125624 3.215898 -0.179965
v 0.086971 3.220278 -0.122117
v 0.045031 3.222975 -0.059349
v 0.056928 3.130002 -0.049586
v 0.110308 3.132699 -0.102966
v 0.159503 3.137079 -0.152161
v 0.202623 3.142974 -0.195281
v 0.238011 3.150156 -0.230668
v 0.264306 3.158350 -0.256964
v 0.280499 3.167242 -0.273156
v 0.285966 3.176489 -0.278624
v 0.280499 3.185736 -0.273156
v 0.264306 3.194627 -0.256964
v 0.238011 3.202821 -0.230668
v 0.202623 3.210004 -0.195281
v 0.159503 3.215898 -0.152161
v 0.110308 3.220278 -0.102966
v 0.056928 3.222975 -0.049586
v 0.066691 3.130002 -0.037689
v 0.129459 3.132699 -0.079629
v 0.187307 3.137079 -0.118282
v 0.238011 3.142974 -0.152161
v 0.279622 3.150156 -0.179965
v 0.310542 3.158350 -0.200625
v 0.329583 3.167242 -0.213347
v 0.336012 3.176489 -0.217643
v 0.329583 3.185736 -0.213347
v 0.310542 3.194627 -0.200625
v 0.279622 3.202821 -0.179965
v 0.238011 3.210004 -0.152161
v 0.187307 3.215898 -0.118282
v 0.129459 3.220278 -0.079629
v 0.066691 3.222975 -0.037689
v 0.073946 3.130002 -0.024116
v 0.143690 3.132699 -0.053005
v 0.207967 3.137079 -0.079629
v 0.264306 3.142974 -0.102966
v 0.310542 3.150156 -0.122117
v 0.344899 3.158350 -0.136348
v 0.366056 3.167242 -0.145111
v 0.373199 3.176489 -0.148070
v 0.366056 3.185736 -0.145111
v 0.344899 3.194627 -0.136348
v 0.310542 3.202821 -0.122117
v 0.264306 3.210004 -0.102966
v 0.207967 3.215898 -0.079629
v 0.143690 3.220278 -0.053005
v 0.073946 3.222975 -0.024116
v 0.078413 3.130002 -0.009388
v 0.152454 3.132699 -0.024116
v 0.220689 3.137079 -0.037689
v 0.280499 3.142974 -0.049586
v 0.329583 3.150156 -0.059349
v 0.366055 3.158350 -0.066604
v 0.388515 3.167242 -0.071071
v 0.396099 3.176489 -0.072580
v 0.388515 3.185736 -0.071071
v 0.366055 3.194627 -0.066604
v 0.329583 3.202821 -0.059349
v 0.280499 3.210004 -0.049586
v 0.220689 3.215898 -0.037689
v 0.152454 3.220278 -0.024116
v 0.078413 3.222975 -0.009388
v 0.079922 3.130002 0.005928
v 0.155413 3.132699 0.005928
v 0.224985 3.137079 0.005928
v 0.285966 3.142974 0.005928
v 0.336012 3.150156 0.005928
v 0.373199 3.158350 0.005928
v 0.396099 3.167242 0.005928
v 0.403831 3.176489 0.005928
v 0.396099 3.185736 0.005928
v 0.373199 3.194627 0.005928
v 0.336012 3.202821 0.005928
v 0.285966 3.210004 0.005928
v 0.224985 3.215898 0.005928
v 0.155413 3.220278 0.005928
v 0.079922 3.222975 0.005928
v 0.078413 3.130002 0.021244
v 0.152454 3.132699 0.035971
v 0.220689 3.137079 0.049544
v 0.280499 3.142974 0.061441
v 0.329583 3.150156 0.071204
v 0.366055 3.158350 0.078459
v 0.388515 3.167242 0.082927
v 0.396099 3.176489 0.084435
v 0.388515 3.185736 0.082927
v 0.366055 3.194627 0.078459
v 0.329583 3.202821 0.071204
v 0.280499 3.210004 0.061441
v 0.220689 3.215898 0.049544
v 0.152454 3.220278 0.035971
v 0.078413 3.222975 0.021244
v 0.073946 3.130002 0.035971
v 0.143690 3.132699 0.064860
v 0.207967 3.137079 0.091485
v 0.264306 3.142974 0.114821
v 0.310542 3.150156 0.133973
v 0.344899 3.158350 0.148203
v 0.366055 3.167242 0.156967
v 0.373199 3.176489 0.159926
v 0.366055 3.185736 0.156967
v 0.344899 3.194627 0.148203
v 0.310542 3.202821 0.133973
v 0.264306 3.210004 0.114821
v 0.207967 3.215898 0.091485
v 0.143690 3.220278 0.064860
v 0.073946 3.222975 0.035971
v 0.066691 3.130002 0.049544
v 0.129459 3.132699 0.091485
v 0.187307 3.137079 0.130137
v 0.238011 3.142974 0.164016
v 0.279622 3.150156 0.191820
v 0.310542 3.158350 0.212480
v 0.329583 3.167242 0.225203
v 0.336012 3.176489 0.229498
v 0.329583 3.185736 0.225203
v 0.310542 3.194627 0.212480
v 0.279622 3.202821 0.191820
v 0.238011 3.210004 0.164016
v 0.187307 3.215898 0.130137
v 0.129459 3.220278 0.091485
v 0.066691 3.222975 0.049544
v 0.056928 3.130002 0.061441
v 0.110308 3.132699 0.114821
v 0.159503 3.137079 0.164016
v 0.202623 3.142974 0.207136
v 0.238010 3.150156 0.242524
v 0.264306 3.158350 0.268819
v 0.280499 3.167242 0.285012
v 0.285966 3.176489 0.290479
v 0.280499 3.185736 0.285012
v 0.264306 3.194627 0.268819
v 0.238010 3.202821 0.242524
v 0.202623 3.210004 0.207136
v 0.159503 3.215898 0.164016
v 0.110308 3.220278 0.114821
v 0.056928 3.222975 0.061441
v 0.045031 3.130002 0.071204
v 0.086971 3.132699 0.133973
v 0.125624 3.137079 0.191820
v 0.159503 3.142974 0.242524
v 0.187307 3.150156 0.284135
v 0.207967 3.158350 0.315055
v 0.220689 3.167242 0.334096
v 0.224985 3.176489 0.340525
v 0.220689 3.185736 0.334096
v 0.207967 3.194627 0.315055
v 0.187307 3.202821 0.284135
v 0.159503 3.210004 0.242524
v 0.125624 3.215898 0.191820
v 0.086971 3.220278 0.133973
v 0.045031 3.222975 0.071204
v 0.031458 3.130002 0.078459
v 0.060347 3.132699 0.148203
v 0.086971 3.137079 0.212480
v 0.110308 3.142974 0.268819
v 0.129459 3.150156 0.315055
v 0.143690 3.158350 0.349412
v 0.152454 3.167242 0.370568
v 0.155412 3.176489 0.377712
v 0.152454 3.185736 0.370568
v 0.143690 3.194627 0.349412
v 0.129459 3.202821 0.315055
v 0.110308 3.210004 0.268819
v 0.086971 3.215898 0.212480
v 0.060347 3.220278 0.148203
v 0.031458 3.222975 0.078459
v 0.016730 3.130002 0.082927
v 0.031458 3.132699 0.156967
v 0.045031 3.137079 0.225202
v 0.056928 3.142974 0.285012
v 0.066691 3.150156 0.334096
v 0.073946 3.158350 0.370568
v 0.078413 3.167242 0.393028
v 0.079922 3.176489 0.400612
v 0.078413 3.185736 0.393028
v 0.073946 3.194627 0.370568
v 0.066691 3.202821 0.334096
v 0.056928 3.210004 0.285012
v 0.045031 3.215898 0.225202
v 0.031458 3.220278 0.156967
v 0.016730 3.222975 0.082927
v 0.001414 3.130002 0.084435
v 0.001414 3.132699 0.159926
v 0.001414 3.142974 0.290479
v 0.001414 3.158350 0.377712
v 0.001414 3.194627 0.377712
v 0.001414 3.210004 0.290479
v 0.001414 3.215898 0.229498
v 0.001414 3.220278 0.159926
v 0.001414 3.222975 0.084435
v 0.027749 2.963938 -0.119531
v 0.027749 3.157983 -0.119531
v 0.027749 2.963938 -0.162023
v 0.027749 3.157983 -0.162023
v 0.068612 2.963938 -0.119531
v 0.068612 3.157983 -0.119531
v 0.068612 2.963938 -0.162023
v 0.068612 3.157983 -0.162023
v 0.001414 2.621925 0.005928
v 0.001414 2.629913 -0.217643
v 0.001414 2.642990 -0.328670
v 0.001414 2.660076 -0.388757
v 0.001414 2.669323 -0.396489
v 0.001414 2.678570 -0.388757
v 0.001414 2.695655 -0.328670
v 0.001414 2.716720 0.005928
v 0.016730 2.622836 -0.071071
v 0.031458 2.625533 -0.145112
v 0.045031 2.629913 -0.213347
v 0.056928 2.635808 -0.273157
v 0.066691 2.642990 -0.322241
v 0.073946 2.651184 -0.358713
v 0.078414 2.660076 -0.381173
v 0.079922 2.669323 -0.388757
v 0.078414 2.678570 -0.381173
v 0.073946 2.687461 -0.358713
v 0.066691 2.695655 -0.322241
v 0.056928 2.702838 -0.273157
v 0.045031 2.708732 -0.213347
v 0.031458 2.713112 -0.145112
v 0.016730 2.715809 -0.071071
v 0.031458 2.622836 -0.066604
v 0.060347 2.625533 -0.136348
v 0.086971 2.629913 -0.200625
v 0.110308 2.635808 -0.256964
v 0.129459 2.642990 -0.303200
v 0.143690 2.651184 -0.337557
v 0.152454 2.660076 -0.358713
v 0.155413 2.669323 -0.365857
v 0.152454 2.678570 -0.358713
v 0.143690 2.687461 -0.337557
v 0.129459 2.695655 -0.303200
v 0.110308 2.702838 -0.256964
v 0.086971 2.708732 -0.200625
v 0.060347 2.713112 -0.136348
v 0.031458 2.715809 -0.066604
v 0.045031 2.622836 -0.059349
v 0.086971 2.625533 -0.122117
v 0.125624 2.629913 -0.179965
v 0.159503 2.635808 -0.230668
v 0.187307 2.642990 -0.272280
v 0.207967 2.651184 -0.303200
v 0.220690 2.660076 -0.322241
v 0.224985 2.669323 -0.328670
v 0.220690 2.678570 -0.322241
v 0.207967 2.687461 -0.303200
v 0.187307 2.695655 -0.272280
v 0.159503 2.702838 -0.230668
v 0.125624 2.708732 -0.179965
v 0.086971 2.713112 -0.122117
v 0.045031 2.715809 -0.059349
v 0.056928 2.622836 -0.049586
v 0.110308 2.625533 -0.102966
v 0.159503 2.629913 -0.152161
v 0.202623 2.635808 -0.195281
v 0.238011 2.642990 -0.230668
v 0.264306 2.651184 -0.256964
v 0.280499 2.660076 -0.273156
v 0.285966 2.669323 -0.278624
v 0.280499 2.678570 -0.273156
v 0.264306 2.687461 -0.256964
v 0.238011 2.695655 -0.230668
v 0.202623 2.702838 -0.195281
v 0.159503 2.708732 -0.152161
v 0.110308 2.713112 -0.102966
v 0.056928 2.715809 -0.049586
v 0.066691 2.622836 -0.037689
v 0.129459 2.625533 -0.079629
v 0.187307 2.629913 -0.118282
v 0.238011 2.635808 -0.152161
v 0.279622 2.642990 -0.179965
v 0.310542 2.651184 -0.200625
v 0.329583 2.660076 -0.213347
v 0.336012 2.669323 -0.217643
v 0.329583 2.678570 -0.213347
v 0.310542 2.687461 -0.200625
v 0.279622 2.695655 -0.179965
v 0.238011 2.702838 -0.152161
v 0.187307 2.708732 -0.118282
v 0.129459 2.713112 -0.079629
v 0.066691 2.715809 -0.037689
v 0.073946 2.622836 -0.024116
v 0.143690 2.625533 -0.053005
v 0.207967 2.629913 -0.079629
v 0.264306 2.635808 -0.102966
v 0.310542 2.642990 -0.122117
v 0.344899 2.651184 -0.136348
v 0.366056 2.660076 -0.145112
v 0.373199 2.669323 -0.148071
v 0.366056 2.678570 -0.145112
v 0.344899 2.687461 -0.136348
v 0.310542 2.695655 -0.122117
v 0.264306 2.702838 -0.102966
v 0.207967 2.708732 -0.079629
v 0.143690 2.713112 -0.053005
v 0.073946 2.715809 -0.024116
v 0.078414 2.622836 -0.009388
v 0.152454 2.625533 -0.024116
v 0.220690 2.629913 -0.037689
v 0.280499 2.635808 -0.049586
v 0.329583 2.642990 -0.059349
v 0.366056 2.651184 -0.066604
v 0.388515 2.660076 -0.071071
v 0.396099 2.669323 -0.072580
v 0.388515 2.678570 -0.071071
v 0.366056 2.687461 -0.066604
v 0.329583 2.695655 -0.059349
v 0.280499 2.702838 -0.049586
v 0.220690 2.708732 -0.037689
v 0.152454 2.713112 -0.024116
v 0.078414 2.715809 -0.009388
v 0.079922 2.622836 0.005928
v 0.155413 2.625533 0.005928
v 0.224985 2.629913 0.005928
v 0.285966 2.635808 0.005928
v 0.336012 2.642990 0.005928
v 0.373199 2.651184 0.005928
v 0.396099 2.660076 0.005928
v 0.403831 2.669323 0.005928
v 0.396099 2.678570 0.005928
v 0.373199 2.687461 0.005928
v 0.336012 2.695655 0.005928
v 0.285966 2.702838 0.005928
v 0.224985 2.708732 0.005928
v 0.155413 2.713112 0.005928
v 0.079922 2.715809 0.005928
v 0.078414 2.622836 0.021244
v 0.152454 2.625533 0.035971
v 0.220689 2.629913 0.049544
v 0.280499 2.635808 0.061441
v 0.329583 2.642990 0.071204
v 0.366056 2.651184 0.078459
v 0.388515 2.660076 0.082927
v 0.396099 2.669323 0.084435
v 0.388515 2.678570 0.082927
v 0.366056 2.687461 0.078459
v 0.329583 2.695655 0.071204
v 0.280499 2.702838 0.061441
v 0.220689 2.708732 0.049544
v 0.152454 2.713112 0.035971
v 0.078414 2.715809 0.021244
v 0.073946 2.622836 0.035971
v 0.143690 2.625533 0.064860
v 0.207967 2.629913 0.091485
v 0.264306 2.635808 0.114821
v 0.310542 2.642990 0.133973
v 0.344899 2.651184 0.148204
v 0.366056 2.660076 0.156967
v 0.373199 2.669323 0.159926
v 0.366056 2.678570 0.156967
v 0.344899 2.687461 0.148204
v 0.310542 2.695655 0.133973
v 0.264306 2.702838 0.114821
v 0.207967 2.708732 0.091485
v 0.143690 2.713112 0.064860
v 0.073946 2.715809 0.035971
v 0.066691 2.622836 0.049544
v 0.129459 2.625533 0.091485
v 0.187307 2.629913 0.130137
v 0.238011 2.635808 0.164016
v 0.279622 2.642990 0.191820
v 0.310542 2.651184 0.212480
v 0.329583 2.660076 0.225203
v 0.336012 2.669323 0.229499
v 0.329583 2.678570 0.225203
v 0.310542 2.687461 0.212480
v 0.279622 2.695655 0.191820
v 0.238011 2.702838 0.164016
v 0.187307 2.708732 0.130137
v 0.129459 2.713112 0.091485
v 0.066691 2.715809 0.049544
v 0.056928 2.622836 0.061441
v 0.110308 2.625533 0.114821
v 0.159503 2.629913 0.164016
v 0.202623 2.635808 0.207136
v 0.238011 2.642990 0.242524
v 0.264306 2.651184 0.268819
v 0.280499 2.660076 0.285012
v 0.285966 2.669323 0.290479
v 0.280499 2.678570 0.285012
v 0.264306 2.687461 0.268819
v 0.238011 2.695655 0.242524
v 0.202623 2.702838 0.207136
v 0.159503 2.708732 0.164016
v 0.110308 2.713112 0.114821
v 0.056928 2.715809 0.061441
v 0.045031 2.622836 0.071204
v 0.086971 2.625533 0.133973
v 0.125624 2.629913 0.191820
v 0.159503 2.635808 0.242524
v 0.187307 2.642990 0.284135
v 0.207967 2.651184 0.315055
v 0.220689 2.660076 0.334096
v 0.224985 2.669323 0.340525
v 0.220689 2.678570 0.334096
v 0.207967 2.687461 0.315055
v 0.187307 2.695655 0.284135
v 0.159503 2.702838 0.242524
v 0.125624 2.708732 0.191820
v 0.086971 2.713112 0.133973
v 0.045031 2.715809 0.071204
v 0.031458 2.622836 0.078459
v 0.060347 2.625533 0.148204
v 0.086971 2.629913 0.212480
v 0.110308 2.635808 0.268819
v 0.129459 2.642990 0.315055
v 0.143690 2.651184 0.349412
v 0.152454 2.660076 0.370569
v 0.155413 2.669323 0.377712
v 0.152454 2.678570 0.370569
v 0.143690 2.687461 0.349412
v 0.129459 2.695655 0.315055
v 0.110308 2.702838 0.268819
v 0.086971 2.708732 0.212480
v 0.060347 2.713112 0.148204
v 0.031458 2.715809 0.078459
v 0.016730 2.622836 0.082927
v 0.031458 2.625533 0.156967
v 0.045031 2.629913 0.225203
v 0.056928 2.635808 0.285012
v 0.066691 2.642990 0.334096
v 0.073946 2.651184 0.370569
v 0.078413 2.660076 0.393028
v 0.079922 2.669323 0.400612
v 0.078413 2.678570 0.393028
v 0.073946 2.687461 0.370569
v 0.066691 2.695655 0.334096
v 0.056928 2.702838 0.285012
v 0.045031 2.708732 0.225203
v 0.031458 2.713112 0.156967
v 0.016730 2.715809 0.082927
v 0.001414 2.622836 0.084435
v 0.001414 2.625533 0.159926
v 0.001414 2.629913 0.229498
v 0.001414 2.635808 0.290479
v 0.001414 2.642990 0.340525
v 0.001414 2.651184 0.377712
v 0.001414 2.660076 0.400612
v 0.001414 2.669323 0.408344
v 0.001414 2.678570 0.400612
v 0.001414 2.687461 0.377712
v 0.001414 2.695655 0.340525
v 0.001414 2.702838 0.290479
v 0.001414 2.708732 0.229498
v 0.001414 2.713112 0.159926
v 0.001414 2.715809 0.084435
v -0.013902 2.622836 0.082927
v -0.028629 2.625533 0.156967
v -0.042202 2.629913 0.225203
v -0.054099 2.635808 0.285012
v -0.063862 2.642990 0.334096
v -0.071117 2.651184 0.370569
v -0.075585 2.660076 0.393028
v -0.077093 2.669323 0.400612
v -0.075585 2.678570 0.393028
v -0.071117 2.687461 0.370569
v -0.063862 2.695655 0.334096
v -0.054099 2.702838 0.285012
v -0.042202 2.708732 0.225203
v -0.028629 2.713112 0.156967
v -0.013902 2.715809 0.082927
v -0.028629 2.622836 0.078459
v -0.057518 2.625533 0.148204
v -0.084143 2.629913 0.212480
v -0.107479 2.635808 0.268819
v -0.126631 2.642990 0.315055
v -0.140862 2.651184 0.349412
v -0.149625 2.660076 0.370568
v -0.152584 2.669323 0.377712
v -0.149625 2.678570 0.370568
v -0.140862 2.687461 0.349412
v -0.126631 2.695655 0.315055
v -0.107479 2.702838 0.268819
v -0.084143 2.708732 0.212480
v -0.057518 2.713112 0.148204
v -0.028629 2.715809 0.078459
v -0.042202 2.622836 0.071204
v -0.084143 2.625533 0.133973
v -0.122795 2.629913 0.191820
v -0.156674 2.635808 0.242524
v -0.184478 2.642990 0.284135
v -0.205138 2.651184 0.315055
v -0.217861 2.660076 0.334096
v -0.222157 2.669323 0.340525
v -0.217861 2.678570 0.334096
v -0.205138 2.687461 0.315055
v -0.184478 2.695655 0.284135
v -0.156674 2.702838 0.242524
v -0.122795 2.708732 0.191820
v -0.084143 2.713112 0.133973
v -0.042202 2.715809 0.071204
v -0.054099 2.622836 0.061441
v -0.107479 2.625533 0.114821
v -0.156674 2.629913 0.164016
v -0.199794 2.635808 0.207136
v -0.235182 2.642990 0.242524
v -0.261477 2.651184 0.268819
v -0.277670 2.660076 0.285012
v -0.283137 2.669323 0.290479
v -0.277670 2.678570 0.285012
v -0.261477 2.687461 0.268819
v -0.235182 2.695655 0.242524
v -0.199794 2.702838 0.207136
v -0.156674 2.708732 0.164016
v -0.107479 2.713112 0.114821
v -0.054099 2.715809 0.061441
v -0.063862 2.622836 0.049544
v -0.126631 2.625533 0.091485
v -0.184478 2.629913 0.130137
v -0.235182 2.635808 0.164016
v -0.276793 2.642990 0.191820
v -0.307713 2.651184 0.212480
v -0.326754 2.660076 0.225202
v -0.333183 2.669323 0.229498
v -0.326754 2.678570 0.225202
v -0.307713 2.687461 0.212480
v -0.276793 2.695655 0.191820
v -0.235182 2.702838 0.164016
v -0.184478 2.708732 0.130137
v -0.126631 2.713112 0.091485
v -0.063862 2.715809 0.049544
v -0.071117 2.622836 0.035971
v -0.140862 2.625533 0.064860
v -0.205138 2.629913 0.091484
v -0.261477 2.635808 0.114821
v -0.307713 2.642990 0.133972
v -0.342070 2.651184 0.148203
v -0.363227 2.660076 0.156967
v -0.370370 2.669323 0.159926
v -0.363227 2.678570 0.156967
v -0.342070 2.687461 0.148203
v -0.307713 2.695655 0.133972
v -0.261477 2.702838 0.114821
v -0.205138 2.708732 0.091484
v -0.140862 2.713112 0.064860
v -0.071117 2.715809 0.035971
v -0.075585 2.622836 0.021244
v -0.149625 2.625533 0.035971
v -0.217861 2.629913 0.049544
v -0.277670 2.635808 0.061441
v -0.326754 2.642990 0.071204
v -0.363227 2.651184 0.078459
v -0.385687 2.660076 0.082927
v -0.393270 2.669323 0.084435
v -0.385687 2.678570 0.082927
v -0.363227 2.687461 0.078459
v -0.326754 2.695655 0.071204
v -0.277670 2.702838 0.061441
v -0.217861 2.708732 0.049544
v -0.149625 2.713112 0.035971
v -0.075585 2.715809 0.021244
v -0.077093 2.622836 0.005928
v -0.152584 2.625533 0.005928
v -0.222156 2.629913 0.005928
v -0.283137 2.635808 0.005928
v -0.333183 2.642990 0.005928
v -0.370370 2.651184 0.005928
v -0.393270 2.660076 0.005928
v -0.401002 2.669323 0.005928
v -0.393270 2.678570 0.005928
v -0.370370 2.687461 0.005928
v -0.333183 2.695655 0.005928
v -0.283137 2.702838 0.005928
v -0.222156 2.708732 0.005928
v -0.152584 2.713112 0.005928
v -0.077093 2.715809 0.005928
v -0.075585 2.622836 -0.009388
v -0.149625 2.625533 -0.024116
v -0.217861 2.629913 -0.037689
v -0.277670 2.635808 -0.049586
v -0.326754 2.642990 -0.059349
v -0.363227 2.651184 -0.066604
v -0.385687 2.660076 -0.071072
v -0.393270 2.669323 -0.072580
v -0.385687 2.678570 -0.071072
v -0.363227 2.687461 -0.066604
v -0.326754 2.695655 -0.059349
v -0.277670 2.702838 -0.049586
v -0.217861 2.708732 -0.037689
v -0.149625 2.713112 -0.024116
v -0.075585 2.715809 -0.009388
v -0.071117 2.622836 -0.024116
v -0.140862 2.625533 -0.053005
v -0.205138 2.629913 -0.079629
v -0.261477 2.635808 -0.102966
v -0.307713 2.642990 -0.122117
v -0.342070 2.651184 -0.136348
v -0.363227 2.660076 -0.145112
v -0.370370 2.669323 -0.148071
v -0.363227 2.678570 -0.145112
v -0.342070 2.687461 -0.136348
v -0.307713 2.695655 -0.122117
v -0.261477 2.702838 -0.102966
v -0.205138 2.708732 -0.079629
v -0.140862 2.713112 -0.053005
v -0.071117 2.715809 -0.024116
v -0.063862 2.622836 -0.037689
v -0.126631 2.625533 -0.079629
v -0.184478 2.629913 -0.118282
v -0.235182 2.635808 -0.152161
v -0.276793 2.642990 -0.179965
v -0.307713 2.651184 -0.200625
v -0.326754 2.660076 -0.213347
v -0.333183 2.669323 -0.217643
v -0.326754 2.678570 -0.213347
v -0.307713 2.687461 -0.200625
v -0.276793 2.695655 -0.179965
v -0.235182 2.702838 -0.152161
v -0.184478 2.708732 -0.118282
v -0.126631 2.713112 -0.079629
v -0.063862 2.715809 -0.037689
v -0.054099 2.622836 -0.049586
v -0.107479 2.625533 -0.102966
v -0.156674 2.629913 -0.152161
v -0.199794 2.635808 -0.195281
v -0.235182 2.642990 -0.230668
v -0.261477 2.651184 -0.256964
v -0.277670 2.660076 -0.273156
v -0.283137 2.669323 -0.278624
v -0.277670 2.678570 -0.273156
v -0.261477 2.687461 -0.256964
v -0.235182 2.695655 -0.230668
v -0.199794 2.702838 -0.195281
v -0.156674 2.708732 -0.152161
v -0.107479 2.713112 -0.102966
v -0.054099 2.715809 -0.049586
v -0.042202 2.622836 -0.059349
v -0.084142 2.625533 -0.122117
v -0.122795 2.629913 -0.179965
v -0.156674 2.635808 -0.230668
v -0.184478 2.642990 -0.272280
v -0.205138 2.651184 -0.303200
v -0.217861 2.660076 -0.322241
v -0.222156 2.669323 -0.328670
v -0.217861 2.678570 -0.322241
v -0.205138 2.687461 -0.303200
v -0.184478 2.695655 -0.272280
v -0.156674 2.702838 -0.230668
v -0.122795 2.708732 -0.179965
v -0.084142 2.713112 -0.122117
v -0.042202 2.715809 -0.059349
v -0.028629 2.622836 -0.066604
v -0.057518 2.625533 -0.136348
v -0.084142 2.629913 -0.200625
v -0.107479 2.635808 -0.256964
v -0.126630 2.642990 -0.303200
v -0.140861 2.651184 -0.337557
v -0.149625 2.660076 -0.358713
v -0.152584 2.669323 -0.365857
v -0.149625 2.678570 -0.358713
v -0.140861 2.687461 -0.337557
v -0.126630 2.695655 -0.303200
v -0.107479 2.702838 -0.256964
v -0.084142 2.708732 -0.200625
v -0.057518 2.713112 -0.136348
v -0.028629 2.715809 -0.066604
v -0.013902 2.622836 -0.071071
v -0.028629 2.625533 -0.145112
v -0.042202 2.629913 -0.213347
v -0.054099 2.635808 -0.273156
v -0.063862 2.642990 -0.322240
v -0.071117 2.651184 -0.358713
v -0.075585 2.660076 -0.381173
v -0.077093 2.669323 -0.388757
v -0.075585 2.678570 -0.381173
v -0.071117 2.687461 -0.358713
v -0.063862 2.695655 -0.322240
v -0.054099 2.702838 -0.273156
v -0.042202 2.708732 -0.213347
v -0.028629 2.713112 -0.145112
v -0.013902 2.715809 -0.071071
v 0.001414 2.622836 -0.072580
v 0.001414 2.625533 -0.148071
v 0.001414 2.635808 -0.278624
v 0.001414 2.651184 -0.365857
v 0.001414 2.687461 -0.365857
v 0.001414 2.702838 -0.278624
v 0.001414 2.708732 -0.217643
v 0.001414 2.713112 -0.148071
v 0.001414 2.715809 -0.072580
v 0.027749 2.963938 0.184374
v 0.027749 3.157983 0.184374
v 0.027749 2.963938 0.141882
v 0.027749 3.157983 0.141882
v 0.068612 2.963938 0.184374
v 0.068612 3.157983 0.184374
v 0.068612 2.963938 0.141882
v 0.068612 3.157983 0.141882
v -0.160830 2.963938 0.015559
v -0.160830 3.157983 0.015559
v -0.160830 2.963938 -0.026933
v -0.160830 3.157983 -0.026933
v -0.119967 2.963938 0.015559
v -0.119967 3.157983 0.015559
v -0.119967 2.963938 -0.026933
v -0.119967 3.157983 -0.026933
vn -1.0000 -0.0000 -0.0000
vn -0.0000 -0.0000 -1.0000
vn 1.0000 -0.0000 -0.0000
vn -0.0000 -0.0000 1.0000
vn -0.0000 -1.0000 -0.0000
vn -0.0000 1.0000 -0.0000
vn -0.0980 -0.0000 -0.9952
vn -0.2903 -0.0000 -0.9569
vn -0.4714 -0.0000 -0.8819
vn -0.6344 -0.0000 -0.7730
vn -0.7730 -0.0000 -0.6344
vn -0.8819 -0.0000 -0.4714
vn -0.9569 -0.0000 -0.2903
vn -0.9952 -0.0000 -0.0980
vn -0.9952 -0.0000 0.0980
vn -0.9569 -0.0000 0.2903
vn -0.8819 -0.0000 0.4714
vn -0.7730 -0.0000 0.6344
vn -0.6344 -0.0000 0.7730
vn -0.4714 -0.0000 0.8819
vn -0.2903 -0.0000 0.9569
vn -0.0980 -0.0000 0.9952
vn 0.0980 -0.0000 0.9952
vn 0.2903 -0.0000 0.9569
vn 0.4714 -0.0000 0.8819
vn 0.6344 -0.0000 0.7730
vn 0.7730 -0.0000 0.6344
vn 0.8819 -0.0000 0.4714
vn 0.9569 -0.0000 0.2903
vn 0.9952 -0.0000 0.0980
vn 0.9952 -0.0000 -0.0980
vn 0.9569 -0.0000 -0.2903
vn 0.8819 -0.0000 -0.4714
vn 0.7730 -0.0000 -0.6344
vn 0.6344 -0.0000 -0.7730
vn 0.4714 -0.0000 -0.8819
vn 0.2903 -0.0000 -0.9569
vn 0.0980 -0.0000 -0.9952
vn 0.9640 0.2583 -0.0625
vn 0.7064 0.7064 -0.0458
vn 0.2588 0.9658 -0.0168
vn -0.2588 0.9658 0.0168
vn -0.7064 0.7064 0.0458
vn -0.9640 0.2583 0.0625
vn -0.9640 -0.2583 0.0625
vn -0.7064 -0.7064 0.0458
vn -0.2588 -0.9658 0.0168
vn 0.2588 -0.9658 -0.0168
vn 0.7064 -0.7064 -0.0458
vn 0.9640 -0.2583 -0.0625
vn 0.9479 0.2584 -0.1864
vn 0.6944 0.7065 -0.1365
vn 0.2543 0.9658 -0.0500
vn -0.2544 0.9658 0.0500
vn -0.6944 0.7065 0.1365
vn -0.9479 0.2584 0.1864
vn -0.9479 -0.2584 0.1864
vn -0.6944 -0.7065 0.1365
vn -0.2544 -0.9658 0.0500
vn 0.2544 -0.9658 -0.0500
vn 0.6944 -0.7065 -0.1365
vn 0.9479 -0.2584 -0.1864
vn 0.9158 0.2586 -0.3073
vn 0.6707 0.7068 -0.2250
vn 0.2456 0.9659 -0.0824
vn -0.2456 0.9659 0.0824
vn -0.6707 0.7068 0.2250
vn -0.9158 0.2586 0.3073
vn -0.9158 -0.2586 0.3073
vn -0.6707 -0.7068 0.2250
vn -0.2456 -0.9659 0.0824
vn 0.2456 -0.9659 -0.0824
vn 0.6707 -0.7068 -0.2250
vn 0.9158 -0.2586 -0.3073
vn 0.8683 0.2589 -0.4232
vn 0.6356 0.7071 -0.3098
vn 0.2326 0.9659 -0.1134
vn -0.2326 0.9659 0.1134
vn -0.6356 0.7072 0.3098
vn -0.8683 0.2589 0.4232
vn -0.8683 -0.2589 0.4232
vn -0.6356 -0.7071 0.3098
vn -0.2326 -0.9659 0.1134
vn 0.2326 -0.9659 -0.1134
vn 0.6356 -0.7072 -0.3098
vn 0.8683 -0.2588 -0.4232
vn 0.8059 0.2592 -0.5323
vn 0.5896 0.7076 -0.3894
vn 0.2157 0.9660 -0.1424
vn -0.2157 0.9660 0.1424
vn -0.5896 0.7076 0.3894
vn -0.8059 0.2592 0.5322
vn -0.8059 -0.2592 0.5323
vn -0.5896 -0.7076 0.3894
vn -0.2157 -0.9660 0.1424
vn 0.2157 -0.9660 -0.1424
vn 0.5896 -0.7076 -0.3894
vn 0.8059 -0.2592 -0.5323
vn 0.7297 0.2595 -0.6325
vn 0.5335 0.7081 -0.4625
vn 0.1950 0.9661 -0.1691
vn -0.1950 0.9661 0.1691
vn -0.5336 0.7081 0.4625
vn -0.7298 0.2595 0.6325
vn -0.7297 -0.2595 0.6325
vn -0.5335 -0.7081 0.4625
vn -0.1951 -0.9661 0.1691
vn 0.1951 -0.9661 -0.1691
vn 0.5335 -0.7081 -0.4625
vn 0.7298 -0.2595 -0.6325
vn 0.6409 0.2599 -0.7223
vn 0.4683 0.7087 -0.5277
vn 0.1711 0.9662 -0.1928
vn -0.1711 0.9662 0.1928
vn -0.4683 0.7087 0.5278
vn -0.6409 0.2599 0.7223
vn -0.6409 -0.2599 0.7223
vn -0.4683 -0.7087 0.5278
vn -0.1710 -0.9662 0.1928
vn 0.1711 -0.9662 -0.1928
vn 0.4683 -0.7087 -0.5277
vn 0.6409 -0.2599 -0.7223
vn 0.5408 0.2602 -0.7999
vn 0.3948 0.7092 -0.5841
vn 0.1442 0.9663 -0.2132
vn -0.1441 0.9663 0.2132
vn -0.3949 0.7092 0.5841
vn -0.5408 0.2602 0.7999
vn -0.5408 -0.2602 0.7999
vn -0.3948 -0.7092 0.5841
vn -0.1442 -0.9663 0.2132
vn 0.1441 -0.9663 -0.2132
vn 0.3949 -0.7092 -0.5841
vn 0.5408 -0.2602 -0.7999
vn 0.4310 0.2606 -0.8639
vn 0.3146 0.7097 -0.6304
vn 0.1148 0.9664 -0.2300
vn -0.1148 0.9664 0.2300
vn -0.3145 0.7097 0.6304
vn -0.4310 0.2606 0.8639
vn -0.4310 -0.2606 0.8639
vn -0.3145 -0.7097 0.6304
vn -0.1148 -0.9664 0.2300
vn 0.1148 -0.9664 -0.2300
vn 0.3145 -0.7097 -0.6304
vn 0.4310 -0.2606 -0.8639
vn 0.3136 0.2608 -0.9130
vn 0.2287 0.7100 -0.6660
vn 0.0834 0.9665 -0.2429
vn -0.0834 0.9665 0.2429
vn -0.2287 0.7100 0.6660
vn -0.3136 0.2608 0.9130
vn -0.3136 -0.2608 0.9130
vn -0.2287 -0.7100 0.6660
vn -0.0834 -0.9665 0.2429
vn 0.0834 -0.9665 -0.2429
vn 0.2287 -0.7100 -0.6660
vn 0.3136 -0.2608 -0.9130
vn 0.1905 0.2610 -0.9464
vn 0.1389 0.7103 -0.6901
vn 0.0506 0.9665 -0.2516
vn -0.0506 0.9665 0.2516
vn -0.1389 0.7103 0.6901
vn -0.1904 0.2610 0.9464
vn -0.1905 -0.2610 0.9464
vn -0.1389 -0.7103 0.6901
vn -0.0506 -0.9665 0.2516
vn 0.0506 -0.9665 -0.2516
vn 0.1389 -0.7103 -0.6901
vn 0.1905 -0.2610 -0.9464
vn 0.0639 0.2611 -0.9632
vn 0.0466 0.7104 -0.7022
vn 0.0170 0.9665 -0.2560
vn -0.0170 0.9665 0.2560
vn -0.0466 0.7105 0.7022
vn -0.0639 0.2611 0.9632
vn -0.0639 -0.2611 0.9632
vn -0.0466 -0.7104 0.7022
vn -0.0170 -0.9665 0.2560
vn 0.0170 -0.9665 -0.2560
vn 0.0466 -0.7104 -0.7022
vn 0.0639 -0.2611 -0.9632
vn -0.0639 0.2611 -0.9632
vn -0.0465 0.7105 -0.7022
vn -0.0170 0.9665 -0.2560
vn 0.0170 0.9665 0.2560
vn 0.0466 0.7104 0.7022
vn 0.0639 0.2611 0.9632
vn 0.0639 -0.2611 0.9632
vn 0.0466 -0.7105 0.7022
vn 0.0170 -0.9665 0.2560
vn -0.0170 -0.9665 -0.2560
vn -0.0466 -0.7105 -0.7022
vn -0.0639 -0.2611 -0.9632
vn -0.1904 0.2610 -0.9464
vn -0.1389 0.7103 -0.6901
vn -0.0506 0.9665 -0.2516
vn 0.0506 0.9665 0.2516
vn 0.1389 0.7103 0.6901
vn 0.1905 0.2610 0.9464
vn 0.1905 -0.2610 0.9464
vn 0.1389 -0.7103 0.6901
vn 0.0506 -0.9665 0.2516
vn -0.0506 -0.9665 -0.2516
vn -0.1389 -0.7103 -0.6901
vn -0.1904 -0.2610 -0.9464
vn -0.3136 0.2608 -0.9130
vn -0.2287 0.7100 -0.6660
vn -0.0834 0.9665 -0.2429
vn 0.0834 0.9665 0.2429
vn 0.2287 0.7100 0.6660
vn 0.3136 0.2608 0.9130
vn 0.3136 -0.2608 0.9130
vn 0.2287 -0.7100 0.6660
vn 0.0834 -0.9665 0.2429
vn -0.0834 -0.9665 -0.2429
vn -0.2287 -0.7100 -0.6660
vn -0.3136 -0.2608 -0.9130
vn -0.4310 0.2606 -0.8639
vn -0.3145 0.7097 -0.6304
vn -0.1148 0.9664 -0.2300
vn 0.1148 0.9664 0.2300
vn 0.3145 0.7097 0.6304
vn 0.4310 0.2606 0.8639
vn 0.4310 -0.2606 0.8639
vn 0.3145 -0.7097 0.6304
vn 0.1148 -0.9664 0.2300
vn -0.1148 -0.9664 -0.2300
vn -0.3145 -0.7097 -0.6304
vn -0.4310 -0.2606 -0.8639
vn -0.5408 0.2602 -0.7999
vn -0.3948 0.7092 -0.5841
vn -0.1442 0.9663 -0.2132
vn 0.1442 0.9663 0.2132
vn 0.3948 0.7092 0.5841
vn 0.5407 0.2603 0.7999
vn 0.5408 -0.2602 0.7999
vn 0.3949 -0.7092 0.5841
vn 0.1442 -0.9663 0.2132
vn -0.1442 -0.9663 -0.2132
vn -0.3948 -0.7092 -0.5841
vn -0.5408 -0.2602 -0.7999
vn -0.6409 0.2599 -0.7223
vn -0.4683 0.7087 -0.5277
vn -0.1711 0.9662 -0.1928
vn 0.1711 0.9662 0.1928
vn 0.4683 0.7087 0.5278
vn 0.6409 0.2599 0.7223
vn 0.6409 -0.2599 0.7223
vn 0.4683 -0.7087 0.5278
vn 0.1711 -0.9662 0.1928
vn -0.1711 -0.9662 -0.1928
vn -0.4682 -0.7087 -0.5278
vn -0.6409 -0.2599 -0.7223
vn -0.7297 0.2595 -0.6325
vn -0.5335 0.7081 -0.4625
vn -0.1950 0.9661 -0.1691
vn 0.1951 0.9661 0.1691
vn 0.5335 0.7081 0.4625
vn 0.7298 0.2595 0.6325
vn 0.7298 -0.2595 0.6325
vn 0.5335 -0.7081 0.4625
vn 0.1950 -0.9661 0.1691
vn -0.1951 -0.9661 -0.1691
vn -0.5335 -0.7081 -0.4625
vn -0.7298 -0.2595 -0.6325
vn -0.8059 0.2592 -0.5323
vn -0.5896 0.7076 -0.3894
vn -0.2157 0.9660 -0.1424
vn 0.2157 0.9660 0.1424
vn 0.5896 0.7076 0.3894
vn 0.8059 0.2592 0.5323
vn 0.8059 -0.2592 0.5323
vn 0.5896 -0.7076 0.3894
vn 0.2157 -0.9660 0.1424
vn -0.2157 -0.9660 -0.1424
vn -0.5896 -0.7076 -0.3894
vn -0.8059 -0.2592 -0.5323
vn -0.8683 0.2588 -0.4232
vn -0.6356 0.7071 -0.3098
vn -0.2326 0.9659 -0.1134
vn 0.2326 0.9659 0.1134
vn 0.6356 0.7071 0.3098
vn 0.8683 0.2588 0.4232
vn 0.8683 -0.2588 0.4232
vn 0.6356 -0.7071 0.3098
vn 0.2326 -0.9659 0.1134
vn -0.2326 -0.9659 -0.1134
vn -0.6356 -0.7071 -0.3098
vn -0.8683 -0.2589 -0.4232
vn -0.9158 0.2586 -0.3073
vn -0.6707 0.7068 -0.2250
vn -0.2456 0.9659 -0.0824
vn 0.2456 0.9659 0.0824
vn 0.6707 0.7068 0.2250
vn 0.9158 0.2586 0.3073
vn 0.9158 -0.2586 0.3073
vn 0.6707 -0.7068 0.2250
vn 0.2456 -0.9659 0.0824
vn -0.2456 -0.9659 -0.0824
vn -0.6707 -0.7068 -0.2250
vn -0.9158 -0.2586 -0.3073
vn -0.9479 0.2584 -0.1864
vn -0.6944 0.7065 -0.1365
vn -0.2544 0.9658 -0.0500
vn 0.2543 0.9658 0.0500
vn 0.6944 0.7065 0.1365
vn 0.9479 0.2584 0.1864
vn 0.9479 -0.2584 0.1864
vn 0.6944 -0.7065 0.1365
vn 0.2544 -0.9658 0.0500
vn -0.2544 -0.9658 -0.0500
vn -0.6944 -0.7065 -0.1365
vn -0.9479 -0.2584 -0.1864
vn -0.9640 0.2583 -0.0625
vn -0.7064 0.7064 -0.0458
vn -0.2588 0.9658 -0.0168
vn 0.2588 0.9658 0.0168
vn 0.7064 0.7064 0.0458
vn 0.9640 0.2583 0.0625
vn 0.9640 -0.2583 0.0625
vn 0.7064 -0.7064 0.0458
vn 0.2588 -0.9658 0.0168
vn -0.2588 -0.9658 -0.0168
vn -0.7064 -0.7064 -0.0458
vn -0.9640 -0.2583 -0.0625
vn -0.2543 0.9658 0.0500
vn 0.2544 0.9658 -0.0500
vn -0.8683 0.2588 0.4232
vn -0.6356 0.7071 0.3098
vn 0.6356 0.7072 -0.3098
vn 0.8683 0.2588 -0.4232
vn 0.6356 -0.7071 -0.3098
vn -0.8683 -0.2588 0.4232
vn -0.8059 0.2592 0.5323
vn -0.7297 0.2595 0.6325
vn -0.5335 0.7081 0.4625
vn 0.1951 0.9661 -0.1691
vn 0.5336 0.7081 -0.4625
vn 0.1950 -0.9661 -0.1691
vn -0.7298 -0.2595 0.6325
vn -0.4682 0.7087 0.5278
vn 0.4683 0.7087 -0.5278
vn -0.1711 -0.9662 0.1928
vn -0.4683 -0.7087 0.5277
vn -0.3948 0.7092 0.5841
vn -0.1442 0.9663 0.2132
vn 0.1441 0.9663 -0.2132
vn 0.1442 -0.9663 -0.2132
vn -0.5407 -0.2603 0.7999
vn 0.3145 0.7097 -0.6304
vn -0.1905 0.2610 0.9464
vn -0.0507 0.9665 0.2516
vn -0.0466 0.7104 0.7022
vn -0.0466 -0.7105 0.7022
vn 0.0466 0.7105 0.7022
vn -0.0466 0.7104 -0.7022
vn -0.1905 0.2610 -0.9464
vn -0.1905 -0.2610 -0.9464
vn -0.3146 0.7096 -0.6304
vn 0.5408 0.2602 0.7999
vn 0.3949 0.7092 0.5841
vn 0.1441 0.9663 0.2132
vn -0.3949 0.7092 -0.5841
vn 0.3948 -0.7092 0.5841
vn 0.4683 0.7087 0.5277
vn -0.4683 -0.7087 -0.5278
vn 0.5336 0.7081 0.4625
vn -0.7297 -0.2595 -0.6325
vn -0.5336 -0.7081 -0.4625
vn -0.1950 -0.9661 -0.1691
vn 0.8059 0.2592 0.5322
vn 0.8683 0.2589 0.4232
vn -0.6356 0.7072 -0.3098
vn -0.8683 -0.2588 -0.4232
vn 0.2544 0.9658 0.0500
vn -0.2543 0.9658 -0.0500
vn 0.0140 -0.9898 -0.1420
vn 0.0140 0.9898 -0.1420
vn 0.0095 -0.9953 -0.0962
vn 0.0212 0.9764 -0.2151
vn 0.0062 -0.9980 -0.0628
vn 0.0356 0.9316 -0.3617
vn 0.0035 -0.9994 -0.0357
vn 0.0753 0.6397 -0.7649
vn 0.0012 0.9999 -0.0116
vn 0.0011 -0.9999 -0.0116
vn 0.0753 -0.6397 -0.7650
vn 0.0035 0.9994 -0.0357
vn 0.0356 -0.9316 -0.3617
vn 0.0062 0.9980 -0.0628
vn 0.0212 -0.9764 -0.2151
vn 0.0095 0.9953 -0.0962
vn 0.0628 -0.9764 -0.2069
vn 0.0281 0.9953 -0.0925
vn 0.0414 -0.9898 -0.1366
vn 0.0414 0.9898 -0.1366
vn 0.0281 -0.9953 -0.0925
vn 0.0627 0.9764 -0.2069
vn 0.0183 -0.9980 -0.0604
vn 0.1055 0.9316 -0.3478
vn 0.0104 -0.9994 -0.0343
vn 0.2231 0.6397 -0.7356
vn 0.0034 0.9999 -0.0112
vn 0.0034 -0.9999 -0.0112
vn 0.2231 -0.6397 -0.7356
vn 0.0104 0.9994 -0.0343
vn 0.1055 -0.9316 -0.3478
vn 0.0183 0.9980 -0.0604
vn 0.0169 -0.9994 -0.0316
vn 0.3623 0.6397 -0.6779
vn 0.0055 0.9999 -0.0103
vn 0.0055 -0.9999 -0.0103
vn 0.3623 -0.6397 -0.6779
vn 0.0169 0.9994 -0.0316
vn 0.1713 -0.9316 -0.3205
vn 0.0298 0.9980 -0.0557
vn 0.1019 -0.9764 -0.1907
vn 0.0456 0.9953 -0.0853
vn 0.0673 -0.9898 -0.1259
vn 0.0673 0.9898 -0.1259
vn 0.0456 -0.9953 -0.0853
vn 0.1019 0.9764 -0.1907
vn 0.0298 -0.9980 -0.0557
vn 0.1713 0.9316 -0.3206
vn 0.0613 0.9953 -0.0747
vn 0.0905 -0.9898 -0.1103
vn 0.0906 0.9898 -0.1103
vn 0.0613 -0.9953 -0.0747
vn 0.1371 0.9764 -0.1671
vn 0.0401 -0.9980 -0.0488
vn 0.2306 0.9316 -0.2810
vn 0.0228 -0.9994 -0.0277
vn 0.4876 0.6397 -0.5942
vn 0.0074 0.9999 -0.0090
vn 0.0074 -0.9999 -0.0090
vn 0.4876 -0.6397 -0.5942
vn 0.0228 0.9994 -0.0277
vn 0.2306 -0.9316 -0.2810
vn 0.0401 0.9980 -0.0488
vn 0.1371 -0.9764 -0.1671
vn 0.5942 0.6397 -0.4876
vn 0.0090 0.9999 -0.0074
vn 0.0090 -0.9999 -0.0074
vn 0.5942 -0.6397 -0.4876
vn 0.0277 0.9994 -0.0228
vn 0.2810 -0.9316 -0.2306
vn 0.0488 0.9980 -0.0401
vn 0.1671 -0.9764 -0.1371
vn 0.0747 0.9953 -0.0613
vn 0.1103 -0.9898 -0.0905
vn 0.1103 0.9898 -0.0905
vn 0.0747 -0.9953 -0.0613
vn 0.1671 0.9764 -0.1371
vn 0.0488 -0.9980 -0.0401
vn 0.2810 0.9316 -0.2306
vn 0.0277 -0.9994 -0.0228
vn 0.1259 -0.9898 -0.0673
vn 0.1259 0.9898 -0.0673
vn 0.0853 -0.9953 -0.0456
vn 0.1906 0.9764 -0.1019
vn 0.0557 -0.9980 -0.0298
vn 0.3206 0.9316 -0.1713
vn 0.0317 -0.9994 -0.0169
vn 0.6779 0.6397 -0.3623
vn 0.0103 0.9999 -0.0055
vn 0.0103 -0.9999 -0.0055
vn 0.6779 -0.6397 -0.3623
vn 0.0316 0.9994 -0.0169
vn 0.3205 -0.9316 -0.1713
vn 0.0557 0.9980 -0.0298
vn 0.1907 -0.9764 -0.1019
vn 0.0853 0.9953 -0.0456
vn 0.0112 0.9999 -0.0034
vn 0.0111 -0.9999 -0.0034
vn 0.7356 -0.6397 -0.2231
vn 0.0343 0.9994 -0.0104
vn 0.3478 -0.9316 -0.1055
vn 0.0604 0.9980 -0.0183
vn 0.2069 -0.9764 -0.0628
vn 0.0925 0.9953 -0.0281
vn 0.1366 -0.9898 -0.0414
vn 0.1366 0.9898 -0.0414
vn 0.0925 -0.9953 -0.0281
vn 0.2069 0.9764 -0.0628
vn 0.0604 -0.9980 -0.0183
vn 0.3478 0.9316 -0.1055
vn 0.0343 -0.9994 -0.0104
vn 0.7356 0.6397 -0.2231
vn 0.1420 0.9898 -0.0140
vn 0.0962 -0.9953 -0.0095
vn 0.2151 0.9764 -0.0212
vn 0.0628 -0.9980 -0.0062
vn 0.3617 0.9316 -0.0356
vn 0.0357 -0.9994 -0.0035
vn 0.7650 0.6397 -0.0753
vn 0.0116 0.9999 -0.0011
vn 0.0116 -0.9999 -0.0011
vn 0.7650 -0.6397 -0.0753
vn 0.0357 0.9994 -0.0035
vn 0.3617 -0.9316 -0.0356
vn 0.0628 0.9980 -0.0062
vn 0.2151 -0.9764 -0.0212
vn 0.0962 0.9953 -0.0095
vn 0.1421 -0.9898 -0.0140
vn 0.7650 -0.6397 0.0753
vn 0.0357 0.9994 0.0035
vn 0.3617 -0.9316 0.0356
vn 0.0628 0.9980 0.0062
vn 0.2151 -0.9764 0.0212
vn 0.0962 0.9953 0.0095
vn 0.1420 -0.9898 0.0140
vn 0.1420 0.9898 0.0140
vn 0.0962 -0.9953 0.0095
vn 0.2152 0.9764 0.0212
vn 0.0628 -0.9980 0.0062
vn 0.3617 0.9316 0.0356
vn 0.0357 -0.9994 0.0035
vn 0.7650 0.6397 0.0753
vn 0.0116 0.9999 0.0011
vn 0.0116 -0.9999 0.0011
vn 0.0925 -0.9953 0.0281
vn 0.2069 0.9764 0.0628
vn 0.0604 -0.9980 0.0183
vn 0.3478 0.9316 0.1055
vn 0.0343 -0.9994 0.0104
vn 0.7356 0.6396 0.2231
vn 0.0112 0.9999 0.0034
vn 0.0111 -0.9999 0.0034
vn 0.7355 -0.6397 0.2231
vn 0.0343 0.9994 0.0104
vn 0.3478 -0.9316 0.1055
vn 0.0604 0.9980 0.0183
vn 0.2069 -0.9764 0.0628
vn 0.0925 0.9953 0.0281
vn 0.1366 -0.9898 0.0414
vn 0.1366 0.9898 0.0414
vn 0.3206 -0.9316 0.1713
vn 0.0557 0.9980 0.0298
vn 0.1906 -0.9764 0.1019
vn 0.0853 0.9953 0.0456
vn 0.1259 -0.9898 0.0673
vn 0.1259 0.9898 0.0673
vn 0.0853 -0.9953 0.0456
vn 0.1907 0.9764 0.1019
vn 0.0557 -0.9980 0.0298
vn 0.3206 0.9316 0.1713
vn 0.0316 -0.9994 0.0169
vn 0.6779 0.6397 0.3623
vn 0.0103 0.9999 0.0055
vn 0.0103 -0.9999 0.0055
vn 0.6779 -0.6397 0.3623
vn 0.0316 0.9994 0.0169
vn 0.0488 -0.9980 0.0401
vn 0.2810 0.9316 0.2306
vn 0.0277 -0.9994 0.0228
vn 0.5942 0.6397 0.4876
vn 0.0090 0.9999 0.0074
vn 0.0090 -0.9999 0.0074
vn 0.5942 -0.6397 0.4876
vn 0.0277 0.9994 0.0228
vn 0.2810 -0.9316 0.2306
vn 0.0488 0.9980 0.0401
vn 0.1671 -0.9764 0.1371
vn 0.0747 0.9953 0.0613
vn 0.1103 -0.9898 0.0905
vn 0.1103 0.9898 0.0905
vn 0.0747 -0.9953 0.0613
vn 0.1671 0.9764 0.1371
vn 0.0401 0.9980 0.0488
vn 0.1371 -0.9764 0.1671
vn 0.0613 0.9953 0.0747
vn 0.0906 -0.9898 0.1103
vn 0.0906 0.9898 0.1103
vn 0.0613 -0.9953 0.0747
vn 0.1371 0.9764 0.1671
vn 0.0401 -0.9980 0.0488
vn 0.2306 0.9316 0.2810
vn 0.0228 -0.9994 0.0277
vn 0.4876 0.6397 0.5942
vn 0.0074 0.9999 0.0090
vn 0.0074 -0.9999 0.0090
vn 0.4876 -0.6397 0.5942
vn 0.0228 0.9994 0.0277
vn 0.2306 -0.9316 0.2810
vn 0.1713 0.9316 0.3206
vn 0.0169 -0.9994 0.0316
vn 0.3623 0.6397 0.6779
vn 0.0055 0.9999 0.0103
vn 0.0055 -0.9999 0.0103
vn 0.3623 -0.6397 0.6779
vn 0.0169 0.9994 0.0316
vn 0.1713 -0.9316 0.3205
vn 0.0298 0.9980 0.0557
vn 0.1019 -0.9764 0.1907
vn 0.0456 0.9953 0.0853
vn 0.0673 -0.9898 0.1259
vn 0.0673 0.9898 0.1259
vn 0.0456 -0.9953 0.0853
vn 0.1019 0.9764 0.1907
vn 0.0298 -0.9980 0.0557
vn 0.0628 -0.9764 0.2069
vn 0.0281 0.9953 0.0925
vn 0.0414 -0.9898 0.1366
vn 0.0414 0.9898 0.1366
vn 0.0281 -0.9953 0.0925
vn 0.0628 0.9764 0.2069
vn 0.0183 -0.9980 0.0604
vn 0.1055 0.9316 0.3478
vn 0.0104 -0.9994 0.0343
vn 0.2231 0.6397 0.7356
vn 0.0034 0.9999 0.0112
vn 0.0034 -0.9999 0.0112
vn 0.2231 -0.6397 0.7356
vn 0.0104 0.9994 0.0343
vn 0.1055 -0.9316 0.3478
vn 0.0183 0.9980 0.0604
vn 0.0035 -0.9994 0.0357
vn 0.0753 0.6397 0.7650
vn 0.0012 0.9999 0.0116
vn 0.0011 -0.9999 0.0116
vn 0.0753 -0.6397 0.7650
vn 0.0035 0.9994 0.0357
vn 0.0356 -0.9316 0.3617
vn 0.0062 0.9980 0.0628
vn 0.0212 -0.9764 0.2151
vn 0.0095 0.9953 0.0962
vn 0.0140 -0.9898 0.1420
vn 0.0140 0.9898 0.1420
vn 0.0095 -0.9953 0.0962
vn 0.0212 0.9764 0.2151
vn 0.0062 -0.9980 0.0628
vn 0.0356 0.9316 0.3617
vn -0.0095 0.9953 0.0962
vn -0.0140 -0.9898 0.1420
vn -0.0140 0.9898 0.1420
vn -0.0095 -0.9953 0.0962
vn -0.0212 0.9764 0.2151
vn -0.0062 -0.9980 0.0628
vn -0.0356 0.9316 0.3617
vn -0.0035 -0.9994 0.0357
vn -0.0753 0.6397 0.7650
vn -0.0012 0.9999 0.0116
vn -0.0011 -0.9999 0.0116
vn -0.0753 -0.6397 0.7650
vn -0.0035 0.9994 0.0357
vn -0.0356 -0.9316 0.3617
vn -0.0062 0.9980 0.0628
vn -0.0212 -0.9764 0.2151
vn -0.2231 0.6397 0.7356
vn -0.0034 0.9999 0.0112
vn -0.0034 -0.9999 0.0112
vn -0.2231 -0.6397 0.7356
vn -0.0104 0.9994 0.0343
vn -0.1055 -0.9316 0.3478
vn -0.0183 0.9980 0.0604
vn -0.0627 -0.9764 0.2069
vn -0.0281 0.9953 0.0925
vn -0.0414 -0.9898 0.1366
vn -0.0414 0.9898 0.1366
vn -0.0281 -0.9953 0.0925
vn -0.0628 0.9764 0.2069
vn -0.0183 -0.9980 0.0604
vn -0.1055 0.9316 0.3478
vn -0.0104 -0.9994 0.0343
vn -0.0673 -0.9898 0.1259
vn -0.0673 0.9898 0.1259
vn -0.0456 -0.9953 0.0853
vn -0.1019 0.9764 0.1907
vn -0.0298 -0.9980 0.0557
vn -0.1713 0.9316 0.3206
vn -0.0169 -0.9994 0.0316
vn -0.3623 0.6397 0.6779
vn -0.0055 0.9999 0.0103
vn -0.0055 -0.9999 0.0103
vn -0.3624 -0.6397 0.6779
vn -0.0169 0.9994 0.0316
vn -0.1713 -0.9316 0.3205
vn -0.0298 0.9980 0.0557
vn -0.1019 -0.9764 0.1907
vn -0.0456 0.9953 0.0853
vn -0.0074 -0.9999 0.0090
vn -0.4876 -0.6397 0.5942
vn -0.0228 0.9994 0.0277
vn -0.2306 -0.9316 0.2810
vn -0.0401 0.9980 0.0488
vn -0.1371 -0.9764 0.1671
vn -0.0613 0.9953 0.0747
vn -0.0906 -0.9898 0.1103
vn -0.0906 0.9898 0.1103
vn -0.0613 -0.9953 0.0747
vn -0.1371 0.9764 0.1671
vn -0.0401 -0.9980 0.0488
vn -0.2306 0.9316 0.2810
vn -0.0228 -0.9994 0.0277
vn -0.4876 0.6397 0.5942
vn -0.0074 0.9999 0.0090
vn -0.0747 -0.9953 0.0613
vn -0.1671 0.9764 0.1371
vn -0.0488 -0.9980 0.0401
vn -0.2810 0.9316 0.2306
vn -0.0277 -0.9994 0.0228
vn -0.5942 0.6396 0.4876
vn -0.0090 0.9999 0.0074
vn -0.0090 -0.9999 0.0074
vn -0.5942 -0.6397 0.4876
vn -0.0277 0.9994 0.0228
vn -0.2810 -0.9316 0.2306
vn -0.0488 0.9980 0.0401
vn -0.1671 -0.9764 0.1371
vn -0.0747 0.9953 0.0613
vn -0.1103 -0.9898 0.0905
vn -0.1103 0.9898 0.0905
vn -0.0316 0.9994 0.0169
vn -0.3205 -0.9316 0.1713
vn -0.0557 0.9980 0.0298
vn -0.1906 -0.9764 0.1019
vn -0.0853 0.9953 0.0456
vn -0.1259 -0.9898 0.0673
vn -0.1259 0.9898 0.0673
vn -0.0853 -0.9953 0.0456
vn -0.1907 0.9764 0.1019
vn -0.0557 -0.9980 0.0298
vn -0.3206 0.9316 0.1713
vn -0.0316 -0.9994 0.0169
vn -0.6779 0.6397 0.3623
vn -0.0103 0.9999 0.0055
vn -0.0103 -0.9999 0.0055
vn -0.6779 -0.6397 0.3623
vn -0.2069 0.9764 0.0628
vn -0.0604 -0.9980 0.0183
vn -0.3478 0.9316 0.1055
vn -0.0343 -0.9994 0.0104
vn -0.7356 0.6397 0.2231
vn -0.0112 0.9999 0.0034
vn -0.0111 -0.9999 0.0034
vn -0.7356 -0.6396 0.2231
vn -0.0343 0.9994 0.0104
vn -0.3478 -0.9316 0.1055
vn -0.0604 0.9980 0.0183
vn -0.2069 -0.9764 0.0628
vn -0.0925 0.9953 0.0281
vn -0.1366 -0.9898 0.0414
vn -0.1366 0.9898 0.0414
vn -0.0925 -0.9953 0.0281
vn -0.3617 -0.9316 0.0356
vn -0.0628 0.9980 0.0062
vn -0.2152 -0.9764 0.0212
vn -0.0962 0.9953 0.0095
vn -0.1420 -0.9898 0.0140
vn -0.1420 0.9898 0.0140
vn -0.0962 -0.9953 0.0095
vn -0.2151 0.9764 0.0212
vn -0.0628 -0.9980 0.0062
vn -0.3617 0.9316 0.0356
vn -0.0357 -0.9994 0.0035
vn -0.7650 0.6396 0.0753
vn -0.0116 0.9999 0.0011
vn -0.0116 -0.9999 0.0011
vn -0.7650 -0.6396 0.0753
vn -0.0357 0.9994 0.0035
vn -0.0628 -0.9980 -0.0062
vn -0.3617 0.9316 -0.0356
vn -0.0357 -0.9994 -0.0035
vn -0.7650 0.6397 -0.0753
vn -0.0116 0.9999 -0.0011
vn -0.0116 -0.9999 -0.0011
vn -0.7650 -0.6397 -0.0753
vn -0.0357 0.9994 -0.0035
vn -0.3617 -0.9316 -0.0356
vn -0.0628 0.9980 -0.0062
vn -0.2151 -0.9764 -0.0212
vn -0.0962 0.9953 -0.0095
vn -0.1421 -0.9898 -0.0140
vn -0.1420 0.9898 -0.0140
vn -0.0962 -0.9953 -0.0095
vn -0.2151 0.9764 -0.0212
vn -0.0604 0.9980 -0.0183
vn -0.2069 -0.9764 -0.0628
vn -0.0925 0.9953 -0.0281
vn -0.1366 -0.9898 -0.0414
vn -0.1366 0.9898 -0.0414
vn -0.0925 -0.9953 -0.0281
vn -0.2069 0.9764 -0.0628
vn -0.0604 -0.9980 -0.0183
vn -0.3478 0.9316 -0.1055
vn -0.0343 -0.9994 -0.0104
vn -0.7356 0.6397 -0.2231
vn -0.0112 0.9999 -0.0034
vn -0.0111 -0.9999 -0.0034
vn -0.7356 -0.6396 -0.2231
vn -0.0344 0.9994 -0.0104
vn -0.3478 -0.9316 -0.1055
vn -0.3206 0.9316 -0.1713
vn -0.0317 -0.9994 -0.0169
vn -0.6779 0.6396 -0.3623
vn -0.0103 0.9999 -0.0055
vn -0.0103 -0.9999 -0.0055
vn -0.6779 -0.6397 -0.3623
vn -0.0316 0.9994 -0.0169
vn -0.3206 -0.9316 -0.1713
vn -0.0557 0.9980 -0.0298
vn -0.1907 -0.9764 -0.1019
vn -0.0853 0.9953 -0.0456
vn -0.1259 -0.9898 -0.0673
vn -0.1259 0.9898 -0.0673
vn -0.0853 -0.9953 -0.0456
vn -0.1907 0.9764 -0.1019
vn -0.0557 -0.9980 -0.0298
vn -0.1671 -0.9764 -0.1371
vn -0.0747 0.9953 -0.0613
vn -0.1103 -0.9898 -0.0905
vn -0.1103 0.9898 -0.0905
vn -0.0747 -0.9953 -0.0613
vn -0.1671 0.9764 -0.1371
vn -0.0488 -0.9980 -0.0401
vn -0.2810 0.9316 -0.2306
vn -0.0278 -0.9994 -0.0228
vn -0.5942 0.6397 -0.4876
vn -0.0090 0.9999 -0.0074
vn -0.0090 -0.9999 -0.0074
vn -0.5942 -0.6396 -0.4876
vn -0.0277 0.9994 -0.0228
vn -0.2810 -0.9316 -0.2306
vn -0.0488 0.9980 -0.0401
vn -0.0228 -0.9994 -0.0277
vn -0.4876 0.6396 -0.5942
vn -0.0074 0.9999 -0.0090
vn -0.0074 -0.9999 -0.0090
vn -0.4877 -0.6396 -0.5942
vn -0.0228 0.9994 -0.0277
vn -0.2306 -0.9316 -0.2810
vn -0.0400 0.9980 -0.0488
vn -0.1372 -0.9764 -0.1671
vn -0.0613 0.9953 -0.0747
vn -0.0906 -0.9898 -0.1103
vn -0.0906 0.9898 -0.1103
vn -0.0613 -0.9953 -0.0747
vn -0.1371 0.9764 -0.1671
vn -0.0401 -0.9980 -0.0488
vn -0.2306 0.9316 -0.2810
vn -0.0673 -0.9898 -0.1259
vn -0.0673 0.9898 -0.1259
vn -0.0456 -0.9953 -0.0853
vn -0.1019 0.9764 -0.1907
vn -0.0298 -0.9980 -0.0557
vn -0.1713 0.9316 -0.3206
vn -0.0169 -0.9994 -0.0316
vn -0.3623 0.6397 -0.6779
vn -0.0055 0.9999 -0.0103
vn -0.0055 -0.9999 -0.0103
vn -0.3623 -0.6397 -0.6779
vn -0.0169 0.9994 -0.0316
vn -0.1713 -0.9316 -0.3205
vn -0.0298 0.9980 -0.0557
vn -0.1019 -0.9764 -0.1907
vn -0.0456 0.9953 -0.0853
vn -0.0034 0.9999 -0.0112
vn -0.0034 -0.9999 -0.0112
vn -0.2231 -0.6397 -0.7356
vn -0.0104 0.9994 -0.0343
vn -0.1055 -0.9316 -0.3478
vn -0.0183 0.9980 -0.0604
vn -0.0628 -0.9764 -0.2069
vn -0.0281 0.9953 -0.0925
vn -0.0414 -0.9898 -0.1366
vn -0.0414 0.9898 -0.1366
vn -0.0281 -0.9953 -0.0925
vn -0.0628 0.9764 -0.2069
vn -0.0183 -0.9980 -0.0604
vn -0.1055 0.9316 -0.3478
vn -0.0104 -0.9994 -0.0343
vn -0.2231 0.6397 -0.7356
vn -0.0140 0.9898 -0.1420
vn -0.0095 -0.9953 -0.0962
vn -0.0212 0.9764 -0.2151
vn -0.0062 -0.9980 -0.0628
vn -0.0356 0.9316 -0.3617
vn -0.0035 -0.9994 -0.0357
vn -0.0753 0.6397 -0.7650
vn -0.0012 0.9999 -0.0116
vn -0.0011 -0.9999 -0.0116
vn -0.0753 -0.6397 -0.7650
vn -0.0035 0.9994 -0.0357
vn -0.0356 -0.9316 -0.3617
vn -0.0062 0.9980 -0.0628
vn -0.0212 -0.9764 -0.2151
vn -0.0095 0.9953 -0.0962
vn -0.0140 -0.9898 -0.1420
vn -0.0011 0.9999 0.0116
vn -0.0012 -0.9999 0.0116
vn -0.0212 -0.9764 0.2152
vn -0.0628 -0.9764 0.2069
vn -0.0627 0.9764 0.2069
vn -0.3623 -0.6397 0.6779
vn -0.0905 -0.9898 0.1103
vn -0.0400 -0.9980 0.0488
vn -0.5942 0.6397 0.4876
vn -0.5942 -0.6396 0.4876
vn -0.1671 -0.9764 0.1372
vn -0.0278 -0.9994 0.0228
vn -0.0317 -0.9994 0.0169
vn -0.1907 -0.9764 0.1019
vn -0.7356 -0.6397 0.2231
vn -0.7650 0.6397 0.0753
vn -0.7650 -0.6397 0.0753
vn -0.1420 -0.9898 -0.0140
vn -0.7356 0.6396 -0.2231
vn -0.7356 -0.6397 -0.2231
vn -0.0343 0.9994 -0.0104
vn -0.0316 -0.9994 -0.0169
vn -0.6779 0.6397 -0.3623
vn -0.0277 -0.9994 -0.0228
vn -0.0401 0.9980 -0.0488
vn -0.1371 -0.9764 -0.1671
vn -0.0905 0.9898 -0.1103
vn -0.0400 -0.9980 -0.0488
vn -0.4876 0.6397 -0.5942
vn -0.4876 -0.6397 -0.5942
vn -0.3624 0.6397 -0.6779
vn 0.0753 0.6397 -0.7650
vn 0.0628 0.9764 -0.2069
vn 0.0400 0.9980 -0.0488
vn 0.1372 -0.9764 -0.1671
vn 0.0906 -0.9898 -0.1103
vn 0.0905 0.9898 -0.1103
vn 0.0400 -0.9980 -0.0488
vn 0.2809 -0.9316 -0.2306
vn 0.1907 0.9764 -0.1019
vn 0.0316 -0.9994 -0.0169
vn 0.0111 0.9999 -0.0034
vn 0.7356 -0.6396 -0.2231
vn 0.2152 -0.9764 -0.0212
vn 0.7649 0.6397 -0.0753
vn 0.7650 -0.6396 0.0753
vn 0.2152 -0.9764 0.0212
vn 0.2151 0.9764 0.0212
vn 0.7356 0.6397 0.2231
vn 0.7356 -0.6396 0.2231
vn 0.3205 0.9316 0.1713
vn 0.0317 -0.9994 0.0169
vn 0.6779 -0.6397 0.3624
vn 0.1907 -0.9764 0.1019
vn 0.0278 -0.9994 0.0228
vn 0.5942 0.6396 0.4876
vn 0.0905 -0.9898 0.1103
vn 0.0400 -0.9980 0.0488
vn 0.3624 -0.6396 0.6779
vn 0.2231 0.6396 0.7356
vn 0.0012 -0.9999 0.0116
vn 0.0212 -0.9764 0.2152
vn -0.0001 1.0000 -0.0000
vn 0.0001 1.0000 -0.0000
vn 0.8683 -0.2589 -0.4232
vn 0.7298 0.2595 -0.6325
vn -0.1950 -0.9661 0.1691
vn 0.4683 -0.7087 -0.5278
vn -0.5407 0.2603 0.7999
vn -0.5408 -0.2603 0.7999
vn -0.3949 -0.7092 0.5841
vn 0.3948 -0.7092 -0.5841
vn 0.0466 0.7105 -0.7022
vn 0.0466 -0.7105 -0.7022
vn -0.0466 0.7105 -0.7022
vn 0.0466 -0.7104 0.7022
vn -0.0507 0.9665 -0.2516
vn -0.3146 0.7097 -0.6304
vn -0.5408 0.2603 -0.7999
vn -0.1441 -0.9663 -0.2132
vn -0.3949 -0.7092 -0.5841
vn -0.4683 0.7087 -0.5278
vn 0.4683 -0.7087 0.5277
vn -0.4683 -0.7087 -0.5277
vn -0.7298 0.2595 -0.6325
vn -0.5336 0.7081 -0.4625
vn -0.1951 0.9661 -0.1691
vn 0.1950 0.9661 0.1691
vn 0.1951 -0.9661 0.1691
vn 0.6356 0.7072 0.3098
vn 0.8683 -0.2589 0.4232
vn -0.6356 -0.7072 -0.3098
vn -0.6356 -0.7072 0.3098
vn -0.1951 0.9661 0.1691
vn -0.4683 0.7087 0.5277
vn -0.1710 0.9662 0.1928
vn 0.3146 0.7096 -0.6304
vn -0.1904 -0.2610 0.9464
vn -0.0465 0.7105 0.7022
vn -0.0466 -0.7104 -0.7022
vn 0.5408 0.2603 0.7999
vn -0.1441 0.9663 -0.2132
vn -0.5408 -0.2603 -0.7999
vn 0.5408 -0.2603 0.7999
vn 0.4682 0.7087 0.5278
vn -0.4682 0.7087 -0.5278
vn 0.7297 -0.2595 0.6325
vn 0.0753 -0.6397 -0.7649
vn 0.0627 -0.9764 -0.2069
vn 0.2231 0.6397 -0.7355
vn 0.0227 0.9994 -0.0277
vn 0.0629 0.9980 -0.0062
vn 0.1420 -0.9898 -0.0140
vn 0.0629 0.9980 0.0062
vn 0.1421 0.9898 0.0140
vn 0.7356 -0.6397 0.2231
vn 0.3205 -0.9316 0.1713
vn 0.2809 -0.9316 0.2306
vn 0.0905 0.9898 0.1103
vn 0.0227 -0.9994 0.0277
vn 0.3624 0.6397 0.6779
vn -0.2232 0.6396 0.7356
vn -0.4877 0.6396 0.5942
vn -0.2809 -0.9316 0.2306
vn -0.0317 0.9994 0.0169
vn -0.1906 0.9764 0.1019
vn -0.3205 0.9316 0.1713
vn -0.7356 0.6396 0.2231
vn -0.2151 -0.9764 0.0212
vn -0.7650 0.6396 -0.0753
vn -0.0629 0.9980 -0.0062
vn -0.6779 0.6397 -0.3624
vn -0.3205 -0.9316 -0.1713
vn -0.1103 0.9898 -0.0906
vn -0.2809 -0.9316 -0.2306
vn -0.4876 -0.6396 -0.5942
vn -0.0905 -0.9898 -0.1103
vn -0.0627 0.9764 -0.2069
vn -0.0227 0.9994 0.0277
vn -0.1907 -0.9763 0.1019
vn -0.2069 -0.9763 0.0628
vn -0.2152 -0.9764 -0.0212
vn -0.5942 0.6396 -0.4876
vn -0.5942 -0.6397 -0.4876
vn -0.1671 -0.9763 -0.1371
vn 0.3624 -0.6397 -0.6779
vn 0.4876 0.6396 -0.5942
vn 0.3206 -0.9316 -0.1713
vn 0.3205 0.9316 -0.1713
vn 0.7356 0.6396 -0.2231
vn 0.2152 0.9764 -0.0212
vn 0.7650 0.6396 -0.0753
vn 0.7650 -0.6396 -0.0753
vn 0.7650 0.6396 0.0753
vn 0.6779 -0.6396 0.3623
vn 0.4876 -0.6396 0.5942
vn 0.2231 -0.6396 0.7356
vt 0.625000 0.000000
vt 0.375000 0.250000
vt 0.375000 0.000000
vt 0.625000 0.250000
vt 0.375000 0.500000
vt 0.625000 0.500000
vt 0.375000 0.750000
vt 0.625000 0.750000
vt 0.375000 1.000000
vt 0.125000 0.750000
vt 0.125000 0.500000
vt 0.875000 0.500000
vt 0.796822 0.014612
vt 0.514612 0.203178
vt 0.703178 0.485388
vt 0.503087 0.672929
vt 0.501242 0.233005
vt 0.503087 0.233005
vt 0.504932 0.672929
vt 0.504932 0.233005
vt 0.506777 0.672929
vt 0.506777 0.233005
vt 0.508621 0.672929
vt 0.508621 0.233005
vt 0.510466 0.672929
vt 0.510466 0.233005
vt 0.512311 0.672929
vt 0.512311 0.233005
vt 0.514156 0.672929
vt 0.514156 0.233005
vt 0.516001 0.672929
vt 0.516001 0.233005
vt 0.517846 0.672929
vt 0.517846 0.233005
vt 0.519691 0.672929
vt 0.519691 0.233005
vt 0.521536 0.672929
vt 0.521536 0.233005
vt 0.523380 0.672929
vt 0.523380 0.233005
vt 0.525225 0.672929
vt 0.525225 0.233005
vt 0.527070 0.672929
vt 0.527070 0.233005
vt 0.528915 0.672929
vt 0.528915 0.233005
vt 0.530760 0.672929
vt 0.530760 0.233005
vt 0.532605 0.672929
vt 0.532605 0.233005
vt 0.534450 0.672929
vt 0.534450 0.233005
vt 0.536294 0.672929
vt 0.536294 0.233005
vt 0.538139 0.672929
vt 0.538139 0.233005
vt 0.539984 0.672929
vt 0.539984 0.233005
vt 0.541829 0.672929
vt 0.541829 0.233005
vt 0.543674 0.672929
vt 0.543674 0.233005
vt 0.545519 0.672929
vt 0.545519 0.233005
vt 0.547364 0.672929
vt 0.547364 0.233005
vt 0.549208 0.672929
vt 0.549208 0.233005
vt 0.551053 0.672929
vt 0.551053 0.233005
vt 0.552898 0.672929
vt 0.552898 0.233005
vt 0.554743 0.672929
vt 0.554743 0.233005
vt 0.556588 0.672929
vt 0.556588 0.233005
vt 0.558433 0.672929
vt 0.558433 0.233005
vt 0.560278 0.672929
vt 0.560278 0.233005
vt 0.106569 0.964604
vt 0.109200 0.904529
vt 0.106569 0.904529
vt 0.109200 0.964604
vt 0.111832 0.904529
vt 0.111832 0.964604
vt 0.114463 0.904529
vt 0.114463 0.964604
vt 0.117095 0.904529
vt 0.117095 0.964604
vt 0.119726 0.904529
vt 0.119726 0.964604
vt 0.122358 0.904529
vt 0.122358 0.964604
vt 0.124989 0.904529
vt 0.124989 0.964604
vt 0.127620 0.904529
vt 0.127620 0.964604
vt 0.130252 0.904529
vt 0.130252 0.964604
vt 0.132883 0.904529
vt 0.132883 0.964604
vt 0.135515 0.904529
vt 0.135515 0.964604
vt 0.138146 0.904529
vt 0.138146 0.964604
vt 0.140778 0.904529
vt 0.140778 0.964604
vt 0.143409 0.904529
vt 0.143409 0.964604
vt 0.146040 0.904529
vt 0.146040 0.964604
vt 0.148672 0.904529
vt 0.148672 0.964604
vt 0.151303 0.904529
vt 0.151303 0.964604
vt 0.153935 0.904529
vt 0.153935 0.964604
vt 0.156566 0.904529
vt 0.156566 0.964604
vt 0.159198 0.904529
vt 0.159198 0.964604
vt 0.161829 0.904529
vt 0.161829 0.964604
vt 0.164460 0.904529
vt 0.164460 0.964604
vt 0.167092 0.904529
vt 0.167092 0.964604
vt 0.169723 0.904529
vt 0.169723 0.964604
vt 0.172355 0.904529
vt 0.172355 0.964604
vt 0.174986 0.904529
vt 0.174986 0.964604
vt 0.177618 0.904529
vt 0.177618 0.964604
vt 0.180249 0.904529
vt 0.180249 0.964604
vt 0.182881 0.904529
vt 0.182881 0.964604
vt 0.185512 0.904529
vt 0.158156 0.028269
vt 0.471731 0.158156
vt 0.341844 0.471731
vt 0.185512 0.964604
vt 0.188143 0.904529
vt 0.188143 0.964604
vt 0.190775 0.904529
vt 0.000000 0.000000
vt 0.540644 0.459217
vt 0.539617 0.457162
vt 0.540644 0.457162
vt 0.540644 0.471542
vt 0.539617 0.473597
vt 0.539617 0.471542
vt 0.539617 0.455108
vt 0.540644 0.455108
vt 0.540644 0.469488
vt 0.539617 0.469488
vt 0.539617 0.453054
vt 0.540644 0.453054
vt 0.540644 0.467434
vt 0.539617 0.467434
vt 0.539617 0.450999
vt 0.540644 0.450999
vt 0.540644 0.465379
vt 0.539617 0.465379
vt 0.545174 0.515822
vt 0.544243 0.519547
vt 0.543311 0.515822
vt 0.540130 0.448945
vt 0.539617 0.463325
vt 0.540644 0.463325
vt 0.540644 0.477705
vt 0.539617 0.479760
vt 0.539617 0.477705
vt 0.539617 0.461271
vt 0.540644 0.461271
vt 0.540644 0.475651
vt 0.539617 0.475651
vt 0.539617 0.459217
vt 0.540644 0.473597
vt 0.538590 0.459217
vt 0.538590 0.475651
vt 0.538590 0.473597
vt 0.538590 0.457162
vt 0.538590 0.471542
vt 0.538590 0.455108
vt 0.538590 0.469488
vt 0.538590 0.453054
vt 0.538590 0.467434
vt 0.538590 0.450999
vt 0.538590 0.465379
vt 0.542380 0.519547
vt 0.541449 0.515822
vt 0.539103 0.448945
vt 0.538590 0.463325
vt 0.543311 0.512097
vt 0.541449 0.512097
vt 0.538590 0.461271
vt 0.538590 0.477705
vt 0.537562 0.450999
vt 0.537562 0.467434
vt 0.537562 0.465379
vt 0.540518 0.519547
vt 0.539586 0.515822
vt 0.538076 0.448945
vt 0.537562 0.463325
vt 0.537562 0.479760
vt 0.537562 0.477705
vt 0.537562 0.461271
vt 0.537562 0.475651
vt 0.537562 0.459217
vt 0.537562 0.473597
vt 0.537562 0.457162
vt 0.537562 0.471542
vt 0.537562 0.455108
vt 0.537562 0.469488
vt 0.537562 0.453054
vt 0.536535 0.475651
vt 0.536535 0.473597
vt 0.536535 0.457162
vt 0.536535 0.471542
vt 0.536535 0.455108
vt 0.536535 0.469488
vt 0.536535 0.453054
vt 0.536535 0.467434
vt 0.536535 0.450999
vt 0.536535 0.465379
vt 0.538655 0.519547
vt 0.537724 0.515822
vt 0.537049 0.448945
vt 0.536535 0.463325
vt 0.536535 0.479760
vt 0.536535 0.477705
vt 0.536535 0.461271
vt 0.536535 0.459217
vt 0.535508 0.467434
vt 0.535508 0.465379
vt 0.536792 0.519547
vt 0.535861 0.515822
vt 0.536022 0.448945
vt 0.535508 0.450999
vt 0.535508 0.463325
vt 0.535508 0.479760
vt 0.535508 0.477705
vt 0.535508 0.461271
vt 0.535508 0.475651
vt 0.535508 0.459217
vt 0.535508 0.473597
vt 0.535508 0.457162
vt 0.535508 0.471542
vt 0.535508 0.455108
vt 0.535508 0.469488
vt 0.535508 0.453054
vt 0.534481 0.457162
vt 0.534481 0.473597
vt 0.534481 0.471542
vt 0.534481 0.455108
vt 0.534481 0.469488
vt 0.534481 0.453054
vt 0.534481 0.467434
vt 0.534481 0.450999
vt 0.534481 0.465379
vt 0.534930 0.519547
vt 0.533999 0.515822
vt 0.534994 0.448945
vt 0.534481 0.463325
vt 0.534481 0.479760
vt 0.534481 0.477705
vt 0.534481 0.461271
vt 0.534481 0.475651
vt 0.534481 0.459217
vt 0.533067 0.519547
vt 0.532136 0.515822
vt 0.533967 0.448945
vt 0.533454 0.450999
vt 0.533454 0.463325
vt 0.533454 0.479760
vt 0.533454 0.477705
vt 0.533454 0.461271
vt 0.533454 0.475651
vt 0.533454 0.459217
vt 0.533454 0.473597
vt 0.533454 0.457162
vt 0.533454 0.471542
vt 0.533454 0.455108
vt 0.533454 0.469488
vt 0.533454 0.453054
vt 0.533454 0.467434
vt 0.533454 0.465379
vt 0.532427 0.473597
vt 0.532427 0.471542
vt 0.532427 0.455108
vt 0.532427 0.469488
vt 0.532427 0.453054
vt 0.532427 0.467434
vt 0.532427 0.450999
vt 0.532427 0.465379
vt 0.531205 0.519547
vt 0.530273 0.515822
vt 0.532940 0.448945
vt 0.532427 0.463325
vt 0.532136 0.512097
vt 0.530273 0.512097
vt 0.532427 0.461271
vt 0.532427 0.477705
vt 0.532427 0.475651
vt 0.532427 0.459217
vt 0.532427 0.457162
vt 0.531399 0.465379
vt 0.531399 0.463325
vt 0.532427 0.479760
vt 0.531399 0.477705
vt 0.531399 0.461271
vt 0.531399 0.475651
vt 0.531399 0.459217
vt 0.531399 0.473597
vt 0.531399 0.457162
vt 0.531399 0.471542
vt 0.531399 0.455108
vt 0.531399 0.469488
vt 0.531399 0.453054
vt 0.531399 0.467434
vt 0.531399 0.450999
vt 0.529342 0.519547
vt 0.528411 0.515822
vt 0.531913 0.448945
vt 0.530372 0.457162
vt 0.530372 0.455108
vt 0.530372 0.469488
vt 0.530372 0.453054
vt 0.530372 0.467434
vt 0.530372 0.450999
vt 0.530372 0.465379
vt 0.527480 0.519547
vt 0.526548 0.515822
vt 0.530886 0.448945
vt 0.530372 0.463325
vt 0.531399 0.479760
vt 0.530372 0.477705
vt 0.530372 0.461271
vt 0.530372 0.475651
vt 0.530372 0.459217
vt 0.530372 0.473597
vt 0.530372 0.471542
vt 0.529345 0.463325
vt 0.529345 0.461271
vt 0.529345 0.475651
vt 0.529345 0.459217
vt 0.529345 0.473597
vt 0.529345 0.457162
vt 0.529345 0.471542
vt 0.529345 0.455108
vt 0.529345 0.469488
vt 0.529345 0.453054
vt 0.529345 0.467434
vt 0.529345 0.450999
vt 0.529345 0.465379
vt 0.525617 0.519547
vt 0.524686 0.515822
vt 0.529859 0.448945
vt 0.530372 0.479760
vt 0.529345 0.477705
vt 0.528318 0.455108
vt 0.528318 0.453054
vt 0.528318 0.467434
vt 0.528318 0.450999
vt 0.528318 0.465379
vt 0.523754 0.519547
vt 0.522823 0.515822
vt 0.528832 0.448945
vt 0.528318 0.463325
vt 0.529345 0.479760
vt 0.528318 0.477705
vt 0.528318 0.461271
vt 0.528318 0.475651
vt 0.528318 0.459217
vt 0.528318 0.473597
vt 0.528318 0.457162
vt 0.528318 0.471542
vt 0.528318 0.469488
vt 0.527291 0.475651
vt 0.527291 0.461271
vt 0.527291 0.459217
vt 0.527291 0.473597
vt 0.527291 0.457162
vt 0.527291 0.471542
vt 0.527291 0.455108
vt 0.527291 0.469488
vt 0.527291 0.453054
vt 0.527291 0.467434
vt 0.527291 0.450999
vt 0.527291 0.465379
vt 0.521892 0.519547
vt 0.520961 0.515822
vt 0.527804 0.448945
vt 0.527291 0.463325
vt 0.528318 0.479760
vt 0.527291 0.477705
vt 0.526264 0.467434
vt 0.526264 0.453054
vt 0.526264 0.450999
vt 0.526264 0.465379
vt 0.520029 0.519547
vt 0.519098 0.515822
vt 0.526777 0.448945
vt 0.526264 0.463325
vt 0.527291 0.479760
vt 0.526264 0.477705
vt 0.526264 0.461271
vt 0.526264 0.475651
vt 0.526264 0.459217
vt 0.526264 0.473597
vt 0.526264 0.457162
vt 0.526264 0.471542
vt 0.526264 0.455108
vt 0.526264 0.469488
vt 0.525236 0.461271
vt 0.525236 0.459217
vt 0.525236 0.473597
vt 0.525236 0.457162
vt 0.525236 0.471542
vt 0.525236 0.455108
vt 0.525236 0.469488
vt 0.525236 0.453054
vt 0.525236 0.467434
vt 0.525236 0.450999
vt 0.525236 0.465379
vt 0.518167 0.519547
vt 0.517235 0.515822
vt 0.525750 0.448945
vt 0.525236 0.463325
vt 0.517235 0.512097
vt 0.519098 0.512097
vt 0.525236 0.475651
vt 0.524209 0.453054
vt 0.524209 0.450999
vt 0.524209 0.465379
vt 0.516304 0.519547
vt 0.515373 0.515822
vt 0.524723 0.448945
vt 0.524209 0.463325
vt 0.525236 0.479760
vt 0.524209 0.477705
vt 0.525236 0.477705
vt 0.524209 0.461271
vt 0.524209 0.475651
vt 0.524209 0.459217
vt 0.524209 0.473597
vt 0.524209 0.457162
vt 0.524209 0.471542
vt 0.524209 0.455108
vt 0.524209 0.469488
vt 0.524209 0.467434
vt 0.523182 0.475651
vt 0.523182 0.473597
vt 0.523182 0.457162
vt 0.523182 0.471542
vt 0.523182 0.455108
vt 0.523182 0.469488
vt 0.523182 0.453054
vt 0.523182 0.467434
vt 0.523182 0.450999
vt 0.523182 0.465379
vt 0.514442 0.519547
vt 0.513510 0.515822
vt 0.523696 0.448945
vt 0.523182 0.463325
vt 0.523182 0.479760
vt 0.523182 0.477705
vt 0.523182 0.461271
vt 0.523182 0.459217
vt 0.522155 0.467434
vt 0.522155 0.465379
vt 0.512579 0.519547
vt 0.511648 0.515822
vt 0.522669 0.448945
vt 0.522155 0.450999
vt 0.522155 0.463325
vt 0.522155 0.479760
vt 0.522155 0.477705
vt 0.522155 0.461271
vt 0.522155 0.475651
vt 0.522155 0.459217
vt 0.522155 0.473597
vt 0.522155 0.457162
vt 0.522155 0.471542
vt 0.522155 0.455108
vt 0.522155 0.469488
vt 0.522155 0.453054
vt 0.521128 0.457162
vt 0.521128 0.473597
vt 0.521128 0.471542
vt 0.521128 0.455108
vt 0.521128 0.469488
vt 0.521128 0.453054
vt 0.521128 0.467434
vt 0.521128 0.450999
vt 0.521128 0.465379
vt 0.510716 0.519547
vt 0.509785 0.515822
vt 0.521641 0.448945
vt 0.521128 0.463325
vt 0.521128 0.479760
vt 0.521128 0.477705
vt 0.521128 0.461271
vt 0.521128 0.475651
vt 0.521128 0.459217
vt 0.520614 0.448945
vt 0.520101 0.450999
vt 0.520101 0.463325
vt 0.520101 0.479760
vt 0.520101 0.477705
vt 0.520101 0.461271
vt 0.520101 0.475651
vt 0.520101 0.459217
vt 0.520101 0.473597
vt 0.520101 0.457162
vt 0.520101 0.471542
vt 0.520101 0.455108
vt 0.520101 0.469488
vt 0.520101 0.453054
vt 0.520101 0.467434
vt 0.520101 0.465379
vt 0.508854 0.519547
vt 0.507923 0.515822
vt 0.519073 0.455108
vt 0.519073 0.471542
vt 0.519073 0.469488
vt 0.519073 0.453054
vt 0.519073 0.467434
vt 0.519073 0.450999
vt 0.519073 0.465379
vt 0.506991 0.519547
vt 0.506060 0.515822
vt 0.519587 0.448945
vt 0.519073 0.463325
vt 0.519073 0.479760
vt 0.519073 0.477705
vt 0.519073 0.461271
vt 0.519073 0.475651
vt 0.519073 0.459217
vt 0.519073 0.473597
vt 0.519073 0.457162
vt 0.518046 0.479760
vt 0.518046 0.477705
vt 0.518046 0.461271
vt 0.518046 0.475651
vt 0.518046 0.459217
vt 0.518046 0.473597
vt 0.518046 0.457162
vt 0.518046 0.471542
vt 0.518046 0.455108
vt 0.518046 0.469488
vt 0.518046 0.453054
vt 0.518046 0.467434
vt 0.518046 0.450999
vt 0.518046 0.465379
vt 0.505129 0.519547
vt 0.504197 0.515822
vt 0.518560 0.448945
vt 0.518046 0.463325
vt 0.517019 0.471542
vt 0.517019 0.469488
vt 0.517019 0.453054
vt 0.517019 0.467434
vt 0.517019 0.450999
vt 0.517019 0.465379
vt 0.503266 0.519547
vt 0.502335 0.515822
vt 0.517533 0.448945
vt 0.517019 0.463325
vt 0.517019 0.479760
vt 0.517019 0.477705
vt 0.517019 0.461271
vt 0.517019 0.475651
vt 0.517019 0.459217
vt 0.517019 0.473597
vt 0.517019 0.457162
vt 0.517019 0.455108
vt 0.515992 0.461271
vt 0.515992 0.477705
vt 0.515992 0.475651
vt 0.515992 0.459217
vt 0.515992 0.473597
vt 0.515992 0.457162
vt 0.515992 0.471542
vt 0.515992 0.455108
vt 0.515992 0.469488
vt 0.515992 0.453054
vt 0.515992 0.467434
vt 0.515992 0.450999
vt 0.515992 0.465379
vt 0.501404 0.519547
vt 0.500472 0.515822
vt 0.516506 0.448945
vt 0.515992 0.463325
vt 0.515992 0.479760
vt 0.548861 0.453054
vt 0.547834 0.455108
vt 0.547834 0.453054
vt 0.548861 0.469488
vt 0.547834 0.467434
vt 0.548861 0.467434
vt 0.548861 0.450999
vt 0.547834 0.450999
vt 0.547834 0.465379
vt 0.548861 0.465379
vt 0.560075 0.515822
vt 0.559143 0.519547
vt 0.558212 0.515822
vt 0.548348 0.448945
vt 0.548861 0.463325
vt 0.547834 0.463325
vt 0.558212 0.512097
vt 0.560075 0.512097
vt 0.548861 0.461271
vt 0.547834 0.461271
vt 0.548861 0.477705
vt 0.547834 0.475651
vt 0.548861 0.475651
vt 0.548861 0.459217
vt 0.547834 0.459217
vt 0.547834 0.473597
vt 0.548861 0.473597
vt 0.548861 0.457162
vt 0.547834 0.457162
vt 0.547834 0.471542
vt 0.548861 0.471542
vt 0.548861 0.455108
vt 0.547834 0.469488
vt 0.547834 0.477705
vt 0.546807 0.475651
vt 0.546807 0.461271
vt 0.546807 0.459217
vt 0.546807 0.473597
vt 0.546807 0.457162
vt 0.546807 0.471542
vt 0.546807 0.455108
vt 0.546807 0.469488
vt 0.546807 0.453054
vt 0.546807 0.467434
vt 0.546807 0.450999
vt 0.546807 0.465379
vt 0.557281 0.519547
vt 0.556349 0.515822
vt 0.547320 0.448945
vt 0.546807 0.463325
vt 0.547834 0.479760
vt 0.546807 0.477705
vt 0.545780 0.467434
vt 0.545780 0.453054
vt 0.545780 0.450999
vt 0.545780 0.465379
vt 0.555418 0.519547
vt 0.554487 0.515822
vt 0.546293 0.448945
vt 0.545780 0.463325
vt 0.546807 0.479760
vt 0.545780 0.477705
vt 0.545780 0.461271
vt 0.545780 0.475651
vt 0.545780 0.459217
vt 0.545780 0.473597
vt 0.545780 0.457162
vt 0.545780 0.471542
vt 0.545780 0.455108
vt 0.545780 0.469488
vt 0.544753 0.461271
vt 0.544753 0.459217
vt 0.544753 0.473597
vt 0.544753 0.457162
vt 0.544753 0.471542
vt 0.544753 0.455108
vt 0.544753 0.469488
vt 0.544753 0.453054
vt 0.544753 0.467434
vt 0.544753 0.450999
vt 0.544753 0.465379
vt 0.553556 0.519547
vt 0.552624 0.515822
vt 0.545266 0.448945
vt 0.544753 0.463325
vt 0.545780 0.479760
vt 0.544753 0.477705
vt 0.544753 0.475651
vt 0.543725 0.453054
vt 0.543725 0.450999
vt 0.543725 0.465379
vt 0.551693 0.519547
vt 0.550762 0.515822
vt 0.544239 0.448945
vt 0.543725 0.463325
vt 0.544753 0.479760
vt 0.543725 0.477705
vt 0.543725 0.461271
vt 0.543725 0.475651
vt 0.543725 0.459217
vt 0.543725 0.473597
vt 0.543725 0.457162
vt 0.543725 0.471542
vt 0.543725 0.455108
vt 0.543725 0.469488
vt 0.543725 0.467434
vt 0.542698 0.459217
vt 0.542698 0.457162
vt 0.542698 0.471542
vt 0.542698 0.455108
vt 0.542698 0.469488
vt 0.542698 0.453054
vt 0.542698 0.467434
vt 0.542698 0.450999
vt 0.542698 0.465379
vt 0.549830 0.519547
vt 0.548899 0.515822
vt 0.543212 0.448945
vt 0.542698 0.463325
vt 0.543725 0.479760
vt 0.542698 0.477705
vt 0.542698 0.461271
vt 0.542698 0.475651
vt 0.542698 0.473597
vt 0.547968 0.519547
vt 0.547037 0.515822
vt 0.542185 0.448945
vt 0.541671 0.450999
vt 0.541671 0.465379
vt 0.541671 0.463325
vt 0.542698 0.479760
vt 0.541671 0.477705
vt 0.541671 0.461271
vt 0.541671 0.475651
vt 0.541671 0.459217
vt 0.541671 0.473597
vt 0.541671 0.457162
vt 0.541671 0.471542
vt 0.541671 0.455108
vt 0.541671 0.469488
vt 0.541671 0.453054
vt 0.541671 0.467434
vt 0.546105 0.519547
vt 0.541157 0.448945
vt 0.541671 0.479760
vt 0.625000 1.000000
vt 0.875000 0.750000
vt 0.750000 0.490000
vt 0.796822 0.485388
vt 0.841844 0.471731
vt 0.883337 0.449553
vt 0.919706 0.419706
vt 0.949553 0.383337
vt 0.971731 0.341844
vt 0.985388 0.296822
vt 0.990000 0.250000
vt 0.985388 0.203178
vt 0.971731 0.158156
vt 0.949553 0.116663
vt 0.919706 0.080294
vt 0.883337 0.050447
vt 0.841844 0.028269
vt 0.750000 0.010000
vt 0.703178 0.014612
vt 0.658156 0.028269
vt 0.616663 0.050447
vt 0.580294 0.080294
vt 0.550447 0.116663
vt 0.528269 0.158156
vt 0.510000 0.250000
vt 0.514612 0.296822
vt 0.528269 0.341844
vt 0.550447 0.383337
vt 0.580294 0.419706
vt 0.616663 0.449553
vt 0.658156 0.471731
vt 0.501242 0.672929
vt 0.296822 0.485388
vt 0.250000 0.490000
vt 0.203178 0.485388
vt 0.158156 0.471731
vt 0.116663 0.449553
vt 0.080294 0.419706
vt 0.050447 0.383337
vt 0.028269 0.341844
vt 0.014612 0.296822
vt 0.010000 0.250000
vt 0.014612 0.203178
vt 0.028269 0.158156
vt 0.050447 0.116663
vt 0.080294 0.080294
vt 0.116663 0.050447
vt 0.203178 0.014612
vt 0.250000 0.010000
vt 0.296822 0.014612
vt 0.341844 0.028269
vt 0.383337 0.050447
vt 0.419706 0.080294
vt 0.449553 0.116663
vt 0.485388 0.203178
vt 0.490000 0.250000
vt 0.485388 0.296822
vt 0.471731 0.341844
vt 0.449553 0.383337
vt 0.419706 0.419706
vt 0.383337 0.449553
vt 0.190775 0.964604
vt 0.540644 0.479760
vt 0.538590 0.479760
vt 0.526264 0.479760
vt 0.524209 0.479760
s 0
g off
g Cubo.007_Material.005
usemtl Material.005
f 2/1/1 3/2/1 1/3/1
f 4/4/2 7/5/2 3/2/2
f 8/6/3 5/7/3 7/5/3
f 6/8/4 1/9/4 5/7/4
f 7/5/5 1/10/5 3/11/5
f 4/12/6 6/8/6 8/6/6
f 1196/1/1 1197/2/1 1195/3/1
f 1198/4/2 1201/5/2 1197/2/2
f 1202/6/3 1199/7/3 1201/5/3
f 1200/8/4 1195/9/4 1199/7/4
f 1201/5/5 1195/10/5 1197/11/5
f 1198/12/6 1200/8/6 1202/6/6
f 1686/1/1 1687/2/1 1685/3/1
f 1688/4/2 1691/5/2 1687/2/2
f 1692/6/3 1689/7/3 1691/5/3
f 1690/8/4 1685/9/4 1689/7/4
f 1691/5/5 1685/10/5 1687/11/5
f 1688/12/6 1690/8/6 1692/6/6
f 1694/1/1 1695/2/1 1693/3/1
f 1696/4/2 1699/5/2 1695/2/2
f 1700/6/3 1697/7/3 1699/5/3
f 1698/8/4 1693/9/4 1697/7/4
f 1699/5/5 1693/10/5 1695/11/5
f 1696/12/6 1698/8/6 1700/6/6
f 2/1/1 4/4/1 3/2/1
f 4/4/2 8/6/2 7/5/2
f 8/6/3 6/8/3 5/7/3
f 6/8/4 2/745/4 1/9/4
f 7/5/5 5/7/5 1/10/5
f 4/12/6 2/746/6 6/8/6
f 1196/1/1 1198/4/1 1197/2/1
f 1198/4/2 1202/6/2 1201/5/2
f 1202/6/3 1200/8/3 1199/7/3
f 1200/8/4 1196/745/4 1195/9/4
f 1201/5/5 1199/7/5 1195/10/5
f 1198/12/6 1196/746/6 1200/8/6
f 1686/1/1 1688/4/1 1687/2/1
f 1688/4/2 1692/6/2 1691/5/2
f 1692/6/3 1690/8/3 1689/7/3
f 1690/8/4 1686/745/4 1685/9/4
f 1691/5/5 1689/7/5 1685/10/5
f 1688/12/6 1686/746/6 1690/8/6
f 1694/1/1 1696/4/1 1695/2/1
f 1696/4/2 1700/6/2 1699/5/2
f 1700/6/3 1698/8/3 1697/7/3
f 1698/8/4 1694/745/4 1693/9/4
f 1699/5/5 1697/7/5 1693/10/5
f 1696/12/6 1694/746/6 1698/8/6
g Cubo.007_Material.001
usemtl Material.001
f 24/13/5 32/14/5 40/15/5
f 72/16/7 9/17/7 40/18/7
f 71/19/8 40/18/8 39/20/8
f 70/21/9 39/20/9 38/22/9
f 69/23/10 38/22/10 37/24/10
f 68/25/11 37/24/11 36/26/11
f 67/27/12 36/26/12 35/28/12
f 66/29/13 35/28/13 34/30/13
f 65/31/14 34/30/14 33/32/14
f 64/33/15 33/32/15 32/34/15
f 63/35/16 32/34/16 31/36/16
f 62/37/17 31/36/17 30/38/17
f 61/39/18 30/38/18 29/40/18
f 60/41/19 29/40/19 28/42/19
f 59/43/20 28/42/20 27/44/20
f 58/45/21 27/44/21 26/46/21
f 57/47/22 26/46/22 25/48/22
f 56/49/23 25/48/23 24/50/23
f 55/51/24 24/50/24 23/52/24
f 54/53/25 23/52/25 22/54/25
f 53/55/26 22/54/26 21/56/26
f 52/57/27 21/56/27 20/58/27
f 51/59/28 20/58/28 19/60/28
f 50/61/29 19/60/29 18/62/29
f 49/63/30 18/62/30 17/64/30
f 48/65/31 17/64/31 16/66/31
f 47/67/32 16/66/32 15/68/32
f 46/69/33 15/68/33 14/70/33
f 45/71/34 14/70/34 13/72/34
f 44/73/35 13/72/35 12/74/35
f 43/75/36 12/74/36 11/76/36
f 42/77/37 11/76/37 10/78/37
f 41/79/38 10/78/38 9/80/38
f 40/15/5 9/747/5 10/748/5
f 10/748/5 11/749/5 12/750/5
f 12/750/5 13/751/5 14/752/5
f 14/752/5 15/753/5 16/754/5
f 16/754/5 17/755/5 18/756/5
f 18/756/5 19/757/5 20/758/5
f 20/758/5 21/759/5 22/760/5
f 22/760/5 23/761/5 24/13/5
f 24/13/5 25/762/5 26/763/5
f 26/763/5 27/764/5 28/765/5
f 28/765/5 29/766/5 30/767/5
f 30/767/5 31/768/5 32/14/5
f 32/14/5 33/769/5 34/770/5
f 34/770/5 35/771/5 36/772/5
f 36/772/5 37/773/5 38/774/5
f 38/774/5 39/775/5 40/15/5
f 40/15/5 10/748/5 12/750/5
f 12/750/5 14/752/5 16/754/5
f 16/754/5 18/756/5 20/758/5
f 20/758/5 22/760/5 24/13/5
f 24/13/5 26/763/5 28/765/5
f 28/765/5 30/767/5 32/14/5
f 32/14/5 34/770/5 36/772/5
f 36/772/5 38/774/5 40/15/5
f 40/15/5 12/750/5 16/754/5
f 16/754/5 20/758/5 24/13/5
f 24/13/5 28/765/5 32/14/5
f 32/14/5 36/772/5 40/15/5
f 40/15/5 16/754/5 24/13/5
f 72/16/7 41/776/7 9/17/7
f 71/19/8 72/16/8 40/18/8
f 70/21/9 71/19/9 39/20/9
f 69/23/10 70/21/10 38/22/10
f 68/25/11 69/23/11 37/24/11
f 67/27/12 68/25/12 36/26/12
f 66/29/13 67/27/13 35/28/13
f 65/31/14 66/29/14 34/30/14
f 64/33/15 65/31/15 33/32/15
f 63/35/16 64/33/16 32/34/16
f 62/37/17 63/35/17 31/36/17
f 61/39/18 62/37/18 30/38/18
f 60/41/19 61/39/19 29/40/19
f 59/43/20 60/41/20 28/42/20
f 58/45/21 59/43/21 27/44/21
f 57/47/22 58/45/22 26/46/22
f 56/49/23 57/47/23 25/48/23
f 55/51/24 56/49/24 24/50/24
f 54/53/25 55/51/25 23/52/25
f 53/55/26 54/53/26 22/54/26
f 52/57/27 53/55/27 21/56/27
f 51/59/28 52/57/28 20/58/28
f 50/61/29 51/59/29 19/60/29
f 49/63/30 50/61/30 18/62/30
f 48/65/31 49/63/31 17/64/31
f 47/67/32 48/65/32 16/66/32
f 46/69/33 47/67/33 15/68/33
f 45/71/34 46/69/34 14/70/34
f 44/73/35 45/71/35 13/72/35
f 43/75/36 44/73/36 12/74/36
f 42/77/37 43/75/37 11/76/37
f 41/79/38 42/77/38 10/78/38
g Cubo.007_Material.002
usemtl Material.002
f 73/81/38 106/82/38 105/83/38
f 74/84/37 107/85/37 106/82/37
f 75/86/36 108/87/36 107/85/36
f 76/88/35 109/89/35 108/87/35
f 77/90/34 110/91/34 109/89/34
f 78/92/33 111/93/33 110/91/33
f 79/94/32 112/95/32 111/93/32
f 80/96/31 113/97/31 112/95/31
f 81/98/30 114/99/30 113/97/30
f 82/100/29 115/101/29 114/99/29
f 83/102/28 116/103/28 115/101/28
f 84/104/27 117/105/27 116/103/27
f 85/106/26 118/107/26 117/105/26
f 86/108/25 119/109/25 118/107/25
f 87/110/24 120/111/24 119/109/24
f 88/112/23 121/113/23 120/111/23
f 89/114/22 122/115/22 121/113/22
f 90/116/21 123/117/21 122/115/21
f 91/118/20 124/119/20 123/117/20
f 92/120/19 125/121/19 124/119/19
f 93/122/18 126/123/18 125/121/18
f 94/124/17 127/125/17 126/123/17
f 95/126/16 128/127/16 127/125/16
f 96/128/15 129/129/15 128/127/15
f 97/130/14 130/131/14 129/129/14
f 98/132/13 131/133/13 130/131/13
f 99/134/12 132/135/12 131/133/12
f 100/136/11 133/137/11 132/135/11
f 101/138/10 134/139/10 133/137/10
f 102/140/9 135/141/9 134/139/9
f 91/142/6 83/143/6 75/144/6
f 103/145/8 136/146/8 135/141/8
f 104/147/7 105/148/7 136/146/7
f 73/81/38 74/84/38 106/82/38
f 74/84/37 75/86/37 107/85/37
f 75/86/36 76/88/36 108/87/36
f 76/88/35 77/90/35 109/89/35
f 77/90/34 78/92/34 110/91/34
f 78/92/33 79/94/33 111/93/33
f 79/94/32 80/96/32 112/95/32
f 80/96/31 81/98/31 113/97/31
f 81/98/30 82/100/30 114/99/30
f 82/100/29 83/102/29 115/101/29
f 83/102/28 84/104/28 116/103/28
f 84/104/27 85/106/27 117/105/27
f 85/106/26 86/108/26 118/107/26
f 86/108/25 87/110/25 119/109/25
f 87/110/24 88/112/24 120/111/24
f 88/112/23 89/114/23 121/113/23
f 89/114/22 90/116/22 122/115/22
f 90/116/21 91/118/21 123/117/21
f 91/118/20 92/120/20 124/119/20
f 92/120/19 93/122/19 125/121/19
f 93/122/18 94/124/18 126/123/18
f 94/124/17 95/126/17 127/125/17
f 95/126/16 96/128/16 128/127/16
f 96/128/15 97/130/15 129/129/15
f 97/130/14 98/132/14 130/131/14
f 98/132/13 99/134/13 131/133/13
f 99/134/12 100/136/12 132/135/12
f 100/136/11 101/138/11 133/137/11
f 101/138/10 102/140/10 134/139/10
f 102/140/9 103/145/9 135/141/9
f 75/144/6 74/777/6 73/778/6
f 73/778/6 104/779/6 103/780/6
f 103/780/952 102/781/952 101/782/952
f 101/782/6 100/783/6 99/784/6
f 99/784/6 98/785/6 97/786/6
f 97/786/6 96/787/6 95/788/6
f 95/788/952 94/789/952 93/790/952
f 93/790/953 92/791/953 91/142/953
f 91/142/6 90/792/6 89/793/6
f 89/793/6 88/794/6 87/795/6
f 87/795/952 86/796/952 85/797/952
f 85/797/6 84/798/6 83/143/6
f 83/143/6 82/799/6 81/800/6
f 81/800/6 80/801/6 79/802/6
f 79/802/953 78/803/953 77/804/953
f 77/804/953 76/805/953 75/144/953
f 75/144/6 73/778/6 103/780/6
f 103/780/6 101/782/6 99/784/6
f 99/784/6 97/786/6 95/788/6
f 95/788/6 93/790/6 91/142/6
f 91/142/6 89/793/6 87/795/6
f 87/795/6 85/797/6 83/143/6
f 83/143/6 81/800/6 79/802/6
f 79/802/6 77/804/6 75/144/6
f 75/144/6 103/780/6 99/784/6
f 99/784/6 95/788/6 91/142/6
f 91/142/6 87/795/6 83/143/6
f 83/143/6 79/802/6 75/144/6
f 75/144/6 99/784/6 91/142/6
f 103/145/8 104/147/8 136/146/8
f 104/147/7 73/806/7 105/148/7
g Cubo.007_Material.003
usemtl Material.003
f 149/149/39 138/149/39 137/149/39
f 150/149/40 139/149/40 138/149/40
f 151/149/41 140/149/41 139/149/41
f 152/149/42 141/149/42 140/149/42
f 153/149/43 142/149/43 141/149/43
f 154/149/44 143/149/44 142/149/44
f 143/149/45 156/149/45 144/149/45
f 144/149/46 157/149/46 145/149/46
f 145/149/47 158/149/47 146/149/47
f 146/149/48 159/149/48 147/149/48
f 147/149/49 160/149/49 148/149/49
f 148/149/50 149/149/50 137/149/50
f 161/149/51 150/149/51 149/149/51
f 162/149/52 151/149/52 150/149/52
f 163/149/53 152/149/53 151/149/53
f 164/149/54 153/149/54 152/149/54
f 165/149/55 154/149/55 153/149/55
f 166/149/56 155/149/56 154/149/56
f 155/149/57 168/149/57 156/149/57
f 156/149/58 169/149/58 157/149/58
f 157/149/59 170/149/59 158/149/59
f 158/149/60 171/149/60 159/149/60
f 159/149/61 172/149/61 160/149/61
f 160/149/62 161/149/62 149/149/62
f 173/149/63 162/149/63 161/149/63
f 174/149/64 163/149/64 162/149/64
f 175/149/65 164/149/65 163/149/65
f 176/149/66 165/149/66 164/149/66
f 177/149/67 166/149/67 165/149/67
f 178/149/68 167/149/68 166/149/68
f 167/149/69 180/149/69 168/149/69
f 168/149/70 181/149/70 169/149/70
f 169/149/71 182/149/71 170/149/71
f 170/149/72 183/149/72 171/149/72
f 171/149/73 184/149/73 172/149/73
f 172/149/74 173/149/74 161/149/74
f 185/149/75 174/149/75 173/149/75
f 186/149/76 175/149/76 174/149/76
f 187/149/77 176/149/77 175/149/77
f 188/149/78 177/149/78 176/149/78
f 189/149/79 178/149/79 177/149/79
f 190/149/80 179/149/80 178/149/80
f 179/149/81 192/149/81 180/149/81
f 180/149/82 193/149/82 181/149/82
f 181/149/83 194/149/83 182/149/83
f 182/149/84 195/149/84 183/149/84
f 183/149/85 196/149/85 184/149/85
f 184/149/86 185/149/86 173/149/86
f 197/149/87 186/149/87 185/149/87
f 198/149/88 187/149/88 186/149/88
f 199/149/89 188/149/89 187/149/89
f 200/149/90 189/149/90 188/149/90
f 201/149/91 190/149/91 189/149/91
f 202/149/92 191/149/92 190/149/92
f 191/149/93 204/149/93 192/149/93
f 192/149/94 205/149/94 193/149/94
f 193/149/95 206/149/95 194/149/95
f 194/149/96 207/149/96 195/149/96
f 195/149/97 208/149/97 196/149/97
f 196/149/98 197/149/98 185/149/98
f 209/149/99 198/149/99 197/149/99
f 210/149/100 199/149/100 198/149/100
f 211/149/101 200/149/101 199/149/101
f 212/149/102 201/149/102 200/149/102
f 213/149/103 202/149/103 201/149/103
f 214/149/104 203/149/104 202/149/104
f 203/149/105 216/149/105 204/149/105
f 204/149/106 217/149/106 205/149/106
f 205/149/107 218/149/107 206/149/107
f 206/149/108 219/149/108 207/149/108
f 207/149/109 220/149/109 208/149/109
f 208/149/110 209/149/110 197/149/110
f 221/149/111 210/149/111 209/149/111
f 222/149/112 211/149/112 210/149/112
f 223/149/113 212/149/113 211/149/113
f 224/149/114 213/149/114 212/149/114
f 225/149/115 214/149/115 213/149/115
f 226/149/116 215/149/116 214/149/116
f 215/149/117 228/149/117 216/149/117
f 216/149/118 229/149/118 217/149/118
f 217/149/119 230/149/119 218/149/119
f 218/149/120 231/149/120 219/149/120
f 219/149/121 232/149/121 220/149/121
f 220/149/122 221/149/122 209/149/122
f 233/149/123 222/149/123 221/149/123
f 234/149/124 223/149/124 222/149/124
f 235/149/125 224/149/125 223/149/125
f 236/149/126 225/149/126 224/149/126
f 237/149/127 226/149/127 225/149/127
f 238/149/128 227/149/128 226/149/128
f 227/149/129 240/149/129 228/149/129
f 228/149/130 241/149/130 229/149/130
f 229/149/131 242/149/131 230/149/131
f 230/149/132 243/149/132 231/149/132
f 231/149/133 244/149/133 232/149/133
f 232/149/134 233/149/134 221/149/134
f 245/149/135 234/149/135 233/149/135
f 246/149/136 235/149/136 234/149/136
f 247/149/137 236/149/137 235/149/137
f 248/149/138 237/149/138 236/149/138
f 249/149/139 238/149/139 237/149/139
f 250/149/140 239/149/140 238/149/140
f 239/149/141 252/149/141 240/149/141
f 240/149/142 253/149/142 241/149/142
f 241/149/143 254/149/143 242/149/143
f 242/149/144 255/149/144 243/149/144
f 243/149/145 256/149/145 244/149/145
f 244/149/146 245/149/146 233/149/146
f 257/149/147 246/149/147 245/149/147
f 258/149/148 247/149/148 246/149/148
f 259/149/149 248/149/149 247/149/149
f 260/149/150 249/149/150 248/149/150
f 261/149/151 250/149/151 249/149/151
f 262/149/152 251/149/152 250/149/152
f 251/149/153 264/149/153 252/149/153
f 252/149/154 265/149/154 253/149/154
f 253/149/155 266/149/155 254/149/155
f 254/149/156 267/149/156 255/149/156
f 255/149/157 268/149/157 256/149/157
f 256/149/158 257/149/158 245/149/158
f 269/149/159 258/149/159 257/149/159
f 270/149/160 259/149/160 258/149/160
f 271/149/161 260/149/161 259/149/161
f 272/149/162 261/149/162 260/149/162
f 273/149/163 262/149/163 261/149/163
f 274/149/164 263/149/164 262/149/164
f 263/149/165 276/149/165 264/149/165
f 264/149/166 277/149/166 265/149/166
f 265/149/167 278/149/167 266/149/167
f 266/149/168 279/149/168 267/149/168
f 267/149/169 280/149/169 268/149/169
f 268/149/170 269/149/170 257/149/170
f 281/149/171 270/149/171 269/149/171
f 282/149/172 271/149/172 270/149/172
f 283/149/173 272/149/173 271/149/173
f 284/149/174 273/149/174 272/149/174
f 285/149/175 274/149/175 273/149/175
f 286/149/176 275/149/176 274/149/176
f 275/149/177 288/149/177 276/149/177
f 276/149/178 289/149/178 277/149/178
f 277/149/179 290/149/179 278/149/179
f 278/149/180 291/149/180 279/149/180
f 279/149/181 292/149/181 280/149/181
f 280/149/182 281/149/182 269/149/182
f 281/149/183 294/149/183 282/149/183
f 282/149/184 295/149/184 283/149/184
f 283/149/185 296/149/185 284/149/185
f 284/149/186 297/149/186 285/149/186
f 285/149/187 298/149/187 286/149/187
f 286/149/188 299/149/188 287/149/188
f 299/149/189 288/149/189 287/149/189
f 300/149/190 289/149/190 288/149/190
f 301/149/191 290/149/191 289/149/191
f 302/149/192 291/149/192 290/149/192
f 303/149/193 292/149/193 291/149/193
f 304/149/194 281/149/194 292/149/194
f 293/149/195 306/149/195 294/149/195
f 294/149/196 307/149/196 295/149/196
f 295/149/197 308/149/197 296/149/197
f 296/149/198 309/149/198 297/149/198
f 297/149/199 310/149/199 298/149/199
f 298/149/200 311/149/200 299/149/200
f 311/149/201 300/149/201 299/149/201
f 312/149/202 301/149/202 300/149/202
f 313/149/203 302/149/203 301/149/203
f 314/149/204 303/149/204 302/149/204
f 315/149/205 304/149/205 303/149/205
f 316/149/206 293/149/206 304/149/206
f 305/149/207 318/149/207 306/149/207
f 306/149/208 319/149/208 307/149/208
f 307/149/209 320/149/209 308/149/209
f 308/149/210 321/149/210 309/149/210
f 309/149/211 322/149/211 310/149/211
f 310/149/212 323/149/212 311/149/212
f 323/149/213 312/149/213 311/149/213
f 324/149/214 313/149/214 312/149/214
f 325/149/215 314/149/215 313/149/215
f 326/149/216 315/149/216 314/149/216
f 327/149/217 316/149/217 315/149/217
f 328/149/218 305/149/218 316/149/218
f 317/149/219 330/149/219 318/149/219
f 318/149/220 331/149/220 319/149/220
f 319/149/221 332/149/221 320/149/221
f 320/149/222 333/149/222 321/149/222
f 321/149/223 334/149/223 322/149/223
f 322/149/224 335/149/224 323/149/224
f 335/149/225 324/149/225 323/149/225
f 336/149/226 325/149/226 324/149/226
f 337/149/227 326/149/227 325/149/227
f 338/149/228 327/149/228 326/149/228
f 339/149/229 328/149/229 327/149/229
f 340/149/230 317/149/230 328/149/230
f 329/149/231 342/149/231 330/149/231
f 330/149/232 343/149/232 331/149/232
f 331/149/233 344/149/233 332/149/233
f 332/149/234 345/149/234 333/149/234
f 333/149/235 346/149/235 334/149/235
f 334/149/236 347/149/236 335/149/236
f 347/149/237 336/149/237 335/149/237
f 348/149/238 337/149/238 336/149/238
f 349/149/239 338/149/239 337/149/239
f 350/149/240 339/149/240 338/149/240
f 351/149/241 340/149/241 339/149/241
f 352/149/242 329/149/242 340/149/242
f 341/149/243 354/149/243 342/149/243
f 342/149/244 355/149/244 343/149/244
f 343/149/245 356/149/245 344/149/245
f 344/149/246 357/149/246 345/149/246
f 345/149/247 358/149/247 346/149/247
f 346/149/248 359/149/248 347/149/248
f 359/149/249 348/149/249 347/149/249
f 360/149/250 349/149/250 348/149/250
f 361/149/251 350/149/251 349/149/251
f 362/149/252 351/149/252 350/149/252
f 363/149/253 352/149/253 351/149/253
f 364/149/254 341/149/254 352/149/254
f 353/149/255 366/149/255 354/149/255
f 354/149/256 367/149/256 355/149/256
f 355/149/257 368/149/257 356/149/257
f 356/149/258 369/149/258 357/149/258
f 357/149/259 370/149/259 358/149/259
f 358/149/260 371/149/260 359/149/260
f 371/149/261 360/149/261 359/149/261
f 372/149/262 361/149/262 360/149/262
f 373/149/263 362/149/263 361/149/263
f 374/149/264 363/149/264 362/149/264
f 375/149/265 364/149/265 363/149/265
f 376/149/266 353/149/266 364/149/266
f 365/149/267 378/149/267 366/149/267
f 366/149/268 379/149/268 367/149/268
f 367/149/269 380/149/269 368/149/269
f 368/149/270 381/149/270 369/149/270
f 369/149/271 382/149/271 370/149/271
f 370/149/272 383/149/272 371/149/272
f 383/149/273 372/149/273 371/149/273
f 384/149/274 373/149/274 372/149/274
f 385/149/275 374/149/275 373/149/275
f 386/149/276 375/149/276 374/149/276
f 387/149/277 376/149/277 375/149/277
f 388/149/278 365/149/278 376/149/278
f 377/149/279 390/149/279 378/149/279
f 378/149/280 391/149/280 379/149/280
f 379/149/281 392/149/281 380/149/281
f 380/149/282 393/149/282 381/149/282
f 381/149/283 394/149/283 382/149/283
f 382/149/284 395/149/284 383/149/284
f 395/149/285 384/149/285 383/149/285
f 396/149/286 385/149/286 384/149/286
f 397/149/287 386/149/287 385/149/287
f 398/149/288 387/149/288 386/149/288
f 399/149/289 388/149/289 387/149/289
f 400/149/290 377/149/290 388/149/290
f 389/149/291 402/149/291 390/149/291
f 390/149/292 403/149/292 391/149/292
f 391/149/293 404/149/293 392/149/293
f 392/149/294 405/149/294 393/149/294
f 393/149/295 406/149/295 394/149/295
f 394/149/296 407/149/296 395/149/296
f 407/149/297 396/149/297 395/149/297
f 408/149/298 397/149/298 396/149/298
f 409/149/299 398/149/299 397/149/299
f 410/149/300 399/149/300 398/149/300
f 411/149/301 400/149/301 399/149/301
f 412/149/302 389/149/302 400/149/302
f 401/149/303 414/149/303 402/149/303
f 402/149/304 415/149/304 403/149/304
f 403/149/305 416/149/305 404/149/305
f 404/149/306 417/149/306 405/149/306
f 405/149/307 418/149/307 406/149/307
f 406/149/308 419/149/308 407/149/308
f 419/149/309 408/149/309 407/149/309
f 420/149/310 409/149/310 408/149/310
f 421/149/311 410/149/311 409/149/311
f 422/149/312 411/149/312 410/149/312
f 423/149/313 412/149/313 411/149/313
f 424/149/314 401/149/314 412/149/314
f 413/149/315 426/149/315 414/149/315
f 414/149/316 427/149/316 415/149/316
f 415/149/317 428/149/317 416/149/317
f 416/149/318 429/149/318 417/149/318
f 417/149/319 430/149/319 418/149/319
f 418/149/320 431/149/320 419/149/320
f 431/149/321 420/149/321 419/149/321
f 432/149/322 421/149/322 420/149/322
f 433/149/323 422/149/323 421/149/323
f 434/149/324 423/149/324 422/149/324
f 435/149/325 424/149/325 423/149/325
f 436/149/326 413/149/326 424/149/326
f 437/149/44 426/149/44 425/149/44
f 438/149/43 427/149/43 426/149/43
f 439/149/42 428/149/42 427/149/42
f 440/149/41 429/149/41 428/149/41
f 441/149/40 430/149/40 429/149/40
f 442/149/39 431/149/39 430/149/39
f 431/149/50 444/149/50 432/149/50
f 432/149/49 445/149/49 433/149/49
f 433/149/48 446/149/48 434/149/48
f 434/149/47 447/149/47 435/149/47
f 435/149/46 448/149/46 436/149/46
f 436/149/45 437/149/45 425/149/45
f 449/149/56 438/149/56 437/149/56
f 450/149/55 439/149/55 438/149/55
f 451/149/327 440/149/327 439/149/327
f 452/149/328 441/149/328 440/149/328
f 453/149/52 442/149/52 441/149/52
f 454/149/51 443/149/51 442/149/51
f 443/149/62 456/149/62 444/149/62
f 444/149/61 457/149/61 445/149/61
f 445/149/60 458/149/60 446/149/60
f 446/149/59 459/149/59 447/149/59
f 447/149/58 460/149/58 448/149/58
f 448/149/57 449/149/57 437/149/57
f 461/149/68 450/149/68 449/149/68
f 462/149/67 451/149/67 450/149/67
f 463/149/66 452/149/66 451/149/66
f 464/149/65 453/149/65 452/149/65
f 465/149/64 454/149/64 453/149/64
f 466/149/63 455/149/63 454/149/63
f 455/149/74 468/149/74 456/149/74
f 456/149/73 469/149/73 457/149/73
f 457/149/72 470/149/72 458/149/72
f 458/149/71 471/149/71 459/149/71
f 459/149/70 472/149/70 460/149/70
f 460/149/69 461/149/69 449/149/69
f 473/149/329 462/149/329 461/149/329
f 474/149/330 463/149/330 462/149/330
f 475/149/78 464/149/78 463/149/78
f 476/149/77 465/149/77 464/149/77
f 477/149/331 466/149/331 465/149/331
f 478/149/332 467/149/332 466/149/332
f 467/149/86 480/149/86 468/149/86
f 468/149/333 481/149/333 469/149/333
f 469/149/84 482/149/84 470/149/84
f 470/149/83 483/149/83 471/149/83
f 471/149/82 484/149/82 472/149/82
f 472/149/334 473/149/334 461/149/334
f 485/149/335 474/149/335 473/149/335
f 486/149/91 475/149/91 474/149/91
f 487/149/90 476/149/90 475/149/90
f 488/149/89 477/149/89 476/149/89
f 489/149/88 478/149/88 477/149/88
f 490/149/87 479/149/87 478/149/87
f 479/149/98 492/149/98 480/149/98
f 480/149/97 493/149/97 481/149/97
f 481/149/96 494/149/96 482/149/96
f 482/149/95 495/149/95 483/149/95
f 483/149/94 496/149/94 484/149/94
f 484/149/93 485/149/93 473/149/93
f 497/149/336 486/149/336 485/149/336
f 498/149/337 487/149/337 486/149/337
f 499/149/102 488/149/102 487/149/102
f 500/149/338 489/149/338 488/149/338
f 501/149/339 490/149/339 489/149/339
f 502/149/99 491/149/99 490/149/99
f 491/149/110 504/149/110 492/149/110
f 492/149/109 505/149/109 493/149/109
f 493/149/340 506/149/340 494/149/340
f 494/149/107 507/149/107 495/149/107
f 495/149/106 508/149/106 496/149/106
f 496/149/341 497/149/341 485/149/341
f 509/149/116 498/149/116 497/149/116
f 510/149/342 499/149/342 498/149/342
f 511/149/114 500/149/114 499/149/114
f 512/149/113 501/149/113 500/149/113
f 513/149/343 502/149/343 501/149/343
f 514/149/111 503/149/111 502/149/111
f 503/149/122 516/149/122 504/149/122
f 504/149/121 517/149/121 505/149/121
f 505/149/120 518/149/120 506/149/120
f 506/149/344 519/149/344 507/149/344
f 507/149/345 520/149/345 508/149/345
f 508/149/117 509/149/117 497/149/117
f 521/149/128 510/149/128 509/149/128
f 522/149/346 511/149/346 510/149/346
f 523/149/347 512/149/347 511/149/347
f 524/149/348 513/149/348 512/149/348
f 525/149/124 514/149/124 513/149/124
f 526/149/123 515/149/123 514/149/123
f 515/149/134 528/149/134 516/149/134
f 516/149/133 529/149/133 517/149/133
f 517/149/349 530/149/349 518/149/349
f 518/149/131 531/149/131 519/149/131
f 519/149/130 532/149/130 520/149/130
f 520/149/350 521/149/350 509/149/350
f 533/149/140 522/149/140 521/149/140
f 534/149/139 523/149/139 522/149/139
f 535/149/138 524/149/138 523/149/138
f 536/149/137 525/149/137 524/149/137
f 537/149/351 526/149/351 525/149/351
f 538/149/135 527/149/135 526/149/135
f 527/149/146 540/149/146 528/149/146
f 528/149/145 541/149/145 529/149/145
f 529/149/144 542/149/144 530/149/144
f 530/149/143 543/149/143 531/149/143
f 531/149/142 544/149/142 532/149/142
f 532/149/141 533/149/141 521/149/141
f 545/149/152 534/149/152 533/149/152
f 546/149/151 535/149/151 534/149/151
f 547/149/150 536/149/150 535/149/150
f 548/149/149 537/149/149 536/149/149
f 549/149/148 538/149/148 537/149/148
f 550/149/147 539/149/147 538/149/147
f 539/149/158 552/149/158 540/149/158
f 540/149/157 553/149/157 541/149/157
f 541/149/156 554/149/156 542/149/156
f 542/149/155 555/149/155 543/149/155
f 543/149/154 556/149/154 544/149/154
f 544/149/153 545/149/153 533/149/153
f 557/149/352 546/149/352 545/149/352
f 558/149/163 547/149/163 546/149/163
f 559/149/353 548/149/353 547/149/353
f 560/149/161 549/149/161 548/149/161
f 561/149/160 550/149/160 549/149/160
f 562/149/159 551/149/159 550/149/159
f 551/149/170 564/149/170 552/149/170
f 552/149/169 565/149/169 553/149/169
f 553/149/168 566/149/168 554/149/168
f 554/149/167 567/149/167 555/149/167
f 555/149/166 568/149/166 556/149/166
f 556/149/165 557/149/165 545/149/165
f 569/149/176 558/149/176 557/149/176
f 570/149/354 559/149/354 558/149/354
f 571/149/174 560/149/174 559/149/174
f 572/149/173 561/149/173 560/149/173
f 573/149/172 562/149/172 561/149/172
f 574/149/171 563/149/171 562/149/171
f 563/149/182 576/149/182 564/149/182
f 564/149/181 577/149/181 565/149/181
f 565/149/180 578/149/180 566/149/180
f 566/149/179 579/149/179 567/149/179
f 567/149/355 580/149/355 568/149/355
f 568/149/177 569/149/177 557/149/177
f 569/149/188 582/149/188 570/149/188
f 570/149/356 583/149/356 571/149/356
f 571/149/186 584/149/186 572/149/186
f 572/149/185 585/149/185 573/149/185
f 573/149/357 586/149/357 574/149/357
f 574/149/183 587/149/183 575/149/183
f 587/149/194 576/149/194 575/149/194
f 588/149/193 577/149/193 576/149/193
f 589/149/192 578/149/192 577/149/192
f 590/149/191 579/149/191 578/149/191
f 591/149/190 580/149/190 579/149/190
f 592/149/189 569/149/189 580/149/189
f 581/149/200 594/149/200 582/149/200
f 582/149/199 595/149/199 583/149/199
f 583/149/198 596/149/198 584/149/198
f 584/149/197 597/149/197 585/149/197
f 585/149/196 598/149/196 586/149/196
f 586/149/358 599/149/358 587/149/358
f 599/149/359 588/149/359 587/149/359
f 600/149/205 589/149/205 588/149/205
f 601/149/204 590/149/204 589/149/204
f 602/149/203 591/149/203 590/149/203
f 603/149/202 592/149/202 591/149/202
f 604/149/201 581/149/201 592/149/201
f 593/149/212 606/149/212 594/149/212
f 594/149/211 607/149/211 595/149/211
f 595/149/210 608/149/210 596/149/210
f 596/149/209 609/149/209 597/149/209
f 597/149/208 610/149/208 598/149/208
f 598/149/207 611/149/207 599/149/207
f 611/149/218 600/149/218 599/149/218
f 612/149/217 601/149/217 600/149/217
f 613/149/216 602/149/216 601/149/216
f 614/149/215 603/149/215 602/149/215
f 615/149/214 604/149/214 603/149/214
f 616/149/213 593/149/213 604/149/213
f 605/149/224 618/149/224 606/149/224
f 606/149/223 619/149/223 607/149/223
f 607/149/222 620/149/222 608/149/222
f 608/149/221 621/149/221 609/149/221
f 609/149/360 622/149/360 610/149/360
f 610/149/219 623/149/219 611/149/219
f 623/149/230 612/149/230 611/149/230
f 624/149/229 613/149/229 612/149/229
f 625/149/228 614/149/228 613/149/228
f 626/149/227 615/149/227 614/149/227
f 627/149/226 616/149/226 615/149/226
f 628/149/225 605/149/225 616/149/225
f 617/149/361 630/149/361 618/149/361
f 618/149/362 631/149/362 619/149/362
f 619/149/363 632/149/363 620/149/363
f 620/149/233 633/149/233 621/149/233
f 621/149/364 634/149/364 622/149/364
f 622/149/231 635/149/231 623/149/231
f 635/149/242 624/149/242 623/149/242
f 636/149/241 625/149/241 624/149/241
f 637/149/240 626/149/240 625/149/240
f 638/149/239 627/149/239 626/149/239
f 639/149/365 628/149/365 627/149/365
f 640/149/237 617/149/237 628/149/237
f 629/149/248 642/149/248 630/149/248
f 630/149/366 643/149/366 631/149/366
f 631/149/246 644/149/246 632/149/246
f 632/149/245 645/149/245 633/149/245
f 633/149/244 646/149/244 634/149/244
f 634/149/243 647/149/243 635/149/243
f 647/149/254 636/149/254 635/149/254
f 648/149/367 637/149/367 636/149/367
f 649/149/252 638/149/252 637/149/252
f 650/149/251 639/149/251 638/149/251
f 651/149/250 640/149/250 639/149/250
f 652/149/249 629/149/249 640/149/249
f 641/149/260 654/149/260 642/149/260
f 642/149/368 655/149/368 643/149/368
f 643/149/258 656/149/258 644/149/258
f 644/149/257 657/149/257 645/149/257
f 645/149/256 658/149/256 646/149/256
f 646/149/255 659/149/255 647/149/255
f 659/149/369 648/149/369 647/149/369
f 660/149/370 649/149/370 648/149/370
f 661/149/371 650/149/371 649/149/371
f 662/149/263 651/149/263 650/149/263
f 663/149/262 652/149/262 651/149/262
f 664/149/261 641/149/261 652/149/261
f 653/149/372 666/149/372 654/149/372
f 654/149/271 667/149/271 655/149/271
f 655/149/270 668/149/270 656/149/270
f 656/149/269 669/149/269 657/149/269
f 657/149/268 670/149/268 658/149/268
f 658/149/267 671/149/267 659/149/267
f 671/149/278 660/149/278 659/149/278
f 672/149/277 661/149/277 660/149/277
f 673/149/276 662/149/276 661/149/276
f 674/149/275 663/149/275 662/149/275
f 675/149/274 664/149/274 663/149/274
f 676/149/273 653/149/273 664/149/273
f 665/149/373 678/149/373 666/149/373
f 666/149/283 679/149/283 667/149/283
f 667/149/282 680/149/282 668/149/282
f 668/149/281 681/149/281 669/149/281
f 669/149/374 682/149/374 670/149/374
f 670/149/279 683/149/279 671/149/279
f 683/149/375 672/149/375 671/149/375
f 684/149/289 673/149/289 672/149/289
f 685/149/288 674/149/288 673/149/288
f 686/149/287 675/149/287 674/149/287
f 687/149/286 676/149/286 675/149/286
f 688/149/285 665/149/285 676/149/285
f 677/149/296 690/149/296 678/149/296
f 678/149/295 691/149/295 679/149/295
f 679/149/294 692/149/294 680/149/294
f 680/149/293 693/149/293 681/149/293
f 681/149/292 694/149/292 682/149/292
f 682/149/291 695/149/291 683/149/291
f 695/149/302 684/149/302 683/149/302
f 696/149/301 685/149/301 684/149/301
f 697/149/300 686/149/300 685/149/300
f 698/149/299 687/149/299 686/149/299
f 699/149/298 688/149/298 687/149/298
f 700/149/297 677/149/297 688/149/297
f 689/149/308 702/149/308 690/149/308
f 690/149/307 703/149/307 691/149/307
f 691/149/376 704/149/376 692/149/376
f 692/149/377 705/149/377 693/149/377
f 693/149/304 706/149/304 694/149/304
f 694/149/303 707/149/303 695/149/303
f 707/149/314 696/149/314 695/149/314
f 708/149/313 697/149/313 696/149/313
f 709/149/312 698/149/312 697/149/312
f 710/149/311 699/149/311 698/149/311
f 711/149/310 700/149/310 699/149/310
f 712/149/309 689/149/309 700/149/309
f 701/149/320 138/149/320 702/149/320
f 702/149/319 139/149/319 703/149/319
f 703/149/318 140/149/318 704/149/318
f 704/149/317 141/149/317 705/149/317
f 705/149/316 142/149/316 706/149/316
f 706/149/315 143/149/315 707/149/315
f 143/149/326 708/149/326 707/149/326
f 144/149/325 709/149/325 708/149/325
f 145/149/324 710/149/324 709/149/324
f 146/149/323 711/149/323 710/149/323
f 147/149/322 712/149/322 711/149/322
f 148/149/321 701/149/321 712/149/321
f 149/149/39 150/149/39 138/149/39
f 150/149/40 151/149/40 139/149/40
f 151/149/41 152/149/41 140/149/41
f 152/149/42 153/149/42 141/149/42
f 153/149/43 154/149/43 142/149/43
f 154/149/44 155/149/44 143/149/44
f 143/149/45 155/149/45 156/149/45
f 144/149/46 156/149/46 157/149/46
f 145/149/47 157/149/47 158/149/47
f 146/149/48 158/149/48 159/149/48
f 147/149/49 159/149/49 160/149/49
f 148/149/50 160/149/50 149/149/50
f 161/149/51 162/149/51 150/149/51
f 162/149/52 163/149/52 151/149/52
f 163/149/328 164/149/328 152/149/328
f 164/149/54 165/149/54 153/149/54
f 165/149/55 166/149/55 154/149/55
f 166/149/56 167/149/56 155/149/56
f 155/149/57 167/149/57 168/149/57
f 156/149/58 168/149/58 169/149/58
f 157/149/59 169/149/59 170/149/59
f 158/149/60 170/149/60 171/149/60
f 159/149/61 171/149/61 172/149/61
f 160/149/62 172/149/62 161/149/62
f 173/149/63 174/149/63 162/149/63
f 174/149/64 175/149/64 163/149/64
f 175/149/65 176/149/65 164/149/65
f 176/149/66 177/149/66 165/149/66
f 177/149/67 178/149/67 166/149/67
f 178/149/68 179/149/68 167/149/68
f 167/149/69 179/149/69 180/149/69
f 168/149/70 180/149/70 181/149/70
f 169/149/71 181/149/71 182/149/71
f 170/149/72 182/149/72 183/149/72
f 171/149/73 183/149/73 184/149/73
f 172/149/74 184/149/74 173/149/74
f 185/149/332 186/149/332 174/149/332
f 186/149/76 187/149/76 175/149/76
f 187/149/77 188/149/77 176/149/77
f 188/149/78 189/149/78 177/149/78
f 189/149/330 190/149/330 178/149/330
f 190/149/329 191/149/329 179/149/329
f 179/149/334 191/149/334 192/149/334
f 180/149/82 192/149/82 193/149/82
f 181/149/83 193/149/83 194/149/83
f 182/149/84 194/149/84 195/149/84
f 183/149/333 195/149/333 196/149/333
f 184/149/954 196/149/954 185/149/954
f 197/149/87 198/149/87 186/149/87
f 198/149/88 199/149/88 187/149/88
f 199/149/89 200/149/89 188/149/89
f 200/149/90 201/149/90 189/149/90
f 201/149/91 202/149/91 190/149/91
f 202/149/335 203/149/335 191/149/335
f 191/149/93 203/149/93 204/149/93
f 192/149/94 204/149/94 205/149/94
f 193/149/95 205/149/95 206/149/95
f 194/149/96 206/149/96 207/149/96
f 195/149/97 207/149/97 208/149/97
f 196/149/98 208/149/98 197/149/98
f 209/149/955 210/149/955 198/149/955
f 210/149/339 211/149/339 199/149/339
f 211/149/101 212/149/101 200/149/101
f 212/149/102 213/149/102 201/149/102
f 213/149/337 214/149/337 202/149/337
f 214/149/104 215/149/104 203/149/104
f 203/149/341 215/149/341 216/149/341
f 204/149/106 216/149/106 217/149/106
f 205/149/956 217/149/956 218/149/956
f 206/149/108 218/149/108 219/149/108
f 207/149/109 219/149/109 220/149/109
f 208/149/110 220/149/110 209/149/110
f 221/149/111 222/149/111 210/149/111
f 222/149/343 223/149/343 211/149/343
f 223/149/113 224/149/113 212/149/113
f 224/149/114 225/149/114 213/149/114
f 225/149/115 226/149/115 214/149/115
f 226/149/116 227/149/116 215/149/116
f 215/149/117 227/149/117 228/149/117
f 216/149/118 228/149/118 229/149/118
f 217/149/344 229/149/344 230/149/344
f 218/149/120 230/149/120 231/149/120
f 219/149/957 231/149/957 232/149/957
f 220/149/122 232/149/122 221/149/122
f 233/149/123 234/149/123 222/149/123
f 234/149/124 235/149/124 223/149/124
f 235/149/125 236/149/125 224/149/125
f 236/149/347 237/149/347 225/149/347
f 237/149/346 238/149/346 226/149/346
f 238/149/958 239/149/958 227/149/958
f 227/149/959 239/149/959 240/149/959
f 228/149/960 240/149/960 241/149/960
f 229/149/131 241/149/131 242/149/131
f 230/149/349 242/149/349 243/149/349
f 231/149/961 243/149/961 244/149/961
f 232/149/134 244/149/134 233/149/134
f 245/149/135 246/149/135 234/149/135
f 246/149/351 247/149/351 235/149/351
f 247/149/137 248/149/137 236/149/137
f 248/149/138 249/149/138 237/149/138
f 249/149/139 250/149/139 238/149/139
f 250/149/140 251/149/140 239/149/140
f 239/149/141 251/149/141 252/149/141
f 240/149/142 252/149/142 253/149/142
f 241/149/143 253/149/143 254/149/143
f 242/149/144 254/149/144 255/149/144
f 243/149/145 255/149/145 256/149/145
f 244/149/146 256/149/146 245/149/146
f 257/149/147 258/149/147 246/149/147
f 258/149/148 259/149/148 247/149/148
f 259/149/149 260/149/149 248/149/149
f 260/149/150 261/149/150 249/149/150
f 261/149/151 262/149/151 250/149/151
f 262/149/152 263/149/152 251/149/152
f 251/149/153 263/149/153 264/149/153
f 252/149/154 264/149/154 265/149/154
f 253/149/155 265/149/155 266/149/155
f 254/149/156 266/149/156 267/149/156
f 255/149/157 267/149/157 268/149/157
f 256/149/158 268/149/158 257/149/158
f 269/149/159 270/149/159 258/149/159
f 270/149/160 271/149/160 259/149/160
f 271/149/161 272/149/161 260/149/161
f 272/149/162 273/149/162 261/149/162
f 273/149/163 274/149/163 262/149/163
f 274/149/352 275/149/352 263/149/352
f 263/149/165 275/149/165 276/149/165
f 264/149/166 276/149/166 277/149/166
f 265/149/167 277/149/167 278/149/167
f 266/149/168 278/149/168 279/149/168
f 267/149/169 279/149/169 280/149/169
f 268/149/170 280/149/170 269/149/170
f 281/149/171 282/149/171 270/149/171
f 282/149/962 283/149/962 271/149/962
f 283/149/173 284/149/173 272/149/173
f 284/149/174 285/149/174 273/149/174
f 285/149/354 286/149/354 274/149/354
f 286/149/176 287/149/176 275/149/176
f 275/149/177 287/149/177 288/149/177
f 276/149/355 288/149/355 289/149/355
f 277/149/179 289/149/179 290/149/179
f 278/149/180 290/149/180 291/149/180
f 279/149/963 291/149/963 292/149/963
f 280/149/182 292/149/182 281/149/182
f 281/149/183 293/149/183 294/149/183
f 282/149/964 294/149/964 295/149/964
f 283/149/185 295/149/185 296/149/185
f 284/149/186 296/149/186 297/149/186
f 285/149/356 297/149/356 298/149/356
f 286/149/188 298/149/188 299/149/188
f 299/149/189 300/149/189 288/149/189
f 300/149/965 301/149/965 289/149/965
f 301/149/191 302/149/191 290/149/191
f 302/149/192 303/149/192 291/149/192
f 303/149/193 304/149/193 292/149/193
f 304/149/194 293/149/194 281/149/194
f 293/149/358 305/149/358 306/149/358
f 294/149/196 306/149/196 307/149/196
f 295/149/966 307/149/966 308/149/966
f 296/149/198 308/149/198 309/149/198
f 297/149/199 309/149/199 310/149/199
f 298/149/200 310/149/200 311/149/200
f 311/149/201 312/149/201 300/149/201
f 312/149/202 313/149/202 301/149/202
f 313/149/203 314/149/203 302/149/203
f 314/149/204 315/149/204 303/149/204
f 315/149/205 316/149/205 304/149/205
f 316/149/359 305/149/359 293/149/359
f 305/149/207 317/149/207 318/149/207
f 306/149/208 318/149/208 319/149/208
f 307/149/209 319/149/209 320/149/209
f 308/149/210 320/149/210 321/149/210
f 309/149/211 321/149/211 322/149/211
f 310/149/212 322/149/212 323/149/212
f 323/149/213 324/149/213 312/149/213
f 324/149/214 325/149/214 313/149/214
f 325/149/215 326/149/215 314/149/215
f 326/149/216 327/149/216 315/149/216
f 327/149/217 328/149/217 316/149/217
f 328/149/218 317/149/218 305/149/218
f 317/149/219 329/149/219 330/149/219
f 318/149/967 330/149/967 331/149/967
f 319/149/221 331/149/221 332/149/221
f 320/149/222 332/149/222 333/149/222
f 321/149/223 333/149/223 334/149/223
f 322/149/224 334/149/224 335/149/224
f 335/149/225 336/149/225 324/149/225
f 336/149/226 337/149/226 325/149/226
f 337/149/227 338/149/227 326/149/227
f 338/149/228 339/149/228 327/149/228
f 339/149/229 340/149/229 328/149/229
f 340/149/230 329/149/230 317/149/230
f 329/149/968 341/149/968 342/149/968
f 330/149/232 342/149/232 343/149/232
f 331/149/233 343/149/233 344/149/233
f 332/149/363 344/149/363 345/149/363
f 333/149/362 345/149/362 346/149/362
f 334/149/361 346/149/361 347/149/361
f 347/149/237 348/149/237 336/149/237
f 348/149/238 349/149/238 337/149/238
f 349/149/239 350/149/239 338/149/239
f 350/149/969 351/149/969 339/149/969
f 351/149/970 352/149/970 340/149/970
f 352/149/242 341/149/242 329/149/242
f 341/149/243 353/149/243 354/149/243
f 342/149/971 354/149/971 355/149/971
f 343/149/245 355/149/245 356/149/245
f 344/149/246 356/149/246 357/149/246
f 345/149/366 357/149/366 358/149/366
f 346/149/248 358/149/248 359/149/248
f 359/149/249 360/149/249 348/149/249
f 360/149/972 361/149/972 349/149/972
f 361/149/251 362/149/251 350/149/251
f 362/149/252 363/149/252 351/149/252
f 363/149/973 364/149/973 352/149/973
f 364/149/254 353/149/254 341/149/254
f 353/149/974 365/149/974 366/149/974
f 354/149/975 366/149/975 367/149/975
f 355/149/976 367/149/976 368/149/976
f 356/149/977 368/149/977 369/149/977
f 357/149/368 369/149/368 370/149/368
f 358/149/260 370/149/260 371/149/260
f 371/149/261 372/149/261 360/149/261
f 372/149/262 373/149/262 361/149/262
f 373/149/978 374/149/978 362/149/978
f 374/149/264 375/149/264 363/149/264
f 375/149/265 376/149/265 364/149/265
f 376/149/266 365/149/266 353/149/266
f 365/149/267 377/149/267 378/149/267
f 366/149/268 378/149/268 379/149/268
f 367/149/269 379/149/269 380/149/269
f 368/149/270 380/149/270 381/149/270
f 369/149/271 381/149/271 382/149/271
f 370/149/372 382/149/372 383/149/372
f 383/149/273 384/149/273 372/149/273
f 384/149/274 385/149/274 373/149/274
f 385/149/275 386/149/275 374/149/275
f 386/149/276 387/149/276 375/149/276
f 387/149/277 388/149/277 376/149/277
f 388/149/278 377/149/278 365/149/278
f 377/149/279 389/149/279 390/149/279
f 378/149/374 390/149/374 391/149/374
f 379/149/281 391/149/281 392/149/281
f 380/149/282 392/149/282 393/149/282
f 381/149/979 393/149/979 394/149/979
f 382/149/284 394/149/284 395/149/284
f 395/149/980 396/149/980 384/149/980
f 396/149/286 397/149/286 385/149/286
f 397/149/287 398/149/287 386/149/287
f 398/149/288 399/149/288 387/149/288
f 399/149/981 400/149/981 388/149/981
f 400/149/375 389/149/375 377/149/375
f 389/149/291 401/149/291 402/149/291
f 390/149/292 402/149/292 403/149/292
f 391/149/293 403/149/293 404/149/293
f 392/149/294 404/149/294 405/149/294
f 393/149/295 405/149/295 406/149/295
f 394/149/296 406/149/296 407/149/296
f 407/149/297 408/149/297 396/149/297
f 408/149/298 409/149/298 397/149/298
f 409/149/299 410/149/299 398/149/299
f 410/149/300 411/149/300 399/149/300
f 411/149/301 412/149/301 400/149/301
f 412/149/302 401/149/302 389/149/302
f 401/149/303 413/149/303 414/149/303
f 402/149/304 414/149/304 415/149/304
f 403/149/377 415/149/377 416/149/377
f 404/149/376 416/149/376 417/149/376
f 405/149/307 417/149/307 418/149/307
f 406/149/308 418/149/308 419/149/308
f 419/149/309 420/149/309 408/149/309
f 420/149/310 421/149/310 409/149/310
f 421/149/311 422/149/311 410/149/311
f 422/149/312 423/149/312 411/149/312
f 423/149/313 424/149/313 412/149/313
f 424/149/314 413/149/314 401/149/314
f 413/149/315 425/149/315 426/149/315
f 414/149/316 426/149/316 427/149/316
f 415/149/317 427/149/317 428/149/317
f 416/149/318 428/149/318 429/149/318
f 417/149/319 429/149/319 430/149/319
f 418/149/320 430/149/320 431/149/320
f 431/149/321 432/149/321 420/149/321
f 432/149/322 433/149/322 421/149/322
f 433/149/323 434/149/323 422/149/323
f 434/149/324 435/149/324 423/149/324
f 435/149/325 436/149/325 424/149/325
f 436/149/326 425/149/326 413/149/326
f 437/149/44 438/149/44 426/149/44
f 438/149/43 439/149/43 427/149/43
f 439/149/42 440/149/42 428/149/42
f 440/149/41 441/149/41 429/149/41
f 441/149/40 442/149/40 430/149/40
f 442/149/39 443/149/39 431/149/39
f 431/149/50 443/149/50 444/149/50
f 432/149/49 444/149/49 445/149/49
f 433/149/48 445/149/48 446/149/48
f 434/149/47 446/149/47 447/149/47
f 435/149/46 447/149/46 448/149/46
f 436/149/45 448/149/45 437/149/45
f 449/149/56 450/149/56 438/149/56
f 450/149/55 451/149/55 439/149/55
f 451/149/54 452/149/54 440/149/54
f 452/149/53 453/149/53 441/149/53
f 453/149/52 454/149/52 442/149/52
f 454/149/51 455/149/51 443/149/51
f 443/149/62 455/149/62 456/149/62
f 444/149/61 456/149/61 457/149/61
f 445/149/60 457/149/60 458/149/60
f 446/149/59 458/149/59 459/149/59
f 447/149/58 459/149/58 460/149/58
f 448/149/57 460/149/57 449/149/57
f 461/149/68 462/149/68 450/149/68
f 462/149/67 463/149/67 451/149/67
f 463/149/66 464/149/66 452/149/66
f 464/149/65 465/149/65 453/149/65
f 465/149/64 466/149/64 454/149/64
f 466/149/63 467/149/63 455/149/63
f 455/149/74 467/149/74 468/149/74
f 456/149/73 468/149/73 469/149/73
f 457/149/72 469/149/72 470/149/72
f 458/149/71 470/149/71 471/149/71
f 459/149/70 471/149/70 472/149/70
f 460/149/69 472/149/69 461/149/69
f 473/149/80 474/149/80 462/149/80
f 474/149/330 475/149/330 463/149/330
f 475/149/78 476/149/78 464/149/78
f 476/149/77 477/149/77 465/149/77
f 477/149/76 478/149/76 466/149/76
f 478/149/332 479/149/332 467/149/332
f 467/149/954 479/149/954 480/149/954
f 468/149/333 480/149/333 481/149/333
f 469/149/84 481/149/84 482/149/84
f 470/149/83 482/149/83 483/149/83
f 471/149/982 483/149/982 484/149/982
f 472/149/334 484/149/334 473/149/334
f 485/149/335 486/149/335 474/149/335
f 486/149/91 487/149/91 475/149/91
f 487/149/90 488/149/90 476/149/90
f 488/149/89 489/149/89 477/149/89
f 489/149/88 490/149/88 478/149/88
f 490/149/87 491/149/87 479/149/87
f 479/149/98 491/149/98 492/149/98
f 480/149/97 492/149/97 493/149/97
f 481/149/96 493/149/96 494/149/96
f 482/149/95 494/149/95 495/149/95
f 483/149/94 495/149/94 496/149/94
f 484/149/93 496/149/93 485/149/93
f 497/149/336 498/149/336 486/149/336
f 498/149/103 499/149/103 487/149/103
f 499/149/983 500/149/983 488/149/983
f 500/149/101 501/149/101 489/149/101
f 501/149/100 502/149/100 490/149/100
f 502/149/955 503/149/955 491/149/955
f 491/149/110 503/149/110 504/149/110
f 492/149/109 504/149/109 505/149/109
f 493/149/340 505/149/340 506/149/340
f 494/149/107 506/149/107 507/149/107
f 495/149/106 507/149/106 508/149/106
f 496/149/341 508/149/341 497/149/341
f 509/149/116 510/149/116 498/149/116
f 510/149/984 511/149/984 499/149/984
f 511/149/985 512/149/985 500/149/985
f 512/149/113 513/149/113 501/149/113
f 513/149/112 514/149/112 502/149/112
f 514/149/111 515/149/111 503/149/111
f 503/149/122 515/149/122 516/149/122
f 504/149/957 516/149/957 517/149/957
f 505/149/120 517/149/120 518/149/120
f 506/149/344 518/149/344 519/149/344
f 507/149/345 519/149/345 520/149/345
f 508/149/117 520/149/117 509/149/117
f 521/149/128 522/149/128 510/149/128
f 522/149/127 523/149/127 511/149/127
f 523/149/126 524/149/126 512/149/126
f 524/149/125 525/149/125 513/149/125
f 525/149/124 526/149/124 514/149/124
f 526/149/123 527/149/123 515/149/123
f 515/149/134 527/149/134 528/149/134
f 516/149/133 528/149/133 529/149/133
f 517/149/349 529/149/349 530/149/349
f 518/149/131 530/149/131 531/149/131
f 519/149/130 531/149/130 532/149/130
f 520/149/129 532/149/129 521/149/129
f 533/149/140 534/149/140 522/149/140
f 534/149/139 535/149/139 523/149/139
f 535/149/138 536/149/138 524/149/138
f 536/149/137 537/149/137 525/149/137
f 537/149/986 538/149/986 526/149/986
f 538/149/135 539/149/135 527/149/135
f 527/149/146 539/149/146 540/149/146
f 528/149/145 540/149/145 541/149/145
f 529/149/144 541/149/144 542/149/144
f 530/149/143 542/149/143 543/149/143
f 531/149/142 543/149/142 544/149/142
f 532/149/141 544/149/141 533/149/141
f 545/149/152 546/149/152 534/149/152
f 546/149/151 547/149/151 535/149/151
f 547/149/150 548/149/150 536/149/150
f 548/149/149 549/149/149 537/149/149
f 549/149/148 550/149/148 538/149/148
f 550/149/147 551/149/147 539/149/147
f 539/149/158 551/149/158 552/149/158
f 540/149/157 552/149/157 553/149/157
f 541/149/156 553/149/156 554/149/156
f 542/149/155 554/149/155 555/149/155
f 543/149/154 555/149/154 556/149/154
f 544/149/153 556/149/153 545/149/153
f 557/149/164 558/149/164 546/149/164
f 558/149/163 559/149/163 547/149/163
f 559/149/162 560/149/162 548/149/162
f 560/149/161 561/149/161 549/149/161
f 561/149/160 562/149/160 550/149/160
f 562/149/159 563/149/159 551/149/159
f 551/149/170 563/149/170 564/149/170
f 552/149/169 564/149/169 565/149/169
f 553/149/168 565/149/168 566/149/168
f 554/149/167 566/149/167 567/149/167
f 555/149/166 567/149/166 568/149/166
f 556/149/987 568/149/987 557/149/987
f 569/149/176 570/149/176 558/149/176
f 570/149/988 571/149/988 559/149/988
f 571/149/174 572/149/174 560/149/174
f 572/149/173 573/149/173 561/149/173
f 573/149/172 574/149/172 562/149/172
f 574/149/171 575/149/171 563/149/171
f 563/149/182 575/149/182 576/149/182
f 564/149/963 576/149/963 577/149/963
f 565/149/180 577/149/180 578/149/180
f 566/149/179 578/149/179 579/149/179
f 567/149/355 579/149/355 580/149/355
f 568/149/177 580/149/177 569/149/177
f 569/149/188 581/149/188 582/149/188
f 570/149/187 582/149/187 583/149/187
f 571/149/186 583/149/186 584/149/186
f 572/149/185 584/149/185 585/149/185
f 573/149/357 585/149/357 586/149/357
f 574/149/183 586/149/183 587/149/183
f 587/149/194 588/149/194 576/149/194
f 588/149/989 589/149/989 577/149/989
f 589/149/192 590/149/192 578/149/192
f 590/149/191 591/149/191 579/149/191
f 591/149/965 592/149/965 580/149/965
f 592/149/189 581/149/189 569/149/189
f 581/149/200 593/149/200 594/149/200
f 582/149/199 594/149/199 595/149/199
f 583/149/198 595/149/198 596/149/198
f 584/149/197 596/149/197 597/149/197
f 585/149/196 597/149/196 598/149/196
f 586/149/358 598/149/358 599/149/358
f 599/149/359 600/149/359 588/149/359
f 600/149/205 601/149/205 589/149/205
f 601/149/204 602/149/204 590/149/204
f 602/149/203 603/149/203 591/149/203
f 603/149/202 604/149/202 592/149/202
f 604/149/201 593/149/201 581/149/201
f 593/149/212 605/149/212 606/149/212
f 594/149/211 606/149/211 607/149/211
f 595/149/210 607/149/210 608/149/210
f 596/149/209 608/149/209 609/149/209
f 597/149/208 609/149/208 610/149/208
f 598/149/207 610/149/207 611/149/207
f 611/149/218 612/149/218 600/149/218
f 612/149/217 613/149/217 601/149/217
f 613/149/216 614/149/216 602/149/216
f 614/149/215 615/149/215 603/149/215
f 615/149/214 616/149/214 604/149/214
f 616/149/213 605/149/213 593/149/213
f 605/149/224 617/149/224 618/149/224
f 606/149/223 618/149/223 619/149/223
f 607/149/222 619/149/222 620/149/222
f 608/149/221 620/149/221 621/149/221
f 609/149/220 621/149/220 622/149/220
f 610/149/219 622/149/219 623/149/219
f 623/149/230 624/149/230 612/149/230
f 624/149/229 625/149/229 613/149/229
f 625/149/228 626/149/228 614/149/228
f 626/149/227 627/149/227 615/149/227
f 627/149/226 628/149/226 616/149/226
f 628/149/225 617/149/225 605/149/225
f 617/149/990 629/149/990 630/149/990
f 618/149/362 630/149/362 631/149/362
f 619/149/363 631/149/363 632/149/363
f 620/149/991 632/149/991 633/149/991
f 621/149/364 633/149/364 634/149/364
f 622/149/968 634/149/968 635/149/968
f 635/149/992 636/149/992 624/149/992
f 636/149/970 637/149/970 625/149/970
f 637/149/240 638/149/240 626/149/240
f 638/149/239 639/149/239 627/149/239
f 639/149/238 640/149/238 628/149/238
f 640/149/993 629/149/993 617/149/993
f 629/149/248 641/149/248 642/149/248
f 630/149/994 642/149/994 643/149/994
f 631/149/246 643/149/246 644/149/246
f 632/149/245 644/149/245 645/149/245
f 633/149/995 645/149/995 646/149/995
f 634/149/243 646/149/243 647/149/243
f 647/149/254 648/149/254 636/149/254
f 648/149/973 649/149/973 637/149/973
f 649/149/252 650/149/252 638/149/252
f 650/149/251 651/149/251 639/149/251
f 651/149/972 652/149/972 640/149/972
f 652/149/249 641/149/249 629/149/249
f 641/149/260 653/149/260 654/149/260
f 642/149/259 654/149/259 655/149/259
f 643/149/977 655/149/977 656/149/977
f 644/149/257 656/149/257 657/149/257
f 645/149/975 657/149/975 658/149/975
f 646/149/974 658/149/974 659/149/974
f 659/149/369 660/149/369 648/149/369
f 660/149/265 661/149/265 649/149/265
f 661/149/371 662/149/371 650/149/371
f 662/149/978 663/149/978 651/149/978
f 663/149/262 664/149/262 652/149/262
f 664/149/996 653/149/996 641/149/996
f 653/149/272 665/149/272 666/149/272
f 654/149/271 666/149/271 667/149/271
f 655/149/270 667/149/270 668/149/270
f 656/149/269 668/149/269 669/149/269
f 657/149/268 669/149/268 670/149/268
f 658/149/267 670/149/267 671/149/267
f 671/149/278 672/149/278 660/149/278
f 672/149/277 673/149/277 661/149/277
f 673/149/276 674/149/276 662/149/276
f 674/149/275 675/149/275 663/149/275
f 675/149/274 676/149/274 664/149/274
f 676/149/273 665/149/273 653/149/273
f 665/149/284 677/149/284 678/149/284
f 666/149/283 678/149/283 679/149/283
f 667/149/282 679/149/282 680/149/282
f 668/149/281 680/149/281 681/149/281
f 669/149/374 681/149/374 682/149/374
f 670/149/279 682/149/279 683/149/279
f 683/149/290 684/149/290 672/149/290
f 684/149/289 685/149/289 673/149/289
f 685/149/288 686/149/288 674/149/288
f 686/149/287 687/149/287 675/149/287
f 687/149/286 688/149/286 676/149/286
f 688/149/980 677/149/980 665/149/980
f 677/149/296 689/149/296 690/149/296
f 678/149/295 690/149/295 691/149/295
f 679/149/294 691/149/294 692/149/294
f 680/149/293 692/149/293 693/149/293
f 681/149/292 693/149/292 694/149/292
f 682/149/291 694/149/291 695/149/291
f 695/149/302 696/149/302 684/149/302
f 696/149/301 697/149/301 685/149/301
f 697/149/300 698/149/300 686/149/300
f 698/149/299 699/149/299 687/149/299
f 699/149/298 700/149/298 688/149/298
f 700/149/297 689/149/297 677/149/297
f 689/149/308 701/149/308 702/149/308
f 690/149/307 702/149/307 703/149/307
f 691/149/306 703/149/306 704/149/306
f 692/149/377 704/149/377 705/149/377
f 693/149/304 705/149/304 706/149/304
f 694/149/303 706/149/303 707/149/303
f 707/149/314 708/149/314 696/149/314
f 708/149/313 709/149/313 697/149/313
f 709/149/312 710/149/312 698/149/312
f 710/149/311 711/149/311 699/149/311
f 711/149/310 712/149/310 700/149/310
f 712/149/309 701/149/309 689/149/309
f 701/149/320 137/149/320 138/149/320
f 702/149/319 138/149/319 139/149/319
f 703/149/318 139/149/318 140/149/318
f 704/149/317 140/149/317 141/149/317
f 705/149/316 141/149/316 142/149/316
f 706/149/315 142/149/315 143/149/315
f 143/149/326 144/149/326 708/149/326
f 144/149/325 145/149/325 709/149/325
f 145/149/324 146/149/324 710/149/324
f 146/149/323 147/149/323 711/149/323
f 147/149/322 148/149/322 712/149/322
f 148/149/321 137/149/321 701/149/321
g Cubo.007_Material.004
usemtl Material.004
f 719/150/378 732/151/378 1191/152/378
f 715/153/379 724/154/379 725/155/379
f 1191/152/380 733/156/380 1192/157/380
f 1189/158/381 725/155/381 726/159/381
f 1192/157/382 734/160/382 1193/161/382
f 716/162/383 726/159/383 727/163/383
f 1193/161/384 735/164/384 1194/165/384
f 717/166/385 727/163/385 728/167/385
f 1186/168/386 713/169/386 721/170/386
f 720/171/387 1194/165/387 735/164/387
f 717/166/388 729/172/388 718/173/388
f 1187/174/389 721/175/389 722/176/389
f 718/173/390 730/177/390 1190/178/390
f 714/179/391 722/176/391 723/180/391
f 1190/178/392 731/181/392 719/150/392
f 1188/182/393 723/180/393 724/154/393
f 730/177/394 746/183/394 731/181/394
f 724/154/395 738/184/395 739/185/395
f 731/181/396 747/186/396 732/151/396
f 725/155/397 739/185/397 740/187/397
f 732/151/398 748/188/398 733/156/398
f 726/159/399 740/187/399 741/189/399
f 733/156/400 749/190/400 734/160/400
f 727/163/401 741/189/401 742/191/401
f 734/160/402 750/192/402 735/164/402
f 728/167/403 742/191/403 743/193/403
f 721/170/404 713/194/404 736/195/404
f 720/196/405 735/164/405 750/192/405
f 728/167/406 744/197/406 729/172/406
f 722/198/407 736/195/407 737/199/407
f 729/172/408 745/200/408 730/177/408
f 723/180/409 737/201/409 738/184/409
f 749/190/410 765/202/410 750/192/410
f 743/193/411 757/203/411 758/204/411
f 736/195/412 713/205/412 751/206/412
f 720/207/413 750/192/413 765/202/413
f 743/193/414 759/208/414 744/197/414
f 737/201/415 751/209/415 752/210/415
f 744/197/416 760/211/416 745/200/416
f 738/184/417 752/210/417 753/212/417
f 745/200/418 761/213/418 746/183/418
f 739/185/419 753/212/419 754/214/419
f 746/183/420 762/215/420 747/186/420
f 740/187/421 754/214/421 755/216/421
f 747/186/422 763/217/422 748/188/422
f 741/189/423 755/216/423 756/218/423
f 748/188/424 764/219/424 749/190/424
f 742/191/425 756/218/425 757/203/425
f 754/214/426 768/220/426 769/221/426
f 761/213/427 777/222/427 762/215/427
f 755/216/428 769/221/428 770/223/428
f 762/215/429 778/224/429 763/217/429
f 756/218/430 770/223/430 771/225/430
f 763/217/431 779/226/431 764/219/431
f 757/203/432 771/225/432 772/227/432
f 764/219/433 780/228/433 765/202/433
f 758/204/434 772/227/434 773/229/434
f 751/206/435 713/230/435 766/231/435
f 720/232/436 765/202/436 780/228/436
f 758/204/437 774/233/437 759/208/437
f 752/210/438 766/234/438 767/235/438
f 759/208/439 775/236/439 760/211/439
f 753/212/440 767/235/440 768/220/440
f 760/211/441 776/237/441 761/213/441
f 773/229/442 787/238/442 788/239/442
f 766/231/443 713/240/443 781/241/443
f 720/242/444 780/228/444 795/243/444
f 773/229/445 789/244/445 774/233/445
f 767/235/446 781/245/446 782/246/446
f 774/233/447 790/247/447 775/236/447
f 768/220/448 782/246/448 783/248/448
f 775/236/449 791/249/449 776/237/449
f 769/221/450 783/248/450 784/250/450
f 776/237/451 792/251/451 777/222/451
f 770/223/452 784/250/452 785/252/452
f 777/222/453 793/253/453 778/224/453
f 771/225/454 785/252/454 786/254/454
f 778/224/455 794/255/455 779/226/455
f 772/227/456 786/254/456 787/238/456
f 779/226/457 795/243/457 780/228/457
f 791/249/458 807/256/458 792/251/458
f 785/252/459 799/257/459 800/258/459
f 792/251/460 808/259/460 793/253/460
f 786/254/461 800/258/461 801/260/461
f 793/253/462 809/261/462 794/255/462
f 787/238/463 801/260/463 802/262/463
f 794/255/464 810/263/464 795/243/464
f 788/239/465 802/262/465 803/264/465
f 781/241/466 713/265/466 796/266/466
f 720/267/467 795/243/467 810/263/467
f 788/239/468 804/268/468 789/244/468
f 782/246/469 796/269/469 797/270/469
f 789/244/470 805/271/470 790/247/470
f 783/248/471 797/270/471 798/272/471
f 790/247/472 806/273/472 791/249/472
f 784/250/473 798/272/473 799/257/473
f 796/266/474 713/274/474 811/275/474
f 720/276/475 810/263/475 825/277/475
f 803/264/476 819/278/476 804/268/476
f 797/270/477 811/279/477 812/280/477
f 804/268/478 820/281/478 805/271/478
f 798/272/479 812/280/479 813/282/479
f 805/271/480 821/283/480 806/273/480
f 799/257/481 813/282/481 814/284/481
f 806/273/482 822/285/482 807/256/482
f 800/258/483 814/284/483 815/286/483
f 807/256/484 823/287/484 808/259/484
f 801/260/485 815/286/485 816/288/485
f 808/259/486 824/289/486 809/261/486
f 802/262/487 816/288/487 817/290/487
f 809/261/488 825/277/488 810/263/488
f 803/264/489 817/290/489 818/291/489
f 815/286/490 829/292/490 830/293/490
f 822/285/491 838/294/491 823/287/491
f 816/288/492 830/293/492 831/295/492
f 823/287/493 839/296/493 824/289/493
f 817/290/494 831/295/494 832/297/494
f 824/289/495 840/298/495 825/277/495
f 818/291/496 832/297/496 833/299/496
f 811/275/497 713/300/497 826/301/497
f 720/302/498 825/277/498 840/298/498
f 818/291/499 834/303/499 819/278/499
f 812/304/500 826/301/500 827/305/500
f 819/278/501 835/306/501 820/281/501
f 813/282/502 827/307/502 828/308/502
f 820/281/503 836/309/503 821/283/503
f 814/284/504 828/308/504 829/292/504
f 821/283/505 837/310/505 822/285/505
f 834/303/506 848/311/506 849/312/506
f 826/313/507 842/314/507 827/307/507
f 835/306/508 849/312/508 850/315/508
f 827/307/509 843/316/509 828/308/509
f 836/309/510 850/315/510 851/317/510
f 828/308/511 844/318/511 829/292/511
f 837/310/512 851/317/512 852/319/512
f 829/292/513 845/320/513 830/293/513
f 838/294/514 852/319/514 853/321/514
f 830/293/515 846/322/515 831/295/515
f 839/296/516 853/321/516 854/323/516
f 831/295/517 847/324/517 832/297/517
f 840/298/518 854/323/518 855/325/518
f 832/297/519 848/311/519 833/299/519
f 826/301/520 713/326/520 841/327/520
f 720/328/521 840/298/521 855/325/521
f 853/321/522 867/329/522 868/330/522
f 845/320/523 861/331/523 846/322/523
f 854/323/524 868/330/524 869/332/524
f 846/322/525 862/333/525 847/324/525
f 855/325/526 869/332/526 870/334/526
f 847/324/527 863/335/527 848/311/527
f 841/327/528 713/336/528 856/337/528
f 720/338/529 855/325/529 870/334/529
f 849/312/530 863/335/530 864/339/530
f 841/340/531 857/341/531 842/314/531
f 850/315/532 864/339/532 865/342/532
f 842/314/533 858/343/533 843/316/533
f 851/317/534 865/342/534 866/344/534
f 843/316/535 859/345/535 844/318/535
f 852/319/536 866/344/536 867/329/536
f 844/318/537 860/346/537 845/320/537
f 865/342/538 879/347/538 880/348/538
f 857/341/539 873/349/539 858/343/539
f 866/344/540 880/348/540 881/350/540
f 858/343/541 874/351/541 859/345/541
f 867/329/542 881/350/542 882/352/542
f 859/345/543 875/353/543 860/346/543
f 868/330/544 882/352/544 883/354/544
f 860/346/545 876/355/545 861/331/545
f 869/332/546 883/354/546 884/356/546
f 861/331/547 877/357/547 862/333/547
f 870/334/548 884/356/548 885/358/548
f 862/333/549 878/359/549 863/335/549
f 856/337/550 713/360/550 871/361/550
f 720/362/551 870/334/551 885/358/551
f 864/339/552 878/359/552 879/347/552
f 856/363/553 872/364/553 857/341/553
f 884/356/554 898/365/554 899/366/554
f 876/355/555 892/367/555 877/357/555
f 885/358/556 899/366/556 900/368/556
f 877/357/557 893/369/557 878/359/557
f 871/361/558 713/370/558 886/371/558
f 720/372/559 885/358/559 900/368/559
f 879/347/560 893/369/560 894/373/560
f 871/374/561 887/375/561 872/364/561
f 880/348/562 894/373/562 895/376/562
f 872/364/563 888/377/563 873/349/563
f 881/350/564 895/376/564 896/378/564
f 873/349/565 889/379/565 874/351/565
f 882/352/566 896/378/566 897/380/566
f 874/351/567 890/381/567 875/353/567
f 883/354/568 897/380/568 898/365/568
f 875/353/569 891/382/569 876/355/569
f 887/375/570 903/383/570 888/377/570
f 896/378/571 910/384/571 911/385/571
f 888/377/572 904/386/572 889/379/572
f 897/380/573 911/385/573 912/387/573
f 889/379/574 905/388/574 890/381/574
f 898/365/575 912/387/575 913/389/575
f 890/381/576 906/390/576 891/382/576
f 899/366/577 913/389/577 914/391/577
f 891/382/578 907/392/578 892/367/578
f 900/368/579 914/391/579 915/393/579
f 892/367/580 908/394/580 893/369/580
f 886/371/581 713/395/581 901/396/581
f 720/397/582 900/368/582 915/393/582
f 894/373/583 908/394/583 909/398/583
f 886/399/584 902/400/584 887/375/584
f 895/376/585 909/398/585 910/384/585
f 906/390/586 922/401/586 907/392/586
f 915/393/587 929/402/587 930/403/587
f 907/392/588 923/404/588 908/394/588
f 901/396/589 713/405/589 916/406/589
f 720/407/590 915/393/590 930/403/590
f 909/398/591 923/404/591 924/408/591
f 901/409/592 917/410/592 902/400/592
f 910/384/593 924/408/593 925/411/593
f 902/400/594 918/412/594 903/383/594
f 911/385/595 925/411/595 926/413/595
f 903/383/596 919/414/596 904/386/596
f 912/387/597 926/413/597 927/415/597
f 904/386/598 920/416/598 905/388/598
f 913/389/599 927/415/599 928/417/599
f 905/388/600 921/418/600 906/390/600
f 914/391/601 928/417/601 929/402/601
f 926/413/602 940/419/602 941/420/602
f 918/412/603 934/421/603 919/414/603
f 927/415/604 941/420/604 942/422/604
f 919/414/605 935/423/605 920/416/605
f 928/417/606 942/422/606 943/424/606
f 920/416/607 936/425/607 921/418/607
f 929/402/608 943/424/608 944/426/608
f 921/418/609 937/427/609 922/401/609
f 930/403/610 944/426/610 945/428/610
f 922/401/611 938/429/611 923/404/611
f 916/406/612 713/430/612 931/431/612
f 720/432/613 930/403/613 945/428/613
f 924/408/614 938/429/614 939/433/614
f 916/406/615 932/434/615 917/435/615
f 925/411/616 939/433/616 940/419/616
f 917/410/617 933/436/617 918/412/617
f 945/428/618 959/437/618 960/438/618
f 937/427/619 953/439/619 938/429/619
f 931/431/620 713/440/620 946/441/620
f 720/442/621 945/428/621 960/438/621
f 939/433/622 953/439/622 954/443/622
f 931/444/623 947/445/623 932/446/623
f 940/419/624 954/443/624 955/447/624
f 932/446/625 948/448/625 933/436/625
f 941/420/626 955/447/626 956/449/626
f 933/436/627 949/450/627 934/421/627
f 942/422/628 956/449/628 957/451/628
f 934/421/629 950/452/629 935/423/629
f 943/424/630 957/451/630 958/453/630
f 935/423/631 951/454/631 936/425/631
f 944/426/632 958/453/632 959/437/632
f 936/425/633 952/455/633 937/427/633
f 949/450/634 963/456/634 964/457/634
f 956/449/635 972/458/635 957/451/635
f 950/452/636 964/457/636 965/459/636
f 957/451/637 973/460/637 958/453/637
f 951/454/638 965/459/638 966/461/638
f 958/453/639 974/462/639 959/437/639
f 952/455/640 966/461/640 967/463/640
f 959/437/641 975/464/641 960/438/641
f 953/439/642 967/463/642 968/465/642
f 946/441/643 713/466/643 961/467/643
f 720/468/644 960/438/644 975/464/644
f 953/439/645 969/469/645 954/443/645
f 947/445/646 961/470/646 962/471/646
f 954/443/647 970/472/647 955/447/647
f 948/448/648 962/471/648 963/456/648
f 955/447/649 971/473/649 956/449/649
f 968/465/650 982/474/650 983/475/650
f 961/467/651 713/476/651 976/477/651
f 720/478/652 975/464/652 990/479/652
f 968/465/653 984/480/653 969/469/653
f 962/471/654 976/481/654 977/482/654
f 969/469/655 985/483/655 970/472/655
f 963/456/656 977/482/656 978/484/656
f 970/472/657 986/485/657 971/473/657
f 964/457/658 978/484/658 979/486/658
f 971/473/659 987/487/659 972/458/659
f 965/459/660 979/486/660 980/488/660
f 972/458/661 988/489/661 973/460/661
f 966/461/662 980/488/662 981/490/662
f 973/460/663 989/491/663 974/462/663
f 967/463/664 981/490/664 982/474/664
f 974/462/665 990/479/665 975/464/665
f 986/485/666 1002/492/666 987/487/666
f 980/488/667 994/493/667 995/494/667
f 987/487/668 1003/495/668 988/489/668
f 981/490/669 995/494/669 996/496/669
f 988/489/670 1004/497/670 989/491/670
f 982/474/671 996/496/671 997/498/671
f 989/491/672 1005/499/672 990/479/672
f 983/475/673 997/498/673 998/500/673
f 976/477/674 713/501/674 991/502/674
f 720/503/675 990/479/675 1005/499/675
f 983/475/676 999/504/676 984/480/676
f 977/482/677 991/505/677 992/506/677
f 984/480/678 1000/507/678 985/483/678
f 978/484/679 992/506/679 993/508/679
f 985/483/680 1001/509/680 986/485/680
f 979/486/681 993/508/681 994/493/681
f 720/510/682 1005/499/682 1020/511/682
f 998/500/683 1014/512/683 999/504/683
f 992/506/684 1006/513/684 1007/514/684
f 999/504/685 1015/515/685 1000/507/685
f 993/508/686 1007/514/686 1008/516/686
f 1000/507/687 1016/517/687 1001/509/687
f 994/493/688 1008/516/688 1009/518/688
f 1001/509/689 1017/519/689 1002/492/689
f 995/494/690 1009/518/690 1010/520/690
f 1002/492/691 1018/521/691 1003/495/691
f 996/496/692 1010/520/692 1011/522/692
f 1003/495/693 1019/523/693 1004/497/693
f 997/498/694 1011/522/694 1012/524/694
f 1004/497/695 1020/511/695 1005/499/695
f 998/500/696 1012/524/696 1013/525/696
f 991/502/697 713/526/697 1006/527/697
f 1017/519/698 1033/528/698 1018/521/698
f 1011/522/699 1025/529/699 1026/530/699
f 1018/521/700 1034/531/700 1019/523/700
f 1012/524/701 1026/530/701 1027/532/701
f 1019/523/702 1035/533/702 1020/511/702
f 1013/525/703 1027/532/703 1028/534/703
f 1006/527/704 713/535/704 1021/536/704
f 720/537/705 1020/511/705 1035/533/705
f 1013/525/706 1029/538/706 1014/512/706
f 1007/514/707 1021/539/707 1022/540/707
f 1014/512/708 1030/541/708 1015/515/708
f 1008/516/709 1022/540/709 1023/542/709
f 1015/515/710 1031/543/710 1016/517/710
f 1009/518/711 1023/542/711 1024/544/711
f 1016/517/712 1032/545/712 1017/519/712
f 1010/520/713 1024/544/713 1025/529/713
f 1022/540/714 1036/546/714 1037/547/714
f 1029/538/715 1045/548/715 1030/541/715
f 1023/542/716 1037/547/716 1038/549/716
f 1030/541/717 1046/550/717 1031/543/717
f 1024/544/718 1038/549/718 1039/551/718
f 1031/543/719 1047/552/719 1032/545/719
f 1025/529/720 1039/551/720 1040/553/720
f 1032/545/721 1048/554/721 1033/528/721
f 1026/530/722 1040/553/722 1041/555/722
f 1033/528/723 1049/556/723 1034/531/723
f 1027/532/724 1041/555/724 1042/557/724
f 1034/531/725 1050/558/725 1035/533/725
f 1028/534/726 1042/557/726 1043/559/726
f 1021/536/727 713/560/727 1036/561/727
f 720/562/728 1035/533/728 1050/558/728
f 1028/534/729 1044/563/729 1029/538/729
f 1041/555/730 1055/564/730 1056/565/730
f 1048/554/731 1064/566/731 1049/556/731
f 1042/557/732 1056/565/732 1057/567/732
f 1049/556/733 1065/568/733 1050/558/733
f 1043/559/734 1057/567/734 1058/569/734
f 1036/561/735 713/570/735 1051/571/735
f 720/572/736 1050/558/736 1065/568/736
f 1043/559/737 1059/573/737 1044/563/737
f 1037/547/738 1051/574/738 1052/575/738
f 1044/563/739 1060/576/739 1045/548/739
f 1038/549/740 1052/575/740 1053/577/740
f 1045/548/741 1061/578/741 1046/550/741
f 1039/551/742 1053/577/742 1054/579/742
f 1046/550/743 1062/580/743 1047/552/743
f 1040/553/744 1054/579/744 1055/564/744
f 1047/552/745 1063/581/745 1048/554/745
f 1059/573/746 1075/582/746 1060/576/746
f 1053/577/747 1067/583/747 1068/584/747
f 1060/576/748 1076/585/748 1061/578/748
f 1054/579/749 1068/584/749 1069/586/749
f 1061/578/750 1077/587/750 1062/580/750
f 1055/564/751 1069/586/751 1070/588/751
f 1062/580/752 1078/589/752 1063/581/752
f 1056/565/753 1070/588/753 1071/590/753
f 1063/581/754 1079/591/754 1064/566/754
f 1057/567/755 1071/590/755 1072/592/755
f 1064/566/756 1080/593/756 1065/568/756
f 1058/569/757 1072/592/757 1073/594/757
f 1051/571/758 713/595/758 1066/596/758
f 720/597/759 1065/568/759 1080/593/759
f 1058/569/760 1074/598/760 1059/573/760
f 1052/575/761 1066/599/761 1067/583/761
f 1079/600/762 1093/601/762 1094/602/762
f 1071/603/763 1087/604/763 1072/605/763
f 1080/606/764 1094/602/764 1095/607/764
f 1072/605/765 1088/608/765 1073/609/765
f 1066/610/766 713/611/766 1081/612/766
f 720/613/767 1080/606/767 1095/607/767
f 1074/614/768 1088/608/768 1089/615/768
f 1066/610/769 1082/616/769 1067/617/769
f 1075/618/770 1089/615/770 1090/619/770
f 1067/620/771 1083/621/771 1068/622/771
f 1076/623/772 1090/619/772 1091/624/772
f 1068/622/773 1084/625/773 1069/626/773
f 1077/627/774 1091/624/774 1092/628/774
f 1069/626/775 1085/629/775 1070/630/775
f 1078/631/776 1092/628/776 1093/601/776
f 1070/630/777 1086/632/777 1071/603/777
f 1082/633/778 1098/634/778 1083/621/778
f 1091/624/779 1105/635/779 1106/636/779
f 1083/621/780 1099/637/780 1084/625/780
f 1092/628/781 1106/636/781 1107/638/781
f 1084/625/782 1100/639/782 1085/629/782
f 1093/601/783 1107/638/783 1108/640/783
f 1085/629/784 1101/641/784 1086/632/784
f 1094/602/785 1108/640/785 1109/642/785
f 1086/632/786 1102/643/786 1087/604/786
f 1095/607/787 1109/642/787 1110/644/787
f 1087/604/788 1103/645/788 1088/608/788
f 1081/612/789 713/646/789 1096/647/789
f 720/648/790 1095/607/790 1110/644/790
f 1089/615/791 1103/645/791 1104/649/791
f 1081/650/792 1097/651/792 1082/633/792
f 1090/619/793 1104/649/793 1105/635/793
f 1101/641/794 1117/652/794 1102/643/794
f 1110/644/795 1124/653/795 1125/654/795
f 1102/643/796 1118/655/796 1103/645/796
f 1096/647/797 713/656/797 1111/657/797
f 720/658/798 1110/644/798 1125/654/798
f 1104/649/799 1118/655/799 1119/659/799
f 1096/660/800 1112/661/800 1097/651/800
f 1105/635/801 1119/659/801 1120/662/801
f 1097/651/802 1113/663/802 1098/634/802
f 1106/636/803 1120/662/803 1121/664/803
f 1098/634/804 1114/665/804 1099/637/804
f 1107/638/805 1121/664/805 1122/666/805
f 1099/637/806 1115/667/806 1100/639/806
f 1108/640/807 1122/666/807 1123/668/807
f 1100/639/808 1116/669/808 1101/641/808
f 1109/642/809 1123/668/809 1124/653/809
f 1121/664/810 1135/670/810 1136/671/810
f 1113/663/811 1129/672/811 1114/665/811
f 1122/666/812 1136/671/812 1137/673/812
f 1114/665/813 1130/674/813 1115/667/813
f 1123/668/814 1137/673/814 1138/675/814
f 1115/667/815 1131/676/815 1116/669/815
f 1124/653/816 1138/675/816 1139/677/816
f 1116/669/817 1132/678/817 1117/652/817
f 1125/654/818 1139/677/818 1140/679/818
f 1117/652/819 1133/680/819 1118/655/819
f 1111/657/820 713/681/820 1126/682/820
f 720/683/821 1125/654/821 1140/679/821
f 1119/659/822 1133/680/822 1134/684/822
f 1111/685/823 1127/686/823 1112/661/823
f 1120/662/824 1134/684/824 1135/670/824
f 1112/661/825 1128/687/825 1113/663/825
f 1140/679/826 1154/688/826 1155/689/826
f 1132/678/827 1148/690/827 1133/680/827
f 1126/682/828 713/691/828 1141/692/828
f 720/693/829 1140/679/829 1155/689/829
f 1134/684/830 1148/690/830 1149/694/830
f 1126/695/831 1142/696/831 1127/686/831
f 1135/670/832 1149/694/832 1150/697/832
f 1127/686/833 1143/698/833 1128/687/833
f 1136/671/834 1150/697/834 1151/699/834
f 1128/687/835 1144/700/835 1129/672/835
f 1137/673/836 1151/699/836 1152/701/836
f 1129/672/837 1145/702/837 1130/674/837
f 1138/675/838 1152/701/838 1153/703/838
f 1130/674/839 1146/704/839 1131/676/839
f 1139/677/840 1153/703/840 1154/688/840
f 1131/676/841 1147/705/841 1132/678/841
f 1152/701/842 1166/706/842 1167/707/842
f 1144/700/843 1160/708/843 1145/702/843
f 1153/703/844 1167/707/844 1168/709/844
f 1145/702/845 1161/710/845 1146/704/845
f 1154/688/846 1168/709/846 1169/711/846
f 1146/704/847 1162/712/847 1147/705/847
f 1155/689/848 1169/711/848 1170/713/848
f 1147/705/849 1163/714/849 1148/690/849
f 1141/692/850 713/715/850 1156/716/850
f 720/717/851 1155/689/851 1170/713/851
f 1149/694/852 1163/714/852 1164/718/852
f 1141/719/853 1157/720/853 1142/696/853
f 1150/697/854 1164/718/854 1165/721/854
f 1142/696/855 1158/722/855 1143/698/855
f 1151/699/856 1165/721/856 1166/706/856
f 1143/698/857 1159/723/857 1144/700/857
f 1156/716/858 713/724/858 1171/725/858
f 720/726/859 1170/713/859 1185/727/859
f 1164/718/860 1178/728/860 1179/729/860
f 1156/730/861 1172/731/861 1157/720/861
f 1165/721/862 1179/729/862 1180/732/862
f 1157/720/863 1173/733/863 1158/722/863
f 1166/706/864 1180/732/864 1181/734/864
f 1158/722/865 1174/735/865 1159/723/865
f 1167/707/866 1181/734/866 1182/736/866
f 1159/723/867 1175/737/867 1160/708/867
f 1168/709/868 1182/736/868 1183/738/868
f 1160/708/869 1176/739/869 1161/710/869
f 1169/711/870 1183/738/870 1184/740/870
f 1161/710/871 1177/741/871 1162/712/871
f 1170/713/872 1184/740/872 1185/727/872
f 1162/712/873 1178/728/873 1163/714/873
f 1174/735/874 715/153/874 1175/737/874
f 1183/738/875 1191/152/875 1192/157/875
f 1175/737/876 1189/158/876 1176/739/876
f 1184/740/877 1192/157/877 1193/161/877
f 1176/739/878 716/162/878 1177/741/878
f 1185/727/879 1193/161/879 1194/165/879
f 1177/741/880 717/166/880 1178/728/880
f 1171/725/881 713/742/881 1186/168/881
f 720/743/882 1185/727/882 1194/165/882
f 1179/729/883 717/166/883 718/173/883
f 1171/744/884 1187/174/884 1172/731/884
f 1180/732/885 718/173/885 1190/178/885
f 1172/731/886 714/179/886 1173/733/886
f 1181/734/887 1190/178/887 719/150/887
f 1173/733/888 1188/182/888 1174/735/888
f 1182/736/889 719/150/889 1191/152/889
f 1209/150/635 1222/151/635 1681/152/635
f 1205/153/636 1214/154/636 1215/155/636
f 1681/152/637 1223/156/637 1682/157/637
f 1679/158/638 1215/155/638 1216/159/638
f 1682/157/639 1224/160/639 1683/161/639
f 1206/162/640 1216/159/640 1217/163/640
f 1683/161/641 1225/164/641 1684/165/641
f 1207/166/642 1217/163/642 1218/167/642
f 1676/168/890 1203/169/890 1211/170/890
f 1210/171/891 1684/165/891 1225/164/891
f 1207/166/645 1219/172/645 1208/173/645
f 1677/174/646 1211/175/646 1212/176/646
f 1208/173/647 1220/177/647 1680/178/647
f 1204/179/648 1212/176/648 1213/180/648
f 1680/178/892 1221/181/892 1209/150/892
f 1678/182/634 1213/180/634 1214/154/634
f 1220/177/893 1236/183/893 1221/181/893
f 1214/154/658 1228/184/658 1229/185/658
f 1221/181/659 1237/186/659 1222/151/659
f 1215/155/660 1229/185/660 1230/187/660
f 1222/151/661 1238/188/661 1223/156/661
f 1216/159/894 1230/187/894 1231/189/894
f 1223/156/663 1239/190/663 1224/160/663
f 1217/163/664 1231/189/664 1232/191/664
f 1224/160/665 1240/192/665 1225/164/665
f 1218/167/650 1232/191/650 1233/193/650
f 1211/170/651 1203/194/651 1226/195/651
f 1210/196/652 1225/164/652 1240/192/652
f 1218/167/653 1234/197/653 1219/172/653
f 1212/198/654 1226/195/654 1227/199/654
f 1219/172/655 1235/200/655 1220/177/655
f 1213/180/656 1227/201/656 1228/184/656
f 1239/190/672 1255/202/672 1240/192/672
f 1233/193/673 1247/203/673 1248/204/673
f 1226/195/674 1203/205/674 1241/206/674
f 1210/207/675 1240/192/675 1255/202/675
f 1233/193/895 1249/208/895 1234/197/895
f 1227/201/677 1241/209/677 1242/210/677
f 1234/197/678 1250/211/678 1235/200/678
f 1228/184/679 1242/210/679 1243/212/679
f 1235/200/680 1251/213/680 1236/183/680
f 1229/185/681 1243/212/681 1244/214/681
f 1236/183/666 1252/215/666 1237/186/666
f 1230/187/667 1244/214/667 1245/216/667
f 1237/186/668 1253/217/668 1238/188/668
f 1231/189/669 1245/216/669 1246/218/669
f 1238/188/670 1254/219/670 1239/190/670
f 1232/191/671 1246/218/671 1247/203/671
f 1244/214/688 1258/220/688 1259/221/688
f 1251/213/896 1267/222/896 1252/215/896
f 1245/216/690 1259/221/690 1260/223/690
f 1252/215/691 1268/224/691 1253/217/691
f 1246/218/692 1260/223/692 1261/225/692
f 1253/217/897 1269/226/897 1254/219/897
f 1247/203/694 1261/225/694 1262/227/694
f 1254/219/695 1270/228/695 1255/202/695
f 1248/204/696 1262/227/696 1263/229/696
f 1241/206/697 1203/230/697 1256/231/697
f 1210/232/682 1255/202/682 1270/228/682
f 1248/204/683 1264/233/683 1249/208/683
f 1242/210/684 1256/234/684 1257/235/684
f 1249/208/685 1265/236/685 1250/211/685
f 1243/212/686 1257/235/686 1258/220/686
f 1250/211/687 1266/237/687 1251/213/687
f 1263/229/898 1277/238/898 1278/239/898
f 1256/231/704 1203/240/704 1271/241/704
f 1210/242/705 1270/228/705 1285/243/705
f 1263/229/899 1279/244/899 1264/233/899
f 1257/235/707 1271/245/707 1272/246/707
f 1264/233/708 1280/247/708 1265/236/708
f 1258/220/709 1272/246/709 1273/248/709
f 1265/236/900 1281/249/900 1266/237/900
f 1259/221/711 1273/248/711 1274/250/711
f 1266/237/712 1282/251/712 1267/222/712
f 1260/223/713 1274/250/713 1275/252/713
f 1267/222/698 1283/253/698 1268/224/698
f 1261/225/699 1275/252/699 1276/254/699
f 1268/224/700 1284/255/700 1269/226/700
f 1262/227/701 1276/254/701 1277/238/701
f 1269/226/901 1285/243/901 1270/228/901
f 1281/249/719 1297/256/719 1282/251/719
f 1275/252/720 1289/257/720 1290/258/720
f 1282/251/721 1298/259/721 1283/253/721
f 1276/254/722 1290/258/722 1291/260/722
f 1283/253/723 1299/261/723 1284/255/723
f 1277/238/724 1291/260/724 1292/262/724
f 1284/255/902 1300/263/902 1285/243/902
f 1278/239/726 1292/262/726 1293/264/726
f 1271/241/727 1203/265/727 1286/266/727
f 1210/267/728 1285/243/728 1300/263/728
f 1278/239/729 1294/268/729 1279/244/729
f 1272/246/714 1286/269/714 1287/270/714
f 1279/244/715 1295/271/715 1280/247/715
f 1273/248/716 1287/270/716 1288/272/716
f 1280/247/903 1296/273/903 1281/249/903
f 1274/250/718 1288/272/718 1289/257/718
f 1286/266/735 1203/274/735 1301/275/735
f 1210/276/736 1300/263/736 1315/277/736
f 1293/264/904 1309/278/904 1294/268/904
f 1287/270/738 1301/279/738 1302/280/738
f 1294/268/739 1310/281/739 1295/271/739
f 1288/272/740 1302/280/740 1303/282/740
f 1295/271/741 1311/283/741 1296/273/741
f 1289/257/742 1303/282/742 1304/284/742
f 1296/273/743 1312/285/743 1297/256/743
f 1290/258/744 1304/284/744 1305/286/744
f 1297/256/745 1313/287/745 1298/259/745
f 1291/260/730 1305/286/730 1306/288/730
f 1298/259/731 1314/289/731 1299/261/731
f 1292/262/732 1306/288/732 1307/290/732
f 1299/261/733 1315/277/733 1300/263/733
f 1293/264/734 1307/290/734 1308/291/734
f 1305/286/751 1319/292/751 1320/293/751
f 1312/285/752 1328/294/752 1313/287/752
f 1306/288/753 1320/293/753 1321/295/753
f 1313/287/754 1329/296/754 1314/289/754
f 1307/290/755 1321/295/755 1322/297/755
f 1314/289/756 1330/298/756 1315/277/756
f 1308/291/905 1322/297/905 1323/299/905
f 1301/275/758 1203/300/758 1316/301/758
f 1210/302/759 1315/277/759 1330/298/759
f 1308/291/906 1324/303/906 1309/278/906
f 1302/304/761 1316/301/761 1317/305/761
f 1309/278/746 1325/306/746 1310/281/746
f 1303/282/747 1317/307/747 1318/308/747
f 1310/281/748 1326/309/748 1311/283/748
f 1304/284/749 1318/308/749 1319/292/749
f 1311/283/750 1327/310/750 1312/285/750
f 1324/303/768 1338/311/768 1339/312/768
f 1316/313/769 1332/314/769 1317/307/769
f 1325/306/770 1339/312/770 1340/315/770
f 1317/307/771 1333/316/771 1318/308/771
f 1326/309/772 1340/315/772 1341/317/772
f 1318/308/773 1334/318/773 1319/292/773
f 1327/310/907 1341/317/907 1342/319/907
f 1319/292/775 1335/320/775 1320/293/775
f 1328/294/776 1342/319/776 1343/321/776
f 1320/293/777 1336/322/777 1321/295/777
f 1329/296/762 1343/321/762 1344/323/762
f 1321/295/763 1337/324/763 1322/297/763
f 1330/298/764 1344/323/764 1345/325/764
f 1322/297/765 1338/311/765 1323/299/765
f 1316/301/766 1203/326/766 1331/327/766
f 1210/328/767 1330/298/767 1345/325/767
f 1343/321/783 1357/329/783 1358/330/783
f 1335/320/784 1351/331/784 1336/322/784
f 1344/323/785 1358/330/785 1359/332/785
f 1336/322/786 1352/333/786 1337/324/786
f 1345/325/787 1359/332/787 1360/334/787
f 1337/324/908 1353/335/908 1338/311/908
f 1331/327/789 1203/336/789 1346/337/789
f 1210/338/790 1345/325/790 1360/334/790
f 1339/312/909 1353/335/909 1354/339/909
f 1331/340/910 1347/341/910 1332/314/910
f 1340/315/793 1354/339/793 1355/342/793
f 1332/314/778 1348/343/778 1333/316/778
f 1341/317/779 1355/342/779 1356/344/779
f 1333/316/780 1349/345/780 1334/318/780
f 1342/319/781 1356/344/781 1357/329/781
f 1334/318/782 1350/346/782 1335/320/782
f 1355/342/801 1369/347/801 1370/348/801
f 1347/341/802 1363/349/802 1348/343/802
f 1356/344/803 1370/348/803 1371/350/803
f 1348/343/804 1364/351/804 1349/345/804
f 1357/329/805 1371/350/805 1372/352/805
f 1349/345/806 1365/353/806 1350/346/806
f 1358/330/807 1372/352/807 1373/354/807
f 1350/346/808 1366/355/808 1351/331/808
f 1359/332/809 1373/354/809 1374/356/809
f 1351/331/794 1367/357/794 1352/333/794
f 1360/334/911 1374/356/911 1375/358/911
f 1352/333/912 1368/359/912 1353/335/912
f 1346/337/797 1203/360/797 1361/361/797
f 1210/362/798 1360/334/798 1375/358/798
f 1354/339/799 1368/359/799 1369/347/799
f 1346/363/800 1362/364/800 1347/341/800
f 1374/356/816 1388/365/816 1389/366/816
f 1366/355/817 1382/367/817 1367/357/817
f 1375/358/913 1389/366/913 1390/368/913
f 1367/357/819 1383/369/819 1368/359/819
f 1361/361/820 1203/370/820 1376/371/820
f 1210/372/821 1375/358/821 1390/368/821
f 1369/347/822 1383/369/822 1384/373/822
f 1361/374/823 1377/375/823 1362/364/823
f 1370/348/824 1384/373/824 1385/376/824
f 1362/364/825 1378/377/825 1363/349/825
f 1371/350/810 1385/376/810 1386/378/810
f 1363/349/811 1379/379/811 1364/351/811
f 1372/352/812 1386/378/812 1387/380/812
f 1364/351/813 1380/381/813 1365/353/813
f 1373/354/814 1387/380/814 1388/365/814
f 1365/353/815 1381/382/815 1366/355/815
f 1377/375/914 1393/383/914 1378/377/914
f 1386/378/915 1400/384/915 1401/385/915
f 1378/377/835 1394/386/835 1379/379/835
f 1387/380/836 1401/385/836 1402/387/836
f 1379/379/916 1395/388/916 1380/381/916
f 1388/365/838 1402/387/838 1403/389/838
f 1380/381/839 1396/390/839 1381/382/839
f 1389/366/917 1403/389/917 1404/391/917
f 1381/382/841 1397/392/841 1382/367/841
f 1390/368/826 1404/391/826 1405/393/826
f 1382/367/918 1398/394/918 1383/369/918
f 1376/371/828 1203/395/828 1391/396/828
f 1210/397/829 1390/368/829 1405/393/829
f 1384/373/919 1398/394/919 1399/398/919
f 1376/399/831 1392/400/831 1377/375/831
f 1385/376/832 1399/398/832 1400/384/832
f 1396/390/847 1412/401/847 1397/392/847
f 1405/393/848 1419/402/848 1420/403/848
f 1397/392/920 1413/404/920 1398/394/920
f 1391/396/850 1203/405/850 1406/406/850
f 1210/407/851 1405/393/851 1420/403/851
f 1399/398/852 1413/404/852 1414/408/852
f 1391/409/853 1407/410/853 1392/400/853
f 1400/384/854 1414/408/854 1415/411/854
f 1392/400/855 1408/412/855 1393/383/855
f 1401/385/856 1415/411/856 1416/413/856
f 1393/383/857 1409/414/857 1394/386/857
f 1402/387/842 1416/413/842 1417/415/842
f 1394/386/843 1410/416/843 1395/388/843
f 1403/389/844 1417/415/844 1418/417/844
f 1395/388/845 1411/418/845 1396/390/845
f 1404/391/846 1418/417/846 1419/402/846
f 1416/413/864 1430/419/864 1431/420/864
f 1408/412/865 1424/421/865 1409/414/865
f 1417/415/866 1431/420/866 1432/422/866
f 1409/414/867 1425/423/867 1410/416/867
f 1418/417/868 1432/422/868 1433/424/868
f 1410/416/869 1426/425/869 1411/418/869
f 1419/402/870 1433/424/870 1434/426/870
f 1411/418/871 1427/427/871 1412/401/871
f 1420/403/872 1434/426/872 1435/428/872
f 1412/401/873 1428/429/873 1413/404/873
f 1406/406/858 1203/430/858 1421/431/858
f 1210/432/859 1420/403/859 1435/428/859
f 1414/408/860 1428/429/860 1429/433/860
f 1406/406/861 1422/434/861 1407/435/861
f 1415/411/862 1429/433/862 1430/419/862
f 1407/410/863 1423/436/863 1408/412/863
f 1435/428/879 1449/437/879 1450/438/879
f 1427/427/880 1443/439/880 1428/429/880
f 1421/431/881 1203/440/881 1436/441/881
f 1210/442/882 1435/428/882 1450/438/882
f 1429/433/883 1443/439/883 1444/443/883
f 1421/444/884 1437/445/884 1422/446/884
f 1430/419/885 1444/443/885 1445/447/885
f 1422/446/886 1438/448/886 1423/436/886
f 1431/420/887 1445/447/887 1446/449/887
f 1423/436/888 1439/450/888 1424/421/888
f 1432/422/889 1446/449/889 1447/451/889
f 1424/421/874 1440/452/874 1425/423/874
f 1433/424/875 1447/451/875 1448/453/875
f 1425/423/876 1441/454/876 1426/425/876
f 1434/426/877 1448/453/877 1449/437/877
f 1426/425/878 1442/455/878 1427/427/878
f 1439/450/393 1453/456/393 1454/457/393
f 1446/449/378 1462/458/378 1447/451/378
f 1440/452/379 1454/457/379 1455/459/379
f 1447/451/380 1463/460/380 1448/453/380
f 1441/454/381 1455/459/381 1456/461/381
f 1448/453/382 1464/462/382 1449/437/382
f 1442/455/383 1456/461/383 1457/463/383
f 1449/437/384 1465/464/384 1450/438/384
f 1443/439/921 1457/463/921 1458/465/921
f 1436/441/386 1203/466/386 1451/467/386
f 1210/468/387 1450/438/387 1465/464/387
f 1443/439/388 1459/469/388 1444/443/388
f 1437/445/389 1451/470/389 1452/471/389
f 1444/443/390 1460/472/390 1445/447/390
f 1438/448/391 1452/471/391 1453/456/391
f 1445/447/392 1461/473/392 1446/449/392
f 1458/465/403 1472/474/403 1473/475/403
f 1451/467/404 1203/476/404 1466/477/404
f 1210/478/405 1465/464/405 1480/479/405
f 1458/465/406 1474/480/406 1459/469/406
f 1452/471/407 1466/481/407 1467/482/407
f 1459/469/408 1475/483/408 1460/472/408
f 1453/456/409 1467/482/409 1468/484/409
f 1460/472/394 1476/485/394 1461/473/394
f 1454/457/395 1468/484/395 1469/486/395
f 1461/473/396 1477/487/396 1462/458/396
f 1455/459/397 1469/486/397 1470/488/397
f 1462/458/398 1478/489/398 1463/460/398
f 1456/461/922 1470/488/922 1471/490/922
f 1463/460/400 1479/491/400 1464/462/400
f 1457/463/401 1471/490/401 1472/474/401
f 1464/462/402 1480/479/402 1465/464/402
f 1476/485/420 1492/492/420 1477/487/420
f 1470/488/421 1484/493/421 1485/494/421
f 1477/487/422 1493/495/422 1478/489/422
f 1471/490/423 1485/494/423 1486/496/423
f 1478/489/424 1494/497/424 1479/491/424
f 1472/474/425 1486/496/425 1487/498/425
f 1479/491/410 1495/499/410 1480/479/410
f 1473/475/411 1487/498/411 1488/500/411
f 1466/477/412 1203/501/412 1481/502/412
f 1210/503/413 1480/479/413 1495/499/413
f 1473/475/414 1489/504/414 1474/480/414
f 1467/482/415 1481/505/415 1482/506/415
f 1474/480/416 1490/507/416 1475/483/416
f 1468/484/417 1482/506/417 1483/508/417
f 1475/483/418 1491/509/418 1476/485/418
f 1469/486/419 1483/508/419 1484/493/419
f 1210/510/436 1495/499/436 1510/511/436
f 1488/500/437 1504/512/437 1489/504/437
f 1482/506/438 1496/513/438 1497/514/438
f 1489/504/439 1505/515/439 1490/507/439
f 1483/508/923 1497/514/923 1498/516/923
f 1490/507/924 1506/517/924 1491/509/924
f 1484/493/426 1498/516/426 1499/518/426
f 1491/509/925 1507/519/925 1492/492/925
f 1485/494/926 1499/518/926 1500/520/926
f 1492/492/429 1508/521/429 1493/495/429
f 1486/496/430 1500/520/430 1501/522/430
f 1493/495/927 1509/523/927 1494/497/927
f 1487/498/432 1501/522/432 1502/524/432
f 1494/497/433 1510/511/433 1495/499/433
f 1488/500/434 1502/524/434 1503/525/434
f 1481/502/435 1203/526/435 1496/527/435
f 1507/519/453 1523/528/453 1508/521/453
f 1501/522/454 1515/529/454 1516/530/454
f 1508/521/455 1524/531/455 1509/523/455
f 1502/524/456 1516/530/456 1517/532/456
f 1509/523/457 1525/533/457 1510/511/457
f 1503/525/442 1517/532/442 1518/534/442
f 1496/527/443 1203/535/443 1511/536/443
f 1210/537/444 1510/511/444 1525/533/444
f 1503/525/445 1519/538/445 1504/512/445
f 1497/514/446 1511/539/446 1512/540/446
f 1504/512/928 1520/541/928 1505/515/928
f 1498/516/448 1512/540/448 1513/542/448
f 1505/515/449 1521/543/449 1506/517/449
f 1499/518/450 1513/542/450 1514/544/450
f 1506/517/451 1522/545/451 1507/519/451
f 1500/520/452 1514/544/452 1515/529/452
f 1512/540/469 1526/546/469 1527/547/469
f 1519/538/470 1535/548/470 1520/541/470
f 1513/542/471 1527/547/471 1528/549/471
f 1520/541/472 1536/550/472 1521/543/472
f 1514/544/473 1528/549/473 1529/551/473
f 1521/543/458 1537/552/458 1522/545/458
f 1515/529/459 1529/551/459 1530/553/459
f 1522/545/460 1538/554/460 1523/528/460
f 1516/530/929 1530/553/929 1531/555/929
f 1523/528/462 1539/556/462 1524/531/462
f 1517/532/463 1531/555/463 1532/557/463
f 1524/531/930 1540/558/930 1525/533/930
f 1518/534/465 1532/557/465 1533/559/465
f 1511/536/466 1203/560/466 1526/561/466
f 1210/562/467 1525/533/467 1540/558/467
f 1518/534/468 1534/563/468 1519/538/468
f 1531/555/485 1545/564/485 1546/565/485
f 1538/554/486 1554/566/486 1539/556/486
f 1532/557/487 1546/565/487 1547/567/487
f 1539/556/488 1555/568/488 1540/558/488
f 1533/559/489 1547/567/489 1548/569/489
f 1526/561/931 1203/570/931 1541/571/931
f 1210/572/475 1540/558/475 1555/568/475
f 1533/559/932 1549/573/932 1534/563/932
f 1527/547/477 1541/574/477 1542/575/477
f 1534/563/478 1550/576/478 1535/548/478
f 1528/549/479 1542/575/479 1543/577/479
f 1535/548/480 1551/578/480 1536/550/480
f 1529/551/481 1543/577/481 1544/579/481
f 1536/550/482 1552/580/482 1537/552/482
f 1530/553/483 1544/579/483 1545/564/483
f 1537/552/484 1553/581/484 1538/554/484
f 1549/573/501 1565/582/501 1550/576/501
f 1543/577/502 1557/583/502 1558/584/502
f 1550/576/933 1566/585/933 1551/578/933
f 1544/579/504 1558/584/504 1559/586/504
f 1551/578/505 1567/587/505 1552/580/505
f 1545/564/490 1559/586/490 1560/588/490
f 1552/580/491 1568/589/491 1553/581/491
f 1546/565/492 1560/588/492 1561/590/492
f 1553/581/493 1569/591/493 1554/566/493
f 1547/567/494 1561/590/494 1562/592/494
f 1554/566/495 1570/593/495 1555/568/495
f 1548/569/934 1562/592/934 1563/594/934
f 1541/571/497 1203/595/497 1556/596/497
f 1210/597/498 1555/568/498 1570/593/498
f 1548/569/499 1564/598/499 1549/573/499
f 1542/575/500 1556/599/500 1557/583/500
f 1569/600/516 1583/601/516 1584/602/516
f 1561/603/517 1577/604/517 1562/605/517
f 1570/606/518 1584/602/518 1585/607/518
f 1562/605/519 1578/608/519 1563/609/519
f 1556/610/520 1203/611/520 1571/612/520
f 1210/613/521 1570/606/521 1585/607/521
f 1564/614/935 1578/608/935 1579/615/935
f 1556/610/507 1572/616/507 1557/617/507
f 1565/618/508 1579/615/508 1580/619/508
f 1557/620/509 1573/621/509 1558/622/509
f 1566/623/936 1580/619/936 1581/624/936
f 1558/622/511 1574/625/511 1559/626/511
f 1567/627/512 1581/624/512 1582/628/512
f 1559/626/513 1575/629/513 1560/630/513
f 1568/631/514 1582/628/514 1583/601/514
f 1560/630/937 1576/632/937 1561/603/937
f 1572/633/533 1588/634/533 1573/621/533
f 1581/624/534 1595/635/534 1596/636/534
f 1573/621/535 1589/637/535 1574/625/535
f 1582/628/536 1596/636/536 1597/638/536
f 1574/625/537 1590/639/537 1575/629/537
f 1583/601/522 1597/638/522 1598/640/522
f 1575/629/523 1591/641/523 1576/632/523
f 1584/602/524 1598/640/524 1599/642/524
f 1576/632/525 1592/643/525 1577/604/525
f 1585/607/526 1599/642/526 1600/644/526
f 1577/604/938 1593/645/938 1578/608/938
f 1571/612/528 1203/646/528 1586/647/528
f 1210/648/529 1585/607/529 1600/644/529
f 1579/615/939 1593/645/939 1594/649/939
f 1571/650/531 1587/651/531 1572/633/531
f 1580/619/532 1594/649/532 1595/635/532
f 1591/641/940 1607/652/940 1592/643/940
f 1600/644/941 1614/653/941 1615/654/941
f 1592/643/549 1608/655/549 1593/645/549
f 1586/647/550 1203/656/550 1601/657/550
f 1210/658/551 1600/644/551 1615/654/551
f 1594/649/942 1608/655/942 1609/659/942
f 1586/660/553 1602/661/553 1587/651/553
f 1595/635/538 1609/659/538 1610/662/538
f 1587/651/539 1603/663/539 1588/634/539
f 1596/636/943 1610/662/943 1611/664/943
f 1588/634/541 1604/665/541 1589/637/541
f 1597/638/542 1611/664/542 1612/666/542
f 1589/637/543 1605/667/543 1590/639/543
f 1598/640/544 1612/666/544 1613/668/544
f 1590/639/545 1606/669/545 1591/641/545
f 1599/642/546 1613/668/546 1614/653/546
f 1611/664/564 1625/670/564 1626/671/564
f 1603/663/565 1619/672/565 1604/665/565
f 1612/666/566 1626/671/566 1627/673/566
f 1604/665/567 1620/674/567 1605/667/567
f 1613/668/568 1627/673/568 1628/675/568
f 1605/667/569 1621/676/569 1606/669/569
f 1614/653/554 1628/675/554 1629/677/554
f 1606/669/555 1622/678/555 1607/652/555
f 1615/654/944 1629/677/944 1630/679/944
f 1607/652/945 1623/680/945 1608/655/945
f 1601/657/558 1203/681/558 1616/682/558
f 1210/683/559 1615/654/559 1630/679/559
f 1609/659/560 1623/680/560 1624/684/560
f 1601/685/561 1617/686/561 1602/661/561
f 1610/662/562 1624/684/562 1625/670/562
f 1602/661/563 1618/687/563 1603/663/563
f 1630/679/579 1644/688/579 1645/689/579
f 1622/678/580 1638/690/580 1623/680/580
f 1616/682/581 1203/691/581 1631/692/581
f 1210/693/582 1630/679/582 1645/689/582
f 1624/684/583 1638/690/583 1639/694/583
f 1616/695/584 1632/696/584 1617/686/584
f 1625/670/585 1639/694/585 1640/697/585
f 1617/686/570 1633/698/570 1618/687/570
f 1626/671/571 1640/697/571 1641/699/571
f 1618/687/572 1634/700/572 1619/672/572
f 1627/673/946 1641/699/946 1642/701/946
f 1619/672/574 1635/702/574 1620/674/574
f 1628/675/575 1642/701/575 1643/703/575
f 1620/674/576 1636/704/576 1621/676/576
f 1629/677/947 1643/703/947 1644/688/947
f 1621/676/578 1637/705/578 1622/678/578
f 1642/701/597 1656/706/597 1657/707/597
f 1634/700/598 1650/708/598 1635/702/598
f 1643/703/599 1657/707/599 1658/709/599
f 1635/702/600 1651/710/600 1636/704/600
f 1644/688/601 1658/709/601 1659/711/601
f 1636/704/586 1652/712/586 1637/705/586
f 1645/689/587 1659/711/587 1660/713/587
f 1637/705/588 1653/714/588 1638/690/588
f 1631/692/589 1203/715/589 1646/716/589
f 1210/717/590 1645/689/590 1660/713/590
f 1639/694/948 1653/714/948 1654/718/948
f 1631/719/592 1647/720/592 1632/696/592
f 1640/697/593 1654/718/593 1655/721/593
f 1632/696/594 1648/722/594 1633/698/594
f 1641/699/595 1655/721/595 1656/706/595
f 1633/698/596 1649/723/596 1634/700/596
f 1646/716/612 1203/724/612 1661/725/612
f 1210/726/613 1660/713/613 1675/727/613
f 1654/718/614 1668/728/614 1669/729/614
f 1646/730/615 1662/731/615 1647/720/615
f 1655/721/616 1669/729/616 1670/732/616
f 1647/720/617 1663/733/617 1648/722/617
f 1656/706/602 1670/732/602 1671/734/602
f 1648/722/603 1664/735/603 1649/723/603
f 1657/707/604 1671/734/604 1672/736/604
f 1649/723/605 1665/737/605 1650/708/605
f 1658/709/606 1672/736/606 1673/738/606
f 1650/708/607 1666/739/607 1651/710/607
f 1659/711/608 1673/738/608 1674/740/608
f 1651/710/609 1667/741/609 1652/712/609
f 1660/713/610 1674/740/610 1675/727/610
f 1652/712/949 1668/728/949 1653/714/949
f 1664/735/629 1205/153/629 1665/737/629
f 1673/738/630 1681/152/630 1682/157/630
f 1665/737/631 1679/158/631 1666/739/631
f 1674/740/632 1682/157/632 1683/161/632
f 1666/739/633 1206/162/633 1667/741/633
f 1675/727/618 1683/161/618 1684/165/618
f 1667/741/619 1207/166/619 1668/728/619
f 1661/725/620 1203/742/620 1676/168/620
f 1210/743/950 1675/727/950 1684/165/950
f 1669/729/622 1207/166/622 1208/173/622
f 1661/744/623 1677/174/623 1662/731/623
f 1670/732/624 1208/173/624 1680/178/624
f 1662/731/625 1204/179/625 1663/733/625
f 1671/734/951 1680/178/951 1209/150/951
f 1663/733/627 1678/182/627 1664/735/627
f 1672/736/628 1209/150/628 1681/152/628
f 719/150/378 731/181/378 732/151/378
f 715/153/379 1188/182/379 724/154/379
f 1191/152/380 732/151/380 733/156/380
f 1189/158/381 715/153/381 725/155/381
f 1192/157/382 733/156/382 734/160/382
f 716/162/383 1189/158/383 726/159/383
f 1193/161/384 734/160/384 735/164/384
f 717/166/921 716/162/921 727/163/921
f 717/166/997 728/167/997 729/172/997
f 1187/174/389 1186/807/389 721/175/389
f 718/173/390 729/172/390 730/177/390
f 714/179/391 1187/174/391 722/176/391
f 1190/178/392 730/177/392 731/181/392
f 1188/182/393 714/179/393 723/180/393
f 730/177/998 745/200/998 746/183/998
f 724/154/395 723/180/395 738/184/395
f 731/181/396 746/183/396 747/186/396
f 725/155/397 724/154/397 739/185/397
f 732/151/398 747/186/398 748/188/398
f 726/159/922 725/155/922 740/187/922
f 733/156/400 748/188/400 749/190/400
f 727/163/401 726/159/401 741/189/401
f 734/160/402 749/190/402 750/192/402
f 728/167/999 727/163/999 742/191/999
f 728/167/406 743/193/406 744/197/406
f 722/198/407 721/170/407 736/195/407
f 729/172/408 744/197/408 745/200/408
f 723/180/409 722/176/409 737/201/409
f 749/190/410 764/219/410 765/202/410
f 743/193/411 742/191/411 757/203/411
f 743/193/414 758/204/414 759/208/414
f 737/201/415 736/808/415 751/209/415
f 744/197/416 759/208/416 760/211/416
f 738/184/417 737/201/417 752/210/417
f 745/200/418 760/211/418 761/213/418
f 739/185/419 738/184/419 753/212/419
f 746/183/420 761/213/420 762/215/420
f 740/187/421 739/185/421 754/214/421
f 747/186/422 762/215/422 763/217/422
f 741/189/423 740/187/423 755/216/423
f 748/188/424 763/217/424 764/219/424
f 742/191/425 741/189/425 756/218/425
f 754/214/426 753/212/426 768/220/426
f 761/213/925 776/237/925 777/222/925
f 755/216/926 754/214/926 769/221/926
f 762/215/429 777/222/429 778/224/429
f 756/218/430 755/216/430 770/223/430
f 763/217/431 778/224/431 779/226/431
f 757/203/432 756/218/432 771/225/432
f 764/219/433 779/226/433 780/228/433
f 758/204/434 757/203/434 772/227/434
f 758/204/437 773/229/437 774/233/437
f 752/210/1000 751/209/1000 766/234/1000
f 759/208/439 774/233/439 775/236/439
f 753/212/440 752/210/440 767/235/440
f 760/211/441 775/236/441 776/237/441
f 773/229/442 772/227/442 787/238/442
f 773/229/445 788/239/445 789/244/445
f 767/235/446 766/234/446 781/245/446
f 774/233/928 789/244/928 790/247/928
f 768/220/448 767/235/448 782/246/448
f 775/236/449 790/247/449 791/249/449
f 769/221/450 768/220/450 783/248/450
f 776/237/451 791/249/451 792/251/451
f 770/223/452 769/221/452 784/250/452
f 777/222/453 792/251/453 793/253/453
f 771/225/454 770/223/454 785/252/454
f 778/224/455 793/253/455 794/255/455
f 772/227/456 771/225/456 786/254/456
f 779/226/457 794/255/457 795/243/457
f 791/249/458 806/273/458 807/256/458
f 785/252/459 784/250/459 799/257/459
f 792/251/460 807/256/460 808/259/460
f 786/254/929 785/252/929 800/258/929
f 793/253/462 808/259/462 809/261/462
f 787/238/463 786/254/463 801/260/463
f 794/255/930 809/261/930 810/263/930
f 788/239/465 787/238/465 802/262/465
f 788/239/468 803/264/468 804/268/468
f 782/246/469 781/245/469 796/269/469
f 789/244/470 804/268/470 805/271/470
f 783/248/471 782/246/471 797/270/471
f 790/247/472 805/271/472 806/273/472
f 784/250/473 783/248/473 798/272/473
f 803/264/476 818/291/476 819/278/476
f 797/270/477 796/269/477 811/279/477
f 804/268/478 819/278/478 820/281/478
f 798/272/479 797/270/479 812/280/479
f 805/271/480 820/281/480 821/283/480
f 799/257/481 798/272/481 813/282/481
f 806/273/482 821/283/482 822/285/482
f 800/258/483 799/257/483 814/284/483
f 807/256/484 822/285/484 823/287/484
f 801/260/485 800/258/485 815/286/485
f 808/259/486 823/287/486 824/289/486
f 802/262/487 801/260/487 816/288/487
f 809/261/488 824/289/488 825/277/488
f 803/264/489 802/262/489 817/290/489
f 815/286/490 814/284/490 829/292/490
f 822/285/491 837/310/491 838/294/491
f 816/288/492 815/286/492 830/293/492
f 823/287/493 838/294/493 839/296/493
f 817/290/494 816/288/494 831/295/494
f 824/289/495 839/296/495 840/298/495
f 818/291/496 817/290/496 832/297/496
f 818/291/499 833/299/499 834/303/499
f 812/304/500 811/275/500 826/301/500
f 819/278/501 834/303/501 835/306/501
f 813/282/1001 812/280/1001 827/307/1001
f 820/281/503 835/306/503 836/309/503
f 814/284/504 813/282/504 828/308/504
f 821/283/1002 836/309/1002 837/310/1002
f 834/303/506 833/299/506 848/311/506
f 826/313/507 841/340/507 842/314/507
f 835/306/508 834/303/508 849/312/508
f 827/307/1003 842/314/1003 843/316/1003
f 836/309/510 835/306/510 850/315/510
f 828/308/511 843/316/511 844/318/511
f 837/310/512 836/309/512 851/317/512
f 829/292/1004 844/318/1004 845/320/1004
f 838/294/514 837/310/514 852/319/514
f 830/293/937 845/320/937 846/322/937
f 839/296/516 838/294/516 853/321/516
f 831/295/517 846/322/517 847/324/517
f 840/298/518 839/296/518 854/323/518
f 832/297/519 847/324/519 848/311/519
f 853/321/522 852/319/522 867/329/522
f 845/320/523 860/346/523 861/331/523
f 854/323/524 853/321/524 868/330/524
f 846/322/525 861/331/525 862/333/525
f 855/325/526 854/323/526 869/332/526
f 847/324/938 862/333/938 863/335/938
f 849/312/1005 848/311/1005 863/335/1005
f 841/340/531 856/363/531 857/341/531
f 850/315/532 849/312/532 864/339/532
f 842/314/533 857/341/533 858/343/533
f 851/317/534 850/315/534 865/342/534
f 843/316/535 858/343/535 859/345/535
f 852/319/536 851/317/536 866/344/536
f 844/318/537 859/345/537 860/346/537
f 865/342/1006 864/339/1006 879/347/1006
f 857/341/539 872/364/539 873/349/539
f 866/344/943 865/342/943 880/348/943
f 858/343/541 873/349/541 874/351/541
f 867/329/542 866/344/542 881/350/542
f 859/345/543 874/351/543 875/353/543
f 868/330/544 867/329/544 882/352/544
f 860/346/545 875/353/545 876/355/545
f 869/332/546 868/330/546 883/354/546
f 861/331/547 876/355/547 877/357/547
f 870/334/548 869/332/548 884/356/548
f 862/333/549 877/357/549 878/359/549
f 864/339/552 863/335/552 878/359/552
f 856/363/553 871/374/553 872/364/553
f 884/356/554 883/354/554 898/365/554
f 876/355/555 891/382/555 892/367/555
f 885/358/556 884/356/556 899/366/556
f 877/357/557 892/367/557 893/369/557
f 879/347/560 878/359/560 893/369/560
f 871/374/561 886/399/561 887/375/561
f 880/348/1007 879/347/1007 894/373/1007
f 872/364/563 887/375/563 888/377/563
f 881/350/564 880/348/564 895/376/564
f 873/349/565 888/377/565 889/379/565
f 882/352/566 881/350/566 896/378/566
f 874/351/567 889/379/567 890/381/567
f 883/354/568 882/352/568 897/380/568
f 875/353/569 890/381/569 891/382/569
f 887/375/570 902/400/570 903/383/570
f 896/378/571 895/376/571 910/384/571
f 888/377/572 903/383/572 904/386/572
f 897/380/573 896/378/573 911/385/573
f 889/379/1008 904/386/1008 905/388/1008
f 898/365/575 897/380/575 912/387/575
f 890/381/576 905/388/576 906/390/576
f 899/366/947 898/365/947 913/389/947
f 891/382/578 906/390/578 907/392/578
f 900/368/1009 899/366/1009 914/391/1009
f 892/367/580 907/392/580 908/394/580
f 894/373/583 893/369/583 908/394/583
f 886/399/584 901/409/584 902/400/584
f 895/376/585 894/373/585 909/398/585
f 906/390/586 921/418/586 922/401/586
f 915/393/587 914/391/587 929/402/587
f 907/392/1010 922/401/1010 923/404/1010
f 909/398/591 908/394/591 923/404/591
f 901/409/592 916/809/592 917/410/592
f 910/384/593 909/398/593 924/408/593
f 902/400/594 917/410/594 918/412/594
f 911/385/595 910/384/595 925/411/595
f 903/383/596 918/412/596 919/414/596
f 912/387/597 911/385/597 926/413/597
f 904/386/598 919/414/598 920/416/598
f 913/389/599 912/387/599 927/415/599
f 905/388/600 920/416/600 921/418/600
f 914/391/601 913/389/601 928/417/601
f 926/413/602 925/411/602 940/419/602
f 918/412/603 933/436/603 934/421/603
f 927/415/604 926/413/604 941/420/604
f 919/414/605 934/421/605 935/423/605
f 928/417/606 927/415/606 942/422/606
f 920/416/607 935/423/607 936/425/607
f 929/402/608 928/417/608 943/424/608
f 921/418/609 936/425/609 937/427/609
f 930/403/610 929/402/610 944/426/610
f 922/401/611 937/427/611 938/429/611
f 924/408/614 923/404/614 938/429/614
f 916/406/615 931/431/615 932/434/615
f 925/411/616 924/408/616 939/433/616
f 917/410/617 932/446/617 933/436/617
f 945/428/618 944/426/618 959/437/618
f 937/427/619 952/455/619 953/439/619
f 939/433/622 938/429/622 953/439/622
f 931/444/623 946/810/623 947/445/623
f 940/419/624 939/433/624 954/443/624
f 932/446/625 947/445/625 948/448/625
f 941/420/626 940/419/626 955/447/626
f 933/436/627 948/448/627 949/450/627
f 942/422/628 941/420/628 956/449/628
f 934/421/629 949/450/629 950/452/629
f 943/424/630 942/422/630 957/451/630
f 935/423/631 950/452/631 951/454/631
f 944/426/632 943/424/632 958/453/632
f 936/425/633 951/454/633 952/455/633
f 949/450/634 948/448/634 963/456/634
f 956/449/635 971/473/635 972/458/635
f 950/452/636 949/450/636 964/457/636
f 957/451/637 972/458/637 973/460/637
f 951/454/638 950/452/638 965/459/638
f 958/453/639 973/460/639 974/462/639
f 952/455/640 951/454/640 966/461/640
f 959/437/641 974/462/641 975/464/641
f 953/439/642 952/455/642 967/463/642
f 953/439/645 968/465/645 969/469/645
f 947/445/646 946/810/646 961/470/646
f 954/443/647 969/469/647 970/472/647
f 948/448/648 947/445/648 962/471/648
f 955/447/649 970/472/649 971/473/649
f 968/465/1011 967/463/1011 982/474/1011
f 968/465/653 983/475/653 984/480/653
f 962/471/654 961/470/654 976/481/654
f 969/469/655 984/480/655 985/483/655
f 963/456/656 962/471/656 977/482/656
f 970/472/893 985/483/893 986/485/893
f 964/457/658 963/456/658 978/484/658
f 971/473/659 986/485/659 987/487/659
f 965/459/660 964/457/660 979/486/660
f 972/458/661 987/487/661 988/489/661
f 966/461/662 965/459/662 980/488/662
f 973/460/663 988/489/663 989/491/663
f 967/463/664 966/461/664 981/490/664
f 974/462/665 989/491/665 990/479/665
f 986/485/666 1001/509/666 1002/492/666
f 980/488/667 979/486/667 994/493/667
f 987/487/668 1002/492/668 1003/495/668
f 981/490/669 980/488/669 995/494/669
f 988/489/670 1003/495/670 1004/497/670
f 982/474/671 981/490/671 996/496/671
f 989/491/672 1004/497/672 1005/499/672
f 983/475/673 982/474/673 997/498/673
f 983/475/895 998/500/895 999/504/895
f 977/482/677 976/481/677 991/505/677
f 984/480/678 999/504/678 1000/507/678
f 978/484/679 977/482/679 992/506/679
f 985/483/680 1000/507/680 1001/509/680
f 979/486/681 978/484/681 993/508/681
f 998/500/683 1013/525/683 1014/512/683
f 992/506/684 991/505/684 1006/513/684
f 999/504/685 1014/512/685 1015/515/685
f 993/508/686 992/506/686 1007/514/686
f 1000/507/687 1015/515/687 1016/517/687
f 994/493/688 993/508/688 1008/516/688
f 1001/509/689 1016/517/689 1017/519/689
f 995/494/690 994/493/690 1009/518/690
f 1002/492/691 1017/519/691 1018/521/691
f 996/496/692 995/494/692 1010/520/692
f 1003/495/693 1018/521/693 1019/523/693
f 997/498/694 996/496/694 1011/522/694
f 1004/497/695 1019/523/695 1020/511/695
f 998/500/1012 997/498/1012 1012/524/1012
f 1017/519/698 1032/545/698 1033/528/698
f 1011/522/699 1010/520/699 1025/529/699
f 1018/521/700 1033/528/700 1034/531/700
f 1012/524/701 1011/522/701 1026/530/701
f 1019/523/702 1034/531/702 1035/533/702
f 1013/525/898 1012/524/898 1027/532/898
f 1013/525/899 1028/534/899 1029/538/899
f 1007/514/707 1006/513/707 1021/539/707
f 1014/512/1013 1029/538/1013 1030/541/1013
f 1008/516/709 1007/514/709 1022/540/709
f 1015/515/710 1030/541/710 1031/543/710
f 1009/518/711 1008/516/711 1023/542/711
f 1016/517/712 1031/543/712 1032/545/712
f 1010/520/713 1009/518/713 1024/544/713
f 1022/540/1014 1021/539/1014 1036/546/1014
f 1029/538/715 1044/563/715 1045/548/715
f 1023/542/716 1022/540/716 1037/547/716
f 1030/541/717 1045/548/717 1046/550/717
f 1024/544/718 1023/542/718 1038/549/718
f 1031/543/719 1046/550/719 1047/552/719
f 1025/529/720 1024/544/720 1039/551/720
f 1032/545/721 1047/552/721 1048/554/721
f 1026/530/1015 1025/529/1015 1040/553/1015
f 1033/528/723 1048/554/723 1049/556/723
f 1027/532/1016 1026/530/1016 1041/555/1016
f 1034/531/725 1049/556/725 1050/558/725
f 1028/534/726 1027/532/726 1042/557/726
f 1028/534/729 1043/559/729 1044/563/729
f 1041/555/730 1040/553/730 1055/564/730
f 1048/554/731 1063/581/731 1064/566/731
f 1042/557/732 1041/555/732 1056/565/732
f 1049/556/733 1064/566/733 1065/568/733
f 1043/559/1017 1042/557/1017 1057/567/1017
f 1043/559/904 1058/569/904 1059/573/904
f 1037/547/738 1036/546/738 1051/574/738
f 1044/563/739 1059/573/739 1060/576/739
f 1038/549/740 1037/547/740 1052/575/740
f 1045/548/741 1060/576/741 1061/578/741
f 1039/551/742 1038/549/742 1053/577/742
f 1046/550/743 1061/578/743 1062/580/743
f 1040/553/744 1039/551/744 1054/579/744
f 1047/552/745 1062/580/745 1063/581/745
f 1059/573/746 1074/598/746 1075/582/746
f 1053/577/747 1052/575/747 1067/583/747
f 1060/576/1018 1075/582/1018 1076/585/1018
f 1054/579/749 1053/577/749 1068/584/749
f 1061/578/750 1076/585/750 1077/587/750
f 1055/564/751 1054/579/751 1069/586/751
f 1062/580/752 1077/587/752 1078/589/752
f 1056/565/753 1055/564/753 1070/588/753
f 1063/581/754 1078/589/754 1079/591/754
f 1057/567/755 1056/565/755 1071/590/755
f 1064/566/756 1079/591/756 1080/593/756
f 1058/569/757 1057/567/757 1072/592/757
f 1058/569/906 1073/594/906 1074/598/906
f 1052/575/761 1051/574/761 1066/599/761
f 1079/600/762 1078/631/762 1093/601/762
f 1071/603/763 1086/632/763 1087/604/763
f 1080/606/764 1079/600/764 1094/602/764
f 1072/605/1019 1087/604/1019 1088/608/1019
f 1074/614/768 1073/609/768 1088/608/768
f 1066/610/769 1081/612/769 1082/616/769
f 1075/618/770 1074/614/770 1089/615/770
f 1067/620/1020 1082/633/1020 1083/621/1020
f 1076/623/772 1075/618/772 1090/619/772
f 1068/622/773 1083/621/773 1084/625/773
f 1077/627/907 1076/623/907 1091/624/907
f 1069/626/775 1084/625/775 1085/629/775
f 1078/631/776 1077/627/776 1092/628/776
f 1070/630/777 1085/629/777 1086/632/777
f 1082/633/778 1097/651/778 1098/634/778
f 1091/624/779 1090/619/779 1105/635/779
f 1083/621/780 1098/634/780 1099/637/780
f 1092/628/781 1091/624/781 1106/636/781
f 1084/625/782 1099/637/782 1100/639/782
f 1093/601/783 1092/628/783 1107/638/783
f 1085/629/784 1100/639/784 1101/641/784
f 1094/602/785 1093/601/785 1108/640/785
f 1086/632/786 1101/641/786 1102/643/786
f 1095/607/787 1094/602/787 1109/642/787
f 1087/604/788 1102/643/788 1103/645/788
f 1089/615/909 1088/608/909 1103/645/909
f 1081/650/910 1096/660/910 1097/651/910
f 1090/619/793 1089/615/793 1104/649/793
f 1101/641/794 1116/669/794 1117/652/794
f 1110/644/911 1109/642/911 1124/653/911
f 1102/643/1021 1117/652/1021 1118/655/1021
f 1104/649/799 1103/645/799 1118/655/799
f 1096/660/800 1111/685/800 1112/661/800
f 1105/635/1022 1104/649/1022 1119/659/1022
f 1097/651/802 1112/661/802 1113/663/802
f 1106/636/803 1105/635/803 1120/662/803
f 1098/634/804 1113/663/804 1114/665/804
f 1107/638/805 1106/636/805 1121/664/805
f 1099/637/806 1114/665/806 1115/667/806
f 1108/640/807 1107/638/807 1122/666/807
f 1100/639/808 1115/667/808 1116/669/808
f 1109/642/809 1108/640/809 1123/668/809
f 1121/664/810 1120/662/810 1135/670/810
f 1113/663/811 1128/687/811 1129/672/811
f 1122/666/812 1121/664/812 1136/671/812
f 1114/665/1023 1129/672/1023 1130/674/1023
f 1123/668/814 1122/666/814 1137/673/814
f 1115/667/815 1130/674/815 1131/676/815
f 1124/653/816 1123/668/816 1138/675/816
f 1116/669/817 1131/676/817 1132/678/817
f 1125/654/913 1124/653/913 1139/677/913
f 1117/652/819 1132/678/819 1133/680/819
f 1119/659/822 1118/655/822 1133/680/822
f 1111/685/823 1126/695/823 1127/686/823
f 1120/662/1024 1119/659/1024 1134/684/1024
f 1112/661/825 1127/686/825 1128/687/825
f 1140/679/826 1139/677/826 1154/688/826
f 1132/678/918 1147/705/918 1148/690/918
f 1134/684/1025 1133/680/1025 1148/690/1025
f 1126/695/831 1141/719/831 1142/696/831
f 1135/670/832 1134/684/832 1149/694/832
f 1127/686/914 1142/696/914 1143/698/914
f 1136/671/915 1135/670/915 1150/697/915
f 1128/687/835 1143/698/835 1144/700/835
f 1137/673/1026 1136/671/1026 1151/699/1026
f 1129/672/916 1144/700/916 1145/702/916
f 1138/675/838 1137/673/838 1152/701/838
f 1130/674/839 1145/702/839 1146/704/839
f 1139/677/840 1138/675/840 1153/703/840
f 1131/676/841 1146/704/841 1147/705/841
f 1152/701/842 1151/699/842 1166/706/842
f 1144/700/843 1159/723/843 1160/708/843
f 1153/703/844 1152/701/844 1167/707/844
f 1145/702/845 1160/708/845 1161/710/845
f 1154/688/846 1153/703/846 1168/709/846
f 1146/704/847 1161/710/847 1162/712/847
f 1155/689/848 1154/688/848 1169/711/848
f 1147/705/849 1162/712/849 1163/714/849
f 1149/694/852 1148/690/852 1163/714/852
f 1141/719/853 1156/730/853 1157/720/853
f 1150/697/854 1149/694/854 1164/718/854
f 1142/696/855 1157/720/855 1158/722/855
f 1151/699/856 1150/697/856 1165/721/856
f 1143/698/857 1158/722/857 1159/723/857
f 1164/718/860 1163/714/860 1178/728/860
f 1156/730/861 1171/744/861 1172/731/861
f 1165/721/862 1164/718/862 1179/729/862
f 1157/720/863 1172/731/863 1173/733/863
f 1166/706/864 1165/721/864 1180/732/864
f 1158/722/865 1173/733/865 1174/735/865
f 1167/707/866 1166/706/866 1181/734/866
f 1159/723/867 1174/735/867 1175/737/867
f 1168/709/868 1167/707/868 1182/736/868
f 1160/708/1027 1175/737/1027 1176/739/1027
f 1169/711/870 1168/709/870 1183/738/870
f 1161/710/871 1176/739/871 1177/741/871
f 1170/713/872 1169/711/872 1184/740/872
f 1162/712/873 1177/741/873 1178/728/873
f 1174/735/874 1188/182/874 715/153/874
f 1183/738/875 1182/736/875 1191/152/875
f 1175/737/876 715/153/876 1189/158/876
f 1184/740/877 1183/738/877 1192/157/877
f 1176/739/878 1189/158/878 716/162/878
f 1185/727/879 1184/740/879 1193/161/879
f 1177/741/880 716/162/880 717/166/880
f 1179/729/883 1178/728/883 717/166/883
f 1171/744/884 1186/807/884 1187/174/884
f 1180/732/885 1179/729/885 718/173/885
f 1172/731/886 1187/174/886 714/179/886
f 1181/734/887 1180/732/887 1190/178/887
f 1173/733/888 714/179/888 1188/182/888
f 1182/736/889 1181/734/889 719/150/889
f 1209/150/635 1221/181/635 1222/151/635
f 1205/153/636 1678/182/636 1214/154/636
f 1681/152/637 1222/151/637 1223/156/637
f 1679/158/638 1205/153/638 1215/155/638
f 1682/157/639 1223/156/639 1224/160/639
f 1206/162/640 1679/158/640 1216/159/640
f 1683/161/641 1224/160/641 1225/164/641
f 1207/166/642 1206/162/642 1217/163/642
f 1207/166/645 1218/167/645 1219/172/645
f 1677/174/646 1676/807/646 1211/175/646
f 1208/173/647 1219/172/647 1220/177/647
f 1204/179/648 1677/174/648 1212/176/648
f 1680/178/649 1220/177/649 1221/181/649
f 1678/182/634 1204/179/634 1213/180/634
f 1220/177/893 1235/200/893 1236/183/893
f 1214/154/658 1213/180/658 1228/184/658
f 1221/181/659 1236/183/659 1237/186/659
f 1215/155/660 1214/154/660 1229/185/660
f 1222/151/661 1237/186/661 1238/188/661
f 1216/159/662 1215/155/662 1230/187/662
f 1223/156/663 1238/188/663 1239/190/663
f 1217/163/664 1216/159/664 1231/189/664
f 1224/160/665 1239/190/665 1240/192/665
f 1218/167/650 1217/163/650 1232/191/650
f 1218/167/653 1233/193/653 1234/197/653
f 1212/198/654 1211/170/654 1226/195/654
f 1219/172/655 1234/197/655 1235/200/655
f 1213/180/656 1212/176/656 1227/201/656
f 1239/190/672 1254/219/672 1255/202/672
f 1233/193/673 1232/191/673 1247/203/673
f 1233/193/895 1248/204/895 1249/208/895
f 1227/201/677 1226/808/677 1241/209/677
f 1234/197/678 1249/208/678 1250/211/678
f 1228/184/679 1227/201/679 1242/210/679
f 1235/200/680 1250/211/680 1251/213/680
f 1229/185/681 1228/184/681 1243/212/681
f 1236/183/666 1251/213/666 1252/215/666
f 1230/187/667 1229/185/667 1244/214/667
f 1237/186/668 1252/215/668 1253/217/668
f 1231/189/669 1230/187/669 1245/216/669
f 1238/188/670 1253/217/670 1254/219/670
f 1232/191/671 1231/189/671 1246/218/671
f 1244/214/688 1243/212/688 1258/220/688
f 1251/213/689 1266/237/689 1267/222/689
f 1245/216/690 1244/214/690 1259/221/690
f 1252/215/691 1267/222/691 1268/224/691
f 1246/218/692 1245/216/692 1260/223/692
f 1253/217/693 1268/224/693 1269/226/693
f 1247/203/694 1246/218/694 1261/225/694
f 1254/219/695 1269/226/695 1270/228/695
f 1248/204/696 1247/203/696 1262/227/696
f 1248/204/683 1263/229/683 1264/233/683
f 1242/210/1028 1241/209/1028 1256/234/1028
f 1249/208/685 1264/233/685 1265/236/685
f 1243/212/686 1242/210/686 1257/235/686
f 1250/211/687 1265/236/687 1266/237/687
f 1263/229/898 1262/227/898 1277/238/898
f 1263/229/706 1278/239/706 1279/244/706
f 1257/235/707 1256/234/707 1271/245/707
f 1264/233/708 1279/244/708 1280/247/708
f 1258/220/709 1257/235/709 1272/246/709
f 1265/236/710 1280/247/710 1281/249/710
f 1259/221/711 1258/220/711 1273/248/711
f 1266/237/712 1281/249/712 1282/251/712
f 1260/223/713 1259/221/713 1274/250/713
f 1267/222/698 1282/251/698 1283/253/698
f 1261/225/699 1260/223/699 1275/252/699
f 1268/224/700 1283/253/700 1284/255/700
f 1262/227/701 1261/225/701 1276/254/701
f 1269/226/702 1284/255/702 1285/243/702
f 1281/249/719 1296/273/719 1297/256/719
f 1275/252/720 1274/250/720 1289/257/720
f 1282/251/721 1297/256/721 1298/259/721
f 1276/254/722 1275/252/722 1290/258/722
f 1283/253/723 1298/259/723 1299/261/723
f 1277/238/1016 1276/254/1016 1291/260/1016
f 1284/255/725 1299/261/725 1300/263/725
f 1278/239/726 1277/238/726 1292/262/726
f 1278/239/729 1293/264/729 1294/268/729
f 1272/246/714 1271/245/714 1286/269/714
f 1279/244/715 1294/268/715 1295/271/715
f 1273/248/716 1272/246/716 1287/270/716
f 1280/247/1029 1295/271/1029 1296/273/1029
f 1274/250/718 1273/248/718 1288/272/718
f 1293/264/904 1308/291/904 1309/278/904
f 1287/270/738 1286/269/738 1301/279/738
f 1294/268/739 1309/278/739 1310/281/739
f 1288/272/740 1287/270/740 1302/280/740
f 1295/271/1030 1310/281/1030 1311/283/1030
f 1289/257/742 1288/272/742 1303/282/742
f 1296/273/743 1311/283/743 1312/285/743
f 1290/258/744 1289/257/744 1304/284/744
f 1297/256/745 1312/285/745 1313/287/745
f 1291/260/730 1290/258/730 1305/286/730
f 1298/259/731 1313/287/731 1314/289/731
f 1292/262/732 1291/260/732 1306/288/732
f 1299/261/733 1314/289/733 1315/277/733
f 1293/264/734 1292/262/734 1307/290/734
f 1305/286/751 1304/284/751 1319/292/751
f 1312/285/752 1327/310/752 1328/294/752
f 1306/288/753 1305/286/753 1320/293/753
f 1313/287/754 1328/294/754 1329/296/754
f 1307/290/755 1306/288/755 1321/295/755
f 1314/289/756 1329/296/756 1330/298/756
f 1308/291/905 1307/290/905 1322/297/905
f 1308/291/906 1323/299/906 1324/303/906
f 1302/304/761 1301/275/761 1316/301/761
f 1309/278/746 1324/303/746 1325/306/746
f 1303/282/747 1302/280/747 1317/307/747
f 1310/281/748 1325/306/748 1326/309/748
f 1304/284/749 1303/282/749 1318/308/749
f 1311/283/750 1326/309/750 1327/310/750
f 1324/303/768 1323/299/768 1338/311/768
f 1316/313/769 1331/340/769 1332/314/769
f 1325/306/770 1324/303/770 1339/312/770
f 1317/307/771 1332/314/771 1333/316/771
f 1326/309/1031 1325/306/1031 1340/315/1031
f 1318/308/773 1333/316/773 1334/318/773
f 1327/310/907 1326/309/907 1341/317/907
f 1319/292/775 1334/318/775 1335/320/775
f 1328/294/776 1327/310/776 1342/319/776
f 1320/293/777 1335/320/777 1336/322/777
f 1329/296/762 1328/294/762 1343/321/762
f 1321/295/763 1336/322/763 1337/324/763
f 1330/298/764 1329/296/764 1344/323/764
f 1322/297/765 1337/324/765 1338/311/765
f 1343/321/783 1342/319/783 1357/329/783
f 1335/320/784 1350/346/784 1351/331/784
f 1344/323/785 1343/321/785 1358/330/785
f 1336/322/786 1351/331/786 1352/333/786
f 1345/325/787 1344/323/787 1359/332/787
f 1337/324/788 1352/333/788 1353/335/788
f 1339/312/909 1338/311/909 1353/335/909
f 1331/340/910 1346/363/910 1347/341/910
f 1340/315/793 1339/312/793 1354/339/793
f 1332/314/778 1347/341/778 1348/343/778
f 1341/317/779 1340/315/779 1355/342/779
f 1333/316/780 1348/343/780 1349/345/780
f 1342/319/781 1341/317/781 1356/344/781
f 1334/318/782 1349/345/782 1350/346/782
f 1355/342/1022 1354/339/1022 1369/347/1022
f 1347/341/802 1362/364/802 1363/349/802
f 1356/344/803 1355/342/803 1370/348/803
f 1348/343/804 1363/349/804 1364/351/804
f 1357/329/805 1356/344/805 1371/350/805
f 1349/345/806 1364/351/806 1365/353/806
f 1358/330/807 1357/329/807 1372/352/807
f 1350/346/808 1365/353/808 1366/355/808
f 1359/332/809 1358/330/809 1373/354/809
f 1351/331/794 1366/355/794 1367/357/794
f 1360/334/911 1359/332/911 1374/356/911
f 1352/333/912 1367/357/912 1368/359/912
f 1354/339/799 1353/335/799 1368/359/799
f 1346/363/800 1361/374/800 1362/364/800
f 1374/356/816 1373/354/816 1388/365/816
f 1366/355/817 1381/382/817 1382/367/817
f 1375/358/913 1374/356/913 1389/366/913
f 1367/357/1032 1382/367/1032 1383/369/1032
f 1369/347/1033 1368/359/1033 1383/369/1033
f 1361/374/823 1376/399/823 1377/375/823
f 1370/348/1024 1369/347/1024 1384/373/1024
f 1362/364/825 1377/375/825 1378/377/825
f 1371/350/1034 1370/348/1034 1385/376/1034
f 1363/349/811 1378/377/811 1379/379/811
f 1372/352/812 1371/350/812 1386/378/812
f 1364/351/813 1379/379/813 1380/381/813
f 1373/354/814 1372/352/814 1387/380/814
f 1365/353/815 1380/381/815 1381/382/815
f 1377/375/914 1392/400/914 1393/383/914
f 1386/378/834 1385/376/834 1400/384/834
f 1378/377/835 1393/383/835 1394/386/835
f 1387/380/836 1386/378/836 1401/385/836
f 1379/379/837 1394/386/837 1395/388/837
f 1388/365/838 1387/380/838 1402/387/838
f 1380/381/839 1395/388/839 1396/390/839
f 1389/366/917 1388/365/917 1403/389/917
f 1381/382/841 1396/390/841 1397/392/841
f 1390/368/826 1389/366/826 1404/391/826
f 1382/367/918 1397/392/918 1398/394/918
f 1384/373/919 1383/369/919 1398/394/919
f 1376/399/831 1391/409/831 1392/400/831
f 1385/376/832 1384/373/832 1399/398/832
f 1396/390/847 1411/418/847 1412/401/847
f 1405/393/848 1404/391/848 1419/402/848
f 1397/392/849 1412/401/849 1413/404/849
f 1399/398/852 1398/394/852 1413/404/852
f 1391/409/853 1406/809/853 1407/410/853
f 1400/384/854 1399/398/854 1414/408/854
f 1392/400/855 1407/410/855 1408/412/855
f 1401/385/856 1400/384/856 1415/411/856
f 1393/383/857 1408/412/857 1409/414/857
f 1402/387/842 1401/385/842 1416/413/842
f 1394/386/843 1409/414/843 1410/416/843
f 1403/389/844 1402/387/844 1417/415/844
f 1395/388/845 1410/416/845 1411/418/845
f 1404/391/846 1403/389/846 1418/417/846
f 1416/413/864 1415/411/864 1430/419/864
f 1408/412/865 1423/436/865 1424/421/865
f 1417/415/866 1416/413/866 1431/420/866
f 1409/414/867 1424/421/867 1425/423/867
f 1418/417/868 1417/415/868 1432/422/868
f 1410/416/1027 1425/423/1027 1426/425/1027
f 1419/402/870 1418/417/870 1433/424/870
f 1411/418/871 1426/425/871 1427/427/871
f 1420/403/872 1419/402/872 1434/426/872
f 1412/401/873 1427/427/873 1428/429/873
f 1414/408/860 1413/404/860 1428/429/860
f 1406/406/861 1421/431/861 1422/434/861
f 1415/411/862 1414/408/862 1429/433/862
f 1407/410/863 1422/446/863 1423/436/863
f 1435/428/879 1434/426/879 1449/437/879
f 1427/427/880 1442/455/880 1443/439/880
f 1429/433/883 1428/429/883 1443/439/883
f 1421/444/884 1436/810/884 1437/445/884
f 1430/419/885 1429/433/885 1444/443/885
f 1422/446/886 1437/445/886 1438/448/886
f 1431/420/887 1430/419/887 1445/447/887
f 1423/436/888 1438/448/888 1439/450/888
f 1432/422/889 1431/420/889 1446/449/889
f 1424/421/874 1439/450/874 1440/452/874
f 1433/424/875 1432/422/875 1447/451/875
f 1425/423/876 1440/452/876 1441/454/876
f 1434/426/877 1433/424/877 1448/453/877
f 1426/425/878 1441/454/878 1442/455/878
f 1439/450/393 1438/448/393 1453/456/393
f 1446/449/378 1461/473/378 1462/458/378
f 1440/452/379 1439/450/379 1454/457/379
f 1447/451/380 1462/458/380 1463/460/380
f 1441/454/381 1440/452/381 1455/459/381
f 1448/453/382 1463/460/382 1464/462/382
f 1442/455/383 1441/454/383 1456/461/383
f 1449/437/384 1464/462/384 1465/464/384
f 1443/439/921 1442/455/921 1457/463/921
f 1443/439/388 1458/465/388 1459/469/388
f 1437/445/389 1436/810/389 1451/470/389
f 1444/443/390 1459/469/390 1460/472/390
f 1438/448/391 1437/445/391 1452/471/391
f 1445/447/392 1460/472/392 1461/473/392
f 1458/465/403 1457/463/403 1472/474/403
f 1458/465/406 1473/475/406 1474/480/406
f 1452/471/407 1451/470/407 1466/481/407
f 1459/469/408 1474/480/408 1475/483/408
f 1453/456/409 1452/471/409 1467/482/409
f 1460/472/394 1475/483/394 1476/485/394
f 1454/457/395 1453/456/395 1468/484/395
f 1461/473/396 1476/485/396 1477/487/396
f 1455/459/397 1454/457/397 1469/486/397
f 1462/458/398 1477/487/398 1478/489/398
f 1456/461/399 1455/459/399 1470/488/399
f 1463/460/400 1478/489/400 1479/491/400
f 1457/463/401 1456/461/401 1471/490/401
f 1464/462/402 1479/491/402 1480/479/402
f 1476/485/420 1491/509/420 1492/492/420
f 1470/488/421 1469/486/421 1484/493/421
f 1477/487/422 1492/492/422 1493/495/422
f 1471/490/423 1470/488/423 1485/494/423
f 1478/489/424 1493/495/424 1494/497/424
f 1472/474/425 1471/490/425 1486/496/425
f 1479/491/410 1494/497/410 1495/499/410
f 1473/475/411 1472/474/411 1487/498/411
f 1473/475/1035 1488/500/1035 1489/504/1035
f 1467/482/415 1466/481/415 1481/505/415
f 1474/480/416 1489/504/416 1490/507/416
f 1468/484/417 1467/482/417 1482/506/417
f 1475/483/418 1490/507/418 1491/509/418
f 1469/486/419 1468/484/419 1483/508/419
f 1488/500/437 1503/525/437 1504/512/437
f 1482/506/438 1481/505/438 1496/513/438
f 1489/504/439 1504/512/439 1505/515/439
f 1483/508/440 1482/506/440 1497/514/440
f 1490/507/441 1505/515/441 1506/517/441
f 1484/493/426 1483/508/426 1498/516/426
f 1491/509/925 1506/517/925 1507/519/925
f 1485/494/428 1484/493/428 1499/518/428
f 1492/492/429 1507/519/429 1508/521/429
f 1486/496/430 1485/494/430 1500/520/430
f 1493/495/927 1508/521/927 1509/523/927
f 1487/498/432 1486/496/432 1501/522/432
f 1494/497/433 1509/523/433 1510/511/433
f 1488/500/1036 1487/498/1036 1502/524/1036
f 1507/519/453 1522/545/453 1523/528/453
f 1501/522/454 1500/520/454 1515/529/454
f 1508/521/455 1523/528/455 1524/531/455
f 1502/524/456 1501/522/456 1516/530/456
f 1509/523/457 1524/531/457 1525/533/457
f 1503/525/442 1502/524/442 1517/532/442
f 1503/525/445 1518/534/445 1519/538/445
f 1497/514/446 1496/513/446 1511/539/446
f 1504/512/447 1519/538/447 1520/541/447
f 1498/516/448 1497/514/448 1512/540/448
f 1505/515/449 1520/541/449 1521/543/449
f 1499/518/450 1498/516/450 1513/542/450
f 1506/517/451 1521/543/451 1522/545/451
f 1500/520/452 1499/518/452 1514/544/452
f 1512/540/469 1511/539/469 1526/546/469
f 1519/538/1037 1534/563/1037 1535/548/1037
f 1513/542/471 1512/540/471 1527/547/471
f 1520/541/472 1535/548/472 1536/550/472
f 1514/544/473 1513/542/473 1528/549/473
f 1521/543/458 1536/550/458 1537/552/458
f 1515/529/459 1514/544/459 1529/551/459
f 1522/545/460 1537/552/460 1538/554/460
f 1516/530/929 1515/529/929 1530/553/929
f 1523/528/462 1538/554/462 1539/556/462
f 1517/532/1038 1516/530/1038 1531/555/1038
f 1524/531/930 1539/556/930 1540/558/930
f 1518/534/465 1517/532/465 1532/557/465
f 1518/534/468 1533/559/468 1534/563/468
f 1531/555/485 1530/553/485 1545/564/485
f 1538/554/486 1553/581/486 1554/566/486
f 1532/557/487 1531/555/487 1546/565/487
f 1539/556/488 1554/566/488 1555/568/488
f 1533/559/1039 1532/557/1039 1547/567/1039
f 1533/559/476 1548/569/476 1549/573/476
f 1527/547/477 1526/546/477 1541/574/477
f 1534/563/478 1549/573/478 1550/576/478
f 1528/549/479 1527/547/479 1542/575/479
f 1535/548/480 1550/576/480 1551/578/480
f 1529/551/481 1528/549/481 1543/577/481
f 1536/550/482 1551/578/482 1552/580/482
f 1530/553/483 1529/551/483 1544/579/483
f 1537/552/484 1552/580/484 1553/581/484
f 1549/573/501 1564/598/501 1565/582/501
f 1543/577/502 1542/575/502 1557/583/502
f 1550/576/503 1565/582/503 1566/585/503
f 1544/579/504 1543/577/504 1558/584/504
f 1551/578/1002 1566/585/1002 1567/587/1002
f 1545/564/490 1544/579/490 1559/586/490
f 1552/580/491 1567/587/491 1568/589/491
f 1546/565/1040 1545/564/1040 1560/588/1040
f 1553/581/493 1568/589/493 1569/591/493
f 1547/567/494 1546/565/494 1561/590/494
f 1554/566/495 1569/591/495 1570/593/495
f 1548/569/1041 1547/567/1041 1562/592/1041
f 1548/569/1042 1563/594/1042 1564/598/1042
f 1542/575/500 1541/574/500 1556/599/500
f 1569/600/516 1568/631/516 1583/601/516
f 1561/603/517 1576/632/517 1577/604/517
f 1570/606/518 1569/600/518 1584/602/518
f 1562/605/1043 1577/604/1043 1578/608/1043
f 1564/614/506 1563/609/506 1578/608/506
f 1556/610/507 1571/612/507 1572/616/507
f 1565/618/508 1564/614/508 1579/615/508
f 1557/620/509 1572/633/509 1573/621/509
f 1566/623/936 1565/618/936 1580/619/936
f 1558/622/511 1573/621/511 1574/625/511
f 1567/627/512 1566/623/512 1581/624/512
f 1559/626/513 1574/625/513 1575/629/513
f 1568/631/514 1567/627/514 1582/628/514
f 1560/630/937 1575/629/937 1576/632/937
f 1572/633/533 1587/651/533 1588/634/533
f 1581/624/534 1580/619/534 1595/635/534
f 1573/621/535 1588/634/535 1589/637/535
f 1582/628/536 1581/624/536 1596/636/536
f 1574/625/537 1589/637/537 1590/639/537
f 1583/601/522 1582/628/522 1597/638/522
f 1575/629/523 1590/639/523 1591/641/523
f 1584/602/524 1583/601/524 1598/640/524
f 1576/632/525 1591/641/525 1592/643/525
f 1585/607/526 1584/602/526 1599/642/526
f 1577/604/938 1592/643/938 1593/645/938
f 1579/615/1005 1578/608/1005 1593/645/1005
f 1571/650/531 1586/660/531 1587/651/531
f 1580/619/532 1579/615/532 1594/649/532
f 1591/641/547 1606/669/547 1607/652/547
f 1600/644/548 1599/642/548 1614/653/548
f 1592/643/549 1607/652/549 1608/655/549
f 1594/649/1044 1593/645/1044 1608/655/1044
f 1586/660/553 1601/685/553 1602/661/553
f 1595/635/1006 1594/649/1006 1609/659/1006
f 1587/651/539 1602/661/539 1603/663/539
f 1596/636/943 1595/635/943 1610/662/943
f 1588/634/541 1603/663/541 1604/665/541
f 1597/638/542 1596/636/542 1611/664/542
f 1589/637/543 1604/665/543 1605/667/543
f 1598/640/544 1597/638/544 1612/666/544
f 1590/639/545 1605/667/545 1606/669/545
f 1599/642/546 1598/640/546 1613/668/546
f 1611/664/564 1610/662/564 1625/670/564
f 1603/663/565 1618/687/565 1619/672/565
f 1612/666/566 1611/664/566 1626/671/566
f 1604/665/567 1619/672/567 1620/674/567
f 1613/668/568 1612/666/568 1627/673/568
f 1605/667/569 1620/674/569 1621/676/569
f 1614/653/554 1613/668/554 1628/675/554
f 1606/669/555 1621/676/555 1622/678/555
f 1615/654/556 1614/653/556 1629/677/556
f 1607/652/557 1622/678/557 1623/680/557
f 1609/659/560 1608/655/560 1623/680/560
f 1601/685/561 1616/695/561 1617/686/561
f 1610/662/562 1609/659/562 1624/684/562
f 1602/661/563 1617/686/563 1618/687/563
f 1630/679/579 1629/677/579 1644/688/579
f 1622/678/580 1637/705/580 1638/690/580
f 1624/684/1045 1623/680/1045 1638/690/1045
f 1616/695/584 1631/719/584 1632/696/584
f 1625/670/585 1624/684/585 1639/694/585
f 1617/686/570 1632/696/570 1633/698/570
f 1626/671/571 1625/670/571 1640/697/571
f 1618/687/572 1633/698/572 1634/700/572
f 1627/673/573 1626/671/573 1641/699/573
f 1619/672/1008 1634/700/1008 1635/702/1008
f 1628/675/575 1627/673/575 1642/701/575
f 1620/674/576 1635/702/576 1636/704/576
f 1629/677/577 1628/675/577 1643/703/577
f 1621/676/578 1636/704/578 1637/705/578
f 1642/701/597 1641/699/597 1656/706/597
f 1634/700/598 1649/723/598 1650/708/598
f 1643/703/599 1642/701/599 1657/707/599
f 1635/702/600 1650/708/600 1651/710/600
f 1644/688/601 1643/703/601 1658/709/601
f 1636/704/586 1651/710/586 1652/712/586
f 1645/689/587 1644/688/587 1659/711/587
f 1637/705/588 1652/712/588 1653/714/588
f 1639/694/591 1638/690/591 1653/714/591
f 1631/719/592 1646/730/592 1647/720/592
f 1640/697/593 1639/694/593 1654/718/593
f 1632/696/594 1647/720/594 1648/722/594
f 1641/699/595 1640/697/595 1655/721/595
f 1633/698/596 1648/722/596 1649/723/596
f 1654/718/1046 1653/714/1046 1668/728/1046
f 1646/730/615 1661/744/615 1662/731/615
f 1655/721/616 1654/718/616 1669/729/616
f 1647/720/617 1662/731/617 1663/733/617
f 1656/706/602 1655/721/602 1670/732/602
f 1648/722/603 1663/733/603 1664/735/603
f 1657/707/604 1656/706/604 1671/734/604
f 1649/723/605 1664/735/605 1665/737/605
f 1658/709/606 1657/707/606 1672/736/606
f 1650/708/607 1665/737/607 1666/739/607
f 1659/711/608 1658/709/608 1673/738/608
f 1651/710/609 1666/739/609 1667/741/609
f 1660/713/610 1659/711/610 1674/740/610
f 1652/712/611 1667/741/611 1668/728/611
f 1664/735/629 1678/182/629 1205/153/629
f 1673/738/630 1672/736/630 1681/152/630
f 1665/737/631 1205/153/631 1679/158/631
f 1674/740/632 1673/738/632 1682/157/632
f 1666/739/633 1679/158/633 1206/162/633
f 1675/727/618 1674/740/618 1683/161/618
f 1667/741/619 1206/162/619 1207/166/619
f 1669/729/622 1668/728/622 1207/166/622
f 1661/744/623 1676/807/623 1677/174/623
f 1670/732/624 1669/729/624 1208/173/624
f 1662/731/625 1677/174/625 1204/179/625
f 1671/734/626 1670/732/626 1680/178/626
f 1663/733/627 1204/179/627 1678/182/627
f 1672/736/628 1671/734/628 1209/150/628
